date,symbol,fiscalYear,period,reportedCurrency,marketCap,enterpriseValue,evToSales,evToOperatingCashFlow,evToFreeCashFlow,evToEBITDA,netDebtToEBITDA,currentRatio,incomeQuality,grahamNumber,grahamNetNet,taxBurden,interestBurden,workingCapital,investedCapital,returnOnAssets,operatingReturnOnAssets,returnOnTangibleAssets,returnOnEquity,returnOnInvestedCapital,returnOnCapitalEmployed,earningsYield,freeCashFlowYield,capexToOperatingCashFlow,capexToDepreciation,capexToRevenue,salesGeneralAndAdministrativeToRevenue,researchAndDevelopementToRevenue,stockBasedCompensationToRevenue,intangiblesToTotalAssets,averageReceivables,averagePayables,averageInventory,daysOfSalesOutstanding,daysOfPayablesOutstanding,daysOfInventoryOutstanding,operatingCycle,cashConversionCycle,freeCashFlowToEquity,freeCashFlowToFirm,tangibleAssetValue,netCurrentAssetValue,sector
1985-10-31,HRL,1985,Q4,USD,398648799.77604,395048799.77604,0.9176511028479443,0.0,0.0,-0.398395320467971,0.003630496167809601,2.129151291512915,0.0,0.5261367482430287,-0.07550561801994697,0.0,0.0,153000000.0,417700000.0,0.024781600998395437,0.0,0.024781600998395437,0.04460847240051348,,-2.3309826046074282,0.03486778339182004,,0.0,0.0,,0.0,0,,0.0,,,,22.53658536585366,0.0,0.0,22.53658536585366,22.53658536585366,,,311600000.0,39200000.0,Consumer Defensive
1986-01-31,HRL,1986,Q1,USD,435732133.08854,,,0.0,0.0,,,0.0,0.0,,,0.0,0.0,,,0.0,0.0,0.0,0.0,0.0,0.0,0.020425392859864056,,0.0,0.0,,0.0,0,,0.0,,,,,0.0,0.0,,,,,,,Consumer Defensive
1986-04-30,HRL,1986,Q2,USD,478125000.0,,,0.0,0.0,,,0.0,0.0,,,0.0,0.0,,,0.0,0.0,0.0,0.0,0.0,0.0,0.010666666666666666,,0.0,0.0,,0.0,0,,0.0,,,,,0.0,0.0,,,,,,,Consumer Defensive
1986-07-31,HRL,1986,Q3,USD,588282000.0,,,0.0,0.0,,,0.0,0.0,,,0.0,0.0,,,0.0,0.0,0.0,0.0,0.0,0.0,0.01529878527644905,,0.0,0.0,,0.0,0,,0.0,,,,,0.0,0.0,,,,,,,Consumer Defensive
1986-10-31,HRL,1986,Q4,USD,562500000.0,545300000.0,0.9875045273451648,0.0,0.0,-0.40883190883190884,0.012895486579697106,2.575903614457831,0.0,0.5848285005024977,-0.023791666666666666,0.0,0.0,196200000.0,451400000.0,0.02753548828459039,0.0,0.02753548828459039,0.047366872609591056,,-2.8983050847457625,0.028622222222222223,,0.0,0.0,,0.0,0,,0.0,,,,19.183266932270914,0.0,0.0,19.183266932270914,19.183266932270914,,,339900000.0,75900000.0,Consumer Defensive
1987-01-31,HRL,1987,Q1,USD,654000000.0,,,0.0,0.0,,,0.0,0.0,,,0.0,0.0,,,0.0,0.0,0.0,0.0,0.0,0.0,0.006880733944954128,,0.0,0.0,,0.0,0,,0.0,,,,,0.0,0.0,,,,,,,Consumer Defensive
1987-04-30,HRL,1987,Q2,USD,657142856.65,,,0.0,0.0,,,0.0,0.0,,,0.0,0.0,,,0.0,0.0,0.0,0.0,0.0,0.0,0.01521739131576087,,0.0,0.0,,0.0,0,,0.0,,,,,0.0,0.0,,,,,,,Consumer Defensive
1987-07-31,HRL,1987,Q3,USD,875750000.0,,,0.0,0.0,,,0.0,0.0,,,0.0,0.0,,,0.0,0.0,0.0,0.0,0.0,0.0,0.012903225806451613,,0.0,0.0,,0.0,0,,0.0,,,,,0.0,0.0,,,,,,,Consumer Defensive
1987-10-31,HRL,1987,Q4,USD,728850000.0,764550000.0,1.030529720986656,0.0,0.0,-0.5150912888230142,-0.024051741561678906,1.6788990825688073,0.0,0.7270318960460227,-0.13902654867256636,0.0,0.0,148000000.0,458600000.0,0.028796561604584527,0.0,0.030861354214647627,0.053872956311980705,,-3.0922916666666667,0.027577690882897715,,0.0,0.0,,0.0,0,,0.06690544412607449,,,,18.414880711686212,0.0,0.0,18.414880711686212,18.414880711686212,,,326400000.0,41100000.0,Consumer Defensive
1988-01-31,HRL,1988,Q1,USD,896700000.0,,,0.0,0.0,,,0.0,0.0,,,0.0,0.0,,,0.0,0.0,0.0,0.0,0.0,0.0,0.01360544217687075,,0.0,0.0,,0.0,0,,0.0,,,,,0.0,0.0,,,,,,,Consumer Defensive
1988-04-30,HRL,1988,Q2,USD,918080000.0,,,0.0,0.0,,,0.0,0.0,,,0.0,0.0,,,0.0,0.0,0.0,0.0,0.0,0.0,0.008278145695364239,,0.0,0.0,,0.0,0,,0.0,,,,,0.0,0.0,,,,,,,Consumer Defensive
1988-07-31,HRL,1988,Q3,USD,661200000.0,,,0.0,0.0,,,0.0,0.0,,,0.0,0.0,,,0.0,0.0,0.0,0.0,0.0,0.0,0.01754385964912281,,0.0,0.0,,0.0,0,,0.0,,,,,0.0,0.0,,,,,,,Consumer Defensive
1988-10-31,HRL,1988,Q4,USD,754000000.0,731800000.0,1.1167404242331755,0.0,0.0,-0.47556537561736417,0.014426826098258383,1.712984054669704,0.0,0.8980716559204268,-0.04905172413793103,0.0,0.0,156500000.0,465100000.0,0.04076433121019108,0.0,0.04357034795763994,0.06878433245760687,,-3.159753593429158,0.03819628647214854,,0.0,0.0,,0.0,0,,0.06440198159943383,,,,21.78238974515489,0.0,0.0,21.78238974515489,21.78238974515489,,,373200000.0,88200000.0,Consumer Defensive
1989-01-31,HRL,1989,Q1,USD,913333333.5,,,0.0,0.0,,,0.0,0.0,,,0.0,0.0,,,0.0,0.0,0.0,0.0,0.0,0.0,0.014999999997262774,,0.0,0.0,,0.0,0,,0.0,,,,,0.0,0.0,,,,,,,Consumer Defensive
1989-04-30,HRL,1989,Q2,USD,761600000.0,733600000.0,1.3938818164544937,0.0,0.0,1.3938818164544937,-0.05320159604788144,2.0324825986078885,0.0,0.5525367634827569,-0.019642857142857142,0.0,0.0,178000000.0,479500000.0,0.014561664190193165,0.0,0.015602611049195988,0.022570244127130355,,1.0513383939272873,0.01286764705882353,,0.0,0.0,,0.0,0,,0.06671619613670134,,,,18.160744822344668,0.0,0.0,18.160744822344668,18.160744822344668,,,389300000.0,111600000.0,Consumer Defensive
1989-07-31,HRL,1989,Q3,USD,1046760000.0,1028860000.0,1.8242198581560283,0.0,0.0,1.8242198581560283,-0.03173758865248227,2.0552818828680897,0.0,0.6613717467601616,-0.014335664335664336,0.0,0.0,192800000.0,490500000.0,0.020614098313391956,0.8253457232750421,0.02203050377445694,0.03214928057553957,,1.1037181996086105,0.01366120218579235,,0.0,0.0,,0.0,0,,0.0642929220123973,112600000.0,0.0,192900000.0,18.98936170212766,0.0,0.0,18.98936170212766,18.98936170212766,,,400200000.0,126600000.0,Consumer Defensive
1989-10-31,HRL,1989,Q4,USD,1041040000.0,983140000.0,1.4062938063224146,0.0,0.0,17.157766143106457,-1.0104712041884816,2.2180851063829787,0.0,1.02272962614038,0.054938811188811186,0.6512096774193549,1.008130081300813,229000000.0,517700000.0,0.04440472917239483,0.069242136373232,0.047284438588786414,0.06859205776173286,0.0592665855143031,0.09121245828698554,0.031026665642050255,,0.0,0.0,,0.0,0,,0.06090184217761892,144250000.0,0.0,183750000.0,21.82091260191675,0.0,27.22772277227723,49.04863537419398,49.04863537419398,,,426600000.0,160500000.0,Consumer Defensive
1990-01-31,HRL,1990,Q1,USD,1100160000.0,1054760000.0,1.6998549556809024,0.0,0.0,33.80641025641026,-1.455128205128205,2.431980906921241,0.0,0.6851522412938602,0.06579861111111111,0.6428571428571429,0.9955555555555555,240000000.0,525600000.0,0.02012578616352201,0.031187192459629913,0.02144452717795979,0.02995631370917412,0.02634180607227411,0.0410658879357547,0.013089005235602096,,0.0,0.0,,0.0,0,,0.061495457721872815,160150000.0,0.0,176600000.0,21.872683319903306,0.0,34.823190789473685,56.69587410937699,56.69587410937699,,,436700000.0,172800000.0,Consumer Defensive
1990-04-30,HRL,1990,Q2,USD,1177599999.36,1129899999.36,1.7847101553625018,0.0,0.0,1.7847101553625018,-0.0753435476228084,2.5559701492537314,0.0,0.6358987245934131,0.07035326090780068,0.0,0.0,250200000.0,533400000.0,0.019236130471145804,0.8836625026170702,0.020483894908713076,0.028169014084507043,,1.1374416097736255,0.011718750006368886,,0.0,0.0,,0.0,0,,0.06091441315862838,141900000.0,0.0,197800000.0,18.906965724214185,0.0,0.0,18.906965724214185,18.906965724214185,,,446200000.0,183500000.0,Consumer Defensive
1990-07-31,HRL,1990,Q3,USD,1341900000.0,1299900000.0,1.9854895371926073,0.0,0.0,1.9854895371926073,-0.06415151978005193,2.628063725490196,0.0,0.5964777567401104,0.07277777777777777,0.0,0.0,265700000.0,547500000.0,0.01727921009325288,0.9051569196737177,0.01837270341207349,0.025296125276048985,,1.156713780918728,0.009389671361502348,,0.0,0.0,,0.0,0,,0.059517279210093255,133700000.0,0.0,218550000.0,18.475637696654957,0.0,0.0,18.475637696654957,18.475637696654957,,,454700000.0,197800000.0,Consumer Defensive
1990-10-31,HRL,1990,Q4,USD,1126211764.56,1050111764.56,1.3588402750517599,0.0,0.0,16.08134402082695,-1.1653905053598774,2.5214914552045573,0.0,1.0698786130531375,0.09042260363865577,0.6357267950963222,1.014209591474245,293800000.0,576400000.0,0.045409056792594445,0.07366217453879367,0.04828411811652035,0.070650058388478,0.05885778418668466,0.09285832096321953,0.032231948859264545,,0.0,0.0,,0.0,0,,0.0595446584938704,164400000.0,0.0,207000000.0,22.639751552795033,0.0,27.421061332451647,50.060812885246676,50.060812885246676,,,466200000.0,201300000.0,Consumer Defensive
1991-01-31,HRL,1991,Q1,USD,1282285714.6000001,1170585714.6000001,1.669403472047918,0.0,0.0,28.832160458128083,-2.751231527093596,2.5704934541792546,0.0,0.8448595643499773,0.12871936271354917,0.6238532110091743,1.0315457413249212,311900000.0,590600000.0,0.024899304284145003,0.03916723296472478,0.026421447998963864,0.03861442362294151,0.03177401476380274,0.05107137103270501,0.01590909090519162,,0.0,0.0,,0.0,0,,0.05761015501037471,183650000.0,0.0,189400000.0,22.191956645750142,0.0,31.798365122615802,53.990321768365945,53.990321768365945,,,481100000.0,219500000.0,Consumer Defensive
1991-04-30,HRL,1991,Q2,USD,1708290910.1200001,1597390910.1200001,2.291809053256815,0.0,0.0,2.291809053256815,-0.15911047345767576,2.780433574207893,0.0,0.7429554321655897,0.13576054208689123,0.0,0.0,320300000.0,599600000.0,0.020511553194118372,0.8559498956158664,0.02175337439391954,0.030826369545032498,,1.107403876707976,0.009717314481778705,,0.0,0.0,,0.0,0,,0.05708637093784752,158150000.0,0.0,204850000.0,18.516499282639888,0.0,0.0,18.516499282639888,18.516499282639888,,,492300000.0,229400000.0,Consumer Defensive
1991-07-31,HRL,1991,Q3,USD,1388088889.16,1271488889.16,1.877013417714792,0.0,0.0,1.877013417714792,-0.17212872748745203,2.766120218579235,0.0,0.6950702701708243,0.15077636715805148,0.0,0.0,323200000.0,603200000.0,0.015688197082975856,0.8336204774796948,0.016621218023633293,0.023577086019524775,,1.070311265602781,0.0092213114736088,,0.0,0.0,,0.0,0,,0.05613433018752298,144150000.0,0.0,215100000.0,19.25155004428698,0.0,0.0,19.25155004428698,19.25155004428698,,,497100000.0,233200000.0,Consumer Defensive
1991-10-31,HRL,1991,Q4,USD,1388088889.16,1243088889.16,1.6343529965290562,0.0,0.0,19.545422785534594,-2.279874213836478,2.72790813779331,0.0,1.2183934694351666,0.23075683589243032,0.6376306620209059,1.030520646319569,346100000.0,623300000.0,0.042717086834733894,0.0665989119387816,0.04510722208528469,0.06273568735001714,0.05374701554867503,0.08484386900228484,0.026367187494850158,,0.0,0.0,,0.0,0,,0.05298786181139122,168700000.0,0.0,195700000.0,22.778069944780434,0.0,26.931297709923665,49.709367654704096,49.709367654704096,,,538000000.0,273000000.0,Consumer Defensive
1992-01-31,HRL,1992,Q1,USD,1650545454.06,1493545454.06,2.376365082036595,0.0,0.0,42.79499868366762,-4.498567335243553,2.9207119741100325,0.0,0.7706785352928576,0.22958455889105428,0.6137184115523465,1.0452830188679245,356100000.0,629100000.0,0.01999529522465302,0.031048623315758642,0.02111801242236025,0.028648466464442197,0.024306587813685825,0.03986161251504212,0.010299625471194096,,0.0,0.0,,0.0,0,,0.053163961420842155,171900000.0,0.0,188050000.0,21.66587112171838,0.0,37.2420223787816,58.90789350049998,58.90789350049998,,,548200000.0,284700000.0,Consumer Defensive
1992-04-30,HRL,1992,Q2,USD,1403076922.1999998,1232676922.1999998,1.8335221213743862,0.0,0.0,30.06529078536585,-4.15609756097561,3.017032967032967,0.0,0.8457106392076625,0.25045312515653323,0.6024096385542169,1.0506329113924051,367100000.0,634500000.0,0.023410979749502518,0.03707832208858903,0.02467003823855927,0.03322811098189068,0.028272901497569062,0.047002826119291984,0.014254385973821275,,0.0,0.0,,0.0,0,,0.051035935853915484,149900000.0,35600000.0,199600000.0,19.879518072289155,12.486360093530788,34.98636009353079,54.86587816581995,42.37951807228916,,,558300000.0,296700000.0,Consumer Defensive
1992-07-31,HRL,1992,Q3,USD,1498763635.2,1337263635.2,1.9923474898688915,477.59415542857147,-431.3753661935484,46.59455174912892,-5.627177700348432,3.0176017601760177,0.1728395061728395,0.8042419568935447,0.2722243790933419,0.7594339622641509,1.0495049504950495,366800000.0,627100000.0,0.018999291951852727,0.023740964917435506,0.019967753937740296,0.02630718954248366,0.023040802099332906,0.030348557692307692,0.010742187508340207,-0.0020683715078170586,2.107142857142857,0.8805970149253731,0.008790226460071514,0.0,0,0.0,0.04850129808827,151000000.0,72600000.0,210100000.0,20.58253873659118,12.714776632302405,37.92096219931271,58.50350093590389,45.788724303601484,158400000.0,16440566.03773585,570900000.0,313200000.0,Consumer Defensive
1992-10-31,HRL,1992,Q4,USD,1557309089.7,1339609089.7,1.5915517282879887,18.375982026063102,20.57771259139785,17.397520645454545,-2.827272727272727,2.92977392977393,1.7357142857142858,1.3328055362829003,0.32812111826717477,0.6086956521739131,1.0117302052785924,401200000.0,658300000.0,0.04600219058050383,0.07748239036582595,0.04814857273873668,0.06518702467794506,0.05885870335780643,0.0967238689547582,0.02696959792875214,0.04180287678956582,0.10699588477366255,0.8863636363636364,0.009266959724367353,0.0,0,0.0,0.04457831325301205,171650000.0,78350000.0,203300000.0,20.294641796364502,11.67529411764706,26.244705882352942,46.53934767871745,34.86405356107039,282800000.0,8113043.478260875,603600000.0,340400000.0,Consumer Defensive
1993-01-31,HRL,1993,Q1,USD,1751846154.3000002,1534446154.3000002,2.249591195279285,91.33608061309525,151.9253618118812,42.86162442178772,-6.072625698324022,3.1480086114101185,0.8704663212435233,0.8979461666687341,0.3423445594968019,0.636963696369637,1.063157894736842,399100000.0,656500000.0,0.021651334978685214,0.03158944801596098,0.022708553947523236,0.029474648747709224,0.025727700321052514,0.04039115646258504,0.01101694914968824,0.005765346446209908,0.39880952380952384,0.9178082191780822,0.009822606655915556,0.0,0,0.0,0.046555979358312766,172100000.0,81350000.0,192050000.0,20.372379416507844,13.698630136986301,33.93835616438356,54.310735580891404,40.6121054439051,227500000.0,20853465.346534654,613300000.0,348300000.0,Consumer Defensive
1993-04-30,HRL,1993,Q2,USD,1641599999.6200001,1438099999.6200001,2.125166247406532,120.84873946386556,-199.73611105833336,34.65301203903615,-4.903614457831325,3.2393351800554018,0.5509259259259259,0.9198604402616734,0.3237905093342108,0.627906976744186,1.039274924471299,404200000.0,671900000.0,0.024128686327077747,0.037053621403783724,0.02528977871443625,0.032574272357110544,0.02908034270355752,0.04631313837973975,0.013157894739887913,-0.004385964913295971,1.6050420168067228,2.2738095238095237,0.02822521058075957,0.0,0,0.0,0.04591152815013405,152750000.0,77350000.0,206600000.0,20.096054381557558,13.056904253253059,37.58011264323169,57.67616702478925,44.61926277153619,196300000.0,4983720.930232558,622000000.0,352600000.0,Consumer Defensive
1993-07-31,HRL,1993,Q3,USD,1533876923.8799999,1387276923.8799999,2.04673491277663,365.07287470526313,-26.076633907518794,36.507287470526315,-3.857894736842105,2.8055420515313565,0.19895287958115182,0.9156372229170311,0.2351145286727149,0.6121794871794872,1.0434782608695652,371400000.0,687000000.0,0.020500160996028766,0.03273304504899009,0.022248107163657542,0.028346690412585338,0.025212350780532602,0.04118457300275482,0.012452107273174058,-0.03468335638391937,15.0,7.037037037037037,0.0840956034228386,0.0,0,0.0,0.07856606203713641,161500000.0,79700000.0,220550000.0,22.825317202714665,14.750386996904025,39.375,62.200317202714665,47.44993020581064,93400000.0,2204166.6666666716,600600000.0,319200000.0,Consumer Defensive
1993-10-31,HRL,1993,Q4,USD,1680800000.8799999,1528900000.8799999,1.870442868705652,22.717682033878155,27.01236750671378,21.11740332707182,-2.0980662983425415,2.7296345222369,1.6495098039215685,,-0.1653501308034816,-1.3297546012269938,1.01875,392800000.0,710300000.0,-0.0792794440380395,0.06320051350417222,-0.0849084320830477,-0.15186547556489752,0.0462193649793436,0.0738603577611079,-0.051582579696934396,0.033674440724872974,0.1589895988112927,1.2738095238095237,0.013090286273550281,0.0,0,0.0,0.06629480614484272,195200000.0,91550000.0,217100000.0,24.05798874480059,14.33009708737864,30.305825242718445,54.36381398751904,40.0337169001404,208500000.0,16349079.754601233,498400000.0,97200000.0,Consumer Defensive
1994-01-29,HRL,1994,Q1,USD,1524400001.11,1357400001.11,1.8952806494135714,37.60110806398892,59.01739135260869,33.351351378624074,-4.103194103194103,2.874181478016838,1.7524271844660195,0.8814579638714353,-0.15261529115100828,0.6167664670658682,1.0404984423676011,400700000.0,722400000.0,0.018854109463664653,0.02936602323666636,0.02018025078369906,0.03547442741518857,0.022528679554863873,0.036527082385070554,0.013513513503673578,0.015087903426431664,0.3628808864265928,1.5232558139534884,0.018290980173135997,0.0,0,0.0,0.06571480871316127,201600000.0,92700000.0,214900000.0,23.20999720748394,14.267492711370261,36.35750728862973,59.56750449611367,45.30001178474341,190000000.0,7398203.592814371,508900000.0,102600000.0,Consumer Defensive
1994-04-30,HRL,1994,Q2,USD,1478133332.53,1310433332.53,1.708518034589309,53.053981074089066,168.00427340128203,28.48768114195652,-3.6456521739130436,2.943969610636277,1.0739130434782609,0.9037371463495951,-0.13773097833572337,0.6117021276595744,1.0080428954423593,409400000.0,739300000.0,0.02083144642695408,0.0339600309555242,0.02226740245909575,0.038740104429846725,0.02553608210599007,0.04174594292109681,0.015560165983560345,0.005276925855294379,0.6842105263157895,1.9425287356321839,0.022033898305084745,0.0,0,0.0,0.0644869124173535,186100000.0,86200000.0,222750000.0,22.001303780964797,13.04923599320883,34.196943972835314,56.19824775380011,43.14901176059128,175500000.0,5916489.3617021255,522500000.0,109600000.0,Consumer Defensive
1994-07-29,HRL,1994,Q3,USD,1740307693.6,1563507693.6,2.109712175954662,41.917096343163536,80.59318008247422,39.38306532997481,-4.4534005037783375,2.800090661831369,1.855721393034826,0.8430500390695373,-0.11865717812971002,0.6102719033232629,1.0441640378548895,397100000.0,735800000.0,0.01821132347637937,0.028645009714001718,0.01944738615577164,0.03343817248799868,0.021770897293886374,0.03567409408057619,0.011607142848523691,0.011147454022839585,0.47989276139410186,2.671641791044776,0.024153285656456618,0.0,0,0.0,0.0635593220338983,189150000.0,86300000.0,217650000.0,23.170962083389558,13.72027972027972,33.27797202797203,56.44893411136158,42.72865439108186,196200000.0,20445619.33534743,533600000.0,112600000.0,Consumer Defensive
1994-10-31,HRL,1994,Q4,USD,1877616000.0,1639716000.0,1.9508816180844735,16.23481188118812,19.63731736526946,16.613130699088146,-2.4103343465045595,2.6734616836542093,1.860036832412523,1.464668702404683,-0.012426662320730118,0.6234213547646383,1.0116144018583042,443300000.0,793500000.0,0.04537478064677864,0.07467799991326597,0.0485949525684625,0.0821358342157011,0.05758053920321322,0.09240180296200902,0.028919651302502746,0.044471286993719696,0.17326732673267325,1.3888888888888888,0.02082093991671624,0.0,0,0.0,0.06626556363332498,215250000.0,100050000.0,205350000.0,25.666864961332543,16.997323519571765,29.98996319839411,55.65682815972666,38.65950464015489,321400000.0,2576578.6452353597,581800000.0,172600000.0,Consumer Defensive
1995-01-28,HRL,1995,Q1,USD,1932434781.52,1704634781.52,2.3328791316819486,64.81501070418251,189.40386461333333,26.844642228661417,-3.58740157480315,2.8324435318275154,0.7408450704225352,1.197742264974638,-0.012188380288556833,0.6152512998266898,1.0587155963302752,446200000.0,804600000.0,0.02972452482625806,0.04558762024257633,0.03184713375796178,0.051855097867367805,0.035207051491552496,0.05732015145140934,0.018370607039103634,0.00465733699582909,0.6577946768060836,1.9222222222222223,0.023675927193102506,0.0,0,0.0,0.06664992045549695,215500000.0,104350000.0,209800000.0,23.562337484603805,16.593533487297922,38.17551963048499,61.7378571150888,45.14432362779088,236800000.0,22331195.840554595,605000000.0,180000000.0,Consumer Defensive
1995-04-29,HRL,1995,Q2,USD,2043952941.78,1846752941.78,2.4689210451604278,659.5546220642857,-84.32661834611872,38.63499878200837,-4.125523012552302,3.148772267693789,0.11067193675889328,1.0573254899798172,-0.011461614169844012,0.6180048661800487,1.0703125,446300000.0,821500000.0,0.021677903900315782,0.03245984784446323,0.02327072835547412,0.036353227422355805,0.024584467897351983,0.03983402489626556,0.012426900581125961,-0.010714532390813328,8.821428571428571,2.627659574468085,0.03302139037433155,0.0,0,0.0,0.06844755483485535,189950000.0,93750000.0,218600000.0,22.692513368983956,14.822198275862068,35.04310344827586,57.73561681725981,42.913418541397746,175300000.0,8331386.861313868,618500000.0,181000000.0,Consumer Defensive
1995-07-29,HRL,1995,Q3,USD,1848000000.0,1667400000.0,2.276624795193883,59.12765957446808,-287.48275862068965,40.56934306569343,-4.394160583941606,2.9621695533272563,1.3364928909952607,0.9641803513866066,-0.04558333333333333,0.6231454005934718,1.0664556962025316,430500000.0,827500000.0,0.01760858628207278,0.026730956308421098,0.018889988306197716,0.02964845404489623,0.020190089878759056,0.03247020139745171,0.011363636363636364,-0.0031385281385281384,1.2056737588652482,3.6559139784946235,0.04642271982523211,0.0,0,0.0,0.06783498239141372,188800000.0,96300000.0,223900000.0,23.225013653741126,16.397616468039004,37.54062838569881,60.76564203943994,44.368025571400935,174800000.0,10791394.658753708,627400000.0,165600000.0,Consumer Defensive
1995-10-31,HRL,1995,Q4,USD,1771488000.0,1601088000.0,1.9172410489761704,46.95272727272727,238.96835820895524,23.407719298245613,-2.491228070175439,3.027089072543618,0.8857142857142857,1.2945875834073952,-0.038042594700048775,0.6199677938808373,1.0543293718166384,441500000.0,856300000.0,0.031456818367513684,0.04874818953031244,0.03370688145683768,0.05259562841530055,0.036219106387206226,0.05854288838087665,0.021733141855886123,0.0037821311801152476,0.8035190615835777,2.8842105263157896,0.03281044186324991,0.0,0,0.0,0.06675381975651605,210200000.0,99200000.0,220950000.0,24.938330738833674,13.997447758813207,30.277556229063645,55.21588696789732,41.21843920908411,177100000.0,7616103.059581317,650300000.0,167400000.0,Consumer Defensive
1996-01-27,HRL,1996,Q1,USD,1774285713.0,1579985713.0,2.18109568332413,29.643259155722326,48.023881854103344,42.58721598382749,-5.237196765498652,3.029493087557604,2.57487922705314,0.9935074567651261,-0.04045289858003833,0.6253776435045317,1.2169117647058822,440400000.0,864500000.0,0.016771998055420515,0.0221309141206623,0.01794382801664355,0.02792391744233104,0.01668818983942241,0.026740070782540308,0.011666666675120773,0.018542673121327218,0.3827392120075047,2.0606060606060606,0.02816123688569851,0.0,0,0.0,0.06530546102738616,210550000.0,96450000.0,218750000.0,23.568470458310326,15.988826815642458,37.977653631284916,61.54612408959524,45.557297273952784,227200000.0,7610271.903323263,660700000.0,164500000.0,Consumer Defensive
1996-04-27,HRL,1996,Q2,USD,2045750000.0,1910150000.0,2.5581224052497658,-1469.3461538461538,-51.210455764075064,41.525,-2.9478260869565216,3.0029311187103076,-0.053061224489795916,1.0488711132664956,-0.09073469387755102,0.6464379947229552,1.061624649859944,410000000.0,859800000.0,0.020055664702030126,0.02907402882970926,0.021453590192644482,0.03272338720448778,0.022645310972043472,0.03510669682367981,0.011976047904191617,-0.01823292191127948,-27.692307692307693,3.495145631067961,0.04821213338690237,0.0,0,0.0,0.06516044531761624,189900000.0,97450000.0,234650000.0,22.91281639212535,16.051263667323894,39.152177809643305,62.064994201768656,46.01373053444476,98300000.0,27777836.4116095,669100000.0,141800000.0,Consumer Defensive
1996-07-27,HRL,1996,Q3,USD,1535999999.04,1443399999.04,1.9247899707160954,-962.2666660266666,-49.9446366449827,89.65217385341614,-5.751552795031056,2.7038512616201857,-0.375,0.4820792371752807,-0.19767187512354492,0.5970149253731343,1.2641509433962264,384900000.0,850500000.0,0.003251768148930981,0.004323530611412489,0.0034728251432540372,0.005445881552076242,0.0031437447635147657,0.005277833100975901,0.002604166668294271,-0.018815104178426106,-18.266666666666666,2.537037037037037,0.03653820509401254,0.0,0,0.0,0.06365336151532396,185700000.0,103800000.0,265450000.0,21.75890118682491,16.403641881638848,43.7329286798179,65.49182986664282,49.08818798500397,63700000.0,11664179.104477614,656200000.0,115200000.0,Consumer Defensive
1996-10-26,HRL,1996,Q4,USD,1776288461.3100002,1717288461.3100002,1.9563550482000458,29.156001040916813,86.73174047020203,26.33878008144172,-0.9049079754601227,2.71509009009009,1.9503311258278146,1.2216264368536722,-0.25627974279823534,0.6304801670146137,0.8953271028037383,456900000.0,1002600000.0,0.02102917624120883,0.04013202310404321,0.023020047259699673,0.03844195519348269,0.028775540808123053,0.04573822347610498,0.01700174304894584,0.011146838157918134,0.6638370118845501,3.341880341880342,0.04454317612212349,0.0,0,0.0,0.0864842281178191,206100000.0,114550000.0,279650000.0,23.67395762132604,16.312162971839424,36.54733373277411,60.22129135410015,43.90912838226073,78800000.0,-65669311.064718165,661400000.0,72800000.0,Consumer Defensive
1997-01-25,HRL,1997,Q1,USD,1836000000.0,1880300000.0,2.3204985807725533,66.20774647887323,166.39823008849558,41.325274725274724,0.9736263736263736,2.9124087591240877,1.3523809523809525,1.012712940571019,-0.40608333333333335,0.6344410876132931,1.0,445400000.0,992900000.0,0.014327625025585045,0.02281342614928665,0.01563430613460393,0.026874840030714102,0.016998542982030112,0.026849448410123298,0.011437908496732027,0.0061546840958605666,0.602112676056338,1.3790322580645162,0.021103295075897817,0.0,0,0.0,0.08357781264924609,220650000.0,111600000.0,268800000.0,23.369122547204736,14.970703125,39.0380859375,62.40720848470474,47.43650535970474,-33000000.0,27800000.0,658900000.0,-6000000.0,Consumer Defensive
1997-04-26,HRL,1997,Q2,USD,1880635293.02,1967335293.02,2.4637887201252346,133.8323328585034,-97.39283628811881,36.230852541804786,1.5966850828729282,3.1357533565390354,0.5719844357976653,1.1116757161345987,-0.4363691636788147,0.628361858190709,0.9879227053140096,429500000.0,1014700000.0,0.017883237074664254,0.028524183546920216,0.019757072570725707,0.03288547664747281,0.021002891110201323,0.03349514563106796,0.013665594863281495,-0.010741051215497517,2.3741496598639458,2.705426356589147,0.04370695053224796,0.0,0,0.0,0.0948437826177719,204250000.0,97550000.0,270900000.0,22.328115216030056,14.03087766403759,41.57912401409632,63.90723923012638,49.87636156608879,-106900000.0,19914180.929095358,645200000.0,-25000000.0,Consumer Defensive
1997-07-26,HRL,1997,Q3,USD,2153666667.85,2242466667.85,2.876063444722329,41.146177391743116,116.18998279015544,54.56123279440389,2.1605839416058394,2.759104870557262,3.0110497237569063,0.9281783820707041,-0.4728296700698738,0.6453900709219859,1.0,400900000.0,1007700000.0,0.01247344253306833,0.019473793246322767,0.013736885802702091,0.023505101381893323,0.014730878186968836,0.02290448343079922,0.00845070422070887,0.008961461069213252,0.6458715596330276,2.7286821705426356,0.0451455688085161,0.0,0,0.0,0.0919745048317456,202850000.0,94650000.0,272300000.0,23.963062716429395,14.542406972846129,40.62520952061683,64.58827223704623,50.045865264200096,-69500000.0,24500000.0,640100000.0,-56000000.0,Consumer Defensive
1997-10-26,HRL,1997,Q4,USD,2200268000.0,2256168000.0,2.5986731167933654,34.763759630200305,63.19798319327731,28.06179104477612,0.695273631840796,2.5763622409823483,1.4519015659955257,1.461483085891472,-0.4413439635535307,0.6497093023255814,1.0471841704718416,410800000.0,1031200000.0,0.029244357212953875,0.043981791404471816,0.03200171821305842,0.055721765145848916,0.03354491250514004,0.05181796671661803,0.020315706995693253,0.016225296191191254,0.44992295839753466,1.9863945578231292,0.03363280350149735,0.0,0,0.0,0.08616290480863592,220800000.0,108400000.0,267300000.0,24.25708362128542,16.989651928504234,37.43650047036689,61.69358409165231,44.70393216314808,-20200000.0,18285901.1627907,670500000.0,-54900000.0,Consumer Defensive
1998-01-24,HRL,1998,Q1,USD,2445677420.4,2495177420.4,3.061943085531967,137.8551060994475,437.75042463157894,41.448129906976746,0.8222591362126246,2.7349532710280373,0.38675213675213677,1.5498136900636197,-0.4056330126471654,0.6215139442231076,1.6334056399132322,464100000.0,1061300000.0,0.029750174814061406,0.029726592726334794,0.03242569112450634,0.05626352488578985,0.021818300966102086,0.0353094362745098,0.01913580246095811,0.002330642607424385,0.6850828729281768,0.8794326241134752,0.015216590992759849,0.0,0,0.0,0.08251223698429852,252700000.0,113100000.0,260750000.0,29.974229966867103,16.108949416342412,39.00862798172898,68.98285794859608,52.873908532253665,-43800000.0,-22948207.171314746,702000000.0,-9700000.0,Consumer Defensive
1998-04-25,HRL,1998,Q2,USD,2407911109.28,2451111109.28,3.1493140296543753,23.705136453384917,28.501291968372094,47.0462784890595,0.8291746641074856,2.8579782790309105,3.931558935361217,1.1887516426607854,-0.48165399276171406,0.650990099009901,1.0659630606860158,444800000.0,1044700000.0,0.017174949389407692,0.024416956577760596,0.018738867117919486,0.03224224592374648,0.019013967904188692,0.0293366359625358,0.010922330105393334,0.035715604146913556,0.16827852998065765,1.2253521126760563,0.022356417833740202,0.0,0,0.0,0.0834584993143081,231000000.0,108550000.0,249250000.0,22.040344340228703,17.773243435060326,38.69233498935415,60.73267932958285,42.95943589452253,42800000.0,40772524.75247525,687900000.0,-31400000.0,Consumer Defensive
1998-07-25,HRL,1998,Q3,USD,2646000000.0,2717200000.0,3.5951309870336066,164.6787878787879,1086.88,55.90946502057613,1.4650205761316872,2.72970745776679,0.7857142857142857,1.01530167930522,-0.49220833333333336,0.6194690265486725,1.0059347181008902,419800000.0,1016500000.0,0.013922959623417093,0.022173970259244637,0.015190972222222222,0.026737967914438502,0.016458614155384948,0.026627686472819215,0.007936507936507938,0.000944822373393802,0.8484848484848485,0.9395973154362416,0.018523418893887273,0.0,0,0.0,0.083471457932772,199650000.0,108950000.0,250500000.0,24.851812648848902,17.56499450750641,42.62724276821677,67.47905541706567,49.914060909559254,-68700000.0,46776106.194690265,659500000.0,-60400000.0,Consumer Defensive
1998-10-31,HRL,1998,Q4,USD,2405777000.0,2412877000.0,2.6456984649122806,26.515131868131867,40.89622033898305,29.17626360338573,0.08585247883917775,2.6798655211057154,2.0132743362831858,1.538597077797683,-0.36825410252072405,0.6676514032496307,1.0320121951219512,449700000.0,1041800000.0,0.02905071019988431,0.04281704849552901,0.031157372303026124,0.055576048198696666,0.03383908835136813,0.05092376960099364,0.01878810878980055,0.024524301296421074,0.3516483516483517,1.871345029239766,0.03508771929824561,0.0,0,0.0,0.06761359984574844,215800000.0,113200000.0,249100000.0,21.996710526315788,16.867959949937422,33.72183979974969,55.718550326065476,38.85059037612805,51900000.0,-1002067.9468242303,708100000.0,-25200000.0,Consumer Defensive
1999-01-30,HRL,1999,Q1,USD,2573241378.4,2593841378.4,3.2463596725907387,52.40083592727273,69.35404755080214,34.492571521276595,0.27393617021276595,2.6769673014732303,1.1674528301886793,1.532233668513927,-0.4734301298844682,0.6453576864535768,1.123076923076923,466700000.0,1053600000.0,0.02631578947368421,0.03694231315714692,0.028122305498441334,0.0503742426042533,0.028063201261825793,0.04388926401080351,0.016477272733101952,0.014534198118349361,0.24444444444444444,0.7245508982035929,0.015143929912390488,0.0,0,0.0,0.06423783515392255,216000000.0,113600000.0,242550000.0,23.5531914893617,17.883441258094354,40.895467160037,64.44865864939871,46.56521739130436,16800000.0,25353424.65753424,738200000.0,-24500000.0,Consumer Defensive
1999-05-01,HRL,1999,Q2,USD,2653854544.62,2693054544.62,3.4041897922133737,72.98250798428184,133.98281316517412,41.30451755552147,0.6012269938650306,2.8065141527723925,1.1603773584905661,1.3419664011767738,-0.47575864794835176,0.6570247933884298,0.9758064516129032,465900000.0,1053600000.0,0.020022667170381564,0.031005813590048135,0.021393972012917116,0.03779415260280485,0.02424734356552538,0.0372848229722619,0.011982570809868321,0.007573889096803562,0.45528455284552843,1.0769230769230769,0.02123625331816458,0.0,0,0.0,0.06409772069008941,204300000.0,105150000.0,251600000.0,22.696245733788395,16.884229717411124,42.26800364630812,64.9642493800965,48.08001966268538,-19100000.0,32188429.75206612,739600000.0,-23000000.0,Consumer Defensive
1999-07-31,HRL,1999,Q3,USD,2779580953.3199997,2817180953.3199997,3.4490462210088144,49.33766993555166,86.95002942345678,47.58751610337837,0.6351351351351351,2.496769806188371,1.929054054054054,1.3259024323886646,-0.4232369086407983,0.6519823788546255,1.0460829493087558,440200000.0,1036200000.0,0.01837254050027931,0.027130934892007626,0.019589675711449372,0.0352758908354189,0.02119553201669719,0.032953682611996965,0.01064908721749767,0.011656433305639343,0.43257443082311736,1.5632911392405062,0.03023996082272282,0.0,0,0.0,0.062131462975606726,210600000.0,110450000.0,259900000.0,24.428256611165523,18.310344827586206,40.686206896551724,65.11446350771725,46.80411868013104,-5200000.0,45096035.24229075,739000000.0,-37700000.0,Consumer Defensive
1999-10-30,HRL,1999,Q4,USD,3125766196.6299996,3163366196.6299996,3.3267075366810386,32.95173121489583,44.870442505390066,29.84307732669811,0.35471698113207545,2.076024909185262,1.610738255033557,1.831346321197745,-0.45045043724576006,0.6492374727668845,1.0268456375838926,414700000.0,1018800000.0,0.035358329378262936,0.05423605423605424,0.03755276920168862,0.07085958863393176,0.043269591520321664,0.06875865251499769,0.0190673250175451,0.02255447002914312,0.265625,1.536144578313253,0.02681669996845094,0.0,0,0.0,0.058436165163739916,243900000.0,140300000.0,266200000.0,25.185613629193394,22.653250773993808,37.643962848297214,62.829576477490605,40.1763257034968,32900000.0,74641830.06535947,742600000.0,-44400000.0,Consumer Defensive
2000-01-29,HRL,2000,Q1,USD,2712774192.0,2778774192.0,3.074205323597743,60.804686914660834,118.75103384615385,33.560074782608694,0.7971014492753623,2.11095776980403,1.04337899543379,1.6163906560551988,-0.5146318496088081,0.6394160583941606,1.0269865067466266,402500000.0,1012200000.0,0.026326861814028973,0.03982921804556176,0.027956851981872727,0.05172413793103448,0.03181103236733834,0.0512524973105886,0.01614583334254899,0.008625856169306995,0.487964989059081,1.3850931677018634,0.02467087067153446,0.0,0,0.0,0.05830378072969886,249350000.0,163650000.0,268700000.0,23.159641553269164,23.72818953097487,38.49527773331199,61.65491928658115,37.926729755606274,-42600000.0,48649051.094890505,749800000.0,-52100000.0,Consumer Defensive
2000-04-29,HRL,2000,Q2,USD,2125042153.26,2213069153.26,2.517646470297137,-330.60489292799525,-68.17624698130065,30.49564769546645,1.2129943502824858,2.1884279990572706,-0.18439755385378215,1.4916367213885902,-0.5377278025977072,0.640032483581668,1.0112471882029492,393315000.0,1010825000.0,0.022216094320660833,0.03399340935434734,0.02359793298405737,0.04272510108527461,0.026760164375750482,0.04305702245938662,0.01706036745877403,-0.01527546168917261,-3.8492680011951,1.5563541918337762,0.029313226161317735,0.0,0,0.0,0.05855761453048018,241996500.0,147920000.0,279597500.0,25.739224115865,18.950593199520238,42.19519949133683,67.93442360720184,48.983830407681594,-120488000.0,35824779.53534355,752982000.0,-59070000.0,Consumer Defensive
2000-07-29,HRL,2000,Q3,USD,2280932573.19,2375264573.19,2.680840136103791,65.72943446301575,199.70275543887675,37.74934956279203,1.4991894726804615,2.1730595760708216,1.2402869302580999,1.3448679728438673,-0.5477633335967643,0.6403094301474628,0.9833808782849239,370627000.0,994110000.0,0.018109604877957822,0.028556352696135153,0.01923455248109619,0.03428797378975315,0.022265874745077192,0.03578872955114814,0.01277372261787284,0.0052145338006925985,0.6708636577469076,1.456036036036036,0.027361839246513885,0.0,0,0.0,0.058485769515249836,252019500.0,133718500.0,296087000.0,25.663380416810096,18.87250203468112,41.56458900979878,67.22796942660888,48.35546739192776,-82438000.0,44723397.95178339,755648000.0,-72550000.0,Consumer Defensive
2000-10-28,HRL,2000,Q4,USD,2303250247.2000003,2386971247.2000003,2.37230801138165,31.341122716350892,49.37267296570555,21.664287957887097,0.7598565982937012,2.0754731849689896,1.248970957214779,1.9967087751454422,-0.5287303893619224,0.6508731107505764,1.0009401709401708,368484000.0,1002665000.0,0.037138385081062646,0.05758564788468105,0.039358862150069576,0.0697798431587054,0.04554030349844137,0.07203795846272844,0.026475195248163132,0.020990337484506055,0.36521316684392274,1.6776236429433051,0.027644131622441687,0.0,0,0.0,0.05641619060379795,280189000.0,145595000.0,290791500.0,27.52574338016719,19.58126148296728,35.57452761811654,63.10027099828373,43.519009515316455,-35375000.0,51829723.166253954,781245000.0,-56954000.0,Consumer Defensive
2001-01-27,HRL,2001,Q1,USD,2632727419.0,2681024419.0,2.8295981279017366,32.065834457600765,45.94571598231423,32.50278130834323,0.5855175423708265,2.1369739231754696,2.013146489453915,1.6511395025527582,-0.5306906451525812,0.6375120880470321,0.9931702111441421,382511000.0,1026418000.0,0.02501742340778364,0.03972970836716319,0.02651592538868572,0.04634000747563445,0.03067376517854816,0.04955450428875556,0.01577527536662921,0.022164087166366843,0.3020930510704461,1.4953525546148836,0.0266577167324719,0.0,0,0.0,0.056513282449553434,282261500.0,147452500.0,279262000.0,24.391937460223982,18.517982947281176,36.651882941109044,61.04382040133302,42.525837454051846,10055000.0,19423605.415445067,802426000.0,-44938000.0,Consumer Defensive
2001-04-28,HRL,2001,Q2,USD,2844818283.52,3269051283.52,3.209968601441861,37.3986258425141,45.01399396224337,37.78027093565089,4.902840698964497,1.9187020854625016,2.2474160538900603,1.6192693503441302,-1.2100741126215413,0.6373349064333235,0.9410621761658031,347884000.0,1428516000.0,0.0189589030412042,0.034943298237181515,0.02333495323289956,0.042047522110786904,0.024190691981047847,0.03876565394623812,0.013671875010545488,0.025528168326498818,0.1691777922687076,0.6821033210332104,0.014520731417528961,0.0,0,0.0,0.18753198894462073,277572000.0,145925500.0,299554500.0,26.366468775714203,18.162101169694015,38.51445803468546,64.88092681039967,46.71882564070566,-351610000.0,82848894.01238817,540281000.0,-399936000.0,Consumer Defensive
2001-07-28,HRL,2001,Q3,USD,3486404800.0,3863152800.0,3.954190119112323,51.107341015227085,65.00341241797072,47.48571428571429,4.630970818890282,2.0242944337341564,2.2759544742864026,1.5160964707544569,-1.1335511384105483,0.6523156695604353,0.9014039622541296,409643000.0,1475023000.0,0.015654245363280587,0.027070128180888633,0.019129969979102875,0.03503342267847668,0.02093130369987676,0.03280710008305889,0.009526145673044047,0.017046213337016974,0.21377449099736734,0.6497125165855816,0.0165397957167876,0.0,0,0.0,0.18169001935805904,301956000.0,150494500.0,326360000.0,28.148369920683905,17.512011908194186,38.83181502117983,66.98018494186374,49.46817303366956,-317318000.0,-16202254.036217935,562536000.0,-364018000.0,Consumer Defensive
2001-10-27,HRL,2001,Q4,USD,3174375153.7999997,3489540153.7999997,3.1192201045478676,47.2645286983611,65.95736124069103,24.90198566912389,2.249074080681648,2.1020340168918357,1.073063674549075,2.2686547682860447,-1.0449322431311427,0.6374957146960446,0.9519050979008643,463078000.0,1521686000.0,0.03181350331854008,0.05292819472048493,0.038566271678568624,0.0690875717078647,0.040571477720675625,0.06506761855844637,0.02167450180475263,0.01666658710350192,0.28340782879588244,0.782176367238608,0.01870348486934198,0.0,0,0.0,0.1750951820365118,306837000.0,160163500.0,342922500.0,24.78752540845715,19.503423812110004,40.46068597775187,65.24821138620902,45.74478757409902,-262259000.0,24671264.13223754,617203000.0,-283536000.0,Consumer Defensive
2002-01-26,HRL,2002,Q1,USD,3584860720.0,3869123720.0,3.935980281053983,57.889815668202765,69.44492003948668,36.770353911655135,2.7015034592868545,2.2735168950441373,1.3274016404838036,1.9525589578779756,-0.9665693274130884,0.6350553691698408,0.9375857338820301,503639000.0,1540578000.0,0.023157391246358013,0.038996604329312956,0.027866019959090063,0.04858596892103658,0.029502392885560585,0.04753927313775843,0.014045455021192567,0.015541747462925143,0.1663923633969717,0.5382865440464666,0.011313165427959317,0.0,0,0.0,0.1689738512943276,284244000.0,166463500.0,357629000.0,23.838490601354607,19.758755201815514,43.99379989738885,67.83229049874345,48.07353529692793,-228548000.0,22680822.238478422,668929000.0,-238857000.0,Consumer Defensive
2002-04-27,HRL,2002,Q2,USD,3470475000.0,3674954000.0,3.8496229417353582,37.47811454678959,43.549332827720235,48.2587753279668,2.6851781329201194,2.0967288060164435,2.994990836896762,1.5873939672893893,-0.8912973008017634,0.6349637329816532,0.9289948291083365,487950000.0,1517688000.0,0.014855348651493702,0.02535416830831743,0.01783059302787868,0.031042208491001647,0.019185306964044524,0.031553616076352216,0.009433867121935759,0.02431540351104676,0.13941013298523292,0.6620495931809376,0.014319729066954947,0.0,0,0.0,0.16686177356709864,251631500.0,154652000.0,353254500.0,22.8991009053798,18.177395732099594,42.66921718658034,65.56831809196014,47.39092235986054,-120093000.0,57909392.071680695,686943000.0,-216363000.0,Consumer Defensive
2002-07-27,HRL,2002,Q3,USD,3087000960.0,3265859960.0,3.4974693770896295,51.18421402375952,64.59885987815491,39.134122919487616,2.1432303212586725,2.292824924740493,1.667651133007501,1.7339092458795509,-0.8312607165499554,0.6512067263505463,0.9403498663593732,513629000.0,1534901000.0,0.017553719584594236,0.028506888902474967,0.021113291424232523,0.035540086516391574,0.02250638050779159,0.03505520770214771,0.012394230029653116,0.016377060018795717,0.20766072156223553,0.6317947739843601,0.014189668208075153,0.0,0,0.0,0.1685938856294491,246954500.0,148413500.0,349014000.0,24.193876917211583,19.003080761788368,44.7681790406355,68.96205595784708,49.95897519605872,-128303000.0,22731047.469108485,709083000.0,-192172000.0,Consumer Defensive
2002-10-26,HRL,2002,Q4,USD,3456186240.0,3570091240.0,3.4364312466611158,36.36901113454153,49.764998675755166,26.12389316552027,0.8334918776525684,2.346120928236502,1.4442106811828748,2.3578948634597197,-0.7419783489445291,0.6512532577035106,0.902041451314584,552059000.0,1571033000.0,0.03061441422288843,0.05259363505284728,0.036663250445007824,0.06094570300065904,0.0413131738894359,0.06392075510266093,0.0196661855814807,0.020756693944826307,0.2691849271110296,1.2608073289436015,0.025434716694179873,0.0,0,0.0,0.16498363207572664,263239500.0,161671500.0,353650500.0,23.86323930714846,20.26266198113976,41.39813053167452,65.26136983882299,44.99870785768323,-42166000.0,31455304.422811583,748959000.0,-142771000.0,Consumer Defensive
2003-01-25,HRL,2003,Q1,USD,3011344640.0,3300798640.0,3.2410021503264765,139.1567723440135,319.1644401469735,33.827629871793555,2.9664162661282885,2.1274648311870767,0.5053259480187473,1.9928923117623332,-1.0341844366242983,0.6529874104472422,0.9327113959855199,430147000.0,1549243000.0,0.021040373401633117,0.03462974133621798,0.026174872011344302,0.04073595481728267,0.027010135946224565,0.04167279467425675,0.015587720972382622,0.00343434619293526,0.5639966273187184,0.6523944211450308,0.013135647307182483,0.0,0,0.0,0.1961613645134873,263278000.0,172474500.0,362586000.0,22.189248367617456,20.069699915827663,43.401684751756854,65.59093311937431,45.52123320354665,-279112000.0,179366392.7105794,714673000.0,-266986000.0,Consumer Defensive
2003-04-26,HRL,2003,Q2,USD,3011148800.0,3276000800.0,3.2674987682051304,55.802558468325756,78.2104423806909,39.95074206412117,3.229863050450604,2.1557565938694836,1.736842105263158,1.7102815421071582,-1.0097164510767451,0.6465255063981179,0.8759634072783326,445862000.0,1577884000.0,0.014907350032305653,0.02653592847517114,0.018652913217405413,0.028684003285833575,0.020357905081698765,0.031719307196420125,0.011225283851797692,0.013910637694158455,0.2865075714991398,0.753685531209392,0.016776347942653216,0.0,0,0.0,0.20080312074816806,246937500.0,162818000.0,375818500.0,21.793403563926663,18.226862648104962,45.00306220997338,66.79646577390004,48.569603125795076,-222965000.0,28369228.323865272,723090000.0,-257376000.0,Consumer Defensive
2003-07-26,HRL,2003,Q3,USD,3228374160.0,3510406160.0,3.477732859782345,58.6788940893287,79.03472082132565,45.4574505335129,3.65212887185331,2.071077590846398,1.7253770945692615,1.7483795471190937,-1.0197972196940146,0.6475125121386419,0.9666925423790009,427888000.0,1543878000.0,0.015082214227208884,0.024261454145531935,0.01871017282343755,0.028857805831319205,0.01874721574183907,0.02916280587962768,0.0107400810072151,0.013758008768103881,0.2575554961219577,0.7057853511062251,0.015264589184610584,0.0,0,0.0,0.19390299760802077,253632000.0,162920500.0,386609000.0,23.582096206143284,19.68473858615611,45.00126564801178,68.58336185415507,48.89862326799896,-237616000.0,60264660.58489579,755742000.0,-270040000.0,Consumer Defensive
2003-10-25,HRL,2003,Q4,USD,3269874400.0,3581466400.0,3.0613937656906987,32.26575374552924,-42.45204053813785,25.287841387296297,2.2000734318072697,1.8642367474377248,1.577474596745541,2.5410906088234353,-1.1226538930669632,0.6304147217717732,0.9438111988635403,381984000.0,1593312000.0,0.029403026424489193,0.05040947951579415,0.037365881893756954,0.05616910200481347,0.03793279717790109,0.06061202451296197,0.021519175170764966,-0.02580068518839745,1.7600518923593906,8.361037404776171,0.16699476271518215,0.0,0,0.0,0.2131049788121871,277983000.0,183455000.0,397164000.0,22.423896105672284,20.152973947089173,41.49572112042153,63.91961722609381,43.76664327900464,-395957000.0,-51539894.173826575,742749000.0,-316412000.0,Consumer Defensive
2004-01-24,HRL,2004,Q1,USD,3581734080.0,3907013080.0,3.4406865146147227,125.42578105939005,255.0269634464752,36.09283300538573,3.0049145950539957,1.9711762547241298,0.6010496661907151,2.219927438642375,-1.1366210176608087,0.6349980396000784,0.9576645076504271,407558000.0,1614518000.0,0.021447750026485857,0.03543982176959999,0.02720929145904615,0.03989134676591909,0.02694146233884509,0.042681784718013954,0.014469527564704078,0.00427725779128751,0.5081861958266453,0.6875135722041259,0.013940590013676396,0.0,0,0.0,0.21174904319843205,278925000.0,199203500.0,403649500.0,21.11185672279009,21.108124159919978,42.104133454200664,63.21599017699076,42.107866017070776,-309959000.0,35738072.92687708,787512000.0,-289993000.0,Consumer Defensive
2004-04-24,HRL,2004,Q2,USD,4302951040.0,4498728040.0,3.9354577750328703,45.01338816513578,55.20927827207461,42.9083698793457,1.8672993466545853,2.0972300135606097,1.8628170956738923,2.2883681244925005,-0.9514633798854472,0.6369810155888255,1.0338406775500184,496806000.0,1698748000.0,0.021773273226962157,0.03338619720272269,0.02745515656055988,0.04022323667691034,0.025660612998526275,0.04050626114332365,0.01246841981265025,0.01893700375452099,0.18467711272538073,0.7896042780748663,0.016146062510989594,0.0,0,0.0,0.2069514089662819,259766000.0,198474000.0,419339500.0,19.93187983487399,20.11368183344295,44.97299093488849,64.90487076976248,44.79118893631953,-114292000.0,-32435156.65997839,823887000.0,-180657000.0,Consumer Defensive
2004-07-24,HRL,2004,Q3,USD,4037060080.0,4184704080.0,3.6199893598523873,105.49319552283957,250.26637641289398,35.19841263699754,1.2418642599399439,2.1948299337684247,0.7040448680403955,2.372865017879229,-0.8503995108985348,0.6349866450282314,0.929500005237741,543190000.0,1742838000.0,0.0225076699370426,0.038435336625762276,0.028240930327209444,0.041139099558767586,0.029362422391651318,0.04659673162447899,0.013956443273938099,0.004141875441199775,0.5784763537360089,0.9794690114393034,0.019850363192355704,0.0,0,0.0,0.20301244766865872,255696000.0,193304500.0,441496500.0,20.104351301341953,19.244064150662183,44.88633267005609,64.99068397139804,45.74661982073586,-130923000.0,14713460.121040002,861376000.0,-135900000.0,Consumer Defensive
2004-10-30,HRL,2004,Q4,USD,3889558400.0,3977947400.0,2.9571068140729815,32.08798418972332,39.44771868585198,28.392412887385266,0.6308723395143677,2.2167923577522903,1.7749810288790573,2.6801251717113903,-0.7743963273568537,0.6349883172259548,0.9548741633315682,565037000.0,1782216000.0,0.027562700081453277,0.04573489333858488,0.0345581897511462,0.049914668450481973,0.035074806807134935,0.055657561212252404,0.017956537173988697,0.02592607942330934,0.1865693312898282,0.9282417626520046,0.017193521337837196,0.0,0,0.0,0.20242639212492028,265483500.0,197902500.0,437027500.0,18.247195989342977,17.850592497179278,37.326006933415435,55.57320292275841,37.722610425579134,12452000.0,53084669.27294052,886306000.0,-105317000.0,Consumer Defensive
2005-01-30,HRL,2005,Q1,USD,4350894720.0,4582944720.0,3.6045563778136605,57.33195791685953,83.06047411918226,35.04825383715328,1.7746116961479341,1.9313792934008156,1.239833111021497,2.630474266733771,-1.0168293959546786,0.6309844579818806,0.9792640605730347,454908000.0,1824892000.0,0.024807285165755484,0.04070575159766602,0.03147956845331592,0.04455724371467315,0.030824763289659312,0.04941048096817164,0.014855105480465406,0.012681529559051247,0.30975643319113805,0.9465214067278287,0.01947490662096488,0.0,0,0.0,0.2119559960758485,277548500.0,211581000.0,449260000.0,19.987171934615404,20.60107592225258,44.36052880922029,64.3477007438357,43.746624821583126,-176874000.0,177269205.65838802,898330000.0,-211511000.0,Consumer Defensive
2005-05-01,HRL,2005,Q2,USD,4326962400.0,4701758400.0,3.5901233700636133,120.52391376791161,339.7960829659608,37.73330444203684,3.0078728782954136,1.670261374602571,0.6988838925813791,2.478779092725291,-1.2069024253596472,0.6274435078909613,0.9387600488236036,377142000.0,1875112000.0,0.020543041190672878,0.035658667204971115,0.026531278689332652,0.03747907711672625,0.026291659872569022,0.043952689671885654,0.012937020206138143,0.0031978553823347297,0.6453051703365718,0.8513646048226183,0.019222120327999286,0.0,0,0.0,0.22570482066766903,285293000.0,214465000.0,491637000.0,19.807343561612875,18.714570806732155,45.63148970240123,65.43883326401411,46.72426245728195,-360959000.0,141790721.2159254,878554000.0,-291512000.0,Consumer Defensive
2005-07-31,HRL,2005,Q3,USD,4295400240.0,4592742240.0,3.389425138060591,32.31117158314631,40.3353319749877,39.137797320789446,2.5338480417220577,1.758237063899925,2.763614799836681,2.4068672362624746,-1.137897838828635,0.6307746676253031,0.9488356497005296,413566000.0,1907552000.0,0.018927334058560577,0.03168166386064552,0.02437945705052937,0.03413911547755981,0.024134099874510862,0.03950315711007498,0.012050565048159517,0.02650835629696757,0.19893626750902274,0.9162400362905839,0.020868311266024658,0.0,0,0.0,0.2236359481127332,278155500.0,212007000.0,509573000.0,17.806041382384482,18.335949392074763,43.45092944423145,61.25697082661593,42.92102143454116,-183478000.0,20714177.904241964,904614000.0,-259570000.0,Consumer Defensive
2005-10-30,HRL,2005,Q4,USD,4380990600.0,4611449600.0,3.120254846715763,27.488701582040797,33.20551859212535,-0.4689939489305113,-0.023438156296140957,1.8266274786855337,2.0525124490719784,3.11151822138138,-1.0620236522534423,0.6193723903274452,-0.013381785657787458,482066000.0,2001428000.0,0.028712902591197798,0.04972287096187561,0.03706923842360153,0.05112370444039957,0.03778655132303155,0.061306324854598505,0.01865628289638421,0.03169967997648751,0.17216466576854755,1.0099307643891182,0.019542488436357336,0.0,0,0.0,0.22542507447585858,284542500.0,234913500.0,521654500.0,18.33002460234331,20.677143176161678,43.32228773542431,61.652312337767626,40.97516916160595,-91583000.0,-6176563790.392615,957044000.0,-182592000.0,Consumer Defensive
2006-01-29,HRL,2006,Q1,USD,4683016080.0,4932832080.0,3.4838033155523602,974.290357495556,-242.14972657208776,36.34886727385268,1.8408347333981785,2.0231633846225328,0.07308447369940528,2.91137547367277,-1.0497129218697878,0.6906879361914258,0.9493790701196426,528513000.0,2041965000.0,0.024420732029738046,0.03717820362357984,0.031525172902440154,0.04187123489197045,0.03129993938284935,0.04553357394249343,0.01479303056332875,-0.004349974386592326,5.023503851471459,0.8461077844311378,0.017962714337472183,0.0,0,0.0,0.22535771317378567,287394000.0,248448000.0,534728500.0,17.402539526940895,20.469378270416524,45.28923606080505,62.69177558774595,42.222397317329424,-270187000.0,31148799.08275175,1015213000.0,-137208000.0,Consumer Defensive
2006-04-30,HRL,2006,Q2,USD,4611576640.0,4887103640.0,3.57939102571145,50.26591555669838,82.8140179282531,36.29863959119403,2.0464585994830506,1.8858947801535166,1.4444791109526356,2.9108625119438685,-1.1084198657056257,0.6624933561684285,0.9676645109673978,499510000.0,2090636000.0,0.022959327252279373,0.036402884756905264,0.030132868814038725,0.0395354055333591,0.028815884407051236,0.044342548329209204,0.01459544213494845,0.012796708069021704,0.39302648495757264,1.2890733056708161,0.027987065540211447,0.0,0,0.0,0.23806367744239618,274710500.0,231349500.0,557790000.0,18.16907814508421,19.233856225081393,50.550603269669374,68.71968141475358,49.485825189672184,-216514000.0,89991164.94419181,1004562000.0,-165787000.0,Consumer Defensive
2006-07-30,HRL,2006,Q3,USD,5202078360.0,5471041360.0,3.8887374315335768,82.77917690492042,248.00731459655486,43.85885555787144,2.1561543024803194,1.8910832642011963,1.109838625715773,2.77062790774246,-1.066178496588429,0.68032627694698,0.9238408848642202,510212000.0,2113014000.0,0.019989050682049866,0.03205961967923124,0.026060292570556347,0.03415653698107169,0.026228029391256166,0.03937038302073543,0.011447539979001777,0.004240612784617877,0.6662228408884585,1.4680758843730204,0.03129731166669273,0.0,0,0.0,0.23296906096004238,283350000.0,226695500.0,580297500.0,18.619697006313196,19.285690580231208,48.11383372974169,66.73353073605489,47.447840155823684,-246903000.0,39719234.41444941,1049416000.0,-152921000.0,Consumer Defensive
2006-10-29,HRL,2006,Q4,USD,4977857920.0,5155792920.0,3.3107064301304368,32.59158324588796,41.459944996622596,29.17426563454879,1.0068524931531655,1.9515276557484094,1.7576329940891515,3.4700470474165854,-0.9861218055817873,0.6378196042859573,0.9710498971228814,556657000.0,2166148000.0,0.029410130882336603,0.048122961436956484,0.038111046419308736,0.04992146039296427,0.03743946339729923,0.05870782113786979,0.018080869612284958,0.024981829935395182,0.2139019178982768,1.077471740168763,0.021728507316145992,0.0,0,0.0,0.22830429375363118,316491000.0,251901000.0,575416000.0,19.760009092607827,20.683702774599467,43.51811183936948,63.27812093197731,42.594418157377845,-53579000.0,43809307.07523103,1104231000.0,-115723000.0,Consumer Defensive
2007-01-28,HRL,2007,Q1,USD,5138232880.0,5379606880.0,3.576668893937369,98.75912175062417,284.9518978759468,35.16657545350547,1.577865664324236,2.1069838923854047,0.7231596415532692,3.245903809289609,-0.955399794958301,0.6521193337258026,0.9478279421659855,582713000.0,2220378000.0,0.024427664601760154,0.03899347320106122,0.031604647571991044,0.04003646201519073,0.030471456260146225,0.04684269534181371,0.014659709234510213,0.003674220386834627,0.6534182699368483,1.144138352245331,0.023664252571167946,0.027864153773428726,0,0.0,0.22708631551365063,334761000.0,254315000.0,577522500.0,19.603000632278935,18.655968744922014,45.927011495257055,65.530012127536,46.87404338261398,-222495000.0,48931174.72382866,1181168000.0,-93074000.0,Consumer Defensive
2007-04-29,HRL,2007,Q2,USD,5245253440.0,5501346440.0,3.6563587724819335,160.3236708049193,-101876.78592592593,38.08530710013292,1.77290789765175,2.208619867118139,0.5046102263202011,3.1089122806516465,-0.9497506225361725,0.6264948130677526,0.9612717530886065,623220000.0,2262161000.0,0.021869239308993656,0.036465187476889344,0.028165729686698143,0.035459868623118763,0.027272341045856074,0.04353282262634986,0.012964292531878117,-1.0295022083813741e-05,1.0015737016961008,1.0899058129578536,0.022841996893520324,0.0,0,0.0,0.22355147364345174,325120000.0,235873500.0,610769000.0,19.298895318812946,18.21226345482178,49.51040423367,68.80929955248294,50.59703609766116,-256147000.0,27398661.81754528,1222570000.0,-52881000.0,Consumer Defensive
2007-07-29,HRL,2007,Q3,USD,4805147120.0,5060716120.0,3.3294075480014866,74.62972261137574,122.92242215205246,39.966484394743496,2.0183298584786455,2.191657011306238,1.1819116673057481,2.866220492391153,-0.9528199960712129,0.6355187806688155,0.9449439495912664,629438000.0,2258512000.0,0.01836441655031666,0.03065276572398426,0.023592029846339707,0.02982655329519627,0.02329841284177893,0.03680253005597094,0.011940113084404375,0.008567895835830308,0.392871363053192,0.8570371561846549,0.01752691602988148,0.0,0,0.0,0.22158387091198561,323078000.0,248137500.0,648324000.0,19.155844882089205,19.69039564641859,49.58121348059207,68.73705836268127,49.046662716262674,-214399000.0,58942828.786317974,1231317000.0,-42964000.0,Consumer Defensive
2007-10-28,HRL,2007,Q4,USD,4950123120.0,5220428120.0,3.1366224230884545,28.94898365237451,34.54057602604225,25.803465486988113,1.3360601042928106,1.8528393732033448,1.7820776345956202,3.8040210295186565,-1.3968287706953035,0.6507189340741313,0.9185134432736379,566948000.0,2291542000.0,0.029818042520589925,0.04777039769592522,0.03839346318583943,0.05368893925719831,0.036193907388866416,0.05704919210238073,0.020442319826582414,0.03053237188977231,0.16188474591309363,0.8843415831086607,0.017540212467712563,0.0,0,0.0,0.22335626832466518,345071500.0,276359500.0,653095500.0,19.82512661121749,20.478856869327444,45.542453641855765,65.36758025307326,44.88872338374581,-119166000.0,176477318.4144867,1126790000.0,-277142000.0,Consumer Defensive
2008-01-27,HRL,2008,Q1,USD,5227395120.0,5433161120.0,3.3513930537607215,36.097620272003084,45.80385034311824,29.523396421216223,1.1181172532589971,2.196026969779154,1.706864290493417,3.641045894451698,-1.2461953598219682,0.6329794488590277,0.9227788486377998,696779000.0,2419833000.0,0.02569932077389692,0.04424059635675675,0.03295671611612981,0.04478805150821469,0.033545457690859815,0.052996124520830704,0.016869013720164316,0.02269160782320966,0.2119086059011514,0.9647610405323654,0.019674123238535252,0.02805081530874402,0,0.0,0.22020990552153175,356052000.0,278173500.0,658281000.0,19.179707185881757,17.981925126122153,45.36292016253235,64.5426273484141,46.56070222229195,-87148000.0,-33105725.585201457,1213254000.0,-183050000.0,Consumer Defensive
2008-04-27,HRL,2008,Q2,USD,5344688800.0,5612532800.0,3.5208513478587076,-158.82429113136,-78.62452090104225,36.10181649771008,1.7228683167807337,2.3520750657639007,-0.4556155799951006,3.467726889477295,-1.2832311724117595,0.6390090379561202,0.974500814914133,747853000.0,2477194000.0,0.022344480846106244,0.03608973450706898,0.02858584451358621,0.03823025198320572,0.02704369699712801,0.042683890141064204,0.014511789722911464,-0.013356062938594293,-1.0200350897051333,1.1661220924589952,0.022612359198135104,0.0,0,0.0,0.21833756440232455,348523500.0,258839000.0,710038500.0,19.848866182710573,18.647659647869105,55.47968902085926,75.32855520356983,56.68089555570073,-339228000.0,23381492.704548642,1270904000.0,-141394000.0,Consumer Defensive
2008-07-27,HRL,2008,Q3,USD,4879491640.0,5194504640.0,3.095390402004121,76.10326769807783,130.17503608660786,41.49827152603576,2.5166008915589497,2.167620578122131,1.3139546075808035,2.8392599582624856,-1.375023542923828,0.6483083105569908,0.8521338707447544,744009000.0,2488906000.0,0.01459955971143196,0.02675413332453204,0.018641667088326413,0.02567991437886364,0.020348032908083125,0.032192254495159056,0.010645986064236806,0.008177901089712699,0.4153774027191749,0.9103811450406191,0.01689487540386928,0.0,0,0.0,0.21683186153590617,364746500.0,274939000.0,772400500.0,20.268612548878462,18.48498650192948,49.33325328342636,69.60186583230482,51.11687933037534,-275109000.0,67596078.7499844,1251351000.0,-154046000.0,Consumer Defensive
2008-10-26,HRL,2008,Q4,USD,3803673840.0,4098895840.0,2.2019174950255493,46.47748455057772,69.95419053145373,23.397794534857834,1.6852205978890646,1.840907898155864,1.3005412101281504,3.248466031541588,-1.3987432345145556,0.5809665784220491,0.8099550337247065,656945000.0,2405146000.0,0.018750599686821766,0.04017176168345182,0.023827385593516628,0.0337776179384849,0.02852304708621402,0.05082747903350618,0.017827764117651055,0.015404580535748565,0.33560113843816264,0.9524376508447305,0.015899440884614226,0.0,0,0.0,0.21306516767312664,394469500.0,338074000.0,789430000.0,19.87142709797197,23.26781261333623,48.22618684162536,68.09761393959734,44.829801326261105,-236628000.0,172263931.68324465,1237028000.0,-170721000.0,Consumer Defensive
2009-01-25,HRL,2009,Q1,USD,4122686360.0,4307949360.0,2.5504618237318883,25.1353600560126,29.533811126726768,26.282086485431208,1.1302589194201766,1.949427780169779,2.105968076871091,3.602374346613135,-1.2424345312069773,0.6488630565123102,0.9438963267333439,714452000.0,2455424000.0,0.022413193387773336,0.03600909665150834,0.028425816871556927,0.03974681751471892,0.02870379053851909,0.04533158150898916,0.019740284099613148,0.03538105673408539,0.1489293424353813,0.8225115199948442,0.015111723144943478,0.0,0,0.0,0.21151981351852958,390570000.0,344381000.0,763243000.0,19.72173116111317,19.708040325500733,47.13179476429148,66.85352592540465,47.14548559990392,-39398000.0,35062468.163987756,1279500000.0,-116536000.0,Consumer Defensive
2009-04-26,HRL,2009,Q2,USD,4028160000.0,4165829000.0,2.6117346052739645,47.57576345903474,61.930678202955434,25.4445279192778,0.8408704999938921,2.136526464077279,1.08928282639796,3.633394805315659,-1.0857406048915634,0.6413202173236638,0.9476943316623948,790636000.0,2520367000.0,0.022121665444794495,0.034048292320269284,0.028028086314720698,0.038178289787396534,0.02633943792498,0.04209409592840018,0.019955761439466157,0.016698939466158247,0.2317900459103264,0.6451161755824671,0.012724421849442303,0.0,0,0.0,0.21073222065910646,357527500.0,293493000.0,745061000.0,19.462327974857104,18.684821137205038,50.514454184342895,69.9767821592,51.291961021994965,-70403000.0,20557115.937866494,1339764000.0,-41956000.0,Consumer Defensive
2009-07-26,HRL,2009,Q3,USD,4822439600.0,4937339600.0,3.1359337923325117,72.424743296368,114.91806163299506,31.344207719654648,0.7294311833417979,2.1776622268638715,0.8834117326905881,3.611535259519865,-1.0634254776358423,0.6486043521016667,0.9447117675083373,800616000.0,2522567000.0,0.020988487052353587,0.032700918596790536,0.02648691803193162,0.03562079631536699,0.02566590681559228,0.03988461390872887,0.01600206667181482,0.008909183642237842,0.3697705802968961,0.7982267257758074,0.01601077208404258,0.0,0,0.0,0.20759044041852406,353671000.0,287039000.0,746422500.0,20.716908869185236,20.36354477078127,51.00008675033254,71.71699561951777,51.3534508487365,-71936000.0,79057425.25025845,1403149000.0,-29876000.0,Consumer Defensive
2009-10-25,HRL,2009,Q4,USD,4861701400.0,4826449400.0,2.881286870889056,21.58085090209931,24.411391259047203,24.45059373036941,-0.1785851790309834,2.298782971231875,2.1529997304478417,4.155303711160893,-1.0113008842953621,0.658806517285775,0.9594783730496799,889704000.0,2603426000.0,0.028135008822999658,0.04401105473968911,0.03543990780083288,0.04893791034425574,0.03552616838163606,0.05392504088757463,0.02136618262898663,0.040667450288082274,0.11595161975452167,0.7842971207355431,0.015480848330430027,0.0,0,0.0,0.20612071055279513,367354500.0,305296000.0,733519000.0,20.002531189145497,20.565362518856116,47.42359808243879,67.42612927158429,46.86076675272817,232965000.0,26306992.59860599,1363312000.0,6999000.0,Consumer Defensive
2010-01-24,HRL,2010,Q1,USD,5156535400.0,5057443400.0,2.927698158033213,44.388848027384036,52.52685728529439,24.435753180427987,-0.4787770149152772,2.4724679382534855,1.01483935903945,4.400656418200078,-0.8285641969024395,0.6558640701117022,0.9627467791663591,965135000.0,2648953000.0,0.02980867892605447,0.04733449759233341,0.037208195860714936,0.050321139068556425,0.03782468072928938,0.05712598504571028,0.02156622448475773,0.01867203316397285,0.15493044279633125,0.5721880064829822,0.010218547949662132,0.0,0,0.0031040026119469946,0.1988679312041841,360493500.0,301151500.0,725801000.0,18.167011780969258,18.461988843626248,46.57771138205612,64.74472316302538,46.28273431939914,195375000.0,54380217.96081576,1470800000.0,102612000.0,Consumer Defensive
2010-04-25,HRL,2010,Q2,USD,5215470720.0,5210289720.0,3.0652693816030525,79.66438420255952,115.01743311258278,30.7063826827989,-0.030533766302650266,2.513551665291916,0.8327879289488763,3.7255939408443517,-0.8546026925063439,0.5876998324351252,0.9527254422551417,985363000.0,2695327000.0,0.020575909838287967,0.03663078825777204,0.025880456369815775,0.03441558872085237,0.0260407345788162,0.0439298753601457,0.014929045560819485,0.00868569730940796,0.30737122150360074,0.6565102380719114,0.011826810732199777,0.0,0,0.002249700255679846,0.20496340774401753,356218000.0,285049500.0,748211000.0,19.259346198512514,17.821878864099936,48.64824933154374,67.90759553005626,50.08571666595632,50481000.0,72721933.18539317,1490244000.0,118109000.0,Consumer Defensive
2010-07-25,HRL,2010,Q3,USD,5855515960.0,5828598960.0,3.3682542643507385,63.15936630401803,83.88283744693099,33.97193558351936,-0.1568854876406852,1.6834597794925947,1.0685470798017693,3.9477325024821694,-0.7920375034721961,0.6350469757719573,0.9539255201385144,694471000.0,2395722000.0,0.022202710722892382,0.03686224957924594,0.027790274413090368,0.037064888084617525,0.02841731010223564,0.04970598268240651,0.014579415474772268,0.011866588781358219,0.24705257682805254,0.7439227330570692,0.01317517803162297,0.0,0,0.001549884972183552,0.20106183937377797,377027000.0,289082000.0,779033000.0,20.300008494895263,18.498259469151925,49.24038557324065,69.54039406813591,51.042134598983985,96402000.0,389275370.08576894,1534634000.0,173278000.0,Consumer Defensive
2010-10-31,HRL,2010,Q4,USD,6079140080.0,5961295080.0,2.889569746379007,27.868239352998923,31.73585681507232,26.087677038204017,-0.5157104721894009,1.6873810970266425,1.7446659271825655,4.805497917173907,-0.7558470029530887,0.6441438567387652,0.9643093361772381,756953000.0,2449601000.0,0.02988417624628816,0.0487781657902626,0.03689742225449256,0.050464518671347054,0.038025956699973024,0.06524458081657328,0.01992847646307239,0.030899271529864138,0.1218690103314478,0.7788067995100528,0.012636212887880452,0.0,0,0.001228285068774754,0.1900741455549915,414888500.0,329198500.0,792323000.0,19.171600730766603,19.036635586681076,41.82472457153295,60.99632530229955,41.95968971561848,305686000.0,72067922.37180716,1636094000.0,210887000.0,Consumer Defensive
2011-01-30,HRL,2011,Q1,USD,6584032000.0,6335219000.0,3.296917917648075,38.31816587230542,42.6341330461994,23.69307034373399,-0.9305351419478135,1.9106295511775597,1.101956210217616,5.478743140431752,-0.4178876237995198,0.6481658108714303,0.97214530674457,929027000.0,2614389000.0,0.03609698691324751,0.05766243448284465,0.04438303742852388,0.0584155279656696,0.04461544682250025,0.07598078475672349,0.022604082118677433,0.02256899723452134,0.10123267123121961,0.5364938936436195,0.008710119600865547,0.0,0,0.0042881869816055514,0.18669408394187847,423070500.0,314550500.0,790525500.0,19.047528099594185,15.575078850288167,45.78531397632263,64.83284207591682,49.25776322562865,397408000.0,-3280075.8848661482,1782254000.0,378266000.0,Consumer Defensive
2011-05-01,HRL,2011,Q2,USD,7855885800.0,7542181800.0,3.849935657293543,68.20134192988326,82.48952008049699,36.644730564233626,-1.524174153017943,2.2737072736237693,0.9989611750465213,4.771987149067199,-0.24472553114252246,0.6540155656886385,0.9588691447048387,1281268000.0,2954099000.0,0.02461665577500378,0.04029756139375919,0.0297437072267445,0.041541578920432254,0.030074619003280848,0.05014191051989548,0.013948649813621273,0.011638662058962211,0.17321204119833253,0.6162334319907348,0.009777743293785071,0.0,0,0.002042836265295111,0.1723743248498175,408328000.0,272465000.0,798834000.0,18.83478191625392,15.274513814800708,44.66823532870248,63.503017244956396,48.22850343015569,405136000.0,-224861418.85310477,1875938000.0,479035000.0,Consumer Defensive
2011-07-31,HRL,2011,Q3,USD,7650070500.0,7402706500.0,3.8745616541888586,170.15369144485817,302.52172047404986,41.68026316530317,-1.3927604204789226,2.8205782616200854,0.4352166780040815,4.547363430582584,-0.26771518216727547,0.6967765215299495,0.9617381482161934,1276158000.0,2937090000.0,0.02373305500455594,0.03414089566426763,0.029097719835059443,0.03702794363146892,0.030111838875125176,0.04257479775651676,0.012873214697825333,0.0031986633325797455,0.4375488438376316,0.6211577367356261,0.009963404012997019,0.0,0,0.0013493200013398989,0.18436718962561774,427368000.0,289347000.0,838131500.0,20.950642523364486,16.82978687783563,48.32080494215734,69.27144746552182,52.44166058768619,271834000.0,120660974.14708006,1901578000.0,494207000.0,Consumer Defensive
2011-10-30,HRL,2011,Q4,USD,7809694200.0,7596564200.0,3.6107093594841575,44.41032773276275,57.862713465259056,35.357524784733535,-0.9919944147079358,2.567806411320687,1.4435545803620407,4.9978359078293275,-0.4497796463016439,0.6504915742019197,0.9821743676883864,1220045000.0,2890065000.0,0.02763859408805645,0.044544146239182646,0.033695336526820205,0.04415786902117081,0.03543901098155362,0.053935067314252905,0.015020946658833325,0.016810645415540088,0.23248798624995615,1.2730648569050516,0.018902057038886866,0.0,0,0.0011450174865891788,0.17975016910553246,465145000.0,345874500.0,875849000.0,20.770004059132145,19.8630839789306,45.09606464721428,65.86606870634643,46.00298472741582,344416000.0,168228583.8171444,1896886000.0,413656000.0,Consumer Defensive
2012-01-29,HRL,2012,Q1,USD,7580529120.0,7281911120.0,3.5705461747078484,47.85693427970557,59.319722052510244,31.89092976201946,-1.3077893298531125,2.790187776192198,1.1764978775718493,5.324646753549852,-0.280160051677237,0.6607774215296255,0.9837284771899981,1297145000.0,2965922000.0,0.0300670164630351,0.0460223719374234,0.036581866938819006,0.046946906246594935,0.03678079023129687,0.055259203521553384,0.01693747203757196,0.01619372448238811,0.19323738170347002,0.9541781599870193,0.01441720002412428,0.0,0,0.003059664937269514,0.17808961162861386,454019000.0,349446000.0,884325500.0,18.645053860399845,16.32455949660112,46.682208891735165,65.32726275213501,49.002703255533895,421375000.0,55784253.776201844,1978611000.0,490543000.0,Consumer Defensive
2012-04-29,HRL,2012,Q2,USD,7660506600.0,7385727600.0,3.6692722142981697,121.33409341065531,218.12544595392794,32.684693918192316,-1.2160030800685049,2.943098827374966,0.4721060999728545,5.384349465390793,-0.20658596032016996,0.6599120715811635,0.9833415365567773,1360107000.0,3027104000.0,0.029640090083512895,0.045367495725371715,0.03596175125379795,0.045665170644058624,0.03584361260979928,0.053874254950970965,0.01669432671724348,0.004420073210301784,0.4437416832317524,0.9348954727952374,0.013419221117822957,0.0,0,0.00242888349357804,0.17578846829984174,439251000.0,313576500.0,897750000.0,20.388775368766517,17.086806275979995,48.973249100314085,69.36202446908061,52.27521819310061,308639000.0,70038245.1520687,2047355000.0,551235000.0,Consumer Defensive
2012-07-29,HRL,2012,Q3,USD,7431990980.0,7148773980.0,3.559813115106753,100.65576835346793,193.04836434338796,35.45649500796048,-1.4046999072517248,3.128752345908883,0.6318289786223278,5.10347884750919,-0.08116012743061753,0.6558757242144264,0.9814303333507044,1440548000.0,3112582000.0,0.025365426472161966,0.03951970282210005,0.030655113905697064,0.03848090977597947,0.030754700612433235,0.04637377766156697,0.01495790297635695,0.004982648673774359,0.47859818084537187,1.1753457814661135,0.016926204120331363,0.0,0,0.0015247576422127809,0.17255481254473637,474610500.0,303822000.0,919859500.0,22.104583833784485,15.30103484032985,49.04629975804347,71.15088359182795,55.8498487514981,320248000.0,29021855.517009437,2139957000.0,630838000.0,Consumer Defensive
2012-10-28,HRL,2012,Q4,USD,7714923660.0,7282535660.0,3.3557226760495884,31.15816530325849,37.0812532969439,31.021194666893848,-1.84182995399557,2.951397685361821,1.7405239563320078,5.515002621491723,-0.21178964361910485,0.6605675059032171,0.9845261975644087,1534384000.0,3212811000.0,0.02905389742167229,0.045189309663966754,0.034803238514033656,0.047030720476120384,0.035796502092945645,0.05351055387109395,0.01718759716152525,0.025456376324014072,0.15973268072289157,1.2095117763307093,0.017203149594688744,0.0,0,0.0011607310716510674,0.16519557770588125,508362500.0,337544500.0,938784000.0,21.71018217810103,19.09856715088223,47.045014724442574,68.7551969025436,49.65662975166137,628782000.0,36093573.63329315,2070978000.0,581643000.0,Consumer Defensive
2013-01-27,HRL,2013,Q1,USD,9274992160.0,8637315160.0,4.081442123085226,60.9063707840607,70.40581648040822,37.576580251371496,-2.7742094066362424,3.2545301917855776,1.082170246861765,5.536914818589325,0.04838526354075107,0.6587210099481517,0.9845311601629878,1662459000.0,3330410000.0,0.02805986808946035,0.04314997307004531,0.033509055499599205,0.04431495884375796,0.0339470761548695,0.05101218805366903,0.013985564382406982,0.013226857541624056,0.13492416069048677,0.6411338962605548,0.009041503307043007,0.0,0,0.002634860585349211,0.1626183528271643,495018500.0,355122000.0,952101500.0,19.840953842213622,16.474175643097702,48.43626132023511,68.27721516244873,51.803039519351024,760356000.0,15738963.899228632,2182195000.0,710967000.0,Consumer Defensive
2013-04-28,HRL,2013,Q2,USD,10923156320.0,10910408320.0,5.06827671104843,94.26245902630784,116.44476092896174,49.737002397862895,-0.058113985102251076,2.588438382017647,0.9139615132540014,5.503783121043427,-0.9967804717821708,0.6788424200797175,0.9832912334813475,1124446000.0,3397135000.0,0.026891528290200552,0.04024101684403299,0.037438359584229,0.04170295020464414,0.032332524691141194,0.047207308951809294,0.011491184079291835,0.0085777404676014,0.19049634973432977,0.7040584985790466,0.010242552792186135,0.0,0,0.002940512457460122,0.2817118968661043,472978000.0,319703500.0,976306500.0,20.043703540599978,15.753006442078243,49.94974123346769,69.99344477406767,54.240438331989424,106444000.0,676073971.6932662,1702902000.0,182531000.0,Consumer Defensive
2013-07-28,HRL,2013,Q3,USD,11176915200.0,11097419200.0,5.138824139567729,64.78693685015558,73.85379670176093,52.228556368188706,-0.37413755777068686,2.4719816994391275,1.5038058030815153,5.272918667493197,-0.922226526331702,0.6417301045878606,0.9801996091955295,1162106000.0,3426009000.0,0.02386663667453645,0.038319038614301366,0.03297240253287012,0.037311999369568895,0.029258005617884195,0.0454843123900835,0.01016693765378125,0.013443959921964873,0.12276768773607487,0.6607698350353496,0.009737789560204211,0.0,0,0.0020944420648059178,0.27616325044121826,498343000.0,342463500.0,1001333500.0,21.557490651879462,18.19893080052197,49.38514196495881,70.94263261683827,52.743701816316296,229758000.0,89341922.6829158,1739002000.0,244225000.0,Consumer Defensive
2013-10-27,HRL,2013,Q4,USD,11493436680.0,11309422680.0,4.8680324311015575,54.12346465284558,64.78445712321705,41.1901789733616,-0.6701995148707415,2.611466194903375,1.318459160172887,6.487853184756428,-0.5072398267216973,0.6566586118101725,0.987247735906585,1263404000.0,3531302000.0,0.032006476968518355,0.049643236129228,0.04366534704848175,0.0475198125060404,0.038451964055936635,0.05813395432722851,0.013689552079213263,0.01518866852973344,0.16456096020214783,1.0791488827516946,0.014801123621622227,0.0,0,0.0005023239477238743,0.26700509369634734,534383000.0,378585500.0,985856500.0,21.364909293294343,17.988239580613165,44.959776764656404,66.32468605795074,48.336446477337574,358584000.0,56712148.35125852,2004014000.0,448112000.0,Consumer Defensive
2014-01-26,HRL,2014,Q1,USD,12005991040.0,11616147040.0,5.179601404039468,36.95972865997226,41.26048562863191,43.00285808422027,-1.4431985192040722,2.62797732027531,2.0348055782154373,6.50990963478434,-0.3068735023810246,0.651793038666049,0.9870199064459967,1342308000.0,3650292000.0,0.0302630462368541,0.04751894461111584,0.04114839186445299,0.044868062476117354,0.036703320130540666,0.05590663371552416,0.012772623225279368,0.02344929286237415,0.10423427895078462,1.0314861460957179,0.014607575249523783,0.0,0,0.0022103098446852685,0.2645387859495537,528262000.0,371058000.0,946238500.0,20.26696726048214,17.317982896156785,45.12128327630244,65.38825053678458,48.0702676406278,671376000.0,76585245.04082525,2083968000.0,524094000.0,Consumer Defensive
2014-04-27,HRL,2014,Q2,USD,12652612440.0,12403282440.0,5.525177199886318,-315.9508480016303,-160.39626065253657,49.91662282678686,-1.003420798454604,2.889134753734737,-0.2790001847824542,6.297720880588405,-0.28279991361214885,0.6572151043596973,0.9843042908069968,1420618000.0,3735127000.0,0.027545192283492313,0.04265854978344319,0.0373816363811993,0.039958173555783995,0.03298461104180833,0.04996873435275495,0.011072021739725399,-0.006111702256486724,-0.9698143006342818,1.192582383160005,0.01695958689739165,0.0,0,0.0026669743316527577,0.2631357278584552,517394000.0,347093000.0,989000500.0,21.23902273008723,16.366609006552675,50.80900462352662,72.04802735361385,55.68141834706117,172001000.0,58491696.87132019,2174882000.0,599932000.0,Consumer Defensive
2014-07-27,HRL,2014,Q3,USD,12502234880.0,12221257880.0,5.348595779245645,102.4147780543195,140.62940578109178,48.97180956655193,-1.1259031002937205,2.8595642078260193,0.8584099443221546,6.3066518063315895,-0.2501766212218211,0.6478246988008376,0.9855395706756376,1459942000.0,3774385000.0,0.026592807500838884,0.04175562281535297,0.0358177532488435,0.038634358384040786,0.03179577430078865,0.04871399716669233,0.011036026864342513,0.006951077214124456,0.27173995022249037,0.9694170403587444,0.014191576434814461,0.0,0,0.0007641315093960604,0.2575523284197753,536445500.0,348685000.0,1065196500.0,21.392806922873923,16.77371797674898,50.45440063968415,71.84720756255808,55.0734895858091,367881000.0,102752697.01664928,2243287000.0,636188000.0,Consumer Defensive
2014-10-26,HRL,2014,Q4,USD,13848913520.0,13764739520.0,5.411155139358064,39.047466391310394,44.84811797249437,46.339059263947426,-0.28337216035334833,2.233988553376377,2.051306968949304,7.07069558758049,-0.9592811508869903,0.6568331914306096,0.9871580334224295,1178079000.0,3961142000.0,0.03139222148760755,0.0494864173906704,0.04661103555675426,0.04749841777330089,0.038565105716105386,0.05851416830355169,0.012366601881993702,0.022161955127870565,0.12933991086853536,1.3854147675478579,0.017923783233632272,0.0,0,0.0006694785025853349,0.32650667137862815,589165500.0,421029000.0,1065722000.0,22.473862623640255,20.547140417331114,44.76476839071271,67.23863101435296,46.69149059702185,391093000.0,443262575.4577322,1830760000.0,289208000.0,Consumer Defensive
2015-01-25,HRL,2015,Q1,USD,14043383760.0,13766286760.0,5.747752473515421,55.84655199552133,60.17812090453272,45.906903432775096,-0.9240447654681633,2.3965874465488253,1.4295772197413443,7.195583763861085,-0.6791241902941488,0.6503558213432208,0.988476873256837,1309027000.0,4084533000.0,0.030886626665153374,0.04829054141524989,0.04541177578190246,0.046076650414968376,0.03757632004733702,0.05753951642022111,0.012227679805283624,0.01628945017165863,0.07197913201515606,0.5416221496382674,0.00740812492980381,0.0,0,0.002306401516780491,0.31985424191532413,606721000.0,445730500.0,1035670000.0,21.728531865208282,18.799441980078626,46.91741674305859,68.64594860826688,49.84650662818825,505856000.0,58508095.32754877,1954047000.0,419024000.0,Consumer Defensive
2015-04-26,HRL,2015,Q2,USD,14458173280.0,14083778280.0,6.1788708071836425,70.68927788792129,81.38842306003097,45.171877401517726,-1.2008230109499587,2.6459188997244256,1.1041926455510294,7.472935328409656,-0.4117910789764722,0.6535391377828391,0.9889424490879224,1432249000.0,4202104000.0,0.03204713926627753,0.04966581626972782,0.04688813598837014,0.04691962156228454,0.03823449643266316,0.0584278878037778,0.0124636077124122,0.011968593587086957,0.13145782618515822,0.7944370298471245,0.011490581724135663,0.0,0,0.003082025757399604,0.31651923048878905,592851500.0,396637000.0,990134500.0,23.985772228425272,19.08295412270324,47.65018911533151,71.63596134375678,52.553007221053534,547439000.0,66007477.55965054,2064028000.0,523248000.0,Consumer Defensive
2015-07-26,HRL,2015,Q3,USD,15173694360.0,15424525360.0,7.047709485617889,63.0839291965907,74.6357631711377,58.283173725099,0.9477910280825852,1.6093203234742075,1.6638177413647623,6.82260674650676,-1.684494887571994,0.643846480792572,0.9864749208983868,758669000.0,4288353000.0,0.024123468395839752,0.03946686717752202,0.041237570536878716,0.037362317705565466,0.02864701411825079,0.04770124643673284,0.009683732683277798,0.013619886831567892,0.154776121844684,1.1364564564564565,0.01729152188146964,0.0,0,0.0007817829494555162,0.41501237629248405,585993500.0,389825000.0,973966500.0,23.214512377163896,19.919969514337087,49.79812803191552,73.01264040907941,53.09267089474233,-44167000.0,818006842.4276681,1408138000.0,-151293000.0,Consumer Defensive
2015-10-25,HRL,2015,Q4,USD,17873588880.0,17961349880.0,7.481221246737625,59.524535057515074,69.62762055023394,54.86324890648291,0.26806746817193267,1.6993323860711271,1.609806714574564,7.763287910493174,-1.580826466760491,0.6475086112686578,0.9869580205954733,849007000.0,4387449000.0,0.03049448755185607,0.04782930332586809,0.05181964214940628,0.046828846395301084,0.037099710696741124,0.05938073890851568,0.010475288497292547,0.014432635870272966,0.145101691151859,1.2725317522597146,0.018236813672445434,0.0,0,0.0006068663786029828,0.4115264736114072,588171500.0,444556000.0,988858500.0,22.935088205966366,23.390636510744933,46.90551823144586,69.84060643741222,46.449969926667286,170202000.0,90204931.83956066,1474690000.0,-75406000.0,Consumer Defensive
2016-01-24,HRL,2016,Q1,USD,19969829120.0,19844614120.0,8.655670815537503,71.20651230215543,80.4657091419257,50.70913451661207,-0.31996310132824995,1.9077412170203254,1.1850769878426821,8.869535652588313,-1.1131344282629494,0.6636991484267354,0.9850641656792885,925985000.0,4464418000.0,0.03891165687699277,0.05903394873209465,0.0668459379165234,0.05650113645978355,0.047548816835915435,0.07160983199659177,0.011770806779943044,0.012349730111260962,0.11507009555385714,1.0083322852471388,0.013987609217541802,0.0,0,0.0031238659520419843,0.41789047936487494,583279500.0,453174000.0,994045500.0,21.776521020015075,21.32565959573657,51.61489190106885,73.39141292108393,52.06575332534736,371837000.0,161489671.6304127,1639083000.0,68707000.0,Consumer Defensive
2016-04-24,HRL,2016,Q2,USD,20088433180.0,19958552180.0,8.676744845635337,153.00475437735733,305.31669236652897,55.54379589792113,-0.361453260234325,2.1070148413030307,0.605634587527393,8.621447191983174,-0.9355239121491306,0.6644015829881215,0.990743400585528,1037698000.0,4608128000.0,0.03525120103693,0.05329779675051933,0.06001847391012986,0.050016916356107756,0.0415876985417275,0.06259799754917927,0.010722439030956819,0.0032541114289133424,0.49886541351077857,2.026974831796661,0.028290152962632077,0.0,0,0.0030501231395922593,0.41266082357051853,551617500.0,400224500.0,1011133000.0,21.460733359852362,19.757649350912917,52.12855915520589,73.58929251505825,53.83164316414533,195251000.0,72713350.93477115,1788139000.0,174376000.0,Consumer Defensive
2016-07-24,HRL,2016,Q3,USD,19496784600.0,19512187600.0,8.474804984068632,91.80002728756862,133.2290080297154,62.967727736255796,0.04970697956601996,1.7808602080042384,1.0856846600196142,8.300568786382422,-1.2624074878223766,0.7137609123111665,0.9886498066824398,881378000.0,4671503000.0,0.03062694173423684,0.0439711770286724,0.05358783267462593,0.0445604863496017,0.03631309440399859,0.05224571590453212,0.01003519318770132,0.007511802741053004,0.310960663558393,2.026707960260027,0.028707300632042725,0.0,0,0.000830880794448865,0.428472095145232,560217000.0,402054500.0,1030873500.0,22.357047675966044,20.42711063652549,50.94854607679639,73.30559375276243,52.87848311623694,131053000.0,320860606.211946,1656740000.0,15755000.0,Consumer Defensive
2016-10-30,HRL,2016,Q4,USD,20357953000.0,20192810000.0,7.6838901634397425,54.404303242250016,70.82636801436674,50.04798385997437,-0.40930777829275605,1.9273829372690363,1.5199721528318113,9.34419887617654,-1.0467199845681932,0.6688180120800695,0.9910657272275224,976716000.0,4819920000.0,0.038294730651969595,0.05733493730073856,0.06715832780884462,0.05484255192101809,0.046055449719120616,0.06879045965192686,0.011982540680784555,0.014004502319069113,0.2318637144966349,2.4277533288196795,0.03274769106307942,0.0,0,0.0006613542693690612,0.42978433350858003,590764500.0,448258500.0,1009995000.0,20.876907053849383,21.36783841302519,43.71269933641171,64.5896063902611,43.221767977235906,450246000.0,100442327.32711327,1713651000.0,111251000.0,Consumer Defensive
2017-01-29,HRL,2017,Q1,USD,19171777950.0,18811956950.0,8.250036926148143,105.91185036510734,130.9568879220327,48.34363053478272,-0.9246806979672603,2.3044939886622844,0.7548522543273991,9.304613845147923,-0.5752655675056991,0.6627873218991783,0.9915430213157226,1199824000.0,4944567000.0,0.03693564241506736,0.0558022967911426,0.06430175037531481,0.05143219099116991,0.04327178867714308,0.06524430859708635,0.012265268282016586,0.007492784465511713,0.1912464319695528,1.0846131741115617,0.014897201024283985,0.0,0,0.0031751224768411216,0.4255888494561603,570221500.0,434768500.0,971906500.0,20.95255867069375,20.19390062310939,49.90413479117125,70.856693461865,50.66279283875562,503471000.0,11551924.977098823,1865829000.0,328485000.0,Consumer Defensive
2017-04-30,HRL,2017,Q2,USD,18452048800.0,18153147800.0,8.299306499447495,217.30667608365155,435.4525954711188,51.73915390512998,-0.8519120216383219,2.5780069295295704,0.39612397219350737,8.916697863983634,-0.43627343430828125,0.6678529701387151,0.9905190528461659,1301204000.0,5052180000.0,0.03303095491227518,0.049565463897921165,0.05734338472396329,0.04503978557811229,0.03794611227509874,0.056828840233622,0.011431034151611391,0.002259261313030995,0.5009636448519817,1.3074135399418914,0.019132641981539873,0.0,0,0.0021126416066499978,0.423979678366076,549099500.0,380036000.0,973269000.0,23.34435601005619,19.70871959298725,52.31551133299498,75.65986734305118,55.951147750063924,340589000.0,101684536.66089344,1979018000.0,426512000.0,Consumer Defensive
2017-07-30,HRL,2017,Q3,USD,18047398050.0,17664057050.0,8.00229097910414,70.56674956155595,84.05211866423038,56.27754146568368,-1.2213212945322007,2.525823933577209,1.3712168106446965,8.36173265187569,-0.38449868885670196,0.6564469254452853,0.9891241314781148,1339324000.0,5098808000.0,0.02804378941804389,0.04338639915766432,0.047995872272934906,0.038425058524588745,0.03261961262258811,0.04967946042356622,0.010112704307533128,0.011644670296392117,0.16044056136818513,1.224682096788949,0.018194008720765615,0.0,0,0.000908771731128603,0.4157041410026022,558179500.0,396765500.0,1000811000.0,22.38450195367801,21.59887997830157,51.96069895371192,74.34520090738994,52.74632092908837,593497000.0,139070231.05559233,2047792000.0,462310000.0,Consumer Defensive
2017-10-29,HRL,2017,Q4,USD,15918898500.0,15724776500.0,6.308563761329499,31.530080826430705,39.5665520121985,42.679109602054055,-0.5268726149570353,1.9150444334405583,2.2839171471357327,9.322462311317425,-1.2330825394420348,0.6610546985082225,0.9892771279370237,968311000.0,5318389000.0,0.031272488111941846,0.04885391608182604,0.05697293945988607,0.04419734812669688,0.03682855309882262,0.05565848600536425,0.013704088885295677,0.024965672090942723,0.20311274996340653,2.9061567592380078,0.04063896128071482,0.0,0,0.000691645056101882,0.45109926908439735,594854000.0,486942000.0,967118000.0,23.13349311243485,25.10999700159612,41.84236270187486,64.97585581430971,39.86585881271359,591548000.0,525301858.0281143,1792870000.0,-9688000.0,Consumer Defensive
2018-01-28,HRL,2018,Q1,USD,18340251920.0,18834202920.0,8.078865642370994,61.91856359948319,74.96677567526689,53.96356888059894,1.4152634398897475,1.4720426077850328,1.0031859002476824,11.194934499515561,-2.65204324085424,0.9932561073517605,0.9847399433354631,624755000.0,5898607000.0,0.038568884396288104,0.040709129290700835,0.07815940023650988,0.05884052102262503,0.04418361596737734,0.04620345341186847,0.01652687222193838,0.013698503220996106,0.17405326503976304,1.3532448943076962,0.022709715166647864,0.0,0,0.003148038449049519,0.5065355634820777,604986000.0,542780500.0,947121500.0,21.976967288110075,26.16274331054552,47.78507002466453,69.7620373127746,43.59929400222907,-242717000.0,637645719.7712712,1174588000.0,-755205000.0,Consumer Defensive
2018-04-29,HRL,2018,Q2,USD,19205213750.0,19753405750.0,8.475790343813182,141.9433599925268,344.219944760046,57.243472471361464,1.5886077600071868,1.6115305613338198,0.5858994114229419,10.03041544890359,-2.5579436729778653,0.7995877163731167,0.9769616037698595,702319000.0,6039424000.0,0.030318213265840322,0.03846615474921052,0.06171433384713416,0.04489782408663935,0.035158422602677174,0.04516195080948464,0.012360393541571492,0.002988042765210046,0.5876376074272082,1.9852402107154128,0.03508930011911259,0.0,0,0.0017386319558150632,0.5087330385686694,561798500.0,499209500.0,992218000.0,21.40636102443696,22.80023833297511,49.52175604606683,70.92811707050379,48.127878737528675,-490806000.0,124974167.8742131,1308381000.0,-687336000.0,Consumer Defensive
2018-07-29,HRL,2018,Q3,USD,18958552380.0,19409371380.0,8.22730101876021,64.72724761892057,98.10045579524089,63.231152629504265,1.4686619385650852,1.6906068482747114,1.4255275655683541,9.517847620729732,-2.463663245421273,0.8157427094811665,0.9683093696814405,757479000.0,6139261000.0,0.026628634264650956,0.03264712350085424,0.05358009796883255,0.03899453984076344,0.030391132943150528,0.03775662487633378,0.011089612528738866,0.010436028871525052,0.3401942213803591,2.5007844675426556,0.04324114444997376,0.0,0,0.0026556264947171474,0.5030125872457197,559072000.0,477275000.0,1006129500.0,21.509506422250123,23.11229055677865,47.31587062837168,68.8253770506218,45.71308649384315,-252967000.0,100857389.81189764,1424296000.0,-645295000.0,Consumer Defensive
2018-10-28,HRL,2018,Q4,USD,22753134800.0,22918838800.0,9.077857184446293,45.97339105038073,64.487628834071,62.180943776571354,0.4495703817050705,1.8000481160122714,1.9064306911004374,10.766081537336358,-2.144491286976421,0.8130723101423311,0.9806944389368978,911186000.0,6345121000.0,0.03210471940824525,0.04045401871157678,0.06193050533326921,0.04667288362346096,0.03767418922503735,0.04631964746155355,0.011488790546786545,0.015619781762994698,0.28709751185499593,3.5122699386503067,0.05668997111336529,0.0,0,0.00116410008805017,0.48160088093131515,584127500.0,553904000.0,982285500.0,21.546732142510567,28.025296620894366,43.635780387570875,65.18251253008144,37.15721590918707,189695000.0,10561706.35513091,1683483000.0,-487374000.0,Consumer Defensive
2019-01-27,HRL,2019,Q1,USD,22363270800.0,22475459800.0,9.52206757034429,119.91708576764039,126.05417722938867,63.644616299484625,0.3176898680410036,1.4630648023557402,0.7760259027240093,10.412170146358017,-1.9005056174519874,0.7864646958221354,0.9803686741908905,664874000.0,6070296000.0,0.029603092332219715,0.03758176772291043,0.057025167603327334,0.042342567816070584,0.03396268097895208,0.04557542681944989,0.010795603297886102,0.007972894555299129,0.048686141123115916,0.22802238992453397,0.003865943894032889,0.0,0,0.003366442759669626,0.48087671502972634,584820000.0,562223500.0,978977500.0,21.551262416034874,24.30823692682935,47.80850214821309,69.35976456424797,45.051527637418616,66111000.0,523560280.7818226,1784038000.0,-348933000.0,Consumer Defensive
2019-04-28,HRL,2019,Q2,USD,21146105200.0,20756778200.0,8.85247097337705,116.50115733465044,158.6436628222472,56.96370936314787,-1.0684466472367216,2.140076411366238,0.6303797110063828,11.432220297828412,-0.8765350713378651,0.8880130547153556,0.9826516015213449,1198991000.0,6220585000.0,0.03558947521625254,0.03882433957612582,0.06406148000393765,0.04789094601358986,0.040323043202745205,0.04537490835725209,0.013356076560141204,0.006187380548924915,0.265642539625522,1.1621608348680172,0.020185146011675474,0.0,0,0.00237467288539815,0.44444812679842916,551473500.0,514645000.0,1012501000.0,20.640462242359934,25.128329943297995,49.45185927665621,70.09232151901614,44.96399157571814,520166000.0,-253095152.17924452,2374757000.0,216706000.0,Consumer Defensive
2019-07-28,HRL,2019,Q3,USD,22136750720.0,21826551720.0,9.52831190397716,105.2800356937859,149.70200082304527,71.40210255655332,-1.0147668351407495,2.0929971195252577,1.0395733777271885,9.621941223139261,-1.0067307764307698,0.7641724137931034,0.9878393568825152,1172881000.0,6214683000.0,0.02507349228921818,0.03230356391164156,0.04503088621770268,0.03387915654491003,0.028497984271067627,0.03729672458969272,0.00900985887778927,0.006586332467857324,0.29673594798354225,1.4833863811728396,0.026855924267856403,0.0,0,0.0013938940195267395,0.44319345242285696,533495000.0,518522500.0,1069544000.0,20.793816750738312,24.877187560404746,53.716818781185,74.51063553192331,49.633447971518564,455999000.0,207945015.137931,2365919000.0,182727000.0,Consumer Defensive
2019-10-27,HRL,2019,Q4,USD,21627773990.0,21204872990.0,8.476819025125995,60.57081440454291,100.20212072525884,57.34409907973055,-1.143646408839779,2.1369305795489613,1.3698379283629278,10.92293984194767,-0.9901900398950858,0.7893349892182122,0.990529056975602,1256364000.0,6400982000.0,0.03150855518137616,0.039965686353851386,0.05562276409454496,0.04314866372437329,0.03618467695638303,0.045830677096012185,0.011813652210261514,0.009784687046288114,0.3955136481530147,3.220519142205889,0.05535170115046374,0.0,0,0.001199274199254611,0.43353129434884974,561785000.0,551702500.0,1075438000.0,21.382579263030014,26.448468216297524,46.72429885595606,68.10687811898607,41.65840990268855,634522000.0,79057594.16609514,2410028000.0,177944000.0,Consumer Defensive
2020-01-26,HRL,2020,Q1,USD,25052211500.0,24645023500.0,10.335796042163466,130.79972985595856,187.67008703863053,71.83713870136533,-1.1869017221075706,2.3409267069696065,0.7755327162043687,10.782931802916629,-0.9422903331308695,0.8370220773223234,0.9878225227157442,1371882000.0,6583001000.0,0.029296599115886172,0.03420770379471134,0.05087158794834839,0.039868911533670705,0.032280940846593345,0.038597368056029535,0.009694633146458947,0.005241892517153625,0.3030336804339288,1.1574732915729085,0.02394572464576499,0.0,0,0.003899457900700963,0.4241068482935508,578495000.0,540037500.0,1049819500.0,21.23787028703667,23.018506127825788,49.662961752889075,70.90083203992575,47.88232591209996,538509000.0,122662026.50588298,2580153000.0,200903000.0,Consumer Defensive
2020-04-26,HRL,2020,Q2,USD,25103251350.0,24812334350.0,10.242597663949738,68.94766569780366,88.76765294075558,72.11881583383713,-0.845570966841836,1.6977989498676953,1.5810557300705137,10.442148529833835,-1.2623727279653756,0.7949135917958455,0.9762454849042459,924301000.0,6381242000.0,0.02712675283594243,0.035175894455535386,0.04857387533713491,0.03695744005130751,0.03181310210899421,0.04150433924430026,0.009071892593705794,0.011134812622588827,0.22327938822692514,1.5883608760970982,0.033169519477061586,0.0,0,0.002545754015021889,0.4415361622340245,549510500.0,496087500.0,1053134500.0,19.92664083898013,23.233596197238924,48.53665571100496,68.46329654998509,45.229700352746164,570437000.0,650971471.4107697,2459425000.0,19916000.0,Consumer Defensive
2020-07-26,HRL,2020,Q3,USD,27251909400.0,26828050400.0,11.265393580484552,81.347163254972,111.07543741978222,85.18328724062931,-1.345819111273397,2.389384822266338,1.6225376365246482,9.927395637840009,-1.119336478034086,0.7831426103854043,0.9784071704490584,1982723000.0,7478971000.0,0.021157188938210537,0.027737365240372215,0.03440224950357675,0.03240868458737041,0.02319588625658178,0.030535072156444652,0.007453386000175093,0.008862865220005465,0.26764039697147035,1.770403353591271,0.03706428459552282,0.0,0,0.00156374857912614,0.3850056538886838,592957000.0,519834000.0,1015673500.0,24.5482786378255,24.694925861343762,45.130426659697235,69.67870529752274,44.98377943617898,665389000.0,-889085157.8476582,2575511000.0,81049000.0,Consumer Defensive
2020-10-25,HRL,2020,Q4,USD,26689450700.0,26278768700.0,10.858524196264211,105.14114980515168,240.50050518454793,76.61202906029253,-1.1972852182583067,2.379751523472953,1.0657155283422735,10.784773881378824,-1.2080703912726087,0.840790290349546,0.9711815863193545,2075098000.0,7662332000.0,0.023652536332736594,0.028366445135347956,0.037682236018053566,0.03647253121445829,0.026874370003196223,0.032923198875054335,0.00878084763280647,0.004094014568834869,0.5628235802479015,2.511668184334101,0.05812599040124292,0.0,0,0.0013507678385855158,0.37231600796182424,696715500.0,591072000.0,1027558500.0,27.663312129019197,29.564096945483456,49.20073993293721,76.86405206195641,47.29995511647296,519949000.0,64446220.99643743,2741314000.0,101107000.0,Consumer Defensive
2021-01-24,HRL,2021,Q1,USD,25397507520.0,24947706520.0,10.136617812751535,121.29025077059207,150.90281763577966,74.17142315193607,-1.3372924793073921,2.540911300352953,0.9248679151959351,10.601294167044198,-1.0243793907536956,0.8022282212485835,0.9711645969808173,2184194000.0,7773505000.0,0.02232220505221365,0.02698229265022515,0.035469444398790025,0.03393357974588934,0.024447800785003065,0.03138213935239811,0.008752158054287683,0.006509418291137886,0.1962360102291843,0.7907646494132399,0.016400076874725483,0.0,0,0.0031615340327091393,0.37066380850963837,729759500.0,601566000.0,1079711000.0,26.170151559415185,24.99634257378379,48.63277899249967,74.80293055191486,49.80658797813106,615124000.0,130582257.03221428,2864682000.0,199458000.0,Consumer Defensive
2021-04-25,HRL,2021,Q2,USD,24848970000.0,24414256000.0,9.36624695343128,156.93118985942291,221.1616526709605,69.22652209418384,-1.2326297522910807,2.99043124494226,0.6825742252798118,10.851080720637599,-0.9585797721193273,0.7788291982776296,0.9740752576495966,2339113000.0,7919037000.0,0.023045900274688936,0.029164703307351825,0.036719327009709715,0.034011663307799575,0.02584208991331923,0.03321331332681113,0.009171446542854693,0.004442477897474221,0.2904231454044082,0.8645121787880528,0.01733355175148209,0.0,0,0.003089440313724166,0.3723768339056188,723549500.0,567944000.0,1157845000.0,25.255040913120855,24.39210839341055,51.92319066578917,77.17823157891003,52.78612318549948,545105000.0,86150054.09062946,3023414000.0,331138000.0,Consumer Defensive
2021-07-25,HRL,2021,Q3,USD,25602915960.0,28636546960.0,9.999946558088048,374.201875939211,1260.9664007045355,104.08596472863145,11.026413544438144,2.1488901374770117,0.4321752487660526,9.595339172591373,-7.071642430216374,0.8662295948843995,0.9458046410825179,1437481000.0,10275409000.0,0.014345960836452138,0.018674430788707678,0.03181162280327148,0.026062109363721376,0.01622117096361342,0.018724318068663714,0.006910033227324627,0.000887008340592155,0.7032419930220707,0.9093320717097815,0.018793017351859675,0.0,0,0.001564076866398712,0.5490339827939613,821932000.0,615763500.0,1327884000.0,28.67559460412687,24.125742422516375,52.61863803219411,81.29423263632098,57.16849021380461,-3010921000.0,1094218481.1739244,22945000.0,-2849778000.0,Consumer Defensive
2021-10-31,HRL,2021,Q4,USD,23300203200.0,26010576200.0,7.528929349756321,46.10594418485929,55.177410643637344,59.96882013210831,6.248914659872964,2.082299770989239,2.0022999112688553,12.255290815569216,-6.8584247625788946,0.7998694035147489,0.9576177413347325,1532162000.0,10392654000.0,0.02219050876832193,0.028581963984992954,0.04739110724976051,0.04040480816901704,0.025343265607183165,0.03170749977284161,0.012091654204972772,0.020231540298326668,0.16440543970731084,1.40705736001335,0.026846797352399636,0.0,0,0.0012825815811327646,0.5317579593282437,908214000.0,723736000.0,1397968000.0,23.550490324773044,24.819635203203703,42.83696774395395,66.387458068727,41.5678228655233,-2238974000.0,172705695.22755015,226987000.0,-2770152000.0,Consumer Defensive
2022-01-30,HRL,2022,Q1,USD,25761019600.0,28254564600.0,9.28095992652638,73.62637874065813,84.49407321237929,72.85408999958744,6.429578881141961,2.185597180594828,1.6009177756455717,11.400181172336474,-6.570906888037149,0.7755516276901562,0.9547511312217195,1678016000.0,10525155000.0,0.018677074289103562,0.025049623211509404,0.03939208484990391,0.03373959540539524,0.021721310486362538,0.028012977937068834,0.009299748368655408,0.012980736212785615,0.12862079029383253,0.7678749222153081,0.016213270581186576,0.0,0,0.002078599166063912,0.5258673319711555,862208500.0,796339000.0,1377451500.0,24.25353719897594,28.712816439908845,49.773687844476996,74.02722504345294,45.314408603544095,-2159148000.0,120137663.50710905,361020000.0,-2627334000.0,Consumer Defensive
2022-05-01,HRL,2022,Q2,USD,28226457640.0,30666923640.0,9.903548952240213,158.6042442140105,266.9265433592424,76.92076301413157,6.121334798159937,2.2784158945442536,0.7389014785290375,12.066897055962464,-6.40911957363843,0.8128083562205625,0.9564431871534443,1892898000.0,10766826000.0,0.019936881313840457,0.025798642828978015,0.041057732900392815,0.03564554714403163,0.02335978176117391,0.02875273888374832,0.009268502740820722,0.004070259239231976,0.40581314163067933,1.2624042731192484,0.025339740014642058,0.0,0,0.003242308640009766,0.5144183590894345,811730000.0,813048500.0,1491353000.0,23.340407852716513,29.257976916252996,56.51793803438969,79.8583458871062,50.6003689708532,-2325577000.0,42403968.390768886,594881000.0,-2403492000.0,Consumer Defensive
2022-07-31,HRL,2022,Q3,USD,26937978410.0,29390728410.0,9.685800424727805,157.975599636649,234.9848363781731,79.30943516027449,6.618625247245556,2.396990208458489,0.8502006160145503,11.027155121119161,-6.331131415532974,0.755306449164355,0.948878870915466,1983585000.0,10839224000.0,0.01665966790401949,0.022163769190205677,0.03419027010649173,0.02973711421149206,0.018733813052723893,0.02483166487763895,0.008126630613035672,0.004643072991459866,0.3277200262300721,0.9361143523920653,0.02009317120208383,0.0,0,0.0015044090885423017,0.5127365811346336,806819000.0,812965500.0,1638090000.0,24.041699649421602,28.4485066232552,59.77229148967475,83.81399113909634,55.365484515841146,-2327675000.0,144089315.3024469,629375000.0,-2369986000.0,Consumer Defensive
2022-10-30,HRL,2022,Q4,USD,25371593850.0,27688831850.0,8.432782905306116,74.46837676832877,98.1574124557759,62.04335341779413,5.192317861800387,2.4687497030407273,1.3278764048555236,12.611538658088554,-5.957998070349845,0.7829032573882152,0.9530734716619967,2163859000.0,11033860000.0,0.021032967886856452,0.027765668808167717,0.042548087484111964,0.037143125594204546,0.024284193793468377,0.031027105493122032,0.011031392101525381,0.011118182076684946,0.24133720617503093,1.2605745592470323,0.027328973115373193,0.0,0,0.0012212671026884626,0.5056659621960575,842676500.0,807903000.0,1697619000.0,23.977432445808176,27.049242231855192,56.842846196143036,80.8202786419512,53.771036410096016,-2035152000.0,94974916.24218524,811364000.0,-2129574000.0,Consumer Defensive
2023-01-29,HRL,2023,Q1,USD,24495555600.0,27197254600.0,9.154267194257002,133.56277642182596,163.27136759576652,75.32801349393853,7.482873610653343,2.326591596675368,0.9355757611956756,11.16451644308123,-6.554900186464846,0.7742468910139011,0.9387510515843871,1821921000.0,10672978000.0,0.01639074227472055,0.02177152088122264,0.03320713587595128,0.028594923182640602,0.018797212396976487,0.02430396429386493,0.008888102133923428,0.006800294825727488,0.18195836545875096,0.6024421572931402,0.012471255392138383,0.0,0,0.0017509303289944907,0.5064090340115487,834564000.0,790564500.0,1723072500.0,24.06341720206584,27.800426093607264,62.911125180451414,86.97454238251726,59.17411628890999,-2535122000.0,598239605.7944317,892338000.0,-2468748000.0,Consumer Defensive
2023-04-30,HRL,2023,Q2,USD,22201207120.0,24924105120.0,8.370425400795732,119.75488463719093,161.2000382884048,69.44543390674892,7.586745128196555,2.4230311601925494,0.9581566650553599,11.217469668772912,-6.545028219843931,0.779083987534025,0.9383400300172969,1857373000.0,10701071000.0,0.016314445793307097,0.022241461191169886,0.03295896526214666,0.02826238237992888,0.01917105099435724,0.024628238472899012,0.009785008482908112,0.006964306002114357,0.2571038697711963,0.7559511195874832,0.017970613630463598,0.0,0,0.0035968094184687938,0.5050073428110857,781743000.0,757410000.0,1737939500.0,23.24711625552997,27.160327726428072,63.19688925356565,86.44400550909562,59.283677782667546,-2568282000.0,204266578.8214705,967066000.0,-2461534000.0,Consumer Defensive
2023-07-30,HRL,2023,Q3,USD,22335115040.0,24973352040.0,8.427550523926206,78.78004182952104,104.3499874228553,86.0909609384965,9.094828685780868,1.4025420770810584,1.9499234180757945,9.725206366837634,-6.512408530670366,0.7835194050841416,0.9187072451968602,934148000.0,9787978000.0,0.012116030698999022,0.01621082425271951,0.024264494761280085,0.021090809145024838,0.014081181826239299,0.019517050711160992,0.007283553261698356,0.010715100395560801,0.24504023646613102,1.0391149637477592,0.02621335207820743,0.0,0,0.0016987823368482223,0.5006683296644157,781436000.0,726851000.0,1741829000.0,24.107239937650572,25.67958800138404,63.44500012371966,87.55224006137023,61.87265205998619,-2398914000.0,1086586262.0192077,995511000.0,-2454124000.0,Consumer Defensive
2023-10-29,HRL,2023,Q4,USD,17521335020.0,20094051020.0,6.283160840254152,62.97279152342122,92.42468616898947,66.74766569781926,8.54595160191998,1.4262839479257505,1.632320969086826,10.684901539777703,-6.400374096322713,0.7971123568993433,0.9304982473141888,985473000.0,9836925000.0,0.014568988157431772,0.02009538119231067,0.02897101907428179,0.025331339767818137,0.01776661382092906,0.024246843583314567,0.011182652450646422,0.01240830106563421,0.31865831377256015,1.4768267708530014,0.03179438913348009,0.0,0,0.0009790249149489694,0.49711854732907956,809188500.0,737402000.0,1709135500.0,23.206727161296776,25.869841689785012,56.354687916293265,79.56141507759004,53.69157338780503,-2355306000.0,93958296.30684361,1053351000.0,-2412538000.0,Consumer Defensive
2024-01-28,HRL,2024,Q1,USD,16722401400.0,19070396400.0,6.363350930341275,47.206405283442955,53.45306458801073,51.83017992063923,6.381461651356199,1.4893821996754215,1.845807651361811,11.361772607408504,-6.087732624035684,0.7664692677562713,0.9396919107653526,1106385000.0,9946323000.0,0.016196497842112287,0.021099368346014568,0.03205107834452577,0.027901568450522947,0.01784985199432221,0.025278425453360072,0.013088012586517627,0.021334794654552427,0.1168625101799846,0.7368848237001888,0.015752886889200245,0.0,0,0.0014828601850371934,0.49466605560001076,787840500.0,757756500.0,1629298500.0,22.55466378547778,26.9154537979196,57.08481869062422,79.63948247610199,52.72402867818239,-1991226000.0,128711715.87164283,1164152000.0,-2297253000.0,Consumer Defensive
2024-04-28,HRL,2024,Q2,USD,19405484560.0,21729012560.0,7.525584881926416,92.01438318342734,123.33206132260207,65.95601890440648,7.052812743779728,1.7253124008866672,1.2476317777648631,10.577755016708165,-6.10318726408551,0.7752878483159183,0.9184441986622426,1671708000.0,10512645000.0,0.013390378874331792,0.018252079798162322,0.02538068411374711,0.024001805733966184,0.015291718917296119,0.021327811814857146,0.009753840436953253,0.009079031211782326,0.2539297389772516,0.9424161938738626,0.02076816404788886,0.0,0,0.003657676653210277,0.4724185205441696,741516000.0,717807000.0,1625845500.0,22.816255170827805,26.110182056482234,63.18946645040624,86.00572162123404,59.895539564751815,-2147345000.0,-355649750.5806118,1218640000.0,-2262402000.0,Consumer Defensive
2024-07-28,HRL,2024,Q3,USD,17503051500.0,19825428500.0,6.84002704210502,90.94650442680857,129.9951379918562,63.780992227412526,7.471390057779665,2.2885704556455986,1.2336659102099026,10.192847694542376,-6.022601310405788,0.7828361812696317,0.913184021231663,1687700000.0,10523575000.0,0.013474451037423913,0.01737250264723815,0.027410645601593564,0.022460700035171706,0.015689412425499906,0.02005187209289027,0.010095439643767261,0.008713280652805027,0.3003853387770081,1.0286374061390555,0.02259178462367554,0.0,0,0.0017619804840046881,0.5084227043291328,729519000.0,683332500.0,1661574500.0,22.57586573204993,25.212920759727393,61.603232264556084,84.17909799660602,58.96617723687862,-2169868000.0,175722113.97799918,1209881000.0,-2239110000.0,Consumer Defensive
2024-10-27,HRL,2024,Q4,USD,16984265480.0,19101141480.0,6.086866658742529,46.74537402629821,58.80241561895849,52.208596356003085,5.785995812628806,2.32007312232768,1.8591428181445926,11.46399077494939,-5.874445752010231,0.7863300360675642,0.9351165431109331,1847177000.0,10698096000.0,0.01639005892861702,0.022184295841838206,0.03248429086035957,0.027547157537074242,0.019206644841447247,0.02446775894172456,0.012964705495171052,0.019125701984728984,0.20504330418652003,1.2617842836059154,0.026699353205499776,0.0,0,0.000994553695224262,0.4954466145167498,797671000.0,705385500.0,1612974500.0,24.90237536132636,25.299150394308295,54.2126616583762,79.11503701970256,53.815886625394256,-1792040000.0,58362017.64096701,1347819000.0,-2184243000.0,Consumer Defensive
2025-01-26,HRL,2025,Q1,USD,17280517000.0,19297512000.0,6.4565805890164425,62.40988855326223,81.4107045676028,63.55119824273101,6.642433962450561,2.4523528130889543,1.8132058875271213,10.10242883008568,-5.689867779274197,0.7821922016939282,0.9180668112067696,1934258000.0,10753574000.0,0.012726169757517504,0.017015291480669426,0.025236889430392716,0.021246603595113413,0.014782093975175088,0.01891452825138653,0.009870943097362191,0.013717124319833717,0.23339456543534084,1.0955641243624,0.024145706004356914,0.0,0,0.0018248046967140467,0.49573144532656177,843419500.0,722397000.0,1546508000.0,24.64844404785445,25.392895633759167,54.30675995720846,78.95520400506291,53.56230837130374,-1779956000.0,92373008.58886704,1393915000.0,-2098972000.0,Consumer Defensive
2025-04-27,HRL,2025,Q2,USD,16244177040.0,18432435040.0,6.35862131012381,326.584603827073,-988.7054143646409,58.70800540182439,6.969684808642919,2.4720629617132044,0.3140056302923079,10.365437054190254,-5.852298024449505,0.7810220878219785,0.921937561248775,1954405000.0,10791693000.0,0.013412276498069411,0.018516257661473273,0.026565430452884533,0.02241153477499761,0.016004117620236357,0.02053489688894063,0.011081940288924603,-0.0011476727909387524,1.3303153791637137,1.173850507324547,0.025901318127093533,0.0,0,0.0038226030681555536,0.49512293723766576,806530500.0,713041000.0,1622976500.0,24.667329007420285,26.723365903502227,64.46024378131501,89.1275727887353,62.40420688523308,-2206901000.0,163694142.223707,1396496000.0,-2097798000.0,Consumer Defensive
