date,symbol,fiscalYear,period,reportedCurrency,grossProfitMargin,ebitMargin,ebitdaMargin,operatingProfitMargin,pretaxProfitMargin,continuousOperationsProfitMargin,netProfitMargin,bottomLineProfitMargin,receivablesTurnover,payablesTurnover,inventoryTurnover,fixedAssetTurnover,assetTurnover,currentRatio,quickRatio,solvencyRatio,cashRatio,priceToEarningsRatio,priceToEarningsGrowthRatio,forwardPriceToEarningsGrowthRatio,priceToBookRatio,priceToSalesRatio,priceToFreeCashFlowRatio,priceToOperatingCashFlowRatio,debtToAssetsRatio,debtToEquityRatio,debtToCapitalRatio,longTermDebtToCapitalRatio,financialLeverageRatio,workingCapitalTurnoverRatio,operatingCashFlowRatio,operatingCashFlowSalesRatio,freeCashFlowOperatingCashFlowRatio,debtServiceCoverageRatio,interestCoverageRatio,shortTermOperatingCashFlowCoverageRatio,operatingCashFlowCoverageRatio,capitalExpenditureCoverageRatio,dividendPaidAndCapexCoverageRatio,dividendPayoutRatio,dividendYield,dividendYieldPercentage,revenuePerShare,netIncomePerShare,interestDebtPerShare,cashPerShare,bookValuePerShare,tangibleBookValuePerShare,shareholdersEquityPerShare,operatingCashFlowPerShare,capexPerShare,freeCashFlowPerShare,netIncomePerEBT,ebtPerEbit,priceToFairValue,debtToMarketCap,effectiveTaxRate,enterpriseValueMultiple,dividendPerShare,sector
1985-08-31,STZ,1986,Q2,USD,1.0,-1.5195652173913043,-1.5195652173913043,-1.5195652173913043,0.0,0.09782608695652174,0.0,0.0,1.8326693227091633,0.0,0.0,2.0535714285714284,0.5815423514538559,2.613953488372093,1.6465116279069767,0.0,0.4232558139534884,0.0,0.0,0.0,3.4042968826722335,3.5449091452173906,0.0,0.0,0.09734513274336283,0.16075156576200417,0.13848920863309352,0.1227106227106227,1.6513569937369519,0.0,,,0.0,-69.9,0.0,,,0.0,0.0,0.0,,,0.5331589393623503,0.0,0.08924617028456733,0.1054727466999432,0.5551807216403604,0.5551807216403604,0.5551807216403604,,,,0.0,0.0,3.4042968826722335,0.0472201959177605,0.0,-2.3128157464949926,,Consumer Defensive
1985-11-30,STZ,1986,Q3,USD,1.0,1.0,1.0,1.0,0.0,0.054878048780487805,0.0,0.0,0.0,0.0,0.0,0.0,0.0,0.0,0.0,0.0,0.0,0.0,0.0,0.0,0.0,4.971518923170731,0.0,0.0,0.0,0.0,0.0,0.0,0.0,0.0,0.0,,0.0,0.0,0.0,0.0,0.0,0.0,0.0,0.0,,,0.38016550458880627,0.0,,,,,,,,,0.0,0.0,0.0,,0.0,,,Consumer Defensive
1986-02-28,STZ,1986,Q4,USD,1.0,1.0,1.0,1.0,0.0,0.06020066889632107,0.0,0.0,0.0,0.0,0.0,0.0,0.0,0.0,0.0,0.0,0.0,0.0,0.0,0.0,0.0,5.453706377257524,0.0,0.0,0.0,0.0,0.0,0.0,0.0,0.0,0.0,,0.0,0.0,0.0,0.0,0.0,0.0,0.0,0.0,,,0.3465533105855277,0.0,,,,,,,,,0.0,0.0,0.0,,0.0,,,Consumer Defensive
1986-05-31,STZ,1987,Q1,USD,1.0,1.0,1.0,1.0,0.0,0.04363636363636364,0.0,0.0,0.0,0.0,0.0,0.0,0.0,0.0,0.0,0.0,0.0,0.0,0.0,0.0,0.0,2.964833103272727,0.0,0.0,0.0,0.0,0.0,0.0,0.0,0.0,0.0,,0.0,0.0,0.0,0.0,0.0,0.0,0.0,0.0,,,0.6374726448897666,0.0,,,,,,,,,0.0,0.0,0.0,,0.0,,,Consumer Defensive
1986-08-31,STZ,1987,Q2,USD,1.0,-1.7508960573476702,-1.7508960573476702,-1.7508960573476702,0.0,0.08243727598566308,0.0,0.0,2.2962962962962963,0.0,0.0,2.0364963503649633,0.3747481531229013,5.785365853658536,4.570731707317073,0.0,3.1414634146341465,0.0,0.0,0.0,2.695511794871795,2.8259397849462364,0.0,0.0,0.4486232370718603,1.1418803418803418,0.533120510774142,0.5293644408688657,2.545299145299145,0.0,,,0.0,-97.7,0.0,,,0.0,0.0,0.0,,,0.6475721845696778,0.0,0.7752297836783957,0.74737721660013,0.6789063225327268,0.6789063225327268,0.6789063225327268,,,,0.0,0.0,2.695511794871795,0.4236228326111452,0.0,-1.6385613101330603,,Consumer Defensive
1986-11-30,STZ,1987,Q3,USD,1.0,1.0,1.0,1.0,0.0,0.04736842105263158,0.0,0.0,0.0,0.0,0.0,0.0,0.0,0.0,0.0,0.0,0.0,0.0,0.0,0.0,0.0,3.242637894736842,0.0,0.0,0.0,0.0,0.0,0.0,0.0,0.0,0.0,,0.0,0.0,0.0,0.0,0.0,0.0,0.0,0.0,,,0.4409989787392071,0.0,,,,,,,,,0.0,0.0,0.0,,0.0,,,Consumer Defensive
1987-02-28,STZ,1987,Q4,USD,1.0,1.0,1.0,1.0,0.0,0.04709141274238227,0.0,0.0,0.0,0.0,0.0,0.0,0.0,0.0,0.0,0.0,0.0,0.0,0.0,0.0,0.0,3.6042570637119113,0.0,0.0,0.0,0.0,0.0,0.0,0.0,0.0,0.0,,0.0,0.0,0.0,0.0,0.0,0.0,0.0,0.0,,,0.4189490298022468,0.0,,,,,,,,,0.0,0.0,0.0,,0.0,,,Consumer Defensive
1987-05-31,STZ,1988,Q1,USD,1.0,1.0,1.0,1.0,0.0,-0.04895104895104895,0.0,0.0,0.0,0.0,0.0,0.0,0.0,0.0,0.0,0.0,0.0,0.0,0.0,0.0,0.0,1.4750696195804198,0.0,0.0,0.0,0.0,0.0,0.0,0.0,0.0,0.0,,0.0,0.0,0.0,0.0,0.0,0.0,0.0,0.0,,,0.6638195153653328,0.0,,,,,,,,,0.0,0.0,0.0,,0.0,,,Consumer Defensive
1987-08-31,STZ,1988,Q2,USD,1.0,-3.675,-3.675,-3.675,0.0,-0.26,0.0,0.0,2.2857142857142856,0.0,0.0,0.9779951100244498,0.2484472049689441,2.619385342789598,1.4775413711583925,0.0,0.5437352245862884,0.0,0.0,0.0,1.5205120524590163,1.8550247039999999,0.0,0.0,0.47329192546583854,1.5614754098360655,0.6096,0.5700440528634361,3.2991803278688523,0.0,,,0.0,-12.782608695652174,0.0,,,0.0,0.0,0.0,,,0.46420945130442853,0.0,0.8843190047349364,0.26692043450004643,0.5663355305914028,0.5663355305914028,0.5663355305914028,,,,0.0,0.0,1.5205120524590163,1.026940501596684,0.0,-0.8666733888435374,,Consumer Defensive
1987-11-30,STZ,1988,Q3,USD,1.0,1.0,1.0,1.0,0.0,0.021791767554479417,0.0,0.0,0.0,0.0,0.0,0.0,0.0,0.0,0.0,0.0,0.0,0.0,0.0,0.0,0.0,1.1736165055690073,0.0,0.0,0.0,0.0,0.0,0.0,0.0,0.0,0.0,,0.0,0.0,0.0,0.0,0.0,0.0,0.0,0.0,,,0.4792962584718225,0.0,,,,,,,,,0.0,0.0,0.0,,0.0,,,Consumer Defensive
1988-02-29,STZ,1988,Q4,USD,1.0,1.0,1.0,1.0,0.0,0.020958083832335328,0.0,0.0,0.0,0.0,0.0,0.0,0.0,0.0,0.0,0.0,0.0,0.0,0.0,0.0,0.0,1.773693463473054,0.0,0.0,0.0,0.0,0.0,0.0,0.0,0.0,0.0,,0.0,0.0,0.0,0.0,0.0,0.0,0.0,0.0,,,0.38761489183919784,0.0,,,,,,,,,0.0,0.0,0.0,,0.0,,,Consumer Defensive
1988-05-31,STZ,1989,Q1,USD,1.0,1.0,1.0,1.0,0.0,0.002331002331002331,0.0,0.0,0.0,0.0,0.0,0.0,0.0,0.0,0.0,0.0,0.0,0.0,0.0,0.0,0.0,1.2693209230769231,0.0,0.0,0.0,0.0,0.0,0.0,0.0,0.0,0.0,,0.0,0.0,0.0,0.0,0.0,0.0,0.0,0.0,,,0.49786463652399965,0.0,,,,,,,,,0.0,0.0,0.0,,0.0,,,Consumer Defensive
1988-08-31,STZ,1989,Q2,USD,1.0,-2.652173913043478,-2.652173913043478,-2.652173913043478,0.0,-0.14782608695652175,0.0,0.0,1.9246861924686192,0.0,0.0,0.9349593495934959,0.329277022190408,3.8699551569506725,2.098654708520179,0.0,0.6591928251121076,0.0,0.0,0.0,0.8835400697986578,0.8585704591304348,0.0,0.0,0.4638511095204009,1.4496644295302012,0.5917808219178082,0.5883977900552486,3.1252796420581657,0.0,,,0.0,-135.55555555555554,0.0,,,0.0,0.0,0.0,,,0.5338408690000929,0.0,0.7520193111131742,0.17059697335437748,0.5187540618326989,0.5187540618326989,0.5187540618326989,,,,0.0,0.0,0.8835400697986578,1.6407455406754248,0.0,-0.7343790255737705,,Consumer Defensive
1988-11-30,STZ,1989,Q3,USD,1.0,1.0,1.0,1.0,0.0,0.014925373134328358,0.0,0.0,0.0,0.0,0.0,0.0,0.0,0.0,0.0,0.0,0.0,0.0,0.0,0.0,0.0,0.9080220935323382,0.0,0.0,0.0,0.0,0.0,0.0,0.0,0.0,0.0,,0.0,0.0,0.0,0.0,0.0,0.0,0.0,0.0,,,0.4665304985609507,0.0,,,,,,,,,0.0,0.0,0.0,,0.0,,,Consumer Defensive
1989-02-28,STZ,1989,Q4,USD,1.0,1.0,1.0,1.0,0.0,0.013333333333333334,0.0,0.0,0.0,0.0,0.0,0.0,0.0,0.0,0.0,0.0,0.0,0.0,0.0,0.0,0.0,1.1648764693333333,0.0,0.0,0.0,0.0,0.0,0.0,0.0,0.0,0.0,,0.0,0.0,0.0,0.0,0.0,0.0,0.0,0.0,,,0.4351963605979018,0.0,,,,,,,,,0.0,0.0,0.0,,0.0,,,Consumer Defensive
1989-05-31,STZ,1990,Q1,USD,1.0,1.0,1.0,1.0,0.0,0.013761467889908258,0.0,0.0,0.0,0.0,0.0,0.0,0.0,0.0,0.0,0.0,0.0,0.0,0.0,0.0,0.0,1.1528725027522935,0.0,0.0,0.0,0.0,0.0,0.0,0.0,0.0,0.0,,0.0,0.0,0.0,0.0,0.0,0.0,0.0,0.0,,,0.5059883019218271,0.0,,,,,,,,,0.0,0.0,0.0,,0.0,,,Consumer Defensive
1989-08-31,STZ,1990,Q2,USD,1.0,-2.644186046511628,-2.644186046511628,-2.644186046511628,0.0,0.01627906976744186,0.0,0.0,2.037914691943128,0.0,0.0,0.9168443496801706,0.30868628858578606,3.447058823529412,1.772549019607843,0.0,0.23921568627450981,0.0,0.0,0.0,1.146457186915888,1.1411248279069768,0.0,0.0,0.4587221823402728,1.4929906542056075,0.598875351452671,0.5954631379962193,3.2546728971962615,0.0,,,0.0,-126.33333333333333,0.0,,,0.0,0.0,0.0,,,0.4990251601522607,0.0,0.7415745984588247,0.07079194132392536,0.49670411289573857,0.44448054962399036,0.49670411289573857,,,,0.0,0.0,1.146457186915888,1.3022646386141445,0.0,-0.9399152823218997,,Consumer Defensive
1989-11-30,STZ,1990,Q3,USD,0.09382151029748284,0.06636155606407322,0.09382151029748284,0.06636155606407322,0.043478260869565216,0.02745995423340961,0.02745995423340961,0.02745995423340961,1.70703125,3.0697674418604652,0.6910994764397905,0.9317697228144989,0.31689630166787525,3.7327586206896552,1.2629310344827587,0.02553191489361702,0.02586206896551724,9.722333333333333,0.09722333333333333,0.09722333333333333,1.0630341685649203,1.067899313501144,-2.2117156398104267,-2.3450854271356785,0.47643219724437996,1.4965831435079726,0.5994525547445255,0.5881801125703565,3.14123006833713,0.6947535771065183,-0.8577586206896551,-0.45537757437070936,1.0603015075376885,0.85,2.9,-6.633333333333334,-0.3028919330289193,-16.583333333333332,-16.583333333333332,0.0,0.0,0.0,0.54625,0.015,0.83375,0.0075,0.54875,0.49375,0.54875,-0.24875,0.015,-0.26375,0.631578947368421,0.6551724137931034,1.0630341685649203,1.4078410532451058,0.3684210526315789,27.260292682926828,0.0,Consumer Defensive
1990-02-28,STZ,1990,Q4,USD,0.08737864077669903,0.05825242718446602,0.08980582524271845,0.05825242718446602,0.02912621359223301,0.021844660194174758,0.021844660194174758,0.021844660194174758,1.916279069767442,3.797979797979798,0.702803738317757,0.8917748917748918,0.3130699088145897,4.962962962962963,1.6604938271604939,0.02534562211981567,0.037037037037037035,14.197777777777778,-0.5755855855855855,-0.5755855855855855,1.1408928571428572,1.2405825242718447,8.663050847457628,7.98625,0.48328267477203646,1.4196428571428572,0.5867158671586716,0.5832558139534884,2.9375,0.64576802507837,0.3950617283950617,0.1553398058252427,0.921875,1.619047619047619,2.0,7.111111111111111,0.10062893081761007,12.8,12.8,0.0,0.0,0.0,0.515,0.01125,0.81,0.0075,0.56,0.4975,0.56,0.08,0.00625,0.07375,0.75,0.5,1.1408928571428572,1.2443261856315542,0.25,30.841081081081082,0.0,Consumer Defensive
1990-05-31,STZ,1991,Q1,USD,0.08016032064128256,0.056112224448897796,0.08016032064128256,0.056112224448897796,0.036072144288577156,0.026052104208416832,0.026052104208416832,0.026052104208416832,2.278538812785388,3.991304347826087,1.0503432494279177,1.094298245614035,0.36799410029498525,4.497354497354498,2.185185185185185,0.027932960893854747,0.06349206349206349,9.936,0.2245536,0.2245536,1.120763557483731,1.0354148296593186,3.312,3.169766871165644,0.46755162241887904,1.3752711496746204,0.5789954337899543,0.5755064456721916,2.941431670281996,0.7659247889485802,0.8624338624338624,0.32665330661322645,0.9570552147239264,2.0588235294117645,3.5,18.11111111111111,0.25709779179810727,23.285714285714285,23.285714285714285,0.0,0.0,0.0,0.62375,0.01625,0.8025,0.015,0.57625,0.515,0.57625,0.20375,0.00875,0.195,0.7222222222222222,0.6428571428571429,1.120763557483731,1.22708410751889,0.2777777777777778,28.4668,0.0,Consumer Defensive
1990-08-31,STZ,1991,Q2,USD,0.8266666666666667,0.04888888888888889,0.08444444444444445,0.04888888888888889,0.03333333333333333,0.024444444444444446,0.024444444444444446,0.024444444444444446,2.0179372197309418,0.4642857142857143,0.19164619164619165,0.9846827133479212,0.31490552834149754,3.8284518828451883,2.1255230125523012,0.02821316614420063,0.0502092050209205,11.335585059640907,-0.7390801458885876,-0.7390801458885876,1.0567070818309323,1.1083683169426666,5.48094222663956,4.795824448309615,0.44786564030790765,1.3559322033898304,0.5755395683453237,0.5720761559383499,3.027542372881356,0.6731488406881077,0.4351464435146444,0.2311111111111111,0.875,2.8333333333333335,7.333333333333333,11.555555555555555,0.1625,8.0,8.0,0.0,0.0,0.0,0.5639009979318367,0.013784246616111565,0.8057518703781578,0.015037359944848979,0.5914694911640598,0.5200420314260272,0.5914694911640598,0.13032378618869114,0.016290473273586393,0.11403331291510475,0.7333333333333333,0.6818181818181818,1.0567070818309323,1.2831675179468258,0.26666666666666666,29.651730069057894,0.0,Consumer Defensive
1990-11-30,STZ,1991,Q3,USD,0.10267857142857142,0.07589285714285714,0.10267857142857142,0.07589285714285714,0.05803571428571429,0.03794642857142857,0.03794642857142857,0.03794642857142857,1.7777777777777777,2.7534246575342465,0.6967071057192374,1.0,0.31394533987386125,4.153153153153153,1.554054054054054,0.030949839914621132,0.0045045045045045045,6.372588235294117,0.11725562352941177,0.11725562352941177,0.8843591836734693,0.9672678571428571,-2.3297634408602153,-2.3809670329670327,0.44639103013314646,1.3,0.5652173913043478,0.5617173524150268,2.9122448979591837,0.6511627906976745,-0.8198198198198198,-0.40625,1.021978021978022,2.642857142857143,6.8,-20.22222222222222,-0.2857142857142857,-45.5,-45.5,0.0,0.0,0.0,0.56,0.02125,0.8025,0.00125,0.6125,0.54125,0.6125,-0.2275,0.005,-0.2325,0.6538461538461539,0.7647058823529411,0.8843591836734693,1.469990953901822,0.34615384615384615,23.246434782608695,0.0,Consumer Defensive
1991-02-28,STZ,1991,Q4,USD,0.10602409638554217,0.0819277108433735,0.10602409638554217,0.0819277108433735,0.05783132530120482,0.03855421686746988,0.03855421686746988,0.03855421686746988,1.8863636363636365,3.3727272727272726,0.6782449725776966,0.9453302961275627,0.30137981118373275,4.631578947368421,1.7526315789473683,0.028792912513842746,0.010526315789473684,8.487777764515625,1.5065805532015255,1.5065805532015255,1.1460290652510547,1.3089584986240965,10.651328959392158,10.446495710173078,0.4625998547567175,1.3438818565400843,0.5733573357335734,0.5698729582577132,2.9050632911392404,0.5971223021582733,0.2736842105263158,0.12530120481927712,0.9807692307692307,2.1176470588235294,4.25,5.777777777777778,0.08163265306122448,52.0,52.0,0.0,0.0,0.0,0.5835937509118653,0.02250000003515625,0.9070312514172363,0.002812500004394531,0.6665625010415039,0.5850000009140625,0.6665625010415039,0.07312500011425781,0.0014062500021972655,0.07171875011206055,0.6666666666666666,0.7058823529411765,1.1460290652510547,1.1726420361299361,0.3333333333333333,26.777676748386366,0.0,Consumer Defensive
1991-05-31,STZ,1992,Q1,USD,0.11290322580645161,0.08669354838709678,0.11491935483870967,0.08669354838709678,0.06854838709677419,0.04435483870967742,0.04435483870967742,0.04435483870967742,1.8716981132075472,3.4375,0.9544468546637744,1.1454965357967668,0.3475823405746321,4.302752293577981,2.188073394495413,0.03870967741935484,0.05963302752293578,8.88,0.2270454545454545,0.2270454545454545,1.572313883299799,1.575483870967742,7.973877551020408,7.5138461538461545,0.4456902592852137,1.2796780684104627,0.5613415710503089,0.5578291814946619,2.8712273641851107,0.7035460992907802,0.47706422018348627,0.20967741935483872,0.9423076923076923,2.8125,6.142857142857143,11.555555555555555,0.16352201257861634,17.333333333333332,17.333333333333332,0.0,0.0,0.0,0.7045454545454546,0.03125,0.9133522727272727,0.018465909090909092,0.7059659090909091,0.625,0.7059659090909091,0.14772727272727273,0.008522727272727272,0.13920454545454544,0.6470588235294118,0.7906976744186046,1.572313883299799,0.8138820638820639,0.35294117647058826,24.639298245614036,0.0,Consumer Defensive
1991-08-31,STZ,1992,Q2,USD,0.8918918918918919,0.10565110565110565,0.14987714987714987,0.10565110565110565,0.08353808353808354,0.05405405405405406,0.05405405405405406,0.05405405405405406,1.7695652173913043,0.26506024096385544,0.10091743119266056,0.9465116279069767,0.2764945652173913,4.0,2.227642276422764,0.04201680672268908,0.2804878048780488,11.12,0.0,0.0,1.8818461538461537,2.404324324324324,9.593725490196078,8.223193277310923,0.42934782608695654,1.2153846153846153,0.5486111111111112,0.5450568678915135,2.830769230769231,0.5582990397805213,0.483739837398374,0.29238329238329236,0.8571428571428571,3.5,8.6,13.222222222222221,0.18829113924050633,7.0,7.0,0.0,0.0,0.0,0.578125,0.03125,0.9048295454545454,0.09801136363636363,0.7386363636363636,0.65625,0.7386363636363636,0.1690340909090909,0.024147727272727272,0.14488636363636365,0.6470588235294118,0.7906976744186046,1.8818461538461537,0.645846958796599,0.35294117647058826,25.271475409836064,0.0,Consumer Defensive
1991-11-30,STZ,1992,Q3,USD,0.11006289308176101,0.08647798742138364,0.11006289308176101,0.08647798742138364,0.059748427672955975,0.03773584905660377,0.03773584905660377,0.03773584905660377,1.525179856115108,2.0808823529411766,0.6431818181818182,0.8700410396716827,0.29254829806807725,2.3893805309734515,0.831858407079646,0.02392638036809816,0.0017699115044247787,10.518518502083333,1.3169185164608364,1.3169185164608364,1.8562091474264704,1.5877009059748426,-7.161544512056737,-7.767521355384615,0.5354185832566697,2.139705882352941,0.6814988290398126,0.6432786885245901,3.9963235294117645,0.835193696651346,-0.23008849557522124,-0.20440251572327045,1.0846153846153845,0.28,3.235294117647059,-0.7103825136612022,-0.11168384879725086,-11.818181818181818,-11.818181818181818,0.0,0.0,0.0,0.894375001397461,0.033750000052734375,1.6607812525949708,0.0014062500021972655,0.7650000011953125,0.6342187509909668,0.7650000011953125,-0.18281250028564452,0.015468750024169921,-0.19828125030981444,0.631578947368421,0.6909090909090909,1.8562091474264704,1.1527288750405755,0.3684210526315789,31.039682517142857,0.0,Consumer Defensive
1992-02-29,STZ,1992,Q4,USD,0.3304042179261863,0.09314586994727592,0.12126537785588752,0.09314586994727592,0.05799648506151142,0.03690685413005272,0.03690685413005272,0.03690685413005272,1.9030100334448161,2.2411764705882353,0.47270471464019853,0.7880886426592798,0.27159904534606205,4.203947368421052,1.5526315789473684,0.030603804797353185,0.003289473684210526,14.347826035714284,-0.9699130400142857,-0.9699130400142857,1.3602905045146727,2.118132490333919,14.17902808235294,13.100188989130436,0.4124105011933174,0.9751693002257337,0.4937142857142857,0.48096074985354426,2.3645598194130923,0.6469584991472428,0.3026315789473684,0.1616871704745167,0.9239130434782609,0.9047619047619048,2.65,2.13953488372093,0.10648148148148148,13.142857142857142,13.142857142857142,0.0,0.0,0.0,0.7789880980201956,0.028750000102678572,1.210238099560374,0.001369047623937075,1.2129761948082483,1.0829166705342261,1.2129761948082483,0.12595238140221088,0.009583333367559524,0.11636904803465137,0.6363636363636364,0.6226415094339622,1.3602905045146727,0.7168831194434138,0.36363636363636365,29.974165028985507,0.0,Consumer Defensive
1992-05-31,STZ,1993,Q1,USD,0.31336405529953915,0.10138248847926268,0.1259600614439324,0.10138248847926268,0.08141321044546851,0.05222734254992319,0.05222734254992319,0.05222734254992319,1.9847560975609757,2.725609756097561,0.6216968011126565,0.909217877094972,0.33591331269349844,3.5955414012738856,1.305732484076433,0.04911591355599214,0.04777070063694268,9.023255820588234,0.10394790705317646,0.10394790705317646,1.3338725995652174,1.8850426906298003,11.258374234862385,10.399684674576271,0.347781217750258,0.7326086956521739,0.4228356336260979,0.40298507462686567,2.106521739130435,0.727780883174958,0.37579617834394907,0.18125960061443933,0.923728813559322,0.9692307692307692,5.5,2.2264150943396226,0.17507418397626112,13.11111111111111,13.11111111111111,0.0,0.0,0.0,1.0291544110079747,0.05374999996047794,1.0844852933202314,0.023713235276681444,1.454411763636462,1.307389704921037,1.454411763636462,0.18654411750989403,0.014227941166008867,0.17231617634388516,0.6415094339622641,0.803030303030303,1.3338725995652174,0.5492343840715909,0.3584905660377358,23.001985263414635,0.0,Consumer Defensive
1992-08-31,STZ,1993,Q2,USD,0.30201342281879195,0.11073825503355705,0.1342281879194631,0.11073825503355705,0.09228187919463088,0.0587248322147651,0.0587248322147651,0.0587248322147651,1.7633136094674555,1.0221130221130221,0.4487594390507012,0.8209366391184573,0.2736455463728191,2.5689655172413794,0.7931034482758621,0.04006541291905151,0.0421455938697318,7.635880404285714,2.7387357716704837,2.7387357716704837,1.119396080209424,1.793663182214765,17.24231059032258,13.03686898292683,0.28558310376492196,0.6513089005235602,0.3944197844007609,0.39326556543837354,2.2806282722513087,0.7294981640146879,0.15708812260536398,0.13758389261744966,0.7560975609756098,4.285714285714286,6.0,27.333333333333332,0.13183279742765272,4.1,4.1,0.0,0.0,0.0,0.9422058816601427,0.055330882312256705,1.0006985286759569,0.034779411739132786,1.5097426459487187,1.3326838225494972,1.5097426459487187,0.12963235284585856,0.03161764703557526,0.0980147058102833,0.6363636363636364,0.8333333333333334,1.119396080209424,0.5818395401221246,0.36363636363636365,20.8627907075,0.0,Consumer Defensive
1992-11-30,STZ,1993,Q3,USD,0.32489451476793246,0.10267229254571027,0.12376933895921238,0.10267229254571027,0.08157524613220815,0.05063291139240506,0.05063291139240506,0.05063291139240506,1.594170403587444,2.0425531914893615,0.44036697247706424,0.9806896551724138,0.2942880794701987,2.1839557399723373,0.6763485477178424,0.03581460674157303,0.016597510373443983,12.709677445833334,-0.425966765305808,-0.425966765305808,1.8449531776209678,2.574111887763713,-5.000528831147541,-5.320330093604651,0.402317880794702,0.9798387096774194,0.49490835030549896,0.38423339540657975,2.435483870967742,0.848955223880597,-0.47579529737206083,-0.4838255977496484,1.063953488372093,0.17983651226158037,5.214285714285714,-0.9745042492917847,-0.35390946502057613,-15.636363636363637,-15.636363636363637,0.0,0.0,0.0,0.765312498405599,0.03874999991927083,1.0613194422333623,0.012916666639756944,1.0677777755532407,0.948298609135489,1.0677777755532407,-0.3702777770063657,0.023680555506221064,-0.39395833251258683,0.6206896551724138,0.7945205479452054,1.8449531776209678,0.5310913694519352,0.3793103448275862,31.70674491136364,0.0,Consumer Defensive
1993-02-28,STZ,1993,Q4,USD,0.336734693877551,0.10884353741496598,0.15306122448979592,0.10884353741496598,0.08163265306122448,0.05102040816326531,0.05102040816326531,0.05102040816326531,2.07773851590106,2.671232876712329,0.39156626506024095,0.8200836820083682,0.27121771217712176,3.0225225225225225,0.7792792792792793,0.04890829694323144,0.033783783783783786,15.04,-0.7780693333333334,-0.7780693333333334,1.764222873900293,3.0693877551020408,10.616470588235295,10.026666666666666,0.3699261992619926,0.7839687194525904,0.43945205479452054,0.37697929354445797,2.1192570869990224,0.6704675028506272,0.40540540540540543,0.30612244897959184,0.9444444444444444,0.36180904522613067,4.0,0.9836065573770492,0.22443890274314215,18.0,18.0,0.0,0.0,0.0,0.6125,0.03125,0.8520833333333333,0.015625,1.065625,0.9520833333333333,1.065625,0.1875,0.010416666666666666,0.17708333333333334,0.625,0.75,1.764222873900293,0.44437056737588654,0.375,28.797777777777778,0.0,Consumer Defensive
1993-05-31,STZ,1994,Q1,USD,0.33884297520661155,0.10909090909090909,0.14380165289256197,0.10909090909090909,0.08925619834710743,0.05619834710743802,0.05619834710743802,0.05619834710743802,1.9579288025889967,2.73972602739726,0.43907793633369924,0.8533145275035261,0.28686581318160265,3.675213675213675,1.0797720797720798,0.05228136882129278,0.008547008547008548,15.931034406617647,0.9972827538542656,0.9972827538542656,2.049783045695364,3.5811912054545454,24.620689537500002,21.88505736666667,0.3328591749644381,0.6641438032166509,0.39909039226833426,0.36933174224343673,1.9952696310312203,0.6586826347305389,0.28205128205128205,0.16363636363636364,0.8888888888888888,0.7052631578947368,5.5,1.1927710843373494,0.14102564102564102,9.0,9.0,0.0,0.0,0.0,0.6450367677887787,0.03625000017325368,0.7612500036383272,0.0031985294270517953,1.1269485347979158,1.0096691224726833,1.1269485347979158,0.10555147109270924,0.01172794123252325,0.093823529860186,0.6296296296296297,0.8181818181818182,2.049783045695364,0.324006877026026,0.37037037037037035,32.93816872758621,0.0,Consumer Defensive
1993-08-31,STZ,1994,Q2,USD,0.3011216566005177,0.09663503019844694,0.10698878343399482,0.09663503019844694,0.0811044003451251,0.04918032786885246,0.04918032786885246,0.04918032786885246,1.5270092226613965,1.9612590799031477,0.5502717391304348,1.474554707379135,0.32629504504504503,2.521694214876033,1.0010330578512396,0.030117852466171977,0.038223140495867766,11.43617659385965,0.1694421266763695,0.1694421266763695,2.0677623024583665,2.249739657808455,20.370689557812497,16.931482229870127,0.3634572072072072,1.0237906423473433,0.5058777429467085,0.4620307167235495,2.816812053925456,0.961028192371476,0.1590909090909091,0.13287316652286454,0.8311688311688312,0.38495575221238937,6.222222222222222,0.7403846153846154,0.1192873741285825,5.923076923076923,5.923076923076923,0.0,0.0,0.0,1.2356985353176768,0.0607720591139841,1.3956250066702667,0.039448529600305475,1.3444485358374378,0.9979411812401601,1.3444485358374378,0.16419117725532548,0.027720588367782222,0.13647058888754326,0.6063829787234043,0.8392857142857143,2.0677623024583665,0.495120082772646,0.39361702127659576,31.140711801612902,0.0,Consumer Defensive
1993-11-30,STZ,1994,Q3,USD,0.3093851132686084,0.08478964401294499,0.10485436893203884,0.08478964401294499,0.05954692556634304,0.036893203883495145,0.036893203883495145,0.036893203883495145,1.2520259319286873,2.3246187363834423,0.42782678428227744,0.9692597239648683,0.2644642245806231,2.0987124463519313,0.7607296137339056,0.022593068035943516,0.018776824034334765,15.95,-0.8979259259259262,-0.8979259259259262,1.8677966101694914,2.3537864077669903,-7.498144329896907,-7.498144329896907,0.44813420061622733,1.344632768361582,0.5734939759036145,0.4792725327627708,3.000513610683102,0.8775915932973587,-0.2601931330472103,-0.313915857605178,1.0,0.14682080924855492,3.358974358974359,-0.5871670702179177,-0.1852559205500382,0.0,0.0,0.0,0.0,0.0,1.355263157894737,0.05,2.3307017543859647,0.03070175438596491,1.7078947368421054,1.4131578947368422,1.7078947368421054,-0.42543859649122806,0.0,-0.42543859649122806,0.6195652173913043,0.7022900763358778,1.8677966101694914,0.719903206291591,0.3804347826086957,38.39259259259259,0.0,Consumer Defensive
1994-02-28,STZ,1994,Q4,USD,0.32,0.09714285714285714,0.12071428571428572,0.09714285714285714,0.065,0.04071428571428572,0.04071428571428572,0.04071428571428572,1.530054644808743,2.876132930513595,0.41975308641975306,0.8428657435279951,0.2543604651162791,2.2647253474520186,0.7637326273990734,0.02572163475278651,0.037061548643282594,19.65714281403509,-1.585253452744764,-1.585253452744764,2.235325965885287,3.2013061154285714,18.368149842622948,18.368149842622948,0.43659156976744184,1.198503740648379,0.5451451905626135,0.4663295182326324,2.745137157107232,0.7072493053801465,0.1614824619457313,0.1742857142857143,1.0,0.1939655172413793,3.022222222222222,0.37480798771121354,0.10153974198918019,0.0,0.0,0.0,0.0,0.0,1.0745614058652662,0.04375000009594298,1.8789473725415513,0.04298245623461065,1.5389254419713276,1.2157894763504156,1.5389254419713276,0.18728070216508927,0.0,0.18728070216508927,0.6263736263736264,0.6691176470588235,2.235325965885287,0.5361650868551152,0.37362637362637363,40.40726959526627,0.0,Consumer Defensive
1994-05-31,STZ,1995,Q1,USD,0.3035019455252918,0.09987029831387809,0.1245136186770428,0.09987029831387809,0.07003891050583658,0.04345006485084306,0.04345006485084306,0.04345006485084306,1.570264765784114,3.131195335276968,0.49837587006960554,0.9194991055456172,0.2659537771645395,2.1627906976744184,0.770671834625323,0.02844873859366613,0.009689922480620155,14.048780453731343,0.8204487784979102,0.8204487784979102,1.8171202517374516,2.441681687159533,34.54195561100917,28.097560907462686,0.3882373232149017,1.0863899613899615,0.5207032153597039,0.46265560165975106,2.798262548262548,0.8310428455941795,0.08656330749354005,0.08690012970168612,0.8134328358208955,0.294921875,3.422222222222222,0.28693790149892934,0.05952909817858729,5.36,5.36,0.0,0.0,0.0,1.1795149282338981,0.05125000012430037,1.7562686609760247,0.011473880624843367,1.5849253769783638,0.9936380621114356,1.5849253769783638,0.10250000024860074,0.019123134374738945,0.0833768658738618,0.6203703703703703,0.7012987012987013,1.8171202517374516,0.5978635482991301,0.37962962962962965,31.25558938333333,0.0,Consumer Defensive
1994-08-31,STZ,1995,Q2,USD,0.31398562741846325,-0.027639579878385848,-0.008291873963515755,-0.027639579878385848,-0.05638474295190713,-0.03482587064676617,-0.03482587064676617,-0.03482587064676617,1.4815724815724816,1.6437086092715232,0.4121554300896712,0.9310344827586207,0.21884829421727559,1.9059613769941226,0.6418975650713686,-0.004498714652956298,0.006297229219143577,-20.057059048809524,0.10414242198420329,0.10414242198420329,2.4752100295298725,2.794018175953566,16.148175336421726,14.909672213274337,0.4102346963464796,1.6606268364348677,0.6241487207804159,0.5860531116967362,4.0479921645445645,0.9140980293077312,0.14231738035264482,0.18739635157545606,0.9233038348082596,0.043557168784029036,-0.9803921568627451,0.678,0.09997051017398997,13.038461538461538,13.038461538461538,0.0,0.0,0.0,1.3636274927594885,-0.04748951467321602,2.594585865162056,0.011307027303146672,1.539263316868367,0.1959884732545423,1.539263316868367,0.25553881705111475,0.01959884732545423,0.23593996972566053,0.6176470588235294,2.04,2.4752100295298725,0.6709034048113799,0.38235294117647056,-562.0252586866667,0.0,Consumer Defensive
1994-11-30,STZ,1995,Q3,USD,0.3108829568788501,0.09856262833675565,0.12566735112936345,0.09856262833675565,0.06899383983572896,0.042299794661190965,0.042299794661190965,0.042299794661190965,1.496619545175169,2.485925925925926,0.4777904328018223,1.2487179487179487,0.26530834604488995,2.1097796675686125,0.7522226517201391,0.028166666666666666,0.03440278314650174,13.6393442407767,-0.052331894300233696,-0.052331894300233696,1.7682220979232222,2.307765842792608,-8.948104820382166,-8.948104820382166,0.33961647417738067,0.9808055380742605,0.49515488482922954,0.43712362734679416,2.8879798615481436,0.9683833764167826,-0.24275222265172014,-0.25790554414784395,1.0,0.3342579750346741,3.3333333333333335,-0.9676425269645609,-0.20147577799165864,0.0,0.0,0.0,0.0,0.0,1.8026092261448932,0.07625000012029733,2.360788838676002,0.06588592243404333,2.3526456347796594,1.0415898074685277,2.3526456347796594,-0.46490291335482253,0.0,-0.46490291335482253,0.6130952380952381,0.7,1.7682220979232222,0.5546845835860875,0.3869047619047619,28.25950923921569,0.0,Consumer Defensive
1995-02-28,STZ,1995,Q4,USD,0.3006164058795638,0.10621147463252727,0.13513513513513514,0.10621147463252727,0.07728781412991939,0.0474158368895211,0.0474158368895211,0.0474158368895211,1.750207468879668,3.248898678414097,0.4612257661038149,1.0771195097037793,0.2532116700684356,2.4583987441130297,0.7849293563579278,0.0319001386962552,0.016221873364730507,18.52,-1.0239681159420286,-1.0239681159420286,2.2571602681291894,3.512565196775723,27.849624060150376,27.849624060150372,0.3418177452275183,0.8674588665447898,0.4645129711209006,0.4221830985915493,2.5377818403412555,0.7454931071049841,0.1391941391941392,0.12612612612612611,1.0,0.49443207126948774,0.0,0.5924276169265034,0.09343168247277836,0.0,0.0,0.0,0.0,0.0,1.318125,0.0625,1.779375,0.019375,2.05125,1.005625,2.05125,0.16625,0.0,0.16625,0.6134969325153374,0.7276785714285714,2.2571602681291894,0.38431425485961124,0.38650306748466257,35.873684210526314,0.0,Consumer Defensive
1995-05-31,STZ,1996,Q1,USD,0.30655296229802514,0.1099640933572711,0.13240574506283662,0.1099640933572711,0.07764811490125673,0.04757630161579892,0.04757630161579892,0.04757630161579892,1.8849407783417935,3.7409200968523004,0.5342323651452282,1.1068057625434675,0.27533366287691546,2.678181818181818,0.9254545454545454,0.03321268895039387,0.05333333333333334,20.41509433962264,3.3577457795431993,3.3577457795431993,2.5496318114874814,3.8850987432675046,45.31937172774869,30.80427046263345,0.33440434997528423,0.7970544918998528,0.4435338469103426,0.4067796610169492,2.3835051546391752,0.8020158387329014,0.1703030303030303,0.12612208258527827,0.6797153024911032,0.49673202614379086,3.0246913580246915,0.7433862433862434,0.10384331116038432,3.1222222222222222,3.1222222222222222,0.0,0.0,0.0,1.3925,0.06625,1.741875,0.055,2.121875,1.08375,2.121875,0.175625,0.05625,0.119375,0.6127167630057804,0.7061224489795919,2.5496318114874814,0.3126155268022181,0.3872832369942196,38.21694915254237,0.0,Consumer Defensive
1995-08-31,STZ,1996,Q2,USD,0.2862129144851658,0.0968586387434555,0.1099476439790576,0.0968586387434555,0.07111692844677138,0.04363001745200698,0.04363001745200698,0.04363001745200698,1.9861351819757365,2.634460547504026,0.6370716510903427,1.053793103448276,0.29164015778088814,2.2969107551487413,0.8278032036613272,0.029953917050691243,0.02402745995423341,23.50338783825,-3.8006697894535972,-3.8006697894535972,2.6715985039215684,4.101812886256544,14.553181323993808,11.549576333292384,0.2901132459600458,0.6479113384484229,0.3931712364200724,0.3611111111111111,2.233304916169366,0.9102462271644162,0.465675057208238,0.3551483420593368,0.7936117936117936,0.5338983050847458,3.5238095238095237,2.797250859106529,0.3570175438596491,4.845238095238095,4.845238095238095,0.0,0.0,0.0,1.4408263282320684,0.06286327784607629,1.4728865999335674,0.02640257669535204,2.2121587474034246,1.1629706401524114,2.2121587474034246,0.5117070816670609,0.10561030678140816,0.4060967748856528,0.6134969325153374,0.7342342342342343,2.6715985039215684,0.24251822925389838,0.38650306748466257,46.18791720357143,0.0,Consumer Defensive
1995-11-30,STZ,1996,Q3,USD,0.296218487394958,0.09523809523809523,0.1207983193277311,0.09523809523809523,0.06057422969187675,0.036414565826330535,0.036414565826330535,0.036414565826330535,1.489827856025039,2.7016129032258065,0.5453065653825285,1.1451483560545308,0.25987261146496815,1.735424681858538,0.6445693992305416,0.02404891304347826,0.0038472920982539215,16.199184615384617,3.5985331538461547,3.5985331538461547,1.8564354820936642,2.359545098039216,-5.116826727410783,-5.40405838011227,0.462056414922657,1.3988980716253443,0.5831419384474047,0.4820205479452055,3.0275482093663912,1.202020202020202,-0.3690440958863569,-0.436624649859944,1.0561347233360063,0.15341856586992775,2.7474747474747474,-0.7335294117647059,-0.24556912170145725,-17.814285714285713,-17.814285714285713,0.0,0.0,0.0,1.775766016713092,0.06466374850775965,3.218886788698766,0.008082968563469956,2.2570135296458416,0.6205232789494628,2.2570135296458416,-0.7753432152805412,0.04352367688022284,-0.818866892160764,0.6011560693641619,0.6360294117647058,1.8564354820936642,0.7535398267909019,0.3988439306358382,34.21408927536232,0.0,Consumer Defensive
1996-02-29,STZ,1996,Q4,USD,0.24659182036888533,0.0,-0.06295108259823577,-0.08019246190858059,-0.04290296712109062,-0.02846832397754611,-0.02846832397754611,-0.02846832397754611,1.7563380281690142,3.131666666666667,0.5494152046783626,0.9936254980079682,0.23639810426540284,1.7266666666666666,0.5866666666666667,-0.0040114613180515755,0.01,-26.643485915492956,0.15801337449881772,0.15801337449881772,2.1195378151260504,3.033981555733761,24.56737012987013,18.964285714285715,0.4161137440758294,1.2296918767507004,0.5515075376884422,0.47883211678832116,2.955182072829132,1.0692390139335477,0.133,0.1599839615076183,0.7719298245614035,-0.11897738446411013,2.150537634408602,0.35945945945945945,0.09088838268792711,4.384615384615384,4.384615384615384,0.0,0.0,0.0,1.5655994978028875,-0.044569993722536096,2.697426239799121,0.018832391713747645,2.2410546139359697,2.2410546139359697,2.2410546139359697,0.2504708097928437,0.057124921531701206,0.1933458882611425,0.6635514018691588,0.535,2.1195378151260504,0.5801698219182608,0.3364485981308411,-75.96656050955414,0.0,Consumer Defensive
1996-05-31,STZ,1997,Q1,USD,0.29475587703435807,0.08318264014466546,0.11428571428571428,0.08318264014466546,0.05135623869801085,0.03074141048824593,0.03074141048824593,0.03074141048824593,1.8396540252827678,3.7572254335260116,0.6241997439180538,1.0920221169036335,0.2702834799608993,1.7937269372693727,0.6409594095940959,0.025948406676783005,0.00959409594095941,17.581395361764706,-0.0796880318226327,-0.0796880318226327,1.6422182480769232,2.1619075670886074,23.534151271653542,15.171762494923858,0.4381231671554252,1.2313186813186814,0.5518345235163753,0.4658840792369773,2.8104395604395602,1.276841376125606,0.14538745387453875,0.14249547920433997,0.6446700507614214,0.18566308243727597,2.6136363636363638,0.30145371078806427,0.08790718429272647,2.8142857142857145,2.8142857142857145,0.0,0.0,0.0,1.7484558810673119,0.05374999996047794,2.8898529390515786,0.016441176458499136,2.3017647041898788,0.5077794113913386,2.3017647041898788,0.24914705864033304,0.08852941169961073,0.1606176469407223,0.5985915492957746,0.6173913043478261,1.6422182480769232,0.7497899154150705,0.4014084507042254,33.017957034810124,0.0,Consumer Defensive
1996-08-31,STZ,1997,Q2,USD,0.2811604584527221,0.060530085959885384,0.09169054441260745,0.060530085959885384,0.03187679083094556,0.017550143266475644,0.017550143266475644,0.017550143266475644,1.8332239001969797,1.9428848015488867,0.6109589041095891,1.0970530451866405,0.2689269890194568,1.656755863891642,0.5715229600264288,0.020208023774145618,0.006607201850016518,23.04,-0.550912,-0.550912,1.2365388828039432,1.6174212034383955,10.60056338028169,8.959999999999999,0.3949142747062223,1.122672508214677,0.5288957688338494,0.45687091017251635,2.8428258488499454,1.3491181444793428,0.16650148662041625,0.18051575931232092,0.8452380952380952,0.19494584837545126,2.1125,0.490272373540856,0.12292682926829268,6.461538461538462,6.461538461538462,0.0,0.0,0.0,1.780612244897959,0.03125,2.6658163265306123,0.012755102040816327,2.329081632653061,0.5299744897959183,2.329081632653061,0.32142857142857145,0.04974489795918367,0.27168367346938777,0.550561797752809,0.5266272189349113,1.2365388828039432,0.9079152494331065,0.449438202247191,33.5775,0.0,Consumer Defensive
1996-11-30,STZ,1997,Q3,USD,0.2842304060434372,0.07333962858042178,0.10072395341517154,0.07333962858042178,0.04627006610009443,0.02612527541706012,0.02612527541706012,0.02612527541706012,1.6037354871277132,2.85678391959799,0.6086723768736617,1.2647292993630572,0.28378740509155875,1.755120213713268,0.6461858118135946,0.02234196346431857,0.014841199168892847,15.720930268072289,0.21869560772918345,0.21869560772918345,1.4554793220858895,1.6428545322631412,-6.7086746131105395,-7.024695624495289,0.4649397052255471,1.451477969882878,0.5920828119667843,0.4938602681721948,3.12186279977691,1.4020300088261253,-0.2205402196497477,-0.23386842933585142,1.047106325706595,0.14285714285714285,2.7093023255813953,-0.43552168815943726,-0.14274735830931795,-21.228571428571428,-21.228571428571428,0.0,0.0,0.0,2.0573945736655244,0.05374999987857681,3.4264005946692757,0.032379517999142654,2.322259030898511,0.5284337337460081,2.322259030898511,-0.48115963746725987,0.02266566259939986,-0.5038253000666597,0.564625850340136,0.630901287553648,1.4554793220858895,0.9972508354173818,0.43537414965986393,32.419840153125,0.0,Consumer Defensive
1997-02-28,STZ,1997,Q4,USD,0.27675840978593275,0.07071865443425077,0.09365443425076453,0.07071865443425077,0.03784403669724771,0.022553516819571864,0.022553516819571864,0.022553516819571864,1.8345021037868163,2.9795275590551182,0.5793018983466014,1.0480769230769231,0.2562444901557449,2.0316301703163018,0.7072181670721817,0.018134715025906734,0.040551500405515,23.955425898305084,-0.9205727952348669,-0.9205727952348669,1.5501728851110501,2.1611164036697246,6.573814548837208,6.125114314192849,0.42746596140660204,1.196599945160406,0.5447509674197978,0.48166571915861284,2.799287085275569,1.028301886792453,0.3742903487429035,0.35282874617737003,0.9317443120260022,0.19321394910461828,2.1511627906976742,0.9466666666666667,0.2115032080659945,14.65079365079365,14.65079365079365,0.0,0.0,0.0,1.7768594016867463,0.040074428401956436,3.0225628201475616,0.06792276000331599,2.477143057320934,0.641190854431303,2.477143057320934,0.6269270748306066,0.042791338802089074,0.5841357360285175,0.5959595959595959,0.5351351351351351,1.5501728851110501,0.7719138662876849,0.40404040404040403,40.47951229387755,0.0,Consumer Defensive
1997-05-31,STZ,1998,Q1,USD,0.2928104575163399,0.08333333333333333,0.11241830065359477,0.08333333333333333,0.05555555555555555,0.032679738562091505,0.032679738562091505,0.032679738562091505,1.9029850746268657,4.0,0.7454357561143644,1.2665562913907285,0.3117041866150555,2.1842592592592593,0.8402777777777778,0.030711732206694833,0.007407407407407408,14.296296282,0.20541248809516244,0.20541248809516244,1.5611571151515151,1.868796899607843,14.085020967487685,12.115505323728813,0.3981868187837425,1.0671580671580672,0.5162440570522979,0.4731770458794765,2.68004368004368,1.1995295962367698,0.21851851851851853,0.1542483660130719,0.8601694915254238,0.38920454545454547,3.0,0.7625201938610663,0.12074699411614223,7.151515151515151,7.151515151515151,0.0,0.0,0.0,2.0655000020655,0.0675000000675,2.69595000269595,0.0108000000108,2.472525002472525,0.6615000006615,2.472525002472525,0.3186000003186,0.04455000004455,0.27405000027405,0.5882352941176471,0.6666666666666666,1.5611571151515151,0.6835686535333096,0.4117647058823529,27.940460793023256,0.0,Consumer Defensive
1997-08-31,STZ,1998,Q2,USD,0.309452736318408,0.09419568822553898,0.12271973466003316,0.09419568822553898,0.06965174129353234,0.041127694859038146,0.041127694859038146,0.041127694859038146,1.8738346799254195,1.7278008298755188,0.6218637992831542,1.2221321443048236,0.2918683446272991,1.8376279562301447,0.6558418637486764,0.032129742962056305,0.015178256265442993,15.194029800201614,0.6292006205604964,0.6292006205604964,1.9863570851080652,2.499581685207297,34.10062796787331,22.362726352818992,0.3565343659244918,0.97074327886136,0.4925772368597031,0.4407429245283019,2.7227200843437007,1.2228756844453457,0.11895517119661136,0.11177446102819237,0.655786350148368,0.37027379400260757,3.8378378378378377,0.4862914862914863,0.09150149334781428,2.9051724137931036,2.9051724137931036,0.0,0.0,0.0,2.036340732580569,0.08375000027860383,2.5374899277960856,0.02904233880629004,2.562479847234056,0.7672580670684996,2.562479847234056,0.2276108878539475,0.07834677445417777,0.14926411339976972,0.5904761904761905,0.7394366197183099,1.9863570851080652,0.4887053219882405,0.4095238095238095,30.206050759189193,0.0,Consumer Defensive
1997-11-30,STZ,1998,Q3,USD,0.3303377750232414,0.11682677409358537,0.14347691354198946,0.11682677409358537,0.0923458320421444,0.05453982026650139,0.05453982026650139,0.05453982026650139,1.7443243243243243,3.0959885386819486,0.5152598950882212,1.3367854183927093,0.28519664162616,1.625974025974026,0.5366233766233767,0.035753275109170306,0.0059740259740259745,12.829787230397727,0.2969989419633507,0.2969989419633507,2.265405119187359,2.798937158413387,-7.826837270537261,-8.181313596195652,0.4210340256296951,1.1948833709556057,0.5443949262941378,0.40845697329376857,2.837973413594181,1.3493623249006899,-0.28675324675324676,-0.3421134180353269,1.0452898550724639,0.1631578947368421,4.772151898734177,-0.5489806066633516,-0.23173803526448364,-22.08,-22.08,0.0,0.0,0.0,2.154389205157497,0.11750000003338068,3.2332528418276287,0.015355113640725884,2.6617755689380043,0.8979403411641876,2.6617755689380043,-0.7370454547548425,0.03338068182766497,-0.7704261365825075,0.5906040268456376,0.7904509283819628,2.265405119187359,0.5274479874858903,0.40939597315436244,29.747667840604752,0.0,Consumer Defensive
1998-02-28,STZ,1998,Q4,USD,0.32802547770700635,0.08987968860580325,0.11606510969568294,0.08987968860580325,0.06050955414012739,0.03573956121726822,0.03573956121726822,0.03573956121726822,1.9817671809256663,3.6449136276391556,0.48197969543147207,1.1581967213114754,0.26332463660081995,1.9918813978115073,0.601129544652312,0.026595744680851064,0.004235792446170138,25.689948191336633,-0.5905735216399227,-0.5905735216399227,2.4996963076348746,3.6725899042108985,20.633676082107353,17.80229685986278,0.39619828550130454,1.0240847784200386,0.5059495478343646,0.4268360022087245,2.5847784200385355,1.0827586206896551,0.20578891634309918,0.20629865534324132,0.8627787307032591,0.2075623491552695,3.0602409638554215,0.5025862068965518,0.13711194731890874,7.2875,7.2875,0.0,0.0,0.0,1.8978432609664297,0.06782808540608967,2.9112351508455316,0.008058782424485902,2.788338718872122,1.0100340638688996,2.788338718872122,0.3915225127896067,0.053725216163239345,0.33779729662636737,0.5906432748538012,0.6732283464566929,2.4996963076348746,0.409683678490125,0.4093567251461988,44.56932643079268,0.0,Consumer Defensive
1998-05-31,STZ,1999,Q1,USD,0.3243847874720358,0.09811441355065516,0.12847555129434324,0.10099073186321508,0.0738255033557047,0.04186641099392777,0.043464365612016616,0.04186641099392777,1.8449292452830188,4.804545454545455,0.5825296224855332,1.2839556832170702,0.2942448749294715,2.0931021485111194,0.7252167357708255,0.035037878787878785,0.003015454202789295,16.26491599742647,0.559777311992647,0.559777311992647,2.0586585161935784,2.827777022243528,51.44252501511628,38.807518871052636,0.38311077675380856,0.9478827361563518,0.4866220735785953,0.41372254808348113,2.4741740344346206,1.0959719789842381,0.08594044477949492,0.0728667305848514,0.7543859649122807,0.27264653641207814,3.7176470588235295,0.21902017291066284,0.055964653902798235,4.071428571428571,4.071428571428571,0.0,0.0,0.0,2.089980912042021,0.09083969448313035,2.777958009965729,0.005343511440184139,2.870801521238928,1.1041030513280476,2.870801521238928,0.15229007604524794,0.03740458008128897,0.11488549596395897,0.5887445887445888,0.7310126582278481,2.0586585161935784,0.46043708983312565,0.41125541125541126,32.124662444278606,0.0,Consumer Defensive
1998-08-31,STZ,1999,Q2,USD,0.31539782484258727,0.1021751574127075,0.12220950200343446,0.09759587864911276,0.0767029192902118,0.04779622209502003,0.045220377790498,0.04779622209502003,2.260025873221216,3.6463414634146343,0.6913294797687861,1.4191714053614948,0.3334924119499857,1.9554186299383836,0.7013410656034795,0.03824451410658307,0.005436752446538601,12.260759456962026,0.4768073122151895,0.4768073122151895,1.8913351175982427,2.2177446985689753,13.546853106293705,11.794216098630137,0.3669943686169705,0.9384915792042958,0.4841349785948124,0.42059114693819827,2.557237002684891,1.2622832369942196,0.23812975715839071,0.18803663423010875,0.8706240487062404,0.3358050847457627,4.671232876712328,0.7543053960964409,0.17087126137841352,7.729411764705882,7.729411764705882,0.0,0.0,0.0,2.353742522017193,0.10643712606717702,2.639371265387339,0.01010479044941554,2.7599550980836978,0.9949850329191169,2.7599550980836978,0.44258982168440064,0.057260479213354726,0.38532934247104594,0.5895522388059702,0.7859237536656891,1.8913351175982427,0.4962058656194477,0.41044776119402987,27.116627580327865,0.0,Consumer Defensive
1998-11-30,STZ,1999,Q3,USD,0.329073482428115,0.11155484558040468,0.13258785942492013,0.10915867944621938,0.08892438764643237,0.05378061767838126,0.05244941427050053,0.05378061767838126,2.1611047180667433,3.5294117647058822,0.5714285714285714,1.5175757575757576,0.32179575051405074,1.6996648620778552,0.562773910801753,0.03832705755782679,0.005413766434648105,11.29829847715736,0.4142709441624362,0.4142709441624362,2.101760906515581,2.370356549520767,-24.193095652173913,-30.489928767123285,0.3684030157642221,1.0151085930122756,0.5037488284910965,0.40755244755244757,2.7554296506137868,1.4041121495327102,-0.07527713328177366,-0.0777422790202343,1.2602739726027397,0.246922024623803,5.394736842105263,-0.2106782106782107,-0.06790697674418604,-3.8421052631578947,-3.8421052631578947,0.0,0.0,0.0,2.6240778001341383,0.13763134361725912,3.0572322825843954,0.014671361502347418,2.959423205902079,1.1401743796109993,2.959423205902079,-0.20400178850883077,0.05309635591325732,-0.25709814442208806,0.5898203592814372,0.8146341463414634,2.101760906515581,0.48298005251947557,0.4101796407185629,26.469998393574297,0.0,Consumer Defensive
1999-02-28,STZ,1999,Q4,USD,0.3302133217239878,0.09098824553765782,0.11928602525032651,0.09098824553765782,0.04636482368306487,0.02808010448410971,0.0032651284283848497,0.0032651284283848497,1.7642089093701996,2.5077424612876937,0.6049941014549745,1.0713619402985075,0.2561043594603635,2.0604382374187336,0.8357813628702143,0.010673536989326464,0.0664579821815555,148.51008,-4.125279999999999,-4.125279999999999,2.0470031702274296,1.9396179364388333,-2.851393536,18.60251524008351,0.5158880588694392,2.125890190673099,0.6800911295656648,0.6564325177584847,4.1208362049161495,1.2908120258499578,0.1153383096556706,0.1042664344797562,-6.524008350730689,0.4063047285464098,2.0390243902439025,0.5112059765208111,0.051761400475470065,0.13290788013318536,0.13290788013318536,0.0,0.0,0.0,3.2016614629794824,0.010453835860838537,6.5921888938447815,0.19235057983942908,3.0337031668153434,-0.5150256467439785,3.0337031668153434,0.3338258251561106,2.511708296164139,-2.1778824710080285,0.07042253521126761,0.5095693779904307,2.0470031702274296,1.038537810587223,0.39436619718309857,32.64343941605839,0.0,Consumer Defensive
1999-05-31,STZ,2000,Q1,USD,0.3208223311957752,0.0861354205960015,0.11235194266314598,0.08619388909845341,0.033949453036589965,0.02036967182195398,0.02036967182195398,0.02036967182195398,1.617943240768996,2.6813104988830974,0.6573566995253742,1.1571366215626364,0.26422804744343664,2.461639862905352,1.017400474558397,0.0158465387823186,0.005009227524387028,20.507096296296297,-1.25851769051243,-1.25851769051243,1.977911498102255,1.670891286307054,-4.377008695652174,-158.19760000000002,0.5498853782517692,2.463496316141996,0.7112744150067685,0.7055226824457593,4.480017861129716,1.0659429030960996,-0.01476403901924598,-0.010562052055827989,36.142857142857146,0.9029137931034483,1.6498194945848375,-0.1848184818481848,-0.005075222040964293,-0.028455284552845527,-0.028455284552845527,0.0,0.0,0.0,3.686655170495633,0.07509595594370584,7.864910719252378,0.013211325582688992,3.1143961728875786,-1.1598153195750125,3.1143961728875786,-0.03893864382266229,1.3684151971964176,-1.40735384101908,0.6,0.3938730853391685,1.977911498102255,1.245503814758974,0.4,33.36310094176501,0.0,Consumer Defensive
1999-08-31,STZ,2000,Q2,USD,0.337033462033462,0.10263835263835264,0.13545688545688545,0.10263835263835264,0.05662805662805663,0.033944658944658944,0.033944658944658944,0.033944658944658944,1.803307223672759,2.740026595744681,0.6842105263157895,1.1232381640766174,0.2611435533336134,2.055110220440882,0.8480961923847695,0.021711834257612223,0.008617234468937876,12.358974335545025,0.12358974335545024,0.12358974335545024,2.224562665642994,1.678084674903475,-4.702873913074843,16.122062348068006,0.5743813804982565,2.91576029004052,0.7446217526278525,0.7310119320789353,5.076348901684794,1.1501526505689703,0.12965931863727456,0.10408622908622908,-3.428129829984544,0.5769547325102881,2.230769230769231,0.6964477933261571,0.04732299590403745,0.22582897033158814,0.22582897033158814,0.0,0.0,0.0,4.308483420490016,0.14625000027725119,9.674680113127355,0.029804502426169673,3.250077020379293,-2.304650478302655,3.250077020379293,0.4484537923193437,1.9858116151389793,-1.5373578228196356,0.5994318181818182,0.5517241379310345,2.224562665642994,1.310711689570561,0.4005681818181818,28.574791376722093,0.0,Consumer Defensive
1999-11-30,STZ,2000,Q3,USD,0.34255479969765684,0.11697354497354498,0.14255479969765683,0.11700680272108843,0.07528344671201814,0.045200302343159485,0.045200302343159485,0.045200302343159485,1.6451131559313603,2.376502732240437,0.6420135813404193,1.1783042394014962,0.26115278326095537,1.8288569643972516,0.7710805746408494,0.02298963501498256,0.03856964397251718,8.055704347826087,0.2013926086956522,0.2013926086956522,1.9373863663784436,1.456481088435374,-51.5220449197861,-344.0936571428571,0.5560600078957758,2.832294389704404,0.7390597124567111,0.7160232983097304,5.09350492660366,1.25130048236073,-0.004372267332916927,-0.004232804232804233,6.678571428571429,0.4083424807903403,2.8043478260869565,-0.018111254851228976,-0.0019879304224352146,-0.1761006289308176,-0.1761006289308176,0.0,0.0,0.0,4.572664933915832,0.20668583752695902,9.927141514129293,0.17074047447879223,3.4376209699717966,-2.0951999115191065,3.4376209699717966,-0.019355195487474424,0.1099098600895869,-0.12926505557706133,0.6004016064257028,0.6434108527131783,1.9373863663784436,1.4619151031803799,0.39959839357429716,24.891434146341464,0.0,Consumer Defensive
2000-02-29,STZ,2000,Q4,USD,0.3443108377010029,0.10196161003397393,0.1284237123199581,0.10196161003397393,0.049242273350671224,0.029544605240444714,0.029544605240444714,0.029544605240444714,1.8109052310482707,2.8283325014523824,0.5614081533214228,0.9708971565700563,0.22444270265000163,2.272839711832266,0.8678280395329254,0.01615196468614312,0.07828997962196811,14.317832538041733,-0.3006744832988764,-0.3006744832988764,1.7126199353352278,1.6920588409409507,11.108632433186381,9.721551600675713,0.5611065437495291,2.530377851163505,0.7167442007176568,0.7037272998762781,4.509620996851241,0.9685443421705341,0.20938256617155426,0.1740523437455541,0.8751348700343305,0.5278829239539874,1.934045768566494,1.1357644175424264,0.06962096391136957,8.008641005498822,8.008641005498822,0.0,0.0,0.0,3.6228054555071614,0.10703435704588858,9.248002103219962,0.23577108966486968,3.5793113658928157,-1.985946041874287,3.5793113658928157,0.6305577804652011,0.07873467920865139,0.5518231012565497,0.5999845910859433,0.4829491544343361,1.7126199353352278,1.4774894294735683,0.4000154089140568,32.13564005140249,0.0,Consumer Defensive
2000-05-31,STZ,2001,Q1,USD,0.3455292188940879,0.09813176679531405,0.12965948290583695,0.09813176679531405,0.050952901396905635,0.030571399296424058,0.030571399296424058,0.030571399296424058,1.7494047459004394,2.962257296561959,0.6369020811555955,1.1028058855988143,0.2516350822912638,2.2573421472121904,0.9025392436755316,0.020229689645273916,0.03157506056539712,13.340017875097754,1.4674019662607543,1.4674019662607543,1.8039143111809404,1.6312920523241914,98.4187100762415,47.831956336688194,0.546694598427227,2.4024689166528184,0.7060957720713725,0.6948311164564855,4.3945356759778225,1.049214048051201,0.044964741482568876,0.03410464838279996,0.4860047068248961,0.6797790407393637,2.0799942085640857,0.3002796656041378,0.01569784304986665,1.9455431076473453,1.9455431076473453,0.0,0.0,0.0,4.015222161272628,0.12275095995611629,8.912781130005486,0.09616017553483269,3.630992868897422,3.630992868897422,3.630992868897422,0.13693773998902908,0.07038535381239715,0.06655238617663192,0.5999932969132286,0.5192294306000278,1.8039143111809404,1.3318087792540607,0.40000670308677144,29.15260911940574,0.0,Consumer Defensive
2000-08-31,STZ,2001,Q2,USD,0.34272380743227343,0.1109099750584323,0.1389010023686646,0.1109099750584323,0.06826303157696591,0.04095750521576809,0.04095750521576809,0.04095750521576809,1.7792222653273682,3.042521983487877,0.6933230301846955,1.2026547487213928,0.2724247551023286,2.078470881709337,0.8607335286508183,0.02455497803381407,0.008362113781166506,9.433856759862122,0.18867713519724244,0.18867713519724244,1.7912896452043963,1.5455489497874477,22.903714724068998,16.986862521982,0.5166788529690918,2.19814920868672,0.6873191540645355,0.675499212693191,4.2543819938731176,1.1657748729971216,0.11687212615306497,0.09098495662677061,0.7416640805489466,0.779524884398764,2.600654724684592,0.9052204447912603,0.04797284499763866,3.8709289909236517,3.8709289909236517,0.0,0.0,0.0,4.354439890710383,0.17834699453551914,8.444303278688524,0.028346994535519126,3.7570696721311476,3.7570696721311476,3.7570696721311476,0.39618852459016396,0.10234972677595629,0.29383879781420763,0.5999954040949514,0.6154814437655578,1.7912896452043963,1.2271322030870662,0.4000045959050486,24.73439264579663,0.0,Consumer Defensive
2000-11-30,STZ,2001,Q3,USD,0.36092169821959824,0.13538931695408188,0.16584627456212664,0.13538931695408188,0.09253038151012505,0.05551822890607503,0.05551822890607503,0.05551822890607503,1.6272007815811511,2.465449309108735,0.5748787300770841,1.173926906582137,0.2553246626841702,1.8930684658487575,0.7497083952755134,0.028746855281613283,0.003056540277392057,6.45181930020313,0.19355457900609394,0.19355457900609394,1.5475838736186909,1.4327743230772407,-10.682762230722771,-14.576803593936846,0.5201063350893629,2.200269013212186,0.6875262686131888,0.6585007030700727,4.230421482626516,1.163831541430663,-0.10109290510185745,-0.09829139247462979,1.3645163375456515,0.43719243021231413,3.1589519326983657,-0.3903143606822081,-0.048252087958187036,-2.743361262579244,-2.743361262579244,0.0,0.0,0.0,4.278412797651408,0.23752990105469174,8.89866260737197,0.01271474393824073,3.9610131020985104,3.9610131020985104,3.9610131020985104,-0.4205311514624334,0.15329047515494182,-0.5738216266173752,0.6,0.6834393111053756,1.5475838736186909,1.4217445986092705,0.4,20.90394644345053,0.0,Consumer Defensive
2001-02-28,STZ,2001,Q4,USD,0.2831089004812164,-1.2049415665817462,-1.1766255298343131,0.10562129851223628,0.05629753803962223,0.033778890445152726,0.033778890445152726,0.033778890445152726,1.731160623937988,3.397559084613173,0.5820977943876134,0.9916589806311906,0.21656106734857408,2.7881566626088583,1.2196156007116772,0.01781844094180023,0.34102444049068265,17.91407302606519,-0.3307213481735112,-0.3307213481735112,2.136777635703947,2.4204700406956867,20.963920145190563,15.017878746407556,0.5436724201277859,2.2162387143255855,0.6890778052182951,0.6796452678555184,4.076422919898485,0.8302735667144601,0.20527202921621876,0.16117256515169895,0.7163678664294512,-11.17854694996573,0.0,1.5024674434544207,0.06419987743420143,3.5256936067551266,3.5256936067551266,0.0,0.0,0.0,3.2968803025161195,0.111364958549474,8.276754981335143,0.882775003636011,3.7345954331701168,3.7345954331701168,3.7345954331701168,0.5313666553546322,0.15071265816648083,0.38065399718815146,0.6000065299725741,0.5330131217152205,2.136777635703947,1.0371873410194414,0.3999934700274259,-3.9631897320696297,0.0,Consumer Defensive
2001-05-31,STZ,2002,Q1,USD,0.3363208796000685,0.13070657675476163,0.16506206101758267,0.10889567208110759,0.06188659263989036,0.0371322670570463,0.0371322670570463,0.0371322670570463,1.7150465547358693,2.760178504346024,0.5632418772658605,1.1012571389370058,0.23437297536621804,2.376689132282912,0.877330204925261,0.02343489150711731,0.007409491838461584,16.714072893511723,0.6128493394287627,0.6128493394287627,2.0411814886285495,2.4825256731712635,-5.225997167436005,46.07493597710784,0.5080916000442385,1.7824705133639032,0.6406071528172145,0.6236514264868103,3.5081676477404997,0.880484430299382,0.0685600933766396,0.05388017629378144,-8.816486978639766,0.6340603424614151,1.5823263181715321,0.3533948252791142,0.024853898844480842,0.10186943681338904,0.10186943681338904,0.0,0.0,0.0,3.891198429243225,0.1444890192466185,8.703428758423426,0.022658408881563,4.732553206961749,4.732553206961749,4.732553206961749,0.20965845736171038,2.0581095166529306,-1.8484510592912202,0.6000050329659268,0.5683108562275646,2.0411814886285495,0.8732543006558069,0.39999496703407317,28.138379439181794,0.0,Consumer Defensive
2001-08-31,STZ,2002,Q2,USD,0.32052108478416247,0.12002346499804459,0.14898520626272707,0.12002346499804459,0.08076544441897159,0.04845926665138295,0.04845926665138295,0.04845926665138295,1.8222589198607129,3.3706892514767763,0.6551070903386611,1.3230927893914197,0.2551096411029511,2.0328336913785416,0.7858360017834705,0.02777920251769285,0.01097320740950914,12.499701118717649,0.2499940223743531,0.2499940223743531,2.1387323003081935,2.4229053982981132,-20.016232620320856,25.168551376339565,0.4984895299188671,1.7248412905314758,0.6330061484773847,0.604525894028605,3.4601354431901643,1.1136299639192482,0.11573912691013741,0.0962671773225628,-1.2574070182811514,0.44608571016106746,3.057297928618048,0.4330431617580151,0.04926620035680641,0.4429861305035837,0.4429861305035837,0.0,0.0,0.0,4.37078558966379,0.21180506436553967,8.712194086858112,0.039892488329325224,4.9515313339934925,4.9515313339934925,4.9515313339934925,0.42076319139906637,0.9498337812986278,-0.5290705898995615,0.6,0.6729137874855339,2.1387323003081935,0.8064783471418674,0.4,29.31699847026983,0.0,Consumer Defensive
2001-11-30,STZ,2002,Q3,USD,0.3381976091320998,0.14242468661412377,0.16973617738596,0.14242468661412377,0.10828663192308598,0.06497145564434859,0.06497145564434859,0.06497145564434859,1.6125317884917745,2.3243668122270744,0.6078527303522465,1.3603683321256188,0.24430893646056856,1.7395381554051768,0.6964707770509604,0.031730124515684834,0.011853936035890317,8.284604677396613,0.24853814032189828,0.24853814032189828,1.8172153397674315,2.153051301313747,3.490537916401443,92.98499434772779,0.4791764388770423,1.6554196984140837,0.6234116962387386,0.581734445466554,3.454718479676476,1.245598848421715,0.022183185566635445,0.023154825317966584,26.639158941894642,0.3636640865008132,4.172021162398405,0.0738606950219595,0.01180552775219869,0.03900283945609425,0.03900283945609425,0.0,0.0,0.0,4.398408897280619,0.2857710285753759,8.77699233231251,0.054422160307628545,5.211270119044878,5.211270119044878,5.211270119044878,0.10184438969352276,2.6112044946924864,2.7130488843860094,0.5999951655204921,0.7603080231201125,1.8172153397674315,0.9109650695695456,0.40000483447950785,24.16710889730205,0.0,Consumer Defensive
2002-02-28,STZ,2002,Q4,USD,0.32812555675649996,0.1109563740453482,0.14213473804235507,0.1109563740453482,0.07065908092121673,0.04239515161593006,0.040087952680151556,0.040087952680151556,1.754377191200296,2.9494111436262083,0.5819767845614504,1.163762777228715,0.2194393990978649,2.068594277649905,0.7621881352799852,0.022710014765933227,0.015055190604996556,22.107594533535792,-0.4761635745684632,-0.4761635745684632,2.49829308511974,3.544992814129441,-5.86376775860333,26.64110058577406,0.46575030502853176,1.4957760302008085,0.5993230210166172,0.575024267214604,3.211540634652247,1.098901170616307,0.15057710723946172,0.13306480348722577,-4.54334170153417,0.4646050399806155,2.6043350989684972,0.6571518653214453,0.06269380868472761,0.1803966007946508,0.1803966007946508,0.0,0.0,0.0,3.833576177033057,0.1536802203806575,8.29992145524087,0.05100286859120299,5.439714051543575,5.439714051543575,5.439714051543575,0.510114060650214,2.827736544941262,-2.3176224842910482,0.567343250966549,0.6368185832418979,2.49829308511974,0.5987191971630174,0.4000042023869558,39.78016838322853,0.0,Consumer Defensive
2002-05-31,STZ,2003,Q1,USD,0.27009235046021135,0.13246966981590005,0.15691411083596196,0.13246966981590005,0.09486686771216489,0.05758458781306775,0.05758458781306775,0.05758458781306775,1.5419659596106003,3.0466974123458694,0.6169772391568823,1.1184569061944707,0.2095768874776598,2.1039410783490315,0.8220478646578627,0.02550227729702306,0.010960148406153312,17.522214937515052,0.43805537343787637,0.43805537343787637,2.5955544148149174,4.036038098995132,87.27883634909527,61.84389034497415,0.45070264698036516,1.382998163693859,0.5803605662666936,0.5590165338591445,3.0685379217533404,1.000537317344866,0.07071499773750745,0.06526171100300336,0.708578309839201,0.551417004048583,3.522866978116548,0.36387771935251056,0.03034671829666853,3.431453573164803,3.431453573164803,0.0,0.0,0.0,3.6520963475716135,0.21030446282852158,7.991293826326749,0.03694073949012325,5.678940852045698,-1.3905565873149868,5.678940852045698,0.23834205639034273,0.06945804490967415,0.1688840114806686,0.6070042070724299,0.7161402896527657,2.5955544148149174,0.5328334308076824,0.39299579292757014,39.36203794634089,0.0,Consumer Defensive
2002-08-31,STZ,2003,Q2,USD,0.28016862712124857,0.15315320539398034,0.17509850595674725,0.15315320539398034,0.11839125783191216,0.0718636834124377,0.0718636834124377,0.0718636834124377,1.5837584663069681,3.097765938199899,0.6462959395646447,1.1606428067861174,0.21673664935218362,2.169086416003196,0.9008153138355737,0.030749594424681788,0.04129393722793296,12.85513102154442,0.3856539306463324,0.3856539306463324,2.363980045888151,3.6952682638307004,51.664401070169035,35.79327697816472,0.4296812258302091,1.2682704025136469,0.5591354545331887,0.5438481899647566,2.9516542177591223,1.0074903878103194,0.11755937396311196,0.10323917159317257,0.6928034824124131,0.8371072328617138,4.405771716918971,0.8688146593792699,0.05207514498630025,3.255245234721397,3.255245234721397,0.0,0.0,0.0,3.8454582957041397,0.27634879753821456,7.757311212942213,0.13945100400263125,6.011049046169627,-1.0931977567425941,6.011049046169627,0.3970019288445886,0.1219576100166126,0.27504431882797603,0.6070016040750854,0.7730250080457377,2.363980045888151,0.5364979305640272,0.3929983959249146,32.219054013776656,0.0,Consumer Defensive
2002-11-30,STZ,2003,Q3,USD,0.2891387756152328,0.1733852127430493,0.19319617703103692,0.1733852127430493,0.14356312950395392,0.08714223996077895,0.08714223996077895,0.08714223996077895,1.5393735588810453,2.4108811978963325,0.5963592528083314,1.2323713642425225,0.22104488590149152,2.060459709691067,0.8233380045512749,0.0360193697841766,0.04207750660974996,8.25406005221932,0.28889210182767633,0.28889210182767633,1.8506554138107665,2.8771091268847027,132.0813827406118,63.04222683838803,0.40537324388704,1.1796246415242928,0.5412054071380553,0.524375075098716,2.9099716355552148,1.009631010664736,0.04736530657854604,0.04563780930931134,0.47729835598551845,0.9134918050580701,5.813987284287012,0.3806135357368754,0.024885718294673256,1.9131372771658908,1.9131372771658908,0.0,0.0,0.0,4.087436201189066,0.35618834626839235,7.617827131516889,0.16571637345969464,6.354505496938764,0.2443674368654717,6.354505496938764,0.18654163391384254,0.09750561872391307,0.08903601518992947,0.6069959624165125,0.8280009998125352,1.8506554138107665,0.6374091215042974,0.3930040375834874,24.174711605866023,0.0,Consumer Defensive
2003-02-28,STZ,2003,Q4,USD,0.2713993452102034,0.13795146960188903,0.16018614650998264,0.13065629048410957,0.13123665842819823,0.07966047709613895,0.07966047709613895,0.07966047709613895,1.6362870995627607,2.781274660525039,0.5803073988428027,1.0839296295743017,0.20430744009535937,2.2728687919508963,0.8718079725499309,0.03291915387073762,0.023598447047887248,10.725085638492148,-0.4826288537321469,-0.4826288537321469,1.8993609444894568,3.4174617554369298,32.321733312091766,25.135081147439436,0.3959284554473412,1.077051261974631,0.5185482331094177,0.5035170486116246,2.720317893690467,0.8710859862500967,0.1517221227324302,0.13596382424192308,0.7776526371509984,0.9599252913232368,0.0,1.2016863588994005,0.07016020317372017,4.497467328538142,4.497467328538142,0.0,0.0,0.0,3.6050147394919017,0.2871771940865379,6.986176895984454,0.07623684762567211,6.486392191933579,0.38826692281364206,6.486392191933579,0.49015159042981904,0.10898391352831417,0.3811676769015049,0.6069986698093394,1.0044419441416734,1.8993609444894568,0.5670598129857511,0.39300133019066064,33.30013020161174,0.0,Consumer Defensive
2003-05-31,STZ,2004,Q1,USD,0.26944554960998096,0.1312586748294841,0.1621206564294499,0.128257232426464,0.07935549337829449,0.05078736024695806,0.05078736024695806,0.05078736024695806,1.36246442116861,2.0141597916227485,0.42413182374946207,0.7864809054179118,0.1439886798846641,1.6802590741941221,0.5909968193504131,0.016075089033892327,0.03770557232433283,16.34151420041338,-0.6536605680165348,-0.6536605680165348,1.7793276477395388,3.3197694747087008,-104.75302200049072,-402.5821782178217,0.5184563933721419,1.9298870151466108,0.658689910283124,0.6143635102231055,3.7223709454024627,0.9798843002808363,-0.005214757361757299,-0.00824619085078451,3.843155744145843,0.1963336870602625,2.4710861423220973,-0.013123998374711501,-0.0022901793667904195,-0.3517218506439666,-0.3517218506439666,0.0,0.0,0.0,4.153902885443583,0.21096576227390182,15.172453703703704,0.24767441860465117,7.750118432385874,-4.78004414298019,7.750118432385874,-0.03425387596899225,0.09738910422049957,-0.1316429801894918,0.6399980402724021,0.6187213919791446,1.7793276477395388,1.0846158758890432,0.36000195972759785,42.31921948567911,0.0,Consumer Defensive
2003-08-31,STZ,2004,Q2,USD,0.26214622122452574,0.12460825740569567,0.1566926361195475,0.10581011488181698,0.06114815792948633,0.039134645010783925,0.039134645010783925,0.03820590695012985,1.476530131444262,2.620903689806129,0.5595460424750699,0.9160979445357312,0.17480557602011276,2.306766797567447,0.9036813795396695,0.019588905683539944,0.05557428911978007,17.70707906872118,-1.2394955348104821,-1.2394955348104821,1.3294458307472101,2.771841014129143,37.92153917952578,26.577246196374688,0.43549759650989,1.1949034373271519,0.5443990915528603,0.5312000823424854,2.7437658597962344,0.9339140407742127,0.11097060937942727,0.10429376292970641,0.7008482981282577,0.7003416133074691,1.667348708167158,0.8094526385911571,0.04186275986443565,3.3427855958805064,3.3427855958805064,0.0,0.0,0.0,5.252826524242214,0.20556750132944904,13.41984578391251,0.2743578183163395,10.951931747242838,-1.4151175695359646,10.951931747242838,0.5478370442301912,0.1638863841298467,0.3839506601003445,0.6399971206967914,0.5779046549357294,1.3294458307472101,0.898798138059947,0.3600028793032086,33.25578134217253,0.0,Consumer Defensive
2003-11-30,STZ,2004,Q3,USD,0.2862664700257686,0.17146958008524707,0.19625261332512195,0.1632771097029318,0.13110383611817902,0.08391002058246763,0.08391002058246763,0.08142837463332415,1.2853185018539348,2.07202046637457,0.5453896696463333,0.9420467145428071,0.175533223808203,1.9907915395697928,0.8303216314388264,0.031382362858808174,0.03446885183468604,9.608056796233704,0.08235477253914601,0.08235477253914601,1.443906475417234,3.2248489741179522,47.54171009601744,34.94490763607626,0.39199559765872255,0.999888432287696,0.4999721065159179,0.4719667662733329,2.5507644429165612,0.8897500763803208,0.08183332075837761,0.09228380305657748,0.73503682483234,0.5539815613035834,5.074929949941756,0.3895559147233126,0.041324120863993306,3.774109362054681,3.774109362054681,0.0,0.0,0.0,5.293271138276768,0.4441584901613854,11.99107822636856,0.20575304273229317,11.822095330009114,-0.22898504101656747,11.822095330009114,0.48848319124979894,0.12943005736957805,0.3590531338802209,0.640027195747574,0.8029529451906077,1.443906475417234,0.6924883635546869,0.359972804252426,27.613128774193548,0.0,Consumer Defensive
2004-02-29,STZ,2004,Q4,USD,0.27635408452142535,0.15284659854875954,0.18076964535949122,0.14868577069492747,0.11138242285675383,0.0712809835302928,0.0712809835302928,0.06849877739514248,1.3859115283609316,2.3595310239704617,0.5056057740027177,0.8031214858907089,0.15854773252537072,2.011523574434697,0.7866492782107628,0.027484601015889704,0.03606130110448416,13.444771334426385,-0.5243460820426288,-0.5243460820426288,1.4209408319835937,3.8334260962312,26.754748921005742,21.012258108654414,0.3684134684663048,0.8613196647570531,0.46274677104938666,0.42797184727817245,2.3379157888627238,0.8218381613444234,0.15613195546328323,0.18243760743888393,0.7853655502689928,0.4056973623928268,3.585885121637523,0.5976315525373833,0.07851251776218449,4.659084323384526,4.659084323384526,0.0,0.0,0.0,4.12685665586544,0.2941664013186237,9.76059206952743,0.1738934986607728,11.13346850474817,0.43081908258255447,11.13346850474817,0.7528938545393246,0.16159695817490494,0.5912968963644196,0.6399661787027698,0.7491128595303688,1.4209408319835937,0.6061615271866563,0.3600338212972301,33.82738549414682,0.0,Consumer Defensive
2004-05-31,STZ,2005,Q1,USD,0.2700966780077752,0.12081677549457838,0.14698723720890106,0.11907732623031257,0.08648934277287408,0.05535287742436415,0.05535287742436415,0.0527097341219987,1.3026745915906086,1.8722870436451953,0.5145702000066902,0.8742337650583668,0.16710986373582332,1.867693330397887,0.7408966188971347,0.02334400015316248,0.00980261980004129,18.847214635001656,-0.9109487073584139,-0.9109487073584139,1.6746713936961495,4.172990245927715,-56.43252570328565,-83.29318352059926,0.3763939713184578,0.9039050358703465,0.4747637192193977,0.42901576093161037,2.4014864868958656,0.9026785744705809,-0.039798139532493074,-0.050100021028679886,1.4759783029833398,0.27953662528525075,3.4688678059814024,-0.13180359681002274,-0.022243203465607733,-2.1009361009361007,-1.891304347826087,0.047750784157104174,0.0006333931177876138,0.06333931177876138,4.3422100058064395,0.2403538182022514,9.92933937702523,0.05358313510273652,10.820033152896665,0.39747888141752047,10.820033152896665,-0.21754481260184683,0.10354661072505572,-0.32109142332690255,0.6399965088152415,0.7263292308528269,1.6746713936961495,0.539750687372373,0.3600034911847585,43.6298052853223,0.011477083294311562,Consumer Defensive
2004-08-31,STZ,2005,Q2,USD,0.27936304958527053,0.15172319350859886,0.17567248281242617,0.15059583910752877,0.12147171343403337,0.07774212804778671,0.07774212804778671,0.07537844486812653,1.3141122394278915,1.853902394851553,0.5666419968030283,0.977068213983518,0.18334603449647696,1.906970018316784,0.8109980486475166,0.03220296590513123,0.008117892273375508,10.887338985784107,0.17886342619502466,0.17886342619502466,1.4743547308065912,3.3856196061299535,48.88788319338263,34.894717915076335,0.3524841530151265,0.8372051710735358,0.4556949785767971,0.4194758490081202,2.37515690822449,0.9855813692661706,0.08361229584764159,0.09702384224367636,0.7137702767175572,0.4513342064201571,5.170827814569536,0.3686098358973983,0.050467337537941546,3.4936972601312637,3.3942174690462537,0.010469645471009998,0.00024040873267288954,0.024040873267288956,5.431797466763051,0.4222794941907366,10.600868508449361,0.05665734251081707,12.473253292265142,0.6183015369142283,12.473253292265142,0.5270138605148191,0.15084703146116857,0.37616682905365056,0.64000190538191,0.8066073681311996,1.4743547308065912,0.5678451417288951,0.35999809461809,30.16242015348975,0.004421116593854439,Consumer Defensive
2004-11-30,STZ,2005,Q3,USD,0.2889019269400421,0.16885801101766493,0.19148189527415674,0.16734379590885604,0.1394431851570077,0.08924382271156873,0.08924382271156873,0.08698631587964016,1.1979373662857478,2.013601414651449,0.5348697200418447,0.9658749010292953,0.17857429516747358,1.9193874837767866,0.8321177065215999,0.035610901293921,0.009607004661890533,11.073391266654971,0.5853078240946197,0.5853078240946197,1.6078477680750685,3.952927068068759,-24665.151724137933,157.36786447638605,0.33365455656719767,0.7599836358098532,0.4318128989080902,0.3914074740853019,2.2777559030781385,0.9392443039912937,0.020542749814887767,0.025119023386518145,-0.006380170137870343,0.448268203443721,5.997854218935693,0.08743940287788238,0.013443880229579198,0.9936602783647891,0.9936602783647891,0.0,0.0,0.0,5.654038036912053,0.5045879681706453,10.721956630421197,0.06641878098571012,13.90056972045161,-6.272064950214556,13.90056972045161,0.14202391367745698,0.14293005041036538,-0.0009061367329083864,0.6400013210475908,0.8332737069795858,1.6078477680750685,0.4726713877394706,0.3599986789524093,30.34028591493742,0.0,Consumer Defensive
2005-02-28,STZ,2005,Q4,USD,0.27636624357581957,0.12740138828792277,0.1563717558671692,0.11528494787897244,0.07171568140883373,0.045898498671557056,0.045898498671557056,0.043536501101976426,1.2213155658500874,2.1749233897362523,0.46705520499336023,0.650026591629619,0.1329649064628509,2.402307556452187,0.9896431467893052,0.015462976729503794,0.015495300447153864,27.480308799445705,-0.6045667935878054,-0.6045667935878054,1.8832706599091409,5.045219667701345,26.44506031216851,21.879690527336404,0.42147661532831415,1.1832298348905164,0.5419630201003791,0.5354904739148016,2.8073439708364973,0.7368579890942737,0.2102457896452556,0.2305891695039227,0.8273639866598684,0.9516764662493941,2.0702789699570814,2.829381924818787,0.07274488367652943,5.792534133823956,5.676551527804137,0.017720668514319308,0.00016121242162566915,0.016121242162566916,5.306012773116119,0.24353802021813495,17.114646131504806,0.09017370006187138,14.214632325494588,-1.7815173316561588,14.214632325494588,1.2235090787300515,0.21122172963741326,1.0122873490926383,0.6400064500524066,0.6220732431099483,1.8832706599091409,0.6282845371507044,0.3599935499475933,52.42672182369472,0.004315656526919163,Consumer Defensive
2005-05-31,STZ,2006,Q1,USD,0.27906633167203965,0.13510011080357673,0.16181973215629233,0.12751348566165238,0.08388788319570283,0.06903473213349323,0.06903473213349323,0.06679950936358621,1.333622387113958,2.0417767584334814,0.4744619211011674,0.7564856310261661,0.14617652281347432,2.3981884409479375,0.9286921319774569,0.02206195366733386,0.0169196440383479,17.961382713113778,0.43107318511473064,0.43107318511473064,1.9833035544323736,4.959836977387862,192.95518484353934,90.6046519841402,0.41315871984113994,1.1302150455289712,0.530563826361633,0.5198373245185346,2.7355468764244897,0.6893723736788238,0.052940917068696365,0.05474152671825341,0.4695631892846433,0.8633974637157047,2.489903127003348,0.4599869726809456,0.019367680372937388,1.8852386934673366,1.750488466361436,0.03237823485118694,0.00045066456419787877,0.045066456419787876,5.607039127855843,0.3870804442535436,16.13509132560185,0.09809576404655254,14.022059274713138,-12.723123887832116,14.022059274713138,0.3069378822278129,0.16281115133664684,0.14412673089116607,0.822940447459396,0.6578745985996581,1.9833035544323736,0.5698648817540396,0.17705955254060401,48.00884710974352,0.012532981530343008,Consumer Defensive
2005-08-31,STZ,2006,Q2,USD,0.2919563508476382,0.15461941224488426,0.178782156097651,0.14614344956495987,0.10659594835057246,0.06912989456852123,0.06914667366914466,0.06711640249370994,1.338318892390744,2.3308375956960266,0.5223905356062964,0.8279016624587163,0.15970781575569115,2.0922997112334327,0.8561500239491086,0.024041799352566253,0.01428300347835934,16.40448434845911,1.859174892825368,1.859174892825368,1.9083253852567679,4.5372621038139735,65.17982018463616,47.400701163932126,0.4005339140895142,1.0548037963048236,0.5133355302349007,0.4883043849889663,2.633494341428198,0.7912433170166977,0.08730023918502637,0.09572141323652911,0.7272297013041649,0.49244939957672207,3.044071647007427,0.4005237531900852,0.03816769889212781,3.666088297667245,3.3984451791618264,0.0297379276874545,0.00045319814777121923,0.04531981477712192,6.065331772847547,0.419397516792184,15.502539181762671,0.09498778750254427,14.421020761245675,-12.262660289029107,14.421020761245675,0.5805821290453897,0.15836556075717484,0.42221656828821497,0.648680130334178,0.7293925842580526,1.9083253852567679,0.552737915899441,0.3513198696658219,39.31890230454104,0.012472013026663953,Consumer Defensive
2005-11-30,STZ,2006,Q3,USD,0.3032317433609531,0.1793878399825742,0.20637888321796372,0.17469439746442036,0.14188765254477395,0.08602408516542273,0.08599330590559291,0.08405105568915157,1.306911198026256,1.8176364257744142,0.4888618918891981,0.8960155854992627,0.16450323628481903,1.871966977275013,0.7438308834690852,0.029849342672647477,0.01647513144686186,10.688081974284376,0.32954919420710155,0.32954919420710155,1.6026087127041089,3.676414011034759,58.601323403612945,43.069735017289524,0.38236976152563357,1.0132396607723961,0.5032881482096664,0.47135725275804496,2.649894847149073,0.8975467912426132,0.06756340589329207,0.0853595688378146,0.7349618151223211,0.4826838128267116,5.324953691452765,0.3059926555878076,0.03672341993171952,3.7730412335170587,3.7730412335170587,0.0,0.0,0.0,6.42473887029713,0.5524845350370146,15.14437683804888,0.1337288307473887,14.738469729236385,-11.891192576817767,14.738469729236385,0.5484129398641111,0.14535037014501573,0.40306256971909543,0.6060661682908379,0.8122049396213288,1.6026087127041089,0.6322439487195471,0.39393383170916213,28.975783556405354,0.0,Consumer Defensive
2006-02-28,STZ,2006,Q4,USD,0.2732827734817491,0.1455518687008943,0.17972414438091858,0.12476965111030312,0.07484728500849822,0.05552422206253275,0.05552422206253275,0.05318518476104315,4.4964727388196115,2.434472506393862,0.44677816422127725,0.7351915178439877,0.14159304830422154,2.080685792644408,0.7676247631080227,0.021238839666532817,0.008380198141842442,22.58731282870991,-0.5533891643033928,-0.5533891643033928,1.7668564731237297,5.016571893188734,46.59327731539341,34.20304468056034,0.3796644143127663,0.9443917677336866,0.4857003528843551,0.45816835735740497,2.487438201031134,0.7488315886963531,0.11840053618476803,0.14667033125387097,0.7340768164694094,0.45662597904311186,1.7646614207237241,0.5227585034013605,0.05469962028339408,3.7604844629312453,3.3577514637769816,0.08425286170980716,0.0009325241823666205,0.09325241823666205,5.250597531705508,0.29153534331140296,14.450075411758222,0.054506917337689344,14.90783230028411,-0.5125594399987974,14.90783230028411,0.7701068792560042,0.20478927299056476,0.5653176062654394,0.7418334820859365,0.5998837404965505,1.7668564731237297,0.534514034502261,0.2581665179140635,42.774265718670186,0.024562686963536785,Consumer Defensive
2006-05-31,STZ,2007,Q1,USD,0.27562937970412665,0.1263085041958647,0.15113764166450386,0.123713123972662,0.1270871182628255,0.07396833636127692,0.07396833636127692,0.07180551950860802,1.3531959728400842,2.293972602739726,0.47815658728799043,0.8012060719484301,0.1506745747246301,2.032913506366989,0.8144179249878227,0.025090629462814457,0.026094217521397258,14.413461111111111,0.46443374691357997,0.46443374691357997,1.5799370833333333,4.264558958387404,-128.36988802083334,735.7318955223881,0.3728605878902431,0.9167948717948718,0.478295766169487,0.4430361669463387,2.4588141025641024,0.8007079535673898,0.004662166863822976,0.005796349165152695,-5.731343283582089,0.29926043317485473,0.0,0.017696777601690437,0.0023423297440917355,0.14855875831485588,0.1407563025210084,0.029239766081871343,0.0005071607342689341,0.0507160734268934,5.7919236762856325,0.4284189586663393,14.332743735312246,0.18790305204664004,15.633533930280452,0.14531169358273496,15.633533930280452,0.03357201196566635,0.22598473726142576,-0.1924127252957594,0.5820285908781484,1.0272727272727273,1.5799370833333333,0.5802730257211435,0.4179714091218516,44.3749496279336,0.01252687013644267,Consumer Defensive
2006-08-31,STZ,2007,Q2,USD,0.2926278659611993,0.14843033509700176,0.17206349206349206,0.12790123456790123,0.07873015873015873,0.04825396825396826,0.04825396825396826,0.04656084656084656,1.386443661971831,2.3856768974541995,0.520558612812792,0.8347564925504977,0.15002063775969182,2.0873835948462816,0.8587830080367393,0.016221723418819747,0.026916698558489605,19.980349561403507,-0.9490666041666667,-0.9490666041666667,1.726120505209978,3.856524613756614,270.6249326732673,69.90567314578004,0.45682474837808373,1.362930217871803,0.5767966432370313,0.5573539072218262,2.98348594884749,0.888937664618086,0.04987881107284092,0.05516754850088183,0.25831202046035806,0.4694736842105263,1.8350202429149798,0.23790690599330697,0.01811694930960986,1.3482758620689654,1.294701986754967,0.03508771929824561,0.00043902784571428813,0.043902784571428814,7.0763194153237885,0.3414604924219733,22.04117494358913,0.2166576808642345,15.810020168134347,-5.340062700932527,15.810020168134347,0.3903831945526069,0.28954252281395393,0.10084067173865292,0.6129032258064516,0.6155543298400441,1.726120505209978,0.7895915805171472,0.3870967741935484,39.937776301763016,0.011981069909542922,Consumer Defensive
2006-11-30,STZ,2007,Q3,USD,0.2966417910447761,0.1648454157782516,0.1888326226012793,0.15711620469083157,0.11533848614072495,0.07182835820895522,0.07182835820895522,0.07182835820895522,1.2942393928941014,1.9425837320574162,0.49352470896255085,0.8796670769591466,0.15243821925182574,1.9728732638888888,0.8124457465277778,0.022064013256820204,0.018825954861111112,13.595736363636364,0.2399247593582888,0.2399247593582888,1.761615889900538,3.906237686567164,8374.9736,176.58076867469882,0.43938732186931834,1.2998888187746025,0.5651963730434555,0.5427012765723551,2.9584122119054057,0.8580903373356203,0.018012152777777776,0.022121535181236673,0.02108433734939759,0.48380656610470274,3.173620457604307,0.08818061088977423,0.007674703529901292,1.0215384615384615,0.9512893982808023,0.022263450834879406,0.00040938295358583916,0.04093829535858391,7.162902579179473,0.5144995322731525,21.000935453695043,0.17134075332658788,15.88314465168668,-4.4028369065119035,15.88314465168668,0.15845440140508962,0.15511349535136787,0.0033409060537217695,0.6227614095898325,0.7340966921119593,1.761615889900538,0.7378957162154091,0.37723859041016755,35.82809287226535,0.01145453504133178,Consumer Defensive
2007-02-28,STZ,2007,Q4,USD,0.30231132901418317,0.13246366660829978,0.16844685694274208,0.12160742426895466,0.0907897040798459,0.061460339695324814,0.061460339695324814,0.061460339695324814,1.2964812712826335,2.1188513693166713,0.40906524305733794,0.6526111301565536,0.12101883833781865,1.9001319841619007,0.6757589089309283,0.01848622253226369,0.021054616303186474,17.18027264957265,-0.6211329342537806,-0.6211329342537806,1.4116226949524506,4.223621572404133,34.78169113193944,24.726912147616606,0.4434637960628086,1.2247256766642283,0.550506379060897,0.5208485222365543,2.7617264081931236,0.7082532399082284,0.12261957136572182,0.17081071616179302,0.7109174782162994,0.3066383635661907,2.918067226890756,0.4145771355716107,0.04661330784852467,3.4592198581560285,3.4592198581560285,0.0,0.0,0.0,5.554474897391508,0.34137991402283646,20.585403334046568,0.16290921823027096,16.619171740356748,-3.8991227217024256,16.619171740356748,0.9487638351261453,0.2742710420354413,0.674492793090704,0.6769527483124397,0.7465802735781137,1.4116226949524506,0.8676012939176231,0.32304725168756027,46.65395301455302,0.0,Consumer Defensive
2007-05-31,STZ,2008,Q1,USD,0.29760319573901467,0.15978695073235685,0.20272969374167776,0.0756768752774079,0.07134931202840657,0.03306702174877941,0.03306702174877941,0.03306702174877941,1.1797355674826548,2.3392461197339247,0.3237354881603846,0.5166838665290677,0.09171398913109849,1.9298839137645107,0.6328358208955224,0.01022708610161394,0.022222222222222223,46.7775,-0.7573500000000001,-0.7573500000000001,1.7823987469232492,6.187170439414115,-53.71751445086705,-64.76048780487805,0.5075105330646639,1.5941246044177348,0.6145135055205048,0.5834542815674891,3.141067033212927,0.6359915314043755,-0.057114427860696516,-0.0955392809587217,1.2055749128919862,0.24334975369458128,17.487179487179485,-0.14229053049082796,-0.017265234915478555,-4.864406779661017,-4.864406779661017,0.0,0.0,0.0,3.9274819140590953,0.12987012987012986,21.75019611261222,0.14599494465266277,13.633312995729103,-6.273424562015166,13.633312995729103,-0.37522879804759,0.07713762747319794,-0.45236642552078793,0.463452566096423,0.9428152492668622,1.7823987469232492,0.8943703574576057,0.536547433903577,57.63151614668856,0.0,Consumer Defensive
2007-08-31,STZ,2008,Q2,USD,0.3469639256105758,0.2210396594219135,0.2639480170289043,0.13130181492269774,0.12390768541339905,0.08077526327582343,0.08077526327582343,0.08077526327582343,1.1377947737412364,2.0721649484536084,0.3031674208144796,0.5163716302209881,0.09172652629199166,1.9885674931129476,0.6643939393939394,0.01687479938248017,0.022865013774104683,18.036653467406378,0.111655473845849,0.111655473845849,1.6312628135975915,5.8276617297781765,22.18239172707889,19.718615845337375,0.48802293676973824,1.489274962368289,0.5982766005694273,0.573724032831591,3.051649523331661,0.6292118990554068,0.18168044077134987,0.29554111584136233,0.8889310083396512,0.42496765847347995,17.757575757575758,0.5769903762029747,0.05554853653400716,9.003412969283277,9.003412969283277,0.0,0.0,0.0,4.1491769977734085,0.33515086437313774,22.1060117976823,0.15432744378901764,14.82287207091625,-6.424112268566939,14.82287207091625,1.2262523997452668,0.1361986175607897,1.0900537821844771,0.6518987341772152,0.9436860068259386,1.6312628135975915,0.912958322812397,0.34810126582278483,42.09495271646859,0.0,Consumer Defensive
2007-11-30,STZ,2008,Q3,USD,0.35796492510047495,0.2489039093898429,0.28589696748264526,0.1811289733284618,0.17363902082572158,0.1092436974789916,0.1092436974789916,0.1092436974789916,1.1665423548215237,2.0037058152793614,0.34432252375820516,0.6109715943970088,0.10740072202166065,1.973849241189013,0.6936535808353193,0.023963837207561855,0.015615201304402358,10.602767244983278,0.16386094833155973,0.16386094833155973,1.4440071312665472,4.633141989404457,120.48370190023753,67.9941534852547,0.46144639773975826,1.3390838955788995,0.5724822004503134,0.5466255372423495,2.9019272923961625,0.7327242914031389,0.046782892261382165,0.06814029959810011,0.564343163538874,0.5085989932885906,24.182926829268293,0.15919760990183526,0.015859517836642714,2.2953846153846156,2.2953846153846156,0.0,0.0,0.0,5.082943724551621,0.5552795665476561,21.87690064859996,0.11560586293508893,16.308783724180195,-5.422332824172304,16.308783724180195,0.3463533082312303,0.15089118656186307,0.19546212166936724,0.6291425565491846,0.9586485123550177,1.4440071312665472,0.9273388382814849,0.37085744345081534,31.154197603833865,0.0,Consumer Defensive
2008-02-29,STZ,2008,Q4,USD,0.35244233378561735,0.09565807327001356,0.15038444142921756,-0.8371777476255088,-0.9109000452284034,-0.9439167797376753,-0.9439167797376753,-0.9439167797376753,1.2088572990705304,1.6390955924441901,0.2627666896077082,0.4345945945945946,0.08797548941588414,1.861723796775883,0.5933189780597102,-0.10791969150118706,0.01193039632194611,-1.2412633085769047,0.0015690913155825433,0.0015690913155825433,1.4985452980946528,4.686597060153777,20.397767913385827,15.494678280373833,0.5229886200859462,1.9008279402726056,0.655270832814019,0.6269657162894829,3.6345493329476843,0.5830696202531646,0.1556771227375895,0.30246494798733603,0.7596261682242991,0.06924616410940627,-0.831723208267805,0.439388961892247,0.050879695672848314,4.1601866251944015,4.1601866251944015,0.0,0.0,0.0,4.098922897239577,-3.869042101555403,28.492704992491795,0.09501121595817652,12.819098644815632,-7.174505478207672,12.819098644815632,1.2397805009176692,0.29801078956637805,0.9417697113512912,1.0362462760675273,1.0880605078336034,1.4985452980946528,1.2684487700768479,-0.03624627606752731,70.54004842105263,0.0,Consumer Defensive
2008-05-31,STZ,2009,Q1,USD,0.35308006009873366,0.17471560420691135,0.22215067611075337,0.09733848465335909,0.08177720540888603,0.04786434857265508,0.04786434857265508,0.04786434857265508,1.1778536215396285,1.6291891891891892,0.2654687981679658,0.46351290852111626,0.09174600986579759,1.861613390807815,0.590438336225718,0.012204172507627608,0.014107372781727594,25.880496188340807,-0.24548411825705616,-0.24548411825705616,1.6030972952328044,4.955012363168062,-84.09982732240437,-141.1951229357798,0.5211445112885598,1.8377486892816222,0.647607977486847,0.6136790428157528,3.5263706121315233,0.6171269620504669,-0.018305995633432236,-0.035093367675466836,1.6788990825688073,0.21805072103431128,1.0473441108545034,-0.04555586514349401,-0.006178087626820835,-1.472972972972973,-1.472972972972973,0.0,0.0,0.0,4.302713785030545,0.20594659241507013,24.84057609634237,0.1967113192126006,13.29925517521622,-6.553349864472366,13.29925517521622,-0.15099671686037652,0.10251153254741159,-0.2535082494077881,0.5853018372703412,0.8401323042998897,1.6030972952328044,1.1463737695438763,0.4146981627296588,47.75256289855072,0.0,Consumer Defensive
2008-08-31,STZ,2009,Q2,USD,0.31970726607422895,0.09576581285938317,0.13863042341871407,0.02247778358599059,0.011395713538944066,-0.023732357553580764,-0.023732357553580764,-0.023732357553580764,1.2327619538600334,1.8714408973252805,0.3245224677073463,0.5457605842747918,0.10151987942855929,2.2653791663559764,0.7702632167623592,0.0027127186480877556,0.018566848109760645,-50.56333226872247,0.34252579923973286,0.34252579923973286,1.715804832199716,4.799948322007318,25.54897367835281,21.914799856801906,0.5134687639304591,1.8079826593915838,0.6438724446337308,0.6264049257919941,3.521115180506764,0.5911436605790921,0.15621504734919095,0.2190277051751176,0.8577565632458234,0.22916666666666666,0.2664188351920694,0.5963563905493879,0.043304807970565136,7.030201342281879,7.030201342281879,0.0,0.0,0.0,4.397964016240051,-0.10437405454119096,22.615144813253206,0.11448960167734164,12.303264103141798,-6.813280793794571,12.303264103141798,0.9632759659198021,0.13701968393513175,0.8262562819846704,-2.0825688073394497,0.5069767441860465,1.715804832199716,1.053722792628864,3.0825688073394497,70.92044170437406,0.0,Consumer Defensive
2008-11-30,STZ,2009,Q3,USD,0.39177657098525986,0.2657098525989139,0.2986811481768813,0.19171838634600466,0.18968192397207137,0.08097362296353762,0.08097362296353762,0.08097362296353762,1.2677649373002213,1.820081253627394,0.3170078342178418,0.6515036643922163,0.11321293297469397,1.8198333719046518,0.6751330710483684,0.017364189868179936,0.10489470030085628,7.708685628742516,-0.015732011487229622,-0.015732011487229622,1.0995007900243414,2.4968008145849496,23.300461538461537,16.7079883192732,0.5250041170335401,2.042106162189862,0.6712803739629687,0.6378497084796091,3.889695520348465,0.6622992935131663,0.08915760240685026,0.14943754848719937,0.7170668397144712,0.2661684782608696,2.5216836734693877,0.23433698296836983,0.0322250104558762,3.5344036697247705,3.5344036697247705,0.0,0.0,0.0,4.726047801278673,0.38268521276839523,22.27548752262884,0.8309081326336534,10.732143266344325,-7.399344622929031,10.732143266344325,0.7062489974564037,0.19982126079882673,0.5064277366575769,0.4268916155419223,0.9893778452200304,1.0995007900243414,1.85730304217849,0.5731083844580777,23.296756493506493,0.0,Consumer Defensive
2009-02-28,STZ,2009,Q4,USD,0.2601006665759761,-0.17521425656373282,-0.12379268126785471,-0.3902870357774452,-0.5298598830091144,-0.5533940960413549,-0.5533940960413549,-0.5533940960413549,1.4012581014105985,1.8839625909248354,0.2974243998468858,0.4750242326332795,0.09147016736141356,1.9108112183353438,0.5321170084439083,-0.0602134395091544,0.009876357056694813,-1.7515486725663718,0.0030360176991150447,0.0030360176991150447,1.4935387517685899,3.8771867773092095,19.93090909090909,16.193863636363638,0.5516829465563368,2.323324424880784,0.6990964852804364,0.6754260638840698,4.211339936068752,0.5600548550531408,0.13268998793727382,0.2394232077268399,0.8125,-0.12419724770642201,-0.7006105006105006,0.38054054054054054,0.039696860339227716,5.333333333333333,5.333333333333333,0.0,0.0,0.0,3.365842490842491,-1.8626373626373627,22.1753663003663,0.059981684981684984,8.737637362637363,-7.8173076923076925,8.737637362637363,0.8058608058608059,0.1510989010989011,0.6547619047619048,1.044415917843389,1.3576158940397351,1.4935387517685899,1.555583624549142,-0.04441591784338896,-79.89692307692307,0.0,Consumer Defensive
2009-05-31,STZ,2010,Q1,USD,0.3394391106619505,0.18633148054573018,0.23332491157150076,0.10497726124305205,0.09992420414350682,0.008211217786760991,0.008211217786760991,0.008211217786760991,1.1057410252828608,1.893193338160753,0.283261105092091,0.48475199020208204,0.0942212700113075,1.778427717426239,0.5918236163784791,0.007191876635452496,0.010798997235970945,101.48741730769231,-0.9987650592185593,-0.9987650592185593,1.134815435231378,3.333341144517433,-25.89472865554465,-48.15096441605839,0.5144081414033208,1.8586788233270257,0.6501880547615465,0.6148609477746675,3.613237570961638,0.6544582696043983,-0.03522530050780999,-0.06922688226376958,1.8594890510948905,0.1657058388765706,1.2440119760479043,-0.0898802689847466,-0.012679901892729882,-1.1634819532908705,-1.1634819532908705,0.0,0.0,0.0,3.614991528790695,0.02968348274019646,20.041374208250183,0.08722377235965421,10.618466779616124,-5.63894838270686,10.618466779616124,-0.25025459294811786,0.2150910826251159,-0.4653456755732337,0.08217446270543616,0.9518652226233454,1.134815435231378,1.6378688248526148,0.9178255372945638,37.59433053600433,0.0,Consumer Defensive
2009-08-31,STZ,2010,Q2,USD,0.3531021897810219,0.24327098540145986,0.2956204379562044,0.15807481751824817,0.1656021897810219,0.11370894160583941,0.11370894160583941,0.11370894160583941,1.1136796646767433,1.9001675041876047,0.3109649122807018,0.5404006163328198,0.1039613938984337,1.9727043673012319,0.6961086226203808,0.024600412259656,0.013787793952967526,7.265568956870612,0.005069001597816706,0.005069001597816706,1.1519536039438636,3.304640625,21.590975409836066,19.037509198423127,0.49373362264195686,1.6555082892696695,0.6234242596640417,0.5947052093907607,3.3530393988788614,0.674254075669025,0.10652295632698769,0.17358576642335766,0.8817345597897503,0.3958140396369698,2.081081081081081,0.3215719416860342,0.03655051511731226,8.455555555555556,8.455555555555556,0.0,0.0,0.0,4.475524475524476,0.5089071512429176,21.595120208258894,0.10055637792864071,12.83905875146751,-5.417283446480527,12.83905875146751,0.7768873462304119,0.09187892399571232,0.6850084222346996,0.6866391184573003,1.0476190476190477,1.1519536039438636,1.4371310472937633,0.3133608815426997,27.167858410493828,0.0,Consumer Defensive
2009-11-30,STZ,2010,Q3,USD,0.3483851371874051,0.1728257568087476,0.21059026020046573,0.1362761972258783,0.10651007390908171,0.0446491849751949,0.0446491849751949,0.0446491849751949,1.0953754020184097,1.7085213697902841,0.3230112923462986,0.598787511367081,0.11315674907774442,1.9624460796752092,0.6984902309058615,0.013496037404251086,0.0319081451408272,19.060093820861677,-0.3372170445229373,-0.3372170445229373,1.2465521837461069,3.4040706186088894,50.0327462797619,36.82585487404162,0.4693994455009967,1.5190567996440754,0.6030260214294124,0.5727681682823291,3.236170843838054,0.6795321637426901,0.057916772392793706,0.09243697478991597,0.7360350492880613,0.2694424064563463,2.103125,0.1897339983374896,0.022283510690227472,3.788381742738589,3.788381742738589,0.0,0.0,0.0,5.026335207755528,0.22442177043841124,21.176051499961833,0.25597313045469583,13.725859392890767,-4.666547924989186,13.725859392890767,0.46461922088496477,0.12264318974071907,0.3419760311442457,0.41920152091254753,0.7815750371471025,1.2465521837461069,1.2186066652091887,0.5807984790874525,35.620675721153845,0.0,Consumer Defensive
2010-02-28,STZ,2010,Q4,USD,0.31381402568082406,-0.003527585720333004,0.046564131508395654,-0.06321433610836744,-0.09905460702695075,-0.07196274869479329,-0.07196274869479329,-0.07196274869479329,1.3769185933553527,1.8091517857142858,0.2586839725517315,0.4522077590607453,0.08755544024807581,1.8862742241002477,0.5166836660352615,-0.0028089887640449437,0.03169168002331342,-16.190485980392157,0.07359311809269162,0.07359311809269162,1.2820165120521678,4.660447495414139,16.911721146953404,15.448358933582787,0.47385196990474776,1.4887629546248495,0.5981939548956611,0.5598626439334404,3.141831308465629,0.5184914218824304,0.15576278595366458,0.3016791308028785,0.9134705332086062,0.08337326305701964,-0.6617429837518464,0.38287965616045844,0.055742406465910575,11.556756756756757,11.556756756756757,0.0,0.0,0.0,3.2743636775257694,-0.2356322104611461,18.03371850729305,0.2009804148050952,11.903122819824523,-4.247386099547678,11.903122819824523,0.9878071881684909,0.08547442928492555,0.9023327588835653,0.7264957264957265,1.5669642857142858,1.2820165120521678,1.1612665988535011,0.27350427350427353,214.9957315151515,0.0,Consumer Defensive
2010-05-31,STZ,2011,Q1,USD,0.34285714285714286,0.1914920634920635,0.23542857142857143,0.12228571428571429,0.1299047619047619,0.06234920634920635,0.06234920634920635,0.06234920634920635,1.237234878240377,2.3020462633451957,0.2882044998886166,0.5171055223586578,0.09973277947341093,1.6699256941728589,0.4995437361491331,0.014949899083715863,0.013622734975883196,17.764748879837068,-0.09071361130129567,-0.09071361130129567,1.5186718377296073,4.430471974603175,102.31661818181819,58.4421554438861,0.5088334747533593,1.74884652215548,0.6362110463643273,0.5821693583587952,3.4369722294767997,0.7017778371875417,0.0389127884239343,0.07580952380952381,0.5711892797319933,0.15277938287299203,1.9855670103092784,0.07309010773751225,0.014858877992931455,2.33203125,2.33203125,0.0,0.0,0.0,3.638438543885344,0.2268537555616132,18.787279556826636,0.09656300389486183,10.614538045361511,-5.526730395169078,10.614538045361511,0.27582829342216514,0.11827812917265372,0.1575501642495114,0.47996089931573804,1.0623052959501558,1.5186718377296073,1.1515631479477362,0.520039100684262,40.377004746494066,0.0,Consumer Defensive
2010-08-31,STZ,2011,Q2,USD,0.36416318961520633,0.23133982382939267,0.27039870190078813,0.15438108484005564,0.17304126101066294,0.10581826611033843,0.10581826611033843,0.10581826611033843,1.1971694186207853,2.164102564102564,0.3185090571295866,0.5642903858731196,0.10953269604295997,1.765882596399255,0.5777747120093812,0.022947569393449847,0.00958819066013658,9.54195569550931,0.10450713380795913,0.10450713380795913,1.4341010823490679,4.038852828001854,15.257102539404553,14.165537479674796,0.4803036650543982,1.5570188073583275,0.608919575748797,0.5627788973657694,3.241738343141693,0.8070716991721621,0.16969028074774092,0.2851182197496523,0.9284552845528455,0.24830028328611897,2.6481113320079523,0.375171572365411,0.06502088068932706,13.977272727272727,13.977272727272727,0.0,0.0,0.0,4.124933665444358,0.4364933282974848,18.32841700650676,0.06645407736402013,11.61703327962824,-5.05003179277802,11.61703327962824,1.1760937432769032,0.08414329220192478,1.0919504510749785,0.6115204286671132,1.1208708708708708,1.4341010823490679,1.0857106423822787,0.3884795713328868,31.093965795113586,0.0,Consumer Defensive
2010-11-30,STZ,2011,Q3,USD,0.3641349337748344,0.24989652317880795,0.28569950331125826,0.1760140728476821,0.19908940397350994,0.1441432119205298,0.1441432119205298,0.1441432119205298,1.1122108412935896,1.8354241338112305,0.3292081860066431,0.6210397789345158,0.11702874857710285,1.8773840163663962,0.6455487362238501,0.03139669242435184,0.010558965221408301,7.765812491026561,0.15531624982053122,0.15531624982053122,1.5914346156675248,4.477556622516556,118.87666813186813,68.35877914691943,0.4512824238901402,1.3705774181684443,0.578161846841256,0.5353725222146275,3.0370724531077604,0.7921960816460366,0.041773906157196596,0.06550082781456953,0.5750394944707741,0.346973704683367,3.4643584521384927,0.10663746630727763,0.01698599259378522,2.353159851301115,2.353159851301115,0.0,0.0,0.0,4.602956866331352,0.6634849870446579,17.98363435451913,0.07620789513793629,12.950579180003048,-3.7780064014631916,12.950579180003048,0.30149748513946045,0.12812452370065538,0.17337296143880507,0.724012474012474,1.1310993533215756,1.5914346156675248,0.8612213185984758,0.27598752598752596,29.111592611372693,0.0,Consumer Defensive
2011-02-28,STZ,2011,Q4,USD,0.35509576401509857,-0.05969523276946736,-0.016496574863693554,0.14385572487068363,0.14958758562840765,0.39116454634419123,0.39116454634419123,0.39116454634419123,1.7137038811691423,3.570433436532508,0.3368874607463668,0.5865037717284356,0.09979630559741057,3.142253733594811,1.0766329763161864,0.06731373356153997,0.013878413033640066,3.3959745532523233,0.026682657204125403,0.026682657204125403,1.4893901485167913,5.31353938207745,16.432229658452226,15.18487702756692,0.45151794184943356,1.268192327285552,0.5591202791886942,0.551401047709454,2.808730749637525,0.5202938609252254,0.37758334590435966,0.34992310918495734,0.9240910906911706,1.6164658634538152,0.0,2.5130522088353415,0.07734140839847975,13.173684210526316,13.173684210526316,0.0,0.0,0.0,3.8241929792671323,1.495888711867669,17.30216096575174,0.049185761791217135,13.643167990761631,-5.1014189023021075,13.643167990761631,1.33817349742844,0.10157929065577452,1.2365942067726656,2.614953271028037,1.0398445092322643,1.4893901485167913,0.8514842994956565,-1.6149532710280374,-595.5826033898305,0.0,Consumer Defensive
2011-05-31,STZ,2012,Q1,USD,0.3950889343617189,0.2579883519597041,0.30033055249488433,0.16008185109397136,0.18825751613410988,0.1172674327089564,0.1172674327089564,0.1172674327089564,1.383191813629436,3.6669847328244276,0.29358288770053476,0.5162102868286341,0.08978997653842892,2.4969364309420476,0.8260148072504467,0.023255280599958718,0.017104927240234873,13.783658255033558,-0.1813639244083363,-0.1813639244083363,1.512846731243785,6.465496867621596,18.64516640944167,17.022503771239123,0.4229301523588772,1.1021325181392951,0.5242925974594831,0.5012674504041146,2.6059445324297448,0.4900493674791731,0.3080163390349758,0.3798205572170628,0.9129714048901783,0.4733593242365172,2.295711060948081,0.9157495256166983,0.08063761529207325,11.49047619047619,11.49047619047619,0.0,0.0,0.0,3.3964907028217657,0.39829774493974746,16.23504378602055,0.07164013130459887,14.515680634710177,-4.351336034986046,14.515680634710177,1.2900569913283364,0.11227184756690868,1.1777851437614277,0.6229096989966555,1.176007866273353,1.512846731243785,0.7285156489270915,0.3770903010033445,37.14114339622642,0.0,Consumer Defensive
2011-08-31,STZ,2012,Q2,USD,0.41002607939727614,0.30295566502463056,0.33975659229208927,0.21022891915386843,0.2413793103448276,0.23572877426832803,0.23572877426832803,0.23572877426832803,1.3757225433526012,2.935832732516222,0.3233799237611182,0.5561643835616439,0.09811363668671017,2.439755973563803,0.8393492628368073,0.0433849986161085,0.012709710218607015,5.669415073755378,0.048594986346474654,0.048594986346474654,1.366994676003112,5.345777064618951,14.306534819697557,13.363474574429555,0.41883804568780475,1.0916231336371383,0.5219024001417057,0.5032757922632412,2.606313215516283,0.5987421383647799,0.3509150991357397,0.4000289771080846,0.9340818544005794,0.9071597167584579,3.4141176470588235,1.3042040623523854,0.09370757534618518,15.17032967032967,15.17032967032967,0.0,0.0,0.0,3.6982462532618188,0.8717830562238452,16.01519592346313,0.05358224070214168,14.462382587915062,-4.441967754207545,14.462382587915062,1.4794056657861319,0.09751967807789787,1.381885987708234,0.9765906362545018,1.1481736733287389,1.366994676003112,0.7985569752392021,0.0234093637454982,28.25609948827292,0.0,Consumer Defensive
2011-11-30,STZ,2012,Q3,USD,0.4037391180248323,0.30483801912373343,0.3452262023690595,0.22877122877122877,0.23876123876123875,0.14956472099329243,0.14956472099329243,0.14956472099329243,1.2310260014054815,1.5439763488543976,0.2854800136658695,0.559798673803627,0.09698001439406521,1.8490069597691394,0.6068579188592769,0.02901552145099407,0.04736038024104566,8.188036044847328,-0.25546672459923664,-0.25546672459923664,1.3011465921152388,4.898565306122449,31.63525078341014,27.815435251215558,0.429690527597852,1.1768764215314633,0.5406261971929092,0.4942387699150674,2.738893100833965,0.656978106980451,0.10473603802410457,0.17610960468103326,0.8792544570502431,0.31308900523560207,3.462203023758099,0.2342889690525916,0.03974747149391226,8.281879194630873,8.281879194630873,0.0,0.0,0.0,3.9746331391490304,0.5944648965075188,17.873086282495617,0.3165185231404537,14.963725162088116,-4.88845274628034,14.963725162088116,0.69997107088767,0.08451838700345447,0.6154526838842155,0.6264196054991034,1.0436681222707425,1.3011465921152388,0.9044917987436351,0.3735803945008966,26.79299177346011,0.0,Consumer Defensive
2012-02-29,STZ,2012,Q4,USD,0.3903836968635568,0.20442604680783313,0.2517115109059067,0.1264129915618532,0.12816430504696705,0.1639866263333864,0.1639866263333864,0.1639866263333864,1.4353290676416819,2.9340996168582376,0.2785740269188796,0.5001592610288262,0.08834160818014318,1.6958152717572523,0.5500166722240747,0.029928505379011705,0.07152384128042681,8.601302330097088,0.45586902349514574,0.45586902349514574,1.3242662780269057,5.641994204744467,27.47082604651163,24.72949448709002,0.4401609024036906,1.1694693572496264,0.5390577900266988,0.4750264840899282,2.656913303437967,0.6845776566757493,0.11945648549516505,0.2281483840152842,0.9002093510118633,0.2388888888888889,1.6576200417536535,0.20237254625052958,0.04579006231027321,10.020979020979022,10.020979020979022,0.0,0.0,0.0,3.870971718055701,0.634787592675907,19.582272786101232,0.5287842276853673,16.492151436900265,-5.0739866509715945,16.492151436900265,0.8831559420432765,0.08813070461422787,0.7950252374290486,1.279503105590062,1.013853904282116,1.3242662780269057,0.8831074057039952,-0.2795031055900621,41.66626540164453,0.0,Consumer Defensive
2012-05-31,STZ,2013,Q1,USD,0.39477000630119724,0.25819155639571517,0.30245746691871456,0.16713925645872715,0.17832388153749212,0.11342155009451796,0.11342155009451796,0.11342155009451796,1.3866317169069462,3.2781569965870307,0.2899185028674917,0.5207120006562218,0.09057960674638281,3.353291376084368,1.099166524919204,0.021557216888964403,0.11753699608777003,10.867972604166667,-0.285284280859375,-0.285284280859375,1.3609775241325333,4.930649196597353,40.754897265625,32.46863184647303,0.48814246168773723,1.4875206539699104,0.5979932876520766,0.5882331877103775,3.047308461605357,0.5723559642953746,0.16397346487497874,0.1518588531821046,0.7966804979253111,0.809447128287708,2.0927021696252464,0.7109144542772862,0.028178895059924,4.918367346938775,4.918367346938775,0.0,0.0,0.0,3.9122637265113185,0.443735016239469,21.396039664980062,0.42586235586315707,14.173635977049038,-7.112702531138488,14.173635977049038,0.5941118828539557,0.12079453219852211,0.4733173506554336,0.6360424028268551,1.0669180018850142,1.3609775241325333,1.0929795882691258,0.36395759717314485,33.75977140625,0.0,Consumer Defensive
2012-08-31,STZ,2013,Q2,USD,0.40816034359341447,0.2879026485325698,0.3278453829634932,0.18697208303507515,0.20973514674302077,0.17838224767358626,0.17838224767358626,0.17838224767358626,1.4339971258468487,2.2273706896551726,0.3028793318191809,0.5662748277259829,0.08687270692121137,3.319969512195122,1.2393292682926829,0.02808719386249631,0.27210365853658536,10.230566532905296,0.12468502961978334,0.12468502961978334,1.9475628738398072,7.299805812455261,19.909856930886374,18.739119294377065,0.49595174429450906,1.5231274588442,0.6036664749159829,0.6000947027555447,3.071120278064245,0.48082880154195634,0.41478658536585367,0.38954903364352184,0.9411980889378905,1.8230633802816902,2.391941391941392,4.611864406779661,0.06823482207788951,17.00625,17.00625,0.0,0.0,0.0,4.512448802925178,0.8049407599777769,26.11406126852462,1.1531454707546804,16.913446257606886,-6.4563225964830675,16.913446257606886,1.75782007054537,0.10336317945139993,1.65445689109397,0.8505119453924914,1.1217457886676876,1.9475628738398072,0.7820684401532094,0.14948805460750852,38.90006270742358,0.0,Consumer Defensive
2012-11-30,STZ,2013,Q3,USD,0.40526796192463166,0.275524840266006,0.3139913939235885,0.20706741426522363,0.19546225061937672,0.14278263137306038,0.14278263137306038,0.14278263137306038,1.4225561120385828,1.5183089214380825,0.2857232349808933,0.6201180561170858,0.09214557775721821,3.1487687230261487,1.1224930185326225,0.025381259689223782,0.2545062198527545,14.892166027397261,-1.0573437879452061,-1.0573437879452061,2.350293200735056,8.505370608945103,1672.5048,318.18384000000003,0.4800605572710779,1.439628148308291,0.5901014666134964,0.5860356194624265,2.9988469714985766,0.4771207266618969,0.02602183295252602,0.026730994914591213,0.1902439024390244,1.566849100860047,2.586319218241042,0.3082706766917293,0.005130900535615959,1.2349397590361446,1.2349397590361446,0.0,0.0,0.0,4.218511061971242,0.6023301099046173,22.315367943936543,1.1237994653288887,15.266180401993465,-4.61896432225486,15.266180401993465,0.11276499774470004,0.09131214451522053,0.02145285322947952,0.7304869913275517,0.9439546599496221,2.350293200735056,0.6125312994387451,0.2695130086724483,42.84746146179402,0.0,Consumer Defensive
2013-02-28,STZ,2013,Q4,USD,0.37620347751113664,0.24026440580543182,0.18264118407817215,0.18307228050007185,0.15347032619629258,0.11740192556401782,0.11740192556401782,0.11740192556401782,1.4746768383132018,2.0770334928229666,0.2931325545276521,0.5662327095199349,0.0911090454432385,3.6453754241038503,1.460834931405812,0.022730126836619364,0.489010178492403,24.750574296205635,-0.9436156450428399,-0.9436156450428399,2.8278459182603224,11.623060324759305,51.388104701397715,48.347206694560676,0.43275160052892736,1.1556130475824213,0.5360948473003876,0.5340088952607485,2.6703842254308987,0.39924270674966295,0.2467915621773123,0.2404081046127317,0.9408248655110579,1.1590909090909092,2.109271523178808,6.061594202898551,0.05061414654807285,16.8989898989899,16.8989898989899,0.0,0.0,0.0,3.806226481141157,0.44685831801872755,18.40925002187801,1.8311892885271726,15.64441673230069,-4.011332808261136,15.64441673230069,0.915047694057933,0.054148070359674456,0.8608996236982586,0.7649812734082397,0.8383045525902669,2.8278459182603224,0.40865488466689487,0.2350187265917603,87.03688182533438,0.0,Consumer Defensive
2013-05-31,STZ,2014,Q1,USD,0.3803088803088803,0.2035937035937036,0.14642114642114643,0.10469260469260469,0.12221562221562221,0.07855657855657856,0.07855657855657856,0.07855657855657856,1.4839136183340678,2.782,0.28902895137830725,0.5576349784696919,0.07124116626465236,3.416081284495735,1.6049924736578023,0.012687838884585592,0.7643000501756146,46.403290548204154,-1.3050925466682415,-1.3050925466682415,3.275817802095149,14.581134956934957,-525.0768064171123,2975.4352363636362,0.536583301595362,1.6921331820911456,0.628547351723796,0.6164604419649141,3.1535330619870554,0.3621014142065925,0.004139488208730557,0.004900504900504901,-5.666666666666667,0.22387576835975412,1.2864963503649636,0.012976799056232795,0.0006506309148264984,0.15,0.15,0.0,0.0,0.0,3.6355194678990217,0.2855939706739802,27.67832077223746,3.311054484203252,16.182218671043255,-3.1490919299457967,16.182218671043255,0.017815880968320125,0.11877253978880083,-0.1009566588204807,0.6427703523693803,1.1673758865248227,3.275817802095149,0.5165528989459945,0.3572296476306197,144.8441813387424,0.0,Consumer Defensive
2013-08-31,STZ,2014,Q2,USD,0.3952596246061104,1.1492670228798465,1.1781750924784218,1.1467324290998766,1.0874092341416632,1.0426085765173312,1.0426085765173312,1.0426085765173312,2.2256441530721145,2.5873388042203986,0.5373097991479002,0.7804747647562019,0.10336477185827173,1.4747045178393903,0.5672705180603115,0.16272731055719694,0.06450900254059427,1.677909370893561,0.0006167220754868601,0.0006167220754868601,2.2647907613515432,6.997610802849706,22.27941603053435,21.03173203623636,0.5169300705242587,1.6185925860234125,0.6181154696085819,0.6051509660249844,3.13116353316779,1.0481045376220564,0.26825361758533084,0.3327168105219893,0.9439983528927322,3.4605731018615353,18.538205980066444,1.2524497163486332,0.06652968974727759,17.856617647058822,17.856617647058822,0.0,0.0,0.0,7.75264608570503,8.08297529965958,39.250758110856786,0.6420707711753241,23.953647694865026,-25.87773570476428,23.953647694865026,2.5794356787415627,0.14445264661678095,2.4349830321247814,0.9588005543656293,0.9482676224611708,2.2647907613515432,0.714676434417057,0.04119944563437067,10.116176667248096,0.0,Consumer Defensive
2013-11-30,STZ,2014,Q3,USD,0.42243469826092983,0.2645326681909513,0.2937019330700478,0.25206124852767964,0.20245271253377675,0.14619275271946233,0.14619275271946233,0.14619275271946233,2.158044258373206,1.8027681660899655,0.4570175438596491,0.7574787446205521,0.10067451155458522,1.6156125356125357,0.5762962962962963,0.02651233436337925,0.03715099715099715,15.78126693127962,-0.18310746595442168,-0.18310746595442168,2.780781930351998,9.22842741633756,128.8142097678917,95.07058736616702,0.4976597866953119,1.4895402730802956,0.5983194122974741,0.5901529931204436,2.9930894818155247,1.488014846126089,0.07982905982905983,0.09706921637913116,0.7380442541042113,1.0473716381418092,4.060267857142857,0.5896464646464646,0.019636700025229166,3.8174386920980927,3.8174386920980927,0.0,0.0,0.0,7.629685625023128,1.1154047439062427,38.1891324688506,0.3679249771368459,25.32021631451242,-24.303136348978956,25.32021631451242,0.7406076048401166,0.19400641754198628,0.5466011872981302,0.7221081451060917,0.8031885651456845,2.780781930351998,0.535655189938517,0.2778918548939083,48.09811108752064,0.0,Consumer Defensive
2014-02-28,STZ,2014,Q4,USD,0.4251084262701363,0.25472428748451054,0.28725216852540275,0.25511152416356875,0.18618339529120198,0.12174721189591078,0.12174721189591078,0.12174721189591078,1.736183945139169,2.5145663956639566,0.42567955040715677,0.6410167303777987,0.09028044832577034,1.3561731747050403,0.49533494594461175,0.02137155608960604,0.031544651231673,24.48103411259542,-0.9539161568011321,-0.9539161568011321,3.0902925441149898,11.921990590148699,258.7172142857143,78.10083333333334,0.4908719698505814,1.409371047718467,0.5849539235781299,0.5619217645196468,2.871158131411479,1.4331538931128254,0.09729969886952658,0.15264869888475838,0.30187721968543885,0.3910561370123692,3.7220338983050847,0.3045426452410383,0.028074923438501532,1.4324127906976745,1.4324127906976745,0.0,0.0,0.0,6.7966837741808135,0.8274772996446901,37.42071325174365,0.3547835241479142,26.220818528753785,-23.143045137518094,26.220818528753785,1.03750493485985,0.7243058297144361,0.3131991051454139,0.653910149750416,0.7298117789921068,3.0902925441149898,0.4571163379009401,0.34608985024958405,60.259569290913994,0.0,Consumer Defensive
2014-05-31,STZ,2015,Q1,USD,0.4391218872870249,0.2573394495412844,0.2897771952817824,0.25701179554390563,0.2007208387942333,0.1354521625163827,0.1354521625163827,0.1354521625163827,2.3430062951021036,2.4758461093433612,0.48043783328655626,0.7074312734690094,0.1028135611491403,1.3914046214574,0.6012773317958043,0.026812064382443435,0.167649798199317,19.49327103289792,0.65497390670537,0.65497390670537,3.048427556270096,10.561622863695938,159.73276997026758,69.3802690055962,0.4847733520185415,1.3609230187251748,0.576436846068802,0.5455014356205835,2.8073387554378666,1.9027431421446384,0.10302922783518871,0.1522280471821756,0.4343521308652604,0.366025641025641,4.539351851851852,0.2734227871939736,0.03228541249722037,1.7678843226788432,1.7678843226788432,0.0,0.0,0.0,7.965631900111185,1.0789620666795425,38.00953161458034,1.9961059230684908,27.597834767947468,-21.378273556294467,27.597834767947468,1.2125925887259688,0.6859004139414218,0.5266921747845469,0.6748285994123409,0.780979092299847,3.048427556270096,0.44643443008051414,0.32517140058765914,51.86394502487562,0.0,Consumer Defensive
2014-08-31,STZ,2015,Q2,USD,0.41892650084159344,0.2329655258400349,0.2663175612492987,0.2360825384951063,0.17997631070382145,0.12206221557259522,0.12206221557259522,0.12206221557259522,2.441924189374334,2.1093007467752884,0.5239754904716398,0.697465107178573,0.10943960047484547,1.5126045941480573,0.5645152694132068,0.02718647764449291,0.05558812556627405,21.412108414198162,-3.8898663619126657,-3.8898663619126657,3.0560854521266902,10.454437572470544,64.74889308880309,38.480870376319416,0.4906668304064841,1.3106206946823633,0.5672158557649082,0.5353834690870912,2.6711010679010094,1.7395217697771512,0.23226562916377977,0.2716788230160214,0.5943093162000918,0.350529516619482,4.455294117647059,0.5016691608150109,0.06059594821952474,2.4649321266968327,2.4649321266968327,0.0,0.0,0.0,8.330433789124372,1.0168312049813304,37.790495380636585,0.5629443443308285,28.497239807020186,-20.125779631177977,28.497239807020186,2.263202447042205,0.9181601483181778,1.3450422987240274,0.6782126775199169,0.7623448640084499,3.0560854521266902,0.42885603665640937,0.3217873224800831,55.84635606273408,0.0,Consumer Defensive
2014-11-30,STZ,2015,Q3,USD,0.41441266134786275,0.25737821884932216,0.29084776545371993,0.243627164818058,0.20159564117532594,0.14412661347862749,0.14412661347862749,0.14412661347862749,2.1983459289890206,2.0246692083426776,0.4684516396845164,0.6373031292629491,0.10291378792430159,2.4275530636764118,0.8839407288746496,0.029297522871970468,0.0539046856227473,20.56732398739874,1.6295649005400548,1.6295649005400548,3.2440528056787934,11.857195018486086,-120.98105598941099,222.9297263414634,0.4885551216581556,1.2988110026619344,0.5649925118498047,0.5568749262768844,2.658473824312334,1.1236470974089865,0.06567881457749299,0.053188039177531295,-1.8426829268292684,1.1128982369316425,4.367441860465116,0.34555415086388536,0.011204022517352571,0.3517803517803518,0.3517803517803518,0.0,0.0,0.0,7.989241962564517,1.1514623883257675,38.37240635947184,0.37000186555562464,29.20112762473312,-19.29710009742346,29.20112762473312,0.4249321145036586,1.2079472669610098,-0.7830151524573513,0.7149292149292149,0.8274760383386581,3.2440528056787934,0.40036678823117,0.2850707850707851,56.939646654772524,0.0,Consumer Defensive
2015-02-28,STZ,2015,Q4,USD,0.44064297301282995,0.261097183306297,0.29604778056333875,0.2608022415572924,0.20188762719362927,0.15595044978616723,0.15823624834095265,0.15823624834095265,2.264484888963099,2.654303708887334,0.4151707530647986,0.5057428400954654,0.08955066195648585,2.574334483063589,0.9583443884319448,0.0282839623456257,0.09737330856991244,25.90007138863001,-7.511020702702736,-7.511020702702736,3.8526732077564247,16.393320513198642,145.50144816753928,67.18833871260199,0.48519264419426195,1.273329058866342,0.5601164749555977,0.5513233190271817,2.62437832498657,0.7613968111385583,0.29265057044308834,0.24399056186403184,0.46177092777274104,1.1664374140302614,4.404732254047323,1.5719714964370546,0.045032661948829614,1.857944974733296,1.857944974733296,0.0,0.0,0.0,6.997972125759163,1.1073328551746913,38.329919143029635,0.5851423381957596,30.34742181332205,-18.100712593976233,29.776727434094088,1.7074391508728115,0.9189933900587722,0.7884457608140393,0.7837837837837838,0.7741023466214306,3.8526732077564247,0.32840931836356096,0.2275383491599708,73.4010492652553,0.0,Consumer Defensive
2015-05-31,STZ,2016,Q1,USD,0.4518482192116717,0.26255133942254644,0.29608287868571076,0.26193833139214123,0.21504321706614357,0.14724452890332862,0.1462637160546803,0.1462637160546803,2.343148520540075,3.0930473884469043,0.5013174861243482,0.5949090113416724,0.10698943419490664,2.6593769526019817,1.067214139069892,0.03189638297409574,0.11666517896991878,24.453437384744344,2.282320822576142,2.282320822576142,3.927364011779554,14.306602488812603,307.08369263157897,113.45824326689355,0.4799275937379077,1.2314009255363905,0.5518510418473466,0.5422049658338919,2.5658056373580145,0.8965403533840784,0.18361153262518967,0.1260957518543493,0.36947010209042297,1.0434295320818157,5.513548387096774,0.7362204724409449,0.028110309391057176,1.5859676175790285,1.0854881266490766,0.250628667225482,0.0025623050788540734,0.25623050788540735,8.376552021607633,1.225185626405677,37.97305207809146,0.6880757499512186,31.07586291887895,-17.022685960173764,30.514105552874,1.056247625111684,0.6659957072289033,0.39025191788278063,0.6801596351197263,0.8209688743271706,3.927364011779554,0.31354387366258474,0.31527936145952107,63.19929739130435,0.30706664064987216,Consumer Defensive
2015-08-31,STZ,2016,Q2,USD,0.44744432906426673,0.27604707511249565,0.30875735548632743,0.2765662859120803,0.2314526364370601,0.17543556017076267,0.17445482866043613,0.17445482866043613,2.3958534899792676,2.5657648004286098,0.5389679815429632,0.6250315508599863,0.11059502086337361,2.5833195842270253,1.1173073750206237,0.03776660636910521,0.27198482098663584,20.698730158730157,0.8020757936507936,0.8020757936507936,4.12964043016428,14.443973693319487,57.91622484385843,41.91025108804821,0.473643242691439,1.224450748828924,0.5504508245343457,0.5441846477708443,2.5851751665896945,0.9175555143847762,0.49282296650717705,0.34464059074650977,0.723635754938065,1.6676817662733157,6.201811125485123,3.2222222222222223,0.08047308583436608,3.618413082980012,2.6539315859617947,0.1984126984126984,0.0023964356374902226,0.23964356374902226,8.861827272587844,1.5459885584576925,38.347571356267544,1.7008941580650603,31.517921504271406,-17.589198529674903,30.995434630348207,3.0541453863182055,0.8440565839992229,2.2100888023189826,0.7537387836490529,0.8368794326241135,4.12964043016428,0.2965029933078736,0.24202392821535393,60.0356576980568,0.3067437615987485,Consumer Defensive
2015-11-30,STZ,2016,Q3,USD,0.4471197805547089,0.28930204206034743,0.3205729960377934,0.2726607741542213,0.24321853093569035,0.16519353855531851,0.16488875342883266,0.16488875342883266,2.295368686162026,2.1549061534806366,0.48126923485089673,0.5562902678874194,0.10153745218672246,1.8018013327780091,0.8206476468138276,0.03366143997322148,0.2557788421491045,25.574894325323474,-2.3468726557355644,-2.3468726557355644,4.262219773889471,16.868049777506858,398.15878647482015,95.9169346967071,0.4582028397063739,1.1402562996734644,0.5327662391870691,0.5008687362578225,2.488540447292219,0.9484303636468752,0.1501978342357351,0.17586101798232245,0.24090121317157712,0.41293067662930677,5.916666666666667,0.32488738738738737,0.03897068755909766,1.317351598173516,1.0318311874105865,0.22402957486136785,0.0021899364667124026,0.21899364667124024,8.315128414372678,1.371071158846577,37.90644276728285,2.501381208468709,33.43639598359783,-15.06606991702612,32.90773527429026,1.4623069476053139,1.110035429897968,0.352271517707346,0.6779448621553885,0.892018779342723,4.262219773889471,0.2675263970803946,0.3208020050125313,65.76104898269632,0.30716048882108155,Consumer Defensive
2016-02-29,STZ,2016,Q4,USD,0.4510756868843961,0.2810393986521514,0.3188180404354588,0.2663945049248315,0.2269310523587351,0.1589554173146708,0.1577242094349404,0.1577242094349404,1.8007001166861143,1.9732122059166084,0.45749621948585006,0.4629507409851803,0.09096374889478338,1.3103903533864367,0.495533160234124,0.02936767511583538,0.03657087532456102,28.962499085866888,-2.516117108084687,-2.516117108084687,4.2987208229160325,18.27234908631415,-508.9871680505415,87.54389664700405,0.4763454170350722,1.2319653637416916,0.551964373531501,0.5096066147336313,2.5862857491310445,1.3745435111784092,0.14175064912203494,0.20872213582166926,-0.1719962744489289,0.28705969595847236,4.923353293413173,0.2546245059288538,0.039857941889818345,0.8532450331125828,0.7342147253248233,0.2514379622021364,0.002170375227778885,0.21703752277788851,7.740110444033164,1.220802800724256,40.95106255987401,0.4203092633553519,33.563550459681906,-19.313160494941744,32.900485010808666,1.6155323833742106,1.8933979345661736,-0.277865551191963,0.6950314106225014,0.8518608611043542,4.2987208229160325,0.2866030137388536,0.29954311821816104,73.56908355691057,0.30695616846476775,Consumer Defensive
2016-05-31,STZ,2017,Q1,USD,0.47083021690351534,0.29565124479111016,0.3254621220215835,0.2952772732129501,0.25045410834490867,0.17047761512982157,0.17005021904049578,0.17005021904049578,2.420535367903789,1.7735004476275738,0.5162080466958515,0.5337020985401459,0.10617129892229155,1.1926112572720198,0.4816022529365991,0.03554983366850226,0.0619928113536147,24.044862747408107,0.778294241560841,0.778294241560841,4.470490544684579,16.35533670798162,173.4499674220963,88.50511491760625,0.47125354509359046,1.2132301401869159,0.5481717053087185,0.49418699126940746,2.5744742990654204,3.0557505509754304,0.1281728239522733,0.18479538412223528,0.5102630818155536,0.26994477734696276,6.533096926713948,0.2138353115727003,0.041633566837582146,2.041912632821724,1.390832328106152,0.24913603518693056,0.0025903249875463105,0.259032498754631,9.363916055929362,1.5923359763876035,41.98604267240301,0.8409414942844994,34.96135471122339,-19.0199854923835,34.25798544235724,1.7304084644438331,0.8474449085770029,0.8829635558668301,0.6789675767918089,0.8481997466980279,4.470490544684579,0.2713863563875442,0.3193259385665529,63.615921290216676,0.39670827184271745,Consumer Defensive
2016-08-31,STZ,2017,Q2,USD,0.4794181674252919,0.30224619038195133,0.3320304769443895,0.30224619038195133,0.255689689293489,0.17474767464872354,0.17756778151593114,0.17756778151593114,2.4319576464926,1.6848678943154523,0.5671625700733075,0.5564824757027614,0.11407994400984343,1.4410801963993454,0.5976541189307146,0.039750362789638914,0.08060556464811784,22.94745935497353,1.8472704780753693,1.8472704780753693,4.586680308810426,16.2989177963586,65.9131105442177,47.12928848354793,0.4531703297323535,1.1178714635776341,0.5278278133505134,0.49433962264150944,2.4667799064379596,2.713020134228188,0.317785051827605,0.34583415792598454,0.7150214592274678,0.4607353608715388,6.492029755579171,0.6938653960690887,0.0870594096400548,3.5090361445783134,2.5080731969860066,0.2215101699637782,0.0024132319676139777,0.2413231967613978,10.065085427736252,1.787234890171453,40.45106641502293,0.8849028698341243,35.725276750011204,-18.047636358203903,35.76660873549023,3.480850343354265,0.9919676514966661,2.488882691857599,0.6944659442724458,0.8459649697168112,4.586680308810426,0.24372125116946697,0.31656346749226005,60.78836633884667,0.39589070428707307,Consumer Defensive
2016-11-30,STZ,2017,Q3,USD,0.4923501795084231,0.3101353217343275,0.3452637392985363,0.29494614747307374,0.26727423363711683,0.22369511184755592,0.22419221209610604,0.22419221209610604,2.115070093457944,1.1900815745176745,0.4329047148038246,0.48826860841423947,0.09882587977139863,1.3065311385875749,0.5012895395585223,0.04145764148943687,0.07483122202836986,18.69850162601626,1.4714907801343229,1.4714907801343229,4.325860250783699,16.768233769676883,205.40519106901215,81.8740216828479,0.47115463343540703,1.2299230550014248,0.5515540333299254,0.5119780257988248,2.6104445711028785,2.0360998650472335,0.14063566714708337,0.2048053024026512,0.39859762675296656,0.4055840201975199,6.881443298969073,0.29217555748167995,0.04295843180870291,1.662780269058296,1.2257851239669422,0.1958610495195861,0.0026186730551590533,0.26186730551590537,9.01347166767895,2.0207501518425217,43.35825873965728,0.9822468710483606,34.83765296267163,-19.98546294544622,34.93871536248046,1.8460067905967161,1.1101928648950046,0.7358139257017116,0.8388096714197149,0.9061797752808989,4.325860250783699,0.28431872129447655,0.16305021698698077,62.05917011678132,0.3957862455567393,Consumer Defensive
2017-02-28,STZ,2017,Q4,USD,0.4838452088452088,0.4305282555282555,0.49852579852579854,0.43108108108108106,0.3832309582309582,0.28372235872235874,0.27764127764127766,0.27764127764127766,1.7778748498416512,1.5010718113612005,0.42979898726407856,0.43997621750175664,0.08751558938631575,1.1973606168446027,0.4726052787663108,0.04797910834983273,0.06576215895610914,17.172912323008852,1.1677580379646026,1.1677580379646026,4.505546999071279,19.071637272727273,-874.6091684507043,110.76926678558688,0.4966079645637122,1.340564778267936,0.5727526923053078,0.5283843990172393,2.699442767587648,2.428763240340146,0.10390717674970344,0.1721744471744472,-0.12665001783803068,0.4074259909683894,9.114285714285714,0.18472386977725055,0.030341736937249,0.8875870804306523,0.7139582272032603,0.16991150442477876,0.0024735394502236755,0.24735394502236757,8.327024981074944,2.311925854696483,47.64562063956462,0.9089142132291261,35.21492726640342,-22.574012316631546,35.24766249974426,1.4337009227243898,1.6152791701618348,-0.18157824743744502,0.7244750761339959,0.8889997150185238,4.505546999071279,0.29753652076967885,0.2596569963135118,49.42006589452932,0.3928228000900219,Consumer Defensive
2017-05-31,STZ,2018,Q1,USD,0.5142340480495996,0.29026091449237923,0.32286230948075434,0.29351588736760525,0.24768793593386723,0.20940325497287524,0.20811159907000776,0.20811159907000776,2.3263221153846154,1.6825340014316392,0.48541483814342506,0.4622751916692541,0.10208656392079918,1.5398185483870968,0.6523093841642229,0.04090264323277055,0.09122983870967742,22.106375527557102,-1.9158858790549482,-1.9158858790549482,4.8199239820290405,18.40237264272798,216.52153343465045,93.3380300052411,0.4858539827209722,1.2465323355481277,0.5548695275040358,0.5222248802281,2.5656521915639336,2.263080970476469,0.1748533724340176,0.19715835701369155,0.4310796645702306,0.4526999260294238,6.894417475728155,0.3364189367892092,0.04142647777234978,1.757715338553662,1.2015113350125946,0.24950347567030784,0.0028216235103679117,0.28216235103679116,9.93078466282536,2.0667114762004934,47.68572440084351,1.024120185326759,37.9570957265045,-19.826679459617544,37.9155357390238,1.957937187979415,1.1139102817356683,0.8440269062437468,0.8402169378389653,0.8438655166343954,4.8199239820290405,0.2586207459279007,0.15456821026282855,71.41973475756122,0.5156516965197359,Consumer Defensive
2017-08-31,STZ,2018,Q2,USD,0.5110578076277285,0.3431998081074598,0.3771647877188774,0.3424802110817942,0.3025665627248741,0.24082513792276325,0.23962580954665388,0.24063324538258576,2.4428688620649246,1.6938673757686555,0.5281649997408924,0.46693696518973166,0.10734664029992172,1.614066985645933,0.6907655502392345,0.049707576853683835,0.060095693779904306,19.571843093093094,0.7791099077442827,0.7791099077442827,4.932397737162749,18.759674982010075,90.24819409185322,54.213978233744626,0.46076916738763235,1.1285680049444382,0.5302005866492845,0.5034074538051989,2.4493132024066298,1.693682713792403,0.3451196172248804,0.34603022307507797,0.6007209205600998,0.6629360758217383,8.781057810578107,0.7922020867655134,0.08061559782730178,2.504513888888889,1.8566280566280566,0.2012012012012012,0.0025700339033502308,0.25700339033502306,10.666496098247409,2.5559677625687605,46.200332608417554,0.6462837405654344,40.65651784572086,-17.79710886529359,40.568504541384165,3.6909300243059997,1.473711142381988,2.217218881924012,0.7919771682257809,0.8834570668160807,4.932397737162749,0.2288071775804563,0.2040589820833994,60.95947914016789,0.5142637840603812,Consumer Defensive
2017-11-30,STZ,2018,Q3,USD,0.504418876104719,0.4048691012172753,0.3114334945250403,0.27057973431160026,0.358067922850314,0.2749708187427047,0.2729698182424546,0.2739147351453505,2.3080179602309174,1.2012934518997576,0.4113305037829858,0.3953197099538563,0.08947585678690612,1.3981623881067866,0.5433968216412319,0.04666887088775004,0.06092511534366497,21.627741524129508,-14.003962636873885,-14.003962636873885,5.314744423873203,23.614882691345674,257.48809363636366,116.2394950752394,0.4650198188699514,1.1696668709891291,0.5390997515005103,0.5037341461749058,2.5153054203830423,1.569142209236405,0.14413028904925274,0.20315713412261685,0.45143638850889195,0.3118263245787157,5.980343980343981,0.29571197411003236,0.03909007293961626,1.8229426433915212,1.2159015302727878,0.20382814090816534,0.0023560959969024,0.23560959969024,9.21410463240378,2.515172466774218,48.304012701339275,0.7912729507567028,41.01866789582853,-17.31274487209034,40.940820977695836,1.87191109062508,1.0268623082635528,0.8450487823615273,0.7623408879230053,1.3233360723089564,5.314744423873203,0.2200796082940741,0.23207078547035082,92.23850696055685,0.5126629279659932,Consumer Defensive
2018-02-28,STZ,2018,Q4,USD,0.4808313041508579,0.38241123506427316,0.2920323914151424,0.2920323914151424,0.3332012005209808,0.5259640976272723,0.5240953621382864,0.5240953621382864,1.5950681961882396,1.5481256332320161,0.4399232245681382,0.3686869741319916,0.08597915155292205,1.7863937882449734,0.714763202550522,0.08054664956716896,0.04643389725921736,11.267124408427875,0.12546361240825799,0.12546361240825799,5.183989082909732,23.620190588368537,375.7738248648649,90.08832518358531,0.4959758894185124,1.2660419333590187,0.5587018998727568,0.5392671656063721,2.552627981258001,1.3910200866482867,0.23808299480639689,0.2621892519395209,0.23974082073434125,1.0001168224299066,5.934407364787112,0.6020023403978676,0.0454514219521533,1.3153409090909092,1.0266075388026608,0.10696920583468396,0.00237348062285241,0.237348062285241,9.122703696815655,4.7811666976628855,53.07379166408365,0.46649308784328314,41.652201764718036,-17.178104271278904,41.56644556030831,2.3918748579339986,1.818444816399066,0.5734300415349327,1.5729095853161115,1.1409734341671514,5.183989082909732,0.2442215662708146,-0.5785180149558123,100.46014070195851,0.5114376046122373,Consumer Defensive
2018-05-31,STZ,2019,Q1,USD,0.5122368228225295,0.48351326266425676,0.3466367055835084,0.3055053490303356,0.44062332079527133,0.36456450588637584,0.3633432660837282,0.3633432660837282,2.4726416233844666,1.5354451791480854,0.48274028234384064,0.42507994518044767,0.08863170929180358,1.811002260738508,0.7718663652348656,0.06607665850018754,0.10550113036925396,14.350315313256253,-0.763247539738025,-0.763247539738025,4.044471422075707,20.856361740999464,127.1443064919595,84.71241690476191,0.43759498110119627,0.9574286688643856,0.4891257005139522,0.4714611872146119,2.187933386381721,1.302392161852653,0.2532027128862095,0.24620194421376582,0.6662698412698412,0.7115878725590956,7.123006833712984,0.7298001737619462,0.04986642920747997,2.9964328180737216,1.6326530612244898,0.18889486421080937,0.0032907789844226587,0.3290778984422658,10.696017012471982,3.8863257553986905,53.267429162595555,1.097241743255882,55.20588957568094,-4.108386584390953,55.15677494526854,2.6333801838141166,0.8788383867411398,1.754541797072977,0.8246119733924612,1.4422769427566358,4.044471422075707,0.23672528964811257,0.17261640798226163,74.11507626832018,0.7341069758450067,Consumer Defensive
2018-08-31,STZ,2019,Q2,USD,0.50811186986212,0.6321604105954504,0.36953590535426906,0.3327388978295855,0.5938845635248575,0.5007611674133357,0.49997825235961896,0.49997825235961896,2.417052144659378,1.5388488229691115,0.5823677841289459,0.46468055864341007,0.09540823736902168,1.6580346820809249,0.7600462427745664,0.0982383799145061,0.09530635838150289,8.625719660722053,0.1555003590212737,0.1555003590212737,3.519702084609036,17.25068896524727,62.74491219743712,47.52673337327741,0.41181035377113806,0.8806652290052626,0.46827325534756203,0.4491418123866464,2.1385213386225073,1.5139103809304317,0.3858959537572254,0.3629681179592014,0.757459556620731,0.7712378640776699,8.693181818181818,1.1338315217391304,0.08409246644362933,4.1230237154150196,2.4472140762463344,0.12057416267942583,0.00349461167943095,0.349461167943095,12.06908317803617,6.0342791149374,52.55571012362529,1.0960917609386074,60.55382031024436,0.7543505078873461,59.15273366755033,4.380692406624846,1.0624950786109872,3.318197328013859,0.8418778379961916,1.7848366013071895,3.519702084609036,0.2502101620634991,0.1568038669986817,58.119772834274954,0.7275781516575238,Consumer Defensive
2018-11-30,STZ,2019,Q3,USD,0.49173679407888066,0.21301835141437697,0.3256108689039846,0.2821149751596877,0.17611274460103415,0.1582175808577512,0.15365507452093682,0.15365507452093682,2.3561872909698995,1.1358332389260224,0.45614194722474977,0.3956039548362513,0.07072684507931044,1.081792234048879,0.42828685258964144,0.02375629184381567,0.03882975560444788,30.626978159023427,-0.41677246448025196,-0.41677246448025196,3.2986708644629417,18.823962445503398,96.2720983147524,58.43901214982688,0.4865330006023578,1.2054687430596889,0.5465816492993317,0.5111988258385007,2.4776710758925797,2.323302514575113,0.18891597787952666,0.3221129473790936,0.6070192005036198,0.3246162896411573,7.644230769230769,0.3535696399755161,0.04682525645560665,2.5446535843011615,1.6355212355212356,0.45793467502474433,0.003738000796609982,0.3738000796609982,10.399510760114296,1.5979376008266466,71.92248078362734,0.6885207874231609,60.73322719077192,0.7929060216573001,59.34511445471895,3.349817062241014,1.3164137872860893,2.0334032749549245,0.8724812895797351,0.6242587601078167,3.2986708644629417,0.3654407464674266,0.10161197466896948,78.73446725829052,0.7317510359443701,Consumer Defensive
2019-02-28,STZ,2019,Q4,USD,0.49716225239261075,0.9173714667260182,0.2589027375918095,0.2589027375918095,0.8514355664366793,0.6951925217004229,0.6896839528154908,0.6896839528154908,2.1220923367575866,1.4653802497162316,0.4241926398798348,0.34119947601237827,0.061481620854215484,1.1644225298691446,0.4910550603704406,0.08039379540450034,0.029584676654655792,6.506655127067366,0.021294507688584107,0.021294507688584107,2.5703128133216477,17.950142510572,5040.62439375,118.42876696035243,0.4658159861792929,1.0848936339733886,0.5203592242285278,0.48372739687710814,2.3290176081587126,4.519552370174777,0.08609899487957519,0.1515691075005564,0.023494860499265784,0.093408262454435,3.9265822784810127,0.14671190822426886,0.020005140821797083,1.02406015037594,0.6712666338097585,0.11278741427995159,0.004333540508807724,0.4333540508807724,9.4238806126676,6.499499231805859,72.02147797406492,0.4908052667180544,67.31373258454069,8.129224412318374,65.81300109592202,1.4283691736538249,1.3948098391773769,0.03355933447644816,0.810024833355117,3.28863099075865,2.5703128133216477,0.42208622559499553,0.18350542412756501,98.39436088545024,0.7330617124699146,Consumer Defensive
2019-05-31,STZ,2020,Q1,USD,0.4905111577341217,-0.1468148006866298,-0.10275605569330536,0.29691970246042343,-0.20145908830822049,-0.11305550257486172,-0.11701316040434866,-0.11701316040434866,2.6604084739312444,1.8451044724572612,0.7151462418847466,0.3683628124286442,0.07243938917692247,1.2182832647228932,0.7099649576429762,-0.00964593115429238,0.03357942367230293,-34.41188442339038,0.2880077460658278,0.2880077460658278,2.7745228385326826,16.10657340740034,77.22612197073616,56.952800118023944,0.46537782674924266,1.1066646953493338,0.5253160115097592,0.49103693918161906,2.3779918847436465,3.6102599414701326,0.20178273738645255,0.2828056456227351,0.7374810318664643,-0.017040307971014492,5.43368237347295,0.35906284053759535,0.04402072261971915,3.8092485549132946,1.9856042852360227,-0.582722086389568,0.004233436326967619,0.4233436326967619,10.955154491080524,-1.2818972497192258,70.97866116436388,0.5155797006816936,65.23467495494555,9.84511714158853,63.59652101235406,3.098179538746833,0.8133308956042521,2.284848643142581,0.580828402366864,-0.6784968684759917,2.7745228385326826,0.3966285771621076,0.43881656804733726,-218.80837935034802,0.7469898398934364,Consumer Defensive
2019-08-31,STZ,2020,Q2,USD,0.5059300341296928,-0.2592150170648464,-0.2213310580204778,0.30695392491467577,-0.3068259385665529,-0.22056313993174062,-0.22406143344709897,-0.22406143344709897,2.457795952605641,1.9028918830101873,0.8831020283666311,0.4116324810339983,0.08506592246081487,1.6109567830957694,1.0137529031376658,-0.02790577467363418,0.037023543877225736,-18.639933882330542,-0.16341859842043216,-0.16341859842043216,3.441773069655021,16.70596122013652,62.47411151882578,47.39050357013191,0.48842863934444075,1.1829224346297518,0.5418985190971244,0.51661830371368,2.4218940892111624,2.36385639370714,0.37629218088255384,0.3525170648464164,0.7585622655209973,-1.206095238095238,6.447132616487456,5.475811795891318,0.06139523133735056,4.141854636591479,2.419619326500732,-0.27037319116527037,0.0036262627441716244,0.3626262744171625,12.232160562762882,-2.740755429847724,70.81659065053803,0.4247857806351956,61.009466356339956,6.300293279617589,59.37346706605575,4.31204533831526,1.0410904574535815,3.2709548808616784,0.7302558398220245,-0.9995830437804031,3.441773069655021,0.3143791039765748,0.2811457174638487,-101.2647900925212,0.7410267917714715,Consumer Defensive
2019-11-30,STZ,2020,Q3,USD,0.49389816945083526,-0.09467840352105632,-0.05176552965889767,0.1336400920276083,-0.1462438731619486,0.18330499149744922,0.18025407622286685,0.18025407622286685,2.47358653965112,1.4957871396895788,0.7447012069473065,0.3513822252684487,0.07379575325629205,1.4104137874969516,0.8581009674010243,0.029234794851700826,0.038086334444354115,24.73658407325194,-0.1460737938808412,-0.1460737938808412,3.045438673202726,17.83548044413324,75.26437230899114,54.28567453189223,0.4746232518998882,1.0982031530223582,0.5234017265870803,0.49198016408449785,2.31384187063385,1.700676221664611,0.2670108121290952,0.3285485645693708,0.7212665550312072,1.4440977639105563,2.591658583899127,2.333570159857904,0.051083651520689305,3.5876570180229383,2.0206090433712705,0.3940066592674806,0.003982023731537838,0.39820237315378376,10.432015026609621,1.8804132317645832,67.6322654701033,0.48888656996765106,62.800271313784826,8.051758322028592,61.09464677032245,3.4274235625586975,0.9553375769591986,2.472085985599499,-1.2325581395348837,-1.094311377245509,3.045438673202726,0.32588657879540506,2.253419972640219,-467.8827014492754,0.74089533548993,Consumer Defensive
2020-02-29,STZ,2020,Q4,USD,0.49913290241210784,0.30915970361027906,0.36785958274213043,0.28645751221819327,0.25692364286089653,0.2149350990593305,0.20936465394923537,0.20936465394923537,2.2003931544865867,1.70928981348637,0.6938701223063483,0.3568160510031877,0.06964411196345963,1.507094039276754,0.9129249935115494,0.03205624659065655,0.03521065836144995,20.752449171686745,1.9714826713102387,1.9714826713102387,2.7259848497337575,17.37931735771717,115.39114794138172,69.65270219039596,0.44594337412894536,1.0043521983547372,0.5010856870260401,0.48027212050071544,2.252196706177154,1.744179651695692,0.20538108832944027,0.24951389983709077,0.6036225779275485,0.5778046962355572,5.483903420523139,0.4875744506058739,0.03896722091820823,2.522848034006376,1.437046004842615,0.3569277108433735,0.004299826346886585,0.4299826346886586,9.918686473807663,2.076622361219703,64.02918947094084,16.546260099035706,65.02111024237686,10.415949960906959,63.23586135001303,2.474850143341152,0.9809747198332031,1.493875423507949,0.8148905706688484,0.8968996514401028,2.7259848497337575,0.36843645644356043,0.1634281039067294,64.53471857142857,0.7412040656763096,Consumer Defensive
2020-05-31,STZ,2021,Q1,USD,0.5033615157380055,0.01619639401039014,0.3595803198533157,0.3106855454823266,-0.03473566262605684,-0.08790872975450749,-0.09060812875623918,-0.09060812875623918,2.8028551034975018,1.928981206726014,0.7317274500975537,0.3851163155623553,0.07508279222020818,1.9380278475233965,1.1775850262497147,-0.00723656598204736,0.17279160009130334,-46.9637510539629,0.32656912984543746,0.32656912984543746,3.020007703777336,17.021190409493734,61.6253093306288,48.68085251274581,0.46554849367872797,1.1001265136454004,0.5238382099827883,0.5126248056621141,2.3630760889210194,1.3944107098469514,0.39174845925587765,0.3496485688092085,0.7899490167516388,0.9478493776587364,6.1,1.2838975126239012,0.056390668638081155,4.760748959778086,2.3828531759805625,-0.8088813940415964,0.004305881535698485,0.4305881535698485,10.178489038191366,-0.9222538453164124,63.62981280165062,1.5697496591445175,58.98277318983706,4.962752142335028,57.36740332923788,3.5588941248438286,0.7475492102002623,2.8113449146435663,2.6085043988269794,-0.11180327868852459,3.020007703777336,0.364279373284179,-1.530791788856305,64.15099893767706,0.7459939760597625,Consumer Defensive
2020-08-31,STZ,2021,Q2,USD,0.5378694036453725,0.3350734383294992,0.3667934878782516,0.37104052380109714,0.29074500088479915,0.23084409838966555,0.2265528225092904,0.2265528225092904,2.440246140559214,1.604115479115479,0.7863595302619693,0.43595826341877375,0.0854189891355692,1.8520341379129797,1.1565003403319545,0.040377074010803184,0.10712602754070893,17.41428517867604,-0.04450317323439432,-0.04450317323439432,3.0519696919917862,15.781021836843037,57.09254443021767,47.03510253164557,0.43837883797827115,0.9925222450376454,0.4981235454256589,0.4863501327192504,2.264074264202601,1.3820427379169087,0.39708885281951933,0.3355158379047956,0.8238396624472574,1.0941640378548896,8.370259481037925,1.420756837766954,0.06537592883126735,5.676646706586826,2.734944103858637,0.28060925600468656,0.004028434890171308,0.4028434890171308,11.689990794468406,2.6484004095944393,60.5124067810635,1.0581189685667298,62.079415810759095,8.006226662943082,60.44620969994104,3.9221770565054146,0.6909320342156163,3.2312450222897984,0.779214850882532,0.7835936568498867,3.0519696919917862,0.3252071105561675,0.2060255629945222,56.7692941261609,0.7431656685388028,Consumer Defensive
2020-11-30,STZ,2021,Q3,USD,0.5201591403141791,0.6416061687379517,0.6729830605799598,0.32119273204544524,0.602354292276773,0.5299208399983594,0.5253681145154013,0.5253681145154013,2.6634258247760543,1.5980057369211855,0.8496622848427627,0.43688067805114056,0.08823912618618489,1.6885960615264035,1.014107965121975,0.09710904915546462,0.07489957872048594,7.787699039737684,0.05217758356624249,0.05217758356624249,2.9973523936869464,16.365635043681554,54.748977497255765,43.432083160988356,0.3975483702851187,0.8251515538495053,0.4521002938682779,0.4389755649396077,2.075600393626851,1.6077151335311572,0.4500342901930048,0.37680981091833804,0.7932948731903777,2.2047884354765848,8.182863113897596,1.6162913441238564,0.08363603259137876,4.837809373354397,2.7547226386806596,0.11210867358888282,0.0035989023528270234,0.35989023528270236,12.577574866517063,6.60785679279837,57.16010214346514,16.053547937785343,70.4299827181511,16.11493719208646,68.67394051948722,4.739353607263535,0.9796486883850499,3.7597049188784855,0.8721912025057879,1.875367130634657,2.9973523936869464,0.2752934741965769,0.12025057878251395,30.919462944904925,0.7407980603059146,Consumer Defensive
2021-02-28,STZ,2021,Q4,USD,0.5088069636456733,0.2944700460829493,0.33266769073220687,0.2863799283154122,0.248489503328213,0.2,0.1960573476702509,0.19528929851510496,2.4869476633133836,2.085434782608696,0.7430098365734645,0.33547478356465577,0.07205365839260942,2.398944133638011,1.3816090142620754,0.03472301281905326,0.36293436293436293,27.579154968660223,-0.39365118630480833,-0.39365118630480833,3.1061507732243046,21.62838389656938,918.2659510869565,95.37194344095734,0.38525648593607037,0.7678782842729927,0.4343501988253498,0.4336623354989172,1.9931612115685828,1.2278771494137248,0.34898747143645104,0.22677931387608807,0.10386091668548204,4.663865546218488,6.228285077951003,15.167808219178083,0.042414027560977945,1.1158982111363063,0.8191233586092103,0.3755549751893445,0.0034043372215003427,0.34043372215003426,10.06778874655257,1.9738639585534965,54.29337319895868,2.3744103925561255,71.80503647189215,17.545171018377708,70.102843003325,2.283166224192592,2.046034487202619,0.23713173698997345,0.7889964970121575,0.8676917575540855,3.1061507732243046,0.24721217363054956,0.19513702864207708,80.37853432353394,0.7412944299816996,Consumer Defensive
2021-05-31,STZ,2022,Q1,USD,0.5523316062176166,-0.40666173205033307,-0.3588452997779423,0.03705896866518628,-0.4494448556624722,-0.4427831236121392,-0.44811250925240564,-0.44811250925240564,2.1960338101430428,1.104859335038363,0.6585365853658537,0.375820629798598,0.0773697713840656,1.6061178980027147,0.9382877642039946,-0.059669873775267016,0.2442311421369013,-12.550738869962007,0.03729788668636555,0.03729788668636555,3.7180550557227443,22.49657235196151,75.71716304808172,63.672212110684356,0.3987492555092317,0.8517811704834606,0.4599793885262796,0.4470878952399848,2.1361323155216283,1.3395247380771391,0.34710102772929996,0.35331852948433257,0.8409217877094972,-1.1584158415841583,0.8662053056516724,1.3524744994333207,0.06855479596330978,6.286215978928885,2.7475057559478127,-0.16154608523290387,0.0032178600580149122,0.3217860058014912,10.550496150552691,-4.727809303882013,54.82665675393799,2.6229163388346635,65.58644476003087,10.708766608473638,63.83713969879934,3.7276857852433882,0.5929935906972373,3.134692194546151,0.9970355731225297,-12.127829560585885,3.7180550557227443,0.22909321075609645,0.014822134387351778,-76.36097892086083,0.7637590847698394,Consumer Defensive
2021-08-31,STZ,2022,Q2,USD,0.5186200497659315,0.10079709839315086,0.14626122896545907,0.31175403821011344,0.060393909999578256,0.005018767660579478,0.000632617772341951,0.000632617772341951,2.4373972039473686,1.3581627796287483,0.8524271844660194,0.43068623533258255,0.09357032079336078,1.3459375428649811,0.7337113072104613,0.007911289330254711,0.04727721640528554,6709.64211,-66.95486746898735,-66.95486746898735,3.596795470261867,16.97855537935979,70.57828306451613,49.70718935671071,0.41726025343030665,0.9446782277734594,0.4857761115858533,0.4738888053247095,2.264002430155369,2.3629478299865463,0.3703077134104522,0.3415714225464974,0.7042844795653784,0.36674608577263446,7.7160751565762,1.6468076453843026,0.07659715326050977,3.3816283924843424,2.1196021983773883,95.06666666666666,0.0035421660763761166,0.3542166076376117,12.435686975858687,0.007867036592209536,55.957182342174136,0.5423010557563107,60.442966607052014,5.223712297227132,58.70225364374912,4.247675290687002,1.2561035092227892,2.991571781464213,0.01047486033519553,0.1937229437229437,3.596795470261867,0.2626444109997396,0.9168994413407822,146.27437329873126,0.7478929453660532,Consumer Defensive
2021-11-30,STZ,2022,Q3,USD,0.52818236662932,0.28777040420580885,0.3345686460398173,0.36193225889856073,0.2499784538481427,0.20718779625958803,0.20287856588813238,0.20287856588813238,2.5284375680976248,1.1581341231224878,0.7208506155770623,0.420451868896418,0.09090659803426136,1.5016454682913813,0.8261584986213644,0.04144225335994106,0.16067775504758516,22.521154380841125,0.0008936966024143305,0.0008936966024143305,3.773865969942073,18.276238011721105,63.028440971912616,46.190195959485955,0.40748923701292344,0.9255937285888435,0.4806796547198758,0.47292715070279195,2.271455647206428,2.462697654674732,0.40834296895846306,0.3956735327070585,0.7328468743193204,2.010989010989011,9.544318181818182,3.69199839163651,0.08827063765970333,3.743171626579698,2.375679172056921,0.29991503823279525,0.0033292591618653295,0.332925916186533,12.329123742834222,2.50131494360353,55.7328884662179,1.9195520159812136,61.34490837898003,5.00262988720706,59.708002826464636,4.878307946509688,1.3032552159429607,3.5750527305667275,0.8115842096190312,0.6906774616025717,3.773865969942073,0.24362301905080397,0.17117738320979142,67.55878146573932,0.7501819669431148,Consumer Defensive
2022-02-28,STZ,2022,Q4,USD,0.538692033293698,0.2765279429250892,0.3293222354340071,0.3222354340071344,0.23681331747919143,0.19291319857312722,0.18806183115338881,0.18806183115338881,2.338709677419355,1.0786254448398576,0.6165141113653699,0.346970097036108,0.08131637775663487,1.2337705646954202,0.6508448199199645,0.036674391657010426,0.07388468949162591,29.16009652250885,-1.0849271206168738,-1.0849271206168738,3.9311286884477368,21.93560459453032,-276.49645479616305,176.50060719479524,0.4028689887762127,0.8878783487755606,0.4703048527207383,0.4471326713823215,2.2038885432027207,2.390698732162147,0.0968208092485549,0.12428061831153389,-0.6383467278989667,0.591697889962532,7.887077997671711,0.2814822794355273,0.02508520136322181,0.6103714085494043,0.4579390115667718,0.3603945371775417,0.003089792045950114,0.30897920459501144,9.829681195738056,1.8485878453245315,49.10118610707223,0.9322418218455022,56.32629398811555,6.686520830508712,54.84938731047767,1.2216388568115835,2.001468023731492,-0.7798291669199086,0.7941353685479012,0.7349077490774908,3.9311286884477368,0.22585837787115343,0.185378590078329,81.36439725592143,0.6662209609477636,Consumer Defensive
2022-05-31,STZ,2023,Q1,USD,0.5310595802301964,0.2592670954637779,0.3080568720379147,0.2754316181448883,0.22202945159106297,0.16896580907244416,0.16481888964116453,0.16481888964116453,2.6857597454256164,1.2670935284701579,0.6690412943733398,0.38343095419661544,0.09145121531204167,1.395806915208386,0.6956632006086736,0.03534370492767423,0.04302984191394032,29.705493754813865,2.497961974836623,2.497961974836623,4.120693704257706,19.584105987643873,82.40947163461539,61.04083259034556,0.42480002786259097,0.9773759282012928,0.494279268935147,0.4778424517424778,2.300790640525669,3.015631978561858,0.3204835573590329,0.32083615436696006,0.7407016618306516,0.7651091924834942,7.3548022598870055,1.0845372621942497,0.06906980769405956,3.8565615462868768,2.1919629950852846,0.38331193838254174,0.0032259347508777304,0.32259347508777303,12.534143767138183,2.065863658302438,58.6917434404188,-0.37392397409582,61.304968150163624,4.655220880339025,59.57006698808217,4.021406484531216,1.042744018542386,2.97866246598883,0.7423289498761196,0.8061146105392534,4.120693704257706,0.23718723068191633,0.2389937106918239,78.51189460164835,0.7918702032979564,Consumer Defensive
2022-08-31,STZ,2023,Q2,USD,0.49937855448005725,-0.3442431546834394,-0.30115626530074197,0.06161726488644496,-0.3797597077322888,-0.429626002787089,-0.429626002787089,-0.4335806560958156,2.7123301665134334,1.3858825982692107,0.8050878255602665,0.4259063201796599,0.10934932395421916,1.4053903419722122,0.7481189537800071,-0.07043239533287578,0.06572713881922052,-9.850097842640483,0.024536344806577372,0.024536344806577372,4.786881077473639,16.92743265278144,68.33514738695455,50.15514611806719,0.45097998838593295,1.1662796889977634,0.5383790906230334,0.522618303106108,2.5861007562040688,2.716631708190515,0.3567419085154664,0.3375014123761817,0.7339582635866533,-1.2170279446330634,1.7348886532343584,1.3344750558451228,0.08183412175120089,3.758808724832215,2.3311654526534857,-0.1279915841150171,0.003248485095268526,0.32484850952685257,14.535576956471907,-6.244861826013146,60.464080334358016,0.4012872550598436,53.16317060246433,-5.207974975967656,51.40090092437751,4.905777752511948,1.3051416317362443,3.6006361207757043,1.131310125954577,-6.16320293398533,4.786881077473639,0.24364083212472198,-0.131310125954577,-69.69625617358679,0.7992897576908208,Consumer Defensive
2022-11-30,STZ,2023,Q3,USD,0.5035501744305356,0.2911143033039196,0.3395854709624461,0.3064641904371024,0.25068746152267596,0.19688077159860456,0.19195567412271702,0.19195567412271702,2.6454940282301846,1.1998809641900605,0.6712541620421754,0.3734786474140838,0.09959939500470098,1.2939082568807339,0.6326238532110092,0.03720239040282479,0.06788990825688074,25.94750716142827,-0.18567940904508307,-0.18567940904508307,5.786113164980035,19.923084915903964,128.58965933139075,77.50693980137315,0.49758001880390795,1.4508969545264914,0.5919861101654524,0.5736306069137961,2.915906788247214,2.678649956024626,0.2298348623853211,0.25704904576236404,0.6027462877215392,0.707693871328387,7.565349544072948,0.7075237234523272,0.051452888936355495,2.517282958199357,1.5871768879878358,0.31173829377806284,0.003003547622500236,0.30035476225002355,12.917176285012253,2.4795252815515005,65.05506677339847,0.47713764237681217,46.211840970066206,-10.186358511808965,44.477180563558505,3.3203478380066387,1.3190205047038985,2.00132733330274,0.7657170923379175,0.8179991964644435,5.786113164980035,0.25075502555116336,0.21463654223968565,73.156751749577,0.7729629806504358,Consumer Defensive
2023-02-28,STZ,2023,Q4,USD,0.48112924216638303,0.1870057062769046,0.23976374011412555,0.23360696766443087,0.1283411752928221,0.11172289518470317,0.11162278506356993,0.11162278506356993,1.8570366239077896,1.1010090281465745,0.5459524938115553,0.29100390374643126,0.08100623218434615,1.1778122157463868,0.5381531516356164,0.020617262248562317,0.044975238351918606,46.11808203172646,-0.9005735703833198,-0.9005735703833198,4.889384944886849,20.59131503268595,329.89037026704085,86.36852650073483,0.525502487602535,1.540375106969668,0.6063573457099145,0.5729158735234846,2.9312422744128552,3.0071498457138555,0.16046221743085268,0.23841225347882672,0.26180978374973757,0.34504643962848297,3.9820819112627985,0.4054307116104869,0.03675125963534232,1.3546643913538112,0.9560417503010838,0.6573991031390135,0.003563673260993175,0.3563673260993175,10.863803484377089,1.2126480013094858,71.11283276916834,0.7259574357615083,47.49392994904448,-10.438561001406677,45.75217589155825,2.590063870061471,1.9119598083426692,0.6781040617188022,0.8697347893915757,0.5493893293336191,4.889384944886849,0.3029195198309294,0.1294851794071763,112.65955985866387,0.7971937084841731,Consumer Defensive
2023-05-31,STZ,2024,Q1,USD,0.5001391705435604,0.13853433536124696,0.1893117022545628,0.3040677561732077,0.09161398067517595,0.05535011332458547,0.054037933913873314,0.054037933913873314,2.6952095166648804,1.2529652147911892,0.6442041611150968,0.34977260399716276,0.1015743642767133,1.1448362325654287,0.5332079611346184,0.016629865623619962,0.060335370631562454,81.91521688741722,-2.1088811156122302,-2.1088811156122302,5.1868505416424,17.706116306811403,114.64755895983522,66.92081740306583,0.499087207987334,1.4393709959231218,0.5900582561359946,0.5612017500817795,2.8840069889341877,5.081119304980301,0.2085566525622943,0.26458308481450554,0.5837090471896603,0.25738932727029556,6.469543147208122,0.48315422596572755,0.05384802136440884,2.4021660649819494,1.5085014735887554,1.2075055187637969,0.0036852295722520348,0.3685229572252035,13.722376821083648,0.7415288917989851,68.07006056637748,1.0503628526218147,48.60697331805533,-9.674796747967479,46.84345501173132,3.6307087903093795,1.5114312216947672,2.119277568614612,0.58984375,0.3012946253432719,5.1868505416424,0.2775038502396002,0.3958333333333333,119.07921003990758,0.8954002291700769,Consumer Defensive
2023-08-31,STZ,2024,Q2,USD,0.5111040609137056,0.3378807106598985,0.3832134799774394,0.3450014100394811,0.29889311900733223,0.24700366610265087,0.24323181049069373,0.24323181049069373,3.0398628375482213,1.4169391091131998,0.7645534729878721,0.37423320976742347,0.11379061371841155,1.2018547681539808,0.5670341207349081,0.05250558989872419,0.029151356080489937,17.32327495652174,0.0424477598272387,0.0424477598272387,5.091391455467052,16.854286125211505,73.37667108655617,49.98143307547564,0.4695748094665062,1.246592409592367,0.5548814303252075,0.532134956854461,2.654725901946586,5.461160843199538,0.3347681539807524,0.33721094190637335,0.6811624503449718,0.8271583208659685,8.849005424954791,0.9326313736960125,0.08171528637936189,3.1363934426229507,2.0418356456776947,0.23695652173913043,0.00341962651885755,0.34196265188575503,15.459569041624432,3.7602589674001896,64.39906701980404,0.45395590142671854,52.99240318695571,-5.428397039749752,51.176579581248845,5.213135837992785,1.6621434566044317,3.550992381388353,0.8137752093407241,0.8663533258404005,5.091391455467052,0.24484316723551014,0.17360537799268783,54.6733868825315,0.8910178857535233,Consumer Defensive
2023-11-30,STZ,2024,Q3,USD,0.5142255858189324,0.30559715083572786,0.3493463920029139,0.3225140637014853,0.26342628192156703,0.21081387348739325,0.20603828564490673,0.20603828564490673,2.753705561127828,1.166699066874028,0.6037726358148894,0.32033447851170027,0.09860959237590493,1.050741146187757,0.4625580638480428,0.040448260043253165,0.023284712565460518,21.67350581909252,-0.8231553725231101,-0.8231553725231101,4.6601126860943936,17.86228793152293,111.76481957457584,60.893939362582785,0.46686807090919247,1.235191637630662,0.5526110678098207,0.520535809206563,2.6456973920388553,6.604035814512896,0.21444421432586763,0.2933344125622243,0.5448399558498896,0.48224151539068666,7.6477927063339735,0.5117921197570965,0.06195666111039877,2.1970294028493482,1.4689906769355492,0.3211549793753683,0.003704465051201569,0.3704465051201569,13.463560822776188,2.7740089906007355,64.31112927394088,0.4288244108432094,53.39000136221223,-4.9693502247650185,51.606048222313035,3.9493257049448305,1.7975752622258547,2.1517504427189755,0.7821477953602703,0.816790061488267,4.6601126860943936,0.26505617370936735,0.1997234598248579,64.59189903846153,0.8908868001634654,Consumer Defensive
2024-02-29,STZ,2024,Q4,USD,0.47351689963068583,0.27815436398485344,0.3278949090739096,0.29493712308914966,0.23028376419989716,0.18905147024449534,0.1834416343321958,0.1834416343321958,1.9797316057380843,1.0172522807334476,0.5418851946302267,0.2467101089902543,0.08326035256522535,1.1870961581309483,0.5255753254607378,0.031918910098482765,0.04850876913772798,28.9617,-1.293934016129032,-1.293934016129032,4.665690008313576,21.251126324155017,598.13532,104.93602105263157,0.48878042324953197,1.2888710985210046,0.5631034003416933,0.5227222627719348,2.6369122763802073,5.6344001053602,0.13788713117102205,0.2025150764340143,0.17543859649122806,0.4714747039827772,6.1611328125,0.3615423134702053,0.03449703765050647,1.2127659574468086,0.8332371609924986,0.41462793068297654,0.0035791056005256643,0.3579105600525665,11.694438977454132,2.1452469986223184,69.21209735616348,0.8331693236239586,55.02307069911872,-3.539329528308076,53.26543331365217,2.3683002033720397,1.952808939622559,0.41549126374948064,0.7965895249695494,0.780789348549691,4.665690008313576,0.26109652349501605,0.17904993909866018,82.49712620473339,0.8894793238426382,Consumer Defensive
2024-05-31,STZ,2025,Q1,USD,0.5213209602885374,0.38449111470113084,0.42653191569297816,0.34797309989856107,0.3459443212984183,0.3354247285569373,0.3294886726528159,0.3294886726528159,2.9776261326770332,1.1183182656016852,0.5990126939351199,0.2989263493632219,0.10213698335770009,1.2261866632502723,0.5449362628915508,0.0638486073268682,0.023637178912305427,13.036925935005701,0.1057712858877821,0.1057712858877821,4.461025008291227,17.182077687192397,145.09370615482234,66.23249265749457,0.455957574990119,1.1590452408357557,0.5368323085194339,0.5102963023114733,2.5420023800698415,4.113910355486863,0.22115815770930755,0.25942067099973704,0.456480811006517,0.8503302104131469,9.009727626459144,0.5757045189261297,0.058111645051883896,1.839861444177991,1.2317160185515519,0.2112884834663626,0.00405173129999588,0.405173129999588,14.563430835056849,4.798485495113971,65.57620126281694,0.40379501657857586,57.84390969874047,-0.7933641924646816,56.09248985040981,3.778054999288708,2.0534453891861726,1.7246096101025354,0.9524326672458732,0.9941697257611747,4.461025008291227,0.2598159030002215,0.030408340573414423,50.68443246718929,1.013864723197969,Consumer Defensive
2024-08-31,STZ,2025,Q2,USD,0.5179348384665456,-0.42159717701873994,-0.3841858234266333,-0.4211860632430025,-0.457227037582651,-0.4050841070266196,-0.4107711809243208,-0.4107711809243208,3.3500516469643062,1.2798799345097325,0.6704946154579243,0.34427892384086434,0.12647373597757278,1.2515615347655982,0.5313336536481571,-0.0730272327650906,0.022170361726954493,-9.131872887823187,0.038483748780993234,0.038483748780993234,5.564423231437719,15.004440840727671,51.2839137822014,37.05911522254189,0.5270959439492875,1.5455735122223917,0.6071612172272494,0.575798732376148,2.93224322813437,4.056281267370761,0.40558720571075574,0.4048785501387509,0.7226265019461838,-0.9531864673485445,-11.821153846153846,1.294697633654689,0.09714835304852486,3.6052471018913974,2.312267657992565,-0.15287739783152626,0.0041852695418970205,0.41852695418970204,16.0425838293569,-6.589831104662347,67.43117501250364,0.3550484481744684,44.82569099792797,-1.7724941878678957,43.25875117479266,6.495298081309392,1.8016235497150268,4.6936745315943655,0.8983965233028622,1.085570196843989,5.564423231437719,0.26477937651748285,0.11404166042259853,-49.84551664883182,1.0074362314300318,Consumer Defensive
2024-11-30,STZ,2025,Q3,USD,0.5212679600616933,0.31577238412208786,0.3640717590713532,0.3218605406282978,0.2733988148388668,0.255337283870444,0.2499797061449793,0.2499797061449793,2.9464243004066013,1.1170565394450231,0.5538598797896318,0.3164682157399201,0.10803202637879174,1.103526907874734,0.45603526907874736,0.04987614102955648,0.022408026755852843,17.726295198084102,-0.1169332185739482,-0.1169332185739482,5.586034542966051,17.72485625862489,95.60092130035027,63.73394753356684,0.03902886057300208,0.1138555603878329,0.10221752661376451,0.0,2.9172145616413823,4.590218910107126,0.20833079963514747,0.2781069892036691,0.6666666666666666,0.8572146807440925,7.595785440613027,0.7698011459386586,0.7698011459386586,3.0,1.6667477499391876,0.29663906478324403,0.004183602121430673,0.4183602121430673,13.593904316304629,3.398200206352797,5.487108467637371,0.4066363942331566,44.53523722295482,-1.4284689615598947,43.13435553373096,3.780559800930243,1.260186600310081,2.520373200620162,0.9143408551068883,0.8494325346784363,5.586034542966051,0.020382179793571112,0.06606294536817102,49.59520719063545,1.0080389311587206,Consumer Defensive
2025-02-28,STZ,2025,Q4,USD,0.515063302837076,-0.11200443581924037,-0.06307180482395343,-0.06944829498197948,-0.15830329914056002,-0.17124110525829406,-0.17341280842805656,-0.17341280842805656,2.180114838319734,1.116726963183656,0.7302393543000278,0.2720382125573503,0.09995242999588959,0.9209952418715305,0.5648295003965107,-0.018556914069226795,0.016876486915146708,-21.032994604316546,0.13025898297755237,0.13025898297755237,4.588016782911945,14.58956265594677,101.1686366549183,53.09354548511855,0.5594555774675207,1.7601714617843651,0.6377036666578927,0.5743022565320665,3.146222028480093,199.46543778801842,0.14737807295796987,0.2747897606505868,0.5248024213889356,-0.07124604790159816,-1.5,0.2692534069814823,0.04909398604862344,2.1043878273177636,1.2841718851220039,-0.48094857447375433,0.005716596513259345,0.5716596513259344,12.029147421253606,-2.086008237314702,67.88670079427278,0.37851628287005384,39.656945301340095,-2.91418630115667,38.25182171382835,3.305486540716902,1.5707592002801354,1.7347273404367667,1.095446584938704,2.279441117764471,4.588016782911945,0.3639967611442713,-0.08172796263864565,-319.56140293040295,1.003262688077015,Consumer Defensive
2025-05-31,STZ,2026,Q1,USD,0.5036182902584493,0.2831013916500994,0.3249304174950298,0.283817097415507,0.2431013916500994,0.2082703777335984,0.20520874751491053,0.20520874751491053,3.092339849993852,1.274527820316488,0.8841985976343933,0.30339586223535797,0.1129692265538322,1.066917517121897,0.6847134620069841,0.04217750804447884,0.020004872634741884,15.355619206549118,-0.06431511852041615,-0.06431511852041615,4.363105125593559,12.604429538767395,71.33244889738974,49.74912161016949,0.5195686057845634,1.5920445943156012,0.6142041683260321,0.5739209476894206,3.0641662652260684,-70.25139664804469,0.17249126986275412,0.25335984095427433,0.6974262397991211,0.387858168093137,7.095427435387674,0.35787700084246,0.05508774963257543,3.304979253112033,1.6992,0.35303235807014144,0.005747608633059459,0.574760863305946,14.14502730580818,2.9026833369891056,65.62167816828926,0.4156332079122165,42.362528894663136,-0.8897587752599817,40.86309975759416,3.583781868493428,1.084358355689788,2.49942351280364,0.8441282302911352,0.8565424488652283,4.363105125593559,0.3648879750746365,0.14327772325809618,52.855164329417526,1.024741143188171,Consumer Defensive
