date,symbol,fiscalYear,period,reportedCurrency,grossProfitMargin,ebitMargin,ebitdaMargin,operatingProfitMargin,pretaxProfitMargin,continuousOperationsProfitMargin,netProfitMargin,bottomLineProfitMargin,receivablesTurnover,payablesTurnover,inventoryTurnover,fixedAssetTurnover,assetTurnover,currentRatio,quickRatio,solvencyRatio,cashRatio,priceToEarningsRatio,priceToEarningsGrowthRatio,forwardPriceToEarningsGrowthRatio,priceToBookRatio,priceToSalesRatio,priceToFreeCashFlowRatio,priceToOperatingCashFlowRatio,debtToAssetsRatio,debtToEquityRatio,debtToCapitalRatio,longTermDebtToCapitalRatio,financialLeverageRatio,workingCapitalTurnoverRatio,operatingCashFlowRatio,operatingCashFlowSalesRatio,freeCashFlowOperatingCashFlowRatio,debtServiceCoverageRatio,interestCoverageRatio,shortTermOperatingCashFlowCoverageRatio,operatingCashFlowCoverageRatio,capitalExpenditureCoverageRatio,dividendPaidAndCapexCoverageRatio,dividendPayoutRatio,dividendYield,dividendYieldPercentage,revenuePerShare,netIncomePerShare,interestDebtPerShare,cashPerShare,bookValuePerShare,tangibleBookValuePerShare,shareholdersEquityPerShare,operatingCashFlowPerShare,capexPerShare,freeCashFlowPerShare,netIncomePerEBT,ebtPerEbit,priceToFairValue,debtToMarketCap,effectiveTaxRate,enterpriseValueMultiple,dividendPerShare,sector
1985-09-30,KLAC,1986,Q1,USD,1.0,1.0,1.0,1.0,0.0,0.12698412698412698,0.0,0.0,0.0,0.0,0.0,0.0,0.0,0.0,0.0,0.0,0.0,0.0,0.0,0.0,0.0,15.495407407407408,0.0,0.0,0.0,0.0,0.0,0.0,0.0,0.0,0.0,,0.0,0.0,0.0,0.0,0.0,0.0,0.0,0.0,,,0.2800829875518672,0.0,,,,,,,,,0.0,0.0,0.0,,0.0,,,Technology
1985-12-31,KLAC,1986,Q2,USD,1.0,1.0,1.0,1.0,0.0,0.12437810945273632,0.0,0.0,0.0,0.0,0.0,0.0,0.0,0.0,0.0,0.0,0.0,0.0,0.0,0.0,0.0,19.28452736318408,0.0,0.0,0.0,0.0,0.0,0.0,0.0,0.0,0.0,,0.0,0.0,0.0,0.0,0.0,0.0,0.0,0.0,,,0.2981664985462529,0.0,,,,,,,,,0.0,0.0,0.0,,0.0,,,Technology
1986-03-31,KLAC,1986,Q3,USD,1.0,1.0,1.0,1.0,0.0,0.12376237623762376,0.0,0.0,0.0,0.0,0.0,0.0,0.0,0.0,0.0,0.0,0.0,0.0,0.0,0.0,0.0,18.206225742574258,0.0,0.0,0.0,0.0,0.0,0.0,0.0,0.0,0.0,,0.0,0.0,0.0,0.0,0.0,0.0,0.0,0.0,,,0.2987988876397846,0.0,,,,,,,,,0.0,0.0,0.0,,0.0,,,Technology
1986-06-30,KLAC,1986,Q4,USD,1.0,-1.9102564102564104,-1.9102564102564104,-1.9102564102564104,0.0,0.1111111111111111,0.0,0.0,1.1142857142857143,0.0,0.0,2.6,0.23828920570264767,3.575609756097561,2.297560975609756,0.0,1.2439024390243902,0.0,0.0,0.0,4.024047619047619,13.000769230769231,0.0,0.0,0.0,0.0,0.0,0.0,1.2989417989417988,0.0,,,0.0,0.0,0.0,0.0,0.0,0.0,0.0,0.0,,,0.3461333648896515,0.0,0.0,0.37719661558487666,1.1182770250281049,1.1182770250281049,1.1182770250281049,,,,0.0,0.0,4.024047619047619,0.0,0.0,-6.235302013422819,,Technology
1986-09-30,KLAC,1987,Q1,USD,1.0,1.0,1.0,1.0,0.0,0.10810810810810811,0.0,0.0,0.0,0.0,0.0,0.0,0.0,0.0,0.0,0.0,0.0,0.0,0.0,0.0,0.0,10.48621081081081,0.0,0.0,0.0,0.0,0.0,0.0,0.0,0.0,0.0,,0.0,0.0,0.0,0.0,0.0,0.0,0.0,0.0,,,0.3251889611531025,0.0,,,,,,,,,0.0,0.0,0.0,,0.0,,,Technology
1986-12-31,KLAC,1987,Q2,USD,1.0,1.0,1.0,1.0,0.0,0.11320754716981132,0.0,0.0,0.0,0.0,0.0,0.0,0.0,0.0,0.0,0.0,0.0,0.0,0.0,0.0,0.0,11.01944716981132,0.0,0.0,0.0,0.0,0.0,0.0,0.0,0.0,0.0,,0.0,0.0,0.0,0.0,0.0,0.0,0.0,0.0,,,0.30945291060897995,0.0,,,,,,,,,0.0,0.0,0.0,,0.0,,,Technology
1987-03-31,KLAC,1987,Q3,USD,1.0,1.0,1.0,1.0,0.0,0.11312217194570136,0.0,0.0,0.0,0.0,0.0,0.0,0.0,0.0,0.0,0.0,0.0,0.0,0.0,0.0,0.0,16.522990045248868,0.0,0.0,0.0,0.0,0.0,0.0,0.0,0.0,0.0,,0.0,0.0,0.0,0.0,0.0,0.0,0.0,0.0,,,0.3213704048394602,0.0,,,,,,,,,0.0,0.0,0.0,,0.0,,,Technology
1987-06-30,KLAC,1987,Q4,USD,1.0,-2.4601769911504423,-2.4601769911504423,-2.4601769911504423,0.0,0.008849557522123894,0.0,0.0,0.9741379310344828,0.0,0.0,2.6904761904761907,0.19567099567099566,3.2096774193548385,2.032258064516129,0.0,1.0443548387096775,0.0,0.0,0.0,4.054940689655172,15.609727433628318,0.0,0.0,0.0,0.0,0.0,0.0,1.3275862068965518,0.0,,,0.0,0.0,0.0,0.0,0.0,0.0,0.0,0.0,,,0.328641228478362,0.0,0.0,0.376628664495114,1.2651233131689157,1.2651233131689157,1.2651233131689157,,,,0.0,0.0,4.054940689655172,0.0,0.0,-5.87913381294964,,Technology
1987-09-30,KLAC,1988,Q1,USD,1.0,1.0,1.0,1.0,0.0,0.07234042553191489,0.0,0.0,0.0,0.0,0.0,0.0,0.0,0.0,0.0,0.0,0.0,0.0,0.0,0.0,0.0,14.586243404255319,0.0,0.0,0.0,0.0,0.0,0.0,0.0,0.0,0.0,,0.0,0.0,0.0,0.0,0.0,0.0,0.0,0.0,,,0.33867527526373437,0.0,,,,,,,,,0.0,0.0,0.0,,0.0,,,Technology
1987-12-31,KLAC,1988,Q2,USD,1.0,1.0,1.0,1.0,0.0,0.07450980392156863,0.0,0.0,0.0,0.0,0.0,0.0,0.0,0.0,0.0,0.0,0.0,0.0,0.0,0.0,0.0,9.714020392156863,0.0,0.0,0.0,0.0,0.0,0.0,0.0,0.0,0.0,,0.0,0.0,0.0,0.0,0.0,0.0,0.0,0.0,,,0.35412731918675705,0.0,,,,,,,,,0.0,0.0,0.0,,0.0,,,Technology
1988-03-31,KLAC,1988,Q3,USD,1.0,1.0,1.0,1.0,0.0,0.0858085808580858,0.0,0.0,0.0,0.0,0.0,0.0,0.0,0.0,0.0,0.0,0.0,0.0,0.0,0.0,0.0,10.568364356435644,0.0,0.0,0.0,0.0,0.0,0.0,0.0,0.0,0.0,,0.0,0.0,0.0,0.0,0.0,0.0,0.0,0.0,,,0.43147641831852357,0.0,,,,,,,,,0.0,0.0,0.0,,0.0,,,Technology
1988-06-30,KLAC,1988,Q4,USD,1.0,-1.9881305637982196,-1.9881305637982196,-1.9881305637982196,0.0,0.0771513353115727,0.0,0.0,0.8259803921568627,0.0,0.0,2.308219178082192,0.25037147102526003,3.295238095238095,2.13015873015873,0.0,0.7746031746031746,0.0,0.0,0.0,3.3779544615384616,9.773013649851633,0.0,0.0,0.0,0.0,0.0,0.0,1.3805128205128205,0.0,,,0.0,0.0,0.0,0.0,0.0,0.0,0.0,0.0,,,0.4798929141034404,0.0,0.0,0.3474595579858738,1.3884142173615859,1.3884142173615859,1.3884142173615859,,,,0.0,0.0,3.3779544615384616,0.0,0.0,-4.551500895522388,,Technology
1988-09-30,KLAC,1989,Q1,USD,1.0,1.0,1.0,1.0,0.0,0.07216494845360824,0.0,0.0,0.0,0.0,0.0,0.0,0.0,0.0,0.0,0.0,0.0,0.0,0.0,0.0,0.0,6.335790721649484,0.0,0.0,0.0,0.0,0.0,0.0,0.0,0.0,0.0,,0.0,0.0,0.0,0.0,0.0,0.0,0.0,0.0,,,0.5476822313816272,0.0,,,,,,,,,0.0,0.0,0.0,,0.0,,,Technology
1988-12-31,KLAC,1989,Q2,USD,1.0,1.0,1.0,1.0,0.0,0.06746987951807229,0.0,0.0,0.0,0.0,0.0,0.0,0.0,0.0,0.0,0.0,0.0,0.0,0.0,0.0,0.0,5.012593734939759,0.0,0.0,0.0,0.0,0.0,0.0,0.0,0.0,0.0,,0.0,0.0,0.0,0.0,0.0,0.0,0.0,0.0,,,0.586522697721748,0.0,,,,,,,,,0.0,0.0,0.0,,0.0,,,Technology
1989-03-31,KLAC,1989,Q3,USD,1.0,1.0,1.0,1.0,0.0,0.0688836104513064,0.0,0.0,0.0,0.0,0.0,0.0,0.0,0.0,0.0,0.0,0.0,0.0,0.0,0.0,0.0,4.54501377672209,0.0,0.0,0.0,0.0,0.0,0.0,0.0,0.0,0.0,,0.0,0.0,0.0,0.0,0.0,0.0,0.0,0.0,,,0.591857391891132,0.0,,,,,,,,,0.0,0.0,0.0,,0.0,,,Technology
1989-06-30,KLAC,1989,Q4,USD,1.0,-2.412037037037037,-2.412037037037037,-2.412037037037037,0.0,0.07175925925925926,0.0,0.0,0.7970479704797048,0.0,0.0,2.16,0.26865671641791045,2.995260663507109,1.9881516587677726,0.0,0.6374407582938388,0.0,0.0,0.0,1.8648118918918921,4.791530555555555,0.0,0.0,0.041666666666666664,0.06036036036036036,0.05692438402718777,0.0,1.4486486486486487,0.0,,,0.0,-15.552238805970148,0.0,,,0.0,0.0,0.0,,,0.6073215992802115,0.0,0.0941910813698476,0.37817016251476127,1.5604791092616543,1.5604791092616543,1.5604791092616543,,,,0.0,0.0,1.8648118918918921,0.032368069199260344,0.0,-1.7926499040307102,,Technology
1989-09-30,KLAC,1990,Q1,USD,1.0,1.0,1.0,1.0,0.0,0.06018518518518518,0.0,0.0,0.0,0.0,0.0,0.0,0.0,0.0,0.0,0.0,0.0,0.0,0.0,0.0,0.0,5.0563666666666665,0.0,0.0,0.0,0.0,0.0,0.0,0.0,0.0,0.0,,0.0,0.0,0.0,0.0,0.0,0.0,0.0,0.0,,,0.6051776308416452,0.0,,,,,,,,,0.0,0.0,0.0,,0.0,,,Technology
1989-12-31,KLAC,1990,Q2,USD,0.527363184079602,0.07960199004975124,0.12686567164179105,0.07960199004975124,0.0945273631840796,0.06218905472636816,0.06218905472636816,0.06218905472636816,0.8170731707317073,2.96875,0.4308390022675737,2.01,0.24452554744525548,3.3516209476309227,2.251870324189526,0.09243697478991597,0.6483790523690773,16.0902,0.0,0.0,1.3775856164383562,4.0025373134328355,0.0,0.0,0.029197080291970802,0.0410958904109589,0.039473684210526314,0.0,1.4075342465753424,0.0,,,0.0,0.7916666666666666,0.0,,,0.0,0.0,,,,0.5621434164895402,0.034959167692135584,0.06712160196890032,0.36357534399821007,1.6332923145765745,1.6332923145765745,1.6332923145765745,,,,0.6578947368421053,1.1875,1.3775856164383562,0.02983182309728903,0.34210526315789475,27.39254901960784,,Technology
1990-03-31,KLAC,1990,Q3,USD,0.5072115384615384,0.06971153846153846,0.125,0.06971153846153846,0.07692307692307693,0.052884615384615384,0.052884615384615384,0.052884615384615384,0.7675276752767528,3.0597014925373136,0.44956140350877194,2.1333333333333333,0.24456202233980012,3.195852534562212,2.1451612903225805,0.08858267716535433,0.30414746543778803,17.605963636363636,-0.7042385454545455,-0.7042385454545455,1.2986796311818944,3.7243384615384616,91.13675294117647,51.64416000000001,0.023515579071134628,0.03352891869237217,0.032441200324412,0.0,1.4258172673931266,0.4388185654008439,0.06912442396313365,0.07211538461538461,0.5666666666666667,1.05,0.0,0.75,0.75,2.3076923076923075,2.3076923076923075,0.0,0.0,0.0,0.5799687709123355,0.030671425384786972,0.05576622797233995,0.18402855230872184,1.6632277492750391,1.6632277492750391,1.6632277492750391,0.04182467097925496,0.018124024091010483,0.02370064688824448,0.6875,1.103448275862069,1.2986796311818944,0.02581769813534257,0.3125,28.025476923076923,0.0,Technology
1990-06-30,KLAC,1990,Q4,USD,0.5221445221445221,0.0675990675990676,0.13053613053613053,0.0675990675990676,0.07226107226107226,0.05128205128205128,0.05128205128205128,0.05128205128205128,0.8234165067178503,2.5,0.37683823529411764,1.7654320987654322,0.2392638036809816,3.1684901531728666,1.9781181619256019,0.08566433566433566,0.7067833698030634,24.452727272727273,0.07904976489028212,0.07904976489028212,1.7623587223587225,5.015944055944056,40.60075471698113,17.353548387096772,0.020078081427774678,0.029484029484029485,0.028639618138424822,0.0,1.4684684684684686,0.44135802469135804,0.2713347921225383,0.289044289044289,0.4274193548387097,1.3055555555555556,0.0,3.4444444444444446,3.4444444444444446,1.7464788732394365,1.7464788732394365,0.0,0.0,0.0,0.598092795003346,0.030671425384786972,0.050189605175105956,0.4503122908766451,1.702264108855677,1.702264108855677,1.702264108855677,0.17287530671425386,0.09898505465090342,0.07389025206335044,0.7096774193548387,1.0689655172413792,1.7623587223587225,0.016729868391701985,0.2903225806451613,33.300714285714285,0.0,Technology
1990-09-30,KLAC,1991,Q1,USD,0.506631299734748,0.023872679045092837,0.07692307692307693,0.023872679045092837,0.015915119363395226,0.010610079575596816,0.010610079575596816,0.010610079575596816,0.7046728971962617,2.547945205479452,0.3875,0.7616161616161616,0.18840579710144928,3.313679245283019,2.181603773584906,0.03116883116883117,0.35377358490566035,88.802675,-0.9667525257092198,-0.9667525257092198,1.1542183590576767,3.7688137931034484,-4.266795195195195,-22.20066875,0.1424287856071964,0.23151909017059302,0.1879947229551451,0.16315431679129844,1.6255077173030057,0.38235294117647056,-0.1509433962264151,-0.16976127320954906,5.203125,0.6,0.0,-1.4222222222222223,-0.22456140350877193,-0.2379182156133829,-0.2379182156133829,0.0,0.0,0.0,0.5227108868060563,0.005546004104043037,0.3951527924130664,0.2079751539016139,1.7067827630192447,1.7067827630192447,1.7067827630192447,-0.0887360656646886,0.37296877599689426,-0.4617048416615828,0.6666666666666666,0.6666666666666666,1.1542183590576767,0.20058517381373928,0.3333333333333333,53.64975172413793,0.0,Technology
1990-12-31,KLAC,1991,Q2,USD,0.514367816091954,0.022988505747126436,0.07183908045977011,0.022988505747126436,0.017241379310344827,0.011494252873563218,-0.33620689655172414,-0.33620689655172414,0.8365384615384616,3.4489795918367347,0.35881104033970274,0.71900826446281,0.18373812038014783,2.9699074074074074,1.8796296296296295,-0.12886597938144329,0.6134259259259259,-3.3812102564102564,0.0005201861932938856,0.0005201861932938856,1.4153903398926655,4.547144827586207,-158.24064,197.80079999999998,0.1573389651531151,0.26654740608228983,0.21045197740112995,0.17673048600883653,1.6940966010733454,0.3799126637554585,0.018518518518518517,0.022988505747126436,-1.25,0.39655172413793105,0.0,0.13793103448275862,0.026845637583892617,0.4444444444444444,0.4444444444444444,0.0,0.0,0.0,0.4816209034543844,-0.16192426926483613,0.41242249778565104,0.366751550044287,1.5472763507528786,1.5472763507528786,1.5472763507528786,0.011071744906997343,0.02491142604074402,-0.013839681133746678,-19.5,0.75,1.4153903398926655,0.1883207752445895,0.3333333333333333,64.616256,0.0,Technology
1991-03-31,KLAC,1991,Q3,USD,0.5245901639344263,0.030054644808743168,0.11475409836065574,0.030054644808743168,0.01639344262295082,0.01092896174863388,0.01092896174863388,0.01092896174863388,0.7705263157894737,2.9491525423728815,0.36477987421383645,0.7546391752577319,0.193446088794926,2.9655172413793105,1.8689655172413793,0.04533678756476684,0.4735632183908046,127.426475,-1.2546606769230768,-1.2546606769230768,1.8203782142857143,5.570556284153006,-29.9827,-49.72740487804878,0.1506342494714588,0.2544642857142857,0.20284697508896798,0.17647058823529413,1.6892857142857143,0.42907385697538103,-0.09425287356321839,-0.11202185792349727,1.6585365853658536,0.8888888888888888,0.0,-0.9111111111111111,-0.14385964912280702,-1.5185185185185186,-1.5185185185185186,0.0,0.0,0.0,0.5044379513754893,0.0055129830751419594,0.3928000441038646,0.2839186283698109,1.5436352610397486,1.5436352610397486,1.5436352610397486,-0.056508076520205085,0.03721263575720823,-0.09372071227741331,0.6666666666666666,0.5454545454545454,1.8203782142857143,0.1397864925636529,0.3333333333333333,50.424371428571426,0.0,Technology
1991-06-30,KLAC,1991,Q4,USD,0.4547677261613692,0.029339853300733496,0.08557457212713937,0.029339853300733496,0.014669926650366748,0.009779951100244499,0.009779951100244499,0.009779951100244499,0.8872017353579176,3.0135135135135136,0.46555323590814196,0.8503118503118503,0.20656565656565656,2.836693548387097,1.8709677419354838,0.031839622641509434,0.6310483870967742,138.76335,1.1563612500000002,1.1563612500000002,1.9613194346289753,5.42839511002445,38.95111578947368,28.103969620253164,0.14343434343434344,0.2508833922261484,0.20056497175141244,0.1749271137026239,1.7491166077738516,0.46319365798414497,0.1592741935483871,0.19315403422982885,0.7215189873417721,0.75,0.0,1.7954545454545454,0.27816901408450706,3.590909090909091,3.590909090909091,0.0,0.0,0.0,0.5637025194332653,0.0055129830751419594,0.3914217983350791,0.4313909256298583,1.5601742102651746,1.5601742102651746,1.5601742102651746,0.1088814157340537,0.030321406913280776,0.07856000882077292,0.6666666666666666,0.5,1.9613194346289753,0.1279156203709409,0.3333333333333333,62.60610285714286,0.0,Technology
1991-09-30,KLAC,1992,Q1,USD,0.4658536585365854,0.03414634146341464,0.09268292682926829,0.03414634146341464,0.014634146341463415,0.00975609756097561,0.00975609756097561,0.00975609756097561,0.775047258979206,3.084507042253521,0.43887775551102204,0.8668076109936576,0.2062374245472837,2.8767676767676766,1.8686868686868687,0.03305785123966942,0.5818181818181818,100.2144,-1.8372640000000002,-1.8372640000000002,1.4052851884312005,3.9108058536585366,-80.17152,-160.34304,0.14285714285714285,0.24890446976336547,0.19929824561403509,0.17378711078928313,1.7423312883435582,0.44565217391304346,-0.020202020202020204,-0.024390243902439025,2.0,0.8181818181818182,0.0,-0.22727272727272727,-0.035211267605633804,-1.0,-1.0,0.0,0.0,0.0,0.5599868881118881,0.005463286713286713,0.38789335664335667,0.39335664335664333,1.558402534965035,1.558402534965035,1.558402534965035,-0.013658216783216784,0.013658216783216784,-0.027316433566433568,0.6666666666666666,0.42857142857142855,1.4052851884312005,0.1771202541750487,0.3333333333333333,42.09027368421053,0.0,Technology
1991-12-31,KLAC,1992,Q2,USD,0.4898989898989899,0.03282828282828283,0.09848484848484848,0.03282828282828283,0.010101010101010102,0.007575757575757576,0.007575757575757576,0.007575757575757576,0.7374301675977654,2.1041666666666665,0.38697318007662834,0.8372093023255814,0.19909502262443438,3.0,1.903361344537815,0.03498190591073583,0.5483193277310925,170.49739999999997,0.0,0.0,1.7637662068965516,5.166587878787879,-47.58066976744186,-88.9551652173913,0.14580191050779287,0.25,0.2,0.17142857142857143,1.714655172413793,0.42105263157894735,-0.04831932773109244,-0.05808080808080808,1.8695652173913044,0.76,0.0,-0.46,-0.07931034482758621,-1.15,-1.15,0.0,0.0,0.0,0.5380727213435513,0.004076308495026904,0.39404315451926736,0.3546388390673406,1.5761726180770694,1.5761726180770694,1.5761726180770694,-0.03125169846187293,0.027175389966846025,-0.05842708842871895,0.75,0.3076923076923077,1.7637662068965516,0.14174214191340553,0.25,53.204328205128206,0.0,Technology
1992-03-31,KLAC,1992,Q3,USD,0.405152224824356,-0.03278688524590164,0.03278688524590164,-0.03278688524590164,-0.0351288056206089,-0.05620608899297424,0.00936768149882904,0.00936768149882904,0.7597864768683275,3.96875,0.4980392156862745,0.9182795698924732,0.21631205673758866,3.11037527593819,1.9845474613686533,0.03970223325062035,0.4878587196467991,127.58624999999999,1.099881465517241,1.099881465517241,1.7477568493150684,4.7807494145199065,-51.0345,-81.65520000000001,0.14488348530901723,0.24486301369863014,0.19669876203576342,0.17045454545454544,1.6900684931506849,0.44758909853249473,-0.05518763796909492,-0.0585480093676815,1.6,0.6956521739130435,0.0,-0.5434782608695652,-0.08741258741258741,-1.6666666666666667,-1.6666666666666667,0.0,0.0,0.0,0.5752236232352624,0.005388511693070374,0.38527858605453175,0.2977152710421382,1.5734454143765493,1.5734454143765493,1.5734454143765493,-0.033678198081689835,0.0202069188490139,-0.05388511693070374,-0.26666666666666666,1.0714285714285714,1.7477568493150684,0.14010130401982973,1.2,150.4557142857143,0.0,Technology
1992-06-30,KLAC,1992,Q4,USD,0.3333333333333333,-0.45565749235474007,-0.3669724770642202,-0.45565749235474007,-0.45565749235474007,-0.45565749235474007,-0.45565749235474007,-0.45565749235474007,0.6646341463414634,3.892857142857143,0.448559670781893,0.7299107142857143,0.17347480106100796,2.6515748031496065,1.6948818897637796,-0.14035087719298245,0.46653543307086615,-2.727652348993289,0.0007171043176515949,0.0007171043176515949,1.5783308737864077,4.971500917431193,203.2101,116.12005714285715,0.15384615384615385,0.2815533980582524,0.2196969696969697,0.1889763779527559,1.8300970873786409,0.3643454038997215,0.027559055118110236,0.04281345565749235,0.5714285714285714,-2.4,0.0,0.28,0.04827586206896552,2.3333333333333335,2.3333333333333335,0.0,0.0,0.0,0.44051083090850307,-0.20072206056687142,0.3906670977476021,0.31926931781441964,1.3875417609656213,1.3875417609656213,1.3875417609656213,0.018859790925746307,0.008082767539605561,0.010777023386140748,1.0,1.0,1.5783308737864077,0.17838680262447584,0.0,-13.989006666666667,0.0,Technology
1992-09-30,KLAC,1993,Q1,USD,0.4,0.03896103896103896,0.1012987012987013,0.03896103896103896,0.02077922077922078,0.015584415584415584,0.015584415584415584,0.015584415584415584,0.7277882797731569,3.5538461538461537,0.5088105726872246,0.8891454965357968,0.2098092643051771,2.764705882352941,1.8109243697478992,0.03754693366708386,0.47478991596638653,66.40629999999999,-0.6558646913580246,-0.6558646913580246,1.5383698841698843,4.1396135064935065,-227.67874285714285,-531.2503999999999,0.1569482288828338,0.277992277992278,0.2175226586102719,0.18808777429467086,1.7712355212355213,0.4586063132817153,-0.0063025210084033615,-0.007792207792207792,2.3333333333333335,0.7708333333333334,0.0,-0.0625,-0.010416666666666666,-0.75,-0.75,0.0,0.0,0.0,0.5145407890516411,0.00801881749171389,0.38490323960226663,0.3020421255212231,1.384582486902598,1.384582486902598,1.384582486902598,-0.004009408745856945,0.005345878327809259,-0.009355287073666204,0.75,0.5333333333333333,1.5383698841698843,0.18070574629214398,0.25,42.45515897435897,0.0,Technology
1992-12-31,KLAC,1993,Q2,USD,0.4160206718346253,0.06201550387596899,0.12919896640826872,0.06201550387596899,0.04909560723514212,0.03617571059431524,0.03617571059431524,0.03617571059431524,0.6302931596091205,2.6588235294117646,0.5124716553287982,0.9258373205741627,0.20907617504051865,2.857749469214437,1.921443736730361,0.050314465408805034,0.40552016985138006,40.86411428571429,0.40864114285714287,0.40864114285714287,2.1670363636363636,5.913153488372093,-58.676676923076926,-71.51219999999999,0.15343057806591032,0.2689393939393939,0.21194029850746268,0.18518518518518517,1.7528409090909092,0.4513119533527697,-0.06794055201698514,-0.082687338501292,1.21875,1.0227272727272727,0.0,-0.7272727272727273,-0.11267605633802817,-4.571428571428571,-4.571428571428571,0.0,0.0,0.0,0.5174903722721438,0.018720581942661532,0.3797603765511339,0.2554022250748823,1.4120667522464698,1.4120667522464698,1.4120667522464698,-0.04278990158322636,0.009360290971330766,-0.05215019255455713,0.7368421052631579,0.7916666666666666,2.1670363636363636,0.12410469821932481,0.2631578947368421,47.627808,0.0,Technology
1993-03-31,KLAC,1993,Q3,USD,0.4004739336492891,0.06635071090047394,0.0971563981042654,0.06635071090047394,0.06398104265402843,0.04739336492890995,0.04739336492890995,0.04739336492890995,0.7902621722846442,2.842696629213483,0.5816091954022988,1.0419753086419754,0.22387267904509284,2.9491525423728815,2.027542372881356,0.04030226700251889,0.6673728813559322,34.07632,0.6815264000000001,0.6815264000000001,2.4987219065077912,6.459965876777251,19.612270503597124,18.54493605442177,0.140053050397878,0.24197983501374887,0.1948339483394834,0.18031555221637866,1.7277726856095326,0.4701949860724234,0.3114406779661017,0.34834123222748814,0.9455782312925171,1.4166666666666667,0.0,6.125,0.5568181818181818,18.375,18.375,0.0,0.0,0.0,0.5510865022983702,0.026117843710823235,0.3447555369828667,0.4113560384454659,1.4247283744254073,1.4247283744254073,1.4247283744254073,0.19196615127455077,0.010447137484329294,0.18151901379022148,0.7407407407407407,0.9642857142857143,2.4987219065077912,0.09684144297271537,0.25925925925925924,65.24647804878049,0.0,Technology
1993-06-30,KLAC,1993,Q4,USD,0.4372384937238494,0.09832635983263599,0.1694560669456067,0.09832635983263599,0.08577405857740586,0.06485355648535565,0.06485355648535565,0.06485355648535565,0.9937629937629938,2.988888888888889,0.6329411764705882,1.2131979695431472,0.24008036162732296,2.613793103448276,1.8810344827586207,0.07647058823529412,0.903448275862069,25.993470967741935,0.059076070381231666,0.059076070381231666,2.8248820333041187,6.743076150627615,18.107811235955054,16.875342408376962,0.13309894525364138,0.2322524101665206,0.18847795163584638,0.14914243102162567,1.744960560911481,0.5150862068965517,0.3293103448275862,0.399581589958159,0.9319371727748691,1.0923076923076922,0.0,2.9384615384615387,0.720754716981132,14.692307692307692,14.692307692307692,0.0,0.0,0.0,0.6391741548994437,0.041452717158750534,0.3543538724860933,0.7006846384253316,1.5257274283269149,1.5257274283269149,1.5257274283269149,0.2554022250748823,0.017383397518185708,0.23801882755669662,0.7560975609756098,0.8723404255319149,2.8248820333041187,0.0822166757508337,0.24390243902439024,36.59494320987654,0.0,Technology
1993-09-30,KLAC,1994,Q1,USD,0.44508670520231214,0.11368015414258188,0.1599229287090559,0.11368015414258188,0.10789980732177264,0.08092485549132948,0.08092485549132948,0.08092485549132948,0.7996918335901386,3.0638297872340425,0.6744730679156908,1.3657894736842104,0.2598898347521282,2.9314285714285715,2.118095238095238,0.08281053952321205,0.7161904761904762,30.421547619047622,-0.44002595663265315,-0.44002595663265315,4.259016666666667,9.847437379576109,-40.88656,-43.68222222222222,0.1326990485728593,0.22083333333333333,0.18088737201365188,0.14285714285714285,1.6641666666666666,0.5323076923076923,-0.22285714285714286,-0.2254335260115607,1.0683760683760684,1.0615384615384615,0.0,-1.8,-0.44150943396226416,-14.625,-14.625,0.0,0.0,0.0,0.6600702039985755,0.053416085872717095,0.33703006562547694,0.4782011497176578,1.5261738820776314,1.5261738820776314,1.5261738820776314,-0.14880195350256906,0.01017449254718421,-0.15897644604975328,0.75,0.9491525423728814,4.259016666666667,0.05185077932699645,0.25,60.23879518072289,0.0,Technology
1993-12-31,KLAC,1994,Q2,USD,0.4763572679509632,0.15061295971978983,0.19439579684763572,0.15061295971978983,0.14711033274956217,0.11033274956217162,0.11033274956217162,0.11033274956217162,0.9345335515548282,3.1808510638297873,0.6719101123595506,1.5349462365591398,0.2758454106280193,3.112810707456979,2.2619502868068833,0.11069182389937107,0.9005736137667304,21.844476190476193,0.36407460317460333,0.36407460317460333,4.317496470588235,9.640644483362522,60.492395604395604,56.75059793814433,0.10483091787439613,0.17019607843137255,0.14544235924932977,0.13559322033898305,1.6235294117647059,0.5389334591788579,0.18546845124282982,0.16987740805604204,0.9381443298969072,5.294117647058823,0.0,5.705882352941177,0.4470046082949309,16.166666666666668,16.166666666666668,0.0,0.0,0.0,0.7198688855269794,0.0794251134644478,0.2735753908219869,0.5937972768532527,1.607413010590015,1.607413010590015,1.607413010590015,0.12228946041351488,0.007564296520423601,0.11472516389309127,0.75,0.9767441860465116,4.317496470588235,0.03942008513285113,0.25,47.30457657657658,0.0,Technology
1994-03-31,KLAC,1994,Q3,USD,0.5135566188197768,0.189792663476874,0.24720893141945774,0.189792663476874,0.19138755980861244,0.14354066985645933,0.14354066985645933,0.14354066985645933,0.7637028014616322,2.9047619047619047,0.6149193548387096,1.7225274725274726,0.21118221623442238,4.184210526315789,3.3684210526315788,0.14334470989761092,1.8733552631578947,22.47317333333333,0.8989269333333333,0.8989269333333333,3.8709772248803826,12.903257416267943,-115.57632,-158.63416470588234,0.07746716066015494,0.11004784688995216,0.09913793103448276,0.08733624454148471,1.420574162679426,0.41236435383097664,-0.08388157894736842,-0.08133971291866028,1.3725490196078431,4.166666666666667,0.0,-1.7,-0.2217391304347826,-2.6842105263157894,-2.6842105263157894,0.0,0.0,0.0,0.6928483026874116,0.09945190947666195,0.25415487977369167,1.2586191654879775,2.309494342291372,2.309494342291372,2.309494342291372,-0.056356082036775106,0.020995403111739745,-0.07735148514851485,0.75,1.0084033613445378,3.8709772248803826,0.028428957469093026,0.25,46.33124129032258,0.0,Technology
1994-06-30,KLAC,1994,Q4,USD,0.5291666666666667,0.19305555555555556,0.22361111111111112,0.19305555555555556,0.1986111111111111,0.1486111111111111,0.1486111111111111,0.1486111111111111,0.9703504043126685,2.8487394957983194,0.6360225140712945,1.940700808625337,0.22388059701492538,4.245426829268292,3.432926829268293,0.13694267515923567,2.120426829268293,20.043394392523368,0.05274577471716676,0.05274577471716676,3.7724594547053654,11.914684444444447,53.95328805031447,46.62267826086957,0.07680348258706468,0.10861917326297274,0.09797699325664419,0.08084074373484236,1.4142480211081794,0.35424354243542433,0.2804878048780488,0.25555555555555554,0.8641304347826086,2.6595744680851063,0.0,3.9148936170212765,0.7449392712550608,7.36,7.36,0.0,0.0,0.0,0.7872638208537439,0.1169961511546536,0.2700752274317705,1.520949965010497,2.486441567529741,2.486441567529741,2.486441567529741,0.20118964310706788,0.027335549335199442,0.17385409377186845,0.7482517482517482,1.0287769784172662,3.7724594547053654,0.02879266816969834,0.2517482517482518,46.177470807453425,0.0,Technology
1994-09-30,KLAC,1995,Q1,USD,0.5372596153846154,0.21514423076923078,0.2403846153846154,0.21514423076923078,0.2283653846153846,0.15504807692307693,0.15504807692307693,0.15504807692307693,0.9904761904761905,2.789855072463768,0.6416666666666667,2.172323759791123,0.24143934997098085,3.1912858660998937,2.5536663124335814,0.14619883040935672,1.5313496280552603,22.124691472868218,-0.31234858549931604,-0.31234858549931604,4.717496198347107,13.721563461538462,200.2866807017544,137.54627469879517,0.05803830528148578,0.08264462809917356,0.07633587786259542,0.0,1.4239669421487604,0.3970412789310427,0.08820403825717323,0.09975961538461539,0.6867469879518072,0.695,0.0,0.415,0.415,3.1923076923076925,3.1923076923076925,0.0,0.0,0.0,0.9022295480176976,0.1398889563633209,0.2168821028888696,1.5626355513143055,2.6242734449553224,2.6242734449553224,2.6242734449553224,0.09000607269888089,0.02819467337555305,0.06181139932332784,0.6789473684210526,1.0614525139664805,4.717496198347107,0.01751874821396362,0.32105263157894737,50.876704,0.0,Technology
1994-12-31,KLAC,1995,Q2,USD,0.5721107927411653,0.24641833810888253,0.2808022922636103,0.24641833810888253,0.013371537726838587,0.008595988538681949,0.008595988538681949,0.008595988538681949,1.0683673469387756,3.0476190476190474,0.6686567164179105,2.585185185185185,0.28653530377668307,2.7145421903052065,2.1131059245960504,0.0375,1.0754039497307002,316.1044444444444,-3.404201709401709,-3.404201709401709,4.637229013854931,10.868920725883477,104.40146788990826,78.48110344827586,0.061850027367268745,0.09209453952730236,0.08432835820895522,0.0,1.488997555012225,0.527190332326284,0.13016157989228008,0.1384909264565425,0.7517241379310344,1.2787610619469028,0.0,0.6415929203539823,0.6415929203539823,4.027777777777778,4.027777777777778,0.0,0.0,0.0,1.1270668274199105,0.009688253530830176,0.24328281088529108,1.28961419221495,2.641663796073028,2.641663796073028,2.641663796073028,0.1560885291078195,0.0387530141233207,0.11733551498449879,0.6428571428571429,0.05426356589147287,4.637229013854931,0.019859821296758454,0.35714285714285715,35.40054421768708,0.0,Technology
1995-03-31,KLAC,1995,Q3,USD,0.5596951735817104,0.2540220152413209,0.2726502963590178,0.2540220152413209,0.26841659610499574,0.17612193056731584,0.17612193056731584,0.17612193056731584,0.9640816326530612,3.6363636363636362,0.6933333333333334,2.671945701357466,0.2942935459755794,2.3766233766233764,1.7678571428571428,0.17450682852807284,0.48457792207792205,17.818934134615386,0.008485206730769232,0.008485206730769232,5.501058701298701,12.55322032176122,-78.44102222222222,823.6307333333333,0.05656615998006479,0.08423005565862708,0.07768651608487337,0.0,1.4890538033395175,0.6550194120909595,0.01461038961038961,0.015241320914479255,-10.5,0.9383259911894273,0.0,0.07929515418502203,0.07929515418502203,0.08695652173913043,0.08695652173913043,0.0,0.0,0.0,1.2594377852663907,0.22181461417054132,0.24207652604188884,0.6366505993260249,2.873992236488504,2.873992236488504,2.873992236488504,0.019195495457066076,0.22074819775625987,-0.20155270229919378,0.6561514195583596,1.0566666666666666,5.501058701298701,0.015311608225293412,0.3438485804416404,44.892401242236026,0.0,Technology
1995-06-30,KLAC,1995,Q4,USD,0.5696480938416423,0.4310850439882698,0.4508797653958944,0.4310850439882698,0.26832844574780057,0.17521994134897362,0.17521994134897362,0.17521994134897362,1.0549110595514308,3.0257731958762886,0.7355889724310777,2.783673469387755,0.24967966318872414,2.715575620767494,2.115124153498871,0.18692902319044272,0.6930022573363431,20.263380753138073,0.060242483320140226,0.060242483320140226,4.79499801980198,14.202193548387095,345.9248571428571,-842.2518260869565,0.04503020318506315,0.06089108910891089,0.05739617358842744,0.0,1.3522277227722772,0.6861167002012073,-0.01730624529721595,-0.01686217008797654,-2.4347826086956523,1.983739837398374,0.0,-0.09349593495934959,-0.09349593495934959,-0.2911392405063291,-0.2911392405063291,0.0,0.0,0.0,1.3596491228070176,0.23823763955342903,0.2452153110047847,0.9180622009569378,4.027113237639553,4.027113237639553,4.027113237639553,-0.02292663476874003,0.07874800637958533,0.05582137161084529,0.6530054644808743,0.6224489795918368,4.79499801980198,0.01269887679983349,0.3469945355191257,30.401287804878045,0.0,Technology
1995-09-30,KLAC,1996,Q1,USD,0.5754527162977867,0.2608987256874581,0.2837022132796781,0.2608987256874581,0.2863849765258216,0.18309859154929578,0.18309859154929578,0.18309859154929578,1.0047169811320755,3.0579710144927534,0.683585313174946,2.776536312849162,0.26134969325153373,2.8636363636363638,2.150231124807396,0.22038765254845658,0.5069337442218799,18.469943732600733,-0.25330208547566724,-0.25330208547566724,4.677453282931355,13.527282733735747,106.71523045502644,74.70066131851851,0.004206836108676599,0.0055658627087198514,0.005535055350553505,0.0,1.323051948051948,0.6346031070440519,0.20801232665639446,0.18108651911468812,0.7,11.208333333333334,0.0,11.25,11.25,3.3333333333333335,3.3333333333333335,0.0,0.0,0.0,1.4829290105670876,0.2715222132024245,0.02387008467713622,0.6544381548981513,4.28865854699214,4.28865854699214,4.28865854699214,0.2685384526177825,0.08056153578533473,0.18797691683244772,0.639344262295082,1.0976863753213368,4.677453282931355,0.0011899344305651156,0.36065573770491804,46.18245521513002,0.0,Technology
1995-12-31,KLAC,1996,Q2,USD,0.5639324487334137,0.25934861278648974,0.2780458383594692,0.25934861278648974,0.2810615199034982,0.17973462002412546,0.17973462002412546,0.17973462002412546,0.8772486772486773,2.3173076923076925,0.636443661971831,2.971326164874552,0.2660462130937099,2.832436069986541,2.0679676985195155,0.20822784810126582,0.3916554508748318,11.06522466442953,0.09589861375838923,0.09589861375838923,2.835285425623388,7.955215802171291,-59.14685112107623,-76.68458023255813,0.0014441591784338896,0.001934651762682717,0.001930916112422227,0.0,1.3396388650042992,0.6448852586542202,-0.11574697173620457,-0.1037394451145959,1.2965116279069768,32.55555555555556,0.0,-19.11111111111111,-19.11111111111111,-3.372549019607843,-3.372549019607843,0.0,0.0,0.0,1.6379191116906724,0.2943907691699761,0.008890996384328137,0.5749510995198862,4.595657242210499,4.595657242210499,4.595657242210499,-0.16991681978938217,0.05038231284452611,-0.2202991326339083,0.6394849785407726,1.083720930232558,2.835285425623388,0.0006823481492193505,0.3605150214592275,27.368216485900216,0.0,Technology
1996-03-31,KLAC,1996,Q3,USD,0.568,0.2544,0.2768,0.2544,0.2650666666666667,0.1696,0.1696,0.1696,0.8252640845070423,2.231404958677686,0.6183206106870229,2.8582317073170733,0.27806614266646895,2.6719952634695088,1.896388395500296,0.20179372197309417,0.275902901124926,8.942323113207546,0.6259626179245286,0.6259626179245286,2.293735632183908,6.066472,-112.62014851485148,284.36587499999996,0.002966038855109002,0.004033071183706392,0.004016870857601928,0.0,1.35974994958661,0.6760411032990806,0.023682652457075192,0.021333333333333333,-2.525,17.0,0.0,2.0,2.0,0.28368794326241137,0.28368794326241137,0.0,0.0,0.0,1.8445646827348745,0.31283817019183474,0.019675356615838663,0.4584358091490408,4.878504672897196,4.878504672897196,4.878504672897196,0.039350713231677326,0.13871126414166257,-0.09936055090998525,0.6398390342052314,1.0419287211740043,2.293735632183908,0.0017582981783591297,0.36016096579476864,21.057100192678227,0.0,Technology
1996-06-30,KLAC,1996,Q4,USD,0.564901349948079,0.24922118380062305,0.2782969885773624,0.24922118380062305,0.2585669781931464,0.1656282450674974,0.1656282450674974,0.1656282450674974,0.9464373464373464,3.06959706959707,0.6329305135951662,2.682451253481894,0.2702020202020202,2.91725768321513,2.1347517730496453,0.21355353075170844,0.6465721040189125,9.19819749216301,0.0981141065830721,0.0981141065830721,2.1848287416232317,6.0939252336448595,30.01764705882353,23.05874263261297,0.0043490460157126825,0.00577066269545793,0.005737553211178975,0.0,1.326880119136262,0.6348055372445617,0.3008274231678487,0.26427829698857735,0.768172888015717,11.516129032258064,0.0,16.419354838709676,16.419354838709676,4.313559322033898,4.313559322033898,0.0,0.0,0.0,1.8871252204585538,0.31256123848716444,0.030374289633548893,1.0719184793258867,5.263570448755634,5.263570448755634,5.263570448755634,0.4987262394669802,0.11561826376641192,0.3831079757005683,0.6405622489959839,1.0375,2.1848287416232317,0.0026412425768303385,0.35943775100401604,19.913992537313433,0.0,Technology
1996-09-30,KLAC,1997,Q1,USD,0.5816077953714982,0.3325213154689403,0.41839220462850185,0.20036540803897684,0.22168087697929353,0.2046285018270402,0.146163215590743,0.2046285018270402,0.8507772020725388,3.1953488372093024,0.49567099567099565,2.192256341789052,0.22165226781857453,2.905868680999419,2.1005229517722253,0.16407119021134595,0.6223126089482859,11.968359375,-0.17667578125000002,-0.17667578125000002,2.0480614973262035,6.997335566382461,55.7748786407767,39.3480308219178,0.00782937365010799,0.01033868092691622,0.010232886379675371,0.0,1.320499108734403,0.5033721643163703,0.16966879721092387,0.17783191230207065,0.7054794520547946,9.706896551724139,0.0,5.0344827586206895,5.0344827586206895,3.395348837209302,3.395348837209302,0.0,0.0,0.0,1.6077548222853226,0.2349946147067463,0.05679036522079702,1.0486634681288554,5.492999118770195,5.492999118770195,5.492999118770195,0.2859101145598747,0.08420640360325075,0.2017037109566239,0.6593406593406593,1.1063829787234043,2.0480614973262035,0.005048032464070847,0.34065934065934067,15.249818049490539,0.0,Technology
1996-12-31,KLAC,1997,Q2,USD,0.5431773236651285,0.3150955833882663,0.3909030982201714,0.18984838497033618,0.2129202373104812,0.22544495715227422,0.14040870138431114,0.22544495715227422,1.2393790849673203,3.3970588235294117,0.5486935866983373,2.0335120643431637,0.1999209277807064,2.9222766217870255,2.1493268053855568,0.15910430170889805,0.9865361077111383,21.429583333333333,2.142958333333336,2.142958333333336,3.099304871838398,12.035599868160844,19.932319868995634,18.82268556701031,0.0038218239325250396,0.004922763537599729,0.004898648648648649,0.0,1.288066542182991,0.4725120697710637,0.5936352509179926,0.6394199077125906,0.9443298969072165,16.655172413793103,0.0,33.44827586206897,33.44827586206897,17.962962962962962,17.962962962962962,0.0,0.0,0.0,1.4747914681806693,0.2070735548599094,0.02819311310299236,1.5671482180008167,5.727090665163034,5.727090665163034,5.727090665163034,0.9430110244793996,0.052497520950399564,0.890513503529,0.6594427244582043,1.1215277777777777,3.099304871838398,0.0015883444001685836,0.34055727554179566,28.119738617200674,0.0,Technology
1997-03-31,KLAC,1997,Q3,USD,0.5228136882129277,0.19518377693282637,0.22813688212927757,0.19518377693282637,0.22750316856780736,0.15019011406844107,0.15019011406844107,0.15019011406844107,1.2934426229508196,3.8223350253807107,0.6365173288250211,2.1498637602179835,0.20017759736141064,2.6048150322959485,1.91015854374633,0.16355404640633842,0.8784497944803288,41.451371308016874,4.55965084388186,4.55965084388186,6.425098103335514,24.90234474017744,97.26707920792079,88.50427927927927,0.002663960421159457,0.0034336167429692608,0.00342186736190321,0.0,1.288914323086985,0.5372829417773238,0.26071638285378745,0.2813688212927757,0.9099099099099099,11.333333333333334,0.0,21.142857142857142,21.142857142857142,11.1,11.1,0.0,0.0,0.0,0.7328627159576444,0.11006873490618614,0.00975292587776333,0.7458666171279955,2.84042355563812,2.84042355563812,2.84042355563812,0.20620471855842468,0.01857700167193015,0.18762771688649452,0.6601671309192201,1.1655844155844155,6.425098103335514,0.0005344068974116893,0.3398328690807799,105.05805555555555,0.0,Technology
1997-06-30,KLAC,1997,Q4,USD,0.5567896811178789,0.20404872805446075,0.268362594052311,0.0954854890720172,0.12432819777857398,0.06520960229308491,0.06520960229308491,0.06520960229308491,2.0727812848124767,6.004854368932039,1.4169530355097366,4.746598639455782,0.41554381002009977,2.647783251231527,2.1102216748768474,0.21995740797079405,0.8596059113300493,59.46509725274725,-3.5679058351648356,-3.5679058351648356,8.533528641829292,15.510781368685059,321.8631286245353,131.7826203957382,0.018685327179334476,0.02473881332544845,0.02414157930172165,0.0,1.3239700374531835,1.3808286951144093,0.20227832512315272,0.11769974919383733,0.4094368340943683,4.653386454183267,0.0,2.6175298804780875,2.6175298804780875,1.693298969072165,1.693298969072165,0.0,0.0,0.0,1.5718099185654912,0.10249709966998187,0.07067794510210287,0.9821700100244416,2.8569658605814174,2.8569658605814174,2.8569658605814174,0.1850016331955442,0.10925515019767298,0.07574648299787122,0.5244956772334294,1.302063789868668,8.533528641829292,0.0028990133347868287,0.4755043227665706,56.10158985313752,0.0,Technology
1997-09-30,KLAC,1998,Q1,USD,0.5492957746478874,0.20582586427656852,0.2439180537772087,0.20582586427656852,0.23399487836107555,0.1590909090909091,0.1590909090909091,0.1590909090909091,0.9055072463768116,2.9456066945606696,0.7509333333333333,2.4254658385093166,0.2165084205419641,2.6610023041474653,2.120967741935484,0.17579908675799086,0.7183179723502304,60.34385794768612,1.2068771589537228,1.2068771589537228,10.980648933638445,38.40063687580026,-456.13532167300383,-3156.9365684210525,0.015662901101947468,0.02068649885583524,0.020267240606223657,0.0,1.3207322654462244,0.5619210360643943,-0.010944700460829493,-0.012163892445582587,6.921052631578948,2.336283185840708,0.0,-0.168141592920354,-0.168141592920354,-0.1688888888888889,-0.1688888888888889,0.0,0.0,0.0,0.8796729103544597,0.1399479630109368,0.06363830913575798,0.9148710901861843,3.076320917292725,3.076320917292725,3.076320917292725,-0.010700246668844261,0.06335672369710417,-0.07405697036594844,0.679890560875513,1.1368584758942457,10.980648933638445,0.0018839049477725866,0.320109439124487,154.45615433070867,0.0,Technology
1997-12-31,KLAC,1998,Q2,USD,0.5395220588235294,0.20588235294117646,0.22518382352941177,0.20588235294117646,0.20588235294117646,0.15962009803921567,0.15962009803921567,0.15962009803921567,0.8673930374701037,2.783333333333333,0.7707692307692308,2.4916030534351146,0.21984239240250555,2.6836883571637,2.114677560548585,0.1688349233882625,0.5576305806828129,31.376711516314778,4.706506727447218,4.706506727447218,5.741927186512117,20.03341507352941,-495.3717181818182,-3269.45334,0.015154576682158012,0.01975763962065332,0.01937483854301214,0.0,1.303740779768177,0.5658316720117882,-0.005836008170411439,-0.006127450980392157,6.6,2.1777777777777776,0.0,-0.08888888888888889,-0.08888888888888889,-0.17857142857142858,-0.17857142857142858,0.0,0.0,0.0,0.9638895779439385,0.15385614893038968,0.06644459406782664,0.8295238432734446,3.3629823877529326,3.3629823877529326,3.3629823877529326,-0.005906186139362368,0.03307464238042926,-0.03898082851979163,0.7752976190476191,1.0,5.741927186512117,0.003440942209623337,0.3645833333333333,86.67083918367346,0.0,Technology
1998-03-31,KLAC,1998,Q3,USD,0.5105762217359592,0.12326768781911014,0.12654996353026987,0.11196207148067104,0.15536105032822758,0.10576221735959154,0.10576221735959154,0.10576221735959154,0.8278985507246377,2.75,0.6271028037383177,1.98121387283237,0.18221690590111642,2.6708055723803756,2.0227135069654754,0.11720169594185342,0.580557238037553,56.06079482758621,-1.1959636229885058,-1.1959636229885058,5.536397241614166,23.71645587162655,259.0857450199203,153.7364586288416,0.012626262626262626,0.016175719393836198,0.01591823056300268,0.0,1.281116975991827,0.4858686985027022,0.12810417928528164,0.15426695842450766,0.5933806146572104,1.1105263157894736,0.0,2.2263157894736842,2.2263157894736842,2.4593023255813953,2.4593023255813953,0.0,0.0,0.0,0.8066129316938283,0.08530917220686003,0.05589221627346002,0.7789609931164323,3.4553156439371655,3.4553156439371655,3.4553156439371655,0.12443372359828204,0.05059716420544802,0.07383655939283403,0.6807511737089202,1.3876221498371335,5.536397241614166,0.002921704980316781,0.3192488262910798,182.43089913544668,0.0,Technology
1998-06-30,KLAC,1998,Q4,USD,0.4881610102604578,0.0856353591160221,0.12904498816101026,0.009076558800315706,0.055248618784530384,0.013022888713496448,0.013022888713496448,0.013022888713496448,0.8332785268003946,2.7952586206896552,0.5528559249786871,1.7984386089425124,0.16365280289330922,2.7271171941830623,2.058169375534645,0.04077559167379527,0.6159110350727117,366.30705454545455,-4.118531697931698,-4.118531697931698,4.03711540452534,19.08150402525651,-261.36503351351354,350.3806608695652,0.013885300955825368,0.01795107288970527,0.01763451443569554,0.0,1.2928112215078902,0.4378780024192155,0.03934987168520103,0.05445935280189424,-1.3405797101449275,1.0232558139534884,0.0,0.641860465116279,0.641860465116279,0.42724458204334365,0.42724458204334365,0.0,0.0,0.0,0.7253097020906323,0.009445627533145566,0.0615396945341302,0.8824505965056902,3.4281903322571043,3.4281903322571043,3.4281903322571043,0.03949989695679055,0.09245265736987933,-0.05295276041308878,0.2357142857142857,6.086956521739131,4.03711540452534,0.0044465097206741475,0.7642857142857142,141.91905565749235,0.0,Technology
1998-09-30,KLAC,1999,Q1,USD,0.45077972709551656,-0.014132553606237816,0.04239766081871345,-0.014132553606237816,0.06871345029239766,0.049707602339181284,0.049707602339181284,0.049707602339181284,0.7883211678832117,3.6006389776357826,0.47998296422487224,1.4667619728377412,0.1331862140585448,2.7028811524609844,1.9981992797118848,0.06542617046818727,0.6956782713085234,53.302960784313726,0.2432271026080335,0.2432271026080335,1.8010441407867495,10.598249512670565,48.761452914798205,40.050843462246775,0.013305640293373142,0.016977225672877846,0.016693811074918567,0.0,1.2759420289855072,0.349842298184298,0.16296518607442978,0.2646198830409357,0.8213627992633518,0.22926829268292684,0.0,2.648780487804878,2.648780487804878,5.597938144329897,5.597938144329897,0.0,0.0,0.0,1.173778743850818,0.058345727033520194,0.11726347099874156,1.677153643747855,6.907104450291729,6.907104450291729,6.907104450291729,0.31060519391373986,0.0554856423750143,0.25511955153872556,0.723404255319149,-4.862068965517241,1.8010441407867495,0.009426324035268614,0.28368794326241137,225.68514942528736,0.0,Technology
1998-12-31,KLAC,1999,Q2,USD,0.4576008273009307,0.0,0.05222337125129266,-0.22078593588417786,-0.14788004136504654,-0.09100310237849017,-0.09100310237849017,-0.09100310237849017,0.6762237762237763,4.389121338912134,0.5002384358607534,1.331039229181005,0.12685294503476321,2.5299703264094955,1.9077151335311573,-0.02225519287833828,0.5270029673590505,-107.78820852272729,0.40269567318578064,0.40269567318578064,6.389600774671607,39.23624550155119,-1897.07247,843.1433200000001,0.013314967860422406,0.017093297406534185,0.016806026988989156,0.0,1.2837655776355674,0.3571560480147738,0.026706231454005934,0.04653567735263702,-0.4444444444444444,1.0394088669950738,0.0,0.4433497536945813,0.4433497536945813,0.6923076923076923,0.6923076923076923,0.0,0.0,0.0,0.5528051861930188,-0.05030698695448361,0.058024536089546434,0.7077278392005762,3.394578278815042,3.394578278815042,3.394578278815042,0.025725163783542754,0.037158569909561755,-0.011433406126019003,0.6153846153846154,0.6697892271662763,6.389600774671607,0.0026751745546125605,0.38461538461538464,735.7415722772278,0.0,Technology
1999-03-31,KLAC,1999,Q3,USD,0.4751066856330014,0.06116642958748222,0.1251778093883357,0.06164058795637743,0.13703176861071598,0.09862494073020389,0.09862494073020389,0.09862494073020389,0.7096231493943472,3.69,0.5537768884442221,1.4435318275154003,0.13683254395640043,2.616715542521994,2.03049853372434,0.10029325513196481,0.7190615835777127,102.58300000000001,-0.4678082411604715,-0.4678082411604715,7.11064367241523,40.46896917970602,267.55189968652036,248.10772093023257,0.010640368520080452,0.013663250853953179,0.013479082764855757,0.0,1.2840956427559778,0.3953510169650389,0.10087976539589442,0.1631104788999526,0.9273255813953488,1.1158536585365855,0.0,2.097560975609756,2.097560975609756,13.76,13.76,0.0,0.0,0.0,0.5999658625398271,0.05917159763313609,0.046654528903049615,0.8010923987255348,3.4145994538006375,3.4145994538006375,3.4145994538006375,0.09786071916249431,0.007111970869367319,0.09074874829312699,0.7197231833910035,2.223076923076923,7.11064367241523,0.0019215209597631636,0.28027681660899656,314.62521212121214,0.0,Technology
1999-06-30,KLAC,1999,Q4,USD,0.49122807017543857,0.09542148053059478,0.1514762516046213,0.09542148053059478,0.15361574668378264,0.110397946084724,0.110397946084724,0.110397946084724,0.8343448768297037,3.377840909090909,0.6075625958099131,1.3885918003565063,0.14745409805035017,2.6747090547828556,2.1192165767811524,0.11041725801873403,0.7706500141924496,110.93222635658914,5.324746865116281,5.324746865116281,9.287851500892423,48.98675977749251,-545.1526552380952,465.3742178861788,0.009211937661682126,0.011844880739899399,0.011706221937139192,0.0,1.2858185948401752,0.4095329886970998,0.06982685211467499,0.10526315789473684,-0.8536585365853658,1.7328767123287672,0.0,1.6849315068493151,1.6849315068493151,0.5394736842105263,0.5394736842105263,0.0,0.0,0.0,0.6622197538140684,0.07310770067780473,0.04137102441457167,0.9382154920318273,3.492734568041167,3.492734568041167,3.492734568041167,0.06970734250674404,0.12921361050030603,-0.05950626799356199,0.7186629526462396,1.609865470852018,9.287851500892423,0.0012753090140126902,0.28133704735376047,316.1385807909605,0.0,Technology
1999-09-30,KLAC,2000,Q1,USD,0.5014652014652015,0.13443223443223443,0.18168498168498168,0.1564102564102564,0.20293040293040293,0.1446886446886447,0.1446886446886447,0.1446886446886447,0.8215467950647005,4.676975945017182,0.6593992248062015,1.6201780415430267,0.16434892541087232,2.9061913696060038,2.3529884749396945,0.14044492093272581,0.8493701420530689,73.22455696202532,1.415674767932489,1.415674767932489,8.98251552795031,42.37904761904762,-1994.7379310344827,1928.2466666666667,0.009872975738968153,0.012732919254658385,0.012572830420116528,0.0,1.2896739130434782,0.41961266523209345,0.016081479496113642,0.02197802197802198,-0.9666666666666667,2.0548780487804876,0.0,0.36585365853658536,0.36585365853658536,0.5084745762711864,0.5084745762711864,0.0,0.0,0.0,0.7668883994786283,0.11096004314800666,0.0460694862690458,1.1233650950604521,3.6181401411299383,3.6181401411299383,3.6181401411299383,0.01685469009843139,0.033147557193581735,-0.016292867095150345,0.7129963898916968,1.2974238875878221,8.98251552795031,0.0014175226544321784,0.2870036101083033,227.19717741935483,0.0,Technology
1999-12-31,KLAC,2000,Q2,USD,0.5362756952841596,0.1865175332527207,0.23367593712212817,0.18621523579201935,0.2067714631197098,0.1487303506650544,0.1487303506650544,0.1487303506650544,1.0448515476942515,10.158940397350994,0.6903690369036903,1.9379027533684827,0.18599943772842284,2.759475218658892,2.2196307094266277,0.1574726609963548,0.8622448979591837,102.21548607723577,3.7479011561653084,3.7479011561653084,14.715440863204096,60.81018035066506,470.0001789719626,355.40649575971725,0.021310092774810233,0.027724945135332846,0.02697700903978931,0.0,1.3010241404535479,0.4609168176118155,0.13751214771622935,0.17110036275695284,0.7561837455830389,1.5329815303430079,0.0,1.4934036939313984,1.4934036939313984,4.101449275362318,4.101449275362318,0.0,0.0,0.0,0.9158006057351044,0.13620734523025133,0.10492395089891311,1.2350019655938032,3.784460181499056,3.784460181499056,3.784460181499056,0.15669381585431352,0.03820449927189976,0.11848931658241375,0.7192982456140351,1.1103896103896105,14.715440863204096,0.001884071662756565,0.2807017543859649,256.13205252263907,0.0,Technology
2000-03-31,KLAC,2000,Q3,USD,0.5608606909642945,0.2237196047620316,0.26471307476447703,0.22057203456516317,0.24672107927760842,0.17758833171515942,0.17758833171515942,0.17758833171515942,1.0238855476942452,3.8375862214887224,0.7095264920351767,2.264273105051369,0.2110443711468742,2.6166134769793676,2.0969996950909646,0.18351051936172375,0.7717450960463462,52.84534643543703,0.284551865421584,0.284551865421584,10.582595652752609,37.53886764951564,1107.283995143551,407.5974157421526,0.0072503276673914095,0.009684894526863996,0.009591997047160258,0.0,1.335787149375625,0.5436247485180913,0.07732086594166074,0.09209790396036967,0.3681055786318944,5.695186412009303,0.0,2.680809077454366,2.680809077454366,1.5825428523880845,1.5825428523880845,0.0,0.0,0.0,2.2443404736287262,0.3985686805125363,0.07710323541238738,2.6011596187495245,7.961184832578005,7.961184832578005,7.961184832578005,0.20669905339462902,0.13061197874213426,0.07608707465249476,0.7197939156035329,1.1185510428100989,10.582595652752609,0.0009151719336781885,0.2799018645731109,138.46685295113005,0.0,Technology
2000-06-30,KLAC,2000,Q4,USD,0.5707013187456047,0.2408551827718759,0.27800285863055413,0.2408551827718759,0.26420965503506905,0.19022962395939003,0.19022962395939003,0.19022962395939003,1.0002054154995332,3.761505743783627,0.7325701177744974,2.4136361588031185,0.2187648485162035,3.1359525652399727,2.5650681955511723,0.22150569795100106,0.966422608305529,29.70115943293348,1.3200515303526,1.3200515303526,6.375922222820477,22.600161560339302,105.8776364484528,71.73068877198297,0.0,0.0,0.0,0.0,1.2895967404001696,0.5205094427227868,0.3069335343463473,0.31506962985090725,0.6774866834782952,0.0,0.0,0.0,0.0,3.1006471633015535,3.1006471633015535,0.0,0.0,0.0,2.5911319192853073,0.4929100506348165,0.0,3.215171094077554,9.18455369333147,9.18455369333147,9.18455369333147,0.8163869747040927,0.26329567077693805,0.5530913039271547,0.7199949749532828,1.0969647901881072,6.375922222820477,0.0,0.2800050250467172,77.72625590436606,0.0,Technology
2000-09-30,KLAC,2001,Q1,USD,0.5733627639873548,0.05267775304438916,0.2792401653603696,0.2524719878785611,0.2749228380628145,0.05409192091135263,0.1979423483417198,-0.5195720084550777,0.9766198747506339,3.8568698740170797,0.6958543342160823,2.343983618992498,0.22942093091022076,2.994501249034155,2.379803905388476,0.22529125376023046,0.7076978762668507,18.225031610879057,-0.04533129690015603,-0.04533129690015603,4.292889030857132,14.43002222263791,-434.64872549019606,326.7182914743128,0.0006720536818971655,0.0008714723040425519,0.000870713501341377,0.0,1.296730198073523,0.5042305317958384,0.04428069885899042,0.0441665575487757,-0.7516835373342934,69.04597701149426,0.0,15.077266922094509,15.077266922094509,0.570879373292391,0.570879373292391,0.0,0.0,0.0,2.8544654585064233,0.5650195961170854,0.00836172189532363,2.8128063561901304,9.59493704680642,9.59493704680642,9.59493704680642,0.12607191294411635,0.22083809442445082,-0.09476618148033447,0.719992379449007,1.0889241233172062,4.292889030857132,0.00020300368767476644,0.28000762055099304,49.158679921489295,0.0,Technology
2000-12-31,KLAC,2001,Q2,USD,0.5734518092472638,0.16437486039758767,0.2666353724592361,0.24060999274067457,0.2649200078177351,0.1358523425284789,0.19074226602635694,0.1358523425284789,0.9473237001195197,3.9950314619596305,0.631888613720614,2.306635860858645,0.24443620731795226,2.8638307405192616,2.1649651230224185,0.22441948485773697,0.5456002254673298,14.27408246116407,-0.11118758969748854,-0.11118758969748854,3.484859097360965,10.890683336358052,-482.7484088799505,288.7199958364174,0.0,0.0,0.0,0.0,1.3090750814403183,0.5470299557932257,0.03905209776754824,0.037720571811480905,-0.5980754996299038,0.0,0.0,0.0,0.0,0.6257526632700324,0.6257526632700324,0.0,0.0,0.0,3.0934697997808334,0.5900554394942968,0.0,2.1523641408497842,9.667535776557784,9.667535776557784,9.667535776557784,0.11668744972928037,0.186475354526659,-0.06978790479737863,0.7199994730393772,1.1010349354162587,3.484859097360965,0.0,0.2800005269606229,38.868383737900615,0.0,Technology
2001-03-31,KLAC,2001,Q3,USD,0.5410408668847747,0.21247186974035062,0.24224739499612322,0.21247186974035062,0.24009342082868435,0.2578263582896802,0.1728663552639044,0.2578263582896802,0.9825650859481988,4.131718279167163,0.5832255924945088,2.006366768352836,0.2166718363490269,3.0150764233059846,2.2615775740466777,0.19403244527417687,0.7919920760955577,19.872015643802648,0.26082020532490974,0.26082020532490974,3.8479931238210034,13.740811664365816,74.97682179341658,57.244631250541644,0.0,0.0,0.0,0.0,1.2924669192451455,0.4931606243710638,0.22983849793482336,0.24003668753191248,0.7634977034405062,0.0,0.0,0.0,0.0,4.228288750458043,4.228288750458043,0.0,0.0,0.0,2.8659151265514065,0.4954203024226329,0.0,2.7686250067747005,10.233906021353857,10.233906021353857,10.233906021353857,0.6879247737250014,0.162695788846133,0.5252289848788684,0.7199962192518845,1.130000979057079,3.8479931238210034,0.0,0.28000378074811555,53.30780964573998,0.0,Technology
2001-06-30,KLAC,2001,Q4,USD,0.5250652121346997,0.15248619257426907,0.17533986274958754,0.1567723256605203,0.18582516086373177,0.14235183096843498,-0.5132467832603286,-0.5132467832603286,1.1624524580050895,3.6540500493908463,0.5627373822913444,1.6100415498149896,0.17027229590559623,1.9276241381587973,1.5268396530787482,-0.2328772412952133,0.5382400910490456,-11.210007786438247,0.04066375373511913,0.04066375373511913,6.109136052806473,23.014001746850667,59.919695972120856,45.61772597085196,0.0,0.0,0.0,0.0,1.5589911989211946,0.46139370575896743,0.23957483347475067,0.5044969089769131,0.761314376362603,0.0,0.0,0.0,0.0,4.189611358911023,4.189611358911023,0.0,0.0,0.0,2.5406272513210912,-1.3039687642040805,0.0,3.789811615056195,9.570911417685565,9.570911417685565,9.570911417685565,1.2817385951540015,0.305932575924454,0.9758060192295475,-2.761987563334869,1.1853186465200716,6.109136052806473,0.0,0.2339474896361124,124.78950830290457,0.0,Technology
2001-09-30,KLAC,2002,Q1,USD,0.5140166099214052,0.20741122283386895,0.24298771756769658,0.20741122283386895,0.23237383460082095,0.17195604098386738,0.17195604098386738,0.17195604098386738,1.3643781051329154,4.458375143675539,0.6765804402778662,1.643225720009281,0.19141781016429363,2.052682479771365,1.6171415823555657,0.12583838797978944,0.40899948147165577,16.771107673625163,-0.12387749986200404,-0.12387749986200404,3.226755996288409,11.535573113882966,-492.60766878980894,299.08504176549445,0.0,0.0,0.0,0.0,1.4613175701986858,0.5631388175397395,0.02338683420357664,0.03856954211346931,-0.6071465401670619,0.0,0.0,0.0,0.0,0.62222079630402,0.62222079630402,0.0,0.0,0.0,2.678670551947879,0.46061358321302814,0.0,3.1166117080498834,9.576181166330167,9.576181166330167,9.576181166330167,0.1033150966614638,0.16604250014649713,-0.06272740348503332,0.7399974324960418,1.1203532355958694,3.226755996288409,0.0,0.2600025675039582,44.69794486912966,0.0,Technology
2001-12-31,KLAC,2002,Q2,USD,0.500650751704821,0.13925591614952937,0.1774993319279076,0.13925591614952937,0.1640018013203084,0.1213614814374932,0.1213614814374932,0.1213614814374932,1.1059851841310933,4.743360127861608,0.6015768921215012,1.3023336749096113,0.1551098420301202,2.1022080910282055,1.6750422429040197,0.08213523077295283,0.38584101897397177,47.03592399282336,-1.0818262518349373,-1.0818262518349373,5.069753617829923,22.833397666201492,564.6498194945848,256.6918497913769,0.0,0.0,0.0,0.0,1.4314525543876266,0.46492135755637554,0.045776409932525956,0.0889525619327573,0.4546036161335188,0.0,0.0,0.0,0.0,1.833528841740195,1.833528841740195,0.0,0.0,0.0,2.1705048335123522,0.2634156820622986,0.0,2.9596723952738992,9.77562298603652,9.77562298603652,9.77562298603652,0.1930719656283566,0.10530075187969924,0.08777121374865736,0.7400009052367948,1.1777007818052594,5.069753617829923,0.0,0.25999909476320515,124.4153005464481,0.0,Technology
2002-03-31,KLAC,2002,Q3,USD,0.490064630307918,0.10388173885771251,0.10388173885771251,0.10388173885771251,0.12922421228311884,0.0956265331496354,0.0956265331496354,0.0956265331496354,1.3006413828520231,5.552059514009573,0.569936121534961,1.1660136352950397,0.13473394132658836,2.085641380606447,1.6627707684550035,0.06927913751139851,0.40559781148546614,94.02613810067645,-3.0558494882719844,-3.0558494882719844,6.778026531397387,35.96557444806613,113.29617564813917,99.97349077605665,0.0,0.0,0.0,0.0,1.3987472603907252,0.4236415391924892,0.17002809758318432,0.35975111170850277,0.8824083443605512,0.0,0.0,0.0,0.0,8.504004766002515,8.504004766002515,0.0,0.0,0.0,1.90515516717082,0.18218338374865958,0.0,3.09663737776284,10.10913717770202,10.10913717770202,10.10913717770202,0.6853816893669009,0.08059516759761634,0.6047865217692845,0.7400047673738271,1.2439550367954282,6.778026531397387,0.0,0.25999523262617286,337.95542388872417,0.0,Technology
2002-06-30,KLAC,2002,Q4,USD,0.5012995921692203,0.1265374041383302,0.17489831026222286,0.1265374041383302,0.155905507591226,0.12461079224210464,0.12461079224210464,0.12461079224210464,1.3472415759947438,3.512342417151053,0.5761696015058078,1.241662230503061,0.13731888297461325,2.3553622598146884,1.885513971112307,0.09389518392994807,0.6252018211173981,41.760042361947356,1.0738296607357893,1.0738296607357893,3.826188999462129,20.815007851144443,79.70649962034928,77.49978589885566,0.0,0.0,0.0,0.0,1.3386269916482287,0.42599915072758904,0.14579557520836667,0.2685814884483673,0.9723145071982281,0.0,0.0,0.0,0.0,36.12,36.12,0.0,0.0,0.0,1.9851061453108294,0.24736564945185296,0.0,3.5816848141193742,10.799257434959069,10.799257434959069,10.799257434959069,0.5331627632355835,0.014760873843731549,0.5184018893918519,0.7992712648024337,1.2320902949833767,3.826188999462129,0.0,0.2007287351975663,112.42689770342112,0.0,Technology
2002-09-30,KLAC,2003,Q1,USD,0.5037707711972731,0.12750852151683,0.17448072006817214,0.15254580315296123,0.17962824882829143,0.13651736259054112,0.13651736259054112,0.13651736259054112,1.4658786605978749,5.048741499363299,0.5843409763684713,1.277170308647224,0.13877027628780642,2.5320087102631916,2.0514432966387126,0.10383598182599064,0.6565036882991628,25.789794499170974,3.223724312396369,3.223724312396369,2.5892450121666415,14.083018907115466,91.24318944099379,81.6434621381706,0.0,0.0,0.0,0.0,1.324893388886985,0.3854618315595848,0.09761371941800975,0.17249414145717937,0.8947896565032806,0.0,0.0,0.0,0.0,9.50476889214967,9.50476889214967,0.0,0.0,0.0,1.9839496193449881,0.2708435695454858,0.0,3.9721892021830207,10.790790314826262,10.790790314826262,10.790790314826262,0.34221968628321153,0.03600505074519624,0.3062146355380153,0.7599994070032912,1.1775364848823406,2.5892450121666415,0.0,0.24000059299670887,74.06494497947223,0.0,Technology
2002-12-31,KLAC,2003,Q2,USD,0.4890152216363408,0.07988821144280092,0.13302061997265002,0.07988821144280092,0.11482810717847354,0.08726912259120143,0.08726912259120143,0.08726912259120143,1.3003443844370848,7.45796836187737,0.5902205851922361,0.836527486031566,0.12175090862956342,2.6248277768817823,2.179457641176877,0.07222695819797402,0.8149897472524941,57.18460602846586,-1.2866536356404816,-1.2866536356404816,3.18390488431999,19.961801575310968,-77.55337981115002,201.77360596366267,0.0,0.0,0.0,0.0,1.310050809576717,0.32289749495529907,0.05089356342495526,0.0989316787989896,-2.601738395605722,0.0,0.0,0.0,0.0,0.27764370705547176,0.27764370705547176,0.0,0.0,0.0,1.7718841591806072,0.15463077590494026,0.0,4.262276608576961,11.109000201039054,11.109000201039054,11.109000201039054,0.1752954745050736,0.6313684411008476,-0.45607296659577395,0.7599979198086224,1.437359844520855,3.18390488431999,0.0,0.24000208019137761,138.1556342169648,0.0,Technology
2003-03-31,KLAC,2003,Q3,USD,0.4849423919973184,0.08412805867932092,0.08412805867932092,0.08412805867932092,0.11821306745361455,0.08984285141538886,0.08984285141538886,0.08984285141538886,1.3127100328287513,5.199409501061571,0.5836824680378816,0.7857941531159538,0.10926633440098818,2.682872531309482,2.2759386782730986,0.0713571281354946,0.8608076815828716,62.46479534730604,-9.369719302095923,-9.369719302095923,3.2144565413805566,22.448061308322764,76.35276543899849,76.55213555675094,0.0,0.0,0.0,0.0,1.3105160522828574,0.280678484510698,0.13522786513584617,0.293238864534108,1.0026111708804017,0.0,0.0,0.0,0.0,382.9699570815451,382.9699570815451,0.0,0.0,0.0,1.601029127030895,0.14384102197154644,0.0,4.764016331341022,11.180739119454499,11.180739119454499,11.180739119454499,0.46948396329657377,0.0012259028537755703,0.4707098661503494,0.7600077838318692,1.40515625,3.2144565413805566,0.0,0.23999221616813077,244.6439125,0.0,Technology
2003-06-30,KLAC,2003,Q4,USD,0.4898301401497829,0.02958357253829712,0.08234488977110924,0.09432622043183388,0.12530772299578674,0.09522465805853143,0.09522465805853143,0.09522465805853143,1.379260518487038,4.64084029150562,0.6077766915637232,0.8055647729855852,0.10755366031569837,2.7745432036568283,2.377036691160207,0.07007999311887149,0.9321824850704087,74.97429289144726,10.496401004802621,10.496401004802621,3.9740546710713094,28.557605615072994,171.72493875799657,148.93905304824412,0.0,0.0,0.0,0.0,1.293858700877122,0.2721456584314373,0.09080017694330442,0.19174021205722755,0.8673117260978416,0.0,0.0,0.0,0.0,7.536460989291178,7.536460989291178,0.0,0.0,0.0,1.6268870936251723,0.15491976719029502,0.0,5.049648833049269,11.690830611415697,11.690830611415697,11.690830611415697,0.31193967632485714,0.0413907372131433,0.27054893911171385,0.7599264896205415,1.3284505879925728,3.9740546710713094,0.0,0.2400735103794585,322.89971876477074,0.0,Technology
2003-09-30,KLAC,2004,Q1,USD,0.5108312104915558,0.11626254049124131,0.11626254049124131,0.11626254049124131,0.1426832720067931,0.11585055193886215,0.11585055193886215,0.11585055193886215,1.5242537402867593,3.1478385817210395,0.567860624226471,0.8430237182444363,0.10764988952995895,2.8797009845253445,2.4551600783652416,0.08800745213768475,0.9984578042852892,67.48152944050818,2.5305573540190553,2.5305573540190553,4.307133890506542,31.271089725445798,501.77979410577314,334.4073585794041,0.0,0.0,0.0,0.0,1.279474892985145,0.26854667072058375,0.046086077770062496,0.09351196653772369,0.6664424564471648,0.0,0.0,0.0,0.0,2.9979834644081467,2.9979834644081467,0.0,0.0,0.0,1.650086404184765,0.1911634206716174,0.0,5.200888432218123,11.980124442783824,11.980124442783824,11.980124442783824,0.15430282461247852,0.051468871141002286,0.10283395347147624,0.811942074985122,1.2272505951092838,4.307133890506542,0.0,0.188057925014878,251.54402185674095,0.0,Technology
2003-12-31,KLAC,2004,Q2,USD,0.5381050280913812,0.15083092592264383,0.15083092592264383,0.15083092592264383,0.1724887604936521,0.13149188569673123,0.13149188569673123,0.13149188569673123,1.3770607831891344,3.0232589613704035,0.5422794818886442,0.9035100829481281,0.11018564115149135,2.9174571646581335,2.4893932241332726,0.09792525822934388,0.9809805441001387,64.06720700887341,3.043192332921487,3.043192332921487,4.755616804519914,33.6972714436784,563.8496876235666,340.460407676008,0.0,0.0,0.0,0.0,1.2808170894949031,0.2703543600428366,0.04974125107997613,0.09897559505875264,0.6038141283910825,0.0,0.0,0.0,0.0,2.5240677966101694,2.5240677966101694,0.0,0.0,0.0,1.7372326450182685,0.22843199638737222,0.0,5.449187158750359,12.309654542468902,12.309654542468902,12.309654542468902,0.1719436347961739,0.06812163881932756,0.10382199597684634,0.7623214713840463,1.1435901453135404,4.755616804519914,0.0,0.2376785286159537,210.46948572323842,0.0,Technology
2004-03-31,KLAC,2004,Q3,USD,0.5622953932042322,0.22513931221329392,0.22513931221329392,0.22513931221329392,0.23773385466375213,0.16979670166148414,0.16979670166148414,0.16979670166148414,1.0758415103713825,2.528567829141409,0.54975703127014,1.041472167075038,0.11735504045697687,2.666699472978601,2.294234210662131,0.103767164802508,0.9316768546268303,37.25663518781542,0.7790023721088677,0.7790023721088677,3.96396596162665,25.30421507958499,131.31415036813164,109.81444451867192,0.0,0.0,0.0,0.0,1.334858707311868,0.2908422869397358,0.10779754024674347,0.23042701887257167,0.8362727414434276,0.0,0.0,0.0,0.0,6.107718463107786,6.107718463107786,0.0,0.0,0.0,1.9870207331807361,0.3373895666270729,0.0,5.960124184972395,12.684266334962963,12.684266334962963,12.684266334962963,0.45786326398482863,0.07496469700600024,0.3828985669788284,0.7142302130323109,1.0559411074265268,3.96396596162665,0.0,0.285769786967689,103.54775927888505,0.0,Technology
2004-06-30,KLAC,2004,Q4,USD,0.5837429346547138,0.2699039601454584,0.3170980245893997,0.2699039601454584,0.28481389225598197,0.21349664104715854,0.21349664104715854,0.21349664104715854,1.2083439519493095,2.9300682908534013,0.5556912279869833,1.1978077499920223,0.12727188989310798,2.403940638132398,2.03381858190119,0.1288078812762648,0.8804875667623562,25.174726777376858,0.5706271402872091,0.5706271402872091,3.6855290289433125,21.498878424999667,54.10248390989541,49.2514154062109,0.0,0.0,0.0,0.0,1.3469502007573595,0.33759361923941417,0.21568203732000626,0.43651290521670016,0.9103355677391136,0.0,0.0,0.0,0.0,11.152694271128757,11.152694271128757,0.0,0.0,0.0,2.296864004895212,0.49037274998725205,0.0,5.7781551170261585,13.398347865993575,13.293197695171077,13.398347865993575,1.002610779664474,0.0898985263372597,0.9127122533272143,0.7496005175733294,1.0552416203989308,3.6855290289433125,0.0,0.2503994824266706,62.179144875483956,0.0,Technology
2004-09-30,KLAC,2005,Q1,USD,0.5846564875195895,0.30257357264159856,0.30257357264159856,0.30257357264159856,0.3160380359039503,0.22438523207645733,0.22438523207645733,0.22438523207645733,1.4192389659917544,4.055352706466913,0.5769162802154845,1.3643340109773063,0.1445047321634749,2.5615553142148797,2.148924628423131,0.14914448658699478,1.048210807520254,17.47056140200163,0.8560575086980798,0.8560575086980798,3.0297997897856064,15.680543898776534,107.97672856630871,87.34436558470144,0.0,0.0,0.0,0.0,1.3371210907907174,0.38523481759429573,0.10289472550321556,0.17952553428956403,0.808918428483996,0.0,0.0,0.0,0.0,5.233367048775006,5.233367048775006,0.0,0.0,0.0,2.6453164040589465,0.5935699352404263,0.0,6.292973331293662,13.69067360155015,13.69067360155015,13.69067360155015,0.4749018408036306,0.09074499005660089,0.3841568507470297,0.709994388601542,1.0444997993208764,3.0297997897856064,0.0,0.2900056113984581,45.77953837430797,0.0,Technology
2004-12-31,KLAC,2005,Q2,USD,0.5913788605863155,0.2918403387050462,0.2918403387050462,0.2918403387050462,0.3064353583446091,0.22910070882588632,0.22910070882588632,0.22910070882588632,1.1941593309070047,4.949310117518696,0.6204778935069746,1.3397691843507995,0.14150299044046924,2.682684039229773,2.3007107947185665,0.1525498263832196,1.0798430373684267,18.666130761732347,3.671005716474022,3.671005716474022,3.2114670050958156,17.10569515419825,185.7892576437016,116.33466470963624,0.0,0.0,0.0,0.0,1.326774506898888,0.3601241385556052,0.08528448116339571,0.14703867670821033,0.6261646458200383,0.0,0.0,0.0,0.0,2.6749743939911235,2.6749743939911235,0.0,0.0,0.0,2.7230696899545688,0.6238571961508782,0.0,6.7682197045190895,14.549067104113327,14.549067104113327,14.504274814621757,0.4003965637951564,0.14968239123880192,0.2507141725563545,0.7476314419573139,1.0500102888597371,3.2114670050958156,0.0,0.25993202070000304,52.23383993106464,0.0,Technology
2005-03-31,KLAC,2005,Q3,USD,0.5904108299129818,0.28590076641722567,0.28590076641722567,0.28590076641722567,0.2993643039007701,0.22740121600189064,0.22740121600189064,0.22740121600189064,1.216482827860844,3.3925889675633516,0.6274657328890725,1.3789415260213915,0.1367829929864783,3.3442849788605473,2.9824467317515504,0.14318333242928186,0.8250691087655808,18.387394814189324,11.400184784797391,11.400184784797391,3.045028007871247,16.725263759414045,51.96199660416105,49.8886792858087,0.0,0.0,0.0,0.0,1.3310250033782898,0.28235185560727616,0.18583477555130937,0.33525168432694313,0.9600993523373132,0.0,0.0,0.0,0.0,25.06224982746722,25.06224982746722,0.0,0.0,0.0,2.7509282162502604,0.6255644215092212,0.0,10.708613745219242,15.148865061991131,14.82186882564772,15.109877439900854,0.922253317960413,0.03679850469568221,0.8854548132647309,0.7596136648184583,1.0470916453014911,3.045028007871247,0.0,0.24710279451581668,53.29406336577396,0.0,Technology
2005-06-30,KLAC,2005,Q4,USD,0.5785642264126396,0.2342676391904309,0.2697513396596167,0.2342676391904309,0.26618569023979705,0.21355272038315484,0.21355272038315484,0.21355272038315484,1.4762587855397968,3.0614321366865043,0.5785331766846478,1.2769675667537161,0.12339942183017541,3.436823263530437,3.052282419499883,0.1314625985392687,0.9384533332188671,20.44207367920038,-1.287850641789624,-1.287850641789624,2.8207009654685957,17.461841777864514,57.909010597848074,55.8952559931284,0.0,0.0,0.0,0.0,1.3090428820950086,0.2156890600665067,0.1649128304405588,0.31240293058164403,0.9652255394466279,0.0,0.0,0.0,0.0,28.756736526946106,5.301366082516903,0.22507377439314613,0.0027525800210542804,0.275258002105428,2.5014543457478187,0.5341923804487114,0.0,11.162795191505808,15.532565140451153,15.234220857148669,15.485512478896732,0.7814616683278075,0.02717490795923764,0.7542867603685699,0.802269724532423,1.136246095105866,2.8207009654685957,0.0,0.20577970230867337,58.14273604883379,0.12023269531965096,Technology
2005-09-30,KLAC,2006,Q1,USD,0.5572686314223122,0.15498284627784897,0.20243872194436408,0.16706898689703634,0.19760674575290374,0.15601000289339892,0.1584714586863969,0.15601000289339892,1.5750958677578337,3.6933845968172965,0.5409513997262668,1.2642894283706068,0.12004670274733427,3.762574294421934,3.3001611415359826,0.10952019523815085,1.0086315814056679,31.38323273950807,-1.1088742234626183,-1.1088742234626183,3.0421121815151246,19.89338668209813,-1581.3395892886479,804.6826684500919,0.0,0.0,0.0,0.0,1.2738440553177153,0.20871220094620568,0.013967935169724074,0.02472202703261274,-0.5088613944156496,0.0,0.0,0.0,0.0,0.662751398969472,0.28646007950572344,0.30920211794778163,0.0024631155792192326,0.24631155792192325,2.451065812935646,0.388423974712271,0.0,11.057029097098395,16.079429405089964,15.720502715188848,16.02833725076998,0.06059531528610796,0.09142993191765278,-0.030834616631544822,0.8019536887903446,1.1827853237338875,3.0421121815151246,0.0,0.20583805718827786,89.45026216922574,0.12010151564272978,Technology
2005-12-31,KLAC,2006,Q2,USD,0.5550894522204234,0.15368567739820072,0.1931819579072484,0.156802672295428,0.19099534807467672,0.15698710986331127,0.1570772793409431,0.15698710986331127,1.312195292478884,2.7432084101993883,0.5272100748914511,1.258176717658616,0.11717271744079052,3.8948379765063317,3.4158500257641724,0.10980422718533106,1.121512676787004,31.89533418570366,12.120226990567353,12.120226990567353,2.9669385166918283,20.040129270242023,255.2725770074136,165.62194092541154,0.0,0.0,0.0,0.0,1.2635182695061626,0.20103431924482254,0.06867809440504535,0.12099924175666536,0.6488042815527403,0.0,0.0,0.0,0.0,2.84741512345679,1.3275175933628618,0.3097365914754269,0.0024277578475275794,0.2427757847527579,2.4615609677354264,0.3866552997437398,0.0,11.23524485966222,16.67111422748643,16.310498597631106,16.626566314897396,0.29784701063379004,0.10460259488690248,0.19324441574688755,0.8224141630901287,1.218061817944194,2.9669385166918283,0.0,0.19105150214592276,93.50879820085501,0.11976129461853548,Technology
2006-03-31,KLAC,2006,Q3,USD,0.5627257571547652,0.16387075113457442,0.20062285820135223,0.16853639899972214,0.20177286900682287,0.1865564508659813,0.1893716618813868,0.1865564508659813,1.1358089627603618,2.3193359874730066,0.5168744853949088,1.3116320740630132,0.118830133459656,3.7649828940712964,3.297111733834737,0.12247546158262387,1.0265638105563748,24.62224346107211,1.0669638833131254,1.0669638833131254,2.8319915198495695,18.65102065388534,107.35470978920011,87.57262255723565,0.0,0.0,0.0,0.0,1.2777996376950655,0.20404486454648824,0.11778547052508692,0.21297775616683648,0.8157315382733722,0.0,0.0,0.0,0.0,5.426864644279463,2.488771138669673,0.24465321011177568,0.0024840670032624528,0.2484067003262453,2.5928875903059896,0.4910194320478697,0.0,11.433563809561928,17.131701655026117,17.131701655026117,17.0763223198383,0.5522273809762053,0.10175809001580981,0.45046929096039545,0.9385387778521564,1.197206480050375,2.8319915198495695,0.0,0.07025915654585445,83.71331640602459,0.12012948027777222,Technology
2006-06-30,KLAC,2006,Q4,USD,0.5105461974261939,0.11212472504095318,0.1430286577519934,0.11212472504095318,0.1455091027162595,0.22217552248678388,0.22217552248678388,0.22217552248678388,1.3197142980547807,2.9849987393898645,0.6326265261957983,1.4681926699240286,0.1268689447849838,3.534473970080231,3.0864295682411935,0.14655938616292977,1.1263964105055357,16.034561838085935,0.45274056954595576,0.45274056954595576,2.318581919068742,14.249948616893553,69.45994475230899,61.835165263928964,0.0,0.0,0.0,0.0,1.282489501795268,0.22625093217179904,0.13345489839707686,0.2304505624925716,0.8902276770364612,0.0,0.0,0.0,0.0,9.10976440147079,3.4683846213672775,0.1851963839915647,0.002887456262628874,0.2887456262628874,2.9172035014019677,0.6481312121242575,0.0,11.687064711616735,17.956393274574637,17.602931569902417,17.929062440328433,0.6722711878033828,0.07379676994663477,0.598474417856748,1.5268840116485547,1.2977432289186241,2.318581919068742,0.0,-0.5129033785543481,86.03088397523906,0.12003155683748229,Technology
2006-09-30,KLAC,2007,Q1,USD,0.5708057194337767,0.2446759660164325,0.2446759660164325,0.2446759660164325,0.280358076340681,0.21596757356247506,0.21596757356247506,0.21596757356247506,1.5150660924451678,2.5186625266907234,0.5501539752499043,1.5963996459000758,0.13415869728381946,3.8738827780885963,3.352640300990385,0.16000730394274898,1.2739105925217393,16.310879622136223,3.5340239181295106,3.5340239181295106,2.367876640125603,14.090484378649524,93.68791421478,82.90357415301773,0.0,0.0,0.0,0.0,1.2526055100743898,0.23985619977453565,0.11355932383325354,0.1699623269877638,0.8848908084660834,0.0,0.0,0.0,0.0,8.687403557215951,2.932799605187399,0.17774900310472183,0.0027243932764896795,0.27243932764896794,3.1560306093793877,0.681600272796566,0.0,12.164435150639868,18.801029004693707,18.451789224535645,18.780539174389215,0.536406306414731,0.06174529626509408,0.47466101014963696,0.770327633793717,1.1458341450743554,2.367876640125603,0.0,0.23445000481731057,49.79583427495292,0.12115376900549604,Technology
2006-12-31,KLAC,2007,Q2,USD,0.5413741586705069,0.12068784943089932,0.12068784943089932,0.12068784943089932,0.15558396352827022,0.13869268563155543,0.13869268563155543,0.13869268563155543,1.4475831624007849,2.857587040804576,0.527435233435949,1.8286359654928646,0.13407112685246828,3.4563573025899625,2.897474580985954,0.11789908421264164,0.8546926306390317,27.59470607669158,-0.8158434840065336,-0.8158434840065336,2.5954760599746862,15.30873557995903,76.37194189602447,66.4227663058006,0.0,0.0,0.0,0.0,1.2645687520906508,0.250277059831432,0.14813362912542358,0.23047422489873243,0.8697273456295108,0.0,0.0,0.0,0.0,7.676208064019699,3.443086905501484,0.26615509333807147,0.0024112876270394917,0.24112876270394917,3.2497785163347332,0.4507205101381958,0.0,10.725765682795348,19.183033099920415,16.975949626856334,19.1679672054017,0.7489901846448003,0.09757293945112093,0.6514172451936794,0.8914330403104459,1.2891435572174224,2.5954760599746862,0.0,0.11519957234497505,115.82739379011983,0.11996155944521471,Technology
2007-03-31,KLAC,2007,Q3,USD,0.571701237629292,0.25503066148381476,0.25503066148381476,0.25503066148381476,0.28409624019837815,0.21611738489377388,0.21611738489377388,0.21611738489377388,1.4344299396352478,3.2700922125686263,0.57862153653462,1.9688646853617837,0.16499473713673976,2.862605095887856,2.347673126534672,0.1788087060578746,0.587076119727722,17.045623929967373,0.23244032631773687,0.23244032631773687,3.1871967654579514,14.735422670509125,60.04089114431031,53.137978329171034,0.0,0.0,0.0,0.0,1.3109199920151169,0.32562642718554746,0.1929102042084978,0.2773049170073498,0.8850298074599211,0.0,0.0,0.0,0.0,8.697906630463343,4.250390566481905,0.15436250282650127,0.0022639608773006165,0.22639608773006165,3.61849138584348,0.7820188955691406,0.0,8.009063810438034,16.729434648613147,14.378451977972011,16.729434648613147,1.0034254534431364,0.11536401758197343,0.888061435861163,0.7607189195564992,1.113968957871397,3.1871967654579514,0.0,0.23858811040339703,54.469965782486106,0.12071439397766888,Technology
2007-06-30,KLAC,2007,Q4,USD,0.5713115911720452,0.23746177286973716,0.28653644546081686,0.23746177286973716,0.2665714270194517,0.20008745389658714,0.20008745389658714,0.20008745389658714,1.266359415305245,3.425172245429393,0.5896501484954331,1.9265069066555045,0.15927932932013827,3.0308887288286415,2.5320380877128086,0.1709642221864002,0.6732261343804131,17.508594884690044,0.0,0.0,2.9067277373056433,14.013000687137758,81.68358452928464,66.37296938316075,0.0,0.0,0.0,0.0,1.3023082543812157,0.3594606342943432,0.14486487695290842,0.21112511339131002,0.8125619090499775,0.0,0.0,0.0,0.0,5.335094883497478,2.9796082640193187,0.156350531416704,0.0022324825670822514,0.22324825670822512,3.9213585460277227,0.7846146472903098,0.0,9.109314177081725,18.90441932168551,16.309549547630585,18.90441932168551,0.8278972676780855,0.15517948335632012,0.6727177843217654,0.7505960264900662,1.1225866959465642,2.9067277373056433,0.0,0.24940397350993376,45.480585729045224,0.12267491706116972,Technology
2007-09-30,KLAC,2008,Q1,USD,0.5586086981616692,0.2558050272719402,0.2558050272719402,0.2558050272719402,0.2810193068021125,0.12720844997258376,0.12720844997258376,0.12720844997258376,1.1196541289487671,2.56944981100378,0.6114362584601608,1.8276374050935023,0.16531571288852842,2.935544433146077,2.414317624897898,0.09969222416516245,0.535567979129507,30.64208313482611,-0.7709943498440117,-0.7709943498440117,3.534047681968453,15.591727598049118,56.78702883660309,52.66754593930649,0.0,0.0,0.0,0.0,1.3710839023152188,0.34330473533851197,0.21374960409408392,0.29604051831115985,0.9274573264054747,0.0,0.0,0.0,0.0,13.784989585433044,4.73356098011167,0.3228181220082125,0.0026337808087965407,0.26337808087965403,3.6904185016161755,0.4694524173407388,0.0,6.8317792841966245,16.28161393904861,13.731113110991592,16.28161393904861,1.0925134060035466,0.07925384340935837,1.0132595625941883,0.4526680085441998,1.0985683502747097,3.534047681968453,0.0,0.5473319914558002,58.05191879421022,0.15154774773815294,Technology
2007-12-31,KLAC,2008,Q2,USD,0.5517259819781277,0.1470423084605911,0.1470423084605911,0.1470423084605911,0.16791263685880245,0.13201831442489026,0.13201831442489026,0.13201831442489026,1.098839429998531,2.48498138476428,0.5901359980784681,1.7576418550003456,0.1530596498408094,2.988982795049804,2.4756954039358394,0.10114896139439267,0.5820466110882014,25.99799416214928,-12.219057256210208,-12.219057256210208,2.8676742168206033,13.72884547086034,84.07565701516114,69.04036764298765,0.0,0.0,0.0,0.0,1.364693363085822,0.3409755443526762,0.13436930062111274,0.19885243864651933,0.8211695286608082,0.0,0.0,0.0,0.0,5.591888186120571,2.5407355305466237,0.3234764996723655,0.0031105909330431916,0.3110590933043192,3.507942463349904,0.46311265111095173,0.0,7.157342985306856,16.79409736207591,14.238207690312898,16.79409736207591,0.6975629134688067,0.12474550460436656,0.5728174088644402,0.7862321555697104,1.1419341726657182,2.8676742168206033,0.0,0.21376784443028962,87.50867564474206,0.1498060593353601,Technology
2008-03-31,KLAC,2008,Q3,USD,0.5256708938110555,0.20789779133504588,0.20789779133504588,0.20789779133504588,0.2676916537007301,0.1842851188687172,0.1842851188687172,0.1842851188687172,1.0504723662268614,2.8215411057003723,0.6437763404025152,1.7650753547918145,0.14648948371505263,2.8221441653504735,2.371172621552234,0.12263852430888258,0.5727036745678922,14.88546404757614,0.427957091367814,0.427957091367814,2.2106912806238688,10.972678045694341,47.880263749003696,44.58448168839231,0.0,0.0,0.0,0.0,1.3753366409174699,0.32870224566087974,0.15063756608916778,0.2461098039085449,0.9311661673818584,0.0,0.0,0.0,0.0,14.527739658890413,4.031992165184037,0.23929536853487116,0.004018943711967054,0.4018943711967054,3.38112535932447,0.6230910887531441,0.0,3.637452838663313,16.782080937836866,14.196325907294288,16.782080937836866,0.8321280991735537,0.057278566295364715,0.774849532878189,0.6884231029284965,1.287611821086262,2.2106912806238688,0.0,0.31157689707150343,48.278539936102234,0.1491028117139777,Technology
2008-06-30,KLAC,2008,Q4,USD,0.5448269323880046,0.17506695514090206,0.2537354366220073,0.17506695514090206,0.16508886157638303,0.12867914690177995,0.12867914690177995,0.12867914690177995,1.1994079043550299,2.577462493409385,0.5851966159464924,1.661708029279216,0.12183302085847054,3.1944246852678853,2.7109631160478656,0.06561398433565835,1.1870651519679438,23.04204209972372,-0.7936703389904838,-0.7936703389904838,2.3495428761155437,11.860121281069386,39.193837477971414,37.19038975654814,0.1535893358413824,0.24974125759206903,0.1998343705746391,0.1998343705746391,1.6260325381573784,0.3046199354551915,0.19821914867646254,0.31890284986812123,0.9488836038943803,11.922819726943438,9.604439491037429,0.0,0.2529661147824312,19.563194516564543,5.23508323374927,0.3467175371661623,0.0037617926361040673,0.3761792636104067,3.4325112733020315,0.44169262237924783,4.389777323229976,8.932848310166891,17.3267746734229,12.098868021012505,17.3267746734229,1.0946376272604714,0.05595393054716192,1.0386836967133095,0.7794538388178471,0.9430041291545387,2.3495428761155437,0.10629355187804093,0.22054616118215287,44.183730184147315,0.15314257821579658,Technology
2008-09-30,KLAC,2009,Q1,USD,0.5151235744479478,0.06560966586731216,0.06560966586731216,0.06560966586731216,0.07345360582746337,0.0362225898710454,0.0362225898710454,0.0362225898710454,1.4378913601715166,2.515103106340285,0.5126401454912215,1.5184288565725692,0.11880492083546489,3.3873767705966844,2.7379671628936055,0.036010306416069275,0.9456836508137073,70.59185546166209,-0.9412247394888279,-0.9412247394888279,1.9729708132395807,10.22807931449561,76.47013267813267,66.94673107415466,0.16616576462653665,0.26979487437699257,0.2124712265115763,0.2124712265115763,1.6236489807835324,0.27051384692287217,0.10489745818000841,0.1527793687665841,0.8754624678884423,1.0893101708354358,2.5184170691270813,0.0,0.1092339378836621,8.02970785629688,2.2616757478038476,1.33962361967961,0.0047442570071243905,0.47442570071243906,3.0944226209846124,0.11208800148761099,4.408610710799126,7.351424852401097,16.04179838222305,10.392630514620427,16.04179838222305,0.4727639347310678,0.05887685370275673,0.4138870810283111,0.49313562571903363,1.1195546396473754,1.9729708132395807,0.1367454969767112,0.5068643742809664,156.21736218444101,0.15015573427548695,Technology
2008-12-31,KLAC,2009,Q2,USD,0.3994614071494671,-1.2714674385825124,-1.1815859743966677,-1.274949632995368,-1.306397807301766,-1.0949723769443933,-1.0949723769443933,-1.0949723769443933,1.1932764259687743,2.2941040484699036,0.5039664822201297,1.2277536994613336,0.10284736389915908,3.7029598370883066,3.0076055865527227,-0.2540584156913934,0.9657137980554182,-2.1202967502890013,0.0008702710542230975,0.0008702710542230975,1.6103097636296302,9.286665489965682,-86.52217398454202,-103.45475786516853,0.1931831000963929,0.3257058734283257,0.24568486868511638,0.24568486868511638,1.685995686298686,0.2150329905325386,-0.052381288697412716,-0.08976547508881991,1.1957022471910113,-27.77412834765033,-36.499747347145025,0.0,-0.04778959690280455,-5.1098033586909715,-1.1020989412420283,-0.05834143151243282,0.006878922903654965,0.6878922903654965,2.3463750281028504,-2.5692158417247457,4.4892676692974876,7.02829809137272,13.531558022032636,10.575451716344618,13.531558022032636,-0.21062346913419555,0.041219486220728664,-0.25184295535492424,0.8381615238668759,1.0246662091525243,1.6103097636296302,0.20226286940854551,0.1618384761331241,-8.04856847145991,0.1498917300706417,Technology
2009-03-31,KLAC,2009,Q3,USD,0.32424130847641564,-0.20528274097903182,-0.10269627792204436,-0.23345671356407374,-0.24923775564254616,-0.2675187008255494,-0.2675187008255494,-0.2675187008255494,1.282435538987263,3.712655712105618,0.5079535026001836,1.020800981197021,0.08514324465689098,3.9672924404514065,3.28402178402759,-0.034820195099465816,1.103017947105886,-10.25836985524044,0.12675005061523045,0.12675005061523045,1.5663332460761938,10.977223105047608,46.340159799296444,44.433578684516725,0.20489356681918156,0.34337589269584007,0.25560671035026933,0.25560671035026933,1.675874445579197,0.17078357165433553,0.12688383234327594,0.24704791803935247,0.9588568290865354,-0.42662049956148845,-5.311264604305974,1.0310157977031327,0.10266042830989923,24.305370193835397,2.671544829031469,-0.307677448175112,0.007498205185542622,0.7498205185542622,1.821954405828145,-0.48740687561053114,4.4645391740322715,7.171272376334342,12.768674897313074,9.982093047889181,12.768674897313074,0.45011004272246874,0.01851895441759742,0.4315910883048713,1.0733474153459381,1.0675972938946612,1.5663332460761938,0.2410512316546424,-0.07334741534593803,-109.41058623726255,0.14996410371085245,Technology
2009-06-30,KLAC,2009,Q4,USD,0.4152048653295536,-0.11499740676798033,-0.02358775426107097,-0.12421581374199828,-0.16474483307401014,-0.09085548237667938,-0.09085548237667938,-0.09085548237667938,1.33957352850202,2.593069228951721,0.4446740463417665,0.9644509007187935,0.07798837413541566,4.25299521439476,3.5965818118631234,0.00010946246910842819,0.9308206098410767,-41.949642731466994,0.6045683805417302,0.6045683805417302,1.964673121857249,15.245420103587186,60.057883651935406,58.438631907187016,0.20645412238352942,0.3411493907686899,0.25437090984558963,0.25437090984558963,1.6524222758552494,0.15538011557107445,0.1302131447224473,0.26087914117839306,0.9730384814401264,1.0111396743787489,-2.4969294487289346,0.0,0.09854751182226612,37.08989898989899,2.673389151801966,-0.9966374726305912,0.005939487250287115,0.5939487250287114,1.6562351072279586,-0.1504780395963875,4.466849057158827,7.8244579766422495,12.85201070808696,10.036966434265878,12.85201070808696,0.4320771923631336,0.011649457241196717,0.4204277351219369,0.5514921511126445,1.3262790631166528,1.964673121857249,0.17364180686006117,0.4485078488873555,-679.4959713855421,0.14997205306974964,Technology
2009-09-30,KLAC,2010,Q1,USD,0.49839941404255195,0.10577874270106541,0.17328641004765283,0.04362581597784567,0.06650967209144204,0.059544132108892374,0.059544132108892374,0.059544132108892374,1.4048925075023369,2.274877251492172,0.49508207108891444,1.2102239016810283,0.09321594986222448,4.101222370234723,3.5273909436182556,0.029620906281762928,0.8938689769838725,74.99669541778975,-0.4166483078766097,-0.4166483078766097,2.7743117192018114,17.862452558748945,87.93102364466918,83.56742453821896,0.20274326967279335,0.3378083535321855,0.25250877873521843,0.25250877873521843,1.6661877559603988,0.18468510587729967,0.12106192174582764,0.21374898960275704,0.950374749143333,0.44465942159012006,1.110945976071933,0.6384913094262652,0.09827608645193664,20.151031636863824,2.505010088574262,1.2548885077186964,0.004183146006393995,0.4183146006393995,2.00756306459361,0.11953860033509472,4.445254191613259,8.12682046655497,12.92572847953696,10.118448956636868,12.92572847953696,0.4291145766206985,0.02129491851105461,0.40781965810964393,0.8952702702702703,1.5245484949832775,2.7743117192018114,0.1405045980397261,0.10472972972972973,106.5242624993685,0.15000761578928867,Technology
2009-12-31,KLAC,2010,Q2,USD,0.5292752438373585,0.11708280818884763,0.16985840969218016,0.10694780347674036,0.08633034710631195,0.04949188722735066,0.04949188722735066,0.04949188722735066,1.4773493563614037,2.3654144604710607,0.5884777751596209,1.6811164303548114,0.11819259578161767,4.2199313331321715,3.645411471118324,0.03004656370032966,2.483006989014932,71.09884922455721,8.531861906946851,8.531861906946851,2.783249651763366,14.075264911264773,40.54605523792079,37.885546420865396,0.2000877140949948,0.33475397115496014,0.2507982582477714,0.2507982582477714,1.6730361115327173,0.22872239721827692,0.26684010079839504,0.3715207048858308,0.9343830416684494,0.47891814993173026,3.4776990104858956,1.504141881269135,0.2194587343639961,15.23996273870517,4.491941462343154,1.1785812608974948,0.004144164335118445,0.41441643351184443,2.5690457854942594,0.12714692429758237,4.428130542331746,14.662349481937833,12.99200737421824,10.270745822832072,12.99200737421824,0.9544537011108,0.06262834873518155,0.8918253523756184,0.5732849326599326,0.8072194500477757,2.783249651763366,0.13782290858678856,0.42671506734006737,72.4784657343779,0.14985298235788294,Technology
2010-03-31,KLAC,2010,Q3,USD,0.5639443109853878,0.19728872525345026,0.24207242749828037,0.19084087568654753,0.16782598332842008,0.11920576877643482,0.11920576877643482,0.11920576877643482,1.211923650930799,2.2757924600360084,0.5570125655988356,1.9621879076789275,0.1262054252878416,3.8959159068207034,3.3506979128140464,0.04993312414336198,0.7914022616277546,23.259613880314298,0.15118749022204295,0.15118749022204295,2.390546735862253,11.090720616183601,45.09594052588178,41.549287079390936,0.19673918062612059,0.33600853348138643,0.25150178689788116,0.25150178689788116,1.7078882427589788,0.24138466162043987,0.1859042870747071,0.26692926391232263,0.9213531549595839,6.565994890718138,6.477363042861198,0.0,0.17123137936537952,12.715068220296784,3.5690484177569046,0.4512943735091904,0.004850621938861397,0.4850621938861397,2.7888178839224285,0.33244317983044325,4.4296001306076755,9.058132077011884,12.938462794304572,10.291144333142864,12.938462794304572,0.744417104940935,0.05854605669772486,0.6858710482432101,0.7102938794832505,0.8794027103714984,2.390546735862253,0.14055719072155706,0.2897061205167495,47.561270480122296,0.150029736568983,Technology
2010-06-30,KLAC,2010,Q4,USD,0.5925790865165467,0.2923175651881684,0.17113111996553568,0.2875161551538292,0.26831766529202616,0.20214722774878938,0.20214722774878938,0.20214722774878938,1.1462118309466682,2.1115733106042356,0.5673437383317154,2.3628902818138813,0.14318172045652788,3.6738957769436387,3.1533765145046497,0.079881598005354,0.686611720591303,10.304579652473803,0.097157465294753,0.097157465294753,2.0747577395463654,8.332168839456651,60.15426536064114,55.971247628425274,0.20456297529392975,0.35575317667366535,0.2624026133919924,0.2624026133919924,1.7390887875115006,0.276087031086867,0.10790282811190134,0.14886516189117638,0.9304618266528976,4.373380008937882,11.979889766125428,0.0,0.10419661703195164,14.380590571576585,2.671135773166116,0.224486006101605,0.005446267913696825,0.5446267913696825,3.3460675770245296,0.6763982845556173,4.860814537015438,9.175617721473559,13.437713458582307,10.773977641802293,13.437713458582307,0.4981128915525729,0.03463786059920927,0.4634750309533636,0.7533876963664708,0.9332263960905733,2.0747577395463654,0.17146733321811772,0.2466123036335292,51.50202185221551,0.15184194943386747,Technology
2010-09-30,KLAC,2011,Q1,USD,0.6131426762532571,0.34710013453663996,0.3775584677478449,0.34530484712944537,0.3272728338575084,0.22598052003247637,0.22598052003247637,0.22598052003247637,1.245249618582514,1.909691374994574,0.5686021514641071,2.758274719055704,0.1704634055857492,3.841398447915057,3.233447875770346,0.10530702789105494,0.7050436212870833,9.549531132454797,0.27057004875288604,0.27057004875288604,2.5157417617971882,8.632032045513832,69.81565827060984,61.657294301147296,0.18633703609789487,0.31858185581506004,0.2416094642968781,0.2416094642968781,1.7097076484982212,0.32235962357629916,0.12509919881406673,0.14000017586488886,0.8831442090277196,13.933624066819425,17.41562569295587,0.0,0.12807387763748154,8.557556212487683,1.8041852383470576,0.2709862772056344,0.007094229901106538,0.7094229901106538,4.081310149712597,0.9222965900458767,4.542284986272856,9.085586798016593,14.003822067505249,11.389779109619766,14.003822067505249,0.5713841387189196,0.06676954547901452,0.504614593239905,0.690495808554847,0.9477794377291865,2.5157417617971882,0.1266353568768014,0.30950419144515295,23.668198653852123,0.2499297194159833,Technology
2010-12-31,KLAC,2011,Q2,USD,0.5936486643430285,0.3453930241267762,0.3736485860474706,0.3508502245125123,0.32778565808068877,0.24205332710448674,0.24205332710448674,0.24205332710448674,1.4419468890005325,2.5282789081402335,0.6169999029120442,3.071844885917232,0.18383931143892193,3.93773183514561,3.302042857304799,0.12169058533321349,0.7508202791909182,8.691041985638194,0.4208294014098493,0.4208294014098493,2.6147052712759615,8.41478251451404,35.358715599348585,33.25241737785227,0.17896724954365653,0.3024927885999463,0.23224143062250407,0.23224143062250407,1.6902130941346198,0.3404296245521829,0.2442574158906815,0.2530577677675457,0.9404305788320226,12.483055162659124,15.211654879773691,0.0,0.2599468109348568,16.7871364265928,3.6342085043383743,0.22539516529014728,0.006483548395652935,0.6483548395652936,4.591919034550531,1.1114892801073788,4.576135805280251,9.805495967307024,14.77795620962813,12.201065397936317,14.77795620962813,1.162020780652661,0.06922090528864015,1.092799875364021,0.7384500240852578,0.9342609329554499,2.6147052712759615,0.11568905754809279,0.26154997591474216,23.044136943531573,0.25052431000802944,Technology
2011-03-31,KLAC,2011,Q3,USD,0.6071069312842376,0.3775859981128433,0.40285399474137923,0.373809286872991,0.36150919779056395,0.2515205758825215,0.2515205758825215,0.2515205758825215,1.2715709651059262,2.3056724315044397,0.5885365967550171,3.328633401311405,0.18745666495030838,4.00460234587744,3.354696949005354,0.12996375665277657,0.7455706943904605,9.452868297240482,0.7494774149954965,0.7494774149954965,2.967509851228032,9.510363511454226,34.47555341139246,32.52089606454813,0.1676998154558999,0.2791430058245047,0.21822658182348878,0.21822658182348878,1.6645397316964314,0.3399793091978686,0.2846976376647676,0.29243854451543594,0.9433030900615388,18.216645536579907,23.251472891341635,0.0,0.3268909635276364,17.637645527514643,4.373437808179879,0.1999304042748936,0.005287559235678182,0.5287559235678181,4.975624742735445,1.2514720006681421,4.531214765941454,10.974079664019948,15.946029624945565,13.428481945248137,15.946029624945565,1.4550644578205443,0.08249765851970721,1.372566799300837,0.6957515256036084,0.9670952822351729,2.967509851228032,0.09406641252058123,0.30424847439639163,23.92709693932215,0.25020730303229155,Technology
2011-06-30,KLAC,2011,Q4,USD,0.6008914895023637,0.389875386440978,0.41512417095174015,0.38553783507892414,0.37430345379348057,0.2745476161395905,0.2745476161395905,0.2745476161395905,1.387835047057433,2.4917275875336666,0.6186580515172042,3.4676948064563757,0.19087477096135383,4.167726735735552,3.5149849549555676,0.14744068756792025,0.8064790060973812,6.912099976736308,0.4114345224247804,0.4114345224247804,2.3679068039245084,7.590802284525888,24.6164646886753,23.375711692810953,0.15961643632870004,0.26085910937598855,0.20688997480859717,0.20688997480859717,1.6342872662486854,0.3324943099535668,0.328566990696335,0.32473031770238636,0.949596621141331,4.839101803614105,24.758509030726056,6.547126332911621,0.38832357394578515,19.839939754912027,5.132054755706671,0.17085345098503368,0.0061795059229491104,0.617950592294911,5.3327696444577235,1.4640991933074394,4.542497759187332,12.18126680609501,17.095267403645057,14.621063639079773,17.095267403645057,1.7317119808783985,0.08728413504631014,1.6444278458320885,0.7334894010651324,0.9708604960051618,2.3679068039245084,0.11669851238381138,0.26651059893486767,18.37998720554534,0.25014639976097996,Technology
2011-09-30,KLAC,2012,Q1,USD,0.5726814116181781,0.3278880970675827,0.3569963187842446,0.3192676238832055,0.3104450102702404,0.2410555999176372,0.2410555999176372,0.2410555999176372,1.530195617341587,2.970534584333406,0.5555784088553272,3.01376953900991,0.17446236482592556,4.898972922247994,4.064612874360375,0.1319532084561317,1.0159734357187706,8.308371988853876,-0.39129751947505337,-0.39129751947505337,2.1742910077881277,8.011118376448255,30.845770363101078,29.13744557846428,0.16349905165402534,0.25435366720109587,0.20277667603001343,0.20277667603001343,1.555688945152568,0.28160486729699974,0.2982556975507308,0.2749423711448932,0.9446172112245131,16.488303462175196,18.303390196501834,0.0,0.293378437217403,18.05615105540897,3.1022978409928035,0.30448709601812546,0.009162056550507463,0.9162056550507462,4.7783590506587315,1.1518502075784118,4.561433610904466,12.599595642053227,17.605739003143672,15.170472270883828,17.605739003143672,1.3137733675697727,0.07276043291497684,1.241012934654796,0.7764840533523145,0.9723660874044886,2.1742910077881277,0.11698234794239706,0.22351594664768545,22.44201998318908,0.35072352475342566,Technology
2011-12-31,KLAC,2012,Q2,USD,0.5753110592981593,0.24935017634735293,0.28556442048181896,0.24819839310673295,0.22865543314832165,0.17245152393374444,0.17245152393374444,0.17245152393374444,1.1808203669191948,2.11410617987975,0.42657521953720917,2.40064417533227,0.1366695681843902,4.517047398732499,3.746377021133039,0.07738110355113603,0.9939829875418684,18.109808365749974,-0.4338808254294265,-0.4338808254294265,2.703764680953703,12.49225620328663,46.57804792413849,42.86686971244232,0.15880938219795498,0.2514967296305978,0.2009567613531293,0.2009567613531293,1.583638990025845,0.22224370734336266,0.22558615870261933,0.29141983744291666,0.9203234489830798,11.083032490974729,11.99330625752106,0.0,0.2507926344933636,12.55074406756938,2.564154535120996,0.5243914546422737,0.007239053059694777,0.7239053059694777,3.8623927667530342,0.6660755186572324,4.568013081404087,13.08528161690002,17.84548793757477,15.452655056118983,17.84548793757477,1.1255778722278664,0.08968216276008008,1.0358957094677865,0.754198234257047,0.9212607313295247,2.703764680953703,0.09301724051735413,0.24580176574295304,43.31838856488799,0.349284310130273,Technology
2012-03-31,KLAC,2012,Q3,USD,0.5774656433331231,0.3420949625291932,0.36874509976550257,0.33821165681761667,0.3260275471998915,0.2443079946842494,0.2443079946842494,0.2443079946842494,1.2297469900847269,2.5482273930731645,0.5459832491898241,3.1110703961565083,0.17038034510634467,4.570761903124302,3.8251067512652535,0.12834817088668588,0.8756905159023562,11.069060755992325,0.13243340547347962,0.13243340547347962,2.878324091852354,10.817040145338426,36.688306646867034,34.68965104122948,0.15136146812497517,0.23638890515755367,0.19119300098170203,0.19119300098170203,1.5617508741549309,0.2785926071887692,0.30044419989568466,0.3118232620005925,0.9455233618472761,17.863828211773416,21.04953720844132,0.0,0.35100449044257576,18.356492505953216,3.600093404027362,0.28500189923348884,0.0064369033993963935,0.6436903399396393,5.030951098342013,1.2291015741904592,4.5502005147542945,14.184102472017717,18.90683545819118,16.567791943496736,18.90683545819118,1.5687675824504699,0.0854611839348776,1.4833063985155923,0.7493477062981466,0.9639748974580862,2.878324091852354,0.08212727184777337,0.25065229370185343,29.27918938626435,0.35029628299515175,Technology
2012-06-30,KLAC,2012,Q4,USD,0.5947594583541091,0.35787958071184867,0.28073257774814697,0.3566515213481761,0.34274957561360947,0.2777442252637358,0.2777442252637358,0.2777442252637358,1.2323068999465634,2.5984710776459767,0.5557189437033077,3.213935884416211,0.1749825696801056,4.825598818876194,4.071401669009522,0.15193423256288266,2.9370998265166466,8.292113124654566,0.4079719657330045,0.4079719657330045,2.4797046985533515,9.212346142425753,31.9868052475548,30.08238567759215,0.1464289999741192,0.2252485602131744,0.1838390735786579,0.1838390735786579,1.5382783482301066,0.2781951301318494,0.3167270632872372,0.3062372193867547,0.9404623389168185,15.517772225356653,25.65479164987507,0.0,0.3659532987963842,16.796091445427727,3.656365387702681,0.2359073250039334,0.007112400707080345,0.7112400707080346,5.346086571062311,1.4848446728725635,4.54803579772131,25.863458289904035,19.86123590794187,17.564862404006277,19.86123590794187,1.6371706861229918,0.09747331344571038,1.5396973726772814,0.810341558458541,0.9610209268643634,2.4797046985533515,0.09083684857498693,0.18965844154145908,25.680461316176,0.350285734823707,Technology
2012-09-30,KLAC,2013,Q1,USD,0.5598431544492992,0.2636917257866906,0.29701446769778095,0.2588520470814157,0.2449560085970898,0.18782476700027334,0.18782476700027334,0.18782476700027334,1.2238597885484699,2.728887627207584,0.4599376842251777,2.4948732328057712,0.14227863284714012,5.261023680569584,4.38475367201922,0.09303429210513413,3.3516372104723535,14.547334837885156,-0.3213441128368662,-0.3213441128368662,2.3496966571130606,10.929399105602954,34.98970020566718,32.09918905592254,0.1474625484357245,0.22282174212901423,0.1822193165629086,0.1822193165629086,1.511039545245192,0.21659199590322573,0.3117681212449228,0.3404883246913803,0.9173896565916713,17.262705941088367,18.627758362456316,0.0,0.3285187585010335,12.105021704814522,2.8238225106730646,0.49221006596881073,0.008458767043138443,0.8458767043138442,4.327776810323604,0.812863671028217,4.54559811686713,27.41959154751968,20.13025803003645,17.878851385027414,20.13025803003645,1.4735574757852892,0.12173108910653271,1.3518263866787565,0.766769380657294,0.9463166753324721,2.3496966571130606,0.09483000346214165,0.23323061934270597,27.963091361808083,0.4000996811404483,Technology
2012-12-31,KLAC,2013,Q2,USD,0.5484249143030352,0.23521903802463853,0.2677965144700458,0.22770355908001505,0.21526245484843487,0.1584372320809021,0.1584372320809021,0.1584372320809021,1.110368494427625,2.934250543084721,0.4585769576074902,2.301726437614999,0.1327761822756361,5.291165698949903,4.443393366311176,0.07528283401468822,3.2981079314398576,18.61802419581731,-0.887094094036001,-0.887094094036001,2.3625820793922054,11.799152881602232,131.57740721102863,102.53941195459886,0.1473937526769352,0.22227723007935413,0.1818550036025159,0.1818550036025159,1.5080505519562433,0.20064667994053442,0.09906528666290582,0.1150694416584573,0.7793086528156192,16.957601815358892,18.30252000477726,0.0,0.10365758984023643,4.5312152594933,0.9262076471362108,0.623858201256682,0.008377073134817881,0.8377073134817883,4.047748213727235,0.641314023143359,4.54373060360382,26.39830274015445,20.21517068828638,17.988085500517236,20.21517068828638,0.46577212692761083,0.10279187817258884,0.362980248755022,0.736018885376258,0.9453627150939333,2.3625820793922054,0.09408233136879496,0.263981114623742,33.90007590301282,0.40008901291890203,Technology
2013-03-31,KLAC,2013,Q3,USD,0.5754517310010987,0.28199701246452474,0.31103289443904153,0.2774183194358523,0.26352175290694885,0.22822411728477193,0.22822411728477193,0.22822411728477193,1.6049988551903906,2.872384063552755,0.47629658583427464,2.441351296141881,0.14034705734344946,5.1995297606852615,4.40707163832548,0.10728852633445646,3.511554765319363,12.881031872438124,0.22899612217667775,0.22899612217667775,2.4874447732593854,11.759048515216815,21.621828375995943,20.667885086900863,0.14385289903326093,0.21681861824411275,0.17818482968068422,0.17818482968068422,1.507224530761671,0.21447672041953392,0.50582799192203,0.5689526754079741,0.9558805447667816,19.84197019050439,19.963083604777417,0.0,0.5550867191263851,22.665737704918033,4.887792979107011,0.40004928417737495,0.007764309725709372,0.7764309725709372,4.385558910932781,1.0008903112479999,4.556053514924745,29.024176762876426,20.732118579833248,18.531606049303992,20.732118579833248,2.4951754755344875,0.11008578269186808,2.3850896928426195,0.8660541862946672,0.9499075383443925,2.4874447732593854,0.08716519883173438,0.13394581370533273,28.40294409751623,0.40040545255483234,Technology
2013-06-30,KLAC,2013,Q4,USD,0.5739022710101773,0.2650757188569397,0.2934425136660593,0.26059258477401004,0.24594740233767387,0.18717223678947603,0.18717223678947603,0.18717223678947603,1.3725091019995805,2.6521784232365144,0.48357627417849847,2.358587661859074,0.13617994775083278,5.050889578100407,4.314471197819698,0.08597084541644855,3.388012285092138,16.967416042145878,-0.8930218969550465,-0.8930218969550465,2.6267648971096036,12.70331685258433,58.38665279364735,52.09800500088284,0.14135152969621684,0.21463049286762897,0.17670435093466694,0.17670435093466694,1.5184164849782549,0.2076929811113071,0.20378697483088265,0.2438349962223901,0.8922930585695652,16.0235182550972,17.793741109530583,0.0,0.23491388538031727,9.284452670544685,2.063308693046268,0.49106626103732287,0.007235430837222776,0.7235430837222775,4.351619395272659,0.8145023358696506,4.580607144799743,29.32602454929501,21.044898255199048,18.86223506161498,21.044898255199048,1.0610770988075884,0.11428536893444456,0.9467917298731439,0.7610254672765261,0.9438004636661603,2.6267648971096036,0.081709060869437,0.23897453272347394,33.013184089962515,0.39997461668167505,Technology
2013-09-30,KLAC,2014,Q1,USD,0.5782448806614242,0.23320275178214198,0.2590588103053603,0.22771164312502562,0.21245046230122264,0.16890589470134595,0.16890589470134595,0.16890589470134595,1.4939320223112778,2.4203859967223402,0.42051657185782915,2.0583515978451525,0.12460121524307889,5.214568140723976,4.423922597023147,0.07355211396633209,3.5347139897738025,22.69432426234521,-1.31302876089283,-1.31302876089283,2.891346837715684,15.332820576695521,64.91548454311015,56.94937657970753,0.1414788763316799,0.21411518167441623,0.17635491665553898,0.17635491665553898,1.513407423256949,0.1878387051812807,0.2122450934607417,0.2692359688123256,0.8772849341036288,14.121727878968846,14.920971434258982,0.0,0.23711758087840848,8.148958668566962,1.8392827494604018,0.6710342904934485,0.007392093753666414,0.7392093753666414,3.9686109738012854,0.670321787251486,4.566738603619353,30.133953437903138,21.04555538140651,18.896018952774796,21.04555538140651,1.0684928203706159,0.13112016686157965,0.9373726535090363,0.7950366069896471,0.9329802349393974,2.891346837715684,0.07405378658880596,0.2049633930103529,46.26145777141919,0.44980890491060127,Technology
2013-12-31,KLAC,2014,Q2,USD,0.5946642387421309,0.26953365979841987,0.2931279241103401,0.26659235402316456,0.2506562628965764,0.19747592284532334,0.19747592284532334,0.19747592284532334,1.2304262777951305,2.0192447631495285,0.431065999034749,2.1639282382402043,0.1296018147551415,4.857261699635452,4.142778171097167,0.08413368335919032,3.1795950211153245,19.25916442842164,0.7590376568848534,0.7590376568848534,3.021527037719209,15.212885074929549,106.4127774140428,93.05936827129112,0.13741656916144035,0.2105925091128489,0.17395821263356084,0.17395821263356084,1.532511766215322,0.1986513057947817,0.12421457350708352,0.16347505208266855,0.8745131039029764,15.05686571148883,16.728842217673755,0.0,0.15417837562379036,7.968959557552713,1.2886928718361506,0.5384930267296727,0.006990088130913322,0.6990088130913322,4.237197591548788,0.8367445046690783,4.560217289410747,30.694172365305803,21.33358371290877,19.21431490139051,21.33358371290877,0.6926760969629959,0.08692177340848727,0.6057543235545086,0.7878355823361339,0.9402230000744752,3.021527037719209,0.0696973770162964,0.212164417663866,41.24006347578292,0.4505810809186727,Technology
2014-03-31,KLAC,2014,Q3,USD,0.5877508270211965,0.3182327059075348,0.3388375887897893,0.3140491991933612,0.3021239804280669,0.24480669168673844,0.24480669168673844,0.24480669168673844,1.4912267488671433,2.838645038958028,0.5034754500902456,2.550533815469454,0.15156216197596764,5.117269590276315,4.350163972840555,0.12138838489747543,3.4099411139788676,14.115674375310075,0.31203069671738065,0.31203069671738065,3.157955987041502,13.82244617898771,52.36613146733362,48.35265838545895,0.1362863689937999,0.20543895373754645,0.17042667577695977,0.17042667577695977,1.5074064651828278,0.2299071205632897,0.26781704889443664,0.285867347122832,0.9233574646548351,23.607139255823334,26.334879499848746,0.0,0.31790907255179646,13.047585071350165,2.5555173340499864,0.3674458814918877,0.006507763492592896,0.6507763492592896,5.0020089863040065,1.22452527172442,4.557511744148978,31.74333696234053,21.893908681347103,19.685022225162854,21.893908681347103,1.4299110391992926,0.10959200736227316,1.3203190318370195,0.8102855368841693,0.9620275460153238,3.157955987041502,0.06505440689501496,0.1897144631158307,32.70561976314603,0.44994676787787286,Technology
2014-06-30,KLAC,2014,Q4,USD,0.5551601908100166,0.245183790136217,0.26067382680845325,0.2356037982250801,0.22687763075293152,0.1753009152398811,0.1753009152398811,0.1753009152398811,1.4899535976528975,3.1585639419079112,0.4976182750736149,2.223509748291513,0.13258486162005856,5.12145339885285,4.388482276345422,0.08063957015339285,3.5200963364675064,23.34839005367782,-0.647387178761067,-0.647387178761067,3.2765093289103833,16.371976583149834,51.03554042466486,48.35362934362934,0.13503599423976612,0.20382896570669543,0.16931721325299703,0.16931721325299703,1.5094417370288875,0.19993272438602153,0.27762052944861104,0.33858837082943527,0.9474501287001287,23.962078651685392,26.999687890137327,0.0,0.3324424168927384,19.02954232358794,2.840561166202075,0.5784620643046352,0.006193811039805678,0.6193811039805679,4.436849737176002,0.777783819708779,4.557591686302942,34.28441181801704,22.16993535133829,19.976400217509514,22.16993535133829,1.5022657241254305,0.07894387046099934,1.4233218536644312,0.7726672508793201,0.9629625348237715,3.2765093289103833,0.06220918216475201,0.22733274912067994,50.24410941156804,0.4499184339314845,Technology
2014-09-30,KLAC,2015,Q1,USD,0.5513041665824131,0.17503161450985455,0.20269372733904598,0.16978197265208797,0.15400038264056207,0.11235477935171978,0.11235477935171978,0.11235477935171978,1.4478187042842214,2.663911642210053,0.426574253853286,1.9484269257695652,0.12126610748660963,5.4278530932350275,4.5876320298395825,0.052708691245092705,3.6560098504417664,44.946524095634956,-1.0311261410175079,-1.0311261410175079,3.679183929603481,20.19982718956729,604.5570085191565,371.8286978182443,0.14110041323592323,0.2119301247691035,0.17486992066434554,0.17486992066434554,1.5019808936686196,0.17723175131245436,0.04339512224214344,0.0543256271183277,0.6150432342667354,10.20480977725212,10.758229844273606,0.0,0.04668914276242089,2.597694310152473,0.36435143649982266,1.1409328146415074,0.006346056995496958,0.6346056995496958,3.9000333646759078,0.4381873881525069,4.5994722314901875,31.6376050229003,21.41235706269526,19.234923716218265,21.41235706269526,0.21187175831842034,0.081561466832479,0.13031029148594134,0.7295746765380225,0.9070479052339376,3.679183929603481,0.05760248164378777,0.27042532346197745,82.81701685186322,0.4999423701052504,Technology
2014-12-31,KLAC,2015,Q2,USD,0.5812669936143191,0.037011519064635984,0.2603876355238432,0.22874606162130354,-0.009267295230181693,0.029966423057645592,0.029966423057645592,0.029966423057645592,1.0700344413524046,2.614909470302012,0.4272984720858058,2.0916985461709032,0.13561406963114397,4.293830252350531,3.5904758367468217,0.008932034761256372,2.511655028970435,142.28107756068678,-1.9563648164594432,-1.9563648164594432,19.156725473686308,17.0546198531249,-6789.294596821659,1040.690321183688,0.6508587899905481,5.390899775633201,0.8435275101930508,0.8419877135756854,8.282748667666436,0.202878453562357,0.011762208969161874,0.016387795202829274,-0.15328401299169975,3.0331073294119406,5.277999522396207,0.29557333333333335,0.0034145895145238658,0.8670891027145428,0.003945155083320223,137.98791197947503,0.24245654156052374,24.24565415605237,4.123222951059524,0.12355824331244361,19.96747055524397,25.292015167402276,3.6707734887463728,1.5076873369260406,3.6707734887463728,0.06757053329756883,0.07792801580140944,-0.01035748250384062,-3.2335673261008298,-0.04051346355210259,19.156725473686308,0.28141029546193297,4.23356732610083,70.48945018879708,17.049544002536027,Technology
2015-03-31,KLAC,2015,Q3,USD,0.566283300765513,0.2667202918510032,0.2918185031261045,0.2640444493194612,0.22540723317069736,0.1782604044368069,0.1782604044368069,0.1782604044368069,1.16917296804347,3.103838587446336,0.5064924180007053,2.2999149747260037,0.15063767027999558,4.062103285327381,3.414608622640447,0.03451414939934609,2.3958110411984253,17.884794113401906,0.03110398976243809,0.03110398976243809,19.06558497877277,12.752602527696189,40.57578324881189,38.84741627031107,0.6602720808123667,6.553007342982259,0.8676024059569951,0.8662580823342106,9.924707606778947,0.24234002209239822,0.24822166360336467,0.32827414927572146,0.9574039774438261,2.7362490913496487,6.8339408383569324,6.464453333333333,0.07489405428017001,23.47637032732907,2.618572848254407,0.6248195809720597,0.008733949871190487,0.8733949871190487,4.570831708539914,0.8147983089769063,20.211384076405523,25.11576575740132,3.057341280894286,0.8857569061457424,3.057341280894286,1.5004858906034328,0.06391473084136445,1.4365711597620683,0.7908371081499994,0.8536715456494313,19.06558497877277,0.34370869555160477,0.2091628918500006,47.86301420908045,0.5091019379916935,Technology
2015-06-30,KLAC,2015,Q4,USD,0.5725858485427034,0.2718607701379817,0.34145454641612416,0.2677223758878376,0.23129789563313466,0.18777335878952628,0.18777335878952628,0.18777335878952628,1.2917843735375598,3.128127963461129,0.5231670291825268,2.4041755803567173,0.15671987554113004,3.8977043472358233,3.2808877948177364,0.03677655018999572,2.3829099297937737,15.69662043458974,1.412695839113076,1.412695839113076,21.158158950642918,11.789628562588916,28.928158232817072,28.08649816208316,0.661087456889871,7.570291311435344,0.8833178519071225,0.8827666838949014,11.451270527881853,0.2566748154559688,0.31692026956475733,0.4197614275212473,0.9709051622312027,5.06027397260274,7.350067153072707,18.696130969907543,0.09951022061072913,34.37035834145285,3.571594105073687,0.5608615748597019,0.008932839670757463,0.8932839670757463,4.767749866044694,0.8952564062155262,20.285340561666718,24.812916443407822,2.656658366690831,0.4682510164843824,2.656658366690831,2.0013174898351562,0.05822800769061052,1.9430894821445457,0.811824760772388,0.8639468212774153,21.158158950642918,0.3577953700553569,0.18817523922761206,37.63820110511785,0.502114917893277,Technology
2015-09-30,KLAC,2016,Q1,USD,0.5794810190400906,0.25653861235769726,0.2919641356645359,0.25020695750680005,0.20897884365216202,0.16322723000603756,0.16322723000603756,0.16322723000603756,1.3945873922827698,2.51710552052383,0.4154429850452578,2.1218616691099754,0.14058162155682283,4.015792561740569,3.3050551712609026,0.02914085541756822,2.47961684408806,18.68737904801853,-0.7312452670963774,-0.7312452670963774,26.630122842946466,12.201156472323712,42.056200084745306,40.462994498973075,0.6893072311888703,10.70179085113826,0.914542994938016,0.914542994938016,15.525429542760689,0.22696278820905563,0.21172783998968578,0.30153864347912684,0.9621172245100164,5.971956973013776,6.068843177958105,0.0,0.06149767410567793,26.397221087045363,1.7775718937760858,0.9692746217718333,0.012966968498915954,1.2966968498915954,4.097972197423798,0.6689006504272414,20.26234536411172,24.073440887641883,1.8775730136462185,-0.3125813034051779,1.8775730136462185,1.2356969774263487,0.04681163116949369,1.188885346256855,0.7810705962069711,0.8352239511424555,26.630122842946466,0.4018678739956638,0.218929403793029,46.48854388180931,0.6483484249457977,Technology
2015-12-31,KLAC,2016,Q2,USD,0.6043900344247407,0.3041401206625883,0.327196953164049,0.3019535512393611,0.2611422818886441,0.2143021070194088,0.2143021070194088,0.2143021070194088,1.6628893857626166,2.297202282649574,0.4061660686975452,2.4290766194813145,0.15532914482967364,4.292876865541225,3.486909463726073,0.04010942998047727,1.0329255647594748,17.684347960343477,0.3822101010783915,0.3822101010783915,29.447456273504272,15.159172116663967,116.5406684995562,107.31954666879311,0.6848912065042528,8.565267692307692,0.8954550952291496,0.8954550952291496,12.506026666666667,0.25426953870652236,0.11688278401081169,0.14125266633344832,0.920876360591683,6.520252791512492,7.022528570025214,0.0,0.03203524247080477,12.638447971781305,1.1232226426924024,0.5346666053466661,0.0075584721379837825,0.7558472137983783,4.574788086465875,0.9803867260969263,20.36827222837709,14.437334140622987,2.355042125061191,0.1512766341174349,2.355042125061191,0.6462010151237987,0.05112977610594389,0.5950712390178549,0.820633508559105,0.8648425587869123,29.447456273504272,0.2908661316194704,0.179366491440895,55.991269848100174,0.5241800427691753,Technology
2016-03-31,KLAC,2016,Q3,USD,0.6145616500077902,0.33803319048949165,0.3517776408448233,0.32962818959817974,0.29466770910387363,0.24672776247029546,0.24672776247029546,0.24672776247029546,1.1402248334715068,2.173801871407989,0.3805982871628692,2.4748084231295637,0.14897904728924644,3.915509997073245,3.192347939043312,0.04449092213966689,0.928116091940198,16.122400683820977,1.0533301780096382,1.0533301780096382,23.786099267267065,15.911375385474845,110.54668675580001,101.66900365032244,0.6476871467818963,6.499135492643294,0.8666512958752369,0.8666512958752369,10.034374659023191,0.24844415740391368,0.11175493037931546,0.15650173419816318,0.9196929065356019,7.006441171710633,7.60116523709338,0.0,0.03599805766688858,12.452200134018316,1.2243941007873669,0.4671202717079026,0.007243342366758434,0.7243342366758435,4.575971481790738,1.129019204830111,20.092497912518468,14.395979189414863,3.061031537028711,0.8718735949643522,3.061031537028711,0.7161474725415891,0.05751172201168989,0.6586357505298992,0.8373084489665652,0.8939396520154319,23.786099267267065,0.27323250523834297,0.1626915510334348,53.89525453079986,0.5273877577236816,Technology
2016-06-30,KLAC,2016,Q4,USD,0.6327473342827395,0.390978392486273,0.39768443521390473,0.38116085037495745,0.35737311120564075,0.29541945949121545,0.29541945949121545,0.29541945949121545,1.4988935690023204,3.169146708976032,0.4831822053003357,3.3062040041149006,0.18522591342309577,3.8586824125144776,3.1617361133972386,0.06702730758628307,2.4852721854945465,10.501088233452775,0.19452835580002675,0.19452835580002675,16.551548800343628,12.408903239984726,32.90939884876726,32.21160542569325,0.6162172096262478,4.437489297852024,0.8160915920524145,0.8160915920524145,7.201177163720371,0.31836124681568095,0.3532371064909724,0.3852308221212375,0.9787965308548884,14.113606219986279,16.02341641893437,0.0,0.1157947713752021,47.16209376664891,3.9952723744189194,0.2987394168836382,0.0071121061513405685,0.7112106151340568,5.903019677353062,1.7438668824496506,19.77882886354295,24.87990649404028,4.425567714755446,2.2452091039868476,4.425567714755446,2.274025123304562,0.048217221537196875,2.2258079017673653,0.8266415413699781,0.9375913367127917,16.551548800343628,0.26810115182452876,0.1733584586300219,32.753039339060024,0.5209617755856967,Technology
2016-09-30,KLAC,2017,Q1,USD,0.629884117318726,0.331990094222118,0.3564308294024162,0.331990094222118,0.29602769781249627,0.23725510308749614,0.23725510308749614,0.23725510308749614,1.096750393015142,2.6443949517446175,0.3950675566147467,2.756270401063334,0.15025185654885073,4.030980537394036,3.3094945221345977,0.045680136307478615,0.9913659115600965,15.277500673774991,-0.4430475195394747,-0.4430475195394747,13.926586373285526,14.498659989103109,68.06854910127959,64.10616626515959,0.6041849059005648,3.8624852688836597,0.794343849965106,0.794343849965106,6.392886070409937,0.2579619005400316,0.17417652484095775,0.22616638669567174,0.9417883458890192,7.270727580372251,8.10933229207341,0.0,0.05624423774592381,17.178690680967318,1.711530706883342,0.50147388279684,0.008206085103593852,0.8206085103593853,4.808030538849285,1.1407297811425168,19.530638126164902,15.977947722716472,5.005533885440886,2.8389729006142357,5.005533885440886,1.0874148940939863,0.06330021969012803,1.0241146744038583,0.8014625146251463,0.8916762968669748,13.926586373285526,0.2773461611736252,0.19853748537485374,48.34747177300299,0.5720461925715274,Technology
2016-12-31,KLAC,2017,Q2,USD,0.636774491523974,0.3848497807580241,0.39780130803925257,0.38081846536318903,0.349926159074451,0.2717015344087309,0.2717015344087309,0.2717015344087309,1.3209043582003217,2.7418971617468557,0.4745534676655164,3.132112470800026,0.17212534566988114,3.3943898307367966,2.82930466029488,0.06130320437065308,2.1831257114375586,12.907015920185016,0.3872104776055503,0.3872104776055503,12.745299742201814,14.027424120608748,57.53675579089175,55.30449119430969,0.5847919777891889,3.086943682286529,0.755318380252177,0.7387632686261533,5.278703880235748,0.3024615388860643,0.1872579428425172,0.25363987295939605,0.9612028073898559,1.0114962443195559,12.327291520543394,0.8898014866497571,0.07465535176089395,25.77506084134894,2.3874814830717703,0.354789696580497,0.006872031823127466,0.6872031823127466,5.609012697092782,1.523977356318163,19.229769405443438,27.17830939968657,6.173256148655131,4.013016918796175,6.173256148655131,1.4226692679182524,0.05519557360795727,1.3674736943102952,0.7764539099545373,0.9188791797181479,12.745299742201814,0.24220251737706439,0.2235460900454627,36.369587702751524,0.5406914638436691,Technology
2017-03-31,KLAC,2017,Q3,USD,0.6243481953012062,0.38259745745555146,0.3921071033443531,0.3765699396701061,0.34925132057136665,0.2774781163240896,0.2774781163240896,0.2774781163240896,1.2437564395542773,2.4615925192897916,0.49265482559875085,3.1980436760691537,0.17162521164177674,3.4048812586756494,2.847090825545595,0.06410138245538267,2.164220540415919,14.692784634527255,2.2333032644481396,2.2333032644481396,12.988731426150864,16.3077048157766,69.17579949309268,66.27939863368292,0.5549549295748195,2.5754345810032495,0.7203137192571972,0.70216459925943,4.640799538399319,0.3125176661541879,0.1799876079302842,0.24604485182352112,0.9581298534945161,1.064702566061069,13.78436949206858,0.8994563369350844,0.07609176442478696,23.883365200764818,2.3685108713972696,0.3372508498907565,0.005738375302565777,0.5738375302565777,5.829759679487588,1.6176307344863443,19.009952216601064,28.397125340512538,7.319421495511933,5.1677395071100936,7.319421495511933,1.4343823565062617,0.06005779941179848,1.374324557094463,0.7944941077678451,0.9274540630548685,12.988731426150864,0.19828222607005316,0.20550589223215487,42.291306797725994,0.5455473400149283,Technology
2017-06-30,KLAC,2017,Q4,USD,0.6293281712933616,0.3789283937412041,0.387069899546901,0.3718096366365631,0.34627714145999505,0.27290557579153824,0.27290557579153824,0.27290557579153824,1.6435283838512948,2.360768082507803,0.47467352807958657,3.3053860375033013,0.16967057971614408,3.3963772520380275,2.8295588642412937,0.06431328874047852,2.3328399690062036,13.99181834151826,11.333372856629943,11.333372856629943,10.808583333898767,15.273780963450584,31.72051330954114,30.98906633062207,0.5297117425648113,2.2093029567624662,0.6884058583834053,0.6689660387567319,4.1707645484037075,0.30759941589841666,0.3577564141229018,0.49287644876082276,0.9769408845379856,1.0748423976725594,14.562213135274973,1.850673845821516,0.1578719633149369,43.36679790026247,4.854278369445464,0.33040419734386833,0.005903524997238066,0.5903524997238065,5.991312839890725,1.6350626803176143,18.857858656522072,31.151409349707663,8.466419434728214,6.11438200525953,8.466419434728214,2.95297699594046,0.06809303750606378,2.884883958434396,0.7881131703955303,0.9313291193645808,10.808583333898767,0.20440263895023772,0.21188682960446972,39.222523491558455,0.5402315724972554,Technology
2017-09-30,KLAC,2018,Q1,USD,0.6354621222981885,0.37823348436077026,0.3887957787951703,0.3730343313245619,0.3466982129394037,0.28974990227737546,0.28974990227737546,0.28974990227737546,1.4542158988988179,2.549088758591344,0.46359986411350457,3.4643729990852963,0.1703889604909885,3.1100761234345584,2.590035060434913,0.07008684846497361,2.0848571662437587,14.793009795825384,1.6173690710102404,1.6173690710102404,11.355229255524073,17.145092570914652,46.45099239115552,44.49214595226815,0.48763513553884985,1.8954381142602648,0.654629123283651,0.6329831693658089,3.887000702206897,0.313153950997681,0.2548559384464271,0.385350991820178,0.957829825843283,1.167756078263426,14.164362639514392,1.4945399126386023,0.13464894166794603,23.713442498095965,3.2186366651447673,0.3571169234273998,0.006035230969835816,0.6035230969835815,6.182527131980667,1.7913866323186207,17.856560774361395,30.557885809750935,9.334906201777766,6.991920982490148,9.334906201777766,2.3824429622639105,0.10046803463711375,2.2819749276267967,0.8357409743211405,0.929400282564759,11.355229255524073,0.16692204724428394,0.16425902567885955,43.35080603444845,0.6397344828025965,Technology
2017-12-31,KLAC,2018,Q2,USD,0.6440600847285674,0.38396244397031426,0.39179993892328724,0.37527028494950926,0.3559122462908194,-0.13764702988864772,-0.13764702988864772,-0.13764702988864772,1.3170711955546137,2.317970689517098,0.4407954099833623,3.464858646328213,0.1804648854097855,3.732373635718376,3.0569012162379945,-0.028263770962753156,2.3644033507408184,-30.54360451017726,0.20631340404987658,0.20631340404987658,13.389369225342172,16.81694577167762,141.46605797150048,126.8471732985754,0.4598303616539813,2.0287004589495155,0.6698253876361073,0.6698253876361073,4.411845385007649,0.3107267571961411,0.11090070875780508,0.1325764329970015,0.8966615392939685,-5.256696664902065,19.3857596611964,0.0,0.052030907012716246,9.676939187672975,1.221126255380201,-0.6892174599274861,0.005641258382731447,0.5641258382731447,6.247864590070474,-0.8600000039696544,16.040707345537403,28.446965638793607,7.847270340497678,5.500141777485597,7.847270340497678,0.8283196011998165,0.08559727256062291,0.7427223286391936,-0.38674429251353987,0.948415743438641,13.389369225342172,0.15151576036231618,1.3867442925135398,42.211462064698544,0.5927270182735931,Technology
2018-03-31,KLAC,2018,Q3,USD,0.638999152056117,0.3858849655437122,0.3937034781365601,0.3777599790070244,0.35835224724711984,0.30048252511030127,0.30048252511030127,0.30048252511030127,1.5463491078120386,2.1756767123611023,0.42924403090378194,3.5898360609639504,0.18243308901600946,3.7823905500922583,3.0668799226946897,0.07643350667602325,2.407445634290903,13.873171693588068,-0.04230825410101326,-0.04230825410101326,12.429104998529352,16.674582647112388,50.441337300400164,48.296407076433546,0.4397701111646205,1.796829965923265,0.642452343480277,0.642452343480277,4.08583921532278,0.312919263108033,0.2937326885670611,0.34525513711037176,0.9574767375576775,17.304121890923767,19.46440643761667,0.0,0.14322474302514224,23.51653994931306,3.2916394391441535,0.300207572316305,0.005409858303257639,0.5409858303257639,6.537494959064403,1.9644029931955371,15.886052451334967,28.960779920753293,8.770543012783172,6.431715326364573,8.770543012783172,2.257103718450144,0.09597941377919741,2.1611243046709467,0.8385116248568922,0.948624171859286,12.429104998529352,0.14456631962927913,0.16148837514310774,41.28853509315148,0.5897286536381152,Technology
2018-06-30,KLAC,2018,Q4,USD,0.646825619343479,0.40635175195606743,0.407962026310182,0.3957985203793631,0.37989484151461117,0.325949248787855,0.325949248787855,0.325949248787855,1.6419213169694236,2.2314087650719796,0.4055374016064904,3.737274105327866,0.190413990499979,3.734556676351283,2.9695472311821116,0.0909652662206212,2.3646319667871567,11.446052952257524,0.8012237066580258,0.8012237066580258,9.85369565525936,14.9233294454974,45.533804411366326,42.75091415827562,0.3981598603113951,1.3806768358869517,0.5799513882246696,0.5799513882246696,3.4676444652334975,0.3207928771056076,0.306640023709386,0.3490762651354574,0.938882983992525,22.260034083563497,24.887230416642183,0.0,0.1669404961647482,16.362055370597513,2.670563336979759,0.3355678719603632,0.0073293360025514,0.73293360025514,6.870450751252087,2.239418261204572,14.475529729035571,27.97132400154103,10.405233080775652,8.003595736483883,10.405233080775652,2.398311288044176,0.14657762938230384,2.2517336586618724,0.8579986174287619,0.9598187510920743,9.85369565525936,0.1401176659185757,0.1420013825712381,35.107374444757525,0.751476820341595,Technology
2018-09-30,KLAC,2019,Q1,USD,0.6511470281543275,0.415207727347566,0.4207526114556464,0.40603790498143166,0.39109452463274974,0.3621681942081481,0.3621681942081481,0.3621681942081481,1.7702235974759668,2.4616730136190537,0.3838718021754819,3.7539144050104385,0.19366499389117198,3.448730290709649,2.6908507700640003,0.1010439606252483,2.120866865507693,9.875176767421657,0.7135611599685334,0.7135611599685334,9.978548739958493,14.305899749373433,43.556549355984124,41.00645759756689,0.3964299006449654,1.4278003456748218,0.5881045153562477,0.5881045153562477,3.601646453387811,0.33427757795368956,0.2909423081323946,0.3488694363646342,0.9414533107851234,26.220725959478486,27.17175736059252,0.0,0.17043062885128402,17.08038513210927,2.628802029127351,0.31003626775503607,0.00784887893799152,0.7848878937991519,7.043248014121801,2.5508404146346177,14.522693449984216,25.196990097989318,10.097660754665927,7.613737831865533,10.097660754665927,2.457173964863002,0.14385940046772022,2.3133145643952817,0.9260374957901433,0.963197080456404,9.978548739958493,0.1430869741566008,0.07396250420985667,32.82154898346058,0.7908530417920255,Technology
2018-12-31,KLAC,2019,Q2,USD,0.6354489426715647,0.39512616327558403,0.40099991249203054,0.386886127129435,0.3714293623169253,0.3295835870766802,0.3295835870766802,0.3295835870766802,1.6435347433797673,2.677272757080746,0.4058290837881092,3.6556041925764893,0.19979315956524618,3.0255642688416757,2.347004933431723,0.09604245863863371,1.210074885095694,9.222246356001083,-1.959727350650237,-1.959727350650237,8.522494382275656,12.158004139662719,53.226759810168645,48.253279985257215,0.39933334368070716,1.4010685881891962,0.5835187695516163,0.5544840440780323,3.5085189112318185,0.36049630699056345,0.19033036589955873,0.25196223227472503,0.9065605375444764,1.4544902254334007,16.32651292486246,1.1287060592969487,0.12606092447298892,10.70211636198134,2.0022422797456856,0.3103820102953129,0.00841394814001422,0.841394814001422,7.360583116439257,2.4259273864921,14.886268633172962,17.707061545337435,10.500446933249204,7.97462996555985,10.500446933249204,1.8545889528616872,0.17329179483134843,1.6812971580303389,0.8873385373218291,0.9600482836456461,8.522494382275656,0.1643965399499725,0.1126614626781709,31.308790925427374,0.7529642190498725,Technology
2019-03-31,KLAC,2019,Q3,USD,0.5562379307233775,0.2301781354602296,0.28865107521933164,0.22171927557456364,0.20175684013009984,0.1755609849896702,0.17563662443919728,0.17563662443919728,1.0455171270433972,2.360968348783988,0.36966506232634405,2.6643333041966533,0.11943384592611458,2.6119953717422284,1.8375265160601486,0.04223616026424556,1.1154783238557526,24.77532304595077,-0.501700291680503,-0.501700291680503,6.7037453112271175,17.40581643672578,138.76686554585217,116.74996540215412,0.37252864048900663,1.201310732924478,0.5457251967915119,0.526865647847417,3.224747314320733,0.38202232717605716,0.09618333356850903,0.1490862663365263,0.8413389244104307,1.059186765820038,11.106824925816024,0.6543838526062312,0.04779752273533401,6.302743103713977,1.1724058851774082,0.5893331534597983,0.005946775672377335,0.5946775672377335,7.01834357750929,1.2326781751082514,22.03116745230222,17.28423590812861,18.45606943440636,-6.278434783721035,18.2226493293849,1.0463386398377987,0.16601321402759212,0.8803254258102067,0.8705361579113781,0.9099652685012023,6.7037453112271175,0.17919993632702297,0.12983874610416007,65.11641043126855,0.7264581161376152,Technology
2019-06-30,KLAC,2019,Q4,USD,0.5289506410740324,0.21600400497443253,0.3153011478542793,0.21367810017998545,0.1838076658707045,0.17269704037157263,0.17310786810602058,0.17310786810602058,1.1607808303078604,2.928548138487076,0.46953267326732673,2.8040058021519654,0.139693929610604,2.4399825613547406,1.7260950892458296,0.05461075124039955,0.9835446817221059,22.4261047074755,2.1218545223226815,2.1218545223226815,7.348952776645401,15.528540703333903,72.47986617955233,60.043013202810776,0.3800161980064197,1.2874174347187102,0.5628257506383076,0.5440870804601328,3.3877962083525754,0.4759262841549584,0.18403368757230762,0.25862360789393174,0.8284095483022543,1.3310801178070093,7.153498270816707,1.3018492073968295,0.09507002139989051,5.827830104215163,1.8365940781788734,0.5571071174458905,0.006210475745930421,0.621047574593042,7.8384699712232,1.3569008259315087,21.557509997134776,15.340002242347987,16.67866530464789,-6.819447385795971,16.56290408979358,2.0272133843259876,0.34785046030421185,1.6793629240217758,0.9417880766071506,0.860208255857196,7.348952776645401,0.17518379473195927,0.06044701915178764,53.49396430317602,0.7559391077946508,Technology
2019-09-30,KLAC,2020,Q1,USD,0.5724953905932727,0.2913979909637233,0.36000492424724817,0.2902532449798856,0.2628500920466332,0.24507752151881898,0.24516878989453902,0.24516878989453902,1.212964361479366,2.729330406345421,0.48175867457583876,2.9742934702552555,0.1531425827402196,2.2412491825092222,1.5958804124835924,0.06795846578053004,0.9012450558209203,18.255707849361517,0.30277759359916656,0.30277759359916656,9.508713539907175,17.902919208384805,54.5727467709342,50.991418855605595,0.37100248889445564,1.2867043469340285,0.5626894218569262,0.5439538340234158,3.4681825201988756,0.5700524572933746,0.25534269779417706,0.3510967062728967,0.9343751574323167,1.6753113614008839,10.591965300010328,1.98498,0.14492586438014912,15.238131793895473,3.2181489215444676,0.3510165211745184,0.0048069420817719085,0.48069420817719083,8.906368740429876,2.1835636464457426,21.820588921025603,15.84589500746706,16.885127003030934,-7.141099075596892,16.7688299085679,3.126996729616817,0.20520866809076416,2.921788061526053,0.9327323722262298,0.9055888145706987,9.508713539907175,0.13531844676294552,0.06761485373442866,53.01677682003632,0.7664669149385307,Technology
2019-12-31,KLAC,2020,Q2,USD,0.5802333693066296,0.30832294877680855,0.36527470547277724,0.3066216702341842,0.28151058694772213,0.2519488847946905,0.25211450770577154,0.25211450770577154,1.1821490329492699,2.4688403481838797,0.506327313408982,3.0806420670231436,0.1631714071985748,2.5476274310443867,1.8193253224369312,0.07147750561883356,0.9763007909824163,18.41018991998528,1.6722589177319997,1.6722589177319997,10.496942538741251,18.565903873787388,79.42129332845883,72.27784030681065,0.36752566286732274,1.273474734096347,0.5601446609445271,0.5601446609445271,3.464995407833801,0.5952686206177183,0.2256555097270875,0.25686854774544154,0.9100561987563542,12.520829215259933,11.435832180272781,0.0,0.11404265507252175,11.118053564259908,2.2865542253936426,0.35394621014045274,0.004806389989440365,0.4806389989440365,9.596624070188824,2.419448153093013,21.872649246614532,15.354949456418082,17.089261872973488,-7.020541674613771,16.973513891537923,2.4650708881683516,0.22171784601691144,2.24335304215144,0.8955773579932553,0.9181040163688258,10.496942538741251,0.121318634392473,0.10501097835628237,53.95103842282335,0.8563545044185898,Technology
2020-03-31,KLAC,2020,Q3,USD,0.5855527246475333,0.3038089446081502,0.16591781814708798,0.3038089446081502,0.08090021938756879,0.05478298608672691,0.05509408945731774,0.05509408945731774,1.1762027679460123,2.4262973104089065,0.46684913735138,2.8608418400660582,0.1609736256585785,2.612068537943499,1.8474463398081624,0.02460483840049074,0.9886631012161323,71.48661149492683,-0.9010291657173068,-0.9010291657173068,9.72208969014485,15.753959074808071,56.282055632076634,50.750338394852825,0.3893237648070653,1.4925404117909382,0.598802893919188,0.598802893919188,3.8336740438400594,0.5348833321970532,0.2673652401235367,0.3104207690643865,0.901714371035319,5.074328974535444,11.027325329458847,0.0,0.12834961847443782,10.174427436989296,2.5005543864412916,1.6994722887880487,0.005943323698132812,0.5943323698132812,9.124055694028847,0.5026815406203746,22.318414527094134,14.883908834026412,14.898703761845875,-7.40564629293829,14.784887259958865,2.8322963855267287,0.2783740316658871,2.553922353860842,0.6810128560143751,0.26628649624491174,9.72208969014485,0.15352053512774175,0.32283266347798156,102.6088799251675,0.8542933483696105,Technology
2020-06-30,KLAC,2020,Q4,USD,0.5741662230498502,0.3050781964561354,0.3632978508392408,0.3104687402584145,0.2775218845253437,0.2811160371418608,0.281758682043556,0.281758682043556,1.2089839301111829,2.718439468159552,0.4741045854834342,2.8078599679891654,0.15728440639830343,2.778905697540749,2.007640961862258,0.07428302987596512,1.1651301987426652,18.337261296574127,0.042644793712963085,0.042644793712963085,11.317154373938255,20.66673030084414,73.38419796816005,66.61208198813725,0.3738884650364872,1.3017328575116005,0.5655447170002611,0.5655447170002611,3.4816074290619428,0.513132651895341,0.2664135367628631,0.31025498203951374,0.9077169722157201,13.314263693095647,11.266701474354193,0.0,0.13051558217352083,10.836228762861928,2.5943329208488013,0.322823176973785,0.00440119126505135,0.440119126505135,9.410293605663224,2.651431923974572,22.62898276017691,17.57852694286488,17.285017987698733,-4.87282890410429,17.18453186852862,2.9195904736115947,0.2694286487950176,2.650161824816577,1.0152665348372747,0.8938802801671824,11.317154373938255,0.11502298320762505,-0.012950879973535372,59.694857270016804,0.8559436772271866,Technology
2020-09-30,KLAC,2021,Q1,USD,0.5966762423470383,0.340039775903082,0.394155152019342,0.3421176118859757,0.31444151252421,0.27306417439003783,0.2733403959392183,0.2733403959392183,1.365678649854345,2.4387600311249793,0.4450945865982894,2.738479172451108,0.1650862823730571,2.718791670764649,1.9215577518200762,0.07634217889639298,1.1684699696024996,17.88308458580916,7.898362358732381,7.898362358732381,10.95090133751507,19.552677685198425,65.93842124643284,58.738470042231995,0.36699224986523743,1.2450578483275965,0.554577179049116,0.554577179049116,3.3925998404184066,0.5103530399046045,0.2928652789182241,0.33287686368304065,0.8908079528126348,13.781318234905804,13.364875844208601,0.0,0.14973995754301467,9.158176128743854,2.598678769489926,0.3356516322012902,0.0046923061649504424,0.4692306164950442,9.908617280929413,2.7084253707794255,22.280826372833765,18.489615600105616,17.789330310855803,-4.01852126145504,17.691694412065868,3.2983494439113605,0.3601535281199889,2.938195915791372,0.8692885164714782,0.91910355269582,10.95090133751507,0.1136945544438737,0.1315899348085803,51.877041066525955,0.9090873963974987,Technology
2020-12-31,KLAC,2021,Q2,USD,0.5943151186949911,0.34537183424497386,0.3938892826206788,0.34537183424497386,0.3194691283989654,0.27681343776311884,0.2769757764088026,0.2769757764088026,1.2567868790557597,4.574522728048906,0.4714377827114678,2.7783771047737655,0.1682047764544491,2.585477438874676,1.8822401926229833,0.07888714104695893,0.7086072455388612,21.838564830913437,2.3673004276710143,2.3673004276710143,13.608294964332707,24.19501379878489,79.57736215899607,71.18904833704939,0.3526837040650685,1.1793016582958058,0.5411374115220052,0.5396982144377759,3.343794013454702,0.5317913712552021,0.2777474714273268,0.3398698867869669,0.8945891947864925,9.847843070652173,14.66471193415638,28.05405,0.1620935066510856,9.486693493845529,2.823361579646552,0.30526778508958974,0.0034945953117014117,0.34945953117014117,10.700965172129926,2.9639081368742426,22.689291061948623,14.886143395150157,19.123929657166194,-2.495459348038866,19.025895652512105,3.6369358215630734,0.38337233346081295,3.25356348810226,0.8669876109684832,0.9250005261644019,13.608294964332707,0.08666050092144176,0.13352054030891047,64.54775232983731,0.9047856721526126,Technology
2021-03-31,KLAC,2021,Q3,USD,0.606586305483007,0.37263391790430395,0.4233243318311118,0.37263391790430395,0.35503525110975714,0.31443535300727976,0.31461608528345864,0.31461608528345864,1.3857077448071673,2.4046172457143244,0.4892009309328355,2.8702481390367867,0.1814799723117663,2.663343460792149,1.9485800698311773,0.09549151702162319,0.7155330515514918,22.385994967365406,0.9077060973068709,0.9077060973068709,16.31402877051138,28.171976407230844,86.86960187497756,78.64404611932213,0.34631390327630684,1.1050581471503016,0.5249537399459779,0.5235003219389829,3.1909147645990696,0.5483808643892316,0.31838424491959955,0.35822135046926634,0.905311460187263,11.68259662898531,17.193978307582114,32.3075,0.18771986960274506,10.560940130428387,3.2223557632367683,0.24553124603521434,0.002742018462806243,0.27420184628062433,11.727966658214186,3.6898069583422735,22.634371688090454,15.88237397676218,20.23955630977692,-0.8836873622408177,20.252508111130616,4.201208054564015,0.397806256136176,3.8034017984278385,0.8861544995885403,0.9527722358353158,16.31402877051138,0.06773668004973503,0.11435455486623267,69.15546274723965,0.9059629001111826,Technology
2021-06-30,KLAC,2021,Q4,USD,0.598933975115699,0.3888986123395263,0.4327154239144604,0.3738202237270777,0.36814005508262654,0.3287808541390652,0.3287393058633446,0.3287393058633446,1.3787527809980589,2.2574667551442196,0.49019347712932754,2.904061222242835,0.18746448782041772,2.7083372360662925,1.9593072930311375,0.10407176757186808,0.6820994595447852,19.587856098474198,1.6062042000748855,1.6062042000748855,14.683622500188005,25.757192868653956,120.88992219321531,106.51285358080159,0.3351889238217745,1.0193077594022182,0.5047807867107721,0.5033243283662638,3.0409947553762278,0.5526039215236084,0.2213845676191871,0.2418223904696565,0.8810730592626637,12.629581457395364,18.00800600450338,23.2811,0.13524644566419974,8.408523702031603,2.3921969564636614,0.22001870523146144,0.0028081008984005133,0.2808100898400513,12.587163580024972,4.1378954180857805,22.767302299128595,16.30715625837577,22.06720228017075,1.1711958475789528,22.07970138130757,3.0438579861542383,0.3619967183322329,2.6818612678220055,0.8929734793177051,0.9848050793297952,14.683622500188005,0.06941800358795436,0.10691366071189248,61.93478357043668,0.9104143922704303,Technology
2021-09-30,KLAC,2022,Q1,USD,0.6095550613819308,0.38614326065653853,0.43363447638444064,0.3929288169233885,0.3677579543131472,0.512748591781127,0.5127159596859256,0.5127159596859256,1.336778178286443,2.1364661644263667,0.47432256830865505,2.983103499120317,0.1869503700586293,2.435452891585844,1.7555748887241827,0.15825156081236755,0.5983186749160725,11.923225739575464,0.17199356990188996,0.17199356990188996,13.197832724240014,24.452912510473464,64.10822314371913,58.99060577890407,0.30892595032493225,0.891866985415431,0.47142161277241584,0.469970344708105,2.8869927711717125,0.5776658517082456,0.34236764816627757,0.41452214615531535,0.9201722163888043,20.67775072026341,21.37189392357486,43.18985,0.2508532175420133,12.526966862446523,3.726861279856413,0.15239461745741598,0.003195331129049857,0.31953311290498576,13.679761045099456,7.013831812512309,22.85661393028294,17.231096960546182,25.333722838574147,4.334097026193134,25.34582813628307,5.670563907306506,0.45266854854592004,5.217895358760585,1.3941668797987337,0.9359404005862237,13.197832724240014,0.067576775979087,-0.39425561233277834,58.53073878073181,1.0688702159784678,Technology
2021-12-31,KLAC,2022,Q2,USD,0.6139800988680753,0.4105864500580202,0.44631880066138746,0.4100449284417864,0.39398672974500876,0.304985059274089,0.30495403017049005,0.30495403017049005,1.2890755989418383,2.3906864100032905,0.49642289435075315,3.280399008335448,0.20141971434312506,2.4139907885096274,1.7550039659983185,0.1051930305453043,0.5969014782619345,22.66886600556977,-0.7000385493349961,-0.7000385493349961,16.06870044586587,27.651848191173283,87.21655618671211,80.23523443570409,0.29486610588466655,0.8507059481139684,0.4596656475767597,0.4582194789975635,2.8850584422433148,0.6234577560815573,0.2920638968797211,0.34463472794277045,0.9199541686091973,14.530785452534053,25.48568107365529,40.5399,0.23541609927220591,12.492842945409162,3.6191492210864618,0.22179988960810879,0.002446084969067401,0.2446084969067401,15.554475672888113,4.7434000436360755,23.02105771201513,18.581437478099318,26.75523467613437,5.943570621020688,26.766943689628498,5.360612491818236,0.42909468367151293,4.931517808146723,0.7740210701204546,0.9608379531535716,16.06870044586587,0.052941801421958604,0.2259001731569039,63.65728808797522,1.0520856060455799,Technology
2022-03-31,KLAC,2022,Q3,USD,0.6102152510884022,0.38723829847475133,0.43126855876498027,0.38723829847475133,0.36977055730037806,0.31925008170662866,0.319211631528447,0.319211631528447,1.3277654819125082,2.1033532329862683,0.45002893108348546,2.8294592235626315,0.19044032308044093,2.3268846083557237,1.6261744945091576,0.10362508105362916,0.5002405458074509,18.807892548578376,6.857646975404731,6.857646975404731,13.47008416278481,24.014792264173696,76.48770857281227,67.1187633566905,0.307859617041771,0.9067452522567542,0.4755460915314007,0.4755460915314007,2.945320535930262,0.5960783741763858,0.2894602053105303,0.3577955114660179,0.8775104472216863,21.797213467407072,22.168767822302268,0.0,0.22133040200291962,8.163961556867124,3.1582767664301143,0.21760483566301472,0.002892467020174766,0.2892467020174766,15.24310499850145,4.865776416131073,24.90776915648207,17.169376269606047,27.164567584668156,3.3865996203669786,27.175776749142496,5.45391454926904,0.6680475540311033,4.785866995237937,0.8632694659600489,0.954891493834223,13.47008416278481,0.0673154852856757,0.13662655015745287,57.9987170654709,1.058816477405175,Technology
2022-06-30,KLAC,2022,Q4,USD,0.6064870499075296,0.39085123127115473,0.44016440808625273,0.39085123127115473,0.38190537889179366,0.3238771740822016,0.32386752288840925,0.32386752288840925,1.2907235661966217,2.20726398368739,0.4558055865953014,2.925819686114958,0.19740586078306352,2.4969361735623803,1.7491733955444688,0.08092714429847192,0.5520244451309837,14.681362969254035,1.2767542439333428,1.2767542439333428,33.75025391925363,19.019266629911705,-27.066409416482966,-28.249139360810013,0.5287506128400469,4.75306900269811,0.8261797312823792,0.8261797312823792,8.989245378210027,0.6177034965389324,-0.5831402296624654,-0.6732688874867849,1.043697334438708,21.500848473878317,21.991198497635587,0.0,-0.2513608893215416,-22.884691088026244,-4.222727777161247,0.401458204511196,0.0068361875759072365,0.6836187575907237,16.77667210880682,5.433419238190331,45.23440556987303,18.269453402237126,9.438897359437615,-14.271268198561655,9.454151093600313,-11.295211366426942,0.4935706286346525,-11.788781995061596,0.8480307971262474,0.9771118736142477,33.75025391925363,0.14083061461017957,0.1519439317088888,47.84670755928791,2.181290731720481,Technology
2022-09-30,KLAC,2023,Q1,USD,0.6178179314233027,0.4200605338963392,0.4450999550730723,0.4249371610292671,0.3927538444823566,0.3766172225762216,0.3765900608715824,0.3765900608715824,1.3819700254539147,2.1705457706474993,0.43234447178017915,2.9840285125333788,0.20759648305212605,2.4348686549250105,1.6677307887839703,0.10233824956825602,0.5795059126625648,10.458598143161101,0.3155010439853599,0.3155010439853599,20.418743712162367,15.75441644545783,46.29209913146454,42.43183473795036,0.48102075550311757,3.0031050286526546,0.7501939137638427,0.7501939137638427,6.243192199703721,0.6190182385423617,0.32221335276826774,0.3712876556659316,0.9166107291321691,15.709093353047919,15.561650648565092,0.0,0.16023843178304728,11.991950398330804,3.7143271546912637,0.18322188011395812,0.004379695003239209,0.4379695003239208,19.20921673282615,7.2340000987104185,45.03411855121308,20.8245140274556,14.821186076190342,-9.223769468867438,14.821186076190342,7.132145047909807,0.5947443752688096,6.537400672640997,0.9588450021868586,0.92426335115301,20.418743712162367,0.1470758960975578,0.041085840744354354,39.100755516265735,1.3254270988302816,Technology
2022-12-31,KLAC,2023,Q2,USD,0.5948955171559781,0.407942056787003,0.4365738380843511,0.407942056787003,0.3830483527023644,0.3280268321152912,0.3280268321152912,0.3280268321152912,1.2419103168614438,2.2789782186132537,0.4767681309470986,3.092710193581554,0.21734073252136304,2.3352705426358815,1.6072377294364022,0.09727854519228885,0.4512495473798859,13.607027510867955,-3.279293630119171,-3.279293630119171,20.464326256309395,17.853880515582524,89.58907113115657,77.4004590652196,0.4453137189004881,2.3484957322741487,0.7013584367566612,0.7013584367566612,5.273800542396841,0.6518840249158461,0.1976424414522781,0.23066892278427434,0.8639497886065467,15.327261712439418,16.387358642972536,0.0,0.11258075042384005,7.3502274620362655,2.477199928018715,0.18819875459110436,0.0034577492115891906,0.34577492115891906,21.11753798682227,6.927119087891634,43.7938343512693,20.28570619749609,18.42376803799036,-5.241650684010502,18.42376803799036,4.871159739276287,0.6627223122598178,4.208437427016468,0.8563588116254714,0.9389773531057225,20.464326256309395,0.11476047160605053,0.14364118837452852,44.3822882779977,1.3036751852454724,Technology
2023-03-31,KLAC,2023,Q3,USD,0.5867209184545968,0.3598841243636459,0.396877343164209,0.3598841243636459,0.32914592075665294,0.2868678389613123,0.2868678389613123,0.2868678389613123,1.1567762920130105,2.446781946286674,0.36561453197626104,2.471481939425219,0.1777761017993212,2.345678145607413,1.5413118714204184,0.07296681468057503,0.45882795513030344,19.715052386875445,-0.7306166472783252,-0.7306166472783252,20.512882732507798,22.622457892928082,59.43313024263965,54.4406191293509,0.43042488465528933,2.1953860564839247,0.6870487689677284,0.6870487689677284,5.100509135855666,0.5259516708088702,0.29569951449764387,0.4155437291992791,0.9159978434097867,11.536108807874395,11.708040227886698,0.0,0.17162981727546547,11.904456273406034,3.80352412630565,0.2591636728920937,0.0032863680477032637,0.32863680477032636,17.644855474558444,5.061741558771262,43.26343887135966,20.964051789794365,19.459478475320058,-4.323026148768723,19.459478475320058,7.332209045080332,0.6159213723570159,6.7162876727233165,0.871552162341401,0.9145886091492786,20.512882732507798,0.10702474562508886,0.12844783765859896,61.477014326006504,1.3118195336017118,Technology
2023-06-30,KLAC,2023,Q4,USD,0.5911282443441719,0.36048730923084304,0.3932365718002817,0.34996732674150166,0.329282755100871,0.2907066552816248,0.2907066552816248,0.2907066552816248,1.2168741432645154,2.5953679796025075,0.33473107470008173,2.282461154383282,0.16735909982954525,2.236811492443443,1.4682019705881253,0.0707876833069658,0.5150805190280541,24.240763385593304,-20.443043788517137,-20.443043788517137,22.736903587392497,28.18780498119642,75.40178282933833,69.21604026628715,0.41860336544901466,2.0175460047476617,0.6686048867435167,0.6686048867435167,4.8197080369469605,0.510354335413746,0.25625313598597,0.40724382488152494,0.9179629137277594,11.365663822781022,11.215264454150848,0.0,0.16281751550230736,12.189608937127462,3.7147211582033597,0.26219082923637343,0.0027040281804016726,0.27040281804016725,17.20673178786174,5.002111446377299,43.574897898051475,23.694658552088434,21.331840465248806,-2.1506798272851477,21.331840465248806,7.007335266999335,0.5748613678373382,6.432473899161997,0.882848101755499,0.9408957063700149,22.736903587392497,0.08873442230130146,0.11715189824450101,75.96052098742504,1.3115077480584192,Technology
2023-09-30,KLAC,2024,Q1,USD,0.6049610422552604,0.38630037430808073,0.41786707807736145,0.37514497554398163,0.3553302605471273,0.3092985436528664,0.3092985436528664,0.3092985436528664,1.3639085089082443,2.6037666844487464,0.3148217660974065,2.2614392527773193,0.1695538628467279,2.2083181083692645,1.4204953031149556,0.07569807683474386,0.44831985809416713,21.09820533468218,2.4532796900793277,2.4532796900793277,20.92380851289388,26.102576734825337,76.70358151024587,70.79766438092652,0.4167643252124007,1.9703355977174901,0.6633377047467515,0.6633377047467515,4.727697354406051,0.5186960128055564,0.23148231821785803,0.36869262514622714,0.9230033720324983,12.006263976075653,12.113128755017916,0.0,0.1499966648171819,12.987581747373062,3.5413060203885363,0.2448248187489462,0.0029010147411269644,0.29010147411269643,17.571445327390553,5.434822449637862,43.734898689264874,24.55297921004017,21.92048353517286,-1.177220479136733,21.92048353517286,6.478462305369029,0.4988197519279829,5.979642553441046,0.8704537102373927,0.9471811798408818,20.92380851289388,0.09416715874183756,0.12954628976260726,66.6396656978921,1.3305794211652935,Technology
2023-12-31,KLAC,2024,Q2,USD,0.6072160744690006,0.30782321815913777,0.4227972844615772,0.38296056742882006,0.277983983760173,0.23425741316091922,0.23425741316091922,0.23425741316091922,1.2786393819074444,2.5931011413143032,0.32144309866163284,1.8782982419699001,0.1741343668544962,1.9139634088580675,1.2492007761107697,0.060657625531846726,0.36426495138806697,33.81297087380307,-1.6248179809269967,-1.6248179809269967,25.885775850598165,31.68375635273046,144.4497584523349,126.62086567605527,0.42604982836386485,1.9989430665394974,0.666549188226535,0.6282079423740884,4.6918058251916825,0.5657582746998785,0.13612828886127032,0.2502253967666723,0.8765737446202603,1.1439255670813695,12.834128460149323,0.8298308176922605,0.10227170189038666,8.10200388015781,2.2737776803332603,0.33793563980814856,0.0024985651295577776,0.24985651295577777,18.346940732925578,4.2979068755118455,45.4364205136529,24.6644434443223,22.456348357299376,1.2636510524646043,22.456348357299376,4.590870524350925,0.5666339577538568,4.024236566597068,0.8427011153384351,0.7258814807658787,25.885775850598165,0.07479139740442897,0.15729888466156494,79.14159728965998,1.452415909811936,Technology
2024-03-31,KLAC,2024,Q3,USD,0.5910789333915261,0.33199965525893577,0.40230985004188263,0.3601669531725306,0.29804308499098453,0.25538902033675087,0.25538902033675087,0.25538902033675087,1.3751072755911395,2.7152937528191248,0.32030330027438825,1.7480475954049195,0.1574744594424832,2.0826472713701216,1.40819905538542,0.05907773837411034,0.4145231015189284,39.87097285139334,10.715323953811929,10.715323953811929,30.998276032873598,40.730434785562146,114.45695105495804,105.42683396741461,0.4562114163870204,2.204826996802789,0.6879706764210288,0.6551241320672928,4.832906230764633,0.5231442345749153,0.2040978455269418,0.3863384041120986,0.921104686047355,1.0207984383096147,10.60669408984634,1.2134835955721446,0.13335578454225472,12.675024027412142,3.3834844783544713,0.3277482332875066,0.0020550554065302488,0.20550554065302487,17.453287786949627,4.457378069564444,51.15570490685715,31.820486980748996,22.932888243401454,2.60501356017606,22.932888243401454,6.7428753501192995,0.5319812676912133,6.210894082428086,0.8568862463105834,0.8275136915413033,30.998276032873598,0.0690971806563603,0.14311375368941665,106.49212536552986,1.4608977873942233,Technology
2024-06-30,KLAC,2024,Q4,USD,0.6204337721608958,0.40090880325707107,0.41927697885460086,0.41014374382362934,0.36826093665732484,0.3259432506492009,0.3259432506492009,0.3259432506492009,1.3490154024076118,2.709569469827838,0.3209638520868557,1.912557945415791,0.16627602460766358,2.092198634819024,1.4410662263392304,0.07769817719302347,0.42420615116716665,33.26762844822021,0.8430319481764893,0.8430319481764893,33.044970376994165,43.3734358312109,133.8025159940856,124.69687264946253,0.4418708547331187,2.0246374462344523,0.6693818621980765,0.6357984357941541,4.581966483074095,0.517515123496158,0.19151647344411035,0.34783098332496826,0.9319471440654705,1.1616204675469397,12.706118112897775,1.1902549017516162,0.130888816320737,14.694460449419706,3.4561847087886135,0.2361431580759547,0.0017745716263146208,0.17745716263146208,19.085183918133005,6.220686885514123,51.334049768707885,33.496415344112094,25.05040829379304,5.085734259493388,25.05040829379304,6.6384182891820736,0.4517633234668531,6.1866549657152206,0.8850877684930739,0.8978826136031103,33.044970376994165,0.05956657494461595,0.11491223150692614,107.94880579425667,1.46897264654698,Technology
2024-09-30,KLAC,2025,Q1,USD,0.5961941073523134,0.40853114560022186,0.44258661057503657,0.39412522993685467,0.37961338583536186,0.3328655120584218,0.3328655120584218,0.3328655120584218,1.4035330093457206,3.0475850254312693,0.36896821280343634,2.54091970755925,0.1812006539836754,2.1317179683940735,1.4835941039728533,0.08593235634019174,0.41207040786425947,27.455357910495415,2.0574979060636305,2.0574979060636305,29.180633876766503,36.5557670784972,111.11436755825832,104.37172911404106,0.43528947080288366,1.917596469828756,0.6572521216209541,0.6229550286905553,4.405336215212795,0.5401801550388776,0.20741842693969048,0.35024587011061953,0.9393180324706251,1.3516616495724956,13.629175743267089,1.327012309595938,0.14579902565082964,16.479360190750583,3.8504673620353462,0.20941881966609963,0.0019069030200663008,0.1906903020066301,21.184345505241026,7.051538014224581,51.50272115943758,34.51560379918589,26.53849135938688,6.948141410827978,26.53849135938688,7.419729524207136,0.4502437860646816,6.969485738142454,0.8768539900823872,0.9631796114554304,29.180633876766503,0.06383994660481315,0.1231460099176128,86.4513226009599,1.4767247677695439,Technology
2024-12-31,KLAC,2025,Q2,USD,0.6030158756468871,0.3904046702294001,0.40370885687997243,0.40370885687997243,0.3160793291582855,0.2679775523741644,0.2679775523741644,0.2679775523741644,1.3177221874134093,2.8216363934570134,0.4009601685957575,2.6209878288958097,0.20510021000292233,2.361526033417926,1.625385367466214,0.07580370122238068,0.444215416245193,25.472789017218357,-2.0641742824297626,-2.0641742824297626,23.437260653990222,27.304542611910684,110.95205607032298,98.8940857312702,0.40479509783427153,1.6941079616989474,0.628819626304291,0.6213612302861242,4.185099994448395,0.5561627287673422,0.2052832375361807,0.27609884261538825,0.891322695891185,14.592363398727677,16.566223443272296,0.0,0.13989282702520314,9.201553242420632,2.662230216954613,0.2750376882746108,0.002699328370449529,0.2699328370449529,23.077478680237313,6.184246251696956,46.10914518439626,28.35438433325583,26.885394556241422,9.379998049907371,26.885394556241422,6.37166515409482,0.6924553916311025,5.679209762463717,0.8478173915636449,0.7829388029806336,23.437260653990222,0.07001840633516551,0.15218260843635512,71.04311246932743,1.7009007927876574,Technology
2025-03-31,KLAC,2025,Q3,USD,0.6161678521489675,0.43627468104285005,0.4245444623606241,0.4245444623606241,0.4128047759260523,0.35533976335189776,0.35533976335189776,0.35533976335189776,1.324989683086924,2.7385038596098927,0.3725513558150655,2.5561411063321264,0.20167020590247484,2.5435293070539133,1.7364105588618106,0.09411003715451098,0.47520607151689964,20.705832742260313,0.6303549081141313,0.6303549081141313,22.509891056570726,29.43042282655502,91.05459928244164,84.07916978731699,0.4009118988706246,1.5204918472839304,0.603252039447144,0.5949924863934395,3.7925834867141153,0.524966073767404,0.2742144422571356,0.3500322719765304,0.9233928922855659,15.64043177676696,18.08888703417769,0.0,0.1760762914766915,13.053619041821392,3.482064506071599,0.20743355481727574,0.002504530455250742,0.25045304552507425,23.09854683387755,8.207832165722774,46.46106163324711,30.380160926647914,30.200057312208255,12.982987323444464,30.200057312208255,8.085236827618452,0.6193866085500765,7.465850219068375,0.8607937312613638,0.9723475690407201,22.509891056570726,0.06526419838886101,0.1392062687386362,72.57610751219632,1.7025798034794544,Technology
