date,symbol,fiscalYear,period,reportedCurrency,marketCap,enterpriseValue,evToSales,evToOperatingCashFlow,evToFreeCashFlow,evToEBITDA,netDebtToEBITDA,currentRatio,incomeQuality,grahamNumber,grahamNetNet,taxBurden,interestBurden,workingCapital,investedCapital,returnOnAssets,operatingReturnOnAssets,returnOnTangibleAssets,returnOnEquity,returnOnInvestedCapital,returnOnCapitalEmployed,earningsYield,freeCashFlowYield,capexToOperatingCashFlow,capexToDepreciation,capexToRevenue,salesGeneralAndAdministrativeToRevenue,researchAndDevelopementToRevenue,stockBasedCompensationToRevenue,intangiblesToTotalAssets,averageReceivables,averagePayables,averageInventory,daysOfSalesOutstanding,daysOfPayablesOutstanding,daysOfInventoryOutstanding,operatingCycle,cashConversionCycle,freeCashFlowToEquity,freeCashFlowToFirm,tangibleAssetValue,netCurrentAssetValue,sector
1985-09-30,BK,1985,Q3,USD,810980640.0,,0.0,0.0,0.0,0.0,0.0,0.0,0.0,,,0.0,0.0,,,0.0,0.0,0.0,0.0,0.0,0.0,0.0,,0.0,0.0,0.0,0.0,0,0.0,0.0,,,,0.0,0.0,0,0.0,0.0,,,,,Financial Services
1985-12-31,BK,1985,Q4,USD,1050556000.0,,0.0,0.0,0.0,0.0,0.0,0.0,0.0,,,0.0,0.0,,,0.0,0.0,0.0,0.0,0.0,0.0,0.0,,0.0,0.0,0.0,0.0,0,0.0,0.0,,,,0.0,0.0,0,0.0,0.0,,,,,Financial Services
1986-03-31,BK,1986,Q1,USD,1389322080.0,,0.0,0.0,0.0,0.0,0.0,0.0,0.0,,,0.0,0.0,,,0.0,0.0,0.0,0.0,0.0,0.0,0.0,,0.0,0.0,0.0,0.0,0,0.0,0.0,,,,0.0,0.0,0,0.0,0.0,,,,,Financial Services
1986-06-30,BK,1986,Q2,USD,1340347520.0,,0.0,0.0,0.0,0.0,0.0,0.0,0.0,,,0.0,0.0,,,0.0,0.0,0.0,0.0,0.0,0.0,0.0,,0.0,0.0,0.0,0.0,0,0.0,0.0,,,,0.0,0.0,0,0.0,0.0,,,,,Financial Services
1986-09-30,BK,1986,Q3,USD,1310158080.0,,0.0,0.0,0.0,0.0,0.0,0.0,0.0,,,0.0,0.0,,,0.0,0.0,0.0,0.0,0.0,0.0,0.0,,0.0,0.0,0.0,0.0,0,0.0,0.0,,,,0.0,0.0,0,0.0,0.0,,,,,Financial Services
1986-12-31,BK,1986,Q4,USD,1235752800.0,,0.0,0.0,0.0,0.0,0.0,0.0,0.0,,,0.0,0.0,,,0.0,0.0,0.0,0.0,0.0,0.0,0.0,,0.0,0.0,0.0,0.0,0,0.0,0.0,,,,0.0,0.0,0,0.0,0.0,,,,,Financial Services
1987-03-31,BK,1987,Q1,USD,1503276960.0,,0.0,0.0,0.0,0.0,0.0,0.0,0.0,,,0.0,0.0,,,0.0,0.0,0.0,0.0,0.0,0.0,0.0,,0.0,0.0,0.0,0.0,0,0.0,0.0,,,,0.0,0.0,0,0.0,0.0,,,,,Financial Services
1987-06-30,BK,1987,Q2,USD,1511147520.0,,0.0,0.0,0.0,0.0,0.0,0.0,0.0,,,0.0,0.0,,,0.0,0.0,0.0,0.0,0.0,0.0,0.0,,0.0,0.0,0.0,0.0,0,0.0,0.0,,,,0.0,0.0,0,0.0,0.0,,,,,Financial Services
1987-09-30,BK,1987,Q3,USD,1437907440.0,,0.0,0.0,0.0,0.0,0.0,0.0,0.0,,,0.0,0.0,,,0.0,0.0,0.0,0.0,0.0,0.0,0.0,,0.0,0.0,0.0,0.0,0,0.0,0.0,,,,0.0,0.0,0,0.0,0.0,,,,,Financial Services
1987-12-31,BK,1987,Q4,USD,902749760.0,,0.0,0.0,0.0,0.0,0.0,0.0,0.0,,,0.0,0.0,,,0.0,0.0,0.0,0.0,0.0,0.0,0.0,,0.0,0.0,0.0,0.0,0,0.0,0.0,,,,0.0,0.0,0,0.0,0.0,,,,,Financial Services
1988-03-31,BK,1988,Q1,USD,1101934080.0,,0.0,0.0,0.0,0.0,0.0,0.0,0.0,,,0.0,0.0,,,0.0,0.0,0.0,0.0,0.0,0.0,0.0,,0.0,0.0,0.0,0.0,0,0.0,0.0,,,,0.0,0.0,0,0.0,0.0,,,,,Financial Services
1988-06-30,BK,1988,Q2,USD,2324669760.0,,0.0,0.0,0.0,0.0,0.0,0.0,0.0,,,0.0,0.0,,,0.0,0.0,0.0,0.0,0.0,0.0,0.0,,0.0,0.0,0.0,0.0,0,0.0,0.0,,,,0.0,0.0,0,0.0,0.0,,,,,Financial Services
1988-09-30,BK,1988,Q3,USD,2365186880.0,,0.0,0.0,0.0,0.0,0.0,0.0,0.0,,,0.0,0.0,,,0.0,0.0,0.0,0.0,0.0,0.0,0.0,,0.0,0.0,0.0,0.0,0,0.0,0.0,,,,0.0,0.0,0,0.0,0.0,,,,,Financial Services
1988-12-31,BK,1988,Q4,USD,2481673600.0,,0.0,0.0,0.0,0.0,0.0,0.0,0.0,,,0.0,0.0,,,0.0,0.0,0.0,0.0,0.0,0.0,0.0,,0.0,0.0,0.0,0.0,0,0.0,0.0,,,,0.0,0.0,0,0.0,0.0,,,,,Financial Services
1989-03-31,BK,1989,Q1,USD,3011078400.0,,0.0,0.0,0.0,0.0,0.0,0.0,0.0,,,0.0,0.0,,,0.0,0.0,0.0,0.0,0.0,0.0,0.0,,0.0,0.0,0.0,0.0,0,0.0,0.0,,,,0.0,0.0,0,0.0,0.0,,,,,Financial Services
1989-06-30,BK,1989,Q2,USD,3336460800.0,12149460800.0,22.37881893534721,22.465718934911244,23.701640265314087,0.0,0.0,0.0,4.731408573928259,0.0,-90.06157063197026,0.0,0.0,-45552000000.0,-44694000000.0,0.0,0.0,0.0,0.0,,0.041648106904231624,0.0,0.15363585269756502,0.052144970414201186,0.47394957983193275,0.05194326763676552,0.6899981580401547,0,0.0,0.0,,,,0.0,0.0,0,0.0,0.0,-8300400000.0,,3078000000.0,-46515000000.0,Financial Services
1989-09-30,BK,1989,Q3,USD,3508865280.0,12396865280.0,22.050631945926717,80.9194861618799,89.44347243867244,0.0,0.0,0.0,-0.5646885366752672,0.0,-86.22562448450572,0.0,0.0,-45866000000.0,-45013000000.0,0.0,-0.008402073291249017,0.0,0.0,,-0.1123819800377664,0.0,0.03949994911175387,0.0953002545691906,0.4965986054421769,0.02596940412664532,1.7410174315190323,0,0.0,0.0,0.0,0.0,0.0,0.0,0.0,0,0.0,0.0,-8749399999.0,,2738000000.0,-46835000000.0,Financial Services
1989-12-31,BK,1989,Q4,USD,2943970560.0,7996670560.0,15.036988642346747,32.52001041073607,33.613579487179486,0.0,0.0,0.1438812072052356,2.306754221388368,0.0,-73.71651128196065,0.0,0.0,-36772100000.0,-35920300000.0,0.0,0.0032998237317064497,0.0,0.0,,0.0275049115913556,0.0,0.08080923200536354,0.032533550223668155,0.31007751937984496,0.01504324934185784,0.6946220383602858,0,0.0,0.0,256500000.0,196400000.0,0.0,86.81835276419706,42.03567181926278,0,86.81835276419706,44.78268094493428,-4814800000.0,,2764300000.0,-39912200000.0,Financial Services
1990-03-31,BK,1990,Q1,USD,2580231820.0,8268131820.0,14.62092275862069,18.580071505617976,19.259566317260656,0.0,0.0,0.12754807680798244,4.349951124144672,4.4795544089255275,-70.02879473829603,0.6147836538461539,-4.837209302325581,-36443800000.0,-35597000000.0,0.0021381142375835756,0.0,0.0021381142375835756,0.036329415107070565,0.0,0.0,0.03964760034623556,0.16638039910692987,0.035280898876404496,0.4563953488372093,0.027763041556145004,0.30468611847922195,0,0.0,0.0,451650000.0,358350000.0,0.0,62.11671087533157,0.0,0,62.11671087533157,62.11671087533157,-5258600000.0,-330748557.6923077,2815900000.0,-39702100000.0,Financial Services
1990-06-30,BK,1990,Q2,USD,2475734740.0,9225734740.0,16.162814891380517,294.7519086261981,591.3932525641026,0.0,0.0,0.14464471331269926,0.4446022727272727,3.629092021066978,-68.13801526249132,0.6591760299625468,-2.7885117493472587,-36783100000.0,-35946200000.0,0.0014380994208789974,0.0,0.0014380994208789974,0.024600761784953,0.0,0.0,0.0284360028005262,0.006301159711480237,0.5015974440894568,0.40992167101827676,0.027505255781359494,0.30448493342676947,0,0.0,0.0,400600000.0,322200000.0,0.0,64.78801681850035,0.0,0,64.78801681850035,64.78801681850035,-6734400000.0,336653558.05243444,2861700000.0,-39871600000.0,Financial Services
1990-09-30,BK,1990,Q3,USD,1400232540.0,4494432540.0,8.14651538879826,23.704812974683545,25.87468359240069,0.0,0.0,0.15466961092576148,2.685552407932011,3.6232555639314934,-65.62920148963258,0.7338877338877339,-2.4922279792746114,-35219000000.0,-34387000000.0,0.0014765395434439344,0.0,0.0014765395434439344,0.024680137034188632,0.0,0.0,0.050420196633910536,0.12405082372960709,0.08386075949367089,0.4119170984455959,0.028820010875475803,0.3173826354903027,0,0.0,0.0,409300000.0,308250000.0,0.0,66.5089722675367,0.0,0,66.5089722675367,66.5089722675367,-2920500000.0,-1569728066.5280666,2860600000.0,-38509900000.0,Financial Services
1990-12-31,BK,1990,Q4,USD,1144269050.0,3568869050.0,6.298745234733498,6.024424459824443,6.161721426104973,0.0,0.0,0.14902106454808256,9.113846153846154,4.219036066804531,-75.37305693097265,1.035031847133758,-1.6836461126005362,-33676300000.0,-32854100000.0,0.0014320366425129819,0.0,0.0014320366425129819,0.02252486398447517,0.0,0.0,0.05680482225749268,0.5061746623313809,0.02228224172856178,0.353887399463807,0.023296858453935757,0.27938581009530533,0,0.0,0.0,391800000.0,288000000.0,0.0,59.7087892693258,0.0,0,59.7087892693258,59.7087892693258,-1845400000.0,-1557206687.8980892,2885700000.0,-36606900000.0,Financial Services
1991-03-31,BK,1991,Q1,USD,1821092020.0,2612092020.0,4.671958540511536,-20.600094794952682,-18.859870180505414,0.0,0.0,0.1319501638425009,2.0031595576619274,,-66.11286589460757,0.5297071129707113,3.22972972972973,-29722200000.0,-28930100000.0,-0.0016051120155186186,0.0,-0.0016051120155186186,-0.022530699412706887,0.0,0.0,-0.03475936377998076,-0.0760532683021696,-0.09227129337539432,0.3162162162162162,0.02092648900017886,0.2749060990878197,0,0.0,0.0,353700000.0,274400000.0,0.0,53.36254695045609,0.0,0,53.36254695045609,53.36254695045609,-929500000.0,-3948399163.1799164,2809500000.0,-32109000000.0,Financial Services
1991-06-30,BK,1991,Q2,USD,2260380000.0,5255180000.0,9.891172595520421,10.12363706414949,10.242019099590722,0.0,0.0,0.14315953315983673,8.566006600660065,3.2500952004335484,-55.12487623762376,0.6358866736621196,-2.5211640211640214,-31047700000.0,-30283400000.0,0.0014651943800366057,0.0,0.0014651943800366057,0.021300527240773286,0.0,0.0,0.02680965147453083,0.2269972305541546,0.011558466576767483,0.15873015873015872,0.01129305477131564,0.27912667043101824,0,0.0,0.0,322500000.0,257200000.0,0.0,53.1055900621118,0.0,0,53.1055900621118,53.1055900621118,-2481700000.0,1333263483.7355719,2845000000.0,-33327300000.0,Financial Services
1991-09-30,BK,1991,Q3,USD,2639465320.0,5678865320.0,10.00328574951559,835.1272529411765,2103.283451851852,0.0,0.0,0.14956186591541507,0.11564625850340136,2.9840464676258063,-49.47503799746836,0.6282051282051282,-2.345864661654135,-29523300000.0,-28774400000.0,0.001458203136624706,0.0,0.001458203136624706,0.02046712381217585,0.0,0.0,0.022277239088710588,0.0010229344479509965,0.6029411764705882,0.10275689223057644,0.007222124361458517,0.25770653514180025,0,0.0,0.0,286900000.0,237050000.0,0.0,41.26651400387529,0.0,0,41.26651400387529,41.26651400387529,-3036700000.0,-1513665384.6153846,2872900000.0,-32258600000.0,Financial Services
1991-12-31,BK,1991,Q4,USD,2265230140.0,5967230140.0,10.363372941993747,13.534203084599682,13.758888955499193,0.0,0.0,0.13515505247022758,6.690440060698028,3.745360680893888,-57.78862716350755,0.612453531598513,-2.6699751861042182,-29339000000.0,-28605000000.0,0.0016714858215390858,0.0,0.0016714858215390858,0.022708476912474157,0.0,0.0,0.02909196678797502,0.19145957505227262,0.016330233613064186,0.17866004962779156,0.012504341785342132,0.2528655783258076,0,0.0,0.0,264150000.0,226750000.0,0.0,41.88954498089614,0.0,0,41.88954498089614,41.88954498089614,-3268300000.0,-175881877.32342008,2902000000.0,-31939000000.0,Financial Services
1992-03-31,BK,1992,Q1,USD,3051691460.0,6672691460.0,11.406310188034189,66.7269146,72.529255,0.0,0.0,0.1484641141359732,1.25,4.1641462270268415,-58.063523073200855,0.6666666666666666,-3.3333333333333335,-29246000000.0,-28522000000.0,0.001992577648260231,0.0,0.001992577648260231,0.02707275803722504,0.0,0.0,0.026214969976027656,0.030147215472431804,0.08,0.2222222222222222,0.013675213675213675,0.27521367521367524,0,0.0,0.0,260500000.0,203500000.0,0.0,38.92307692307692,0.0,0,38.92307692307692,38.92307692307692,-3529000000.0,-88700000.0,2955000000.0,-32095000000.0,Financial Services
1992-06-30,BK,1992,Q2,USD,3324645150.0,7010645150.0,12.43022189716312,19.366423066298342,19.804082344632768,0.0,0.0,0.198602147507257,4.160919540229885,4.1214172343008295,-49.88059778349578,0.6641221374045801,-3.1951219512195124,-28436000000.0,-27721000000.0,0.002104652006676827,0.0,0.002104652006676827,0.025962399283795883,0.0,0.0,0.026168206252026628,0.10647752888755661,0.022099447513812154,0.1951219512195122,0.014184397163120567,0.28900709219858156,0,0.0,0.0,243000000.0,185000000.0,0.0,37.180851063829785,0.0,0,37.180851063829785,37.180851063829785,-3332000000.0,-803916030.5343511,3351000000.0,-30939000000.0,Financial Services
1992-09-30,BK,1992,Q3,USD,4081000000.0,10645000000.0,17.624172185430464,-11.205263157894738,-11.12330198537095,0.0,0.0,0.16087741062366076,-9.793814432989691,3.92071422064909,-47.5975,0.6666666666666666,-3.5,-29762000000.0,-29056000000.0,0.0023124660798980626,0.0,0.0023124660798980626,0.028688524590163935,0.0,0.0,0.024013722126929676,-0.23450134770889489,-0.007368421052631579,0.16666666666666666,0.011589403973509934,0.2781456953642384,0,0.0,0.0,239000000.0,163500000.0,0.0,36.50662251655629,0.0,0,36.50662251655629,36.50662251655629,-7521000000.0,1333285714.2857144,3416000000.0,-33257000000.0,Financial Services
1992-12-31,BK,1992,Q4,USD,4396733460.0,5494733460.0,9.082204066115702,3.8237532776617953,3.8586611376404494,0.0,0.0,0.1831589378880177,3.894308943089431,4.679685278188592,-50.602154309349466,0.6645569620253164,-3.4347826086956523,-28025000000.0,-27307000000.0,0.0025666723703830453,0.0,0.0025666723703830453,0.029871977240398292,0.0,0.0,0.023881365781040546,0.3238768083066832,0.009046624913013222,0.2826086956521739,0.021487603305785124,0.2909090909090909,0,0.0,0.0,223000000.0,142500000.0,0.0,29.90082644628099,0.0,0,29.90082644628099,29.90082644628099,326000000.0,-1734278481.012658,3515000000.0,-31110000000.0,Financial Services
1993-03-31,BK,1993,Q1,USD,4710785850.0,7068785850.0,9.2766218503937,5.48818777173913,5.518177868852459,0.0,0.0,0.18260417939630944,10.304,5.146467848271875,-49.621704837208846,0.628140703517588,-4.738095238095238,-26755000000.0,-25893000000.0,0.003121332434389592,0.0,0.003121332434389592,0.03500420050406049,0.0,0.0,0.02653485086782283,0.27192915169344833,0.005434782608695652,0.16666666666666666,0.009186351706036745,0.24015748031496062,0,0.0,0.0,215500000.0,132500000.0,0.0,27.165354330708663,0.0,0,27.165354330708663,27.165354330708663,-1077000000.0,-1261381909.5477388,3571000000.0,-30499000000.0,Financial Services
1993-06-30,BK,1993,Q2,USD,5094786160.0,8019786160.0,10.334775979381444,63.649096507936505,67.96428949152542,0.0,0.0,0.18238918106686702,0.9618320610687023,5.009116754878026,-48.54773482779501,0.6161137440758294,-5.410256410256411,-27206000000.0,-26353000000.0,0.003167255451333902,0.0,0.003167255451333902,0.03616133518776078,0.0,0.0,0.025516281923793245,0.023160932823135406,0.06349206349206349,0.20512820512820512,0.010309278350515464,0.23582474226804123,0,0.0,0.0,209500000.0,121000000.0,0.0,21.920103092783506,0.0,0,21.920103092783506,21.920103092783506,-2807000000.0,457971563.9810426,3595000000.0,-31381000000.0,Financial Services
1993-09-30,BK,1993,Q3,USD,5437500000.0,8119500000.0,9.759014423076923,14.244736842105263,14.789617486338798,0.0,0.0,0.17086969284551543,3.904109589041096,5.061203064153748,-48.59620689655173,0.601593625498008,-4.4035087719298245,-31070000000.0,-30117000000.0,0.0033154751449148076,0.0,0.0033154751449148076,0.03810244764067625,0.0,0.0,0.027770114942528734,0.10096551724137931,0.03684210526315789,0.3684210526315789,0.025240384615384616,0.24278846153846154,0,0.0,0.0,203000000.0,121500000.0,0.0,23.473557692307693,0.0,0,23.473557692307693,23.473557692307693,-2133000000.0,3865709163.3466134,3963000000.0,-35178000000.0,Financial Services
1993-12-31,BK,1993,Q4,USD,5442289150.0,7744289150.0,9.57266891223733,64.53574291666666,71.0485243119266,0.0,0.0,0.16850272760976642,0.7643312101910829,5.261508899759636,-48.785918513719544,0.6826086956521739,-4.6938775510204085,-31399000000.0,-30454000000.0,0.0034470645062134983,0.0,0.0034470645062134983,0.03855599214145383,0.0,0.0,0.028848154824702765,0.02002833678912485,0.09166666666666666,0.22448979591836735,0.013597033374536464,0.24598269468479605,0,0.0,0.0,219500000.0,115500000.0,0.0,24.697156983930782,0.0,0,24.697156983930782,24.697156983930782,-2193000000.0,333552173.9130435,4072000000.0,-35111000000.0,Financial Services
1994-03-31,BK,1994,Q1,USD,4872831080.0,10057831080.0,13.721461227830833,-64.88923277419354,-62.47100049689441,0.0,0.0,0.16159519939992498,-0.8707865168539326,5.572694474498618,-52.12198942057314,0.624561403508772,-5.9375,-33532000000.0,-32598000000.0,0.0037077153807698717,0.0,0.0037077153807698717,0.04417969719533383,0.0,0.0,0.03652907254072103,-0.033040340893573515,-0.03870967741935484,0.125,0.008185538881309686,0.2878581173260573,0,0.0,0.0,221500000.0,120500000.0,0.0,27.135061391541612,0.0,0,27.135061391541612,27.135061391541612,-5346000000.0,2145021052.631579,4029000000.0,-37516000000.0,Financial Services
1994-06-30,BK,1994,Q2,USD,5754131100.0,8748131100.0,11.983741232876712,186.1304489361702,291.60437,0.0,0.0,0.25058288249541616,0.26704545454545453,5.371347739262853,-49.474589656116805,0.6263345195729537,-5.62,-33107000000.0,-32181000000.0,0.003362179303493992,0.0,0.003362179303493992,0.04269771955361475,0.0,0.0,0.030586720556297367,0.00521364554936887,0.3617021276595745,0.34,0.023287671232876714,0.29041095890410956,0,0.0,0.0,227500000.0,155000000.0,0.0,28.84931506849315,0.0,0,28.84931506849315,28.84931506849315,-2964000000.0,-423316725.9786477,4122000000.0,-37155000000.0,Financial Services
1994-09-30,BK,1994,Q3,USD,5766727750.0,11209727750.0,14.577019180754226,7.610134249830279,7.662151572112099,0.0,0.0,0.2610620701177912,7.632124352331606,5.8430554561931585,-50.05342934734521,0.6258064516129033,-6.458333333333333,-26536000000.0,-25618000000.0,0.0038563988391046794,0.0,0.0038563988391046794,0.045960672826344466,0.0,0.0,0.03364126215252662,0.25369673468632187,0.006788866259334691,0.20833333333333334,0.013003901170351105,0.2847854356306892,0,0.0,0.0,237000000.0,179500000.0,0.0,28.08842652795839,0.0,0,28.08842652795839,28.08842652795839,-3980000000.0,-6563038709.67742,4221000000.0,-36710000000.0,Financial Services
1994-12-31,BK,1994,Q4,USD,5760000000.0,9879000000.0,12.74709677419355,9.096685082872929,9.181226765799256,0.0,0.0,0.20086819258089977,5.402985074626866,5.877060489734642,-48.682,0.6242236024844721,-5.962962962962963,-32400000000.0,-31486000000.0,0.00411219542134659,0.0,0.00411219542134659,0.0467877094972067,0.0,0.0,0.034895833333333334,0.18680555555555556,0.009208103130755065,0.18518518518518517,0.012903225806451613,0.2709677419354839,0,0.0,0.0,265000000.0,196000000.0,0.0,33.677419354838705,0.0,0,33.677419354838705,33.677419354838705,-3043000000.0,5874291925.465838,4296000000.0,-36439000000.0,Financial Services
1995-03-31,BK,1995,Q1,USD,6555000000.0,11896000000.0,14.686419753086419,-43.896678966789665,-42.48571428571429,0.0,0.0,0.23016713476679404,-1.272300469483568,6.224181873949378,-50.404666666666664,0.6191860465116279,-7.166666666666667,-33440000000.0,-32534000000.0,0.004074215761285386,0.0,0.004074215761285386,0.04684407301517484,0.0,0.0,0.03249427917620137,-0.04271548436308162,-0.033210332103321034,0.1875,0.011111111111111112,0.2740740740740741,0,0.0,0.0,282000000.0,230000000.0,0.0,30.444444444444443,0.0,0,30.444444444444443,30.444444444444443,-5621000000.0,1049279069.7674419,4547000000.0,-37735000000.0,Financial Services
1995-06-30,BK,1995,Q2,USD,8227936199.999999,12762936200.0,14.944890163934426,20.957202298850575,21.45031294117647,0.0,0.0,0.2014375480312825,2.7066666666666666,6.4013237634794535,-51.831940553938665,0.6158038147138964,-7.34,-35330000000.0,-34430000000.0,0.0042271434984288495,0.0,0.0042271434984288495,0.04742917103882476,0.0,0.0,0.02746739820369536,0.07231461031503866,0.022988505747126436,0.28,0.01639344262295082,0.2611241217798595,0,0.0,0.0,277000000.0,244000000.0,0.0,29.508196721311478,0.0,0,29.508196721311478,29.508196721311478,-3940000000.0,1895209809.264305,4765000000.0,-39787000000.0,Financial Services
1995-09-30,BK,1995,Q3,USD,9856000000.0,16249000000.0,17.719738276990185,19.553549939831527,19.815853658536586,0.0,0.0,0.12107493739163938,3.5361702127659576,6.477304126718152,-51.2753125,0.6157894736842106,-8.085106382978724,-36500000000.0,-35594000000.0,0.004580421633683716,0.0,0.004580421633683716,0.04588235294117647,0.0,0.0,0.023741883116883116,0.08319805194805195,0.013237063778580024,0.23404255319148937,0.011995637949836423,0.2529989094874591,0,0.0,0.0,262500000.0,234500000.0,0.0,24.045801526717558,0.0,0,24.045801526717558,24.045801526717558,-5573000000.0,1177057894.7368422,5100000000.0,-40959000000.0,Financial Services
1995-12-31,BK,1995,Q4,USD,9989834150.0,13783834150.0,14.601519226694915,20.94807621580547,21.604755721003134,0.0,0.0,0.1751205796968935,2.7302904564315353,6.8513869714144775,-52.602907827053365,0.6163682864450127,-7.377358490566038,-36086000000.0,-35184000000.0,0.004486224869694713,0.0,0.004486224869694713,0.04606269113149847,0.0,0.0,0.024124524629870858,0.06386492412389048,0.030395136778115502,0.37735849056603776,0.0211864406779661,0.2510593220338983,0,0.0,0.0,257500000.0,209000000.0,0.0,25.741525423728817,0.0,0,25.741525423728817,25.741525423728817,-3156000000.0,-413667519.18158567,5232000000.0,-40827000000.0,Financial Services
1996-03-31,BK,1996,Q1,USD,11501510560.0,17121510560.0,18.4300436598493,154.24784288288288,176.5104181443299,0.0,0.0,0.13216688480172673,0.4567901234567901,6.443279116686495,-50.99821427282157,0.6151898734177215,-6.9298245614035086,-37795000000.0,-36897000000.0,0.004557645779019825,0.0,0.004557645779019825,0.04633867276887872,0.0,0.0,0.021127659600218635,0.008433674819840361,0.12612612612612611,0.24561403508771928,0.015069967707212056,0.2658772874058127,0,0.0,0.0,263500000.0,185000000.0,0.0,24.89773950484392,0.0,0,24.89773950484392,24.89773950484392,-5523000000.0,1716934177.21519,5244000000.0,-42317000000.0,Financial Services
1996-06-30,BK,1996,Q2,USD,10472918190.0,13689918190.0,10.262307488755622,29.956057308533918,30.55785310267857,0.0,0.0,0.16842987075155577,1.643884892086331,7.3698534662092685,-51.626610672492994,0.6150442477876106,-7.661016949152542,-34743000000.0,-33855000000.0,0.005401519420211009,0.0,0.005401519420211009,0.05486481152555753,0.0,0.0,0.026544654981211113,0.04277699795533302,0.019693654266958426,0.15254237288135594,0.006746626686656672,0.1866566716641679,0,0.0,0.0,276500000.0,178500000.0,0.0,19.97001499250375,0.0,0,19.97001499250375,19.97001499250375,-2769000000.0,-3038287610.619469,5067000000.0,-39363000000.0,Financial Services
1996-09-30,BK,1996,Q3,USD,11969437500.0,14105437500.0,15.690141824249165,-881.58984375,-455.0141129032258,0.0,0.0,0.17414432701056906,-0.0642570281124498,6.964877980450907,-51.87934959349594,0.6163366336633663,-6.516129032258065,-35397000000.0,-34514000000.0,0.004752996869512102,0.0,0.004752996869512102,0.04866132499511432,0.0,0.0,0.02080298259629995,-0.0025899295601819216,-0.9375,0.24193548387096775,0.01668520578420467,0.2814238042269188,0,0.0,0.0,298500000.0,186000000.0,0.0,30.13348164627364,0.0,0,30.13348164627364,30.13348164627364,-2167000000.0,662787128.7128713,5117000000.0,-39807000000.0,Financial Services
1996-12-31,BK,1996,Q4,USD,13838433810.0,14116433810.0,15.162657153598282,39.21231613888889,40.21776014245014,0.0,0.0,0.21684915511885616,1.44,6.9425069286127785,-52.064951669556024,0.6188118811881188,-6.8474576271186445,-35548000000.0,-34673000000.0,0.004483098717833767,0.0,0.004483098717833767,0.04876145894285157,0.0,0.0,0.018065628194091136,0.025364141984503954,0.025,0.15254237288135594,0.00966702470461869,0.28356605800214824,0,0.0,0.0,308000000.0,181000000.0,0.0,30.451127819548873,0.0,0,30.451127819548873,30.451127819548873,73000000.0,164490099.009901,5727000000.0,-40195000000.0,Financial Services
1997-03-31,BK,1997,Q1,USD,15068344920.0,13361344920.0,14.168976585365854,30.505353698630138,31.145326153846153,0.0,0.0,0.2600071068748563,1.6528301886792454,7.072768678892914,-52.219115249719145,0.6235294117647059,-8.173076923076923,-35402000000.0,-34537000000.0,0.004538914771170184,0.0,0.004538914771170184,0.052788844621513946,0.0,0.0,0.017586536637362826,0.0284702800657685,0.02054794520547945,0.17307692307692307,0.009544008483563097,0.2725344644750795,0,0.0,0.0,293500000.0,160500000.0,0.0,25.95970307529162,0.0,0,25.95970307529162,25.95970307529162,2136000000.0,-135423529.4117647,5620000000.0,-40325000000.0,Financial Services
1997-06-30,BK,1997,Q2,USD,17571200000.0,15631200000.0,16.114639175257732,539.0068965517241,744.3428571428572,0.0,0.0,0.25085116973618715,0.10780669144981413,7.1925910850416415,-56.289144736842104,0.6241299303944315,-8.62,-37626000000.0,-36769000000.0,0.004392410437281604,0.0,0.004392410437281604,0.0544865302815475,0.0,0.0,0.01530914223274449,0.0011951374977235477,0.27586206896551724,0.16,0.008247422680412371,0.2711340206185567,0,0.0,0.0,283500000.0,149000000.0,0.0,27.371134020618555,0.0,0,27.371134020618555,27.371134020618555,1961000000.0,2234909512.7610207,5937000000.0,-42706000000.0,Financial Services
1997-09-30,BK,1997,Q3,USD,19080000000.0,20753000000.0,20.962626262626262,32.837025316455694,33.52665589660743,0.0,0.0,0.2545017764857881,2.323529411764706,7.3832675693083205,-56.93,0.6232876712328768,-8.423076923076923,-36929000000.0,-36078000000.0,0.0044591813400411615,0.0,0.0044591813400411615,0.0546875,0.0,0.0,0.01430817610062893,0.032442348008385746,0.020569620253164556,0.25,0.013131313131313131,0.2717171717171717,0,0.0,0.0,296500000.0,160500000.0,0.0,27.09090909090909,0.0,0,27.09090909090909,27.09090909090909,-1054000000.0,-690410958.9041096,5992000000.0,-42623000000.0,Financial Services
1997-12-31,BK,1997,Q4,USD,22612320000.0,23528320000.0,21.605436179981634,-86.18432234432234,-81.69555555555556,0.0,0.0,0.28196782101728435,-0.9161073825503355,7.847202736383701,-54.68970189701897,0.6221294363256785,-10.41304347826087,-34854000000.0,-34019000000.0,0.004969897099781525,0.0,0.004969897099781525,0.059576169532187126,0.0,0.0,0.013178656590743453,-0.012736419792396357,-0.054945054945054944,0.32608695652173914,0.013774104683195593,0.25436179981634527,0,0.0,0.0,327000000.0,179500000.0,0.0,29.421487603305785,0.0,0,29.421487603305785,29.421487603305785,-1204000000.0,-2072617954.0709813,6002000000.0,-40272000000.0,Financial Services
1998-03-31,BK,1998,Q1,USD,24568020000.0,25432020000.0,26.827025316455696,185.63518248175183,211.9335,0.0,0.0,0.23344020452211814,0.4823943661971831,7.513752346254218,-57.515921409214094,0.6228070175438597,-10.363636363636363,-36581000000.0,-35743000000.0,0.004764221368539364,0.0,0.004764221368539364,0.05901911886949293,0.0,0.0,0.011559743113201633,0.004884398498535902,0.12408759124087591,0.38636363636363635,0.017932489451476793,0.29852320675105487,0,0.0,0.0,353500000.0,176000000.0,0.0,33.32278481012658,0.0,0,33.32278481012658,33.32278481012658,-744000000.0,1726596491.2280703,6112000000.0,-42359000000.0,Financial Services
1998-06-30,BK,1998,Q2,USD,24130480000.0,24526480000.0,25.31112487100103,131.15764705882353,147.74987951807228,0.0,0.0,0.23801336407330703,0.6360544217687075,7.676998623986281,-59.68449197860963,0.6316916488222698,-10.152173913043478,-39000000000.0,-38157000000.0,0.00468231671507706,0.015153245143295219,0.00468231671507706,0.05938003220611916,0.0301826642882214,0.07858895186532443,0.012225202316738003,0.0068792663884017224,0.11229946524064172,0.45652173913043476,0.021671826625386997,0.2961816305469556,0,0.0,0.0,357500000.0,161000000.0,0.0,33.808049535603715,0.0,0,33.808049535603715,33.808049535603715,-230000000.0,2414942184.1541758,6268000000.0,-44553000000.0,Financial Services
1998-09-30,BK,1998,Q3,USD,21786510000.0,20485510000.0,20.75532928064843,-206.92434343434343,-161.3032283464567,0.0,0.0,0.2766430699005841,-0.3289036544850498,7.759374882524734,-57.62982689747004,0.6323529411764706,-9.916666666666666,-37399000000.0,-36549000000.0,0.0047169811320754715,0.015250561842053385,0.0047169811320754715,0.060031910650179494,0.03193635003486954,0.07985136251032204,0.013815888822945942,-0.005829295284100115,-0.2828282828282828,0.5833333333333334,0.028368794326241134,0.2978723404255319,0,0.0,0.0,352000000.0,162500000.0,0.0,31.003039513677813,0.0,0,31.003039513677813,31.003039513677813,1174000000.0,-1611352941.1764705,6314000000.0,-43195000000.0,Financial Services
1998-12-31,BK,1998,Q4,USD,32677559999.999996,32367559999.999996,31.394335596508242,24.136882923191646,24.53946929492039,0.0,0.0,0.27050484026155086,4.284345047923322,8.086362526396067,-56.224216710182766,0.6348884381338742,-10.061224489795919,-37151000000.0,-36295000000.0,0.0049289009968033004,0.015080705337155872,0.0049289009968033004,0.05745227606461087,0.03262286038690356,0.07633587786259542,0.009578438537026633,0.040364090831751215,0.01640566741237882,0.4489795918367347,0.02133850630455868,0.3055286129970902,0,0.0,0.0,347500000.0,180500000.0,0.0,30.98933074684772,0.0,0,30.98933074684772,30.98933074684772,1629000000.0,-252109533.46855983,6748000000.0,-42979000000.0,Financial Services
1999-03-31,BK,1999,Q1,USD,29176940000.000004,28855940000.000004,27.429600760456278,98.82171232876713,111.84472868217055,0.0,0.0,0.2559624884223526,0.9240506329113924,8.01843574833901,-58.65372062663185,0.632,-10.204081632653061,-38559000000.0,-37703000000.0,0.004867754209221005,0.014483725276436692,0.004867754209221005,0.05955522050508858,0.02951491413076228,0.07103032154586421,0.010830470912988133,0.008842599669464993,0.11643835616438356,0.6938775510204082,0.03231939163498099,0.2965779467680608,0,0.0,0.0,343000000.0,174000000.0,0.0,28.31749049429658,0.0,0,28.31749049429658,28.31749049429658,579000000.0,1392032000.0,6806000000.0,-44846000000.0,Financial Services
1999-06-30,BK,1999,Q2,USD,29595290000.0,29096290000.0,27.26925023430178,149.21174358974358,148.45045918367347,0.0,0.0,0.26744926744926745,0.6037151702786377,8.140007868864753,-60.9326544021025,0.6320939334637965,-8.964912280701755,-40250000000.0,-39396000000.0,0.004766050375529356,0.014078138188833956,0.004766050375529356,0.06117424242424242,0.029272894379967572,0.07282083268361142,0.010913898799437343,0.006622675432475911,0.005128205128205128,0.017543859649122806,0.0009372071227741331,0.2914714151827554,0,0.0,0.0,313000000.0,143000000.0,0.0,24.882849109653232,0.0,0,24.882849109653232,24.882849109653232,695000000.0,1712970645.7925637,6780000000.0,-46296000000.0,Financial Services
1999-09-30,BK,1999,Q3,USD,26261040000.0,23593040000.0,12.111416837782341,-28.563002421307505,-25.588980477223426,0.0,0.0,0.28891732283464566,-1.0699481865284974,12.453272822812883,-56.89068825910931,0.5878326996197719,-26.3,-36123000000.0,-35275000000.0,0.012239146268089553,0.026457087429064607,0.012239146268089553,0.15788398692810457,0.05579691103970213,0.14015212817608028,0.029435239426922926,-0.03510904366316033,-0.1162227602905569,1.92,0.049281314168377825,0.1540041067761807,0,0.0,0.0,289500000.0,121000000.0,0.0,13.121149897330596,0.0,0,13.121149897330596,13.121149897330596,1746000000.0,-4202391634.9809885,6396000000.0,-42085000000.0,Financial Services
1999-12-31,BK,1999,Q4,USD,31036800000.0,28864800000.0,25.61206743566992,-44.75162790697674,-26.16935630099728,0.0,0.0,0.4021794346579271,-1.9664634146341464,8.416380510504988,-59.630806010928964,0.6381322957198443,-8.711864406779661,-36482000000.0,-35589000000.0,0.004387607683664188,0.0147338196267239,0.004387607683664188,0.06377600622204939,0.034351086809969365,0.07399315417668051,0.010568099804103516,-0.035538457572945666,-0.710077519379845,7.762711864406779,0.40638864241348716,0.2919254658385093,0,0.0,0.0,301500000.0,123500000.0,0.0,25.474711623779946,0.0,0,25.474711623779946,25.474711623779946,1069000000.0,-77649805.44747078,6643000000.0,-43570000000.0,Financial Services
2000-03-31,BK,2000,Q1,USD,32244599999.999996,31125599999.999996,26.28851351351351,-96.9644859813084,-91.54588235294116,0.0,0.0,0.3543573708342109,-0.9497041420118343,8.610732788881313,-64.93715846994536,0.6329588014981273,-8.754098360655737,-39851000000.0,-38957000000.0,0.0044449704764534925,0.014854406917909508,0.0044449704764534925,0.06470137825421134,0.03463522853614924,0.07822321553289566,0.010482375343468365,-0.010544401233074686,-0.059190031152647975,0.3114754098360656,0.016047297297297296,0.3032094594594595,0,0.0,0.0,337500000.0,134000000.0,0.0,27.06081081081081,0.0,0,27.06081081081081,27.06081081081081,779000000.0,3372389513.1086144,6724000000.0,-47445000000.0,Financial Services
2000-06-30,BK,2000,Q2,USD,36129570000.0,36143570000.0,29.077691069991953,-19.07312401055409,-18.98296743697479,0.0,0.0,0.4054835931024395,-5.323033707865169,9.060868376664514,-61.10197817189631,0.6334519572953736,-9.21311475409836,-36580000000.0,-35695000000.0,0.004643821499849989,0.0157954709172113,0.004643821499849989,0.06464499727619394,0.03601296660058552,0.07969865186360031,0.009853424770900955,-0.052699215628638815,-0.00474934036939314,0.14754098360655737,0.007240547063555913,0.2944489139179405,0,0.0,0.0,343500000.0,124000000.0,0.0,23.96621078037007,0.0,0,23.96621078037007,23.96621078037007,-1918000000.0,-3257640569.3950176,7007000000.0,-44705000000.0,Financial Services
2000-09-30,BK,2000,Q3,USD,43614280000.0,42979280000.0,34.00259493670886,206.63115384615384,249.87953488372094,0.0,0.0,0.3887423043095866,0.5730027548209367,9.472675968078581,-61.44346049046322,0.6302083333333334,-9.290322580645162,-36140000000.0,-35239000000.0,0.004813749022000027,0.015834812915104884,0.004813749022000027,0.06132792701469843,0.03454925932671584,0.07393306723979122,0.008322962112409054,0.0039436624885244,0.17307692307692307,0.5806451612903226,0.028481012658227847,0.2935126582278481,0,0.0,0.0,352500000.0,129500000.0,0.0,26.62974683544304,0.0,0,26.62974683544304,26.62974683544304,807000000.0,-453072916.6666667,7419000000.0,-45006000000.0,Financial Services
2000-12-31,BK,2000,Q4,USD,42814680000.0,40183680000.0,31.198509316770185,-254.32708860759493,-200.9184,0.0,0.0,0.4495429862727242,-0.42473118279569894,9.803018254120554,-58.59767759562842,0.6413793103448275,-9.206349206349206,-32641000000.0,-31717000000.0,0.00482402676556786,0.01611560223703966,0.00482402676556786,0.06046814044213264,0.03824439243189526,0.06898293668612483,0.008688608673473678,-0.004671294985738536,-0.26582278481012656,0.6666666666666666,0.03260869565217391,0.30357142857142855,0,0.0,0.0,364000000.0,137500000.0,0.0,24.736024844720497,0.0,0,24.736024844720497,24.736024844720497,2431000000.0,-3518406896.551724,7652000000.0,-42805000000.0,Financial Services
2001-03-31,BK,2001,Q1,USD,38203080000.0,37837080000.0,28.817273419649656,26.930306049822065,27.497877906976743,0.0,0.0,0.40991549087412393,3.6588541666666665,9.881044698963697,-59.32411202185792,0.6378737541528239,-9.40625,-31910000000.0,-30982000000.0,0.0052550189536490904,0.015713743533062118,0.0052550189536490904,0.06341866226259289,0.03415578481192232,0.062118340703305956,0.010051545582188662,0.036018038336176034,0.020640569395017794,0.453125,0.022086824067022087,0.3000761614623001,0,0.0,0.0,325500000.0,124500000.0,0.0,20.35795887281036,0.0,0,20.35795887281036,20.35795887281036,1742000000.0,-736823920.2657807,7555000000.0,-43351000000.0,Financial Services
2001-06-30,BK,2001,Q2,USD,37193280000.0,34484280000.0,26.628787644787646,24.148655462184873,24.6668669527897,0.0,0.0,0.39331185500404875,3.709090909090909,10.095456853768027,-63.31634746922025,0.6405990016638935,-9.53968253968254,-35214000000.0,-34279000000.0,0.005010998164803269,0.014275803180702316,0.005010998164803269,0.06123747415301416,0.029759081829564802,0.05695124547583564,0.010351332283681354,0.03758743514957541,0.02100840336134454,0.47619047619047616,0.023166023166023165,0.3019305019305019,0,0.0,0.0,287000000.0,106000000.0,0.0,19.25096525096525,0.0,0,19.25096525096525,19.25096525096525,4107000000.0,3296642262.8951745,7787000000.0,-46215000000.0,Financial Services
2001-09-30,BK,2001,Q3,USD,26286760000.0,27956760000.0,22.971865242399343,-559.1352,-363.0748051948052,0.0,0.0,0.281953122708205,-0.205761316872428,8.13445478273322,-85.59575923392613,0.6825842696629213,-4.746666666666667,-48955000000.0,-48015000000.0,0.0027097249015912666,0.010413914046171955,0.0027097249015912666,0.03757538271223133,0.02020348770305042,0.04032745709102749,0.009244197459101084,-0.0029292312936246233,-0.54,0.36,0.02218570254724733,0.34346754313886607,0,0.0,0.0,305500000.0,107000000.0,0.0,24.700082169268693,0.0,0,24.700082169268693,24.700082169268693,-1747000000.0,13737806179.77528,7967000000.0,-62487000000.0,Financial Services
2001-12-31,BK,2001,Q4,USD,31219280000.0,30473280000.0,22.357505502567864,9.573760603204525,9.81742268041237,0.0,0.0,0.38620206268148594,9.61631419939577,9.499997627315897,-71.50277008310249,0.662,-6.097560975609756,-36780000000.0,-33704000000.0,0.0040851589015735885,0.01033379808086607,0.00419300490239546,0.05239829032768719,0.023149789865990002,0.041795005449462165,0.010602422605518129,0.09942573947893737,0.024819352811812755,0.9634146341463414,0.05796038151137197,0.28319882611885544,0,0.0,0.02572045664918235,285000000.0,108000000.0,0.0,15.583272193690389,0.0,0,15.583272193690389,15.583272193690389,3850000000.0,-12226284000.0,4233000000.0,-51566000000.0,Financial Services
2002-03-31,BK,2002,Q1,USD,31601940000.000004,31816940000.000004,25.867430894308946,-55.9172934973638,-48.1345537065053,0.0,0.0,0.3325556919838625,-1.5718232044198894,9.963959462943851,-71.37119113573407,0.663003663003663,-10.5,-38051000000.0,-34750000000.0,0.004714830878234934,0.010088464170743454,0.0048570393527525456,0.056971986150456407,0.022912817077710923,0.0402650614598614,0.01145499295296428,-0.02091643740858947,-0.1616871704745167,1.7692307692307692,0.07479674796747968,0.3121951219512195,0,0.0,0.029278839265945114,246000000.0,81500000.0,0.0,18.731707317073173,0.0,0,18.731707317073173,18.731707317073173,-876000000.0,1196523809.5238094,4106000000.0,-51466000000.0,Financial Services
2002-06-30,BK,2002,Q2,USD,25334980000.000004,24091980000.000004,18.734043545878695,5.719843304843306,5.766390617520345,0.0,0.0,0.3405378873787722,11.66759002770083,10.148652735933506,-74.9819944598338,0.659963436928702,-14.025641025641026,-38963000000.0,-35578000000.0,0.004467545325165522,0.010140623413544523,0.00460265449491923,0.054614220877458396,0.02071052928423993,0.036782984992173834,0.014249073810202335,0.16491033345990402,0.008072174738841406,0.8717948717948718,0.026438569206842923,0.3250388802488336,0,0.0,0.029354619144854897,252000000.0,62000000.0,0.0,17.356143079315707,0.0,0,17.356143079315707,17.356143079315707,5421000000.0,891261425.9597806,4238000000.0,-54075000000.0,Financial Services
2002-09-30,BK,2002,Q3,USD,21961660000.0,22233660000.0,20.935649717514124,-7.559897993879633,-7.460959731543624,0.0,0.0,0.3479810790429835,-37.22784810126582,4.762385405454608,-75.05790568654646,0.6422764227642277,-2.1964285714285716,-38044000000.0,-34665000000.0,0.0009754651981182165,0.004375988924050633,0.0010052936984627915,0.011910146238504447,0.009515206263173743,0.01563673307124873,0.0035971779910990336,-0.13569101789209012,-0.013260795647738865,0.6964285714285714,0.03672316384180791,0.3738229755178908,0,0.0,0.029671428747823726,257500000.0,88000000.0,0.0,22.627118644067796,0.0,0,22.627118644067796,22.627118644067796,-3252000000.0,-937967479.6747967,4230000000.0,-54050000000.0,Financial Services
2002-12-31,BK,2002,Q4,USD,18338800000.0,15037800000.0,11.991866028708134,6.125376782077393,6.234577114427861,0.0,0.0,0.33127793777275216,24.55,5.371211850601289,-72.51662049861496,0.6410256410256411,-1.8352941176470587,-37849000000.0,-34082000000.0,0.0012863390789812194,0.004674693026391225,0.0013304064391671656,0.014961101137043686,0.010687601690657595,0.017548838749349604,0.005452919493096605,0.1315244181734901,0.017515274949083504,0.5058823529411764,0.0342902711323764,0.3022328548644338,0,0.0,0.0331232312837664,235500000.0,112000000.0,0.0,14.64114832535885,0.0,0,14.64114832535885,14.64114832535885,5713000000.0,-207487179.4871795,4109000000.0,-52306000000.0,Financial Services
2003-03-31,BK,2003,Q1,USD,15689060000.0,14311060000.0,11.635008130081301,-27.311183206106872,-25.785693693693695,0.0,0.0,0.329675776376284,-1.776271186440678,9.355560969384157,-74.02493074792244,0.6541019955654102,-5.067415730337078,-39220000000.0,-35623000000.0,0.00370845275808317,0.008150653578149637,0.003834754575707155,0.04291533313936573,0.018643753797742357,0.03046722752982556,0.018802911073066197,-0.0353749682900059,-0.05916030534351145,0.34831460674157305,0.025203252032520326,0.3439024390243902,0,0.0,0.03293608890229798,224000000.0,108000000.0,0.0,17.853658536585368,0.0,0,17.853658536585368,17.853658536585368,823000000.0,1370784922.3946786,4254000000.0,-53385000000.0,Financial Services
2003-06-30,BK,2003,Q2,USD,22882970000.0,20281970000.0,14.549476327116212,13.575615796519411,13.92992445054945,0.0,0.0,0.44404326721399895,5.064406779661017,9.7713162166252,-82.44074567243675,0.6541019955654102,-4.295238095238095,-37109000000.0,-32028000000.0,0.0029617284446407776,0.007234080557292132,0.0030847737658290723,0.036361395291507455,0.012177380789105232,0.019722425127830533,0.012891683203710008,0.06362810421898905,0.025435073627844713,0.3619047619047619,0.027259684361549498,0.35724533715925394,0,0.0,0.03988795630697562,244000000.0,128500000.0,0.0,15.7532281205165,0.0,0,15.7532281205165,15.7532281205165,4057000000.0,-2112680709.534368,4140000000.0,-61852000000.0,Financial Services
2003-09-30,BK,2003,Q3,USD,23631100000.0,22824100000.0,15.526598639455782,2282.41,-1201.2684210526315,0.0,0.0,0.37535647556298557,0.038461538461538464,9.054496569780717,-83.73074412532637,0.6649616368286445,-3.4601769911504423,-38112000000.0,-33052000000.0,0.002731293267362096,0.005739308100227416,0.002850220892119139,0.03161863067007175,0.010289648580960894,0.016355071827730477,0.011002450161016626,-0.000804025204074292,2.9,0.25663716814159293,0.019727891156462583,0.3625850340136054,0,0.0,0.04172575714600864,261500000.0,133500000.0,0.0,17.081632653061224,0.0,0,17.081632653061224,17.081632653061224,788000000.0,1011859335.0383632,4251000000.0,-64068000000.0,Financial Services
2003-12-31,BK,2003,Q4,USD,27062100000.0,22927100000.0,15.073701512163051,8.095727401129944,8.18532666904677,0.0,0.0,0.3868679426329227,9.224755700325733,9.896197003684424,-79.69455252918289,0.6545842217484008,-3.813008130081301,-35783000000.0,-30293000000.0,0.0033226186997413337,0.006770083693160616,0.0034765868297378403,0.03642619838633128,0.011575398390660683,0.018656716417910446,0.01134427852975194,0.10350268456623839,0.010946327683615819,0.25203252032520324,0.020381328073635765,0.36028928336620647,0,0.0,0.04428715218026559,246500000.0,103500000.0,0.0,12.662721893491124,0.0,0,12.662721893491124,12.662721893491124,6936000000.0,-2317513859.2750535,4336000000.0,-61391000000.0,Financial Services
2004-03-31,BK,2004,Q1,USD,25743690000.0,21225690000.0,14.169352469959946,9.960436414828719,10.180187050359713,0.0,0.0,0.3607584017666138,5.854395604395604,10.986000789948555,-81.78761348897535,0.7695560253699789,-3.9747899159663866,-37053000000.0,-31523000000.0,0.003928679359323058,0.006981934514642068,0.0041125296576658005,0.041552511415525115,0.013653004294985345,0.018623154981549817,0.014139387166330855,0.08099072044450505,0.021586109807602064,0.3865546218487395,0.030707610146862484,0.38317757009345793,0,0.0,0.04470491732504425,261500000.0,120000000.0,0.0,18.56475300400534,0.0,0,18.56475300400534,18.56475300400534,6603000000.0,1251422832.9809725,4618000000.0,-62981000000.0,Financial Services
2004-06-30,BK,2004,Q2,USD,24125000000.0,19617000000.0,12.361058601134216,14.906534954407295,15.92288961038961,0.0,0.0,0.38952382449576334,3.547169811320755,11.092560253778396,-82.95628238341969,0.6566371681415929,-4.913043478260869,-38833000000.0,-33264000000.0,0.00380372375328084,0.007834353376658885,0.003973396450718103,0.04223107569721116,0.01346160402491708,0.02196020633750921,0.015378238341968912,0.05106735751295337,0.06382978723404255,0.7304347826086957,0.052930056710775046,0.3591682419659735,0,0.0,0.04270218175853018,293000000.0,147000000.0,0.0,15.708884688090738,0.0,0,15.708884688090738,15.708884688090738,5740000000.0,1735486725.6637168,4620000000.0,-63973000000.0,Financial Services
2004-09-30,BK,2004,Q3,USD,23870240000.0,20119240000.0,13.175664702030124,-628.72625,-162.25193548387097,0.0,0.0,0.3523804812084632,-0.0903954802259887,11.00007977610496,-81.40155440414507,0.6579925650557621,-4.045112781954887,-39271000000.0,-33675000000.0,0.003799302387979608,-0.0013318581518632906,0.003977304645806415,0.0390987408880053,-0.002417900401090298,-0.003903368576346201,0.014830181849868288,-0.005194752964360643,-2.875,0.6917293233082706,0.06024885396201703,0.3693516699410609,0,0.0,0.04475449423128522,316500000.0,155000000.0,0.0,20.98231827111984,0.0,0,20.98231827111984,20.98231827111984,3627000000.0,391486988.84758365,4884000000.0,-62753000000.0,Financial Services
2004-12-31,BK,2004,Q4,USD,27308820000.0,23089820000.0,13.47917104495038,-339.55617647058824,-213.79462962962964,0.0,0.0,0.3747275969094631,-0.19373219373219372,11.109596770169778,-81.2091439688716,0.5545023696682464,-5.601769911504425,-37874000000.0,-32507000000.0,0.0037131462302573814,0.00010655073946213187,0.003888808872245427,0.03778256189451023,0.00015977032020671888,0.00029449009040845775,0.012852990352567411,-0.003954766262328434,-0.5882352941176471,0.35398230088495575,0.023350846468184472,0.35960303561004087,0,0.0,0.045171323086037087,320500000.0,143500000.0,0.0,14.973730297723293,0.0,0,14.973730297723293,14.973730297723293,4111000000.0,-1388443917.8515007,5020000000.0,-62541000000.0,Financial Services
2005-03-31,BK,2005,Q1,USD,23739090000.0,21514090000.0,17.663456486042694,-50.032767441860464,-48.23786995515695,0.0,0.0,0.3437284348197562,-1.1345646437994723,11.572139147854076,-86.07036316472114,0.6696113074204947,-3.1797752808988764,-39942000000.0,-34592000000.0,0.003925955851124439,0.008824175939204254,0.0041080893590730245,0.040599892876272095,0.015068935722249788,0.023629992992291522,0.015965228658722807,-0.0187875777883651,-0.037209302325581395,0.0898876404494382,0.013136288998357963,0.5073891625615764,0,0.0,0.044335332566787865,299000000.0,113500000.0,0.0,23.12807881773399,0.0,0,23.12807881773399,23.12807881773399,1779000000.0,2110809187.279152,5055000000.0,-66282000000.0,Financial Services
2005-06-30,BK,2005,Q2,USD,23332500000.0,23373500000.0,21.095216606498195,-81.15798611111111,-74.43789808917198,0.0,0.0,0.36302614388899734,-0.7236180904522613,12.038414101180893,-90.84934640522876,0.7881188118811882,-4.902912621359223,-42418000000.0,-37091000000.0,0.0038617156496511843,-0.009559118236472946,0.0040289109792885636,0.04202301763277373,-0.020228498468058038,-0.02615848642720044,0.017057752062573664,-0.013457623486553091,-0.09027777777777778,0.2524271844660194,0.023465703971119134,0.5243682310469314,0,0.0,0.04149888902904049,322000000.0,118500000.0,0.0,26.886281588447652,0.0,0,26.886281588447652,26.886281588447652,-355000000.0,2467948514.8514853,5194000000.0,-69417000000.0,Financial Services
2005-09-30,BK,2005,Q3,USD,23720370000.0,25317370000.0,22.68581541218638,49.544755381604695,52.52566390041494,0.0,0.0,0.3155496141459561,1.313624678663239,12.050301139239235,-93.92279894875165,0.7938775510204081,-5.50561797752809,-45056000000.0,-39590000000.0,0.0038224947428414204,-0.009012395705686207,0.003996301623176495,0.04048709408825978,-0.018903151170964725,-0.025683120930491403,0.016399406923247824,0.020320087755798074,0.05675146771037182,0.3258426966292135,0.025985663082437275,0.5241935483870968,0,0.0,0.04349193247253503,344000000.0,127500000.0,0.0,28.79032258064516,0.0,0,28.79032258064516,28.79032258064516,-1115000000.0,2657075510.2040815,5182000000.0,-71386000000.0,Financial Services
2005-12-31,BK,2005,Q4,USD,25792640000.0,24681640000.0,18.26916358253146,-27.272530386740332,-25.576829015544043,0.0,0.0,0.391991325226551,-2.234567901234568,12.416979174097992,-94.35700261780104,0.6661184210526315,-4.943089430894309,-31400000000.0,-25720000000.0,0.0039660001175111145,0.010515783484726609,0.00415631863056998,0.04100850546780073,0.013688064471868216,0.021238657526647383,0.01570215379270986,-0.03741377385176547,-0.06629834254143646,0.4878048780487805,0.04441154700222058,0.4789045151739452,0,0.0,0.04579016431970857,360000000.0,147500000.0,0.0,24.182087342709103,0.0,0,24.182087342709103,24.182087342709103,146000000.0,-13674932565.789474,5200000000.0,-71998000000.0,Financial Services
2006-03-31,BK,2006,Q1,USD,29179108200.000004,28506108200.000004,7.583428624634212,52.594295571955726,56.89841956087825,0.0,0.0,0.34586990037950666,1.2843601895734598,12.8209739733809,-91.99896314857217,0.788785046728972,-4.572649572649572,-44125000000.0,-38322000000.0,0.004072926619760451,0.011150591311871443,0.004268360524745365,0.04177804177804178,0.02019607190998926,0.03172451943023095,0.014462402247098147,0.017169818781507515,0.07564575645756458,0.3504273504273504,0.010907156158552806,0.16068103218941207,0,0.0,0.04578664427522174,370500000.0,167000000.0,0.0,9.050279329608939,0.0,0,9.050279329608939,9.050279329608939,1174000000.0,12722271028.037384,5357000000.0,-70179000000.0,Financial Services
2006-06-30,BK,2006,Q2,USD,25802280000.000004,21224280000.000004,5.471585460170148,10.278101694915255,10.491487889273358,0.0,0.0,0.4004667207792208,4.609375,13.31745085797193,-99.52579365079364,0.7580372250423012,-5.794117647058823,-35454000000.0,-29822000000.0,0.004114583811684316,0.01129454285337801,0.004298929106053046,0.04455051710421639,0.015282756399507666,0.02412302743994371,0.017362806697702682,0.07840392399431367,0.020338983050847456,0.4117647058823529,0.01082753286929621,0.16911575148234081,0,0.0,0.04288167816239748,386000000.0,181500000.0,0.0,9.1415313225058,0.0,0,9.1415313225058,9.1415313225058,6601000000.0,-8678482233.502539,5387000000.0,-75143000000.0,Financial Services
2006-09-30,BK,2006,Q3,USD,26680162020.0,18450162020.0,4.900441439575033,8.557589063079778,8.723480860520095,0.0,0.0,0.4821774404606124,6.125,12.752881908526115,-96.13402134054957,0.8341232227488151,-3.322834645669291,-29679000000.0,-23997000000.0,0.003300949022844068,0.01006881127706863,0.0034522326726361525,0.033629502245151426,0.01488257709730047,0.02199874292897549,0.013193323179077157,0.07927238216973917,0.019016697588126158,0.31297709923664124,0.010889774236387782,0.17104913678618858,0,0.0,0.04382197381747252,400000000.0,196500000.0,0.0,9.705179282868526,0.0,0,9.705179282868526,9.705179282868526,10345000000.0,-5774682464.454976,5794000000.0,-68533000000.0,Financial Services
2006-12-31,BK,2006,Q4,USD,31328255009.999996,26180255009.999996,13.903481152416354,-17.68936149324324,-16.601303113506656,0.0,0.0,0.7759450454526757,-0.8272778088317496,28.570163459993207,-51.12809146212322,2.8762057877813505,0.23904688700999233,-16341000000.0,-8442000000.0,0.01733426351181133,0.024685239370574052,0.018566372967194912,0.1565316300638726,0.05682943420713348,0.08555478479172861,0.05710499992511393,-0.05033794571375331,-0.06554054054054054,0.6736111111111112,0.05151354221986192,0.3908656399362719,0,0.0,0.06636242078948898,4884500000.0,3733500000.0,0.0,447.51460435475303,0.0,0,447.51460435475303,447.51460435475303,3571000000.0,-11504739549.839228,4580000000.0,-35185000000.0,Financial Services
2007-03-31,BK,2007,Q1,USD,30522118059.999996,26961118059.999996,14.17514093585699,13.171039599413774,13.548300532663315,0.0,0.0,0.32210497835497837,4.716589861751152,14.939842314998073,-94.3385665221426,0.6728682170542636,-5.078740157480315,-45099000000.0,-37457000000.0,0.004346606842400448,0.012174101470544782,0.004653157499731961,0.03765073306150776,0.024562636127309773,0.03709483793517407,0.014219196687033586,0.06519862075390977,0.02784562774792379,0.44881889763779526,0.02996845425867508,0.4137749737118822,0,0.0,0.0658801378094704,4886000000.0,7002500000.0,0.0,19.353312302839118,0.0,0,19.353312302839118,19.353312302839118,5551000000.0,28741955038.75969,4949000000.0,-66892000000.0,Financial Services
2007-06-30,BK,2007,Q2,USD,31173669360.0,19174669360.0,143.09454746268656,-19.11731740777667,-18.038259040451553,0.0,0.0,0.5102207145689237,-2.147751605995717,15.332737025817416,-97.74783278833108,1.909871244635193,-2.3535353535353534,-44470000000.0,-36794000000.0,0.003522436734661569,0.002484735676294649,0.003715268501202244,0.03761940992476118,0.0011058331134167624,0.007907251596927147,0.014274867512741207,-0.03409929026077282,-0.05982053838484546,2.0689655172413794,0.44776119402985076,5.611940298507463,0,0.0,0.051902511616125635,2608000000.0,7319500000.0,0.0,3228.5820895522384,0.0,0,3228.5820895522384,3228.5820895522384,10936000000.0,-604446351.9313304,5272000000.0,-68178000000.0,Financial Services
2007-09-30,BK,2007,Q3,USD,50553663450.0,35738663450.0,9.927406513888888,11.157871823290664,11.573401376295337,0.0,0.0,0.41980327758691655,5.0046875,18.148545090922692,-94.40259872996405,0.7158836689038032,-3.9910714285714284,-69073000000.0,-45054000000.0,0.0034787902506903225,0.004137864359259438,0.003959073082014673,0.022101737058396933,0.006794893987427854,0.00988894194482525,0.012659814468895825,0.06108360481242235,0.035903840149859506,0.5133928571428571,0.03194444444444444,0.35555555555555557,0,0.0,0.12131193877329159,4766500000.0,7908500000.0,0.0,118.15,0.0,0,118.15,118.15,17903000000.0,24551140939.597317,6639000000.0,-105037000000.0,Financial Services
2007-12-31,BK,2007,Q4,USD,55307492800.0,38834492800.0,11.188272198213772,-140.1967249097473,-108.47623687150838,0.0,0.0,0.8501157068369559,0.48257839721254353,16.351909630111827,-50.0782434672215,0.5058365758754864,-2.734042553191489,-20467000000.0,4516000000.0,0.0026308333670619663,0.009883970777825527,0.002981582991215798,0.017685270210522734,0.01906081164118064,0.030865409793139564,0.009401981063947271,-0.00647290234787139,-0.2924187725631769,0.2154255319148936,0.023336214347450302,0.3941227312013829,0,0.0,0.11763872586716315,7660500000.0,7747500000.0,0.0,274.7191011235955,0.0,0,274.7191011235955,274.7191011235955,16115000000.0,-48567031128.40467,6151000000.0,-52168000000.0,Financial Services
2008-03-31,BK,2008,Q1,USD,47333504400.0,25295504400.0,6.754473805073431,27.950833591160222,30.04216674584323,0.0,0.0,0.456390397196749,1.2082777036048065,19.2740181955485,-97.856569806397,1.0,-3.2294372294372296,-78189000000.0,-53541000000.0,0.003640178593212482,0.003720897883956671,0.004098878577590233,0.026198419666374012,0.006109092058962495,0.012258191221236621,0.015760506420479613,0.0177886681046164,0.06961325966850829,0.2727272727272727,0.016822429906542057,0.4283044058744993,0,0.0,0.11190865396345183,5659000000.0,7652500000.0,0.0,17.375166889185582,23181.0,0,17.375166889185582,-23163.624833110815,22880000000.0,57769235924.932976,5541000000.0,-110816000000.0,Financial Services
2008-06-30,BK,2008,Q2,USD,42942837990.0,18623837990.0,5.686668088549618,19.68693233615222,20.71617129032258,61.668337715231786,-80.52649006622516,0.5078183332376084,3.0915032679738563,12.41548292722227,-90.83555256427988,1.0,-1.292887029288703,-68555000000.0,-44019000000.0,0.001535594483786806,0.0014870986803230254,0.0017321890048041617,0.010815919353145017,3.0340590712212876e-05,0.004875922308151832,0.007195611991735529,0.020934806409612428,0.049682875264270614,0.1934156378600823,0.014351145038167938,0.4247328244274809,0,0.0,0.11349484408000994,2740000000.0,8661500000.0,0.0,130.7267175572519,47980.0,0,130.7267175572519,-47849.27328244275,25218000000.0,-9374546925.566343,5731000000.0,-101923000000.0,Financial Services
2008-09-30,BK,2008,Q3,USD,37253438100.0,-24475561900.0,-6.785573024674244,76.96717578616352,63.90486135770235,-80.24774393442623,-202.39016393442623,0.5906554608570271,-1.0495049504950495,11.977502429481275,-106.63586792543586,1.0,-1.3710407239819005,-82898000000.0,-58842000000.0,0.0011326679376471908,0.001301374977332608,0.0012360687303167273,0.011012975684222005,0.00421601325372731,0.004692596467474922,0.00813347748432379,-0.010280930285465383,-0.20440251572327045,0.2914798206278027,0.018020515663986693,0.4155808150817854,0,0.0,0.08365294755336249,5481000000.0,10283500000.0,0.0,154.823953423898,123423.75,0,154.823953423898,-123268.9260465761,61346000000.0,14314366336.633663,5135000000.0,-120381000000.0,Financial Services
2008-12-31,BK,2008,Q4,USD,32433288869.999996,-47996711130.0,-20.555336672376875,-34.755040644460536,-38.30543585794094,0.0,0.0,0.8902175563159063,0.9732205778717407,5.41973676765778,-52.96072198798259,-1.2448979591836735,0.2578947368421053,-18802000000.0,5245000000.0,0.00025682912863350064,0.0019048675107223051,0.0002835218056155909,0.0021746880570409984,-0.013183861418704089,0.007260815747365879,0.0018807836678081547,0.03863314648792816,0.09268645908761766,0.6736842105263158,0.05481798715203426,0.4942184154175589,0,0.0,0.09414682205530668,8861500000.0,10122500000.0,0.0,443.94860813704497,0.0,0,443.94860813704497,443.94860813704497,81683000000.0,-63755142857.14286,5728000000.0,-56959000000.0,Financial Services
2009-03-31,BK,2009,Q1,USD,32376477500.0,-23743522500.0,-8.15648316729646,55.86711176470588,43.09169237749546,-73.73764751552795,-174.28571428571428,0.5965438848327919,-1.0365853658536586,13.353491699734452,-77.23001212840403,0.6451048951048951,-3.7880794701986753,-58742000000.0,-35502000000.0,0.0018134638634152095,0.0014603505748429669,0.0020279628041944206,0.013080467919177597,0.0038712813999352944,0.00556313816278226,0.011397163264595415,-0.017018528343609955,-0.2964705882352941,0.8289473684210527,0.04328409481277912,0.4854002061147372,0,0.0,0.10577064842390824,6009000000.0,4637000000.0,0.0,15.458605290278255,0.0,0,15.458605290278255,15.458605290278255,55569000000.0,40013501748.25175,6715000000.0,-88386000000.0,Financial Services
2009-06-30,BK,2009,Q2,USD,34324384110.0,-8283615890.0,-2.801358096043287,-11.22441177506775,-12.235769409158051,-31.02477861423221,-159.58052434456928,0.5292781104924332,1.3616236162361623,13.578233507858796,-85.70393508220182,2.340909090909091,-1.0,-67124000000.0,-43722000000.0,0.0020294366835458,0.0013136854535166916,0.0022725392316390414,0.015104854084176566,0.0039652469486397834,0.0044195054126526965,0.012003128699400865,0.019723587692947537,0.08265582655826559,0.3465909090909091,0.020629015894487658,0.4700710179235712,0,0.0,0.10697397198195181,514500000.0,0.0,0.0,16.1007778153534,0.0,0,16.1007778153534,16.1007778153534,43285000000.0,8421000000.0,5587000000.0,-100234000000.0,Financial Services
2009-09-30,BK,2009,Q3,USD,34713031860.0,-11492968140.0,7.626388944923689,-5.212230448979592,-5.446904331753554,4.712164059040591,18.944649446494466,0.5409995213407851,-0.9044298605414274,,-86.53544221129869,1.0,1.4544378698224851,-68084000000.0,-44806000000.0,-0.011593956803313097,-0.011753678747238079,-0.012908918077211926,-0.08687047181480827,-0.013914379726164229,-0.03830328538224763,-0.07080914193589544,0.060784088480365886,0.04308390022675737,0.49222797927461137,-0.0630391506303915,-0.8307896483078965,0,0.0,0.10186456107581353,614000000.0,0.0,0.0,-41.74518911745189,0.0,0,-41.74518911745189,-41.74518911745189,48316000000.0,328890154.59723353,6720000000.0,-103444000000.0,Financial Services
2009-12-31,BK,2009,Q4,USD,33580865910.0,-12744134090.0,-4.452877040531098,-10.090367450514648,-10.386417351263244,0.0,0.0,0.8743548501702098,2.8574660633484164,16.377435281793506,-43.35675489733076,0.8824404761904762,-3.518324607329843,-19451000000.0,4583000000.0,0.0027942174306393244,0.003215229438678456,0.003124473107401787,0.02046450633260862,0.0119063779357897,0.011878428981973351,0.01765886566443218,0.036538664705325935,0.028503562945368172,0.18848167539267016,0.012578616352201259,0.22536687631027252,0,0.0,0.10569963811821471,5126000000.0,5360500000.0,0.0,300.40880503144655,0.0,0,300.40880503144655,300.40880503144655,47552000000.0,-48680653273.809525,6571000000.0,-47863000000.0,Financial Services
2010-03-31,BK,2010,Q1,USD,37525900960.0,-8985099040.0,-2.6749327299791603,-7.544163761544921,-7.833564986922406,-14.950247986688852,-77.38935108153078,0.542503080925647,1.9816971713810316,15.900003600973173,-91.3787414099704,1.0,-4.946902654867257,-66822000000.0,-43713000000.0,0.0025345611672583667,0.0027774247588238693,0.0028086923753297324,0.018832328268705994,0.004128853195567494,0.008068088762400828,0.014896377853681784,0.030565555274012533,0.036943744752308987,0.3893805309734513,0.013099136647811848,0.40666865138434055,0,0.0,0.09760100838354847,5150500000.0,5360500000.0,0.0,20.041679071152128,0.0,0,20.041679071152128,20.041679071152128,47658000000.0,47571153846.15385,8929000000.0,-110858000000.0,Financial Services
2010-06-30,BK,2010,Q2,USD,29740512330.0,-28497487670.0,-8.79552088580247,21.3784603675919,20.785913690736688,-42.660909685628745,-87.18263473053892,0.6225259485171379,-1.9955089820359282,17.611042616452792,-90.08457051015435,1.0,-4.569444444444445,-60152000000.0,-37144000000.0,0.0027917672565583194,0.0029282576866764276,0.0030714222365368546,0.021647585208580077,0.0045457757495728,0.008750442106917828,0.022124702920341383,-0.046098735112139876,-0.028507126781695424,0.2638888888888889,0.011728395061728396,0.4089506172839506,0,0.0,0.09105064639170446,3378000000.0,0.0,0.0,166.88888888888889,0.0,0,166.88888888888889,166.88888888888889,56867000000.0,-6479471124.620061,9645000000.0,-105386000000.0,Financial Services
2010-09-30,BK,2010,Q3,USD,31868357040.0,32832357040.0,9.59169063394683,10.832186420323326,10.969715015035082,52.531771264,1.5424,1816.111111111111,4.8496,17.393097729511258,-157.15541387068632,1.0,-3.9871794871794872,16336000000.0,41904000000.0,0.0024473061926289655,0.0025518015719097685,0.0027012238020376433,0.01934500668677884,0.009637556527865139,0.0024591970033208998,0.019517793126871533,0.0939176122648336,0.012537116463213462,0.24358974358974358,0.011101373064563248,0.42418930762489043,0,0.0,0.09400095216736112,3294000000.0,0.0,0.0,15.249780893952671,0.0,0,15.249780893952671,15.249780893952671,2029000000.0,-76307823151.1254,22398000000.0,-191523000000.0,Financial Services
2010-12-31,BK,2010,Q4,USD,37223553600.0,-10213446400.0,-3.027103260225252,-8.797111455641689,-9.717836726926736,0.0,0.0,0.9221776227764251,1.8605769230769231,18.03762062475365,-40.54218509648149,0.7,-4.4907407407407405,-14192000000.0,12135000000.0,0.002746108331749299,0.004938015539990746,0.0030499719258843348,0.020986585893552574,0.01276161948678343,0.019076970490792818,0.01824113858919692,0.028234810982689196,0.09474590869939707,0.5092592592592593,0.03260225251926497,0.33313574392412565,0,0.0,0.09962832495480448,5240000000.0,4981000000.0,0.0,264.0782454060462,0.0,0,264.0782454060462,264.0782454060462,48488000000.0,30376010309.27835,8523000000.0,-45930000000.0,Financial Services
2011-03-31,BK,2011,Q1,USD,36861850120.0,-26767149880.0,-7.341511212287438,-62.83368516431925,-102.16469419847328,-42.827439808,-101.8064,0.5737372523692945,0.6816,17.524168720941145,-95.48885157802275,0.6585879873551106,-5.185792349726776,-85143000000.0,-59708000000.0,0.002345708666736725,0.005512913103485866,0.0025755034594162466,0.0187924709844248,0.01385611654467373,0.021229067030479304,0.016955198883544263,0.007107619371981755,0.38497652582159625,0.8961748633879781,0.044980800877674164,0.424026330224904,0,0.0,0.08922325141493147,5223000000.0,10256000000.0,0.0,13.477783872737247,36519.23076923077,0,13.477783872737247,-36505.752985358034,63891000000.0,71028800842.99263,10367000000.0,-117704000000.0,Financial Services
2011-06-30,BK,2011,Q2,USD,31523001720.0,-63797998280.0,-16.570908644155843,-111.73029471103328,-173.36412576086957,-86.79999765986395,-129.68843537414966,0.6243920418919148,0.7768707482993197,19.229688080569915,-99.77275793518562,0.7108317214700194,-5.6502732240437155,-88657000000.0,-63223000000.0,0.0024121612308257794,0.002573754705418892,0.002615649054629699,0.02171280021269682,0.007054453619035695,0.010703363914373088,0.023316307454745777,0.011674015161015574,0.3555166374781086,1.1092896174863387,0.05272727272727273,0.43272727272727274,0,0.0,0.0777963020091498,587000000.0,11031000000.0,0.0,14.68051948051948,38373.333333333336,0,14.68051948051948,-38358.652813852816,95689000000.0,3473024177.94971,11018000000.0,-122604000000.0,Financial Services
2011-09-30,BK,2011,Q3,USD,22570602340.0,-74103397660.0,-20.060475814834867,44.10916527380952,39.14601038563127,0.0,0.0,0.6166248972472281,-2.5806451612903225,18.297877857263373,-110.40225643796443,0.6888888888888889,-4.947643979057592,-95608000000.0,-70478000000.0,0.002020565696319218,0.0020769094566377355,0.002178991973544159,0.019320373942721472,0.005745499814382171,0.008942062031262877,0.028842827949092296,-0.08387015869067853,-0.12678571428571428,1.1151832460732984,0.057661072008662696,0.4250135354629128,0,0.0,0.07270622340442041,636500000.0,12304500000.0,0.0,15.714672441797509,45335.769230769234,0,15.714672441797509,-45320.054558327436,94781000000.0,6794794708.994709,11104000000.0,-133881000000.0,Financial Services
2011-12-31,BK,2011,Q4,USD,23991430540.0,-78363569460.0,-26.226094196787148,-27.07794383552177,-27.6707519279661,0.0,0.0,0.9309125095481521,5.7306930693069305,16.1709596331021,-47.18488224837634,0.7329462989840348,-3.146118721461187,-17637000000.0,8086000000.0,0.0015525754305706714,0.0030087126015324664,0.0016764932409104188,0.015112068707544064,0.008860989473478258,0.013918063474371615,0.021049182505313,0.11804214822781468,0.021423635107118175,0.2831050228310502,0.020749665327978582,0.46251673360107093,0,0.0,0.07391488812233679,5347500000.0,12884000000.0,0.0,302.71084337349396,0.0,0,302.71084337349396,302.71084337349396,105187000000.0,-78078933236.57475,10159000000.0,-53417000000.0,Financial Services
2012-03-31,BK,2012,Q1,USD,28809555030.0,-40654444970.0,-11.468108595204514,-356.6179383333333,2710.2963313333335,-34.336524467905406,-58.66891891891892,0.5245094117993777,0.1841680129240711,18.226228616252428,-118.02001120667778,0.6585106382978724,1.0621468926553672,-112939000000.0,-88150000000.0,0.0020621716433076036,0.0035399362044017365,0.0022338909038416427,0.018205882352941176,0.010189602028993473,0.01767015706806283,0.021485927129225778,-0.0005206605927922241,1.131578947368421,0.431438127090301,0.036389280677009875,0.40987306064880114,0,0.0,0.07687002988316581,5324500000.0,12815000000.0,0.0,15.207334273624824,48596.25,0,15.207334273624824,-48581.042665726374,69449000000.0,96058547872.34042,11755000000.0,-140758000000.0,Financial Services
2012-06-30,BK,2012,Q2,USD,25930632500.0,-62941367500.0,-17.911601451337507,-242.0821826923077,-557.0032522123894,0.0,0.0,0.5487947848683523,0.5579399141630901,16.107301429888036,-125.33796080755069,0.7911714770797963,-1.9698996655518395,-120849000000.0,-96267000000.0,0.0014109112488381176,0.0028614390944909367,0.0015158809675614485,0.013494338748443517,0.010380590482396798,0.014444248722917033,0.017971023267558166,0.004357780320244792,0.5653846153846154,0.4916387959866221,0.04183266932270916,0.4026750142287991,0,0.0,0.06924667633514289,613500000.0,13132000000.0,0.0,16.084234490608992,0.0,0,16.084234490608992,16.084234490608992,88985000000.0,7608210526.315789,12514000000.0,-147911000000.0,Financial Services
2012-09-30,BK,2012,Q3,USD,26820624820.0,-57483375180.0,-16.11984721817162,-63.94146293659622,-79.6168631301939,0.0,0.0,0.5278071012034334,1.24,20.780579682272332,-135.03356490782903,0.7435897435897436,-3.1150159744408947,-129718000000.0,-105162000000.0,0.0021327042101051937,0.0038673464363566373,0.002286503636329231,0.020017670771439615,0.012625992007435305,0.019868158822627626,0.0270314358768917,0.02691958165947008,0.19688542825361513,0.5654952076677316,0.049635445877734156,0.4026920919798093,0,0.0,0.06726401995622809,586500000.0,13490000000.0,0.0,13.754907459338193,0.0,0,13.754907459338193,13.754907459338193,85026000000.0,8546230769.23077,14273000000.0,-157809000000.0,Financial Services
2012-12-31,BK,2012,Q4,USD,29901693000.0,-81170307000.0,-22.069142740619903,-228.00648033707864,-517.0083248407643,463.8303257142857,634.6971428571428,0.940887660658349,0.5677830940988836,19.608799819620344,-51.41965122175524,0.7444314185228605,-2.546268656716418,-16663000000.0,8997000000.0,0.001768851500041784,0.0028471930110711453,0.0018955846311371418,0.01743021053498394,0.008878970230081044,0.012904815636226865,0.021236255753144143,0.005250538824005718,0.5589887640449438,0.5940298507462687,0.05410549211528004,0.3961392060902664,0,0.0,0.06685701551575253,5423000000.0,14885000000.0,0.0,252.0636215334421,0.0,0,252.0636215334421,252.0636215334421,111229000000.0,-113411704572.09848,13441000000.0,-56324000000.0,Financial Services
2013-03-31,BK,2013,Q1,USD,32107577760.0,-62022422240.0,-16.978489526416645,22.602923556851312,21.610600083623694,413.4828149333333,627.5333333333333,0.9197838397520681,10.845849802371541,,-55.113155007430244,-0.30666666666666664,-2.4774774774774775,-22622000000.0,2748000000.0,-0.0007107899601620489,0.0026575954076751354,-0.0007615985743356331,-0.007088820397870552,-0.00330362419238934,0.012850167052171678,-0.007879759784158816,-0.08938699834203874,-0.04591836734693878,0.3783783783783784,0.03449219819326581,0.40295647413085134,0,0.0,0.06671311618184986,10360500000.0,15540500000.0,0.0,256.7205036955927,0.0,0,256.7205036955927,256.7205036955927,91260000000.0,6014661818.181818,12928000000.0,-59877000000.0,Financial Services
2013-06-30,BK,2013,Q2,USD,32812956150.0,-61170043850.0,-15.126123602868446,-34.26893212885154,-37.00547117362371,353.58406849710985,543.2543352601156,0.8960423940835235,2.1124260355029585,22.635259422266607,-57.58972534694958,0.6898527004909983,-3.2761394101876675,-30250000000.0,-4980000000.0,0.0023383864301466,0.003707182806264804,0.002502746192441291,0.023493673708265984,0.0116693514449319,0.019102141798880912,0.025691071421493978,0.05037644253823196,0.07394957983193277,0.353887399463807,0.032640949554896145,0.3731454005934718,0,0.0,0.06567176599492379,10371500000.0,15126500000.0,0.0,229.74035608308603,0.0,0,229.74035608308603,229.74035608308603,95636000000.0,7319475450.081833,13256000000.0,-62840000000.0,Financial Services
2013-09-30,BK,2013,Q3,USD,34679977560.0,-78212022440.0,-20.685538862734727,-86.5177239380531,-99.00256005063291,0.0,0.0,0.8777477032762065,0.9224489795918367,24.787799699982685,-63.210353400816906,0.9730538922155688,-2.9043478260869566,-36901000000.0,-11570000000.0,0.0026213059749645115,0.004169528040553917,0.0028001952956719033,0.02638058389025677,0.018336596327645335,0.021780370565833203,0.02811420504275551,0.022779714855155748,0.1261061946902655,0.33043478260869563,0.03015075376884422,0.40095212906638455,0,0.0,0.063884587258571,10514000000.0,15280000000.0,0.0,254.81354139116635,0.0,0,254.81354139116635,254.81354139116635,113682000000.0,6279541916.167665,14221000000.0,-69027000000.0,Financial Services
2013-12-31,BK,2013,Q4,USD,39931563340.0,-75916436660.0,-21.05865094590846,129.32953434412266,92.13159788834952,0.0,0.0,0.8864489741182782,-1.0890538033395176,18.659091325258057,-66.03821462102566,0.7403846153846154,-2.1538461538461537,-33870000000.0,-8439000000.0,0.0014391908489890953,-0.0002759662838862483,0.0015367508695900097,0.014374483291996693,-0.0009149201577673314,-0.0013510677370271262,0.013498094111934663,-0.020635305284293436,-0.403747870528109,0.7011834319526628,0.06574202496532594,0.42219140083217754,0,0.0,0.06348460412906258,9785500000.0,15500000000.0,0.0,221.34257975034677,0.0,0,221.34257975034677,221.34257975034677,115024000000.0,-3444142857.142857,14734000000.0,-71596000000.0,Financial Services
2014-03-31,BK,2014,Q1,USD,40182782050.0,-59423217950.0,-16.213702032742155,56.32532507109005,47.31147925955414,0.0,0.0,0.8726725832591785,-1.5652818991097923,21.078739945204767,-66.65817704376694,0.7278617710583153,-2.780780780780781,-37632000000.0,-12267000000.0,0.0018303230764635118,0.003734734240135064,0.00195652110807602,0.01774337913968304,0.012577145552493733,0.01908155403918116,0.016773353302450097,-0.03125716876539662,-0.190521327014218,0.6036036036036037,0.054843110504774896,0.41227830832196455,0,0.0,0.0645012369616637,10001000000.0,16264500000.0,0.0,273.462482946794,0.0,0,273.462482946794,273.462482946794,98350000000.0,3386429805.615551,15217000000.0,-71351000000.0,Financial Services
2014-06-30,BK,2014,Q2,USD,42485678880.0,-78690321120.0,-20.944988320468457,-22.875093348837208,-24.1307332474701,0.0,0.0,0.8742453432154514,5.961871750433276,19.67808957846089,-70.7927089618863,0.7114673242909988,-2.5910543130990416,-40993000000.0,-15576000000.0,0.0014398363028397464,0.0040261072770328525,0.0015308572535306557,0.015055054010332412,0.01332440472205524,0.020705152212294686,0.01358104696007626,0.07675527580036165,0.05203488372093023,0.5718849840255591,0.047644397125365986,0.38301836571732767,0,0.0,0.05945750361830613,10049000000.0,17032000000.0,0.0,214.68725046579715,0.0,0,214.68725046579715,214.68725046579715,124437000000.0,3027749691.7385945,15647000000.0,-76283000000.0,Financial Services
2014-09-30,BK,2014,Q3,USD,43646618580.0,-53299381420.0,-11.511745447084234,-58.37829290251917,-76.3601453008596,0.0,0.0,0.8770806369566198,0.8430286241920592,27.16165323987273,-69.25464929109292,0.6516245487364621,-5.036363636363636,-38179000000.0,-13295000000.0,0.0028035496096257793,0.006050549148958879,0.002985420233044715,0.0281657174065694,0.01855761950211391,0.03145559753745343,0.024812918737678765,0.015992075049768954,0.23548740416210295,0.6515151515151515,0.04643628509719223,0.31900647948164146,0,0.0,0.060919605690972725,8623500000.0,18698500000.0,0.0,161.0475161987041,0.0,0,161.0475161987041,161.0475161987041,97644000000.0,-3173602888.0866427,16065000000.0,-74275000000.0,Financial Services
2014-12-31,BK,2014,Q4,USD,45465663040.0,-44376336960.0,-12.032629327548808,-37.416810252951095,-44.82458278787879,0.0,0.0,0.8617314531281491,5.090128755364807,12.501566004798503,-75.78622469375517,1.420731707317073,-0.5189873417721519,-42535000000.0,-17813000000.0,0.0006047188835799357,0.00368066832642344,0.0006436908626286346,0.0062231243823615825,0.024743627434495218,0.018280829589196287,0.005124746554229511,0.021774674200374315,0.16526138279932545,0.620253164556962,0.05314533622559653,0.38449023861171366,0,0.0,0.06054455843842379,8669500000.0,20668000000.0,0.0,220.94902386117138,0.0,0,220.94902386117138,220.94902386117138,90832000000.0,3737804878.0487804,15375000000.0,-81509000000.0,Financial Services
2015-03-31,BK,2015,Q1,USD,45012544480.0,-41606455520.0,-10.977956601583113,650.1008675,184.0993607079646,0.0,0.0,0.7955070861393105,-0.0821566110397946,22.866608545901045,-98.48855982735593,0.7146788990825688,-3.2058823529411766,-65104000000.0,-40652000000.0,0.0019519504470192038,0.0039852573525193434,0.002071555075708823,0.020869052721817404,0.01310366106165499,0.01936323092170466,0.017306286702946237,-0.005020822586477342,-2.53125,0.4764705882352941,0.042744063324538256,0.391820580474934,0,0.0,0.05773663953814698,8878000000.0,21570000000.0,0.0,206.6437994722955,0.0,0,206.6437994722955,206.6437994722955,86393000000.0,22220339449.541283,15838000000.0,-106944000000.0,Financial Services
2015-06-30,BK,2015,Q2,USD,46745766300.0,-52822233700.0,-13.572002492291881,-19.578292698295034,-20.730860949764523,0.0,0.0,0.7964322925683779,3.1629542790152403,24.332777864129866,-95.1108377701362,0.7321888412017168,-3.1657608695652173,-64670000000.0,-40103000000.0,0.00215810592682174,0.004305450297227139,0.0022924006783141045,0.02228899921609616,0.01489746800666363,0.022044320686854624,0.018247641819062445,0.054507610029274456,0.05559673832468495,0.4076086956521739,0.03854059609455293,0.368448098663926,0,0.0,0.058582582339457664,8424000000.0,22004500000.0,0.0,188.37101747173688,0.0,0,188.37101747173688,188.37101747173688,102116000000.0,-799817167.3819742,16269000000.0,-102817000000.0,Financial Services
2015-09-30,BK,2015,Q3,USD,42986817450.0,-36773182550.0,-9.705247439957773,-27.21923208734271,-29.751765817152105,0.0,0.0,0.7841496825927163,1.6218487394957983,24.3596650866589,-97.22013509981302,0.7511271415689811,-2.949468085106383,-64604000000.0,-40298000000.0,0.002207376825458236,0.004177964730626112,0.0023502790427338853,0.021823421535237097,0.013851050294368207,0.020673489515953426,0.01937803376509326,0.028753000880738615,0.0851221317542561,0.3058510638297872,0.030351016099234625,0.37925574030087095,0,0.0,0.060802234405929446,8371000000.0,22143000000.0,0.0,204.18052256532067,0.0,0,204.18052256532067,204.18052256532067,80996000000.0,-395389540.12623984,16254000000.0,-103476000000.0,Financial Services
2015-12-31,BK,2015,Q4,USD,44883633600.0,-52407366400.0,-14.708775301712041,-369.06596056338026,1637.7302,0.0,0.0,0.7816466250102253,0.2049062049062049,22.36562215575301,-100.49982550877967,0.7956371986222732,-2.3351206434316354,-69401000000.0,-45207000000.0,0.0017598659149779064,0.003387144670758386,0.0018681007642230398,0.018219102452874832,0.011409584432005536,0.017197334808143058,0.015439926414513819,-0.0007129547550713452,1.2253521126760563,0.46648793565683644,0.048835251192815045,0.41566095986528206,0,0.0,0.05793844278531159,8044500000.0,22068000000.0,0.0,189.27027785573955,0.0,0,189.27027785573955,189.27027785573955,97259000000.0,4388942594.718714,16160000000.0,-106368000000.0,Financial Services
2016-03-31,BK,2016,Q1,USD,39763178030.0,-37107821970.0,-9.975220959677419,-20.68440466555184,-22.544241780072905,0.0,0.0,0.781474780609053,2.1958384332925336,24.627589858980517,-98.0337445502718,0.7488542621448213,-2.9972527472527473,-64619000000.0,-40494000000.0,0.002191112183871054,0.004082697449944564,0.0023334723325012423,0.02124340206453626,0.01249026624105017,0.020281215577010302,0.020546647438079536,0.04139508161943564,0.08249721293199554,0.4065934065934066,0.03978494623655914,0.3922043010752688,0,0.0,0.06100785796658353,7861000000.0,21954000000.0,0.0,199.08870967741933,0.0,0,199.08870967741933,199.08870967741933,78517000000.0,-5142580201.649862,16537000000.0,-102499000000.0,Financial Services
2016-06-30,BK,2016,Q2,USD,41669849550.0,-32142150450.0,-8.491981624834875,96.8137061746988,60.3042222326454,0.0,0.0,0.7723100977019213,-0.38029782359679265,25.658446170887277,-104.57489070775874,0.7493562231759656,-3.0338541666666665,-66115000000.0,-42092000000.0,0.002344561985868173,0.004409430222712457,0.002496232775850878,0.02264062864700848,0.013607384471164342,0.02004196247773793,0.020950399615733674,-0.012791022903993182,-0.6054216867469879,0.5234375,0.05310435931307794,0.3730515191545575,0,0.0,0.060759874419566484,8325000000.0,21590000000.0,0.0,200.23513870541612,0.0,0,200.23513870541612,200.23513870541612,73279000000.0,1065587982.832618,16673000000.0,-108796000000.0,Financial Services
2016-09-30,BK,2016,Q3,USD,42362450240.0,-22957549760.0,-5.733653786213786,-241.65841852631578,450.14803450980395,-13.608506081802016,-38.71962062833432,0.7675866567848275,0.09625126646403243,27.95064385252602,-105.54432674855589,0.7494305239179955,1.0,-68049000000.0,-44180000000.0,0.0026382332657959875,0.00348576289578212,0.0028073029697112772,0.024864592517949365,0.010855147053967371,0.015998327615253133,0.023298935600000837,-0.001203896368389101,1.5368421052631578,0.3945945945945946,0.036463536463536464,0.3663836163836164,0,0.0,0.060224958167831195,7949000000.0,21167000000.0,0.0,168.06443556443557,0.0,0,168.06443556443557,168.06443556443557,65269000000.0,3151000000.0,17842000000.0,-108997000000.0,Financial Services
2016-12-31,BK,2016,Q4,USD,49791073440.0,7802073440.0,2.0165607237012146,1.6639098827042014,1.7898769075476026,5.079474895833333,-27.336588541666668,0.7423087367712634,5.389655172413793,26.228404263113237,-103.17940636870912,0.7552083333333334,1.0,-65476000000.0,-41808000000.0,0.0026089381621679977,0.00322506334945865,0.002796492491256943,0.022416325268609413,0.009583063646170441,0.014373535562218135,0.0174730115238102,0.08754581291067663,0.07037747920665387,0.859375,0.08529335745670716,0.3605582837942621,0,0.0,0.067067703444698,7494500000.0,21074500000.0,0.0,174.74282760403204,0.0,0,174.74282760403204,174.74282760403204,46348000000.0,-1647000000.0,17215000000.0,-105278000000.0,Financial Services
2017-03-31,BK,2017,Q1,USD,49173892340.0,5227892340.0,1.3603675097580015,-4.2399775669099755,-3.4416671099407505,4.47593522260274,-37.625,0.7705554000684144,-1.3373101952277657,27.36776887780276,-98.80993086544021,0.7645107794361525,1.0325342465753424,-59026000000.0,-35357000000.0,0.0027315604854000757,0.003481345146459415,0.0029253682093066053,0.02355766773979253,0.009656876022277973,0.014549078226208271,0.01874978685081654,-0.03089037551669232,-0.23195458231954583,0.8242074927953891,0.07442102524069737,0.3871975019516003,0,0.0,0.06625071103526735,7767500000.0,21146500000.0,0.0,187.89227166276348,29961.5625,0,187.89227166276348,-29773.670228337236,42427000000.0,-5776524046.434494,17469000000.0,-99475000000.0,Financial Services
2017-06-30,BK,2017,Q2,USD,52847995580.0,1238995580.0,0.3126408226091345,-1.991954308681672,-1.171073327032136,0.9664552106084243,-40.25663026521061,0.7834312120920381,-0.637948717948718,28.58869327720627,-102.94628746636752,0.7454128440366973,1.0202808112324493,-58487000000.0,-34404000000.0,0.002747910883136282,0.0037033238920720847,0.0029334600989253004,0.024390854055135837,0.009906479587204258,0.015126308213278586,0.018449138691061025,-0.020019680753992374,-0.7009646302250804,1.260115606936416,0.11001766338632349,0.3613424173605854,0,0.0,0.0632526809745924,8871000000.0,21464000000.0,0.0,220.71915215745645,0.0,0,220.71915215745645,220.71915215745645,50551000000.0,34599388.37920487,18055000000.0,-102742000000.0,Financial Services
2017-09-30,BK,2017,Q3,USD,54893567740.0,2848567740.0,0.7082465788165092,0.5472752622478386,0.5703980256307569,2.12421158836689,-38.810589112602536,0.8060489786705789,5.1129666011787815,29.42620174196521,-98.69684943163433,0.7441520467836257,1.0155902004454342,-51558000000.0,-27410000000.0,0.002872484812230352,0.003781661900813861,0.0030673737495480295,0.0251215359178738,0.009862386035515492,0.015141079634626893,0.018544977889243676,0.0909760506668791,0.04053794428434198,0.6011396011396012,0.05246146195922426,0.36921929388364,0,0.0,0.06353609088113048,8260500000.0,21399000000.0,0.0,152.20785678766782,0.0,0,152.20785678766782,152.20785678766782,57039000000.0,-6083657894.736842,18587000000.0,-99021000000.0,Financial Services
2017-12-31,BK,2017,Q4,USD,55197236080.0,-4428763920.0,-1.2227399006073991,-3.43049103020914,-4.312330983446933,-3.8244938860103628,-51.490500863557855,0.8087493660900434,1.0987234042553191,32.2237775163191,-101.66096164429543,1.614010989010989,1.0,-54306000000.0,-30198000000.0,0.003160658277696781,0.0019197003394592063,0.0033640246905097286,0.028484157959807035,0.01066265102066279,0.007937954126141721,0.021287297760652656,0.018606004085268323,0.20449264136328427,0.6139534883720931,0.07288790723357261,0.44947542794036444,0,0.0,0.06045330564507018,7417000000.0,20680000000.0,0.0,199.58034235229152,0.0,0,199.58034235229152,199.58034235229152,60653000000.0,4095000000.0,19272000000.0,-100366000000.0,Financial Services
2018-03-31,BK,2018,Q1,USD,52395549410.0,-3832450590.0,-0.9411715594302554,4.498181443661972,3.738976185365854,-2.15427239460371,-31.606520517144464,0.71001425960793,-0.7275832621690862,32.609882597944306,-127.81017253198033,0.8109418282548476,1.0,-83785000000.0,-59602000000.0,0.003134393477463684,0.00386124732510012,0.003335080144453685,0.02806269171779141,0.01050747655998937,0.016995594609597372,0.02234922647411934,-0.019562730261291482,-0.20305164319248825,0.5164179104477612,0.042485265225933204,0.38703339882121807,0,0.0,0.060174466069053016,7384000000.0,20178000000.0,0.0,148.88015717092335,51870.857142857145,0,148.88015717092335,-51721.97698568622,55203000000.0,30803000000.0,19643000000.0,-126330000000.0,Financial Services
2018-06-30,BK,2018,Q2,USD,54478953470.0,4888953470.0,1.2125380629960318,2.02022870661157,2.341452811302682,2.8162174366359447,-28.56566820276498,0.7102013246524195,2.1940163191296462,31.771000279581813,-124.38439128114918,0.7912482065997131,1.0,-77227000000.0,-53199000000.0,0.003125283343911506,0.0037521076356629157,0.0033358334442253486,0.026575111432357548,0.010605477330399295,0.01576761565424615,0.020246350741803264,0.0383267274241933,0.1371900826446281,0.9707602339181286,0.08234126984126984,0.36929563492063494,0,0.0,0.06311768972708315,6795000000.0,19647500000.0,0.0,152.99107142857142,50619.705882352944,0,152.99107142857142,-50466.71481092437,51678000000.0,-5440000000.0,19470000000.0,-121924000000.0,Financial Services
2018-09-30,BK,2018,Q3,USD,51890035200.0,-460964800.0,-0.116112040302267,-0.37055048231511256,-0.4956610752688172,-0.27635779376498804,-31.385491606714627,0.7339159907079478,1.1197119711971197,32.23810092150928,-118.9083303994367,0.8328335832083958,1.0,-69871000000.0,-45812000000.0,0.0031763730451439516,0.0037199479719595046,0.0033919210607462227,0.026732435033686237,0.011128983243228956,0.01499197063546685,0.021410661906816363,0.017922516267632055,0.25241157556270094,0.9401197604790419,0.07909319899244333,0.37229219143576825,0,0.0,0.06354747405437859,6748000000.0,18903000000.0,0.0,150.5743073047859,50953.63636363636,0,150.5743073047859,-50803.062056331575,53281000000.0,-6222000000.0,19634000000.0,-115190000000.0,Financial Services
2018-12-31,BK,2018,Q4,USD,48238653960.0,8810653960.0,2.252212157464213,2.767165188442211,3.043403785837651,6.536093442136498,-29.24925816023739,0.8466997716481206,3.6140749148694664,27.694555158064514,-89.61137868988747,0.8637254901960785,1.0,-42294000000.0,-18240000000.0,0.0024278466570949067,-0.001142226893409463,0.0025862246111122526,0.021679216496874845,-0.00336496930958687,-0.004679075221595024,0.01826336200696094,0.06001411238382739,0.09076633165829145,0.8810975609756098,0.07387525562372188,0.40950920245398775,0,0.0,0.06123905608849377,6691500000.0,19207000000.0,0.0,155.08435582822088,0.0,0,155.08435582822088,155.08435582822088,42323000000.0,-26668000000.0,18646000000.0,-88409000000.0,Financial Services
2019-03-31,BK,2019,Q1,USD,49524949620.0,15504949620.0,3.9838000051387463,-16.3381977028451,-12.78231625721352,10.371203759197325,-22.755852842809364,0.7398419689520944,-1.0031712473572938,30.779594845085303,-122.24295171327425,0.7929589270746018,1.0,-67101000000.0,-41859000000.0,0.002733061375429027,0.0014555609621934966,0.0029206545230009264,0.022947240751970892,0.004024566748572254,0.005849809541084709,0.019101483338369116,-0.024492705379959557,-0.2781875658587987,0.8741721854304636,0.06783144912641316,0.39157245632065774,0,0.0,0.06422983139380352,7245000000.0,19520500000.0,0.0,179.19064748201438,0.0,0,179.19064748201438,179.19064748201438,32807000000.0,25801000000.0,19237000000.0,-113840000000.0,Financial Services
2019-06-30,BK,2019,Q2,USD,42303466070.0,2331466070.0,0.5929466098677518,-1.489754677316294,-1.1553350198216055,1.440955543881335,-24.704573547589618,0.7635250293412257,-1.5388397246804326,32.40705482997773,-124.68450436832019,0.7914396887159533,1.0,-69513000000.0,-44336000000.0,0.0026681148469966,0.0016884366836243641,0.002833176863224696,0.024486552861579948,0.004522873738395461,0.007040234827376653,0.02404058330154695,-0.04770294700346288,-0.28945686900958467,1.3603603603603605,0.11520854526958291,0.3613936927772126,0,0.0,0.05826039961381858,7346500000.0,19128000000.0,0.0,158.942014242116,0.0,0,158.942014242116,158.942014242116,37954000000.0,3313000000.0,19628000000.0,-114891000000.0,Financial Services
2019-09-30,BK,2019,Q3,USD,42192865440.0,-9727134560.0,-2.5089333402115037,-1.9144134146821492,-2.075786291079812,-5.993305335797905,-31.99014171287739,0.7442736730784719,4.894990366088632,33.20564918130841,-131.24474960997102,0.8065268065268065,1.0,-73027000000.0,-47800000000.0,0.0027815889894095957,0.0013946039960972298,0.0029565068785781423,0.0252431906614786,0.004133280297850172,0.006004497665551763,0.02460131562944164,0.1110614306739533,0.07774060224365283,1.1755952380952381,0.10188289914882641,0.3814805261800361,0,0.0,0.059163701067615655,6248000000.0,18655000000.0,0.0,128.88315708021668,0.0,0,128.88315708021668,128.88315708021668,56606000000.0,4496000000.0,19392000000.0,-119158000000.0,Financial Services
2019-12-31,BK,2019,Q4,USD,45866936920.0,-25356063080.0,-5.297965541161721,10.261458146499393,9.870012876605683,-11.706400313942751,-32.88227146814405,0.8523341947764708,-1.7159722222222222,40.228586730425484,-100.48237509381954,0.7903402854006586,1.0,-43597000000.0,-17889000000.0,0.003774494899189532,0.003116569229709173,0.004006399109689087,0.03471301496998771,0.009202762816268013,0.013632095702875956,0.031395163852158105,-0.05600984440013484,-0.039660056657223795,0.28488372093023256,0.020476389469285417,0.34245716673631427,0,0.0,0.05788345198527947,5738000000.0,18561000000.0,0.0,111.39991642290013,0.0,0,111.39991642290013,111.39991642290013,68654000000.0,-27735000000.0,19645000000.0,-88136000000.0,Financial Services
2020-03-31,BK,2020,Q1,USD,30114028960.0,-100896971040.0,-25.117493412994772,59.87950803560831,51.76858442278091,-63.8184510056926,-82.86590765338393,0.7378723856599962,-1.719387755102041,33.687287991782696,-170.8013559670828,0.7986960065199674,1.0,-98636000000.0,-73134000000.0,0.0020933237923337357,0.003822692055556144,0.0021964869656429095,0.023818203912990644,0.011998966712292737,0.017678114624721058,0.03254297195840912,-0.06472066566014222,-0.1566765578635015,0.7457627118644068,0.06572068707991038,0.36893203883495146,0,0.0,0.04696735055697365,6118500000.0,21387000000.0,0.0,141.44137415982075,72048.0,0,141.44137415982075,-71906.55862584017,129062000000.0,56091000000.0,19391000000.0,-149122000000.0,Financial Services
2020-06-30,BK,2020,Q2,USD,34440589850.0,-56737410150.0,-14.455391121019108,-8.33148460352423,-8.795134110990544,-36.11547431572247,-58.038192234245706,0.746801284940418,7.168421052631579,34.29713081876423,-158.89181664233314,0.8044030482641829,1.0,-88200000000.0,-62526000000.0,0.002147785745937294,0.0034355844392627553,0.0022606129830573004,0.021740622926058998,0.011708207870609742,0.01664307833100997,0.02758373199000249,0.18730805796579583,0.05271659324522761,0.9205128205128205,0.09146496815286624,0.3729936305732484,0,0.0,0.049910019081380735,5738000000.0,24514000000.0,0.0,118.38726114649681,77623.44827586206,0,118.38726114649681,-77505.06101471557,97629000000.0,-9440000000.0,21890000000.0,-138207000000.0,Financial Services
2020-09-30,BK,2020,Q3,USD,30660709380.000004,-55536290620.0,-14.762437698032961,-71.38340696658098,-124.80065307865169,-34.97247520151134,-54.28022670025189,0.7050033540065668,0.8303094983991463,34.46549479427904,-164.5372663259626,0.8098530682800346,1.0,-100267000000.0,-74435000000.0,0.002187218427723752,0.003500575389852466,0.0023068419899404946,0.02086069862190262,0.011832785901171643,0.01721917158158769,0.03056028444701301,0.014513688984974162,0.42802056555269924,0.7726218097447796,0.08851674641148326,0.3896863370547581,0,0.0,0.05185598438834915,5304000000.0,24263000000.0,0.0,130.26315789473685,70542.0,0,130.26315789473685,-70411.73684210527,86642000000.0,13109000000.0,23132000000.0,-143426000000.0,Financial Services
2020-12-31,BK,2020,Q4,USD,37768544320.0,-86752455680.0,-23.023475498938428,100.29185627745665,76.70420484526967,-63.88251522827688,-91.69440353460972,0.8435024772002904,-1.1533333333333333,31.239530600162315,-119.3557231596264,0.8305647840531561,1.0,-59511000000.0,-33517000000.0,0.0015969916935138714,0.002973171304776784,0.0016769482225466807,0.01637518831466562,0.011087672725628652,0.014938734403849381,0.019857794720535313,-0.02994555443856725,-0.30751445086705204,0.5846153846153846,0.07059447983014862,0.4124203821656051,0,0.0,0.047679784001550145,5580500000.0,24299500000.0,0.0,136.52866242038218,0.0,0,136.52866242038218,136.52866242038218,123390000000.0,-39812000000.0,23728000000.0,-102756000000.0,Financial Services
2021-03-31,BK,2021,Q1,USD,41780951450.0,-72228048550.0,-18.038973164335665,22.756158963453057,21.28109857100766,-44.61275389129092,-70.41939468807907,0.6940275424120893,-3.423948220064725,34.65822246934667,-182.0759361859865,0.8039895923677364,1.0,-115735000000.0,-89857000000.0,0.0019936169846704404,-0.000445102111346145,0.002094314174236999,0.020621079325532768,-0.0016434852691899768,-0.0023982197830072294,0.022187144328423378,-0.08123319077742065,-0.06931316950220542,0.4721030042918455,0.054945054945054944,0.4000999000999001,0,0.0,0.048081224300190975,6178000000.0,24456000000.0,0.0,149.25074925074927,0.0,0,149.25074925074927,149.25074925074927,110615000000.0,57402000000.0,23046000000.0,-157063000000.0,Financial Services
2021-06-30,BK,2021,Q2,USD,44534136540.0,-69238863460.0,-17.112917315867524,-24.47467778720396,-26.79522579721362,-39.792450264367815,-65.3867816091954,0.6716271411835482,2.768101761252446,37.119834497425764,-196.18473756985523,0.805993690851735,1.0,-124452000000.0,-98615000000.0,0.002188610232502361,-0.00022962679208152396,0.002298860916665167,0.02257017292020936,-0.0008589619617947376,-0.0012163652278695419,0.022948687892085942,0.05802290559016641,0.08660303994344291,0.5190677966101694,0.06055363321799308,0.375185368264953,0,0.0,0.04795883185605712,6742000000.0,23765500000.0,0.0,152.23924864063272,0.0,0,152.23924864063272,152.23924864063272,116357000000.0,9971000000.0,23399000000.0,-166625000000.0,Financial Services
2021-09-30,BK,2021,Q3,USD,43914441600.0,-71263558400.0,-17.466558431372547,-1319.695525925926,221.31539875776397,-43.719974478527604,-70.66134969325154,0.658078833240977,0.057022175290390706,35.98090657607676,-209.18913016532585,0.814974182444062,1.0,-131428000000.0,-105646000000.0,0.0020126112302431497,-0.00030720131072559245,0.002113023319120072,0.021719685328318156,-0.0011812212954143714,-0.0016714643885226111,0.021564659950042493,-0.007332439814058799,6.962962962962963,0.8034188034188035,0.09215686274509804,0.38823529411764707,0,0.0,0.0475205777278108,6438500000.0,24853000000.0,0.0,133.08088235294116,0.0,0,133.08088235294116,133.08088235294116,114856000000.0,8011000000.0,21692000000.0,-173528000000.0,Financial Services
2021-12-31,BK,2021,Q4,USD,47269046880.0,-35820953120.0,-8.88416496031746,-11.448051492489613,-13.002160842105264,-23.535448830486203,-54.59264126149803,0.7663226985524365,3.6257242178447275,35.51830865705354,-159.57853982436805,0.8103286384976526,1.003770028275212,-83878000000.0,-57848000000.0,0.0019417781557832588,-0.0006776171048044145,0.002045804204921783,0.02005391086117953,-0.0026062104023194007,-0.0036261551058603347,0.018257190634515287,0.05828338377530662,0.1195270054330457,0.8112798264642083,0.09275793650793651,0.40500992063492064,0,0.0,0.0508484873030659,5968000000.0,25576000000.0,0.0,131.76339285714286,0.0,0,131.76339285714286,131.76339285714286,85845000000.0,-46597263849.76526,20792000000.0,-125977000000.0,Financial Services
2022-03-31,BK,2022,Q1,USD,40338817330.0,-81024182670.0,-20.648364594801222,-23.62909964129484,-25.656802618746042,-59.79644477490775,-89.56678966789669,0.6402229911969016,4.435963777490297,33.17302422693799,-230.6620029011148,0.8420479302832244,1.0,-139528000000.0,-113624000000.0,0.001631452203515748,0.0019406500851076342,0.0017129586540975833,0.01849326538912414,0.0074868413092141085,0.010361308478597096,0.019162683766266977,0.07828687624045422,0.07903178769320501,0.620137299771167,0.06906218144750255,0.4337410805300714,0,0.0,0.047582263814052436,5899500000.0,25879000000.0,0.0,135.22935779816513,0.0,0,135.22935779816513,135.22935779816513,124521000000.0,56581000000.0,19607000000.0,-183369000000.0,Financial Services
2022-06-30,BK,2022,Q2,USD,33813462800.0,-69377537200.0,-16.490976277632516,-13.903314068136272,-15.803539225512528,-45.733379828609095,-68.02307185234015,0.6102629358484589,5.74223245109321,34.9187637639602,-237.14566783441063,0.7936073059360731,1.0,-142726000000.0,-117020000000.0,0.001919928593679922,0.00230777866049532,0.0020196667666041476,0.021203396447394104,0.008620711862831133,0.012371253327161208,0.025699822734511536,0.1298299445391319,0.12024048096192384,1.4218009478672986,0.14261944378416924,0.3857855954361778,0,0.0,0.0493834797766785,5960500000.0,26188500000.0,0.0,128.89232231994293,0.0,0,128.89232231994293,128.89232231994293,107581000000.0,3884000000.0,18793000000.0,-187991000000.0,Financial Services
2022-09-30,BK,2022,Q3,USD,31251430080.000004,-50363569920.0,-11.769939219443796,-13.520421455033556,-13.962730779040754,-49.087300116959064,-79.546783625731,0.6002695069607953,9.600515463917526,22.957312333469197,-231.8708523562068,0.6158730158730159,1.0,-136157000000.0,-111342000000.0,0.0009066416171869341,0.0038474903869521473,0.0009546093113773191,0.009764199612451872,0.010573516660473183,0.019397464817762305,0.012415431838055584,0.1154187181439858,0.03167785234899329,0.29797979797979796,0.02757653657396588,0.38350081794811874,0,0.0,0.05024850859790678,6432000000.0,24755000000.0,0.0,143.84435615798083,0.0,0,143.84435615798083,143.84435615798083,85222000000.0,-5903000000.0,18392000000.0,-183592000000.0,Financial Services
2022-12-31,BK,2022,Q4,USD,36943394720.0,-27221605280.0,-6.983480061570036,-9.309714528043775,-10.60444303856642,0.0,0.0,0.7402548288587537,5.384898710865562,27.487494572044852,-165.33891663976462,0.7927007299270074,1.0570987654320987,-82420000000.0,-57853000000.0,0.0013381536436962614,0.0015544488902962089,0.0014123265153249132,0.01333038739136839,0.005095579404135632,0.007324351207161588,0.014698161988509323,0.06948468107643357,0.12209302325581395,0.937007874015748,0.09158542842483325,0.46228835300153925,0,0.09363776295536172,0.05251821786521367,6879000000.0,23588000000.0,0.0,159.75115443817342,0.0,0,159.75115443817342,159.75115443817342,66732000000.0,-53199329927.0073,19539000000.0,-130042000000.0,Financial Services
2023-03-31,BK,2023,Q1,USD,36503769600.0,-37190230400.0,-8.475439927073838,-20.753476785714287,-24.291463357282822,-23.434297668557026,-46.43604284814115,0.6713298039862625,1.8360655737704918,37.298588683253975,-205.57111559240172,0.7624223602484472,1.0271132376395535,-109577000000.0,-84972000000.0,0.00230997948775852,0.003018431931832542,0.0024321680226870256,0.024166953782546637,0.008084744579615184,0.013672492558631443,0.026901331307986342,0.04194087396387687,0.14564732142857142,0.7435897435897436,0.05948040109389243,0.40815861440291706,0,0.0,0.05023852537684187,7508500000.0,23016500000.0,0.0,166.09389243391067,72636.42857142857,0,166.09389243391067,-72470.33467899465,75225000000.0,28203077639.751553,19445000000.0,-160492000000.0,Financial Services
2023-06-30,BK,2023,Q2,USD,35069205360.0,-42863794640.0,-9.527404898866415,-37.33780020905923,-53.98462801007557,-23.986454750979295,-43.61108002238388,0.6808798866570637,1.0759137769447047,39.889139703698596,-207.63268073092146,0.7723342939481268,1.0701619121048573,-107891000000.0,-83166000000.0,0.002490810489286262,0.003149057737400847,0.0026216807125493398,0.02618913834803215,0.009168190627086474,0.014594823009328985,0.030568129188998535,0.022640946432896304,0.3083623693379791,0.9340369393139841,0.07868415203378529,0.3760835741275839,0,0.0,0.04991844454461385,7389000000.0,21841000000.0,0.0,133.6296954878862,63252.00000000001,0,133.6296954878862,-63118.37030451212,78727000000.0,-588347982.7089338,19618000000.0,-159082000000.0,Financial Services
2023-09-30,BK,2023,Q3,USD,33173724450.0,-44360275550.0,-10.043078005433552,-8.80164197420635,-9.43033068664966,-27.65603213840399,-48.33790523690773,0.6653421113008897,4.855491329479769,39.80563089126246,-205.57576178335924,0.7831325301204819,1.0137404580152671,-105021000000.0,-80384000000.0,0.0025663297536323436,0.003135358950731783,0.002709426982245438,0.025386906214909924,0.009687701400216839,0.014327587715460671,0.03135011269438576,0.1417989712638371,0.06666666666666667,0.8571428571428571,0.07606973058637084,0.3880461851935703,0,0.0,0.05281457280480101,6991000000.0,19262500000.0,0.0,148.78424269866426,54127.24137931034,0,148.78424269866426,-53978.45713661168,82238000000.0,-1751137048.192771,19728000000.0,-155322000000.0,Financial Services
2023-12-31,BK,2023,Q4,USD,39929949300.0,-39018050700.0,-9.129164880673843,18.86752935203095,16.69578549422336,-39.61223421319797,-80.1502538071066,0.7836290479264464,-6.847682119205298,17.87559557323823,-161.1248054477244,0.8836206896551724,-1.303370786516854,-69047000000.0,-44339000000.0,0.0005001500450135041,-0.00043674283085416346,0.0005278988082362514,0.005028207014961982,-0.0011588427786676625,-0.0019611515705739123,0.005133990991568828,-0.05852749730388463,-0.13007736943907156,0.4069591527987897,0.06293869911090313,0.38160973327094055,0,0.0,0.052564549852760704,7943500000.0,17918000000.0,0.0,180.77912962096397,0.0,0,180.77912962096397,180.77912962096397,76611000000.0,-35738991379.31035,19360000000.0,-118905000000.0,Financial Services
2024-03-31,BK,2024,Q1,USD,43115131520.0,-44208868480.0,-9.824192995555556,16.495846447761195,14.840170688150385,-24.6701275,-48.729910714285715,0.6733075121181901,-2.6146341463414635,40.41016358596195,-219.3967265439528,0.7741691842900302,1.0,-112688000000.0,-88030000000.0,0.002357796139195083,0.0030357385997004517,0.0024806028954081016,0.02526559688432054,0.009479347309454907,0.01427744119743407,0.02377355614755643,-0.06909407196445913,-0.11156716417910448,0.6388888888888888,0.06644444444444444,0.4046666666666667,0,0.0,0.04950681805634788,7519500000.0,18893500000.0,0.0,129.08,60182.06896551724,0,129.08,-60052.98896551724,84345000000.0,44837000000.0,19240000000.0,-161718000000.0,Financial Services
2024-06-30,BK,2024,Q2,USD,44896399440.0,-40812600560.0,-4.13459634890082,-19.16984526068577,-23.361534378935318,-20.581240827029752,-43.22188603126576,0.6769938361088522,1.8227739726027397,43.863846426584,-217.3716434776089,0.7648984937786509,1.0,-109627000000.0,-84820000000.0,0.0027255395658271476,0.003449685902507567,0.0028697859208499286,0.02859731165683226,0.010850578595691739,0.01670349887259796,0.0260154492246294,0.03891180633170169,0.17942696101456082,0.8377192982456141,0.03869921993718975,0.17130989768007293,0,0.0,0.05026380329444928,6942500000.0,18480500000.0,0.0,67.75301387903961,0.0,0,67.75301387903961,67.75301387903961,87456000000.0,-1817000000.0,19581000000.0,-157649000000.0,Financial Services
2024-09-30,BK,2024,Q3,USD,52928267420.0,-14806732580.0,-1.457068744341665,47.45747621794872,21.552740291120816,-7.493285718623482,-34.27884615384615,0.6710766930207279,-0.2639593908629442,45.37146602679238,-225.731691256634,0.7750819672131147,1.0,-109541000000.0,-84487000000.0,0.002765164541326577,0.003422897196261682,0.002912858223649353,0.028148218708325394,0.010449647983488228,0.015513808878346323,0.022332112075774426,-0.012979831637950108,-1.2019230769230769,0.8314855875831486,0.03690218460932887,0.1668962802597914,0,0.0,0.05070404083647397,7425500000.0,18655000000.0,0.0,65.71541035229286,0.0,0,65.71541035229286,65.71541035229286,67048000000.0,1179000000.0,20716000000.0,-161583000000.0,Financial Services
2024-12-31,BK,2024,Q4,USD,55822219440.0,-670780560.0,-0.13896427594779365,-0.43276165161290325,-0.5899565171503958,-0.3530424,-29.73315789473684,0.6456653055714913,1.341991341991342,45.09990534289751,-231.74499840345294,0.7846467391304348,1.0,-115500000000.0,-90109000000.0,0.002776015228426396,0.0031842565424854037,0.0029319260088490856,0.02795391838907982,0.01010477379159768,0.014905494944562213,0.02069068574461539,0.02036823349924476,0.26645161290322583,0.9649532710280374,0.08556038947586493,0.3484565983012223,0,0.0,0.053176915089986156,7251000000.0,19907000000.0,0.0,132.04474829086388,0.0,0,132.04474829086388,132.04474829086388,57630000000.0,7131000000.0,19639000000.0,-163837000000.0,Financial Services
2025-03-31,BK,2025,Q1,USD,60466160370.0,-23335839630.0,-4.888110521575199,-56.64038745145631,-253.65043076086957,-11.857642088414634,-42.582317073170735,0.0,0.3377049180327869,47.719926489227056,-310.2579093447405,0.8015768725361366,1.0,0.0,25430000000.0,0.002768379658309337,0.0034665686223015915,0.00291504785935133,0.028293791599990722,0.7173844978818484,0.0033697080267125947,0.020176574674738188,0.0015215121885868144,0.7766990291262136,0.7174887892376681,0.06702974444909929,0.37746124842899037,0,0.0,0.05031416570794502,7176500000.0,21158500000.0,0.0,137.073732718894,181996.36363636365,0,137.073732718894,-181859.28990364476,83894000000.0,-114152000000.0,21450000000.0,-397068000000.0,Financial Services
2025-06-30,BK,2025,Q2,USD,65125336890.0,65125336890.0,6.287443221664414,0.0,0.0,36.7939756440678,0.0,0.0,0.0,52.47944247010298,-617.2952116609005,0.7737901033170201,1.0389830508474576,0.0,0.0,158.11111111111111,0.008032675289312457,158.11111111111111,0.03237770193401593,0.0,196.66666666666666,0.02185017487746005,,0.0,0.0,,0.0,0,,0.0,3635500000.0,11122000000.0,0.0,0.0,0.0,0,0.0,0.0,,,-441233000000.0,-441242000000.0,Financial Services
