date,symbol,fiscalYear,period,reportedCurrency,grossProfitMargin,ebitMargin,ebitdaMargin,operatingProfitMargin,pretaxProfitMargin,continuousOperationsProfitMargin,netProfitMargin,bottomLineProfitMargin,receivablesTurnover,payablesTurnover,inventoryTurnover,fixedAssetTurnover,assetTurnover,currentRatio,quickRatio,solvencyRatio,cashRatio,priceToEarningsRatio,priceToEarningsGrowthRatio,forwardPriceToEarningsGrowthRatio,priceToBookRatio,priceToSalesRatio,priceToFreeCashFlowRatio,priceToOperatingCashFlowRatio,debtToAssetsRatio,debtToEquityRatio,debtToCapitalRatio,longTermDebtToCapitalRatio,financialLeverageRatio,workingCapitalTurnoverRatio,operatingCashFlowRatio,operatingCashFlowSalesRatio,freeCashFlowOperatingCashFlowRatio,debtServiceCoverageRatio,interestCoverageRatio,shortTermOperatingCashFlowCoverageRatio,operatingCashFlowCoverageRatio,capitalExpenditureCoverageRatio,dividendPaidAndCapexCoverageRatio,dividendPayoutRatio,dividendYield,dividendYieldPercentage,revenuePerShare,netIncomePerShare,interestDebtPerShare,cashPerShare,bookValuePerShare,tangibleBookValuePerShare,shareholdersEquityPerShare,operatingCashFlowPerShare,capexPerShare,freeCashFlowPerShare,netIncomePerEBT,ebtPerEbit,priceToFairValue,debtToMarketCap,effectiveTaxRate,enterpriseValueMultiple,dividendPerShare,sector
1998-09-30,SBAC,1998,Q3,USD,0.24812030075187969,-0.6842105263157895,-0.5864661654135338,-0.17293233082706766,-0.42857142857142855,-0.38345864661654133,-0.38345864661654133,-0.38345864661654133,0.0,0.0,0.0,0.0,0.0,0.0,0.0,0.0,0.0,-3.8741176470588243,0.0,0.0,0.0,5.942255639097745,-2.5089523013031023,7.455849056603774,0.0,0.0,0.0,0.0,0.0,0.0,0.0,0.7969924812030075,-2.971698207547169,0.0,0.6764705882352942,0.0,0.0,0.25178147268408557,0.25178147268408557,0.0,0.0,0.0,1.4943820224719102,-0.5730337078651685,,,,,,1.1910112359550562,4.730337078651685,-3.539325955056179,0.8947368421052632,2.4782608695652173,0.0,,0.10526315789473684,,0.0,Real Estate
1998-12-31,SBAC,1998,Q4,USD,0.2658959537572254,-0.8092485549132948,-0.630057803468208,-0.20809248554913296,-0.5086705202312138,-0.4161849710982659,-0.4161849710982659,-0.4161849710982659,1.384,0.8819444444444444,0.0,0.11464546056991386,0.08061509785647716,1.2116402116402116,1.2116402116402116,-0.020280057943022695,0.7063492063492064,-2.5900000000000003,-0.05090689655172414,-0.05090689655172414,9.9456,4.311676300578035,-1.7187096774193549,-8.38112359550562,0.8508853681267474,24.346666666666668,0.9605470804839558,0.9566724436741768,28.613333333333333,0.0,-0.2354497354497354,-0.514450867052023,4.876404494382023,1.8076923076923077,0.6923076923076923,0.0,-0.04874041621029572,-0.25797101449275356,-0.25797101449275356,0.0,0.0,0.0,2.0595238095238093,-0.8571428571428571,21.11904761904762,3.1785714285714284,0.8928571428571429,0.07142857142857142,0.8928571428571429,-1.0595238095238093,4.107142857142857,-5.166666666666667,0.8181818181818182,2.4444444444444446,9.9456,2.22007722007722,0.17045454545454544,-21.14605504587156,0.0,Real Estate
1999-03-31,SBAC,1999,Q1,USD,0.34306569343065696,-0.5620437956204379,0.043795620437956206,-0.5620437956204379,-0.583941605839416,-0.5255474452554745,-0.6058394160583942,-0.6058394160583942,0.9647887323943662,0.743801652892562,0.0,0.07413419913419914,0.05910267471958585,1.326086956521739,1.326086956521739,0.0,0.125,-2.280462101204819,-0.1782906733669222,-0.1782906733669222,-94.63917720000002,5.5263753109489056,-1.8287763710144929,-16.824742613333335,0.907679033649698,-263.0,1.0038167938931297,1.0038167938931297,-289.75,1.957142857142857,-0.24456521739130435,-0.3284671532846715,9.2,0.0,0.0,0.0,-0.02138783269961977,-0.12195121951219512,-0.12195121951219512,0.0,0.0,0.0,1.6068398363040712,-0.9734869081258243,24.67730668309318,0.26976143237221634,-0.09383006343381438,-0.8913856026212367,-0.09383006343381438,-0.5277941068152059,4.327911675884688,-4.855705782699895,1.0375,1.0389610389610389,-94.63917720000002,2.7789759778258087,0.1,473.0189029333333,0.0,Real Estate
1999-06-30,SBAC,1999,Q2,USD,0.3402061855670103,-0.09278350515463918,0.08762886597938144,-0.09278350515463918,-0.4587628865979381,-0.4484536082474227,-0.4484536082474227,-0.520618556701031,1.0543478260869565,0.5289256198347108,0.0,0.08344086021505376,0.06632478632478632,0.9040697674418605,0.9040697674418605,-0.0413820811570912,0.14534883720930233,-4.394261853448275,0.10148652375821018,0.10148652375821018,3.507346616972477,7.882490335051546,-3.632311460807601,12.136532738095237,0.7206837606837607,4.834862385321101,0.8286163522012578,0.8285489579237122,6.708715596330276,14.37037037037037,0.36627906976744184,0.6494845360824743,-3.3412698412698414,19.0,0.0,126.0,0.05977229601518026,0.2303473491773309,0.2303473491773309,0.0,0.0,0.0,1.2293069306930693,-0.5512871287128713,13.357623762376237,0.31683168316831684,2.7627722772277226,1.7235643564356435,2.7627722772277226,0.7984158415841585,3.466138613861386,-2.667722772277228,0.9775280898876404,4.944444444444445,3.507346616972477,1.3784957443112733,0.02247191011235955,211.01194852941177,0.0,Real Estate
1999-09-30,SBAC,1999,Q3,USD,0.3130081300813008,-0.056910569105691054,0.11788617886178862,-0.056910569105691054,-0.3170731707317073,-0.3252032520325203,-0.3252032520325203,-0.3252032520325203,1.0649350649350648,0.5868055555555556,0.0,0.08646748681898067,0.07085253456221198,0.7936117936117936,0.7936117936117936,-0.012316910785619174,0.06633906633906633,-9.71428586,0.1978836008518519,0.1978836008518519,6.642246741880343,12.636469411382116,-5.8652291984905665,91.42857280000001,0.7373271889400922,5.47008547008547,0.845442536327609,0.8453914767096135,7.418803418803419,-4.205128205128205,0.08353808353808354,0.13821138211382114,-15.588235294117647,27.0,0.0,34.0,0.01328125,0.06028368794326241,0.06028368794326241,0.0,0.0,0.0,0.8609999870850001,-0.27999999580000007,8.959999865600002,0.09449999858250002,1.6379999754300003,1.0709999839350002,1.6379999754300003,0.11899999821500003,1.9739999703900004,-1.8549999721750003,1.0256410256410255,5.571428571428571,6.642246741880343,0.8235293994117647,-0.02564102564102564,194.53694742068964,0.0,Real Estate
1999-12-31,SBAC,1999,Q4,USD,0.32764505119453924,-0.8054607508532423,0.13651877133105803,-0.8054607508532423,-0.32081911262798635,-0.3242320819112628,-0.3242320819112628,-0.3242320819112628,1.2964601769911503,0.48402948402948404,0.0,0.0864561817645323,0.06817124243834341,0.6153846153846154,0.6153846153846154,0.047481636935991604,0.056776556776556776,-17.45839539473684,4.888350710526318,4.888350710526318,13.65059722222222,22.642287542662118,-13.456775354969574,57.19129525862069,0.7405770125639832,6.549382716049383,0.8675388389206868,0.8675027262813523,8.843621399176955,-1.9931972789115646,0.21245421245421245,0.39590443686006827,-4.25,39.0,0.0,116.0,0.036443606660383286,0.19047619047619047,0.19047619047619047,0.0,0.0,0.0,0.8280965412470648,-0.26849546559205173,8.996011231363164,0.08761430982477478,1.3735662766077594,0.4013300643586457,1.3735662766077594,0.32784709482818947,1.7211972478479947,-1.3933501530198051,1.0106382978723405,0.3983050847457627,13.65059722222222,0.4797872656727021,-0.010638297872340425,244.65475625,0.0,Real Estate
2000-03-31,SBAC,2000,Q1,USD,0.5609142258090754,-0.06421694418404796,0.36455788511133697,-0.06421694418404796,-0.31216678812416765,-0.3195441523348185,-0.3195441523348185,-0.3195441523348185,1.1775947582002773,0.36739104455745375,0.0,0.07659928831417785,0.05050425131538786,2.832804278827242,2.832804278827242,0.010140030640511652,2.123209810064636,-40.02768039260272,0.0,0.0,5.667028814040294,51.162444803933084,-24.569084966160887,-561.2415018320829,0.4427021225107451,0.9709297277873206,0.4926252387888747,0.49257821581418043,2.1931896831232263,0.8069262692378394,-0.05272788466689069,-0.09115941112145394,22.84340269916781,216.61063058035714,0.0,-55.28324298469388,-0.010399628948986862,-0.0457804131422298,-0.0457804131422298,0.0,0.0,0.0,0.8600058141986507,-0.27480982890112327,7.538501995401775,3.156861014424481,7.76420968444491,6.80451195607482,7.76420968444491,-0.07839762358337553,1.7124708625894471,-1.7908684861728226,1.023632764571087,4.861128041681444,5.667028814040294,0.1713295908045858,-0.023632764571086998,154.31662303760496,0.0,Real Estate
2000-06-30,SBAC,2000,Q2,USD,0.5128677367197877,-0.022742295213922407,0.3482518427319968,-0.022742295213922407,-0.19622103132736596,-0.20537751377909697,-0.20537751377909697,-0.20537751377909697,0.944995841593655,0.3202060340644899,0.0,0.0759373022634858,0.0601143976486734,0.9807281688238785,0.9807281688238785,0.017862597384978814,0.35163042897904234,-64.42559744914624,2.4849873301813545,2.4849873301813545,7.1878950138338835,52.926276111354355,-23.88610601174047,118.14485110073721,0.42530828068372967,0.9608502903068308,0.4900171599314083,0.4888216111621725,2.2591854754442084,0.8111942568549099,0.22298854479872707,0.4479778476865345,-4.946174610573478,10.041832798021192,0.0,13.266234725144903,0.06331858488701979,0.168175350623206,0.168175350623206,0.0,0.0,0.0,0.9813650953020145,-0.2015503233827143,6.943140374544451,0.6932518594582536,7.226037650805393,6.342689255708976,7.226037650805393,0.43962982318808724,2.6141156926919114,-2.1744858695038243,1.046664123564078,8.628022346981194,7.1878950138338835,0.13367617201664328,-0.04666412356407798,170.26425986529193,0.0,Real Estate
2000-09-30,SBAC,2000,Q3,USD,0.36480127559414416,-0.14423250506228627,0.21182818293899,-0.14423250506228627,-0.12270621504309627,-0.130087622199298,-0.130087622199298,-0.130087622199298,1.1243417913618061,0.4773705151105823,0.0,0.07353521776051684,0.0518419392400955,2.2032965316087334,2.2032965316087334,0.029662637397832817,1.4951730245717691,-77.00454973457866,2.566818324485956,2.566818324485956,3.4331534149571965,40.069355093995696,-16.138304793868794,250.91512741028114,0.28915726078042064,0.4778963587438348,0.3233625659312346,0.32331920398983566,1.6527212820249335,0.9172645143258492,0.08682218898794405,0.15969286311094638,-15.547799512722543,184.96615911989795,0.0,144.47660235969389,0.028630744682428332,0.06043099562761587,0.06043099562761587,0.0,0.0,0.0,1.0466851762803793,-0.13616078577356763,5.838065143956382,2.8784739448730474,12.216174149771543,11.026729679131469,12.216174149771543,0.16714815257599938,2.765934117749596,-2.5987859651735965,1.0601551205341089,0.8507528520710782,3.4331534149571965,0.13920040877339968,-0.06015512053410898,202.5081809154195,0.0,Real Estate
2000-12-31,SBAC,2000,Q4,USD,-0.13892864811808336,-0.1322489483004971,-0.2939460052776516,-0.1322489483004971,-0.09439905798482999,-0.10039301958397504,-0.10039301958397504,-0.10039301958397504,0.8742161099060402,0.7930728192855314,0.0,0.06996306851328331,0.05646894278260501,0.7495724104438632,0.7495724104438632,-0.034195042831394726,0.1365410476175415,-88.91927795159376,6.224349456611556,6.224349456611556,3.555006275704108,35.70749925114908,74.17509752688463,74.17509752688463,0.2996077056287185,0.5282314537598276,0.34564885604222284,0.3435686809867399,1.763076996472265,1.4680087486367586,0.23509533484515469,0.481394705793369,1.0,-6.1661708020268415,0.0,9.896520327124858,0.09073147848534192,0.0,0.0,0.0,0.0,0.0,1.1498985048267887,-0.11544178311465939,6.101025373600146,0.3214993050442571,11.549909287253682,9.760271967831969,11.549909287253682,0.5535550524233268,0.0,0.5535550524233268,1.0634959895479918,0.7137981753195929,3.555006275704108,0.14858805098880043,-0.06349598954799177,-138.57517010099713,0.0,Real Estate
2001-03-31,SBAC,2001,Q1,USD,0.39296774680867136,-0.09135886396253494,0.32360827857088903,-0.09135886396253494,-0.33184152881637585,-0.33852632374046376,-0.4342472996449883,-0.4342472996449883,0.7867128192176845,0.6862644635156484,0.0,0.05816330229079235,0.039236141468236035,3.827326971799304,3.827326971799304,-0.0012431919714881653,2.9640920607108185,-8.044049073751957,-0.026088807806763106,-0.026088807806763106,1.4003073612654027,13.972426353954226,-4.228957683207023,-44.41319387755102,0.5300242873464259,1.3538202993559816,0.5751587322644784,0.5751416526829786,2.554260873843918,0.5011489750641809,-0.19723912580209788,-0.31460080066470275,10.502160864345738,335.66,0.0,-333.2,-0.02328897338403042,-0.10523922024433692,-0.10523922024433692,0.0,0.0,0.0,1.131514283882823,-0.4913570222858486,15.285143479840174,5.349565180231192,11.29037841071772,9.1043353774492,11.29037841071772,-0.3559752996730839,3.3825345612273243,-3.738509860900408,1.308598418027656,3.632286068623398,1.4003073612654027,0.9668022441391635,-0.020144539919194217,70.31095349244325,0.0,Real Estate
2001-06-30,SBAC,2001,Q2,USD,0.4056964764955415,-0.09862349580122932,0.3455977837416674,-0.09862349580122932,-0.3955155397801056,-0.4037918794909532,-0.4037918794909532,-0.4037918794909532,0.8068481859711376,0.6269681803236766,0.0,0.05468363874618194,0.0408398636102001,2.1358915683858477,2.1358915683858477,0.002595318201572307,1.3977802277212128,-12.49784260966511,-6.123942878735897,-6.123942878735897,2.2660500306131373,20.186109427755174,-8.03523798693243,48.73949623745819,0.5463801688891529,1.5018533096203,0.6002963098776692,0.6000747792573845,2.748733199218636,0.31960046483315807,0.22160664819944598,0.41416327590684787,-6.06571906354515,27.32398316970547,0.0,33.54838709677419,0.030957147904503927,0.14152841218375026,0.14152841218375026,0.0,0.0,0.0,1.2260906485511092,-0.4950854474047341,16.403375437851608,3.2029508544740475,10.9220889502176,8.441035983441248,10.9220889502176,0.5078017195626792,3.5879842904150303,-3.080182570852351,1.0209254476207152,4.010358146067416,2.2660500306131373,0.6627626439536003,-0.02092544762071532,89.56186122244489,0.0,Real Estate
2001-09-30,SBAC,2001,Q3,USD,0.41127663287484334,-0.06710770548760173,0.37328066251011377,-0.4541906620341726,-0.772769818983707,-0.7792426189456316,-0.7792426189456316,-0.7792426189456316,0.9128999087578027,0.5654101657727938,0.0,0.05709200586924624,0.045639476159341746,1.3426363628270526,1.3426363628270526,-0.023443399539890768,0.6271488217646378,-3.1955902113278225,-0.030147077465356817,-0.030147077465356817,1.3357842980815668,9.960560341408469,-7.821554484184824,82.81809787626962,0.5638028045618478,1.6566819639206074,0.6235906241015592,0.6235034868575987,2.9384067452592344,0.7825568763772929,0.06748925032716395,0.12027033458664509,-10.58844479620103,80.00346020761246,0.0,26.231833910034602,0.009735806604064355,0.08629285616719028,0.08629285616719028,0.0,0.0,0.0,1.3242226890756303,-1.031890756302521,16.358655462184874,1.4799789915966386,9.8743487394958,7.437647058823529,9.8743487394958,0.15926470588235295,1.8456302521008403,-1.6863655462184874,1.0083761034695133,1.7014216354046596,1.3357842980815668,1.2402316499002937,-0.008376103469513447,56.78392621870883,0.0,Real Estate
2001-12-31,SBAC,2001,Q4,USD,0.406001446131598,0.22553868402024585,-1.0880404916847433,-0.12730296456977586,-0.4236587129428778,-0.42964569775849604,-0.42964569775849604,-0.42964569775849604,1.2175153179801395,0.5258744302760281,4.005753852155257,0.05769428121602691,0.04839011036304129,0.8116639255591419,0.7214800221633935,-0.025179712725388326,0.12228564392573504,-5.233417704476607,0.1314736642831928,0.1314736642831928,1.3801123725157773,8.994061605206074,1.504707775162159,-337.82692015209125,0.5916350538939168,1.8760995375507052,0.652306887524622,0.6522089444422149,3.1710418867221133,8.100035141150286,-0.016191590223480885,-0.026623282718727406,-224.51330798479088,-207.26575342465753,0.0,-5.043835616438356,-0.0021775308621531887,-0.004434328106558759,-0.004434328106558759,0.0,0.0,0.0,1.4476218388879585,-0.6219644950594541,17.69915005861665,0.2910735220231117,9.43401440294758,6.982854630715123,9.43401440294758,-0.03854044548651817,8.691383352872215,8.652842907385697,1.0141316220644456,3.327956378507327,1.3801123725157773,1.3593817249321543,-0.014131622064445659,-19.31854063106409,0.0,Real Estate
2002-03-31,SBAC,2002,Q1,USD,0.4382584761666458,-0.3719504566495684,0.16062492180658075,-0.9620918303515577,-1.2925372200675591,-1.3015920180157639,-1.3015920180157639,-2.561944826723383,1.3025340177625682,0.9343946724936267,2.5358277444405224,0.05421942144695919,0.04495036016384696,1.3902823563136018,1.2057148813634408,-0.046887931987993396,0.420550640415912,-0.4784465150368261,-0.0027466374011373357,-0.0027466374011373357,0.42612716732077555,2.490968660077568,-2.0038811377961174,-4.770079659798754,0.6659962728823723,2.534600886591705,0.7170826262751646,0.7170423629121266,3.80572833481812,14.976929382831713,-0.43509192541728015,-0.5222069310646816,2.380420459990417,51.5531914893617,0.0,-177.61702127659575,-0.035245527020480026,-0.724416964963662,-0.724416964963662,0.0,0.0,0.0,1.304713323811467,-1.6982044480718221,19.33097327076107,0.6585594776576209,7.6268312589267495,5.742032238318711,7.6268312589267495,-0.6813303407467863,0.9405223423791063,-1.6218526831258926,1.007005444646098,1.3434655396618986,0.42612716732077555,5.9479917756187906,-0.007005444646098004,104.60690293058124,0.0,Real Estate
2002-06-30,SBAC,2002,Q2,USD,0.42143144466153315,-0.23855016664751177,0.22804850017239398,-0.3582921503275486,-0.6728536949775887,-0.6680697620963107,-0.6800367773819102,-0.6800367773819102,1.461554613026498,1.426703981861981,3.444786587973655,0.05955046278908812,0.05262624689457664,1.0540310528063765,0.9326947027565593,-0.013804682832371178,0.32499584855529723,-0.391225705594051,0.008751101309340615,0.008751101309340615,0.3005645609578953,1.0641914722445696,-84.17754545454545,3.08573856535866,0.7256945336988522,3.894659108891206,0.795695680178526,0.7956746772298766,5.366802322514678,3.9596120481242356,0.2491489538359349,0.3448741523962763,-0.036657502291093894,123.98387096774194,0.0,193.59677419354838,0.025009740943006627,0.9646387527123684,0.9646387527123684,0.0,0.0,0.0,1.3813303698999841,-0.9393554532465471,19.047983806953486,0.6214081600254009,4.890796158120336,4.793062390855692,4.890796158120336,0.47638514049849184,0.4938482298777584,-0.01746308937926655,1.0106755487232044,1.8779470729751404,0.3005645609578953,12.9578121135738,-0.010675548723204373,63.16166309688799,0.0,Real Estate
2002-09-30,SBAC,2002,Q3,USD,0.4151055959909319,-0.1122926858370123,0.4073201288629042,-0.1305631786183033,-0.46407051664479176,-0.47239291254026966,-0.47239291254026966,-0.47239291254026966,1.46764731634708,1.974324120223531,5.323198045337315,0.058080790580669305,0.05064132485585108,1.4131380583801285,1.3199650933373805,0.002856372118704546,0.535602266403602,-0.4365867615950494,0.012824736121854578,0.012824736121854578,0.2565743880433623,0.8249619675456391,-1.9860700179533217,-3.856379418531688,0.7640814273348953,4.692604567235213,0.8243334859836083,0.8243334859836083,6.141498012329587,3.540768905787917,-0.18140081954773107,-0.21392136976494452,1.941713727950917,0.0,0.0,0.0,-0.014178150642479886,-1.0618938328274228,-1.0618938328274228,0.0,0.0,0.0,1.3212730318257957,-0.6241600157651,19.93550103458469,0.8345452753965908,4.248280618780176,4.156448911222781,4.248280618780176,-0.28264853680165536,0.26617400729135876,-0.5488225440930141,1.0179334726016391,3.5543751427918666,0.2565743880433623,18.289450490444665,-0.01793347260163908,37.51702856096668,0.0,Real Estate
2002-12-31,SBAC,2002,Q4,USD,0.427140070230199,-0.10273897776043699,0.45512290284822476,-0.12040577448302771,-0.49296917674600077,-0.473398361295357,-0.473398361295357,-0.473398361295357,1.371556392747822,2.183581201665675,6.3936596411774955,0.056175342465753425,0.049102815125889425,0.43260812442162905,0.41074522736879787,0.0035794619104875464,0.2328373782802914,-0.17277634919065044,0.03570711216606771,0.03570711216606771,0.1130261547502871,0.32716816230979323,3.2796151439299126,0.8291460665269152,0.7849415479169142,5.522539668846679,0.8466854859041707,0.8386731172021238,7.035606260749543,-1.101645375926276,0.0962828124345465,0.3945844713226688,0.2528180991179844,0.16059388480282158,0.0,0.13349208276794247,0.024683632046643405,1.3383621830501298,1.3383621830501298,0.0,0.0,0.0,1.2531781732837863,-0.5932524936436534,20.03289653823587,1.1957950322706825,3.6274789751613534,3.5429689027967926,3.6274789751613534,0.49448464697829064,0.3694699784862116,0.125014668492079,0.9603001234685156,4.094232015554115,0.1130261547502871,55.029313132951394,0.03969987653148447,33.746118236060624,0.0,Real Estate
2003-03-31,SBAC,2003,Q1,USD,0.45631301420449666,-0.13694371446728842,0.40706961405678366,-0.1537074251558716,-0.5614640765359579,-0.570412737671974,-0.5797736212019718,-0.5797736212019718,1.472681742297769,2.2810405707285435,0.0,0.05189342688607351,0.04603819000746467,0.7696978784016792,0.7696978784016792,-0.0018712302395120781,0.3986389117958201,-0.4998637238927567,-0.04213137101381802,-0.04213137101381802,0.4440616631685605,1.1592312052352245,-6.161365711155742,-13.999502177971376,0.8138134338744164,6.7714212399744715,0.8713234080201159,0.864429139880955,8.320606367649864,-0.6592051630434783,-0.04015793287852663,-0.08280517339104447,2.272142708981539,0.3858921852628775,0.0,-0.08026171211667166,-0.004684366400820857,-0.7860753301809881,-0.7860753301809881,0.0,0.0,0.0,1.1386857031097204,-0.6601799335028359,20.128456874633287,0.9359867005671817,2.972560140817524,2.8967924897320554,2.972560140817524,-0.09428906708390378,0.11994914922745942,-0.2142382163113632,1.0326103582244792,3.652810369873729,0.4440616631685605,15.248830965631278,-0.015938083147236073,44.25327426160337,0.0,Real Estate
2003-06-30,SBAC,2003,Q2,USD,0.454014888337469,-0.30483374689826304,0.1317320099255583,-0.31269478908188586,-0.8935583126550869,-0.9021935483870968,-1.1197617866004963,-1.1197617866004963,1.5040456214731437,2.386671294689344,0.978059101738914,0.05609538275146321,0.046449206006723726,1.5808885163453479,1.2290725750960203,-0.038942045109740066,0.27573782387309054,-0.6821298840589988,-0.010231948260884981,-0.010231948260884981,1.6062778392368864,3.055291910669975,-26.822992331822935,-55.34352031643294,0.8249637166003699,9.337368761610554,0.9032635844709673,0.9026188375808478,11.318520528501951,5.363892881861258,-0.034792508538614556,-0.055205955334987594,2.0632865875584323,0.9455626715462031,0.0,-0.4240622140896615,-0.003108346149719232,-0.9404802164355766,-0.9404802164355766,0.0,0.0,0.0,0.9851759137934406,-1.1031623413451195,17.49727182054642,0.4310327968239689,1.8738974830344397,1.8148553771536973,1.8738974830344397,-0.05438757749398627,0.05782958167915045,-0.11221715917313672,1.253149090262813,2.857605383443372,1.6062778392368864,5.813047116460604,-0.009663874880590052,154.69534810126584,0.0,Real Estate
2003-09-30,SBAC,2003,Q3,USD,0.4307398568019093,-0.12152744630071599,0.30506921241050117,-0.14424821002386634,-0.6139379474940334,-0.6177565632458234,-0.3754844868735083,-0.3754844868735083,1.7992098935073857,2.2316616766467066,1.061371969670001,0.05958577222591967,0.050521517102076134,1.3691097701539088,0.9881890297647298,0.002720981923243343,0.4784731168214794,-2.0980512051255973,0.03205356007830774,0.03205356007830774,1.8049114173228347,3.151142720763723,-10.435731900094847,-13.001504647865133,0.8494752996806172,9.63079615048119,0.9059336680108633,0.9046544558192688,11.337346894138232,1.4222481704253847,-0.17213370397993083,-0.24236754176610978,1.2458641878052623,1.191918417420641,0.0,-0.9733169759239381,-0.01441451671511628,-4.067286126241589,-4.067286126241589,0.0,0.0,0.0,0.9996373630568386,-0.375348322326984,16.80803145398328,0.6734549757605832,1.7452380043516433,1.6935336107187846,1.7452380043516433,-0.24227965034164217,0.0595678894529908,-0.30184753979463297,0.611600062198725,4.256121773659828,1.8049114173228347,5.335883001264533,-0.013466023946509097,63.236706721742394,0.0,Real Estate
2003-12-31,SBAC,2003,Q4,USD,0.4256242083528534,-0.18105946246074298,0.21624763590304166,-0.1822219908732844,-0.9144587302413548,-0.9223014592334253,-0.8878246837749206,-0.8878246837749206,1.944367598933909,2.916050035236082,2.1561258385983195,0.0673115217825471,0.058630778590045396,0.9063736899548963,0.7044853840388181,-0.030103130107921903,0.10964272094888687,-0.9946900406504063,-0.0066312669376693755,-0.0066312669376693755,4.639907012785741,3.53244148317804,-16.369317359491838,-21.402985702270815,0.8858331078290345,19.845431547279897,0.9520278581073325,0.9514149642840138,22.403126922989266,5.7346268656716415,-0.12508054229621154,-0.1650443322402096,1.3075063078216989,1.0409949731322585,0.0,-0.8244063095857168,-0.010923815801864582,-3.251965811965812,-3.251965811965812,0.0,0.0,0.0,1.064419613999446,-0.9450180072028812,16.0819650937298,0.43472158094006835,0.8103610675039247,0.765887893618986,0.8103610675039247,-0.1756764244159202,0.05402160864345738,-0.2296980330593776,0.97087452327192,5.0183774519139215,4.639907012785741,4.277118375991968,-0.008576361876933001,85.53359544250984,0.0,Real Estate
2004-03-31,SBAC,2004,Q1,USD,0.4264498001780074,-0.12509380290047295,0.40154622083384234,-0.06628156576674055,-0.8330395630093715,-0.8987626742988779,-0.8363204830631228,-0.8974537966178601,2.043399186933885,2.997264021887825,2.2538060622685503,0.06845956714714965,0.060049967408003585,1.272124028490838,0.9762170498589663,-0.020815208940106498,0.38888776152113474,-1.1271123909686573,0.11897297460224722,0.11897297460224722,87.61310624493106,3.7705087171253555,440.028350305499,86.9432273641851,0.9442750219550586,365.3884833738848,0.9972706565697931,0.9972632111655657,386.9513381995134,18.219713831478536,0.05042715964203819,0.04336748049772255,0.19758551307847083,9.248576078112286,0.0,1.0109845402766477,0.002757899690138594,1.2462387161484454,1.2462387161484454,0.0,0.0,0.0,1.0290388621507076,-0.860606278284606,16.181452481861935,0.34415631060986995,0.0442856116658286,0.005585087278212772,0.0442856116658286,0.04462682278571942,0.03580920910854105,0.008817613677178364,1.0039384924791552,12.568193786203265,87.61310624493106,4.170477443778849,-0.0057820421502492985,47.71775913772871,0.0,Real Estate
2004-06-30,SBAC,2004,Q2,USD,0.4703001047083252,-0.04788187481143628,0.4113262462952775,-0.048911210889665824,-0.3991871794416739,-0.4040499050526204,-0.4125508012848954,-0.4125508012848954,1.8917911700520396,2.381092939768648,2.360006325610817,0.06900660710677305,0.06029899621171586,1.0893563526651022,0.8773717733825008,0.00492435167947138,0.365873281930942,-2.724682203389831,0.05207170433145009,0.05207170433145009,-13.35891642499341,4.496279305020676,22.70991842954464,20.193834688346886,0.955446996126105,-47.07761666227261,1.0217025113805154,1.0217836270744123,-49.27287107830214,6.013233018515554,0.21029165269862554,0.22265604202530748,0.8892077156065679,7.038414259373079,0.0,3.855562384757222,0.014051994395330787,9.025899280575539,9.025899280575539,0.0,0.0,0.0,0.9897071996908647,-0.4083044982698962,15.68206488328386,0.3833980292624664,-0.33311084959513815,-0.3662726362566526,-0.33311084959513815,0.22036428784711853,0.024414662849314105,0.19594962499780444,1.0334770817587693,8.161465892597969,-13.35891642499341,3.5240595243334516,-0.012181567598808517,48.51149199637572,0.0,Real Estate
2004-09-30,SBAC,2004,Q3,USD,0.4773675161295814,-0.057879236675008085,0.5310079498833904,-1.702330490441414e-05,-0.36079192414415334,-0.42268866077660316,-0.4087295507549836,-0.4659619018436239,1.839512745036638,2.3975790706755173,2.615076660988075,0.07359415285854959,0.06416598851974636,1.203692364783375,0.9858613971611466,0.004492251502454513,0.38957231654142316,-4.2110787172011666,-1.7265422740524767,-1.7265422740524767,-14.721607454863133,6.88476924910202,-184.16757741347905,-416.940206185567,0.9700060623603882,-32.32476703552708,1.0319236212951193,1.0320446796523517,-33.32429382644147,7.2037525292783124,-0.017997958994340847,-0.01651260575728172,2.263917525773196,9.509381728698862,0.0,-0.29836973239003384,-0.001092310360282244,-0.7911908646003263,-0.7911908646003263,0.0,0.0,0.0,1.0167370534477984,-0.41557047909166434,15.370153697036832,0.3634034893381335,-0.4754915535862642,-0.5036347272223761,-0.4754915535862642,-0.016788978122403767,0.021219883688728885,-0.03800886181113265,1.1328677927715392,21194.0,-14.721607454863133,2.195736242433833,-0.01311691988298575,40.761132305324914,0.0,Real Estate
2004-12-31,SBAC,2004,Q4,USD,0.3658614743716906,-0.2645232173103627,0.2909679092976058,-0.2649352234751957,-0.7923794118993485,-0.7905940518517388,-0.795065081714556,-0.795065081714556,1.6305391754372869,2.7332938700342013,6.550598991172762,0.08786574974759698,0.07144554774956283,2.277748367743074,2.153363527635629,-0.015607680569431811,1.3651549908828893,-2.8346452219641862,-0.02976377483062396,-0.02976377483062396,-6.662539951055024,9.014909740130927,-241.23073907717435,3811.445677419355,1.0114059072613175,-10.46233830677448,1.1056821229150156,1.1060930741757748,-10.344351591839496,1.7212234231158154,0.003039036919396898,0.0023652205758930614,-15.8,5.903076923076923,0.0,0.047692307692307694,0.0001670787943594199,0.05952380952380952,0.05952380952380952,0.0,0.0,0.0,1.0294057586277312,-0.8184445736007917,14.572595466612212,1.0937151474214983,-1.3928621919228412,-1.4143038909222287,-1.3928621919228412,0.0024347716812491162,0.04090416424498516,-0.03846939256373604,1.0033893735436286,2.990842068886073,-6.662539951055024,1.570322787350454,0.002253163094343983,75.98348437172226,0.0,Real Estate
2005-03-31,SBAC,2005,Q1,USD,0.46326152579582874,-0.0351090834248079,0.4751475027442371,-0.0354006586169045,-0.3652751097694841,-0.3694943743139407,-0.3724101262349067,-0.3724101262349067,1.875631333440566,2.7792184724689166,4.815202338821357,0.07848933870201272,0.06826878492241545,1.195939665370965,1.058644583403752,0.00838638519354842,0.4017449721142471,-6.8677336158062,0.11492941969308336,0.11492941969308336,-5.718688820072289,10.230454171240396,46.35346596207647,37.28443555444431,1.0331426309897944,-8.459401934747802,1.1340590048300982,1.1346213415798903,-8.188029107504098,1.5663854709580356,0.33796687510562784,0.27438940724478594,0.8043505438179772,8.448307692307692,0.0,4.922461538461539,0.018131312043756325,5.111182108626198,5.111182108626198,0.0,0.0,0.0,0.8934109714986209,-0.332715292675452,13.520395341710083,0.29140361630401473,-1.598268464603126,-1.6152467054857493,-1.598268464603126,0.24514250689549494,0.04796199816120135,0.1971805087342936,1.019533267596375,10.318313953488373,-5.718688820072289,1.4792555078457421,-0.011550922665164108,52.694668447460565,0.0,Real Estate
2005-06-30,SBAC,2005,Q2,USD,0.45169807740956236,-0.003589046293953959,0.4642676448267139,-0.0036206678472046547,-0.4117916772071844,-0.41702504427017456,-0.41511194029850745,-0.41511194029850745,1.6658238516645596,2.56900511148974,0.0,0.08597660274970706,0.07378983756389002,1.4050552115912427,1.4050552115912427,0.0036778567884901605,0.44939469372992064,-9.040706532089125,-0.7458582888973535,-0.7458582888973535,-19.02219862560856,15.011620920819631,-412.9860809047412,537.6302378255946,0.9683936173563853,-16.62985594935187,1.0639801162109537,1.0642477696126702,-17.1726203594254,4.467770988591813,0.037573668645347974,0.02792183152036428,-1.3018120045300112,8.93323076923077,0.0,0.5433846153846154,0.0021275929285846807,0.43444034440344403,0.43444034440344403,0.0,0.0,0.0,0.8993032845158538,-0.3733115313521968,11.802161239869188,0.3003270297170482,-0.7096971420446466,-0.721996303142329,-0.7096971420446466,0.025110194795961892,0.057798947817432104,-0.03268875302147021,1.0080629679401036,113.73362445414847,-19.02219862560856,0.8742341659162362,-0.012708773277020542,59.88213458656859,0.0,Real Estate
2005-09-30,SBAC,2005,Q3,USD,0.4697899153299708,0.03989639660108148,0.4700928492449372,0.039426849032883474,-0.21346238318110905,-0.21882431347601522,-0.21877887338877025,-0.21877887338877025,1.6007031155291551,2.3186725839570776,0.0,0.09108468042895516,0.07452177318949939,1.4520631067961165,1.4520631067961165,0.01496679169374157,0.43168946749043835,-19.89293841733592,0.4089104008007939,0.4089104008007939,-24.627363131843406,17.408618621347753,94.46325388345525,62.53519832417433,0.9563531614835952,-18.15468512288671,1.0582931130963087,1.0585307183115902,-18.98324369495811,3.026889484904752,0.33794866137099144,0.2783811211584193,0.6620055498122858,9.440615384615384,0.0,5.655076923076923,0.02169225303654954,2.9586284610431424,2.9586284610431424,0.0,0.0,0.0,0.8863425832695638,-0.19391303180420744,11.37461570475385,0.3151825150697437,-0.626538859129781,-0.9753514036006283,-0.626538859129781,0.24674104206103079,0.08339710285016178,0.163343939210869,1.024905981693039,-5.41413753361506,-24.627363131843406,0.7371753535161276,-0.025118853331441142,63.575151759247326,0.0,Real Estate
2005-12-31,SBAC,2005,Q4,USD,0.461826316298209,0.05365995111780058,0.4432400336928154,0.05365995111780058,-0.42956958809152296,-0.44576699484941795,-0.4459741228130739,-0.4459741228130739,1.6953203642577896,2.0870729356324302,0.0,0.09943116678771935,0.07602757271116262,2.5351053832729225,2.5351053832729225,-0.004688298195969487,0.8809236139079071,-11.79292813574016,-0.1179292813574016,-0.1179292813574016,18.70915007798013,21.037363122937347,206.3530814032236,111.82507339988254,0.8234775378568369,9.632596922547924,0.9059495993984914,0.9059495993984914,11.697461654652406,1.3842874892478256,0.2612814759411618,0.18812742512324113,0.5419113329418673,0.0,0.0,0.0,0.017368866587114607,2.182983496234578,2.182983496234578,0.0,0.0,0.0,0.8508670927718771,-0.37946470532944826,9.215997744148886,0.7720532944825641,0.9567511044271078,0.5867562740859104,0.9567511044271078,0.16007143528527118,0.07332691042391203,0.08674452486135915,1.0381883056350252,-8.005404014410706,18.70915007798013,0.5148602091703289,-0.03770613005882542,70.46832611607839,0.0,Real Estate
2006-03-31,SBAC,2006,Q1,USD,0.5020202313818964,-0.07019940701122028,0.3147636765304343,-0.07019940701122028,-0.12800127899540725,-0.13378582640544154,-0.13378582640544154,-0.13378582640544154,1.6642639446567655,2.5376240556954524,0.0,0.09393563325728813,0.07241596342364454,2.4483164149541965,2.4483164149541965,0.01977275405563418,1.235330527358257,-54.48388212927757,0.7668101929305732,0.7668101929305732,26.364439158376154,29.15668478576827,209.25175132992595,131.8759229555614,0.8311111625664914,10.37779763703986,0.9121095284078046,0.9121095284078046,12.486654137808676,0.9159090001464304,0.3138565651563918,0.22109179698854717,0.6302261372600578,0.0,0.0,0.0,0.019264060218550587,2.7043555555555554,2.7043555555555554,0.0,0.0,0.0,0.8029033537937312,-0.10741708871099494,9.214845846850421,0.6986953579013699,0.8879384787733097,0.4493430111793124,0.8879384787733097,0.17751534529838728,0.0656405349265993,0.111874810371788,1.0451913250823208,1.8233954451345755,26.364439158376154,0.39362861370569935,-0.045191325082320884,126.32772498499331,0.0,Real Estate
2006-06-30,SBAC,2006,Q2,USD,0.5401941036440212,0.032274308734663984,0.4632164438747482,0.032274308734663984,0.8634064273942501,-0.865661051089544,-0.865661051089544,-0.865661051089544,1.968016577323303,2.9543348775645266,0.0,0.08018839353397562,0.04349483941814402,0.11844357949765134,0.11844357949765134,-0.023679380785189913,0.05320632090677751,-8.478963351754409,-0.014131605586257348,-0.014131605586257348,6.337490229405168,29.35963330891778,506.88150958308637,212.04557116878823,0.7491729230487405,3.7180139629335005,0.788046409388277,0.5001321336748227,4.962824801253007,-0.18387882550388535,0.010450192712679301,0.13845907342977476,0.41833360886096876,0.03661545454545455,0.0,0.010998181818181818,0.008038538205980066,1.7191985220974848,1.7191985220974848,0.0,0.0,0.0,0.8903380953351403,-0.7707310114328803,15.335547901934012,0.627646783101347,4.124661191383562,-3.145050846766798,4.124661191383562,0.123275387719334,0.07170514989096986,0.05157023782836414,-1.0026113121512175,26.75212765957447,6.337490229405168,0.586669774366259,0.002611312151217508,99.04460443741661,0.0,Real Estate
2006-09-30,SBAC,2006,Q3,USD,0.5706107647801817,0.06433606323595323,0.5096565212076763,0.06433606323595323,-0.24596626329299598,-0.24794238683127573,-0.24794238683127573,-0.24794238683127573,2.225819616378724,3.526351012213485,0.0,0.08870680634895392,0.04903380351615705,1.579816653934301,1.579816653934301,0.012004356434662153,0.6174942704354469,-25.921530442463332,0.36962182297586604,0.36962182297586604,6.505287564599899,25.708184512895734,404.329363985902,192.37928881774522,0.7516998155463509,3.8792159086515534,0.7950490368284675,0.7950490368284675,5.160591805961878,-0.19981823973425958,0.20044308632543928,0.13363280772521696,0.47579846024849454,0.0,0.0,0.0,0.008716943521594684,1.9076632252435655,1.9076632252435655,0.0,0.0,0.0,0.9463912159100768,-0.23465049694889764,14.508401376611108,0.3896060077313873,3.740034511679022,-3.2395766053232817,3.740034511679022,0.1264689153885456,0.06629520017737846,0.06017371521116713,1.008034124321862,-3.8231475617479416,6.505287564599899,0.5963173603210484,-0.00803412432186193,79.7139722988368,0.0,Real Estate
2006-12-31,SBAC,2006,Q4,USD,0.5866356589147287,0.06257364341085271,0.5042687338501292,0.06257364341085271,-0.2512868217054264,-0.2508010335917313,-0.2508010335917313,-0.2508010335917313,2.4076746963965756,3.7027127117859457,0.0,0.08748198368449701,0.04728064225438012,2.186773828700689,2.186773828700689,0.010252527898885248,0.7908283922267539,-29.751339377704515,0.0,0.0,7.48252880770935,29.846666666666668,110.63426688632619,81.27170639723059,0.7599110977318975,4.029322063323841,0.8011660443675966,0.8011660443675966,5.302359809391041,1.8050036379918286,0.6088871371285601,0.3672454780361757,0.7345979567138555,0.0,0.0,0.0,0.02284951768488746,3.767868504772004,3.767868504772004,0.0,0.0,0.0,0.9213759213759214,-0.2310820334076148,14.808677599375274,0.4394796487819744,3.675228082204826,-3.227920309315658,3.675228082204826,0.3383711406967221,0.08980439212997353,0.24856674856674857,0.9980667982889109,-4.01585728444004,7.48252880770935,0.53849736725001,0.0019332017110891741,90.11472083299172,0.0,Real Estate
2007-03-31,SBAC,2007,Q1,USD,0.6089470607882431,0.07541123914495658,0.514309869739479,0.07541123914495658,-0.17015280561122245,-0.17111305945223781,-0.17111305945223781,-0.17111305945223781,2.680093991272239,4.15826859045505,0.0,0.08596423540389947,0.042653673964376915,5.29933831990794,5.29933831990794,0.012686997776336606,3.9464182968929804,-47.61544314993291,1.5645074177835097,1.5645074177835097,13.436164637032574,32.59049661823647,150.28301968522885,117.61452086786198,0.848105052836277,8.197426739532682,0.8912739369043553,0.8912739369043553,9.665579413916262,0.6213934785076127,0.4773446490218642,0.27709585838343354,0.7826201597107126,0.0,0.0,0.0,0.013935958005249344,4.600242592271703,4.600242592271703,0.0,0.0,0.0,0.9067060360002271,-0.15514924384380974,18.028504911702914,2.0771487517271403,2.199288323585638,-4.790339371226317,2.199288323585638,0.25124448734692334,0.05461548653303806,0.19662900081388526,1.0056434793276898,-2.256332179930796,13.436164637032574,0.6101016890593203,-0.005643479327689854,97.57374530695078,0.0,Real Estate
2007-06-30,SBAC,2007,Q2,USD,0.6086310562474448,0.07788491260257854,0.5153406654767722,0.07788491260257854,-0.14927858488966886,-0.15028567440098117,-0.15028567440098117,-0.15028567440098117,2.5620529327610875,4.441050011314777,0.0,0.08957718148380378,0.044503581977223025,4.731308610764737,4.731308610764737,0.014197231492797353,1.666023264950549,-57.47651937367304,9.196243099787687,9.196243099787687,14.753393990743856,34.551589905174055,180.24158127438233,129.62533293431096,0.8453501746613274,8.11083530959548,0.8902405799228085,0.8902405799228085,9.594645571398768,0.4383701158770331,0.4566216285465384,0.2665496714495109,0.7191755199760587,0.0,0.0,0.0,0.01403254593175853,3.5609431197548953,3.5609431197548953,0.0,0.0,0.0,0.97216944552152,-0.14610314075222955,18.466459868165956,1.9273846452113221,2.27676424970919,-5.036264055835595,2.27676424970919,0.25913144629701435,0.07277045366421094,0.18636099263280342,1.0067463763275666,-1.9166559979516067,14.753393990743856,0.5497606391237259,-0.0067463763275666284,102.01827293307277,0.0,Real Estate
2007-09-30,SBAC,2007,Q3,USD,0.5770196025232314,0.05146267962519743,0.48863867598182187,0.05146267962519743,-0.1646495673491536,-0.1699014544432709,-0.1699014544432709,-0.1699014544432709,2.417338142977607,4.603184646209006,0.0,0.08898916360481951,0.044844711482264134,3.961552515768235,3.961552515768235,0.01358121933380514,0.6888931255262698,-53.2705269761606,-3.995289523212039,-3.995289523212039,13.583991157746244,36.20296004883674,168.93568818954603,129.35125605871764,0.8277940656942585,6.926189723061485,0.8738359747949925,0.8738359747949925,8.367044425780696,0.5098221320930416,0.45889137791335016,0.2798810089049525,0.7656834233485666,0.0,0.0,0.0,0.01516220472440945,4.2677304964539005,4.2677304964539005,0.0,0.0,0.0,0.9905267401236226,-0.1682919338119553,18.284255384497254,1.5798172534264983,2.6398721541828234,-4.93074058432833,2.6398721541828234,0.27722962337313317,0.06495949629515875,0.21227012707797444,1.03189736346516,-3.199397476934664,13.583991157746244,0.5098788450780048,-0.031897363465160075,111.00620052351869,0.0,Real Estate
2007-12-31,SBAC,2007,Q4,USD,0.6052909469895228,0.08907008989651341,0.5171115579919745,0.08907008989651341,-0.2639596705324922,-0.26518094083725885,-0.26518094083725885,-0.26518094083725885,5.395778625575979,3.7848903759795722,0.0,0.09136395325717364,0.04567460029534589,2.7991597741893135,2.7991597741893135,0.008595791164533066,0.922567940133911,-31.044412202638597,-0.5277550074448563,-0.5277550074448563,10.628992237492998,32.929545742541535,108.52250930549252,87.9599293598234,0.7989689316422314,5.64626797988091,0.8495396208778933,0.8495396208778933,7.066943101623932,0.6733817487038222,0.5352500984639622,0.3743698520701909,0.8105224429727741,0.0,0.0,0.0,0.021401574803149605,5.2776699029126215,5.2776699029126215,0.0,0.0,0.0,1.0276485519896577,-0.27251280986666415,17.976276976210922,1.183452388816019,3.1837449161578895,-5.016447585705793,3.1837449161578895,0.38472063638851406,0.07289592632085531,0.3118247100676587,1.0046267306755723,-2.9635051546391753,10.628992237492998,0.5312138586350744,-0.004626730675572253,96.25951025481666,0.0,Real Estate
2008-03-31,SBAC,2008,Q1,USD,0.6339510721726394,0.08389966975081198,0.5825122592501615,0.10769944594557712,-0.13242719506536751,-0.1749137985934842,-0.13313682141979857,-0.1749137985934842,2.97458865555315,3.554014663015635,0.0,0.09181985708724628,0.04566741811673263,3.189293237451878,3.189293237451878,0.016851392229272736,1.8447446793055857,-55.27590320486538,1.066035276093832,1.066035276093832,9.92868776600478,29.437032215216938,122.64072584618883,93.1250617355015,0.8080927266668938,5.968326444442399,0.8564935199329601,0.8564935199329601,7.385695041532801,0.7639969139020373,0.5047577540495387,0.31610214980394297,0.7593322780256152,2.2541416989777936,0.41727176594994714,0.0,0.017863753213367608,4.155106433867496,4.155106433867496,0.0,0.0,0.0,1.0133494362444568,-0.13491412292913182,18.192939918317677,1.2793517041735427,3.0044252274843504,-5.07249997695194,3.0044252274843504,0.3203219352994865,0.0770911504669537,0.2432307848325328,1.005358615004122,-1.2295995945261025,9.92868776600478,0.6011193608965711,-0.0053586150041220115,78.92870728431312,0.0,Real Estate
2008-06-30,SBAC,2008,Q2,USD,0.6484118193511504,0.0641614263255681,0.5850721737887666,0.09638059168214949,-0.16256967271687867,-0.23441296269829928,-0.16426682864084607,-0.23441296269829928,7.12752276055262,3.8809899428120684,0.8731172777888689,0.08502035667661781,0.040961410613334484,3.932323544841873,3.3258989225036655,0.012922450698078939,2.7881730989117424,-52.4440906742795,-1.7044329469140838,-1.7044329469140838,29.68327865194475,34.459297824067455,104.39713446810813,85.03697284309835,0.8982444534777062,18.889701073365906,0.9497227235185003,0.9497227235185003,21.029577193859886,0.6073026911789436,0.610258410793796,0.40522724024581963,0.814552748754574,1.9650379106992417,0.3246479720784691,0.0,0.018479022403258657,5.392368952811125,5.392368952811125,0.0,0.0,0.0,1.0450009801084654,-0.17165899692899347,23.22610635577004,2.0211143366532562,1.2131409209285828,-8.089404560771392,1.2131409209285828,0.42346286322353005,0.07853002398932149,0.3449328392342086,1.0104395604395604,-1.6867469879518073,29.68327865194475,0.6363751556847752,-0.010439560439560439,93.21400473282442,0.0,Real Estate
2008-09-30,SBAC,2008,Q3,USD,0.6459681769147788,0.07922060409924488,0.5759927858683926,0.09630360032362459,-0.13483515372168284,-0.23300970873786409,-0.1384085086299892,-0.23300970873786409,4.401023700901302,3.9840667678300457,0.0,0.08263027450805613,0.03502400343817078,5.102264274450296,5.102264274450296,0.013136556600472311,4.355529768811925,-42.28862083663156,3.5945327711136783,3.5945327711136783,7.1729816933047585,23.41241976806904,63.0652458569807,51.446795807252116,0.8345852588427816,7.300596452270908,0.8795267297055,0.8793202623177215,8.747574169227194,0.37572850119932555,0.5355509932855287,0.4550802319309601,0.8157709544797955,1.6124062292279935,0.31200851900393184,9.817818181818183,0.01909778712110709,5.428025733815843,5.428025733815843,0.0,0.0,0.0,1.1049690829173806,-0.15293712284884153,26.671310437309096,4.0910750204872235,3.6065894360426136,-8.484066527601877,3.6065894360426136,0.5028495865305819,0.09263949936675855,0.4102100871638233,1.026501656353522,-1.4001050144394855,7.1729816933047585,1.017791033690392,-0.026501656353522095,75.59173428926769,0.0,Real Estate
2008-12-31,SBAC,2008,Q4,USD,0.653638723787278,0.18511630674928772,0.5858780471475649,0.08575530577479562,0.022532340492006933,0.019965929970467682,0.019965929970467682,0.019965929970467682,8.221454345299982,5.194800847930381,0.9642354208084825,0.08945997529733701,0.04185852876592554,1.7033688765260393,1.1703534450405104,0.02079530133111548,0.8704329205024616,177.16229508196722,-1.5387576295480652,-1.5387576295480652,3.8677775089017183,14.148839908055553,63.09761146496815,48.04643948771061,0.7954705390738557,5.194943051372725,0.838578015696462,0.8291310355946461,6.5306542432370325,0.5632421334897557,0.43697154336931804,0.29448258932224447,0.7614620961426731,13.069,0.0,6.597833333333333,0.015495995553224303,4.192205866779625,4.192205866779625,0.0,0.0,0.0,1.153451456518941,0.023029731005191127,21.91994508558926,0.6780042043845724,4.219477455060277,-8.008691921575357,4.219477455060277,0.3396713715732121,0.08102449697541722,0.25864687459779484,0.8861010234400792,0.26275156141568357,3.8677775089017183,1.2577349572116805,0.11389897655992076,55.584992191368606,0.0,Real Estate
2009-03-31,SBAC,2009,Q1,USD,0.670211032950759,0.1334542761940022,0.6047834135505369,0.10625694187338022,-0.1306775268419104,-0.13246945575712699,-0.13246945575712699,-0.13246945575712699,9.591619318181818,4.423718712753278,0.9787065726152021,0.09106829414013795,0.0425753935977705,1.7508687079942922,1.2551659531823578,0.018146447617661647,0.9780072546648803,-38.4156959195081,0.05049428473496433,0.05049428473496433,4.228303358153285,20.35562532395409,65.88915200613584,55.77930362795228,0.7421356107464644,3.6208146132655745,0.7835879420201863,0.7831548606538951,4.878912372394636,2.036139401295108,0.5368452011372178,0.3649315068493151,0.8465627789952114,1.9542127618727652,0.40228757253791597,8.214,0.020935665012367946,6.517323459402275,6.517323459402275,0.0,0.0,0.0,1.1446467317602387,-0.15163072959045296,20.254780309194466,0.7623745592622728,5.510484472470844,-6.401206943314348,5.510484472470844,0.41771765663140764,0.06409343639815568,0.35362422023325196,1.0137126019945604,-1.2298257839721254,4.228303358153285,0.8563280130513078,-0.01371260199456029,61.38048141436897,0.0,Real Estate
2009-06-30,SBAC,2009,Q2,USD,0.6778736370645031,0.09851316127611146,0.5702705679356804,0.09984213811079702,-0.21439113036455082,-0.21607254304489887,-0.21557325893021037,-0.21557325893021037,9.983506817182231,4.53738752714862,1.1934062346988739,0.09212897447622552,0.041835214195252296,2.5463592207979704,2.167256189994947,0.013584806633276022,1.7967124191768673,-24.464566246594007,-0.3669684936989101,-0.3669684936989101,4.181350259850071,21.095625096369176,65.16338164251208,49.398553350985175,0.7340128784697701,3.4776496921238724,0.7766685496279472,0.776232172712926,4.7378592312629255,1.2444491145995138,0.5997875653545905,0.42704945115459453,0.7580722808706716,1.592870659865065,0.3190820349164633,9.693666666666667,0.02433977084743096,4.133465993888139,4.133465993888139,0.0,0.0,0.0,1.163274370296979,-0.25077084703490804,20.774032917944293,1.5203324251146662,5.868917568479403,-6.0885385081867796,5.868917568479403,0.4967756813775314,0.12018380751458417,0.37659187386294724,1.0055138874618994,-2.147301073687307,4.181350259850071,0.8317049460115232,-0.007842734340217131,65.51574213318226,0.0,Real Estate
2009-09-30,SBAC,2009,Q3,USD,0.6748630545125602,0.002046105579047879,0.46831408079604275,0.10734516006289083,-0.3601935544084601,-0.36032278212924207,-0.35974843670354445,-0.35974843670354445,8.911644273832374,4.4653914415302705,1.7067912866510893,0.09481460001483935,0.04155891971692351,3.104889106727117,2.8726521609746705,0.005467537669702058,2.50182050519019,-15.735808836735915,-0.21855290051022103,-0.21855290051022103,4.943996520103457,22.64373051712626,63.229673629766246,50.58171084917008,0.7484236647359488,3.931999372991614,0.7972424721957279,0.7972424721957279,5.25370797084411,0.7134902828574649,0.5457576977611287,0.4476663627422122,0.7999679255873626,1.2924726494371332,0.29633740288568255,0.0,0.024858287231917794,4.99919826825944,4.99919826825944,0.0,0.0,0.0,1.1937078998337418,-0.42943455084585985,21.929580240988635,2.50394220386336,5.467236857892121,-6.40393877586,5.467236857892121,0.5343828736952162,0.10689371475584046,0.4274891589393758,0.998764226345897,-3.3554708400214017,4.943996520103457,0.7953078763310566,-0.0003587729963524745,82.42397908969662,0.0,Real Estate
2009-12-31,SBAC,2009,Q4,USD,0.6768933646020141,0.057932128569457855,0.5110084149537867,0.08315629742033384,-0.3007863153538419,-0.30080011036004967,-0.300110360049662,-0.300110360049662,7.380370596619833,5.081245254365983,1.167218996835522,0.09685103858676845,0.04375241048681724,1.49212789415656,1.2392817766577413,0.008172246201399789,1.0163301307292487,-22.949655251666282,1.6447252930360832,1.6447252930360832,6.667664940554292,27.549717202372737,99.55528414755732,75.70858843376234,0.7511514506981132,4.155106387951268,0.806017582423276,0.8042011664895098,5.531649288688121,0.910092434205364,0.3323799023468263,0.3638915712512071,0.7604678052201603,0.9185295393961936,0.2318149479877709,1.8415596202178162,0.021195636889576343,4.174804146553771,4.174804146553771,0.0,0.0,0.0,1.2399401325636092,-0.3721188796236904,21.732366901860168,1.4254351079751977,5.131058370750481,-7.1468206115031006,5.123232841565106,0.4512037630960017,0.1080778276673081,0.34312593542869363,0.9977527059255182,-3.617120106171201,6.667664940554292,0.6231726436460451,-4.58631443771785e-05,85.33179008179683,0.0,Real Estate
2010-03-31,SBAC,2010,Q1,USD,0.6818707126685365,0.09923292670563985,0.5843881999121414,0.11412158280674484,-0.2521001588213429,-0.2528368195181293,-0.25226235934173624,-0.25226235934173624,9.980775716694772,4.39801924694011,1.7369741697416974,0.10047410550103622,0.045240367255226115,1.325169853057355,1.1305390769761128,0.011121228031697716,0.8494376535141269,-28.294260435085462,2.093775272196325,2.093775272196325,7.512704376790615,28.550307572736795,167.25843370154809,112.89877224865039,0.764789226332086,4.448372508256166,0.8164589520109621,0.8146979016932374,5.816468583887449,2.3983499339487313,0.2687341099412517,0.252884128003244,0.6749959912341654,1.0648450697278702,0.3248244685967106,1.2851353207858223,0.014959116093662985,3.076885124578571,3.076885124578571,0.0,0.0,0.0,1.2633839375672398,-0.3187042128451647,21.801396881777354,1.0402670810635428,4.801200498642395,-7.327993988968391,4.801200498642395,0.3194897453849963,0.10383544800969961,0.2156542973752967,1.0006433971368827,-2.209048916261992,7.512704376790615,0.5921133436314562,-0.0029220953300091146,76.41493783899432,0.0,Real Estate
2010-06-30,SBAC,2010,Q2,USD,0.6766786396142769,-0.20309355078794938,0.5852829822347345,0.12959259618807237,-0.542808141604375,-0.5426916480600589,-0.5416885092062259,-0.5416885092062259,9.054497509522415,4.957134352053979,1.7788776527560177,0.10366363376543566,0.04499970731187362,1.9328197835693834,1.753732057111155,-0.004897450973610487,1.4535350121479176,-11.749843665993618,-0.09399874932794894,-0.09399874932794894,9.888293969192405,25.459021195353202,86.68577919788453,64.7891144160614,0.8176133598587408,7.056964888996139,0.8758837833132725,0.8747272616773253,8.631176097972974,1.613245074598816,0.38718378747202153,0.3929521405688768,0.7474018808570911,1.1019833824711873,0.3814749195100112,2.0518738805717955,0.021627253395454207,3.958857664471539,3.958857664471539,0.0,0.0,0.0,1.3358722528660107,-0.7236266491449519,24.725684297892208,2.007167188283506,3.43942040011758,-8.950651012397765,3.43942040011758,0.5249338612902668,0.13259730603634604,0.39233655525392075,0.9979373330789775,-4.1885737115461446,9.888293969192405,0.7136685975338669,0.00021461274322777567,72.02180195720683,0.0,Real Estate
2010-09-30,SBAC,2010,Q3,USD,0.6810365476985918,0.11851212163235461,0.5908649664023399,0.13028075793295596,-0.2134113286519333,-0.21794354584536252,-0.21739514126145662,-0.21739514126145662,8.346503919608566,3.335596572181938,1.680091639551099,0.10589087316817573,0.046333225854688874,1.792907646001044,1.5987895818965796,0.011546165165305869,1.2712354901290983,-33.52140164694966,0.5746525996619942,0.5746525996619942,12.433473235339191,29.149559385282586,194.70103995621238,104.57349223219737,0.8243492284902522,7.588905887445654,0.8835707349568594,0.8824641239804447,9.205935573378646,1.1781629682440662,0.2850154363757066,0.27874711614830877,0.5370977589832885,1.124303482286391,0.3925024213304974,1.470308551669105,0.015667210743311205,2.16028334147533,2.16028334147533,0.0,0.0,0.0,1.3825251856241503,-0.30055425802628366,25.056436713493916,1.7498867082650678,3.241250392163698,-9.287203262801967,3.241250392163698,0.38537490849513717,0.17839090877400912,0.20698399972112805,1.0186672967863895,-1.638087865299013,12.433473235339191,0.6103608978604621,-0.021237003780718338,77.34090850900401,0.0,Real Estate
2010-12-31,SBAC,2010,Q4,USD,0.6869369233279153,0.08744569387964736,0.5268675565115984,0.10087796153404593,-0.23194378145827416,-0.23312205055076526,-0.236626645800226,-0.236626645800226,8.810530238500851,4.373343462479952,1.236598405651821,0.10786355892324799,0.04867308300308072,1.123621576916008,0.8027706303988238,0.010932097997356388,0.49205109354897997,-29.903418196675265,-2.2427563647506417,-2.2427563647506417,14.77150212859891,28.30378218336284,116.67017958106055,79.66446776305719,0.831560140286897,8.916306644382075,0.8991560027476022,0.8991560027476022,10.722383400081991,2.378428484173463,0.4502772161980028,0.3552874070224838,0.6828177349954931,1.6459192553634265,0.3158462295206024,0.0,0.020795770040142176,3.152761394101877,3.152761394101877,0.0,0.0,0.0,1.4464497972311565,-0.34226856383722554,25.173996643826037,0.5966822821982939,2.8853744231576,-10.22478499510558,2.7715529296601873,0.5139053978464551,0.16300167808698085,0.3509037197594742,1.0201896524774658,-2.2992512728361785,14.77150212859891,0.6036154323885133,-0.005079977074975251,85.4107120821148,0.0,Real Estate
2011-03-31,SBAC,2011,Q1,USD,0.6977388836893216,0.11617953013132716,0.603163059094242,0.14246880756368147,-0.20080596605642956,-0.20492521564957167,-0.20418005472461834,-0.20418005472461834,8.67054323667752,3.8904319803575538,1.6840147464213358,0.10904879629563419,0.04839483962244011,1.4419237070363502,1.191530765840312,0.012536082855957085,0.7909053864129666,-33.13791480540714,2.816722758459604,2.816722758459604,21.306877669210333,27.06440503371108,137.40169723382363,85.34366374043648,0.8669288321873329,14.102812115751039,0.9337871654407275,0.9337871654407275,16.26755460441716,4.842428878657102,0.4423977313363327,0.3171226057979481,0.6211252514239525,1.889814571030955,0.4494489788242374,0.0,0.01770283451009468,2.639394691143637,2.639394691143637,0.0,0.0,0.0,1.466132359110614,-0.29935498531673893,26.72854321073976,0.8515941826317998,1.9704674171444554,-11.407023493217732,1.8623094672073837,0.46494371416585095,0.17615543280660048,0.28878828135925044,1.0168027311859877,-1.4094731997154692,21.306877669210333,0.6618901340073123,-0.020513581712928605,73.63038031231468,0.0,Real Estate
2011-06-30,SBAC,2011,Q2,USD,0.7070674001625227,0.1457618398975756,0.6153297515974581,0.15906765739273793,-0.17075409376041345,-0.17485808492104787,-0.17432608606689154,-0.17432608606689154,9.361482049036777,3.230417123331829,2.0916263149106697,0.11007682397412516,0.04631805663078536,2.730049291578646,2.5446758130789053,0.0131374929788744,2.149244376349328,-35.964096381501726,3.5964096381501776,3.5964096381501776,37.988093977205295,25.07792064447861,125.4101318520684,61.46780288592431,0.9001770642855189,29.43971449066161,0.967148180699698,0.967100323603852,32.70435968508958,1.2363072608739647,0.5400174880640094,0.4079846597253483,0.4901342656941837,1.7678429515902674,0.5025581352394674,13.9574,0.020992599482246518,1.9613006576358833,1.9613006576358833,0.0,0.0,0.0,1.5228535308571631,-0.2654730956874755,30.078193440404544,2.4979345464905096,1.1146771838609737,-12.697402158042804,1.0053149816601974,0.6213008795983049,0.31678002920123927,0.3045208503970656,1.0209189263215557,-1.0734683376823846,37.988093977205295,0.7749721401744155,-0.024034511092851273,69.70059627187565,0.0,Real Estate
2011-09-30,SBAC,2011,Q3,USD,0.7046579587465608,0.1444041264832041,0.6170641815105754,0.1570558647443164,-0.18824373821554097,-0.1904710365766823,-0.18971910976422537,-0.18971910976422537,9.839087546239211,3.245914981531334,2.0967768026853237,0.1124716416724702,0.04864014620665655,1.96060770237934,1.7745421162731199,0.012485354473948856,1.349233223471338,-28.530245909022668,-2.5677221318120442,-2.5677221318120442,603.3972630576282,21.650931420856853,169.11984337456613,59.90888451050549,0.9252073486799341,530.1160501666931,0.9981171723210283,0.9981143541386021,572.9699952373393,0.999609947755776,0.47739551823257637,0.36139767244473053,0.35423923837145155,1.7025364376301344,0.47213850263716695,12.6886,0.018999455258907744,1.5485611071785985,1.5485611071785985,0.0,0.0,0.0,1.5925411858625445,-0.3021354960447057,30.822238551418828,1.6745681834675956,0.1673833369620437,-13.893896509180637,0.057143116336454025,0.5755406778430946,0.3716615864721678,0.20387909137092677,1.0078375597651759,-1.1985782162417031,603.3972630576282,0.8785522948519967,-0.011831991769049205,64.2575154396492,0.0,Real Estate
2011-12-31,SBAC,2011,Q4,USD,0.7265625425010472,0.16306257786191852,0.5952322665230472,0.17397548675599367,-0.15689346585499866,-0.1586832699557717,-0.15820453815982025,-0.15820453815982025,4.623795748962395,3.940650725205802,1.376615907099036,0.11609183569713899,0.050970233742855406,1.01950646668926,0.7317407649687503,0.013966976255030995,0.3729163546945563,-40.42244833396376,4.042244833396381,4.042244833396381,-415.63695571466457,25.580059079855726,145.13104972375692,75.07625425108972,0.9301480507287186,-296.5159550959074,1.0033839120452073,1.0033889805558251,-318.7836117740652,2.825072617455853,0.4936200061474925,0.34072103536631143,0.5172997397454935,1.7094368007020404,0.5437480871901248,12.5262,0.018670824284502688,2.0716790156125957,2.0716790156125957,0.0,0.0,0.0,1.6794331813655177,-0.26569395082820935,31.185065735978,0.48503924058728404,0.006861392561190648,-14.97476542442875,-0.10335943281591185,0.5722182123833974,0.27620988003983443,0.296008332343563,1.0083564493758668,-0.9018136335209506,-415.63695571466457,0.7134013254092498,-0.011407766990291262,73.20083973860989,0.0,Real Estate
2012-03-31,SBAC,2012,Q1,USD,0.7288534469323081,0.19697127123486935,0.6396643981505533,0.20930437944828303,-0.1107797807678321,-0.1176736453841758,-0.1175697438827991,-0.1175697438827991,8.048586720187322,3.9772155757067744,2.9865529869535363,0.12219554588379584,0.04710239172677529,5.306803121132596,5.153414726198731,0.01558815133788535,4.612833858495782,-62.54484015288764,2.412443834468523,2.412443834468523,21.812094948607708,29.413523351862434,137.46258886083325,85.73302710478498,0.873635947868035,13.754280122663461,0.9322230571951836,0.9321344552052161,15.743720432095913,0.7806359776300689,0.5796389105878016,0.34308275754584655,0.6236826165960024,1.8960755927084794,0.6801093873968163,13.208,0.018497428454109066,2.6573314018992433,2.6573314018992433,0.0,0.0,0.0,1.727436709712737,-0.20309429153467168,32.571411905125146,4.7679999282066925,2.4375263616049394,-12.319893027972467,2.3294415378126376,0.5926537498541699,0.2230259084096885,0.36962784144448135,1.0612924404426938,-0.5292759810370076,21.812094948607708,0.6305804259091313,-0.06223035077846558,70.71023974855639,0.0,Real Estate
2012-06-30,SBAC,2012,Q2,USD,0.7110806600130047,0.03900116519090366,0.6338071194473417,0.15159700977974838,-0.2285912536494041,-0.23929617232606143,-0.23335238951415466,-0.23335238951415466,8.729742085412777,3.9330481791718648,0.46652808117821154,0.11087230526934605,0.04780209693637012,0.2884990179210378,0.15345364435038142,0.00942157709937897,0.08254316579624527,-32.35895375149611,-0.26965794792913433,-0.26965794792913433,14.413294390820395,30.204156720358547,116.72668229500455,83.66101246237714,0.8363939036143573,8.349499682420683,0.8930424050518723,0.8655509877009512,9.982736180093504,-1.7833769811775968,0.07872714192182956,0.36103025568739716,0.7167256947382418,0.14579648818981256,0.5665220652989335,0.09011814737594308,0.020633822418783115,3.5301472157030083,3.5301472157030083,0.0,0.0,0.0,1.8888128719563462,-0.44075899701610644,33.55401506783824,0.7563181061342917,4.05757595740121,-13.428609109942466,3.9581513048352264,0.6819185941080467,0.19317001599103184,0.4887485781170148,1.0208281628834883,-1.50788761586735,14.413294390820395,0.5792915523697587,-0.04682995742731143,74.66410231693462,0.0,Real Estate
2012-09-30,SBAC,2012,Q3,USD,0.6995758698440107,0.06627243237806257,0.6273647770802075,0.172128948978651,-0.22061054625617127,-0.22492309497665608,-0.2197974904235434,-0.2197974904235434,6.802736992159658,3.6088707647384584,2.524404845752923,0.11627581723616506,0.03922318350760855,2.260442831215971,2.2192145190562615,0.008625013052864278,2.092261343012704,-36.55520463905044,16.084290041182207,16.084290041182207,17.407398360126574,32.13896896632943,122.53996211537233,86.40231233724678,0.8722308158907434,12.044548207402833,0.923339621725458,0.9155575464929567,13.80890010759669,3.9615148345536353,0.1288624319419238,0.37196885241779337,0.7050949816346306,0.24858246927080982,0.5999970782446093,0.16758844022318942,0.016726997363190166,3.39092228929472,3.39092228929472,0.0,0.0,0.0,1.965526649787067,-0.4320178249837922,44.272539233635555,11.916014581567445,3.72618566095564,-13.577707778085331,3.628916779700828,0.7311146923178853,0.2156093917651974,0.515505300552688,0.996314519652729,-1.2816585912200822,17.407398360126574,0.6919213444878966,-0.019548243697638634,77.0479503328813,0.0,Real Estate
2012-12-31,SBAC,2012,Q4,USD,0.6956653428214579,0.09050472874786024,0.537539009192046,0.10566258622860662,-0.17270564693150378,-0.17878036080737542,-0.17863061996113544,-0.17863061996113544,4.683247533589404,3.2290748898678414,3.2274433376642127,0.10999855127639288,0.0445509495169292,0.4267316438343476,0.39465061457378126,0.013297779516314093,0.2698879688035494,-42.79909142868029,9.201804657166246,9.201804657166246,13.76117900552994,30.580912942713915,139.24328323054513,86.95664750624165,0.812070045910792,8.202414734659436,0.8913328698136525,0.8819983147030861,10.100624664045906,1.575533840028954,0.11964737266235029,0.351679990198781,0.6244943776732663,0.2825546913024048,0.40143776990509683,0.21739304219408395,0.019293504997943467,2.6630759715493246,2.6630759715493246,0.0,0.0,0.0,2.3210556248913883,-0.4146116052386294,42.91888497448617,1.8844689489565396,5.250493688683865,-19.506082244585222,5.15798827785589,0.816268819412629,0.3065135310194474,0.5097552883931815,1.0343067707101758,-1.6345014171605257,13.76117900552994,0.5960546499223134,-0.035173799952707495,89.32472754208584,0.0,Real Estate
2013-03-31,SBAC,2013,Q1,USD,0.6783636938585816,0.17188433294683952,0.5731862740400739,0.18131669812917836,-0.07352006413880557,-0.07147260525567682,-0.07147260525567682,-0.07147260525567682,4.10095492592447,4.433168970678876,3.74609375,0.11789935185125908,0.048539004959003144,0.39983529293270414,0.3600212104784503,0.017948147478638123,0.18104446794581255,-100.13888879938327,1.7850845394672668,1.7850845394672668,12.865707933165384,28.628749079601747,154.98315960471024,95.90839257693789,0.831610641119958,7.699463858923842,0.885050387447244,0.8751975999931207,9.258496077629209,-0.6954668289795062,0.13841910838969218,0.2985009790111508,0.6188310576552669,0.3243193110540031,0.7388486118522953,0.19532076228853767,0.017422745434061308,2.6235086044748885,2.6235086044748885,0.0,0.0,0.0,2.518447445940693,-0.18000000016088666,43.76617629939773,1.0167715418455234,5.604044516986097,-19.21641581982161,5.604044516986097,0.7517590282014293,0.2865471936776432,0.46521183452378606,0.9721510188121824,-0.40547872808949176,12.865707933165384,0.5984485190337694,0.0278489811878177,79.15604577983594,0.0,Real Estate
2013-06-30,SBAC,2013,Q2,USD,0.6801621929973327,0.1271549929849987,0.6055842493948598,0.1527389340281525,-0.10491358443440588,-0.11069517892107739,-0.11069517892107739,-0.11069517892107739,3.886824789961288,4.303763329322435,0.0,0.12616873514583488,0.05001229083603285,1.6537684712867196,1.6537684712867196,0.01739031528563911,0.8898251744967074,-65.9572417058971,-1.1872303507061475,-1.1872303507061475,21.736038206532836,29.204594687100105,94.56821710999282,70.71698172939797,0.8699520055961086,12.946362140465464,0.9282967135136629,0.9281785267249782,14.88169698694396,-2.4383101260112476,0.6290852896692313,0.4129785233036802,0.747788040110206,2.281453419500123,0.6581629263496366,13.3931,0.023741541928334865,3.9649190325350068,3.9649190325350068,0.0,0.0,0.0,2.539326458543766,-0.28109119666752796,44.760282821639144,1.5255298990705723,3.411845309404681,-20.769686719441246,3.411845309404681,1.0486872910353684,0.2644914769835491,0.7841958140518193,1.055108158946626,-0.6868817377962612,21.736038206532836,0.5956173805663624,-0.055108158946625914,75.98482173589825,0.0,Real Estate
2013-09-30,SBAC,2013,Q3,USD,0.6889585478810216,0.2841574975759875,0.612395887911254,0.19242142285015687,0.06545737050353213,0.06483405300908779,0.06483405300908779,0.06483405300908779,3.3475530467214356,3.9473784775298073,0.0,0.1287865420479563,0.05043627176119171,1.544084031353566,1.544084031353566,0.025230121452105844,0.7490726020137785,119.47456109795179,-0.7433972690539222,-0.7433972690539222,22.945944842996326,30.984080109848417,125.9162864974669,89.56146454403816,0.8578312345430765,12.59581338405857,0.9264479460145779,0.9263119736777888,14.683323335466707,2.3998525809179005,0.4543617366268815,0.3459532541991123,0.7112778420910618,2.422131880446834,0.8798413856723898,10.212355555555556,0.02034035558841484,3.463537427270809,3.463537427270809,0.0,0.0,0.0,2.596817453180592,0.16836220041443484,44.73516831528326,1.5191930249833836,3.5065019353325253,-20.908707041482582,3.5065019353325253,0.8983774484888767,0.25938147554443447,0.6389959729444423,0.9904775048302512,0.3401771462552033,22.945944842996326,0.5489341785767922,0.009522495169748827,77.43675955018611,0.0,Real Estate
2013-12-31,SBAC,2013,Q4,USD,0.7002438908037066,0.1535617598301709,0.6121927512552326,0.17723824971078964,-0.0653376903719782,-0.0571324643108445,-0.057138427411179624,-0.0571324643108445,3.3809058193804624,4.136984610320138,0.0,0.13007689909107972,0.049445187130299204,0.45962874144178,0.45962874144178,0.017765337082970366,0.1633227360089237,-150.4904383218535,0.7994804535848468,0.7994804535848468,32.316789386104,34.395147944519316,129.59025646210358,74.64779143128919,0.8663488318472081,16.462651905223467,0.94273492906877,0.9379371652177874,19.00233635696397,-2.517562724014337,0.20669330041341602,0.46076578134503693,0.5760293518141052,0.37470961746941306,0.8097008826413861,0.32069618125448757,0.026297317482690267,2.358653846153846,2.358653846153846,0.0,0.0,0.0,2.6119963241593074,-0.14924536236624455,46.33757768328583,0.9933959472298802,2.779979128701151,-23.598834945407535,2.779979128701151,1.2035185271716276,0.5102565300686884,0.6932619971029391,0.8745094460162454,-0.3686432837076289,32.316789386104,0.5094148341450743,0.12549055398375467,84.20952938483492,0.0,Real Estate
2014-03-31,SBAC,2014,Q1,USD,0.7188048039357546,0.22984806829691795,0.6226190131674143,0.19428736796411517,0.008950947764433512,0.004071769642598756,0.004071769642598756,0.004071769642598756,3.8302518400283763,3.693158494868871,0.0,0.12831343308522233,0.044350511118623724,0.6820062396023145,0.6820062396023145,0.01972223972617744,0.4266952439219376,2077.792750533049,-19.479307036247334,-19.479307036247334,29.515829858552,33.841173780928955,79.69778977284345,65.34136618891961,0.8817169108993034,17.339641786222703,0.9454733079491645,0.9414111150710497,19.665769786061162,-1.072018018465204,0.23648251338898146,0.5179134712776733,0.8198642192607493,0.36796659926530795,0.8795378024655776,0.3552471733468843,0.026051136007993296,5.551367950865438,5.551367950865438,0.0,0.0,0.0,2.687850031113877,0.010944306160547604,54.02993932794026,2.551088985687617,3.0817361543248287,-28.664421281891723,3.0817361543248287,1.39207373988799,0.25076228998133165,1.1413114499066583,0.45489815712900095,0.04607066253574833,29.515829858552,0.5874692281843015,0.545101842870999,84.78271313433669,0.0,Real Estate
2014-06-30,SBAC,2014,Q2,USD,0.7197903082781284,0.18874080642637317,0.6476344478639612,0.2172995670544051,-0.0193625788952063,-0.024690939439778833,-0.024690939439778833,-0.024690939439778833,3.8931421724915216,3.9065522507454005,0.0,0.14246636014835942,0.050686204381655935,0.23434004223849075,0.23434004223849075,0.020463465668822105,0.08033671390512011,-348.3570560895743,0.41769431185800276,0.41769431185800276,82.81593717040832,34.40505190130927,102.1961791433286,78.05948731907641,0.9067374896937478,43.06093993270052,0.9773041609750628,0.9731756149486231,47.48997413490031,-0.6054113116324016,0.12611398422399833,0.4407542642532993,0.76382001727872,0.21230595754622233,1.0441904475442092,0.1564469542677282,0.024637958586640706,4.234059078495728,4.234059078495728,0.0,0.0,0.0,2.9734005428460644,-0.07341605273361768,53.81063978286157,0.8800310197751067,1.2352694842962388,-30.103931756494767,1.2352694842962388,1.3105389685924778,0.30952307095773557,1.001015897634742,1.2751885775862069,-0.08910546467107554,82.81593717040832,0.5199595802930429,-0.2751885775862069,80.3130849401569,0.0,Real Estate
2014-09-30,SBAC,2014,Q3,USD,0.7155403223550889,0.1799269247100762,0.6480842527072691,0.22752502587129697,-0.03977187491259697,-0.04226874111667383,-0.04226874111667383,-0.04226874111667383,3.6915055378261687,3.57146049481245,0.0,0.14632377753478926,0.05036411869803427,0.5009452343475506,0.5009452343475506,0.017613529898876337,0.33445845314348915,-215.21898159287778,-2.791002340798097,-2.791002340798097,-48.085967535456646,36.388141665374164,157.01231417380714,95.1903407541422,0.966845400789244,-25.368470215075078,1.04103663427265,1.0482036969281454,-26.238393640148246,-0.46328820325673964,0.11167730256487204,0.3822671646838362,0.6062603513299588,0.21799585137766544,1.0356225262134573,0.13942362086137855,0.019912748036844074,2.5397493073856343,2.5397493073856343,0.0,0.0,0.0,3.047696170357857,-0.1288222804271345,59.1765261999597,3.5320583357872386,-2.306286130527099,-32.61140988484726,-2.306286130527099,1.165034173860484,0.4587201463044186,0.7063140275560653,1.062779695691088,-0.1748021992758482,-48.085967535456646,0.5275649324591295,-0.0627796956910881,84.00205738229097,0.0,Real Estate
2014-12-31,SBAC,2014,Q4,USD,0.723267627627034,0.20136682364219463,0.6647575938764719,0.23865057049815433,0.010656381722316385,0.000963595843195778,0.0009586543260511843,0.000963595843195778,3.0126241198100425,2.6137779748430607,0.0,0.14651444731190114,0.05161682794241898,0.9874278809847455,0.9874278809847455,0.019125315737318314,0.1191451442380305,9214.27569587629,-90.06434890706149,-90.06434890706149,-21.64127705811138,35.33322102912036,134.33932870522588,76.73824625043599,1.002509078735513,-11.895882263922518,1.091777790524693,1.0921939438010386,-11.86610926150121,-1.1974325557726815,0.5629210089110406,0.4604382137403826,0.5712269592981138,2.4171270718232045,1.2513927396159925,5.734,0.02370687763419469,2.332236183420104,2.332236183420104,0.0,0.0,0.0,3.1347269446144077,0.0030051195464438126,61.480912069272655,0.3484699449319588,-5.117997413118741,-37.566627682727535,-5.117997413118741,1.443348074942105,0.6188687428841403,0.8244793320579648,0.08996058428008347,0.044652655554405216,-21.64127705811138,0.5496848560267295,0.9100394157199165,82.22230767515332,0.0,Real Estate
2015-03-31,SBAC,2015,Q1,USD,0.7290621174657518,0.004552614766370637,0.6485366769569904,0.21723312216223598,-0.18548674206401458,-0.19271191482928304,-0.19271191482928304,-0.19271191482928304,3.398278048012463,3.2867918946901344,0.0,0.15176368187557637,0.05448088956199434,1.134520867367598,1.134520867367598,0.010838634735802512,0.21771806364232954,-47.87238548652411,0.002342857364756482,0.002342857364756482,-14.59647265684529,36.90231629821456,137.19239311745295,84.82477523429442,1.0579595605329932,-7.681024820937011,1.1496776358121283,1.1504104935947737,-7.260225350265146,23.860014545454547,0.622767701308312,0.43504172214175285,0.6182906596116766,2.3548404426775544,1.1430954397310544,5.286162962962963,0.022402992423381497,2.6197944199706313,2.6197944199706313,0.0,0.0,0.0,3.1732425426548536,-0.6115216466127597,62.22395635857159,0.5198823848028785,-8.022486168607575,-38.401191627655045,-8.022486168607575,1.3804929005300421,0.5269470344720857,0.8535458660579565,1.0389525023992008,-0.8538603147520374,-14.59647265684529,0.5262247257617305,-0.03895250239920071,86.60903854324506,0.0,Real Estate
2015-06-30,SBAC,2015,Q2,USD,0.7270248159258249,0.2672459971171452,0.6414595426389809,0.23901155089797033,0.07433333982624957,0.06891824769176828,0.06891824769176828,0.06891824769176828,3.4910450932891326,3.7610117749672916,0.0,0.14733966070951948,0.05298132848839047,1.09688779636623,1.09688779636623,0.02146088477388255,0.22240124309832068,130.79995345345344,-0.9613008627302,-0.9613008627302,-13.068083790433025,36.05801436070747,100.85792422632669,75.12616794504981,1.0650859025759356,-7.285710251740156,1.1590910111905264,1.1599894284591301,-6.840490737995397,11.910505328789966,0.6276754952969872,0.47996610697728775,0.7448712485542095,2.190941877044368,1.238962514199167,4.9281,0.023875296739499056,3.919589596754951,3.919589596754951,0.0,0.0,0.0,3.1884728551576367,0.2197439619902336,64.71310234533301,0.5476713583678159,-8.797770342134479,-40.09623551149376,-8.797770342134479,1.5303589034927683,0.3904385563120589,1.1399203471807093,0.9271512332536277,0.31100312745128,-13.068083790433025,0.5575194013581339,0.0728487667463723,87.28686555323591,0.0,Real Estate
2015-09-30,SBAC,2015,Q3,USD,0.7279681546495916,0.2558218802877768,0.3806663663919559,0.10489244890257708,-0.3749863050385285,-0.37967545984637296,-0.37967545984637296,-0.37967545984637296,4.14118346894125,3.4702922632543403,0.0,0.15095700866706802,0.055529064967255244,1.161669563286814,1.161669563286814,0.0009218846779885628,0.25417755067350756,-21.288617742840472,0.032299971747757956,0.032299971747757956,-7.822255586585268,32.33106292402643,115.187439325677,83.4113195571747,1.1473744507221204,-4.999157662094087,1.25005265720791,1.2515346276903583,-4.357041120226948,10.664009762176757,0.5522831264071156,0.3876100161904878,0.7241355485066424,1.2624217255530303,0.523321915312295,3.980125,0.018759021309437542,3.624968692365491,3.624968692365491,0.0,0.0,0.0,3.2396089248944464,-1.2300000082817129,67.58805324258049,0.583450621449881,-13.38999970540764,-42.865838655747055,-13.38999970540764,1.2557048678291851,0.3464043346012373,0.9093005332279479,1.0125048694974679,-3.574959961005501,-7.822255586585268,0.6390941342631867,-0.012504869497467862,138.74423982974423,0.0,Real Estate
2015-12-31,SBAC,2015,Q4,USD,0.7310666656837231,0.28836366942628044,0.6597442872554007,0.20182041131269643,0.08101174371714819,0.07621989428442943,0.07622480900179633,0.07621989428442943,4.05885697187313,4.037631433314886,0.0,0.1462578616013137,0.05496814559620381,1.0753152309498812,1.0753152309498812,0.02112991704465704,0.4317904971631958,106.70351518424191,-0.8867927275447133,-0.8867927275447133,-7.759805356406024,32.53382025895646,84.84584305306332,65.40015288782627,1.1538642333094473,-5.006790165425661,1.2495763338517043,1.2503086414772187,-4.3391501537971005,12.11260101498668,0.7405174652761266,0.4974578624419756,0.7708115157383074,2.5534489365778885,0.9733230623370467,10.1218,0.023698053394253658,4.36322096732477,4.36322096732477,0.0,0.0,0.0,3.229562318955597,0.24617277092178882,68.46303718106424,0.9423832387603667,-13.540288083806198,-43.18524661719773,-13.540288083806198,1.6065711678108012,0.36820761080909487,1.2383635570017062,0.9409106075772743,0.40140510660059175,-7.759805356406024,0.645221102265453,0.059089392422725755,80.69075321163452,0.0,Real Estate
2016-03-31,SBAC,2016,Q1,USD,0.7433642928791377,0.35045989058681387,0.6543754017945363,0.24414599431171502,0.13969067136271196,0.13417498605444644,0.13417498605444644,0.13417498605444644,3.987203654388957,4.952452210851516,0.0,0.14263903388992322,0.05423064380211524,1.212310517486238,1.212310517486238,0.023709749301393305,0.4430705070172352,58.54470469248122,0.8131208985066836,0.8131208985066836,-7.703560531351193,31.42093974270141,115.43341261016201,86.70194482215949,1.149305365261806,-5.195926552840742,1.2383263833164515,1.2390251124717997,-4.520927779413208,11.410235186665144,0.6216056189368814,0.362401787032011,0.7510992082939321,2.487977057136554,1.1583569707687014,7.24385,0.017100139631999453,4.017665002773156,4.017665002773156,0.0,0.0,0.0,3.188001403531157,0.42775004386034865,68.23497184963078,0.8291519800953763,-13.003078199014338,-43.019792979154374,-13.003078199014338,1.1553374057002503,0.2875643949664269,0.8677730107338235,0.9605150060883891,0.5721604065490461,-7.703560531351193,0.6744837704195186,0.039484993911610915,80.00841616367035,0.0,Real Estate
2016-06-30,SBAC,2016,Q2,USD,0.7372167917698234,0.2930816803606127,0.6097250032056657,0.18263910122998925,0.08559620449187734,0.08066194529654873,0.08066194529654873,0.08066194529654873,5.213163645712816,4.175168468892023,0.0,0.14455613539795248,0.05453394836856177,0.3613691124615686,0.3613691124615686,0.021277769687609294,0.16620222287842656,103.222100363792,-2.6109119503782687,-2.6109119503782687,-8.401459152500937,33.30438165175621,77.09691920402781,64.38077680269612,1.1407256167766808,-5.276763103726913,1.2338216954613566,1.2549159554997524,-4.625795218518304,-1.7433163815820583,0.2602824876982364,0.5173031967884162,0.8350628983282725,0.3755546912563202,0.8802500534810201,0.368736421736471,0.024730386878016618,6.062917256726684,6.062917256726684,0.0,0.0,0.0,3.241014985014985,0.26142657342657344,68.4670929070929,1.0723276723276722,-12.847768231768232,-43.12752047952048,-12.847768231768232,1.6765874125874125,0.27653146853146854,1.4000559440559441,0.9423542290850426,0.4686630842761861,-8.401459152500937,0.6280769813843744,0.057645770914957366,88.38701908494194,0.0,Real Estate
2016-09-30,SBAC,2016,Q3,USD,0.7435858786003078,0.17070692090567174,0.6554912367286705,0.2630804801139748,-0.03354087703218184,-0.037367590604859,-0.037367590604859,-0.037367590604859,4.747010894654233,4.41214859437751,0.0,0.14795051422388739,0.051962284678517004,1.1616655341474837,1.1616655341474837,0.015101122779605675,0.2236499784776235,-227.3192036434613,1.555341919665788,1.555341919665788,-8.373316653305869,33.977483753485735,111.43649095388835,87.85697445182055,1.140927890090127,-5.410984133603185,1.2267067778326224,1.2437893002528362,-4.742617110688519,-2.0810894225028584,0.21532122485333652,0.3867363287375492,0.7884039931603299,0.4468208179207084,1.2880456130744784,0.30835317014166197,0.01761347354546449,4.725987105974628,4.725987105974628,0.0,0.0,0.0,3.301009598407756,-0.12335077525601104,73.15398382074412,1.327774389265192,-13.394931141857404,-43.1758129755064,-13.394931141857404,1.2766203332156272,0.2701277647587557,1.0064925684568713,1.1140910408814149,-0.12749283800018482,-8.373316653305869,0.646217545286177,-0.1140910408814149,84.7191102901905,0.0,Real Estate
2016-12-31,SBAC,2016,Q4,USD,0.7448602057598348,0.21490258220189434,0.6630676702560594,0.2579320776461267,0.02530821958920061,0.012633701876328016,0.01261929628695934,0.012633701876328016,4.655195538219088,3.7523658192090394,0.0,0.1491739479870892,0.056583088176857727,0.371597818757177,0.371597818757177,0.017506930205049426,0.16727860992138047,602.5562842465754,-4.519172131849315,-4.519172131849315,-6.3470163999476945,30.4153451219073,70.52275385232029,58.841135006084706,1.1921815745125117,-4.396758689346923,1.2943983048122458,1.3244078631386729,-3.687994164097677,-1.9397452048351003,0.24648776628690694,0.5169061595899209,0.8343567400856503,0.38362709915339926,1.360545079216322,0.3432856525558991,0.024533298813309613,6.037070270876563,6.037070270876563,0.0,0.0,0.0,3.394996821049543,0.04284247077810926,72.1747607636002,1.1927748161914544,-16.26906147601115,-46.077215891491825,-16.26906147601115,1.754894768588709,0.29068649027567206,1.464208278313037,0.49862441893558485,0.09811970585497533,-6.3470163999476945,0.692728427388837,0.5013755810644152,77.11750082376498,0.0,Real Estate
2017-03-31,SBAC,2017,Q1,USD,0.7378845104555665,0.2817983621620217,0.6468090031485982,0.25467270403885084,0.09683415886603222,0.08880794967911698,0.08880794967911698,0.08880794967911698,4.848297107258194,3.745443499392467,0.0,0.1519639303589735,0.05801519708939424,1.3179187464183069,1.3179187464183069,0.02134037280886448,0.5784166619275306,96.88459578966966,0.1435327345032143,0.1435327345032143,-7.602772630647422,34.41648923028229,106.69870261205779,84.56274378141214,1.1875619565738718,-4.521889450214819,1.283938497825082,1.2847823373473926,-3.8077082422381703,-1.7780815704259958,0.753767613181506,0.4069935256505646,0.792537694566643,2.7509434729978537,1.3768756305311147,8.6153,0.01988259178733314,4.820152740090077,4.820152740090077,0.0,0.0,0.0,3.497451445282489,0.31060149195780223,72.23918413204571,1.0923014646961149,-15.83238192797958,-45.61823724276946,-15.83238192797958,1.423440094507183,0.29531016365273566,1.1281299308544475,0.9171138647672944,0.3802298296218663,-7.602772630647422,0.5947684706480237,0.08288613523270563,84.37424043675937,0.0,Real Estate
2017-06-30,SBAC,2017,Q2,USD,0.7441012511291991,0.21483100628607002,0.6571704727892271,0.2681760099603552,0.02954172068879975,0.02160807312997608,0.02160807312997608,0.02160807312997608,4.853242165759913,3.7504373177842565,0.0,0.15401323097839603,0.0584625248311876,0.32153850417471397,0.32153850417471397,0.01815615500465112,0.15722287152660647,443.633691649518,-5.979410626580461,-5.979410626580461,-8.251214318916281,38.34427700833618,82.66330062309225,70.65448073033684,1.1874236627826555,-4.370644126624569,1.2966791991183657,1.3353903643725107,-3.6807790375191183,-1.3409908658817695,0.22160625906066309,0.5427012782767837,0.8547261021246868,0.3257229743216429,1.4473368446313768,0.3001785073985427,0.026719769827410887,6.883549038233199,6.883549038233199,0.0,0.0,0.0,3.518126054917459,0.07601992507513071,72.10800708081182,1.3545840023053806,-16.349108723395496,-45.73484829772344,-16.349108723395496,1.9092915071425631,0.2773702194228315,1.6319212877197316,0.7314426047690723,0.11015795444628676,-8.251214318916281,0.5296970794474056,0.2685573952309277,88.66816296006125,0.0,Real Estate
2017-09-30,SBAC,2017,Q3,USD,0.7431287375128185,0.3102259502932399,0.6463975849474012,0.2696447706506585,0.12107294703245804,0.11328855039233082,0.11328855039233082,0.11328855039233082,4.342707030272704,3.4372937802584107,1.824353518821604,0.15624488044131452,0.05944069354438824,0.3168683357533624,0.2571253966158705,0.022082243352038258,0.136607950406516,87.71898100120013,0.21265207515442458,0.21265207515442458,-7.6399267339239385,39.75022479807349,114.69175986382798,92.10837280334059,1.227154005153093,-3.9679373442619754,1.3369343365463349,1.3808884841610105,-3.233446924835614,-0.6161348398840271,0.18311357514067947,0.4315592989895033,0.8030949469491064,0.3239798870899294,1.425537876757389,0.2421772455058846,0.020903801747577607,5.0785898305084745,5.0785898305084745,0.0,0.0,0.0,3.623878876956224,0.41054398476775844,75.50050106057823,1.1667279074040051,-18.854892856546357,-48.50690628496985,-18.854892856546357,1.5639186277620964,0.3079434803667763,1.25597514739532,0.9357049049277679,0.4490090675235662,-7.6399267339239385,0.5193685073762488,0.06429509507223205,92.93550219072303,0.0,Real Estate
2017-12-31,SBAC,2017,Q4,USD,0.7415098640630325,0.22072435016351707,0.6582865577455633,0.2687615810487211,0.024219485276692553,0.017288347518354764,0.017288347518354764,0.017288347518354764,4.886493222899871,3.4358312833743323,1.750447049473475,0.1575456931686215,0.06052740326261355,0.930542657894265,0.6959502339506284,0.017168819754662595,0.24661802405837113,625.0279425587469,-7.5371016602672425,-7.5371016602672425,-7.368224771979991,43.22280111855157,102.81566035304729,83.94564668133641,1.2719160187453766,-3.5822537987945124,1.3872586034985543,1.388416055300608,-2.8164232119099046,-1.2341505332016751,0.8179631057170004,0.5148903228136221,0.8164675147062691,2.6954897400693025,1.3676938449699656,11.4067,0.024502383605246703,5.448626701695725,5.448626701695725,0.0,0.0,0.0,3.7794866545538297,0.06534107872491064,80.16440190734532,0.5867304723153433,-22.17087630404927,-52.863534389368,-22.17087630404927,1.9460211036329982,0.3571580895838132,1.5888630140491848,0.7138197744851366,0.09011513171706653,-7.368224771979991,0.4861759663490679,0.2861802255148635,97.34582406769317,0.0,Real Estate
2018-03-31,SBAC,2018,Q1,USD,0.7483384318637056,0.28318226846053474,0.6616205035107855,0.28358593242010727,0.08755580381495172,0.06883016002548538,0.06883016002548538,0.06883016002548538,4.015191603441328,3.902585098463829,1.9342434050545876,0.1634762248892269,0.06189019919023179,1.2066409487980616,0.9690070458458203,0.01970745867015406,0.43578237582095264,157.79960754477727,0.5522986264067204,0.5522986264067204,-7.692929089679052,43.44548895706325,135.00826872614098,111.49898631962682,1.2671954206584073,-3.6255070528594517,1.3808788092612037,1.3820031009033356,-2.861048101780321,28.220566502463054,0.7116662947140215,0.3896491832896213,0.8258678329236128,2.686948274604217,1.4496296957258856,8.92885,0.019030581372820873,5.74276434268073,5.74276434268073,0.0,0.0,0.0,3.934125362679623,0.2707864782735592,81.32042851992377,0.9386749532164747,-22.217805208851956,-53.126178172266386,-22.217805208851956,1.5329287345271,0.26693220251686783,1.2659965320102322,0.7861290402970569,0.30874522959497724,-7.692929089679052,0.4712778462657983,0.21387095970294315,96.25123005586666,0.0,Real Estate
2018-06-30,SBAC,2018,Q2,USD,0.7492691564290128,0.04084177401045753,0.6625255850035721,0.27583592287901965,-0.16576233449187197,-0.1257686458246589,-0.12577083725965438,-0.1257686458246589,4.511072007592234,3.5332592180841207,2.026174116313664,0.16424078561114205,0.06260095168613838,1.1766171124149598,0.9733558907166768,0.010856686721489872,0.4846873762643533,-82.55856147198216,0.28949105970695044,0.28949105970695044,-6.230099532072048,41.53383759713535,90.0422059214777,76.42074723998614,1.330667445151013,-3.188464022799777,1.4569414847956539,1.4585946732115262,-2.3961388958741145,9.043421391624884,0.892718044706814,0.5434890274849777,0.8487214019015669,2.7103663434141887,1.3351082448529334,10.333583333333333,0.02556831947419611,6.6103203795511485,6.6103203795511485,0.0,0.0,0.0,3.9755536582390967,-0.500008712167413,85.32709832552142,1.173102054329076,-26.50358941297416,-56.646521231551986,-26.50358941297416,2.160669791430712,0.326863097001272,1.8338066944294402,0.758741952115916,-0.6009454198776516,-6.230099532072048,0.5117838015886941,0.24125804788408403,94.3285895642107,0.0,Real Estate
2018-09-30,SBAC,2018,Q3,USD,0.7501375152229887,0.23653474479957023,0.6681613198036903,0.2953762780354479,0.03031755850015303,0.03455324139968024,0.03455324139968024,0.03455324139968024,5.231920897628273,3.6382647177984855,1.7450074738415546,0.1676000479245719,0.06476746102586659,1.2340798156015547,0.9821138027659767,0.01774772355304701,0.513050257615475,279.3053430066898,-2.182072992239764,-2.182072992239764,-5.734799949635669,38.60361976452257,110.83308341782653,90.59567842199641,1.349373972718765,-3.0950359656644992,1.4773187746601868,1.4790637163822673,-2.2936828694187086,8.401970921711609,0.7498229835186357,0.4261088435665349,0.8174064604921466,2.610391444881137,1.4323552916999658,8.295291666666667,0.020452438298381625,5.476645026408451,5.476645026408451,0.0,0.0,0.0,4.077078806600522,0.14087628820998804,85.78317058910791,1.1886960391633288,-27.44472368386607,-57.00880476801312,-27.44472368386607,1.7372793354101765,0.3172159829663953,1.4200633524437813,1.139710554182845,0.10264046490732287,-5.734799949635669,0.5396937980131505,-0.13971055418284503,88.520835257977,0.0,Real Estate
2018-12-31,SBAC,2018,Q4,USD,0.7472289908628519,0.3546726354709837,0.6690062395499422,0.310677504758716,0.15093551913923559,0.11812156271894744,0.11811949595844985,0.11812156271894744,4.3576259737920475,3.5648536784423457,1.5696373110192767,0.17364944524297873,0.06707355871260089,0.3099233261956811,0.24532964596084322,0.021397040563597855,0.11891444682366185,80.38768166468364,0.3126187620293253,0.3126187620293253,-5.442176605051553,37.98140975800301,101.1802472622764,81.14479359752731,1.3777317265588969,-2.943166698402611,1.5146238872980144,1.6008579712249214,-2.1362407801652616,-1.2563036010562476,0.18774678163177838,0.46806958369243296,0.8019825587813224,0.2958939926271622,1.5249094616391248,0.2404887610860036,0.022787522489440867,5.0500602060384425,5.0500602060384425,0.0,0.0,0.0,4.262348370728613,0.5034664411497838,88.41961996881524,1.2636345217015954,-29.74728895231551,-59.095007796189115,-29.74728895231551,1.995075627439062,0.3950597707832307,1.6000158566558313,0.7825825003423251,0.485826996893315,-5.442176605051553,0.5408069072346341,0.21741749965767493,87.03290143899561,0.0,Real Estate
2019-03-31,SBAC,2019,Q1,USD,0.7490031279584345,0.2746927282568372,0.6401286861966418,0.2823332177833458,0.07337626927606919,0.05268471273664942,0.05268471273664942,0.05268471273664942,3.6138946072865004,3.5841655811260673,4.849404668651104,0.09283542377535202,0.052969587208259124,0.21398080950896092,0.19580409125663686,0.01561780153683473,0.08373094014611428,214.57193697333486,-3.97355438839509,-3.97355438839509,-6.753714605963883,45.21864344314636,119.9488085264273,100.32536320990208,1.3137489115738956,-3.704340978102999,1.369775855965273,1.6029365669768567,-2.8196719673511503,-0.509465998110002,0.15828595511777277,0.4507199575100397,0.8364014986259597,0.24050196532774615,1.4024348491561607,0.1898340018681407,0.01817276489099341,6.112525430252378,6.112525430252378,0.0,0.0,0.0,4.376734570749193,0.2305870035844838,109.43264896901728,1.0435195372112007,-29.303873726798454,-58.21887532384569,-29.303873726798454,1.972681619760798,0.3227277566809809,1.649953863079817,0.7180075146425019,0.25989244146388746,-6.753714605963883,0.44614928849218416,0.28199248535749805,109.01271579720748,0.0,Real Estate
2019-06-30,SBAC,2019,Q2,USD,0.7511771539167484,0.29127236592441824,0.6344234794970278,0.2728237898057971,0.09513403059500507,0.06392720540161193,0.06392720540161193,0.06392720540161193,3.4962845418766735,3.0154591713108796,2.5122739018087854,0.09500946111085466,0.05395669521755148,0.22107737487553725,0.18639165122698226,0.01614250599246032,0.07130683449358535,199.152354721171,9.161008317173863,9.161008317173863,-7.627239869722994,50.925013945899906,114.55322408721699,98.43361410302491,1.3118212961659392,-3.6413764850961834,1.3785904832735671,1.6172424781482944,-2.7758174804288025,-0.4512956046801841,0.18118207064023226,0.5173538979540016,0.8592827909241632,0.23700802865806714,1.3909763705682072,0.22024493506360857,0.021279351595451773,7.106451347120376,7.106451347120376,0.0,0.0,0.0,4.418064573119562,0.28243452144339914,108.28067664855793,1.1251534826200256,-29.498220043284306,-58.10147078309262,-29.498220043284306,2.285702928315887,0.3216377368490791,1.964065191466808,0.6719699039532586,0.3487013748424354,-7.627239869722994,0.38964643686719197,0.3280300960467413,118.27097886891161,0.0,Real Estate
2019-09-30,SBAC,2019,Q3,USD,0.7566550486949977,0.22853647051406076,0.6636193298354636,0.3031187259505031,0.03696997519441549,0.042884698362910235,0.04271328566615506,0.04271328566615506,3.3606152501522897,3.51576999715343,3.6489305128811154,0.09736201195935996,0.05516132895735289,0.6454037228120246,0.5790548699211215,0.015427888041790369,0.25243064812056015,314.34651679044237,-9.779669411258205,-9.779669411258205,-7.656182342079792,53.707090279323886,136.1956209248295,114.17759224431497,1.3313799879971369,-3.4407090378707403,1.4097170061993107,1.5686473747222545,-2.584317827284437,-0.7848824756998918,0.4679801314118145,0.4703820532876758,0.8383352670886023,0.9669745550983706,1.5823159756862664,0.9391967647139817,0.019488725541135576,6.185640999067261,2.9668692291441423,1.9315005304672725,0.001536123694154768,0.1536123694154768,4.490096163203199,0.191786760087405,109.23361377248158,1.145058697594593,-31.372886753894743,-60.22967700841318,-31.497421198368677,2.112060652706636,0.3414457213124906,1.7706149313941453,1.1553506714986144,0.12196532919068945,-7.656182342079792,0.36963007114540397,-0.1599872095502025,116.91864909238818,0.3704362288454223,Real Estate
2019-12-31,SBAC,2019,Q4,USD,0.7639309347251776,0.35615651628804323,0.6631344919489389,0.29965405064449374,0.1642140018961996,0.13152110641495623,0.131118115325537,0.13112006214239408,3.242018960097956,3.8076681529862464,3.476661505820288,0.09571014040160475,0.05262931405015665,0.31887172765629457,0.2856004952813765,0.018405705330948804,0.10331939639013138,100.44649265033408,0.4654837464283775,0.4654837464283775,-7.379392818175695,52.681419229488824,121.78017299262847,102.09078332912048,1.317716982100609,-3.507176288455408,1.3988550803565825,1.5967146098629723,-2.6615550502085217,-1.1479439502972333,0.2528501096544573,0.5160252229592006,0.838320235719325,0.37320660736038647,1.561149765705824,0.3446356479284363,0.02060992905595591,6.185065919962665,3.141687112565042,0.616391982182628,0.0015341301769698425,0.15341301769698423,4.574478127671702,0.5997969506982046,115.41245725277857,0.9645643345682531,-32.51420454545455,-64.81305215161015,-32.6571583784554,2.360546095753776,0.38165253633513824,1.9788935594186379,0.7984588026081803,0.5480119542619543,-7.379392818175695,0.3910320956736468,0.19909899229401304,116.88166200366973,0.3697100313479624,Real Estate
2020-03-31,SBAC,2020,Q1,USD,0.7765976169432588,0.318935457107106,-0.20837338294650404,0.29242438600800286,-0.3761040638834039,-0.24742054704709449,-0.2457283098708678,-0.2457283098708678,4.102957396665688,4.287983963769999,2.1029692876258443,0.10102632967712301,0.055245140179466815,0.38748195285772574,0.33360632905432974,0.004063824314787297,0.18060579548664513,-59.20394685586505,0.20415154088229326,0.20415154088229326,-6.969594003203444,58.19234319430558,126.18668119844331,108.33557876896545,1.3845533661940561,-3.0016306752246233,1.499592663310768,1.7529824241951741,-2.1679414809959163,-0.7725974138523559,0.2724157276921628,0.5371489574852002,0.8585341792022813,-0.06635821357021844,1.538852193736833,0.5313693941544814,0.021432810159637557,7.0688452826347,3.0356971101298473,-0.4108438665806167,0.0017348668813450755,0.17348668813450757,4.639270137285312,-1.1400000098695084,117.15094924259822,1.6521288058787458,-38.605497666152836,-68.1635002516949,-38.735398342559606,2.491979117735027,0.35252987130116054,2.139449246433866,0.6533519136529354,-1.286158343419112,-6.969594003203444,0.35140112372342863,0.3421487008345717,-397.83497135266333,0.4683620119567301,Real Estate
2020-06-30,SBAC,2020,Q2,USD,0.7801729406615592,0.2385070954564632,0.6741038511432773,0.30963318126436734,0.0452520178382023,0.0455773166202048,0.0449760067504426,0.0449760067504426,4.603946556293796,4.231093234166888,2.1152656839868724,0.1007573096952486,0.05401457786395435,1.1292424442558613,1.0338617483837231,0.014729648359330357,0.37543403798725794,364.8027984044185,-3.1035461953808734,-3.1035461953808734,-7.732647345221547,65.62949249446991,115.99434457189848,105.78812797925485,1.3761744666626696,-3.0018685284432585,1.4995333039066479,1.6887352461597138,-2.181313925786622,-1.8342298491864457,0.5693854619213656,0.6203861789419313,0.9120110844169876,2.803448501934046,1.6021994613564026,13.1115,0.024350035827538766,11.365067899451025,3.9503376936403125,2.278087055626178,0.001561177069906069,0.1561177069906069,4.539422577815962,0.2041651005029623,116.53192289104871,3.878179312319891,-38.399139057437935,-66.80994827185022,-38.527555531690204,2.8161950276539764,0.2477939465535449,2.5684010811004314,0.9939005794449527,0.14614718504463434,-7.732647345221547,0.31780987052361,-0.007188602797019997,134.54642700257077,0.46510587266641606,Real Estate
2020-09-30,SBAC,2020,Q3,USD,0.7676234367231423,0.21292882548667152,0.6673002638926072,0.3066068765059089,0.025308830841014266,0.04336252724978009,0.04315600260068077,0.04315600260068077,5.495895996889155,4.157338351009237,1.652959899885739,0.10442011334176911,0.05788139527213022,0.8319141293936667,0.6985512872609062,0.01502085831318286,0.49319725423040084,394.3708995037221,0.0,0.0,-7.935241108791508,68.07788625846177,135.8295364329373,122.55378787565837,1.4418662438810796,-2.9036217919141367,1.5253144318097327,1.722876645582755,-2.013794139530198,-49.26424870466321,0.5269678982962297,0.5554939381190959,0.9022616957554477,2.934954223103002,1.634190839227837,12.10375,0.022299408381319653,10.231403212172443,3.6121611539418055,2.3053881602268698,0.0014614339972396412,0.14614339972396412,4.6781710993621575,0.20189116413050284,117.41424903607883,2.432158736122666,-39.99896227512234,-67.40472164819337,-40.13488634228818,2.598695687179625,0.2539921097125681,2.344703577467057,1.705175670570457,0.0825448898258044,-7.935241108791508,0.3010256848727231,-0.7133358519078202,138.57134337083545,0.465437499440881,Real Estate
2020-12-31,SBAC,2020,Q4,USD,0.7611666246816133,0.4457543781080602,0.6648622423750478,0.3080769912577789,0.26223304503596717,0.1981433276420261,0.19738759668224778,0.1973894626846176,4.921797509275927,1.1638916421900718,2.8854972157720313,0.10610118699966699,0.05851757443586593,0.7693383712778606,0.6971898223978166,0.02048827804215102,0.5018859761125958,73.81705105359185,0.19425539750945225,0.19425539750945225,-6.47414858732165,58.28228120655713,148.78181255656648,128.46793176349613,1.466059140744209,-2.7829877484826038,1.5608563496025374,1.7722206340095277,-1.89827795560136,-4.5712421311223705,0.39545316289335897,0.4536718261632192,0.8634652956298201,2.631477425049858,1.678732663602717,10.130208333333334,0.018108256426466587,7.324145202590752,2.870933459290311,0.4867603822992787,0.0016485363996249533,0.16485363996249533,4.840750810698511,0.9555041686614216,122.16521087194126,2.7871769626130236,-43.44068577416062,-71.94972314307135,-43.577930934809906,2.1961122602906773,0.2998455382225153,1.896266722068162,0.7527182421085589,0.8511932162325863,-6.47414858732165,0.3552500211461052,0.24440696780804372,124.47664462550132,0.46510157442618805,Real Estate
2021-03-31,SBAC,2021,Q1,USD,0.7635050543154396,0.12616562701029085,0.65142080296826,0.31632342516205336,-0.05953103387949462,-0.021403618113529383,-0.021403618113529383,-0.021403618113529383,4.399097315194125,3.861172270157691,1.7475155530419326,0.09350518297478028,0.056203333654257816,0.6953495588161865,0.5629195169447396,0.011663160968329755,0.3149667239694417,-630.7954529342273,5.659473222587461,5.659473222587461,-5.8738812094897765,54.00521992942,113.55144772550493,103.79336564495284,1.4657795494629977,-2.8365863080720457,1.5444884324819719,1.7233664249316805,-1.935206633979343,-3.510267137483688,0.5091571498883666,0.5203147580179284,0.9140646616488686,3.005440869268223,1.7034416431957133,11.896541666666666,0.019950765420918618,11.63665634170199,3.2464297084640923,-5.399063431247339,0.002139783746907532,0.2139783746907532,5.139318020790085,-0.11000000028097062,134.98745798634513,1.6541864665496462,-47.123456910489885,-75.07158639865028,-47.25155141911848,2.6740630123645714,0.22979650973979526,2.4442665026247763,0.3595371475801267,-0.18819672886697122,-5.8738812094897765,0.4064062871428723,0.6404628524198732,122.44510820469425,0.5938969789541856,Real Estate
2021-06-30,SBAC,2021,Q2,USD,0.7641139961913235,0.5252133692887228,0.658018376169361,0.3470969266482256,0.3473662445615157,0.26526771938115956,0.26526771938115956,0.26526771938115956,4.8277285195406545,3.9234437315762096,1.775973941027184,0.09698047324505478,0.05778211989924413,0.7703216902074421,0.6482110395108034,0.022215942532633683,0.43738079187739415,57.10000786014187,-0.04159603221599739,-0.04159603221599739,-7.204847779075826,60.58715544682448,108.30919691251611,98.84122976098689,1.429653264912458,-2.9422630379883885,1.5148633220326866,1.6846716619239308,-2.058025613762056,-3.658594417974871,0.5635473142429944,0.6129745207878678,0.9125839040319289,2.623207445629808,1.9516589159404432,14.699333333333334,0.024774515698752383,11.439540841142708,3.7402883799830366,0.41580805533539883,0.0018205253857138683,0.18205253857138684,5.260190838299272,1.395358827185318,131.0838847658392,2.5024951559243958,-44.09539173034037,-71.9864457280737,-44.234105948159254,3.2243629583592295,0.28186122180382406,2.942501736555405,0.7636542799833933,1.0007759155803848,-7.204847779075826,0.3422019608573477,0.23634572001660673,128.95316549954055,0.5802014404270098,Real Estate
2021-09-30,SBAC,2021,Q3,USD,0.7623929883506843,0.23414530675965756,0.6654364038995088,0.35936569348639497,0.06272473506927652,0.08110910309601989,0.08110910309601989,0.08110910309601989,5.039551549565575,4.02480597872952,1.785005864055887,0.10084943493649431,0.06095366175007618,0.6820466737834953,0.549545288704512,0.01499677302564264,0.31722700431063605,189.45807821456964,-2.7629303072958074,-2.7629303072958074,-7.305494294925382,61.46709919311731,166.14775470607663,143.17792218726285,1.458235356299212,-2.843378735273445,1.5424821176814003,1.722339472549802,-1.9498764194618927,-3.54985904293769,0.42733402699890544,0.4293057075707825,0.8617505691879586,3.223342052008095,2.0963977073619815,10.541333333333334,0.01794480895941004,7.233302836230558,2.5674301545580938,1.3298255157119545,0.0017547754208266965,0.17547754208266966,5.377999032643712,0.43620467798899404,129.58337972384714,1.713918066747584,-45.11099957107787,-71.63896620641194,-45.249504914352464,2.3088056800240926,0.3191910711189392,1.9896146089051534,1.293095985282978,0.17454291326684798,-7.305494294925382,0.327045768682073,-0.29309598528297803,127.84404210177358,0.5800761108626811,Real Estate
2021-12-31,SBAC,2021,Q4,USD,0.7649287204625862,0.24036306701922852,0.6400979736653776,0.3315783638129093,0.08122137814945352,0.08215206077323935,0.08215206077323935,0.08215542063830716,3.947517805748239,4.107585275641402,1.7493749062359354,0.10248362619272008,0.0607304917239348,0.9969415784700104,0.8671606652918643,0.014569295307035449,0.5959103144252034,216.48793556500755,95.25469164860341,95.25469164860341,-8.015054707154706,71.13972015683851,165.88427602740532,141.83387291252185,1.4816353777033962,-2.7487097333461534,1.571850193849211,1.755280195674518,-1.8551863533434128,-6.261927930107668,0.48442476526411943,0.5015707369192053,0.8550169811699926,1.068166358274384,2.0835198243465776,1.1374072846546817,0.020558794657464973,6.897359484371751,2.805781357190516,1.2908265510613064,0.0014906449032510794,0.14906449032510793,5.468393734784805,0.44923981443204264,134.28208166827432,3.3813605254696615,-48.37769509898489,-74.12981489136925,-48.536162785356666,2.7427862753203804,0.39765743420146066,2.3451288411189197,1.0114585918755687,0.24495379377431906,-8.015054707154706,0.2961545916742967,-0.011458591875568793,148.28919312592842,0.5798906802627348,Real Estate
2022-03-31,SBAC,2022,Q1,USD,0.7532503993416912,0.5204527486002872,0.6445649192442358,0.5424221888765187,0.3691417784016651,0.30383206673443375,0.3043435467996192,0.3043435467996192,3.654067247996887,3.76827735751423,1.8338669640608698,0.10236562251320264,0.06110864613837371,0.842468010538991,0.7122283843701829,0.023377315740370518,0.4116406810049837,49.29461491970757,0.17063520549129546,0.17063520549129546,-6.855554808007968,60.00999177114091,129.8281610198482,114.62081902848233,1.4727295136115794,-2.7532101895119157,1.57038226561893,1.8290361390365195,-1.8694608643784214,-12.063532228396804,0.5067742847370484,0.5235522855252756,0.882865613500903,0.47484795818221737,3.5848173345560794,0.4899586871700711,0.021723996874784504,8.537202694169649,2.8245053577179866,0.4075483901751112,0.0020669011759141304,0.20669011759141306,5.73404511222545,1.7451196269637141,139.0591565975242,2.4385119256888035,-49.85946376033899,-76.7805173658013,-50.19287419277242,3.0020724238106693,0.35164591158891995,2.6504265122217494,0.8244624819151772,0.6805432852336716,-6.855554808007968,0.3396213880577288,0.17692311054580104,129.83161594264573,0.7112206946320523,Real Estate
2022-06-30,SBAC,2022,Q2,USD,0.7453827112020441,0.37794744220145216,0.6483375919853498,0.27113554169746906,0.10059416631135297,0.10605883994932562,0.10661865074861274,0.10661865074861274,3.8371802869619462,4.004631528163069,1.4245555021624219,0.1080079361910888,0.06512286283862953,0.3754354422697618,0.2870300409649522,0.01595076968440107,0.1388764982551965,124.13470460037978,-1.9570786761321135,-1.9570786761321135,-6.346729431466969,52.94029886228041,108.15345822680102,92.76001370544053,1.4766554164294081,-2.71837441582051,1.5819453495078417,1.8525947997560077,-1.8408996341161374,-1.4110133774523437,0.2822902442724928,0.570723275552679,0.8576703438453166,0.5619604937750803,1.8444764408831018,0.5614965596330275,0.02516980818890137,7.025942639200951,2.8728537459082206,1.101401116289775,0.002218157121804609,0.2218157121804609,6.045489105238757,0.6445618915159944,137.9696337505795,2.075707000463607,-50.05776541492814,-76.02496059341678,-50.42754751970329,3.450301344459898,0.491080203987019,2.959221140472879,1.0598890040861133,0.37101062325349865,-6.346729431466969,0.3615633481005264,-0.054323961700311035,116.19631552800908,0.7099211868335651,Real Estate
2022-09-30,SBAC,2022,Q3,USD,0.7371859013830997,0.29771871447518,0.6291430821333839,0.35966955996589617,0.15193521456991285,0.14766779556650247,0.14803340517241378,0.14803340517241378,3.401201222367103,3.4601278403554585,1.6459142526071842,0.11310517557165004,0.06794992748215216,0.39783366935862347,0.3168309248392147,0.017956787351731018,0.15108823385858403,76.78881250687438,1.6946496553241241,1.6946496553241241,-5.7258644542324735,45.4692375781546,111.66551335553196,92.39444700107379,1.4717419772730473,-2.7275082341844943,1.5788684419626344,1.8473587630096988,-1.853251640778925,-0.8313687945051571,0.24964914454343737,0.4921208909624858,0.8274215039597677,0.5542505284440769,2.4671486155814355,0.5013246760688258,0.02272108791468485,5.7944646809697264,2.4803530263128444,0.7665710086092252,0.0024957118868734925,0.24957118868734926,6.260276511360688,0.9267300492976018,136.5053096853108,2.060398828718633,-49.33665999481078,-74.37408725304867,-49.71301753215464,3.080812854442344,0.531682049001075,2.549130805441269,0.9743192556870768,0.42243000654355994,-5.7258644542324735,0.4023417072175901,0.028087096302791173,106.22483207423319,0.7104043885985396,Real Estate
2022-12-31,SBAC,2022,Q4,USD,0.7490810297131297,0.37939407719641915,0.6461607301623393,0.3420289348106819,0.1877701889245497,0.1495101254347072,0.15053185132066452,0.15053185132066452,2.5996582258816217,3.347541174869232,4.102909983555375,0.10389912080979329,0.06481732097211527,0.6928213857202725,0.6326015695414803,0.018086724881157926,0.20625060996262723,73.26589427666806,22.71242722576712,22.71242722576712,-5.736449241563477,44.115402816523684,136.00902843995883,104.8639910059106,1.4332636973253103,-2.875331552418686,1.5332390417631816,1.6972015951168147,-2.0061427340861946,-1.350627926410706,0.4142493010545895,0.42069162534579807,0.7710075736053271,1.0475450145548526,2.0992628640950404,1.007923454332757,0.019025182987056688,4.366956653302065,2.021826995145665,0.7422999835397321,0.0025328974377103928,0.2532897437710393,6.354016558928671,0.956481875937691,141.53752616273687,1.3432273240845358,-48.57081998184815,-74.2841319528052,-48.86472244346071,2.6730815536498174,0.6121154309211135,2.060966122728704,0.80168131151613,0.5489891930590121,-5.736449241563477,0.43381871796523963,0.2037445275871705,102.17009155769894,0.7099964807646002,Real Estate
2023-03-31,SBAC,2023,Q1,USD,0.7567726005009504,0.38419075195850283,0.6542287673422983,0.33180709265213554,0.2132621581132053,0.14885509743662623,0.14983656937807543,0.14983656937807543,2.7919768215615686,3.068063413814352,0.0,0.10227279437023934,0.06408140602753168,0.7382006095966862,0.7382006095966862,0.01798269253337724,0.23916102964543515,69.72648181629567,-33.46871127182187,-33.46871127182187,-5.35760033584139,41.79030732062601,107.7346030461812,90.72276468017277,1.434830089638799,-2.8705372816964543,1.5346057572790346,1.6998780927424935,-2.0006112935776788,-3.5435603676192873,0.48712630110694866,0.46063749785349273,0.8420949454956808,2.8568744846377228,1.9412029619365176,12.965333333333334,0.020572678775426845,6.332919507479393,2.174965750552185,0.9280358042621298,0.003327415137290205,0.33274151372902055,6.247142381533681,0.9360503828653868,140.9459549439574,1.4300669552029002,-48.375781452299044,-73.28869344874782,-48.728905411903966,2.8776680353641844,0.45439832796951873,2.423269707394666,0.7025933278727214,0.6427293533980842,-5.35760033584139,0.454191227523143,0.30200885729755245,97.75615859094633,0.8686882698923538,Real Estate
2023-06-30,SBAC,2023,Q2,USD,0.7726602800294768,0.41503021370670595,0.6606617538688283,0.3555298452468681,0.25466764922623436,0.29767133382461314,0.30014443625644804,0.30014443625644804,3.351328924166613,3.280030620707253,2.1400724225481085,0.10276371539676109,0.06398245268268947,0.702362846683794,0.6047489873224006,0.02510487905948359,0.24264852266217402,30.828138258170963,0.3082813825817096,0.3082813825817096,-4.93140758748942,37.01157671333824,59.29927813263752,51.57250545762969,1.4040139676947552,-2.9237743822572377,1.5198114754115095,1.6808290977018694,-2.082439669070936,-3.50641464580561,0.6594532150397691,0.7176610169491525,0.8696987059821372,3.5949957080252397,2.217037663364153,20.288875,0.03270459775735142,7.674520867482032,3.129691165600797,0.45243262884978,0.003668990850670842,0.3668990850670842,6.26182455816529,1.8794518019473028,138.41197914263302,1.8600710627105348,-46.64996539153708,-70.9042868349407,-46.99672373217664,4.49386738037008,0.5855567348068847,3.908310645563195,1.1785730820871336,0.7163045596056826,-4.93140758748942,0.5015830295612103,-0.16886198435112737,88.83705580925313,0.8503253195514743,Real Estate
2023-09-30,SBAC,2023,Q3,USD,0.7805709229002087,0.2936704446892801,0.6718497269040531,0.3642314634660916,0.13658167092524437,0.1250644647085023,0.12807818983098526,0.12807818983098526,3.6564791848585987,3.213052152832901,4.023803766690847,0.10492046004617432,0.06604722715810764,0.6936355082123448,0.6375077659888894,0.017578797358269505,0.28733404911120897,62.037495881902096,-1.0900046005418316,-1.0900046005418316,-4.198796514691029,31.782600696804895,85.98515747875445,69.1563193499128,1.4289170085176561,-2.8581683953077586,1.5381643571837715,1.705359298016442,-2.000234008182738,-3.2276391046420625,0.4730180894762557,0.459576232448018,0.8042820572492436,3.4347355586038715,2.318634583100168,13.070041666666667,0.02124247639297833,5.109393579072533,2.0432049712097133,1.0539013257987393,0.0042470336319062685,0.4247033631906269,6.2981000802782985,0.8066492576564274,137.2473494320541,1.768761591909424,-47.349791922342284,-70.63621935352901,-47.6731842802174,2.89445710647486,0.5664971902595665,2.3279599162152933,0.937740686311318,0.3749859213850139,-4.198796514691029,0.5769182913540221,0.08432468382266178,79.09240178643469,0.8501287220986777,Real Estate
2023-12-31,SBAC,2023,Q4,USD,0.19972623195619713,0.09969423309393444,0.6862007869349831,0.09969423309393444,0.20506530138187679,0.1622579345326981,0.1622579345326981,0.1622579345326981,3.6937826272531273,12.800435998293919,0.0,0.30124496771438175,0.06631899718237794,0.35522743660595674,0.35522743660595674,0.033004106756336374,0.18094580706967642,62.510491769227954,2.5316749166537322,2.5316749166537322,-5.296310488230055,40.57129312439261,82.29664903734911,63.30536340962203,1.4209902086183925,-2.797098251323469,1.5564526031136876,1.7942631723819285,-1.9684148661678995,-1.24755280426038,0.31733588408365543,0.6408823982554694,0.7692337920210073,0.4258219239864931,0.6513671780477182,0.47196896386572684,0.029910605791903945,4.333390095360206,2.257992285650161,0.8377675115039077,0.0033505076019747274,0.33505076019747276,6.252943410558299,1.0145896825470344,134.93631487777088,2.2947208507406,-47.574731596157584,-70.32163997295119,-47.899382138523244,4.007401369114337,0.924772817800339,3.0826285513139977,0.7912500722418078,2.056942463147884,-5.296310488230055,0.45999797630202577,0.20874992775819223,89.81693854948813,0.8499902735449686,Real Estate
2024-03-31,SBAC,2024,Q1,USD,0.6659861794722906,0.4200014592726134,0.6669514275030326,0.5615600232267558,0.2606473698131219,0.23491704947238173,0.23491704947238173,0.23491704947238173,5.199462556806955,4.801796289416752,0.0,0.3009637893891212,0.0658173579372475,0.1854713629407833,0.1854713629407833,0.015564131338986131,0.10782007459529298,37.40897329545822,0.8995967387717334,0.8995967387717334,-4.427719094282399,35.152022521440664,106.48079603272906,78.53606463510305,1.2361800076156053,-2.3657617915225875,1.7321921042213178,1.9803081348108098,-1.9137680410199853,-0.46252010328032805,0.1220131530040538,0.44759083211980627,0.737560833138056,0.2208296601243412,3.523976228859233,0.16309616455124779,0.023830870767665904,3.810406853356799,1.5881096590817159,0.6997081718356704,0.004676071742930065,0.46760717429300647,6.085567334554402,1.429603522599027,115.26873693363675,2.4216573236387857,-47.97545836339753,-70.21231799596677,-48.31381473053227,2.7238441471943164,0.7148433886514588,2.0090007585428578,0.9012830232693766,0.46414872681895575,-4.427719094282399,0.534307109630677,0.09871697673062343,80.27342121696957,1.0003052672475994,Real Estate
2024-06-30,SBAC,2024,Q2,USD,0.6803431459384657,0.38112606495002854,0.6731195787287066,0.5859023099971687,0.22274053449249556,0.24141945896677705,0.24653394440684537,0.24653394440684537,7.450389170896785,4.161102132523946,0.0,0.3101931953313007,0.06749080182273406,0.18702738085799725,0.18702738085799725,0.01544857417643301,0.1134273743527819,31.312010010440336,4.975130479436633,4.975130479436633,-3.8358344632548396,30.877893340721933,61.059746050185176,47.919346323835214,1.2548354423964085,-2.309693663844073,1.7635373275494872,2.0309759670257774,-1.8406347046056974,-0.3331324213442172,0.17303588236131187,0.644372173444344,0.7847943927649186,0.23910913834950187,3.6992161361246536,0.2356153781423282,0.03465728906649594,4.646719074134731,2.1612591979443323,0.6468648283485844,0.005164670266559867,0.5164670266559866,6.146144683702146,1.515233291768253,115.24681282685972,2.8789897824347213,-49.09571755597327,-70.63112542107908,-49.475544843758726,3.960404608140552,0.8523012785915021,3.10810332954905,1.106821194303776,0.3801666774339428,-3.8358344632548396,0.6021359070548151,-0.08385956564592326,72.86697413288947,0.9801511231877315,Real Estate
2024-09-30,SBAC,2024,Q3,USD,0.7748050839206405,0.6008283465274605,0.6847999161168074,0.562610564788532,0.4466884862828511,0.3833027509193448,0.3872617380297935,0.3872617380297935,6.013394224360014,2.7616554612586794,4.736876929863255,0.10292715551984154,0.06543982093899789,0.674210854946447,0.6266877095365228,0.021011294592704854,0.2790161759575229,25.01787018341881,0.4272714907729954,0.4272714907729954,-4.999540122113637,38.75385555613808,107.84668375747722,84.92301092069285,1.423429101706261,-2.8061370644030013,1.5536678360180483,1.7266390110012781,-1.9713922253235454,-0.6022141186711679,0.45617158523784784,0.45634104509470563,0.7874420238239822,3.2950207699578247,3.6500004858944832,13.245695652173913,0.020979531922114096,4.704598801655445,1.7910111699000588,0.40746671617659574,0.004071756640246039,0.40717566402460387,6.2109949202686865,2.4052806877174704,136.057226057347,1.8847477811063766,-47.687698863107755,-70.87546285097594,-48.14442811156802,2.83433191299332,0.6024598552369611,2.231872057756359,0.8669615401382261,0.7939568046518067,-4.999540122113637,0.4761725435014963,0.14190143088525756,87.94753187552087,0.9800718233072214,Real Estate
2024-12-31,SBAC,2024,Q4,USD,0.7806991494882514,0.39060977367738214,0.4844154533660084,0.5511590024506271,0.2246994377973187,0.2577353322762001,0.2502940752486666,-0.8301960501657777,4.761316448745667,2.5546860568607364,0.0,0.10851249809942792,0.06075848166332321,1.100550853867991,1.100550853867991,0.01384247158192408,0.10558829680255583,31.553499415420237,-0.9505491698895345,-0.9505491698895345,-4.288586319442623,31.590615828167795,86.04853322862472,70.65312845577733,0.2936209462522606,-0.6560488600840166,-1.907389695653485,-0.5936190842410991,-2.2343394381693087,-37.70928462709285,0.17251392708083046,0.4471226755081447,0.8210846345057049,0.22950828057405842,3.322029333055295,0.21406762231439752,0.09252233271456692,5.583700876703451,1.9273295553401437,0.606943540537583,0.004808844912467687,0.4808844912467687,6.451282909726678,1.6147178900575658,32.24675203898483,4.132606087660073,-47.018069544029984,-69.23260701764175,-47.52148722670164,2.8845148750569614,0.5165955230681956,2.3684308419124145,1.1139061036478182,0.4076853263726693,-4.288586319442623,0.152975552132359,-0.14702259517302438,74.62508280288895,0.9800425931609147,Real Estate
2025-03-31,SBAC,2025,Q1,USD,0.7686617046645229,0.560665594777854,0.6585928749503197,0.5041942166178897,0.34772705375100865,0.32804916236104587,0.28872348881742965,0.28872348881742965,5.115620692045253,2.362529403625294,0.0,0.10237763427655129,0.06360751502669225,0.694940343227482,0.694940343227482,0.019142576621638593,0.4738938329848639,30.900332457347847,2.9264432503723583,2.9264432503723583,-4.768894347539976,35.68660717081572,92.95910400702739,78.70758675188843,1.4020155479546568,-2.945485175839313,1.514010598702498,1.7437087324342364,-2.100893374639362,-5.803421342326443,0.22425272669871393,0.4534074622731269,0.8466904623557733,0.3417075961136324,2.839905028406682,0.28977356914829133,0.020570472283154062,6.522751391505858,1.7879404920212767,0.6375662203312059,0.005158247255197395,0.5158247255197395,6.165057915057915,1.77999702999703,136.98268117018117,6.517086798336798,-45.553339397089395,-67.85663238788239,-46.13438335313335,2.795283264033264,0.4285435847935848,2.366739679239679,0.830316438433264,0.689668866262578,-4.768894347539976,0.5354924230770783,0.18191854600241583,86.19911911472585,1.1348659786159787,Real Estate
