date,symbol,fiscalYear,period,reportedCurrency,marketCap,enterpriseValue,evToSales,evToOperatingCashFlow,evToFreeCashFlow,evToEBITDA,netDebtToEBITDA,currentRatio,incomeQuality,grahamNumber,grahamNetNet,taxBurden,interestBurden,workingCapital,investedCapital,returnOnAssets,operatingReturnOnAssets,returnOnTangibleAssets,returnOnEquity,returnOnInvestedCapital,returnOnCapitalEmployed,earningsYield,freeCashFlowYield,capexToOperatingCashFlow,capexToDepreciation,capexToRevenue,salesGeneralAndAdministrativeToRevenue,researchAndDevelopementToRevenue,stockBasedCompensationToRevenue,intangiblesToTotalAssets,averageReceivables,averagePayables,averageInventory,daysOfSalesOutstanding,daysOfPayablesOutstanding,daysOfInventoryOutstanding,operatingCycle,cashConversionCycle,freeCashFlowToEquity,freeCashFlowToFirm,tangibleAssetValue,netCurrentAssetValue,sector
1985-09-30,GWW,1985,Q3,USD,889179320.0,,,0.0,0.0,,,0.0,0.0,,,0.0,0.0,,,0.0,0.0,0.0,0.0,0.0,0.0,0.02103062855757824,,0.0,0.0,,0.0,0,,0.0,,,,,0.0,0.0,,,,,,,Industrials
1985-12-31,GWW,1985,Q4,USD,1108872520.0,1050272520.0,4.226448772635815,0.0,0.0,-1.4748947057997472,0.08229181294761971,3.4062268346923648,0.0,3.6765696575984115,0.9221382364133255,0.0,0.0,324600000.0,542800000.0,0.02159375870716077,0.0,0.02159375870716077,0.029911231184870705,,-1.221650368845428,0.013978162250787853,,0.0,0.0,,0.0,0,,0.0,,,,42.845070422535215,0.0,0.0,42.845070422535215,42.845070422535215,,,518200000.0,259900000.0,Industrials
1986-03-31,GWW,1986,Q1,USD,1200716880.0,,,0.0,0.0,,,0.0,0.0,,,0.0,0.0,,,0.0,0.0,0.0,0.0,0.0,0.0,0.022902984423771904,,0.0,0.0,,0.0,0,,0.0,,,,,0.0,0.0,,,,,,,Industrials
1986-06-30,GWW,1986,Q2,USD,1296473400.0,,,0.0,0.0,,,0.0,0.0,,,0.0,0.0,,,0.0,0.0,0.0,0.0,0.0,0.0,0.014500875991748076,,0.0,0.0,,0.0,0,,0.0,,,,,0.0,0.0,,,,,,,Industrials
1986-09-30,GWW,1986,Q3,USD,1176934400.0,,,0.0,0.0,,,0.0,0.0,,,0.0,0.0,,,0.0,0.0,0.0,0.0,0.0,0.0,0.01571880301909775,,0.0,0.0,,0.0,0,,0.0,,,,,0.0,0.0,,,,,,,Industrials
1986-12-31,GWW,1986,Q4,USD,1257597440.0,1120197440.0,3.792137576167908,0.0,0.0,-1.5242855354469995,0.1869642128180705,3.265695067264574,0.0,4.569483475575223,1.480257466172959,0.0,0.0,404200000.0,632000000.0,0.02597560975609756,0.0,0.02597560975609756,0.03659165091908607,,-1.145417705735661,0.01693705737823385,,0.0,0.0,,0.0,0,,0.0,,,,39.790115098171974,0.0,0.0,39.790115098171974,39.790115098171974,,,582100000.0,344700000.0,Industrials
1987-03-31,GWW,1987,Q1,USD,1264532720.0,,,0.0,0.0,,,0.0,0.0,,,0.0,0.0,,,0.0,0.0,0.0,0.0,0.0,0.0,0.01502531306584143,,0.0,0.0,,0.0,0,,0.0,,,,,0.0,0.0,,,,,,,Industrials
1987-06-30,GWW,1987,Q2,USD,1546513920.0,,,0.0,0.0,,,0.0,0.0,,,0.0,0.0,,,0.0,0.0,0.0,0.0,0.0,0.0,0.015648097108624796,,0.0,0.0,,0.0,0,,0.0,,,,,0.0,0.0,,,,,,,Industrials
1987-09-30,GWW,1987,Q3,USD,1957992960.0000002,,,0.0,0.0,,,0.0,0.0,,,0.0,0.0,,,0.0,0.0,0.0,0.0,0.0,0.0,0.011899940641257463,,0.0,0.0,,0.0,0,,0.0,,,,,0.0,0.0,,,,,,,Industrials
1987-12-31,GWW,1987,Q4,USD,1628357120.0,1612657120.0,4.775413443885105,0.0,0.0,-1.952842237829983,0.019011867280213125,2.8581383773021405,0.0,5.05396024115363,0.823875938221709,0.0,0.0,373300000.0,623800000.0,0.028842687177021993,0.0,0.028842687177021993,0.04129387474191328,,-1.3083016476552598,0.014738781625495027,,0.0,0.0,,0.0,0,,0.0,,,,40.05626295528576,0.0,0.0,40.05626295528576,40.05626295528576,,,581200000.0,323300000.0,Industrials
1988-03-31,GWW,1988,Q1,USD,1664287120.0,,,0.0,0.0,,,0.0,0.0,,,0.0,0.0,,,0.0,0.0,0.0,0.0,0.0,0.0,0.0144806744643917,,0.0,0.0,,0.0,0,,0.0,,,,,0.0,0.0,,,,,,,Industrials
1988-06-30,GWW,1988,Q2,USD,1687106560.0,,,0.0,0.0,,,0.0,0.0,,,0.0,0.0,,,0.0,0.0,0.0,0.0,0.0,0.0,0.01724846591788488,,0.0,0.0,,0.0,0,,0.0,,,,,0.0,0.0,,,,,,,Industrials
1988-09-30,GWW,1988,Q3,USD,1553121000.0,,,0.0,0.0,,,0.0,0.0,,,0.0,0.0,,,0.0,0.0,0.0,0.0,0.0,0.0,0.019187172152073148,,0.0,0.0,,0.0,0,,0.0,,,,,0.0,0.0,,,,,,,Industrials
1988-12-31,GWW,1988,Q4,USD,1464027360.0,1416827360.0,3.6838984919396776,0.0,0.0,-1.4559935875038537,0.04850477854280136,2.616554054054054,0.0,5.599088361074892,0.7411121742970705,0.0,0.0,382800000.0,691400000.0,0.027665028839991456,0.0,0.027665028839991456,0.04075531077891424,,-1.3913354303688876,0.017690926213291533,,0.0,0.0,,0.0,0,,0.0,,,,42.776911076443064,0.0,0.0,42.776911076443064,42.776911076443064,,,635500000.0,318900000.0,Industrials
1989-03-31,GWW,1989,Q1,USD,1492575480.0,,,0.0,0.0,,,0.0,0.0,,,0.0,0.0,,,0.0,0.0,0.0,0.0,0.0,0.0,0.018491527142064534,,0.0,0.0,,0.0,0,,0.0,,,,,0.0,0.0,,,,,,,Industrials
1989-06-30,GWW,1989,Q2,USD,1683814290.16,1678514290.16,3.755905773461625,0.0,0.0,29.04003962214533,-0.09169550173010381,2.885430177258971,0.0,6.283575934464424,0.8545544531892951,0.6072144288577155,1.0204498977505112,436100000.0,733200000.0,0.0311600164541341,0.0,0.0311600164541341,0.04467708640519021,0.03925540133678251,0.06598299824585076,0.017994858564314015,,0.0,0.0,,0.0,0,,0.0,,,,45.17117923472812,43.223891023402025,120.86971707998603,166.04089631471416,122.81700529131214,,,678200000.0,373200000.0,Industrials
1989-09-30,GWW,1989,Q3,USD,1543466671.49,1511266671.49,3.4472323710994526,33.14181297127193,41.979629763611115,27.628275529981718,-0.5886654478976234,3.1526538280883045,1.5833333333333333,6.337904922878183,1.1118749965253907,0.6075949367088608,1.0171673819742488,458300000.0,756900000.0,0.029238578680203044,0.04761418207826709,0.029238578680203044,0.040833687792428755,0.03594962423899557,0.060354876311358635,0.018659295034986177,0.023324118793732723,0.21052631578947367,1.1851851851851851,0.021897810218978103,0.0,0,0.0,0.0,217750000.0,124150000.0,376850000.0,43.35766423357664,35.39936102236422,117.95527156549521,161.31293579907185,125.91357477670763,68200000.0,4613924.050632909,705300000.0,391500000.0,Industrials
1989-12-31,GWW,1989,Q4,USD,1753600005.48,1701600005.48,3.793134207489969,48.75644714842407,70.0246915835391,28.079208011221123,-0.858085808580858,2.8868501529051986,1.060790273556231,6.899649203133148,1.1186718715041504,0.6103896103896104,1.013157894736842,493600000.0,795900000.0,0.030886218550506946,0.051897375865769195,0.030886218550506946,0.04496378297116305,0.039114342655658,0.06620209059233449,0.01876140505085966,0.013857207985893304,0.3037249283667622,1.4324324324324325,0.023629068212215783,0.0,0,0.0,0.0,215750000.0,123000000.0,390800000.0,44.197503343736074,43.67552045944006,133.2232591529074,177.42076249664348,133.7452420372034,76300000.0,-6027272.727272727,731700000.0,421700000.0,Industrials
1990-03-31,GWW,1990,Q1,USD,1973762962.2800002,1933962962.2800002,4.322670903620922,1933.9629622800003,-879.0740737636364,35.03556091086957,-0.7210144927536232,3.0965656565656565,0.03460207612456748,6.572445037192655,1.1977162633902132,0.608421052631579,1.0237068965517242,518900000.0,815600000.0,0.02672461623820973,0.04323115624708842,0.02672461623820973,0.037971357246091186,0.032807364139576134,0.055642163328936324,0.01464208243456755,-0.0011146221922508168,3.2,0.36363636363636365,0.007152436298614216,0.0,0,0.0,0.0,214550000.0,138600000.0,429000000.0,42.00268216361198,45.351312987934705,142.31369765791342,184.3163798215254,138.9650668335907,37600000.0,8530736.84210527,761100000.0,446100000.0,Industrials
1990-06-30,GWW,1990,Q2,USD,2047758617.5,2014358617.5,4.063664751866048,179.85344799107142,387.3766572115385,33.022272418032784,-0.5475409836065573,3.5507448789571696,0.35,6.822017177439766,1.4759735225482453,0.6079545454545454,1.0114942528735633,547900000.0,845000000.0,0.02977460346906595,0.04834452419541561,0.02977460346906595,0.04065864471184294,0.03567359180837148,0.06046565504459632,0.015675675700092616,0.0025393617956536324,0.5357142857142857,0.6818181818181818,0.012104095218882388,0.0,0,0.0,0.0,223350000.0,130300000.0,434050000.0,43.1934637885818,33.40845070422535,119.01408450704226,162.20754829562406,128.79909759139872,38600000.0,5535227.272727266,789500000.0,474100000.0,Industrials
1990-09-30,GWW,1990,Q3,USD,1592379315.4,1512979315.4,3.0049241616683218,16.867104965440358,18.794774104347827,25.600326825719122,-1.3434856175972927,3.394122731201383,2.838607594936709,6.910193793827277,1.6410317408221216,0.6081081081081081,1.023715415019763,554000000.0,853200000.0,0.028607755880483154,0.04643906020558003,0.028607755880483154,0.03962762611649264,0.034526784414576156,0.05818098194779809,0.019781718900365966,0.05055328163426858,0.10256410256410256,1.0823529411764705,0.018272095332671302,0.0,0,0.0,0.0,235150000.0,124850000.0,412900000.0,41.54121151936445,36.32697044334975,111.75184729064038,153.29305881000482,116.96608836665507,159900000.0,23970270.270270273,794900000.0,479200000.0,Industrials
1990-12-31,GWW,1990,Q4,USD,1773209475.24,1662809475.24,3.403212188374949,20.553887209394315,25.86017846407465,27.03755244292683,-1.7951219512195122,3.0860335195530726,2.358600583090379,7.421813131301905,1.630034573105804,0.6081560283687943,1.034862385321101,560100000.0,871700000.0,0.029507914659325535,0.04815551137618732,0.029507914659325535,0.04206524405199902,0.036164215544025415,0.06096878845508446,0.019343456302791058,0.0362619312031914,0.20519159456118666,2.3714285714285714,0.03397462136717151,0.0,0,0.0,0.0,226450000.0,134600000.0,410000000.0,40.616045845272204,41.443814604868294,125.05168389463155,165.66772973990376,124.22391513503547,174700000.0,17444503.54609929,815400000.0,481600000.0,Industrials
1991-03-31,GWW,1991,Q1,USD,2086862966.65,1990662966.65,4.182943825698676,138.24048379513889,269.00850900675675,36.72809901568266,-1.7749077490774907,3.235363924050633,0.508833922261484,6.9011020276236055,1.7256625411207376,0.6086021505376344,1.0310421286031042,565100000.0,874600000.0,0.024623683981553988,0.03901890383700307,0.024623683981553988,0.034440793476938056,0.02986395059215245,0.05030674846625767,0.01356102458678896,0.0035459922947787387,0.4861111111111111,0.7692307692307693,0.014708972473208657,0.0,0,0.0,0.0,221800000.0,140400000.0,417800000.0,42.19163689850809,42.79573475508164,125.62812395868043,167.81976085718853,125.02402610210689,103600000.0,24547956.989247315,821700000.0,490300000.0,Industrials
1991-06-30,GWW,1991,Q2,USD,2509193559.0,2450093559.0,4.534691021654636,140.00534622857143,272.23261766666667,39.83891965853658,-0.9609756097560975,3.2082180956143818,0.5287009063444109,7.424354742357466,1.5811404766960826,0.6084558823529411,1.020637898686679,558900000.0,869700000.0,0.028213433344698263,0.04589881593110872,0.028213433344698263,0.03922730504858971,0.034409229208924946,0.057928486034126724,0.013191489305907309,0.0035868097810624103,0.4857142857142857,1.0365853658536586,0.015732000740329447,0.0,0,0.0,0.0,244400000.0,144900000.0,414800000.0,44.25874514158801,38.27406764960971,106.86036426712923,151.11910940871724,112.84504175910752,68100000.0,38330698.52941176,843800000.0,482600000.0,Industrials
1991-09-30,GWW,1991,Q3,USD,2520372408.21,2406972408.21,4.44747303808204,31.965105022709164,35.553506768242244,41.35691423041237,-1.9484536082474226,3.1303063861203397,2.382911392405063,7.179126701535194,1.7395411430939203,0.6135922330097088,1.0198019801980198,577100000.0,887800000.0,0.02616760516727393,0.04242271505376344,0.02616760516727393,0.03671430231207157,0.0323111655547344,0.05391267214689869,0.0125378296862259,0.026861109802452324,0.10092961487383798,0.987012987012987,0.014042867701404288,0.0,0,0.0,0.0,256450000.0,147800000.0,408700000.0,41.108647450110865,38.54917796365734,105.57542543986156,146.6840728899724,108.13489492631507,181100000.0,12886407.76699029,860700000.0,501100000.0,Industrials
1991-12-31,GWW,1991,Q4,USD,2843904773.0899997,2733604773.0899997,5.259966852203194,62.986285094239626,81.11586863768545,43.184909527488145,-1.7424960505529226,3.048893647394718,1.2507204610951008,7.818815062403206,1.6863805692020708,0.6098418277680141,1.0289330922242315,574100000.0,885700000.0,0.028522110800591815,0.04562329840772213,0.028522110800591815,0.04033007903300791,0.035283796898484175,0.05905595899188381,0.012201533725159601,0.011849904511178058,0.22350230414746544,1.2125,0.01866461420050029,0.0,0,0.0,0.0,237150000.0,150550000.0,425000000.0,39.32845872618819,42.53329204087953,123.5583772065655,162.88683593275368,120.35354389187415,144000000.0,35024253.07557118,860400000.0,498100000.0,Industrials
1992-03-31,GWW,1992,Q1,USD,3053255560.95,2977355560.95,5.593378848299831,-647.2512089021739,-225.55723946590908,54.33130585675182,-1.385036496350365,3.285993740219092,-0.1625441696113074,7.116115240130384,1.727332152425208,0.6099137931034483,1.0108932461873639,584300000.0,896400000.0,0.023487426342435058,0.03791038612430312,0.023487426342435058,0.032390980885887606,0.028813342016723215,0.04835141683345623,0.009268795040266675,-0.004323254223728625,-1.8695652173913044,0.9662921348314607,0.016156302836746194,0.0,0,0.0,0.0,234750000.0,148500000.0,442700000.0,40.98440728912268,38.57524487978628,118.10329474621548,159.08770203533817,120.51245715555189,62700000.0,18095043.10344827,873700000.0,508700000.0,Industrials
1992-06-30,GWW,1992,Q2,USD,2441647060.18,2519147060.18,4.154951443476826,75.87792349939758,98.40418203828125,34.13478401327913,1.0501355013550135,2.4045112781954887,0.9222222222222223,8.069182110205078,0.4540416664144213,0.5990016638935108,0.9901153212520593,467000000.0,805400000.0,0.027514521553041883,0.0483030278916166,0.027514521553041883,0.03994673768308921,0.034476959035023805,0.06219899579874987,0.014744145698660501,0.010484725830158578,0.2289156626506024,0.5801526717557252,0.012535048655780966,0.0,0,0.0,0.0,264850000.0,150200000.0,448550000.0,42.647204354280056,37.13303358899762,108.30468130124306,150.9518856555231,113.8188520665255,-51900000.0,159159400.9983361,901200000.0,392300000.0,Industrials
1992-09-30,GWW,1992,Q3,USD,2703000000.0,2736200000.0,4.362563775510204,33.82200247218788,40.5362962962963,41.33232628398792,0.5015105740181269,2.6664362253715868,2.1805929919137466,8.252058062335173,0.6742924528301887,0.6042345276872965,0.9919224555735057,482100000.0,824200000.0,0.02897305739945334,0.047819537255204915,0.02897305739945334,0.040475670957887844,0.03672274645443657,0.06244955609362389,0.013725490196078431,0.024972253052164262,0.16563658838071693,3.116279069767442,0.021364795918367346,0.0,0,0.0,0.0,285300000.0,152600000.0,445300000.0,40.65210459183673,33.578394598649666,98.0345086271568,138.68661321899353,105.10821862034386,34300000.0,13202117.263843648,916600000.0,407500000.0,Industrials
1992-12-31,GWW,1992,Q4,USD,3156474900.0,3143574900.0,5.251545105245573,36.1746248561565,-31.217228401191658,38.01178839177751,-0.15598548972188633,2.5175911251980985,2.4273743016759775,8.231389842051655,0.7665196387273664,0.6037099494097807,0.989983305509182,478800000.0,831500000.0,0.02731781762685998,0.0462369741412582,0.02731781762685998,0.038445017182130586,0.03545316271533909,0.060201005025125626,0.011341766094829394,-0.03190267725556759,2.1588032220943614,8.228070175438596,0.31339792849983295,0.0,0,0.0,0.0,274350000.0,150550000.0,433900000.0,39.903107250250585,39.614604462474645,112.71515502752825,152.61826227777885,113.00365781530421,-87800000.0,-125337774.03035414,931200000.0,415000000.0,Industrials
1993-03-31,GWW,1993,Q1,USD,3144474194.5099998,3140174194.5099998,5.180095998861761,75.48495659879806,116.30274794481481,47.2917800378012,-0.06475903614457831,2.544415414761594,1.219941348973607,7.835981754329702,0.8148165135122886,0.5787610619469027,1.0089285714285714,472900000.0,829800000.0,0.025266573945294392,0.042999193765116905,0.025266573945294392,0.03521430109842774,0.03334145219344537,0.05668016194331984,0.010399194897859738,0.008586491200067674,0.35096153846153844,1.4038461538461537,0.024084460574067965,0.0,0,0.0,0.0,269600000.0,156150000.0,425900000.0,40.64995051138238,39.29232444202504,102.78715296679368,143.43710347817606,104.14477903615102,31300000.0,35498230.088495575,928600000.0,413500000.0,Industrials
1993-06-30,GWW,1993,Q2,USD,3227647057.0,3273947057.0,4.957521285584495,158.16169357487922,-962.925605,41.02690547619048,0.5802005012531328,2.320046893317702,0.5830985915492958,8.204718572609659,0.508319209326734,0.6040955631399317,0.9865319865319865,450400000.0,821100000.0,0.026920152091254753,0.045531197301854974,0.026920152091254753,0.038637851997380485,0.0353008130354274,0.06099815157116451,0.010967741941680334,-0.0010533989435512186,1.1642512077294687,1.1813725490196079,0.036493034524530586,0.0,0,0.0,0.0,291850000.0,173950000.0,426400000.0,42.23349485160509,41.84230101661294,96.67245226878255,138.90594712038762,97.06364610377469,-49700000.0,54683276.45051195,916200000.0,392800000.0,Industrials
1993-09-30,GWW,1993,Q3,USD,2730386835.0499997,2813186835.0499997,4.025739603677732,67.462514029976,260.4802625046296,33.893817289759035,0.9975903614457832,2.0592369477911645,1.0775193798449612,8.729523571717472,0.15416020711669304,0.5793413173652695,0.9940476190476191,422000000.0,812600000.0,0.028478916770917653,0.050263659822730844,0.028478916770917653,0.042635231904814365,0.03734459139275406,0.06996356064549714,0.014173815777020224,0.003955483472656806,0.7410071942446043,1.9556962025316456,0.044218660560961645,0.0,0,0.0,0.0,312950000.0,184550000.0,441000000.0,40.6983400114482,37.84209307710118,93.52164852975226,134.21998854120045,96.37789546409927,-72000000.0,52231736.52694611,907700000.0,369200000.0,Industrials
1993-12-31,GWW,1993,Q4,USD,2927960518.75,2987560518.75,4.506124462669684,51.069410576923076,100.59126325757576,36.345018476277374,0.7250608272506083,2.1601992658626115,1.4268292682926829,9.219618602961324,0.25357881202475147,0.6108663729809104,0.978448275862069,442500000.0,851900000.0,0.030217186024551465,0.05088463225617781,0.030217186024551465,0.044166047351098844,0.03985835032858417,0.06992866472420375,0.014207841852239115,0.010143579399314945,0.49230769230769234,2.2857142857142856,0.04343891402714932,0.0,0,0.0,0.0,307950000.0,179850000.0,457500000.0,40.710407239819006,40.37531486146096,105.68765743073048,146.3980646705495,106.02274980908854,-29900000.0,5203083.700440533,941900000.0,389100000.0,Industrials
1994-03-31,GWW,1994,Q1,USD,3213719506.0,3265119506.0,4.62219635617214,90.19667143646409,190.94266116959065,37.31565149714286,0.5874285714285714,2.1673257538309443,0.8722891566265061,9.425596161152104,0.40012048269902745,0.5971223021582733,0.9886201991465149,472300000.0,888400000.0,0.028980446927374302,0.05005874603909282,0.028980446927374302,0.04257283545342634,0.038617937296896616,0.06842515086626436,0.012913385851664929,0.0053209373027342235,0.5276243093922652,1.1104651162790697,0.02703850509626274,0.26245753114382786,0,0.0,0.0,311750000.0,189600000.0,473900000.0,41.22876557191393,41.75086505190311,99.98615916955016,141.2149247414641,99.464059689561,-34300000.0,10277697.841726616,974800000.0,419700000.0,Industrials
1994-06-30,GWW,1994,Q2,USD,3216814294.84,3301614294.84,4.295620992505855,11005.380982800001,-139.89891079830508,37.096789829662924,0.952808988764045,2.1317882299477393,0.007075471698113208,9.722834468504415,0.4899999986099291,0.5966149506346967,0.9957865168539326,498100000.0,924700000.0,0.02821316614420063,0.04857912871422236,0.02821316614420063,0.041985111662531015,0.036922194250491445,0.06722054380664652,0.013149655566953996,-0.007336450860049983,79.66666666666667,1.3426966292134832,0.03109549830861306,0.25709081446786364,0,0.0,0.0,348200000.0,209300000.0,489850000.0,43.65339578454333,40.61203319502074,93.00622406639003,136.65961985093335,96.04758665591261,-108400000.0,10578984.485190406,1007500000.0,446400000.0,Industrials
1994-09-30,GWW,1994,Q3,USD,3033547607.7599998,3088947607.7599998,3.9637464490696774,45.49260099793814,79.00121758976981,35.751708423148145,0.6412037037037037,2.181611288120164,1.5790697674418606,9.800500023712527,0.5242674438112277,0.5963938973647711,0.9849726775956285,519200000.0,961100000.0,0.028091722741229504,0.04831683168316832,0.028091722741229504,0.04132231404958678,0.037869563920108644,0.06707596444607349,0.014174822867458343,0.012889199398084215,0.42415316642120765,6.260869565217392,0.03695624278198383,0.25702553573720005,0,0.0,0.0,365150000.0,226300000.0,512600000.0,41.28705248299757,42.953714981729604,96.3032886723508,137.59034115534837,94.63662617361877,-16300000.0,-1643966.7128987536,1040600000.0,468500000.0,Industrials
1994-12-31,GWW,1994,Q4,USD,2944504355.36,2967704355.36,3.8596753223566136,34.111544314482764,77.2839675875,30.53193781234568,0.23868312757201646,2.0988891309082987,87.0,1.4951486104140548,0.32023454075846175,0.06172839506172839,0.23109843081312412,504500000.0,973600000.0,0.0006515506906437321,0.045734790409394876,0.0006515506906437321,0.0009682416731216112,0.0038871366275845887,0.06516686808589756,0.000339615731313034,0.013041244082420503,0.5586206896551724,1.7933579335793357,0.06320717908700742,0.2650539732084796,0,0.0,0.0,351650000.0,230800000.0,523550000.0,40.47600468201326,43.56700149604616,100.021372088053,140.49737677006627,96.93037527402011,15200000.0,-2472839.506172836,1032800000.0,461600000.0,Industrials
1995-03-31,GWW,1995,Q1,USD,3224884790.86,3273084790.86,4.056872571715419,454.59510984166667,-218.205652724,33.63910370873587,0.49537512846865367,2.1662687215107446,0.1535181236673774,10.421596685853583,0.5235074613471025,0.5982142857142857,1.0025575447570332,537300000.0,1013600000.0,0.029825119236883944,0.050333086602516654,0.029825119236883944,0.043835872511449665,0.03987755276008622,0.07033639143730887,0.014543155195163696,-0.004651328953677088,3.0833333333333335,1.162303664921466,0.02751611303916708,0.2646256817055032,0,0.0,0.0,355650000.0,228100000.0,527750000.0,40.77218641546852,41.67943548387097,97.16733870967742,137.93952512514593,96.26008964127496,-63200000.0,10880357.142857142,1069900000.0,495400000.0,Industrials
1995-06-30,GWW,1995,Q2,USD,2975666658.38,3112166658.38,3.8256504712722803,-68.24926882412281,-40.94956129447369,36.14595422044135,1.5853658536585367,2.0229374768775434,-1.1544303797468354,9.755675590459184,0.28632911472142286,0.5984848484848485,0.9806835066864784,553000000.0,1044600000.0,0.02350351065095799,0.041375918354800034,0.02350351065095799,0.035958124715521164,0.031182186500758925,0.059035087719298246,0.013274336320152349,-0.025540495198267805,-0.6666666666666666,1.6170212765957446,0.03736939151813153,0.2693300553165335,0,0.0,0.0,376850000.0,239450000.0,571500000.0,42.947756607252614,44.123549085185914,107.56443045445603,150.51218706170863,106.38863797652272,-212500000.0,12978030.303030305,1098500000.0,511500000.0,Industrials
1995-09-30,GWW,1995,Q3,USD,3088185426.73,3203085426.73,3.7683357961529413,55.225610805689655,101.04370431324921,31.839815375049703,1.1421471172962228,2.133398058252427,1.1812627291242364,10.952648278376774,0.5792260673589374,0.5980511571254568,0.976218787158145,583700000.0,1087400000.0,0.02897438923639797,0.049834083906138894,0.02897438923639797,0.04321422284809012,0.038306247002475945,0.07129535435740929,0.015899304353621902,0.010264927658041025,0.453448275862069,1.593939393939394,0.030941176470588236,0.2551764705882353,0,0.0,0.0,391300000.0,229050000.0,602700000.0,41.760000000000005,35.307042253521125,101.05352112676056,142.81352112676058,107.50647887323944,-83200000.0,9796102.314250916,1136200000.0,540300000.0,Industrials
1995-12-31,GWW,1995,Q4,USD,3320635371.71,3364635371.71,4.171380326940243,31.53360235904405,45.65312580339213,32.63467867807953,0.4267701260911736,2.392929520378293,2.083984375,11.627913847455924,0.996702928661402,0.5981308411214953,0.9884526558891455,618600000.0,1137000000.0,0.030673376467768992,0.05148938700279446,0.030673376467768992,0.04342294970740395,0.04072500262687436,0.07068810709329851,0.015418735955231954,0.022194547654308495,0.30927835051546393,2.0,0.04091247210513266,0.26729481775353336,0,0.0,0.0,382000000.0,206900000.0,600250000.0,41.23977188197372,37.79667964746874,111.15802418528388,152.3977960672576,114.60111641978884,29700000.0,398130.84112149477,1179100000.0,572600000.0,Industrials
1996-03-31,GWW,1996,Q1,USD,3444630613.62,3435530613.62,4.077297191573701,45.92955365802139,54.10284430897637,33.129514113982644,-0.08775313404050145,2.6191634241245136,1.4930139720558881,11.464901524257545,1.5555788416943797,0.5978520286396182,0.99880810488677,665800000.0,1179000000.0,0.029919378919080322,0.05018392798396985,0.029919378919080322,0.04109926168990976,0.0388956150766625,0.06641336183012744,0.014544375179708854,0.018434487503223795,0.15106951871657753,0.5707070707070707,0.013410871113220982,0.256942796107287,0,0.0,0.0,379100000.0,205450000.0,580800000.0,41.507239496795634,35.49004594180705,96.30551301684534,137.812752513641,102.32270657183395,72600000.0,11459785.202863961,1219000000.0,621500000.0,Industrials
1996-06-30,GWW,1996,Q2,USD,3933734687.52,3874534687.52,4.360268610758497,51.59167360213049,61.89352535974441,38.437844122222224,-0.5873015873015873,2.5862455197132617,1.5141129032258065,11.711643021435362,2.009000003246869,0.5978260869565217,1.0048543689320388,708100000.0,1218500000.0,0.028361886208674726,0.0481899526288087,0.028361886208674726,0.03938574156588161,0.037124779233715724,0.06343829394102703,0.012583461756341018,0.01591363042317066,0.16644474034620507,0.6793478260869565,0.014067071798334458,0.25568309700652714,0,0.0,0.0,410400000.0,232700000.0,552400000.0,43.7744767049291,41.644666428826255,87.62397431323582,131.3984510181649,89.75378458933865,121800000.0,12860869.56521739,1256800000.0,666000000.0,Industrials
1996-09-30,GWW,1996,Q3,USD,3602547072.6000004,3505447072.6000004,3.8867358605166875,56.72244454045308,68.33230161013645,34.03346672427185,-0.9427184466019417,2.7150353639060003,1.1839080459770115,12.041007265411451,2.4417590728804623,0.5983981693363845,1.0174621653084983,751700000.0,1258800000.0,0.029479736204272588,0.048815138944138206,0.029479736204272588,0.04036428185536776,0.03769610057641202,0.06430603383740081,0.01451750634926596,0.014239924965914794,0.16990291262135923,0.6140350877192983,0.011642088923383967,0.2591196363233174,0,0.0,0.0,425600000.0,246650000.0,555850000.0,41.81173079055327,37.245222929936304,90.11146496815287,131.92319575870613,94.67797282876982,148400000.0,14402402.745995432,1295700000.0,711600000.0,Industrials
1996-12-31,GWW,1996,Q4,USD,4132772118.3900003,4172072118.3900003,4.614613558666077,69.88395508190955,130.78595982413793,37.151131953606416,0.3499554764024933,2.1428339555267004,1.0547703180212014,13.252713402190292,1.3521438733904718,0.5964172813487882,1.0171489817792068,704100000.0,1485000000.0,0.026710712600283154,0.04793095476612468,0.029961357260070934,0.03869556299993163,0.033463065938927145,0.062079978707831523,0.013695407919575688,0.00771878997587393,0.4656616415410385,1.4631578947368422,0.030748810972237584,0.27021347196106626,0,0.0,0.10849457291175083,426300000.0,237350000.0,626400000.0,43.163366884194225,39.583561643835615,112.91506849315068,156.0784353773449,116.49487373350928,-7400000.0,94445732.34984195,1232800000.0,663900000.0,Industrials
1997-03-31,GWW,1997,Q1,USD,3811698116.0,3873698116.0,3.9302943547077924,38.16451345812808,46.28074212664277,34.310877909654565,0.5491585473870682,2.0559858018715715,1.858974358974359,12.760613381898834,1.031849816093883,0.5947712418300654,0.9978260869565218,654500000.0,1206600000.0,0.02643683726335157,0.04397390244485338,0.02643683726335157,0.038814246107912134,0.03412257062133076,0.06364579730197163,0.014324324313830314,0.021958716942629988,0.17536945812807883,0.8516746411483254,0.018060064935064936,0.2651176948051948,0,0.0,0.0,449700000.0,247350000.0,657300000.0,42.53449675324675,37.37487733071639,92.39941118743867,134.93390794068543,97.55903060996904,21700000.0,107418954.24836601,1406700000.0,615700000.0,Industrials
1997-06-30,GWW,1997,Q2,USD,3950147384.88,4157447384.88,3.9549537527397263,65.0617744112676,107.15070579587629,35.05436243575042,1.7478920741989883,1.7889304412864622,1.109375,12.758028209713911,-0.12320312448665365,0.5950413223140496,0.9877551020408163,527400000.0,1088900000.0,0.028891006671013693,0.04828775560482878,0.028891006671013693,0.04491228070175438,0.03740237931292211,0.07395110172049502,0.014581734398183676,0.009822418309887617,0.39280125195618154,1.255,0.023877473363774732,0.259703196347032,0,0.0,0.0,481800000.0,248500000.0,607550000.0,42.61986301369863,33.13995758860951,80.07573462587095,122.69559763956957,89.55564005096005,-168500000.0,180314049.58677685,1282500000.0,484700000.0,Industrials
1997-09-30,GWW,1997,Q3,USD,4410964911.5,4515864911.5,4.232697451963633,30.74108176650783,37.98036090412111,39.166217792714654,0.9098005203816132,1.8723536737235367,2.604609929078014,13.078985054680357,0.29710619474285066,0.59536354056902,0.9906054279749478,560400000.0,1134700000.0,0.028129045106044012,0.04787247332783649,0.028129045106044012,0.042735042735042736,0.03743736605612873,0.0701215049041136,0.012808988766312021,0.026955553350699105,0.1906058543226685,1.435897435897436,0.026244259068328803,0.2599118942731278,0,0.0,0.0,495700000.0,256100000.0,581950000.0,41.6383916018371,35.91724751594246,76.94646299866528,118.58485460050238,82.66760708455993,14000000.0,15535827.186512113,1322100000.0,516300000.0,Industrials
1997-12-31,GWW,1997,Q4,USD,4710759344.27,4821859344.27,4.66827315739181,42.37134748919157,63.11334220248692,38.08735658981043,0.8775671406003159,2.215770743584941,1.8006329113924051,13.99556233820769,-0.08793269189262541,0.5951035781544256,0.9897483690587139,649100000.0,1448800000.0,0.03163479827810592,0.05356429712460064,0.035287548855388054,0.0488143971576427,0.04283532161801158,0.0732973563768017,0.013416096085841071,0.0162181921037699,0.3286467486818981,1.9378238341968912,0.0362087326943557,0.2802788266047052,0,0.0,0.10351386525177696,474550000.0,265450000.0,594300000.0,39.689224513505664,38.20038910505837,89.31420233463035,129.00342684813603,90.80303774307765,-34700000.0,-42945386.06403014,1087900000.0,479900000.0,Industrials
1998-03-31,GWW,1998,Q1,USD,4984155955.73,5110855955.73,4.834789476615268,101.80987959621513,837.8452386442622,42.76866908560669,1.0602510460251047,2.2392523364485983,0.8776223776223776,13.504072457180074,-0.0518312934616355,0.595213319458897,0.9856410256410256,663000000.0,1264900000.0,0.028069486701344588,0.04831995242343146,0.028069486701344588,0.042949391800570655,0.03784615798046332,0.06487889273356401,0.011476366411496498,0.0012238782361910603,0.8784860557768924,2.227272727272727,0.04171790748273579,0.27206508371961025,0,0.0,0.0,469000000.0,268350000.0,609150000.0,41.07936808248983,37.93468261269549,83.65225390984361,124.73162199233343,86.79693937963793,-120600000.0,19833298.647242457,1331800000.0,492000000.0,Industrials
1998-06-30,GWW,1998,Q2,USD,4842185258.150001,4950085258.150001,4.4236686846738165,68.65582882316228,81.28218814696224,39.53742218969649,0.8618210862619808,2.287556053811659,1.2179054054054055,13.905628412670374,0.26642495716755915,0.5953815261044176,0.9880952380952381,689100000.0,1305900000.0,0.0286252172234022,0.049058256679807274,0.0286252172234022,0.04329731308411215,0.03834054675226813,0.06560791460557147,0.01224653680901422,0.01257696613269757,0.1553398058252427,0.45901639344262296,0.01000893655049151,0.26916890080428957,0,0.0,0.0,499150000.0,278900000.0,595150000.0,41.48525469168901,36.7614784868611,75.90095293098469,117.3862076226737,80.6247291358126,-47000000.0,47114457.83132529,1369600000.0,522300000.0,Industrials
1998-09-30,GWW,1998,Q3,USD,4074987933.94,4219487933.94,3.767399941017857,33.75590347152,45.66545383051948,36.00245677423208,1.2329351535836177,2.0221502811381837,2.228163992869875,13.256433198254147,-0.4693761137473254,0.5949098621420997,0.9802494802494802,599900000.0,1234500000.0,0.027344511600701893,0.046662786185487,0.027344511600701893,0.04307101727447217,0.03734442332011092,0.06567897863043627,0.013766911929419718,0.022674913766103068,0.2608,1.5523809523809524,0.029107142857142856,0.27598214285714284,0,0.0,0.0,506200000.0,281100000.0,577200000.0,39.90535714285714,36.236125126135214,73.99019749171111,113.89555463456826,77.65942950843305,-52100000.0,134830328.73807,1302500000.0,437700000.0,Industrials
1998-12-31,GWW,1998,Q4,USD,3842244263.6600003,4032944263.6600003,3.8585383310945276,46.196383317983965,89.6209836368889,31.73048201148702,1.5003933910306846,1.8155003762227238,1.3227272727272728,14.930315991720668,-1.3131793956258688,0.5951307484220018,0.9779541446208113,541900000.0,1383000000.0,0.03137031227719949,0.054578269762964746,0.034316019341756356,0.0516149214045515,0.0435321078959266,0.07878282617757398,0.017177460741949417,0.011711905051329147,0.4845360824742268,3.0875912408759123,0.0404707233065442,0.2792766934557979,0,0.0,0.08584058177670041,480000000.0,283200000.0,598500000.0,39.902411021814004,41.26317470456723,90.07186202491216,129.97427304672618,88.71109834215895,-145700000.0,96887826.871055,1098100000.0,381200000.0,Industrials
1999-03-31,GWW,1999,Q1,USD,3974226230.92,4238726230.92,3.885887633773377,-1284.4624942181817,-102.63259639031477,35.20536736644518,2.196843853820598,1.7605498281786942,-0.0586145648312611,13.965324901161631,-1.617908525180139,0.595137420718816,0.9833679833679834,553300000.0,1233900000.0,0.025566504700059035,0.04468183929400836,0.025566504700059035,0.042927945101029354,0.03466889903908811,0.0652380306523803,0.0141662796048143,-0.010391959994295392,-11.515151515151516,1.5702479338842976,0.034836817015034834,0.2810781078107811,0,0.0,0.0,485750000.0,297250000.0,636650000.0,41.92244224422442,41.678216330219946,87.66797228080746,129.5904145250319,87.91219819481194,-305800000.0,32052219.87315011,1311500000.0,390200000.0,Industrials
1999-06-30,GWW,1999,Q2,USD,5042196312.24,5394296312.24,4.7062435109404985,-293.16827783913044,-108.97568307555555,48.13112926379656,3.1416462190497434,1.6830335439961108,-0.36435643564356435,13.237370253334108,-1.886798413006171,0.5952941176470589,0.9717062017719348,562000000.0,1255500000.0,0.021611001964636542,0.03851656212171234,0.021611001964636542,0.037442652064525676,0.02911909397032516,0.057618859475833006,0.01003530939030831,-0.009817150490518999,-1.690217391304348,1.2642276422764227,0.027133135578433082,0.2865991973477578,0,0.0,0.0,535350000.0,319400000.0,669050000.0,44.17553655557494,42.27040816326531,88.2015306122449,132.37706716781983,90.10665900455453,-401600000.0,36873352.941176474,1351400000.0,394800000.0,Industrials
1999-09-30,GWW,1999,Q3,USD,4492138787.280001,4817038787.280001,4.098212342419602,76.0985590407583,92.81384946589597,45.358180671186446,3.059322033898305,1.7528316133903852,1.3820960698689957,12.784199411855377,-1.523760913038181,0.5955786736020806,0.9576587795765878,598200000.0,1283700000.0,0.019494338980165147,0.03423723032318581,0.019494338980165147,0.033054272517321015,0.02657680883036792,0.05164651402109596,0.010195588820560906,0.011553516589238231,0.18009478672985782,0.44015444015444016,0.009698825931597753,0.29130508762974305,0,0.0,0.0,564050000.0,318750000.0,695400000.0,43.300153139356816,37.904512933406714,86.5946615299945,129.89481466935132,91.9903017359446,-273000000.0,26124967.49024707,1385600000.0,429000000.0,Industrials
1999-12-31,GWW,1999,Q4,USD,4408103179.83,4794803179.83,4.275348354730272,-402.9246369605042,-105.3802896665934,62.51373115814863,5.041720990873533,1.6899483055715105,-0.4234875444839858,10.493385237072134,-2.3752597370925863,0.5953389830508474,0.8872180451127819,600600000.0,1471700000.0,0.01095601996257018,0.021651540433844776,0.011749947731549236,0.018980074299223236,0.015688544629633986,0.03139939798146727,0.006374623926358203,-0.010321899951932324,-2.823529411764706,1.4297872340425533,0.029959875167186803,0.3191261703076237,0,0.0,0.06756862133499689,563650000.0,283100000.0,730900000.0,45.08426214890771,34.07919638957636,99.90537196098414,144.98963410989185,110.91043772031549,-432200000.0,19172033.89830509,1307200000.0,386800000.0,Industrials
2000-03-31,GWW,2000,Q1,USD,5040789565.0,5411798565.0,4.527966643908855,116.18288031343924,214.46455437108662,52.17247409114134,3.5767143228990927,1.7098755859599997,1.130280750285118,12.702499787913851,-2.2392969354196794,0.5949929977044021,0.9262607486259143,640870000.0,1328874000.0,0.015774696408578072,0.028886624720533487,0.015774696408578072,0.027430440460548648,0.022015612389081243,0.04373734780073265,0.008175504941952481,0.00500596179916112,0.4582653499355947,0.7372893064382426,0.01785986208096761,0.29013699867971227,0,0.0,0.0,581387000.0,277626500.0,767857000.0,45.254293445248216,35.670670542973966,93.44665937061481,138.70095281586302,103.03028227288905,-345775000.0,11827791.38934207,1502382000.0,433569000.0,Industrials
2000-06-30,GWW,2000,Q2,USD,2866996821.0,3235629821.0,2.6051308438980953,83.75734050374052,90.53245162283156,32.401985008862496,3.6915350644408615,1.7345977975889786,0.6940282418885415,14.662330270160231,-1.64295554951367,0.5950036879068723,1.2832334261532763,673289000.0,1353007000.0,0.02163370165531126,0.028117765150455942,0.02163370165531126,0.03744752421959096,0.0221282237842225,0.044012004426496436,0.019414740746236774,0.01246600614908739,0.0748362713882633,0.10724089324133838,0.0023276560318577287,0.29110756492236045,0,0.0,0.0,627798500.0,314946000.0,772147000.0,47.43560903107996,38.59399360236536,88.90226889281465,136.3378779238946,97.74388432152925,-332893000.0,35024363.8520989,1486400000.0,503300000.0,Industrials
2000-09-30,GWW,2000,Q3,USD,2449405617.45,2778769617.45,2.2378211184798626,35.01253219240219,40.73725469785375,23.492354142994824,2.784518616211829,1.7905306449767746,1.6497599102001788,13.7314726182982,-1.1472359283741056,0.5728183084671898,0.9170652340081679,697935000.0,1366587000.0,0.018828284030106782,0.035717064592239146,0.018828284030106782,0.03186288633095622,0.026849717518598014,0.05476596279086456,0.019640275035411534,0.02784838881483966,0.14052794052794051,0.41762150827529393,0.008981823745902893,0.28672658307361504,0,0.0,0.0,653181000.0,303236500.0,762794500.0,47.23773284047257,31.868351817609646,88.48711703928414,135.7248498797567,103.85649806214705,-261152000.0,43364555.052808315,1509911000.0,535676000.0,Industrials
2000-12-31,GWW,2000,Q4,USD,3392509947.0,3650691947.0,2.812339243262065,32.25534274303991,68.03630301166648,30.386728485695976,2.1489916015348633,1.9844163977070186,2.3617261022890887,13.852445602208501,-0.543079137212033,0.5651297169811321,0.8845864975381791,735678000.0,1571236000.0,0.019484054527543287,0.03823365186733245,0.020832101684895063,0.031171742164947516,0.02838521479980155,0.05598626857687162,0.014126119229916585,0.015816608009491563,0.5259098258541628,2.4518268319808874,0.04585401102228029,0.143169467944639,0,0.0,0.0647100891567372,630018000.0,246329000.0,729290000.0,42.17457387654861,20.04130594521368,63.87039125741224,106.04496513396084,86.00365918874716,-204524000.0,-18813404.811320752,1378321000.0,560883000.0,Industrials
2001-03-31,GWW,2001,Q1,USD,3148940525.8,3337386525.8,2.73686385806367,35.57488328696449,42.5101457915117,30.573066624527076,1.7263125108784272,2.0918443922291674,2.2243746295198576,13.123329062620147,-0.25227003526787284,0.5637992112826683,0.8938450692444646,776939000.0,1450411000.0,0.01719769870936725,0.03407557547245867,0.01719769870936725,0.026853017375032394,0.025113203753496946,0.048075602934088704,0.01339339363651058,0.024931560109429107,0.1631437007664183,0.6008558417085427,0.012551048859293763,0.2552213347329058,0,0.0,0.0,601701000.0,238294000.0,694947000.0,43.92206950845484,27.907227210376114,74.86160854520689,118.78367805366173,90.87645084328562,-109938000.0,16089792.19303523,1570681000.0,606841000.0,Industrials
2001-06-30,GWW,2001,Q2,USD,3859052608.3199997,4036076608.3199997,3.2946488345849927,53.6113464789331,75.07303687214016,33.78204972060867,1.4816947620402765,2.1538300462554463,5.079892037786775,7.714869032100329,-0.1602967626474775,0.6398411190743459,0.2472248313551362,798980000.0,1475067000.0,0.0060792019099031105,0.021957460487675003,0.0060792019099031105,0.009445199678021939,0.018422509364080332,0.0307603985651106,0.0038403207999933796,0.013931398572823488,0.2858774772860103,0.8346389513689599,0.0175684059296023,0.2458923790243584,0,0.0,0.0,600744500.0,277497500.0,675489500.0,44.5492065565206,32.45272995359729,72.11457565375775,116.66378221027836,84.21105225668106,-123262000.0,42168434.76383732,1569144000.0,622763000.0,Industrials
2001-09-30,GWW,2001,Q3,USD,3613047131.7000003,3620571131.7000003,3.0187576450901235,16.021856789407774,17.797101455494605,30.116714066945054,0.0625863015521802,2.281986430544578,4.033718896147942,15.058117534820884,0.570889854135251,0.5934785372261536,0.9897145013997085,819106000.0,1491214000.0,0.023541959249743453,0.03959617111497574,0.023541959249743453,0.03573000256389651,0.03202220028513418,0.05479134915159206,0.01550547168579024,0.05630593584431873,0.09974908950910934,0.907411134817439,0.018794221575209404,0.2505290330326725,0,0.0,0.0,577336000.0,292164500.0,647796500.0,41.14361183233029,31.922335461918813,70.61460572216545,111.75821755449574,79.83588209257692,195912000.0,38778202.44501886,1568014000.0,646389000.0,Industrials
2001-12-31,GWW,2001,Q4,USD,4445398944.0,4411817944.0,3.9728247787706246,38.124939025233324,59.11033326634243,33.42311641754862,-0.2544034424503216,2.514596134782444,1.881228358233219,16.08412985413913,1.0677826804288726,0.586301552655909,1.0002669488697575,838800000.0,1684001000.0,0.02638631873255761,0.0449250590968373,0.028271921160530813,0.038369150486935726,0.034573697910702667,0.059534666527889905,0.013837453235333292,0.016789719199609365,0.35502073971655723,1.515418664699373,0.03699508058989697,0.2689961900010716,0,0.0,0.06669523508029612,501234000.0,280445500.0,632545500.0,36.80885799987213,35.12621482833256,80.80303866230956,117.61189666218169,82.48568183384913,108218000.0,27829583.556525648,1447845000.0,664693000.0,Industrials
2002-03-31,GWW,2002,Q1,USD,5131084567.0,5041949567.0,4.480677499966674,73.05161719236732,98.99957915922167,44.1718317826605,-0.7808995654611719,2.477937219879433,1.1806596188716685,15.911496865090207,1.397228998350282,0.5920516923575523,1.0975767007558914,892646000.0,1580606000.0,0.02404394689585563,0.03777812866400814,0.02404394689585563,0.035403771848011724,0.028917639028266343,0.04923064799375259,0.011392912986850016,0.009925581879422569,0.26210174010055204,0.74801521667218,0.016076213158678177,0.2604444286456968,0,0.0,0.0,469132500.0,309374000.0,642063000.0,38.71767983541655,41.57296331624982,78.75187945612986,117.4695592915464,75.89659597529658,140064000.0,5508970.244485408,1651318000.0,716647000.0,Industrials
2002-06-30,GWW,2002,Q2,USD,4603281710.37,4542009710.37,3.8015066307524656,115.17711957322176,555.6654894017616,48.183927165938215,-0.6500042434015106,2.6041638174989745,1.2896526914775328,15.381887120936534,1.521684184941394,0.5926058826727559,0.9756110498175338,914922000.0,1737808000.0,0.022564547175053174,0.03889944737975305,0.023768216818960495,0.03283173157729545,0.03004764736170665,0.05109417439469849,0.011839162456042584,0.0017756897175304517,0.7927222010904019,1.3248431937616545,0.02616438677192348,0.25552397404736554,0,0.0,0.05064198349735369,492405000.0,324726000.0,646322500.0,37.718071430006226,34.69905561912906,72.79097871056173,110.50905014056795,75.80999452143888,69446000.0,25920400.92426467,1537656000.0,729984000.0,Industrials
2002-09-30,GWW,2002,Q3,USD,3909147260.0499997,3823283260.0499997,3.1770676915821836,22.9851642151175,31.07375108746007,38.160327977343044,-0.8570116778121569,2.3717719114004217,2.77445665771521,16.04816440737759,1.0445691357628137,0.5918945601737585,1.010979139634694,855581000.0,1697431000.0,0.024804655015337157,0.041467182505890106,0.026078018743915795,0.03720391940278131,0.032813053520516,0.055869037043976444,0.015336592870955998,0.03147463930494813,0.2603028790948496,1.867419994824463,0.03597972411500748,0.2512630879175669,0,0.0,0.04882900580304724,490233500.0,319903500.0,644812500.0,35.878992853581515,37.446805853853455,72.64956795364867,108.52856080723018,71.08175495337673,208903000.0,98530915.98380888,1493450000.0,673750000.0,Industrials
2002-12-31,GWW,2002,Q4,USD,4674915623.25,4595552623.25,4.1015569969770835,160.24103431953694,-363.28479235177866,35.53518777063809,-0.6136757291763323,2.5328895074931856,0.4582920515197034,16.897236992840547,1.2879131593426028,0.5912286005819886,0.9910301305219004,898681000.0,1754183000.0,0.025673573343923645,0.044800506915916805,0.02698778179478366,0.03752358040844325,0.034552791252906785,0.05874138793484379,0.013385910044831096,-0.0027059311909475112,1.4410892987900554,1.8350501731640174,0.0368863688494084,0.27333790891265136,0,0.0,0.0486964234724187,451491000.0,312008500.0,683815000.0,33.99697083559063,36.9993921230456,91.7555203709463,125.75249120653693,88.75309908349132,66713000.0,1237396.9993575513,1549003000.0,715197000.0,Industrials
2003-03-31,GWW,2003,Q1,USD,3898123343.4,3816400343.4,3.349867628628533,76.85987721835099,127.44699760894974,32.81428977240484,-0.7026731898575274,2.6385441002784553,0.9475230898404702,15.661798973900696,1.515745617696762,0.5952023988005997,0.963208507007122,950331000.0,1809647000.0,0.021022624474324066,0.03708051067392724,0.02209188256952826,0.03050925017596788,0.028305973221990625,0.047788063100507226,0.013443391956472182,0.007681901613169975,0.39692673299230674,0.7916532776349614,0.017299689537765006,0.26547637125209234,0,0.0,0.04840049696258299,439110500.0,296041500.0,713597000.0,35.942600035636886,36.37559312756821,85.24326782602395,121.18586786166084,84.81027473409263,111668000.0,7942665.667166412,1596993000.0,755216000.0,Industrials
2003-06-30,GWW,2003,Q2,USD,4247398027.04,4206318027.04,3.5869855201460608,93.38449985658148,108.6791553079785,45.33647366932529,-0.4427678378960983,2.6884483640746812,0.8044398406943725,16.379881318505387,1.3417937626089895,0.5967240019609097,1.0113602069411511,973534000.0,1922761000.0,0.02201116813327856,0.03684240203884058,0.02407538946810816,0.03186629507439149,0.028050682546331765,0.04716204263798379,0.013182894478816098,0.009112402405802479,0.14073218924139155,0.2579240753550067,0.005405654319534802,0.2654577921496494,0,0.0,0.08573989374352604,459721500.0,307909000.0,726566000.0,35.64677259668395,36.83214305695241,87.48556120371225,123.1323338003962,86.30019074344378,79784000.0,50399052.90193319,1539014000.0,763397000.0,Industrials
2003-09-30,GWW,2003,Q3,USD,4310445397.349999,4160769397.3499994,3.4653758840696307,30.063362697615602,35.00180358323588,44.11286349116315,-1.5868788498849673,2.7835213918352832,2.435076360053487,16.771410038088227,2.23811049339147,0.5997699524075852,1.004686125041083,1028209000.0,1973588000.0,0.02187954853509501,0.03668991399822854,0.02384496493486225,0.0314446758270576,0.027920102341330445,0.04666648855218655,0.013185644350104045,0.02757789254750366,0.14109104046242774,0.8803083581282121,0.016263433136026666,0.2663665006758732,0,0.0,0.0824247972322964,463251000.0,301725000.0,726461500.0,34.63369171686785,33.05877716043889,80.7631368161418,115.39682853300965,82.33805137257076,268549000.0,4550901.6810358465,1593379000.0,814529000.0,Industrials
2003-12-31,GWW,2003,Q4,USD,4275492153.1,4021698153.1,3.483754241845437,24.97778507741707,30.347400077722945,31.720114468360322,-2.0017351936712755,2.3115207177629347,2.6079723994946384,17.745253414496098,3.0794578410005222,0.5910827293703147,0.9654308663542505,926773000.0,1826471000.0,0.023522123475717784,0.04164902615773918,0.025127677482690076,0.03345988233923263,0.031171982208674943,0.056700127943242,0.014439975045968936,0.030995729907705067,0.17693822161218797,1.5318313797182492,0.024678300264636202,0.27530913926101097,0,0.0,0.06389583788944778,446968000.0,273357000.0,683527000.0,33.67128805498889,31.853899959500552,81.70211626773566,115.37340432272455,83.519504363224,386316000.0,155493649.40784496,1677429000.0,853870000.0,Industrials
2004-03-31,GWW,2004,Q1,USD,4330525920.0,4043250920.0,3.2930886244409714,43.58501320512682,48.72854377824646,40.13231945051018,-2.8514213681661174,2.284507724899569,1.4828721686727728,17.92556820361054,3.2038575120686494,0.618703826412034,1.0036229007027435,964682000.0,1838627000.0,0.023294426749102055,0.03794468665917425,0.024721669308402618,0.033668009605438635,0.03000932206040344,0.05207785729608465,0.014446051393222005,0.01916049032677306,0.10555477702200136,0.3715705991727697,0.007975246762703015,0.2823890555375921,0,0.0,0.05773245089139098,452433500.0,285063500.0,657677000.0,34.669673130536836,36.021613821773755,75.44158014388711,110.11125327442394,74.08963945265019,370250000.0,40985173.10335961,1703069000.0,888231000.0,Industrials
2004-06-30,GWW,2004,Q2,USD,5188589090.0,4847543090.0,3.8595887255627903,71.99677840487153,102.12018559480924,45.350339036962886,-3.1905960277291823,2.416032015720164,1.0106726309311158,18.880991963554706,3.9943583921385457,0.6205024077196054,1.0044157132031697,1043457000.0,1913829000.0,0.024198542907653674,0.03930831400389255,0.025624633866489114,0.03440061882798606,0.030758956751555013,0.05301793684828699,0.01283952127340267,0.009148729871765583,0.2949799495024506,0.8158813621985787,0.015813225433010555,0.2810058169993965,0,0.0,0.05565312528037422,478759000.0,313552000.0,654401500.0,34.721443278284426,35.58447120946257,74.00974945581657,108.731192734101,73.14672152463842,388515000.0,-7966877.13644366,1783350000.0,963892000.0,Industrials
2004-09-30,GWW,2004,Q3,USD,5205510843.15,4821332843.15,3.7057045488014744,33.19996999848507,41.86529391514635,44.87298353700532,-3.575611481329809,2.6115217604933116,2.145415060054071,19.123946706065684,4.054169246957013,0.6217643708779601,1.0132348013849075,1049539000.0,1935279000.0,0.02516791250107827,0.03948323136756862,0.026752113444232343,0.034572881466741305,0.03270236598369286,0.052714520092001664,0.013003334742655054,0.022123285008914063,0.20698108400300233,1.1721717427758063,0.023102754145283413,0.2857976245468108,0,0.0,0.059217786529520776,493202500.0,313965000.0,654995000.0,34.71578877789367,34.29559708630354,71.76724987648673,106.48303865438041,72.18744156807688,499341000.0,56307851.064611554,1798598000.0,969179000.0,Industrials
2004-12-31,GWW,2004,Q4,USD,6000889701.38,5581128701.38,4.412116400488555,55.16639189257579,171.17926332290517,38.19081074997605,-2.8723603717034583,2.648887285374845,1.123400994936484,22.725250895144473,4.425046454177193,0.7046800785620946,1.0287874030960948,1092279000.0,2028430000.0,0.03205326930462387,0.04526111601800232,0.03417691494670768,0.04354802052254143,0.04066324112910595,0.05795945208950142,0.015007108025879927,0.005433194346582006,0.6777273670788483,3.128393484509741,0.05420350921574285,0.3129407765493634,0,0.0,0.06213684428203147,491375500.0,301267500.0,677926500.0,34.21494835784672,34.96535003047479,84.64514994401767,118.8600983018644,83.8947482713896,452365000.0,-1851935.9609380513,1893392000.0,1013110000.0,Industrials
2005-03-31,GWW,2005,Q1,USD,5628923861.990001,5268912861.990001,3.9471060035284076,415.26740715558014,-1241.7895031793544,48.48276401404175,-3.3127001361846222,2.7541629303572503,0.17430486866688646,20.621977302223982,4.416107861727578,0.6313488759367194,1.060915013434429,1136559000.0,2074355000.0,0.025513614306018263,0.03838352372162939,0.02721538107216458,0.03430806276237594,0.030981473845641375,0.04928294932213044,0.012931779108176772,-0.000753785288987719,1.3344104665825978,0.6405008700915488,0.012683537096967517,0.29231091933357306,0,0.0,0.06252959536498467,500560500.0,312172000.0,721156500.0,35.07470334412082,36.05968392495729,79.85351744728493,114.92822079140575,78.86853686644847,355768000.0,33835470.44129892,1943316000.0,1053132000.0,Industrials
2005-06-30,GWW,2005,Q2,USD,4903128061.3,4586580061.3,3.341020784625381,45.01678406552421,62.67018365944307,30.06509168037757,-2.07497623807807,2.7508975491348577,1.2487712804422164,21.92820540404308,4.165344816546573,0.6325562283401689,1.0221089917824284,1102176000.0,2043121000.0,0.0289943812258814,0.04480870382761746,0.030943005236368545,0.03889517100927508,0.03660660492455527,0.05812218724292928,0.01664019356214158,0.014926389660847588,0.2816873760869992,1.088688263409453,0.020906055326017914,0.29149232813328596,0,0.0,0.06297462045466903,525969000.0,319940500.0,735111000.0,34.8584070022902,32.45114280950573,77.52601164271549,112.3844186450057,79.93327583549996,389734000.0,111869168.12293094,1920456000.0,1015373000.0,Industrials
2005-09-30,GWW,2005,Q3,USD,5603950294.8,5167015294.8,3.6174916755230893,30.57369317996237,36.227215517289736,31.809741095207315,-2.689906731923539,2.6833340465899203,1.91810144253141,23.416242891991498,4.947594832475137,0.632149519299756,1.0257429240075948,1180034000.0,2131092000.0,0.029506626591763434,0.046756622461178676,0.03143165668578653,0.040158502774117595,0.037356481257523444,0.05933966867463289,0.015722659082425806,0.025451332095566038,0.1560573247653874,0.9932587654878922,0.018464765441329876,0.2888432882320901,0,0.0,0.061244945287710455,539666000.0,320493500.0,739797500.0,34.50572761985575,34.36294848780931,76.80409688927264,111.30982450912839,76.94687602131907,579563000.0,8218740.98148945,2011149000.0,1089000000.0,Industrials
2005-12-31,GWW,2005,Q4,USD,6351034944.599999,5815625944.599999,4.182080290607116,39.03969298300966,53.5139263363239,32.8223379213816,-3.02175127691396,2.748235125810907,1.4346649459714544,25.888492939588264,5.715326547819228,0.696802335335369,1.0085481076398288,1270904000.0,2224255000.0,0.03340947211978683,0.048491006557930136,0.035496436989670775,0.04536264250913946,0.04315737172668215,0.06205571961190395,0.01634914638413152,0.017111384356718346,0.2704760114656266,1.368939625590324,0.028974418347109104,0.316136993512181,0,0.0,0.05879364372517834,533123500.0,327658000.0,771169500.0,33.56540242167803,35.77155790605952,88.65319110792399,122.21859352960202,86.44703562354249,644084000.0,1224938.650471434,2106250000.0,1178923000.0,Industrials
2006-03-31,GWW,2006,Q1,USD,6754203332.249999,6269805332.249999,4.418103181238756,233.286401705983,-1904.5581203675574,46.64443732749577,-3.603695961076352,2.887279854643261,0.31166722716361484,23.836924379904946,5.885573748600408,0.6143395527438785,1.0442652343081604,1319152000.0,2286776000.0,0.02738136214282902,0.042963581622798376,0.029157120405960652,0.036647750574473774,0.0336371870656428,0.05485597638226515,0.012767308853178035,-0.00048740019185998507,1.122488465545468,1.1125124460670428,0.021258289485644948,0.3071698809893758,0,0.004597929557605187,0.060903074048718905,544112500.0,338564500.0,798401500.0,36.123871393267784,37.94666525288941,85.41946771286185,121.54333910612962,83.59667385324022,481106000.0,31278679.661173925,2161219000.0,1221813000.0,Industrials
2006-06-30,GWW,2006,Q2,USD,6721246957.660001,6277190957.660001,4.23310784261707,85.23349162437032,130.90298745980442,43.42754426098628,-3.0721164489705557,2.990858771469287,0.7856601841282711,24.94984881253853,5.975201069160233,0.6131982285486266,1.0575949191941554,1327206000.0,2308688000.0,0.030017352866489242,0.04609066830097898,0.03203729134013276,0.03978961451967132,0.03601890172752344,0.058849179029035775,0.01394666802016083,0.007134539216022917,0.34888047035181335,0.9273468798498574,0.01732709322399655,0.29588436016400516,0,0.0,0.06304960217136588,588976500.0,338660000.0,793791000.0,36.92258982520501,31.959592029569517,78.23604479893282,115.15863462413783,83.19904259456831,492009000.0,82593124.74733268,2158973000.0,1226895000.0,Industrials
2006-09-30,GWW,2006,Q3,USD,5848068624.179999,5430199624.179999,3.5736776557141527,25.558811931619744,30.57665349523911,35.88719821945239,-2.7616199533417487,2.766958577185413,2.033217218213486,26.513509029567658,5.48194934092368,0.6663988163567256,1.0362890168062229,1240882000.0,2232823000.0,0.03389448963969224,0.04876544274202606,0.03621430952847995,0.04590021642426007,0.042274489820473084,0.06355953206057169,0.017868121377363603,0.030367803699448144,0.1641069571070183,1.1799783403276025,0.022945720925120715,0.2946852877165434,0,0.0,0.06405810076161561,609557500.0,332210500.0,777056000.0,36.17546309671806,33.73254585989753,75.49976532248601,111.67522841920407,77.94268255930655,595462000.0,181840804.0993852,2079061000.0,1136779000.0,Industrials
2006-12-31,GWW,2006,Q4,USD,5873499233.16,5534513233.16,3.785167699496224,44.71575113039403,71.19718573564032,30.410583006818943,-1.8626320792557955,2.636309450492197,1.2510587973679157,26.21688624445587,3.94630562546778,0.6466927697848781,1.0350886689175016,1155763000.0,2159369000.0,0.03247870711548714,0.048228685620903086,0.034891869520426805,0.045431814163660704,0.04076995646815249,0.06316745485123507,0.016843962359176658,0.013234870204993253,0.37194496287498685,1.3462393262369867,0.03148496947662291,0.31024964470324,0,0.02308505647132526,0.06916116671612901,588684500.0,339898000.0,799687500.0,34.8762787605717,35.00970691055352,86.49997037388161,121.3762491344533,86.36654222389978,416721000.0,168858251.29589564,1966944000.0,993613000.0,Industrials
2007-03-31,GWW,2007,Q1,USD,6486546765.36,6170559765.36,3.9896084107540255,74.87362145972115,124.80905674271844,37.95282323313959,-1.9435187747947227,2.771127794134652,0.8096613516460844,26.810287824771617,3.9552810714340234,0.6142070105780196,1.019288372236061,1194693000.0,2209303000.0,0.033122403236387495,0.053139785564778344,0.035579671415772895,0.045985574588143875,0.041554872612811135,0.06778560761270085,0.01569201667419889,0.007621929169465582,0.40009464526227656,1.101928282591986,0.021318869459182314,0.3035596751188692,0,0.004659724386386648,0.06906382441452417,588866500.0,356626000.0,821572500.0,35.56141047342076,37.24032058781723,80.28930535661569,115.85071583003645,78.61039524221923,365427000.0,57880846.81482732,2001218000.0,1009630000.0,Industrials
2007-06-30,GWW,2007,Q2,USD,7828303385.7,7454620385.7,4.656195607463034,76.12892419092942,135.08173061464865,44.75233609905448,-2.2433318325078795,2.925581266186882,0.9344409348131042,28.05428433083298,4.920657148120421,0.6155052510396354,1.0220741407774276,1317475000.0,2486496000.0,0.032352776819837906,0.052779858008478044,0.036193548498512244,0.044353669629052114,0.03996207835040996,0.06520041568567587,0.013386170008615436,0.007049547939188015,0.4364232391417571,1.3873198285936892,0.02669250867108346,0.29599421865308856,0,0.0,0.10611757724811678,624469500.0,382664500.0,830559000.0,35.85432579788646,36.25097600739579,79.1949890999494,115.04931489783586,78.79833889044006,428869000.0,-32185212.80807273,2018907000.0,1125283000.0,Industrials
2007-09-30,GWW,2007,Q3,USD,7685517769.259999,7749850769.259999,4.672548022214022,49.231033104600485,78.55427717787057,44.45455091010256,0.36902576692747174,2.0270128899256643,1.442217132386624,26.844321849649656,-0.1925833365345939,0.6160262777677442,1.0163595897482964,901211000.0,1994344000.0,0.03567057577832281,0.055352664790800254,0.03860372979581934,0.05500857760871187,0.04606690041437414,0.07987947423935983,0.014202035995098547,0.01283661074789228,0.3732864094322123,1.7876003893891457,0.03542884567150933,0.2925716511354209,0,0.0,0.07598110423553364,656300000.0,382106000.0,867196500.0,36.61589468657753,33.99224026354275,80.1048044900766,116.72069917665414,82.72845891311138,34323000.0,497767093.0558064,1751738000.0,703009000.0,Industrials
2007-12-31,GWW,2007,Q4,USD,6820783329.92,6818891329.92,4.230729727148018,52.003777597522934,100.02774431450784,33.17210623571592,-0.009204080540569466,2.1791026896078547,1.256063683040846,28.484712674381996,0.8050658662491783,0.6187879362670713,1.0092306219752214,974414000.0,2085787000.0,0.03373983687284019,0.054326205201095296,0.03648794127927298,0.04975530334949393,0.043565808600242145,0.07371633316796207,0.015304986971521993,0.009994453232514506,0.48010646492224857,1.6394010416666667,0.039058714331538395,0.3129015426060941,0,0.022057349978563713,0.07531541408157909,638718500.0,337622000.0,917746500.0,33.65186849349745,28.516865332584615,90.57956633825107,124.23143483174852,95.7145694991639,70062000.0,5681210.214339912,1865080000.0,804897000.0,Industrials
2008-03-31,GWW,2008,Q1,USD,5953377954.44,6174950954.44,3.717507494939935,464.00292714457464,-307.71669678776095,33.23028341184891,1.192387379387912,1.86663734299337,0.11649363609306886,29.021570904444058,-1.0433732924460848,0.6125361930294906,1.0036432519117655,861012000.0,1975060000.0,0.03619900039070508,0.05946468249453868,0.03902440024213042,0.05739948257158606,0.045594415786905,0.08593670513762044,0.019188769951150483,-0.0033706914215036743,2.5078899909828674,1.0576435543161364,0.020092760826611666,0.29746978711004995,0,0.004866812839620336,0.0724008526433433,623791500.0,318736500.0,956326500.0,34.944227914217905,31.14726962874779,88.6436410929639,123.58786900718181,92.44059937843402,-241640000.0,225406312.99731904,1761742000.0,688915000.0,Industrials
2008-06-30,GWW,2008,Q2,USD,6261141407.8,6525250407.8,3.7141634873888356,61.90117449105432,176.31046765198596,35.30311038385587,1.4288906321854626,3.058281435238681,0.9313918659822051,29.822860023170666,-1.2245193888208226,0.613835557001844,0.9975383450104147,1371577000.0,2530649000.0,0.03338031629294126,0.05646899742515914,0.03580443481608702,0.05531147310249378,0.04138292958720977,0.06784875382724088,0.018076416523511822,0.005911062790227626,0.6489081146716755,2.0517711988961875,0.03893546198436298,0.29657638417718923,0,1.4062028988147008,0.06770442085170403,661314000.0,333062500.0,967309500.0,34.7168749174662,27.966581634837613,82.91923054599569,117.63610546346189,89.66952382862428,-227099000.0,-432171704.8215642,1816654000.0,693568000.0,Industrials
2008-09-30,GWW,2008,Q3,USD,6606917304.78,6768416304.78,3.679536990054227,31.2491807510792,36.23678977626443,29.242651139434106,0.6977494739843686,2.9547249559102093,1.5468530170043493,34.084477805170664,-0.29414775270366617,0.612283003192094,0.9880452956704701,1436457000.0,2596898000.0,0.03959432661254634,0.06682717793132759,0.04237348146283124,0.06579746824736349,0.05006027595509481,0.08261668338939104,0.021193393763033114,0.028270824559112534,0.13763937302338466,0.8311123501533315,0.016206798135337527,0.277737397898857,0,0.0,0.06558712558756105,699541000.0,320513000.0,964693500.0,35.295304366735074,25.794689220117636,78.8408816846181,114.13618605135318,88.34149683123555,25284000.0,82895187.0698325,1896146000.0,762971000.0,Industrials
2008-12-31,GWW,2008,Q4,USD,5854690014.84,5987845014.84,3.7596623341778352,30.746473742304197,45.581738018802575,26.684633722264063,0.593400863663305,2.8147739237056504,1.804651809294352,29.92468116546326,-1.8622845842160212,0.6214583525292546,0.9356639437894692,1382375000.0,2635411000.0,0.030697638430945747,0.051208348211209016,0.03380062968805009,0.05306064249030758,0.040147645982906224,0.06556927576631007,0.018432231207197253,0.022437567090149352,0.3254650858284253,1.6333977580208736,0.03979769629957524,0.3136310123661433,0,0.02884805560526291,0.09180276479291077,655401500.0,302623500.0,985513000.0,33.30755248311781,28.678949629188068,99.59968967512316,132.90724215824096,104.2282925290529,-1790000.0,144838212.7291993,1711080000.0,662497000.0,Industrials
2009-03-31,GWW,2009,Q1,USD,5211594942.18,5484336942.18,3.7429410872289197,128.99465947360994,388.71195280884547,28.223369522177453,1.40357865159866,3.3362784105343013,0.44113801904999067,27.951740276082646,-1.7275054843832582,0.6081858797990761,0.9861966817270951,1333508000.0,2574867000.0,0.02946884349664654,0.046924795186269457,0.03259515290075148,0.04850718286600959,0.035209750004028935,0.058974220308609555,0.018492995152014878,0.0027072326526777677,0.6681484617555744,0.8446168941218446,0.019387161763742382,0.32090199065277686,0,0.00628357793356483,0.09591332225451421,574365500.0,272569500.0,983248500.0,34.35483276551137,27.386248209869674,103.00006101697348,137.35489378248485,109.96864557261517,-258633000.0,151819956.28139436,1673196000.0,620667000.0,Industrials
2009-06-30,GWW,2009,Q2,USD,6013512840.0,6132205840.0,3.9994481312077577,32.25880795816806,36.808621043596226,32.47715151258368,0.6286172781967629,3.481745562333652,2.0558259252049402,28.532693729007647,0.10821657612025652,0.609829448775276,0.9849425765213324,1443413000.0,2591050000.0,0.02714984739111477,0.0461122752674772,0.029014184210229048,0.04380869266116985,0.03246155335452799,0.05450448329109648,0.015376370261479312,0.02770377388933953,0.12360726798320831,0.6738070658407892,0.015324833378226698,0.30721343957298913,0,0.010196554668051078,0.06425604820062453,570873000.0,254855000.0,928204000.0,34.18773556787061,25.3040807226727,89.16251878519644,123.35025435306704,98.04617363039435,47904000.0,-4650415.337738916,1891836000.0,729937000.0,Industrials
2009-09-30,GWW,2009,Q3,USD,6616929280.0,6479696280.0,4.076139488508585,23.540446708179235,27.11056558303,23.89215681069003,-0.506010191514937,3.3895734002884006,1.9040563349104895,37.44212945155384,2.68459985414866,0.6193299631565419,0.9906713408992521,1600780000.0,2970482000.0,0.03864202797673844,0.0522522227553225,0.04367900205789604,0.06117233864739921,0.03724529920891323,0.060796963798585964,0.021847596352125437,0.03612098450597314,0.13168736240181939,1.0185455771608407,0.02280228853248955,0.2976885066979521,0,0.005239468693089424,0.11531797531640359,610481000.0,267516500.0,875660500.0,36.1508808459644,27.072021683947856,82.42591317816117,118.57679402412558,91.50477234017772,376243000.0,-12101712.740981907,1931808000.0,892799000.0,Industrials
2009-12-31,GWW,2009,Q4,USD,7027630910.0,7093167910.0,4.341475570979578,31.856927516314332,42.12220024347516,33.89109005079004,0.31313517413386976,2.7439723789551738,2.286851402982622,29.950801250456145,-1.7325047880182427,0.5924564926780733,0.9877483343884719,1354716000.0,2866553000.0,0.0260465251083371,0.044288537972852815,0.030639258076511966,0.044857005527517424,0.03235554892067691,0.05606345140061155,0.013810913128902497,0.023961844632503615,0.24370219665224988,1.2491827432202218,0.03321183854965219,0.3175616578376377,0,0.004429510073049887,0.1498970032729236,631720500.0,290225500.0,870578500.0,34.42366485801636,28.50748249030925,84.31937296825984,118.74303782627621,90.23555533596695,102858000.0,333811667.1041307,1668633000.0,632382000.0,Industrials
2010-03-31,GWW,2010,Q1,USD,7847025240.0,7816098240.0,4.673710374717315,69.05168421796593,78.65414388214103,35.711307859952754,-0.1413037022145667,3.035561678030489,1.138557791926934,31.610087192476644,0.5391446325971038,0.5479474004088624,0.9889083160310349,1493915000.0,3001680000.0,0.02602436512258005,0.04852923011441923,0.030585841314957094,0.04204554704617451,0.0322796385513369,0.05943870827045823,0.012638292469669691,0.012663779835121316,0.12208459961834758,0.3846731989756152,0.0082632026472864,0.3126473222774604,0,0.005481494946644072,0.14913685536406637,656769000.0,307415000.0,871100000.0,37.05945033168815,29.239767352360616,79.3771337413564,116.43658407304454,87.19681672068393,130300000.0,-16561930.051384032,1790377000.0,775752000.0,Industrials
2010-06-30,GWW,2010,Q2,USD,7129769400.0,7250063400.0,4.064629510858352,41.88560649827837,45.321677324981714,28.876891519428998,0.47912916022750807,2.658010544639391,1.3348963113205365,35.41951486808275,-2.0379749483903367,0.6065762514332976,0.9896751869628306,1323938000.0,2845965000.0,0.0345872160448969,0.056986202426371556,0.04104776636192836,0.05813713620656729,0.04323397248722703,0.07326436259680687,0.018103951580818307,0.022436770535664168,0.07581517343378089,0.36476081941240235,0.007357195396524969,0.29835297046133424,0,0.009416963428745706,0.1573910321956908,706912000.0,330772000.0,859912000.0,36.59123527776033,30.17089358582302,75.30051803474788,111.89175331250821,81.72085972668519,39675000.0,323850754.46906894,1632844000.0,610736000.0,Industrials
2010-09-30,GWW,2010,Q3,USD,8328647640.0,8547286640.0,4.499964536393368,39.51661907756038,48.3914591118056,29.563110957387934,0.756222329828445,2.3988081674597326,1.4296119552932312,38.56263856569239,-4.260325496253075,0.6019956452826564,0.9922398112772937,1252297000.0,2801013000.0,0.039692687472438384,0.06681757413911275,0.04725444762989436,0.07000370951474241,0.051205030517829375,0.08682619108583102,0.01805875413406251,0.021207284499791854,0.1833968265709953,1.0628583677187717,0.020884357896022557,0.28348299368436125,0,0.005808639726399539,0.16002218916367597,755059000.0,375036500.0,901261000.0,37.192025742703535,32.64982589700889,75.84988753595606,113.04191327865959,80.3920873816507,-42011000.0,221775275.7160468,1542167000.0,506849000.0,Industrials
2010-12-31,GWW,2010,Q4,USD,9556504462.470001,9737324462.470001,5.330566477656928,93.20332774154336,199.84247229286817,38.550531155606414,0.715874989112619,2.5745580079673025,0.7843334509500679,37.01476849090124,-3.400443214892918,0.629128043093439,0.9906520027718722,1368768000.0,2944369000.0,0.033861996420939885,0.05495518751005704,0.04015553168949062,0.05995331069609507,0.04310069602841491,0.06965299692857571,0.013834556402836507,0.005098621592377345,0.5336160192966671,1.378049684835002,0.030519035460744425,0.30203712057178644,0,0.0063661386459487514,0.1567289736621233,773908500.0,373431500.0,963398000.0,37.587288744268335,29.134635997457604,83.90837786912682,121.49566661339516,92.36103061593755,-132095000.0,2692912.1904562414,1675741000.0,621364000.0,Industrials
2011-03-31,GWW,2011,Q1,USD,9555405040.0,9710609040.0,5.155312792655812,82.0215137975015,107.89805373452744,32.84905954744886,0.5250242715983398,2.892324100633403,0.7441856079654028,42.07128350588789,-1.4613633416422922,0.6047272977898944,0.9928604557447099,1479735000.0,3064171000.0,0.04015153210027701,0.06701216323302926,0.04765460976344234,0.06582642626771712,0.04955711746931566,0.0833309799245238,0.016528132438015417,0.009418543706233096,0.2398239731060638,0.8717263823646803,0.015073698829695288,0.301017406981905,0,0.00577879096119583,0.15744704867819995,786372500.0,353146000.0,986472000.0,38.69507095941202,30.910618426220925,83.79810018614836,122.49317114556038,91.58255271933946,-65206000.0,53442983.33614126,1779928000.0,727512000.0,Industrials
2011-06-30,GWW,2011,Q2,USD,10695422850.0,10715944850.0,5.349888743109162,56.08152089722522,76.7227617042908,35.80586960662124,0.06857146675844279,2.3232487279529614,1.1137093530882618,45.06871920238058,-0.12644916605611342,0.6439281950982845,0.9925509582176475,1427485000.0,2803118000.0,0.040444620616674226,0.06522906285933897,0.044634412150459886,0.06597985630734181,0.050629465429142456,0.08498101331918702,0.015883897474890392,0.013058950726758783,0.2690367284564419,1.5357751023212738,0.025664720607162576,0.29810556249507,0,0.009250023214922253,0.09386908736833209,840143000.0,378041500.0,988983500.0,39.11052399823866,31.094923147599392,78.63562879396262,117.74615279220129,86.6512296446019,119149000.0,207172616.15610287,2180510000.0,880624000.0,Industrials
2011-09-30,GWW,2011,Q3,USD,10444770840.0,10691533840.0,5.055942594674194,42.68043305043473,51.78451162925865,31.393334762322834,0.7245652103697657,2.10491357234315,1.3610762468282558,47.01450114880529,-9.175106663230535,0.6061426018192166,0.9914895161662893,1353086000.0,3223135000.0,0.04002092011132488,0.06925773733070661,0.04937911767170008,0.06920792474268526,0.05127778693533379,0.09111143381748309,0.017436572117268206,0.01976702056586241,0.17580697958499333,1.173492499134003,0.02082617098740357,0.2884448326363691,0,0.005733817511858953,0.18951731018350146,907710000.0,420886500.0,1055445500.0,40.21879774733088,33.530476478968886,83.45721043100808,123.67600817833896,90.14553169937008,-40301000.0,253514773.65630585,1769079000.0,658554000.0,Industrials
2011-12-31,GWW,2011,Q4,USD,13084294412.11,13265367412.11,6.387087420559641,71.26668750495602,117.35628267448136,48.35040006746635,0.6599856392536786,1.9416755228128322,1.2269425475255096,42.397569314615204,-5.0851721802375955,0.656782172524527,0.9883969011769232,1306975000.0,3227307000.0,0.03148474299108027,0.047804036536387734,0.03850701175433251,0.05648388894489279,0.04050289021031876,0.0665516473630743,0.011348261917935181,0.008638983229801212,0.39273223485927033,1.602165384531089,0.035197582555573106,0.3294769522327464,0,0.006009907053961088,0.1823633785985002,916840500.0,462667500.0,1191469000.0,38.510557059931514,36.70704685006391,97.49498556508775,136.00554262501925,99.29849577495534,-68038000.0,172124947.42522493,1864242000.0,703117000.0,Industrials
2012-03-31,GWW,2012,Q1,USD,15065269730.0,15250202730.0,6.952625997004712,143.54753223893522,232.46551522819425,44.558794123576696,0.5403463560156494,2.1986130090521634,0.5607469729438714,49.64749161736305,-2.6180970441874725,0.6198609646527588,0.98999574565566,1475332000.0,3412236000.0,0.03946699893290341,0.06429750830017349,0.04825315329966794,0.06525589088614811,0.04947858715690147,0.08645774390230046,0.012446906252637006,0.00435451878231987,0.38249967055102696,1.1078818942719266,0.018526108473200832,0.30544235209909526,0,0.005216907649838496,0.18208456372166248,933069500.0,462651500.0,1256533000.0,40.105760572979946,33.04775685272817,91.86819433473353,131.97395490771348,98.9261980549853,-119331000.0,19058539.560283363,2008427000.0,828537000.0,Industrials
2012-06-30,GWW,2012,Q2,USD,13374751880.0,13673549880.0,6.079092098565093,103.60162658544347,179.34876547743966,39.022465282732405,0.8527291510893202,2.8026766724269714,0.6834868799229419,50.38773416950207,-3.1903820581380384,0.6137309359602741,0.9907218171209575,1735819000.0,3688777000.0,0.04005285942434306,0.06601827192337507,0.04907629389366803,0.06589287639349972,0.05037740290917092,0.08266647290066649,0.01425850750062662,0.005700292662176848,0.42234547135215406,1.5162527541277915,0.02478220760022674,0.2953587267008258,0,0.022063998399484277,0.1838654420171936,996300500.0,460345500.0,1255124500.0,40.61944848895755,33.49765369036266,89.63870608340966,130.2581545723672,96.76050088200455,-222558000.0,-84556594.89458662,2018712000.0,831575000.0,Industrials
2012-09-30,GWW,2012,Q3,USD,14698533750.0,14839819750.0,6.50525478858761,43.919215334029815,53.16949864566613,50.241969312753284,0.47834050520200294,2.6541269810496853,2.141194139565537,46.270232169980176,-2.7733967684021543,0.6197910019144863,0.9814029772459496,1791752000.0,3784459000.0,0.031180172978387332,0.05219592466002234,0.03804728132619238,0.05235006634970184,0.04018988729318445,0.06520271664740011,0.010572074918697246,0.018988560678713958,0.17397725288482313,1.4734559855624625,0.02576927544872118,0.324229519048047,0,-0.008002788000201648,0.18048880520347754,1018672000.0,456315500.0,1267756500.0,40.328094143226934,30.735058205702877,88.77212185714453,129.10021600037146,98.36515779466859,137818000.0,85972295.16592214,2068853000.0,859572000.0,Industrials
2012-12-31,GWW,2012,Q4,USD,14076250090.0,14188831090.0,6.373794355200977,59.098952417050555,97.59219122492073,46.536320638377425,0.3692415168351383,2.6857703173046743,1.5148719760735965,47.59682143196311,-1.2822073982489182,0.6156437258447683,0.9793199504604784,1820637000.0,3508880000.0,0.03116241820381215,0.05169617122518914,0.03495180418919741,0.050127896435644706,0.04001919635945303,0.06568350745121163,0.011101465163013455,0.010328674119202155,0.3944294960972318,2.071645774540045,0.04253903652992651,0.3194288717589348,0,0.00569825526027348,0.10841746437102236,981102500.0,434188500.0,1285809000.0,38.00415071963776,30.710276580759913,93.24734699724256,131.25149771688032,100.54122113612041,32808000.0,83961708.42739347,2573696000.0,1003408000.0,Industrials
2013-03-31,GWW,2013,Q1,USD,15290423220.0,15354793220.0,6.733273792061603,87.03692512626334,115.05596058596531,39.98279641178539,0.16761493093077454,2.954682632890718,0.822353363446093,56.30240847460102,1.1389120496822978,0.6195470338437782,0.9908255817323017,1934006000.0,3588991000.0,0.04225159402344922,0.06846706020526257,0.04715738502885813,0.06582519987943533,0.05228421609054649,0.08530787668730956,0.013854292778692621,0.008728012173360888,0.24352528384452746,1.1031454615483374,0.018839388099200372,0.3018858244150787,0,0.005063507620256661,0.10403017475220036,985970000.0,430315000.0,1266274500.0,40.725914134803226,31.125451369785672,88.69652334149383,129.42243747629706,98.29698610651138,69085000.0,99127384.34856868,2696611000.0,1127890000.0,Industrials
2013-06-30,GWW,2013,Q2,USD,17731135800.0,17790352800.0,7.470038684711414,84.55249755235117,104.53046129981844,45.315464264154116,0.15083713501906573,3.00154931932292,0.9531286098037173,57.19861274863251,1.700122012488337,0.6263236648250461,0.990873087154747,1975299000.0,3607594000.0,0.043271204450775175,0.06970863700550277,0.04819122391007375,0.06713353145014411,0.05372965454653503,0.08658183392073208,0.01227558135333891,0.009598539085127304,0.19112097563757688,0.9604710041081495,0.01688514381953685,0.2926282383697079,0,0.008324372123997663,0.10209368138230883,1053756000.0,442013500.0,1226251000.0,40.646987417076446,30.49363955770255,82.4005808582045,123.04756827528095,92.5539287175784,110976000.0,183148351.6142956,2728650000.0,1174244000.0,Industrials
2013-09-30,GWW,2013,Q3,USD,18178638310.0,18187294310.0,7.5826836895932095,51.43392856435854,63.05858598081264,46.28446226707995,0.022028472105581936,2.8377102854185976,1.6595252398205336,57.548454375411055,1.4049898504196598,0.6130064182911118,0.9892576130266546,1974605000.0,3679875000.0,0.04013844296225742,0.06744323206198517,0.04501542413981991,0.0625646493065439,0.05022546476852193,0.08300461305651323,0.011595422957727577,0.015865819820032493,0.18434694079552041,1.437366320478049,0.027177479539551307,0.2937845263557262,0,0.005276565229536424,0.10834022495077167,1078850000.0,443672000.0,1239370000.0,40.603919900939324,29.07207288793347,83.96652523375032,124.57044513468963,95.49837224675616,279763000.0,196247789.72898933,2800185000.0,1166687000.0,Industrials
2013-12-31,GWW,2013,Q4,USD,17659738800.0,17771893800.0,7.475876902212321,72.2229194944528,145.33056768558953,56.98548996848015,0.3596244552966489,2.547747806418808,1.5437942695099534,49.54273401846193,-0.4714926236621348,0.6164061424723255,0.9878679812600517,1853736000.0,3587765000.0,0.029748830963122412,0.04881114534015549,0.0330442148117448,0.047116539558908224,0.03861471220305608,0.06306507225310717,0.008876065596168388,0.006924564478835893,0.5030438493111716,2.27339345075208,0.05207064350471473,0.3153390161330489,0,0.004863639728894782,0.09972649879552051,1091882000.0,472899500.0,1281186000.0,41.707767689480875,33.524866231165674,85.71184715884844,127.41961484832932,93.89474861716364,10131000.0,212884507.3792249,2801369000.0,1109190000.0,Industrials
2014-03-31,GWW,2014,Q1,USD,17357742000.0,17556878000.0,7.359439677703178,104.80591936388926,172.37298486068295,43.864560326993995,0.49752655826829095,2.568878270734914,0.7647303188696902,58.633671948306024,-0.39558951965065503,0.6161689129810332,0.9919232895880116,1829527000.0,3562368000.0,0.04139157839674191,0.06747187315236816,0.04597737006718354,0.06508850141095737,0.05250125781930919,0.0871020124421965,0.012481634996072646,0.005867929135022286,0.39198175718430256,1.434463474309682,0.02752483938184804,0.3024915462475903,0,0.004720771520443054,0.09974019096222195,1130606000.0,502274500.0,1285990000.0,43.74532984410388,33.94200461800656,87.03155637816342,130.7768862222673,96.83488160426074,-97282000.0,225159649.82238996,2806528000.0,1090026000.0,Industrials
2014-06-30,GWW,2014,Q2,USD,17405798580.0,17641545580.0,7.039430757861605,109.61021932549643,250.5830172438283,45.32747925241905,0.6057188811979384,2.69885649911714,0.7698025129497745,58.38772591522896,0.15060843778303679,0.6084509123143976,0.9919192688946076,1913682000.0,3717489000.0,0.03876914028021702,0.06462465984438352,0.04329043918619903,0.059719711927759205,0.048732030371238425,0.08142472661563986,0.01183025295010624,0.004044744036099262,0.5625792181325645,1.8855893377759267,0.03613018454142366,0.29525311000660787,0,0.007073130245193336,0.10444104959377269,1168549500.0,503872000.0,1291963500.0,42.28829689430287,32.44284132794731,83.18404145310357,125.47233834740643,93.02949701945911,-165345000.0,84099258.5920071,2893305000.0,1176847000.0,Industrials
2014-09-30,GWW,2014,Q3,USD,17186688400.0,17329136400.0,6.763215329573896,52.61185935872875,70.61846766996345,39.47708233192928,0.3245073092054756,2.627329035828108,1.413331903025102,62.148256226072,1.0184783881925734,0.6019365714061704,0.9938261664571494,1870369000.0,3670040000.0,0.043448725874159384,0.07265386575733353,0.04838087636012267,0.06625290601845699,0.055592293833816676,0.09285760050562931,0.013401185536126901,0.014277968756331208,0.254984409961837,1.5565934575108886,0.03277805596068788,0.27993652486103104,0,0.003852453865977068,0.10194421550471448,1206213500.0,506036500.0,1311985500.0,43.37554731891301,30.72463529793851,80.56666796850108,123.94221528741409,93.21757998947558,102943000.0,247779750.0751369,2935999000.0,1195117000.0,Industrials
2014-12-31,GWW,2014,Q4,USD,17306776110.0,17564968110.0,6.995322548078244,58.167731702713176,113.48564780296815,54.14868831385025,0.7959455460195324,2.3350873363641127,1.9982992972193179,48.84211987298852,-3.3515515692425515,0.5687107633170687,0.9920548578706564,1706534000.0,3537085000.0,0.028078830279837496,0.05027730296152658,0.03104337216214243,0.0453210787366162,0.03750725453399176,0.06625521810121773,0.008600041917338931,0.008943144524217225,0.4874441585450259,2.4299463475030953,0.058620630603685685,0.31393861867119294,0,0.004051440107146313,0.09549677357282123,1203904000.0,526166000.0,1336002000.0,42.04097318992465,34.24622877462473,84.39674815507658,126.43772134500122,92.19149257037648,-103415000.0,229540237.7184167,2777896000.0,968099000.0,Industrials
2015-03-31,GWW,2015,Q1,USD,15853506300.0,16238098300.0,6.655883050964868,103.95110589018559,286.2852309590973,40.42485498623303,0.9574443719721374,2.270935497420128,0.7294509353431771,58.07049451790092,-2.8925145024542616,0.6069946122270516,0.9953160117386014,1649096000.0,3437594000.0,0.040494364583037484,0.06682955141433944,0.044617370866209,0.06573125180475531,0.05188225999342673,0.08975432530107244,0.013310304736813963,0.003577757432751643,0.6368967216997741,1.8982465512964835,0.04077984605238187,0.3043439231926075,0,0.0037550298996458934,0.09240809584085273,1185538500.0,533819500.0,1346947500.0,44.20030897735382,34.340569039124226,88.82825699634004,133.02856597369387,98.68799693456964,-327872000.0,225513777.76946777,2728733000.0,945938000.0,Industrials
2015-06-30,GWW,2015,Q2,USD,15773195800.0,16358821800.0,6.484995153742322,76.6953988823044,115.27440808388297,40.15459601959764,1.4374858859684434,3.3652366245122254,0.9469931404977024,58.839789717338405,-5.368248514673228,0.6325117727697699,0.9881429421600023,2476644000.0,4287807000.0,0.03784991322157254,0.06463505087616002,0.04129882663829371,0.07115741627998366,0.04764168003363544,0.07463000075107636,0.013982454969588344,0.008997035337632719,0.3346710674368014,1.30917360525254,0.028298180621708458,0.2841215191679897,0,0.007088816343681927,0.08351117204679187,1198004500.0,505983500.0,1315686000.0,42.737071195390406,30.954674277654295,80.92282074868214,123.65989194407254,92.70521766641825,-443714000.0,-616468329.8612505,2612826000.0,796275000.0,Industrials
2015-09-30,GWW,2015,Q3,USD,13915447200.0,15469507200.0,6.107429112874571,42.2173901889882,54.450731254025854,39.60356059384193,3.978556561676766,2.1842773813317913,1.8636012246849285,50.25316445488773,-22.414396631644006,0.6016678823091154,0.9583045844257918,1683307000.0,3734610000.0,0.03309728536513503,0.05857438270485407,0.037474541036748646,0.07857600737842041,0.04417638114999109,0.07768959367263338,0.013812060599820321,0.020416232113618312,0.22466807668690728,1.4376473464540802,0.032501875320778556,0.2847131746219748,0,0.0033890007501283115,0.11680611824761634,1244610500.0,540446500.0,1335255000.0,45.88528958900865,35.63710511270743,83.66839766393545,129.5536872529441,93.91658214023666,-1269959000.0,973452937.6829333,1767741000.0,-256415000.0,Industrials
2015-12-31,GWW,2015,Q4,USD,12580839000.0,14279535000.0,5.7619243032807725,51.78867140323581,92.0927600350841,45.686909698226216,5.434922828841281,1.6766620036297883,1.8483954656065857,44.64937523588322,-25.77432769726248,0.6181847590589657,0.944321402013787,1210233000.0,3223810000.0,0.025006026295309132,0.04332764271956868,0.027792704453354522,0.06172955998901694,0.03458406989469306,0.06260371712213877,0.011543904186358318,0.012324774206235371,0.4376466577447983,1.8923737983596531,0.048691863397596215,0.30293415778341076,0,0.0045330227926228825,0.1002665344325296,1250503000.0,582975500.0,1390855000.0,43.929118760032246,35.580503332581245,86.2371407489618,130.16625950899405,94.5857561764128,-1543640000.0,574136344.5961189,1770378000.0,-456399000.0,Industrials
2016-03-31,GWW,2016,Q1,USD,14395394670.0,16207813670.0,6.466215022473228,105.42970298768628,159.0030183255832,44.090536992353165,4.930370535604987,1.6692694263044818,0.8021696478887939,51.10386390879158,-26.46166631532861,0.6274295661057047,0.955911971706568,1258521000.0,3754429000.0,0.03130226985170933,0.053868949050767286,0.03801839986870617,0.07897512900769817,0.04263553234231636,0.07763492254307182,0.012970328655810309,0.00708101461173763,0.33693269412154997,0.9201158205137315,0.020664757526117697,0.2904248808515969,0,0.0029746207717576993,0.17665472613762082,1257100500.0,601942000.0,1417537000.0,46.84165969157459,38.20559225719046,87.50054225667728,134.34220194825187,96.13660969106141,-1710485000.0,156691895.57234257,1310483000.0,-461678000.0,Industrials
2016-06-30,GWW,2016,Q2,USD,13837479750.0,15792765750.0,6.160222677039305,91.46848538729743,133.00515209958058,44.238926098356245,5.4771757033849875,1.9647215940107619,0.9621778260748419,48.4760845026837,-28.150424529076545,0.6102056682451057,0.9439400105408525,1583440000.0,4029775000.0,0.028949149041611427,0.05123187676278326,0.03497466364361475,0.07699901987626719,0.04012934463238729,0.07068158373154834,0.012478861983519796,0.008580897832930885,0.31229366724970753,0.9426243837628056,0.0210323645651465,0.2864918546395243,0,0.005335714296859031,0.17228227448881808,1307471000.0,624534500.0,1419787500.0,46.0022046536447,37.13505892916096,83.80169715458494,129.80390180822963,92.66884287906866,-1836548000.0,-131534876.98777297,1214944000.0,-497446000.0,Industrials
2016-09-30,GWW,2016,Q3,USD,13494222280.0,15486545280.0,5.964879581926196,45.01981220602685,65.59621701985269,41.28556383761477,5.311331669812428,2.036821971592991,1.7785832096748342,50.09058815393465,-29.20820350900578,0.6339785459692685,0.9420839371612003,1592881000.0,4044417000.0,0.03158146559626364,0.05444362524432899,0.03815980213968188,0.08601106136131004,0.04476928652405144,0.074171605891477,0.013774265470303191,0.017495561811658553,0.31368279679296734,1.6886805740308926,0.041561259767791556,0.2762270595557966,0,0.0024689094584268,0.17238916803967166,1318370500.0,626202000.0,1400073000.0,45.97806945916632,36.06537208262449,79.87744581558024,125.85551527474657,89.79014319212207,-1756234000.0,151852116.5339291,1146438000.0,-595281000.0,Industrials
2016-12-31,GWW,2016,Q4,USD,13742464750.0,15715370750.0,6.36066990864974,47.25105684725776,59.990116083766594,67.00279153947166,8.411523440830875,1.854110379959446,4.866739830260462,27.257752613742706,-32.006151662131785,0.4174965074427599,0.8910016249195205,1391292000.0,3925459000.0,0.010653798609734248,0.030091842564683238,0.013242870436807785,0.03183283589607969,0.018325338280051166,0.04285686173706206,0.004414491949124337,0.019062519334459273,0.21235263520278538,0.9883154683608072,0.028585710180474438,0.33005249503179246,0,0.0033148366259091516,0.19550684569693907,1274727500.0,636918500.0,1393969000.0,44.5534441516811,39.505474954034966,85.46984943454397,130.02329358622507,90.5178186321901,-1710940000.0,279124196.82194495,792492000.0,-768310000.0,Industrials
2017-03-31,GWW,2017,Q1,USD,13667667200.0,15718207200.0,6.185521160082782,86.86683983066771,153.83161933097145,44.92186990034324,5.860343354263063,1.8337645031182814,0.9895708574647394,46.74803562219338,-33.02564713896458,0.645590805141259,0.9353355034452254,1407753000.0,3938495000.0,0.030219199180153943,0.05149284786704651,0.03748166874333324,0.09117761696572386,0.04400971570541126,0.07217376925292109,0.012785210339332817,0.00747589171618109,0.43531219258784387,1.2653697248148565,0.03099724571243727,0.2847962460780228,0,0.0026590543022412478,0.19376057167868357,1274157000.0,661281500.0,1397280500.0,46.93568095126221,39.766685480410814,82.0849943197386,129.0206752710008,89.25398979059,-1948362000.0,162514557.1150429,796093000.0,-769843000.0,Industrials
2017-06-30,GWW,2017,Q2,USD,10473086890.0,12624191890.0,4.827110285787045,66.01505966574632,90.91767473515156,43.07906885243664,7.340477807314185,2.2588961822006173,1.7879000364625697,34.78387686468431,-34.6904573112923,0.47260082240969903,0.902170126793925,1775770000.0,4297019000.0,0.01670470621972708,0.03985854180925988,0.020689744059999644,0.052981906149615,0.025988557991130003,0.052134161135703155,0.00934977442930391,0.013258077724207633,0.27390290327978584,0.7942710702696145,0.020028150067928,0.3089131557786216,0,0.005075194941705805,0.19260933478519948,1347422000.0,682580000.0,1392947500.0,47.13333121755353,39.57436395179879,79.85864396472321,126.99197518227675,87.41761123047796,-2012252000.0,-235892538.5818259,719144000.0,-827337000.0,Industrials
2017-09-30,GWW,2017,Q3,USD,10302730750.0,12341340750.0,4.681845763219182,35.39243117292802,42.753307478591026,36.52299973957254,6.033068368126047,2.280077241094043,2.041377856875234,45.92763951681858,-33.38296229739868,0.6480291842334739,0.9131079521381507,1782537000.0,4303965000.0,0.0278119023666709,0.04811695378628163,0.034472750300135885,0.08521765202502782,0.04282809291951203,0.06343319863996623,0.015724568944985775,0.028018202843940184,0.17217092056208774,0.9076697458536807,0.022775425939084194,0.27921482519530544,0,0.00270182196578982,0.1932206706883706,1371474500.0,703071000.0,1394898500.0,46.88889108076293,39.66519419403899,77.38936224494525,124.27825332570818,84.61305913166919,-1749946000.0,186410980.5998448,775563000.0,-748915000.0,Industrials
2017-12-31,GWW,2017,Q4,USD,13390886250.0,15406358250.0,5.852454509297574,45.896103867087305,53.202608787239406,51.52766043907529,6.740889388344839,2.127876808386226,2.0744615764916725,43.972730549897406,-34.24703163317514,0.7281460736441768,0.9048746870447428,1699328000.0,4204313000.0,0.02602556676534142,0.04126451482864767,0.03220025596665783,0.0826482861555818,0.04299157019453759,0.05583101982900661,0.011280732072531795,0.021625081013588628,0.13733358357240102,0.6611593953475031,0.01751213028417135,0.2967907216859053,0,0.00209271856259219,0.19175900985725297,1349254500.0,722517500.0,1410596000.0,45.30617547610392,40.8646178824651,79.83202294889874,125.13819842500266,84.27358054253756,-1725893000.0,285660866.51691675,714715000.0,-770532000.0,Industrials
2018-03-31,GWW,2018,Q1,USD,15824903009.999998,17935216010.0,6.483230742759274,122.10379555434524,183.50675298764017,45.33789026517354,5.334596425592154,2.1984256134948934,0.6100255414581474,56.499004237724655,-33.648052191284805,0.7542004078255601,0.9256314467570607,1802830000.0,4292453000.0,0.03922453217628008,0.05720135661670965,0.048405281838177695,0.1202213399823252,0.057510859380200764,0.0761240419699628,0.014631053337495306,0.006176088405612289,0.33460870749225585,0.768781968059314,0.017766404798147485,0.2736150688204638,0,0.004211970715742222,0.18966421252518503,1376709500.0,739977000.0,1431904000.0,46.46505333102468,40.219629031160096,77.09994733202679,123.56500066305146,83.34537163189137,-2012577000.0,171410531.26445466,806354000.0,-669743000.0,Industrials
2018-06-30,GWW,2018,Q2,USD,17304324000.0,19286615000.0,6.74307184222708,77.78303636964921,99.40529326873518,47.03088879351547,4.8338657445791595,2.3678580830399545,1.000851689048732,58.92684332720494,-30.52573961860631,0.7328704849084612,0.9338000023102424,1948507000.0,4377177000.0,0.04013516983110715,0.05826625595189044,0.04900544066040643,0.1155853207554716,0.05773848861058773,0.07678126960764291,0.013694900765843267,0.011212226493216378,0.21751615218951903,0.8453605015673982,0.018856644192808084,0.268146207344071,0,0.005657272957389173,0.1810058375103225,1445418000.0,741819000.0,1449395000.0,46.022557069196274,37.82943866330603,75.33211835101594,121.3546754202122,83.52523675690617,-1788271000.0,129495274.77733797,981507000.0,-481301000.0,Industrials
2018-09-30,GWW,2018,Q3,USD,20057040000.0,21774991000.0,7.690459834945535,59.317692343315414,72.27541008636541,84.6482131542017,6.678371643711539,2.442081274040231,3.1908470598461474,39.41777013665339,-26.0515708200213,0.6103311366706234,0.8844029580596784,2116012000.0,4374265000.0,0.017595040476667694,0.0319550417322991,0.020780458242382203,0.049702055280483264,0.02795371534960949,0.04235796446510757,0.005204008168702859,0.015021059937059506,0.1792825212277065,1.0304050351489722,0.0232437401750141,0.3143688222448806,0,0.0029695252821101996,0.15328910116225342,1471951500.0,732740500.0,1468649000.0,47.084705284857925,37.50689136020326,75.66544001406237,122.7501452989203,85.24325393871703,-1416673000.0,-39364893.25037861,1190715000.0,-248785000.0,Industrials
2018-12-31,GWW,2018,Q4,USD,15828536880.0,17510536880.0,6.337508823742309,55.76604101910828,71.76449540983606,48.371648839779006,4.6464088397790055,2.369753497668221,1.4337899543378996,55.96434395024257,-25.558350280067074,0.7491039426523297,0.9393939393939394,2056000000.0,4292000000.0,0.03558658266643964,0.049130962222271354,0.04189216275806775,0.09985666507405638,0.05056295171082864,0.06633119853613907,0.013203999939127664,0.015415196101182537,0.2229299363057325,1.0769230769230769,0.02533478103510677,0.28085522982265654,0,0.003981179876945349,0.15051932572790738,1433150000.0,704107500.0,1507058500.0,45.11400651465798,35.95757218621096,81.7265763111373,126.84058282579528,90.88301063958431,-1438000000.0,288141032.2580645,1209000000.0,-223000000.0,Industrials
2019-03-31,GWW,2019,Q1,USD,17306056000.0,19125056000.0,6.832817434798142,150.59099212598426,285.4485970149254,44.580550116550114,4.24009324009324,2.399452804377565,0.4847328244274809,62.9503083212241,-28.682553956834532,0.7207977207977208,0.9486486486486486,2046000000.0,4275000000.0,0.04206850681742601,0.06107512408513502,0.049193077970056384,0.11756505576208179,0.05782271979455078,0.0797451669595782,0.014619159905642278,0.0038714771291621848,0.47244094488188976,1.0526315789473684,0.021436227224008574,0.2615219721329046,0,0.0017863522686673813,0.14482873295643497,1435000000.0,709500000.0,1532000000.0,47.749196141479096,39.137323943661976,80.44014084507043,128.18933698654953,89.05201304288755,-1752000000.0,283182336.18233615,1281000000.0,-354000000.0,Industrials
2019-06-30,GWW,2019,Q2,USD,14727679000.000002,16624679000.000002,5.746518838575874,51.46959442724459,60.234344202898555,37.44297072072072,4.2725225225225225,2.3801652892561984,1.1875,63.82323679756198,-30.27676950998185,0.7103825136612022,0.9457364341085271,2004000000.0,4250000000.0,0.043391188251001335,0.06330168249208729,0.05072181037846274,0.12298959318826869,0.0604461411782319,0.08370044052863436,0.017653833981579853,0.018740223765061688,0.14551083591331268,0.8392857142857143,0.016246111303145523,0.2561354994815071,0,0.006221914967162115,0.1445260347129506,1494000000.0,760500000.0,1529000000.0,46.7576909782233,39.61625282167043,77.96275395033861,124.7204449285619,85.10419210689147,-1621000000.0,338606557.3770492,1248000000.0,-422000000.0,Industrials
2019-09-30,GWW,2019,Q3,USD,16075814999.999998,17977815000.0,6.100378350865287,56.180671875,68.09778409090909,44.832456359102245,4.743142144638404,2.1603053435114505,1.3114754098360655,57.89070629598513,-31.104436229205177,0.7236024844720497,0.9415204678362573,1824000000.0,4055000000.0,0.03934481594056062,0.056739969783448044,0.04591133004926108,0.12453233564938536,0.0554381436369014,0.07770114942528736,0.014493821930645507,0.016422184505109075,0.175,0.9655172413793104,0.019002375296912115,0.25822870715982355,0,0.003053953172718018,0.1430260047281324,1499000000.0,751500000.0,1527500000.0,45.65659993213438,35.211038961038966,74.02597402597404,119.6825739581084,84.47153499706944,-1638000000.0,441155279.5031056,1225000000.0,-454000000.0,Industrials
2019-12-31,GWW,2019,Q4,USD,18212376000.0,20067376000.0,7.0486041447137335,73.77711764705883,93.77278504672897,81.24443724696356,7.510121457489879,2.1185935637663884,2.324786324786325,40.6126385477032,-31.389405204460967,0.6058823529411764,0.918918918918919,1877000000.0,4010000000.0,0.017152373022481265,0.030351303764567787,0.019537177541729893,0.05,0.026916721744877727,0.04183036746013404,0.00565549492279316,0.011750251587162489,0.21323529411764705,1.0,0.020372321742184757,0.3164734808570425,0,0.0028099754127151387,0.12206494587843464,1460000000.0,721000000.0,1587500000.0,45.04741833508957,36.66288951841359,84.39093484419263,129.4383531792822,92.7754636608686,-1641000000.0,74323529.41176471,1327000000.0,-390000000.0,Industrials
2020-03-31,GWW,2020,Q1,USD,13319600000.0,15168600000.0,5.0545151616127955,62.16639344262295,78.18865979381444,72.92596153846154,8.889423076923077,3.276,1.318918918918919,49.52093185289849,-30.555037313432837,1.2183098591549295,0.8711656441717791,3414000000.0,5358000000.0,0.02410477915563606,0.024123805188893947,0.026251896813353565,0.09558011049723757,0.03624634948800414,0.028007750572485467,0.012988378029370251,0.01456500195201057,0.20491803278688525,1.1111111111111112,0.016661112962345886,0.0,0,0.002999000333222259,0.0817890483488923,1519000000.0,791000000.0,1635000000.0,48.37387537487504,41.31382978723404,77.31382978723404,125.68770516210908,84.37387537487504,-1655000000.0,-1329640845.0704226,1443000000.0,-233000000.0,Industrials
2020-06-30,GWW,2020,Q2,USD,16807560000.000002,18541560000.0,6.535622136059217,79.92051724137932,98.10349206349207,70.76931297709923,6.6183206106870225,3.543227665706052,1.7984496124031009,43.91481284223233,-27.97196261682243,0.6195652173913043,0.8679245283018868,3530000000.0,5483000000.0,0.0158465387823186,0.028529677823394335,0.01725703905540418,0.05297397769516728,0.024601647738267122,0.03530830175680331,0.006782662087774786,0.011244939777100303,0.1853448275862069,0.86,0.01515685583362707,0.0,0,0.005992245329573493,0.0817347789824854,1536500000.0,816500000.0,1655000000.0,46.316531547409234,38.056013179571664,83.77265238879737,130.0891839362066,92.03317075663495,-1545000000.0,39630434.78260869,1564000000.0,-124000000.0,Industrials
2020-09-30,GWW,2020,Q3,USD,19122872000.0,20663872000.0,6.846876076872101,66.44331832797428,81.99949206349207,48.393142857142855,3.6088992974238874,2.96530187369882,1.21484375,66.81344992339547,-25.09794776119403,0.6629834254143646,0.9402597402597402,2832000000.0,4819000000.0,0.036457542154033115,0.05516440444218625,0.04006677796327212,0.10105263157894737,0.05213994601628944,0.07390120575651497,0.012550416067209988,0.013177936870570487,0.18971061093247588,1.4047619047619047,0.01954937044400265,0.0,0,0.0033134526176275677,0.09008051040559016,1472500000.0,803000000.0,1737500000.0,44.284294234592444,38.7037037037037,82.4074074074074,126.69170164199986,87.98799793829616,-1289000000.0,953265193.3701657,1782000000.0,65000000.0,Industrials
2020-12-31,GWW,2020,Q4,USD,21764522000.0,23576522000.0,8.016498469908194,70.16822023809524,81.01897594501719,72.54314461538462,5.575384615384616,2.7196391394864676,1.8162162162162163,52.77196977940977,-30.863039399624764,0.6486486486486487,0.925,2478000000.0,4492000000.0,0.026687847498014297,0.04270849510793601,0.02959830866807611,0.0802675585284281,0.03993262277466384,0.05665430572723527,0.007718984133903792,0.013370383231940494,0.13392857142857142,1.0,0.015300918055083304,0.1472288337300238,0,0.0034002040122407345,0.09833200953137411,1479500000.0,807500000.0,1756500000.0,45.107106426385585,36.63009404388715,81.48902821316614,126.59613463955172,89.96604059566457,-1521000000.0,554000000.0,1474000000.0,-283000000.0,Industrials
2021-03-31,GWW,2021,Q1,USD,20968639000.0,22786639000.0,7.388663748378729,77.50557482993197,103.10696380090498,55.98682800982801,4.466830466830467,2.5695623775310255,1.1529411764705881,59.62604050958017,-31.95984703632887,0.6938775510204082,0.9423076923076923,2403000000.0,4456000000.0,0.03758092531185852,0.056699398162812796,0.04160111868554449,0.13105726872246695,0.05534447982918326,0.07455226988754686,0.01135028363071156,0.010539549085660734,0.24829931972789115,1.697674418604651,0.023670557717250323,0.0,0,0.0025940337224383916,0.09663666508763619,1525000000.0,833000000.0,1704000000.0,45.992217898832685,40.095429432446004,75.71572074334505,121.70793864217774,81.61250920973174,-1597000000.0,315612244.8979592,1468000000.0,-319000000.0,Industrials
2021-06-30,GWW,2021,Q2,USD,22863600000.0,24691600000.0,7.699282818833801,91.7903345724907,126.62358974358975,63.31179487179487,4.687179487179487,2.553178099433606,1.1069958847736625,58.91155021817203,-32.47126436781609,0.7053291536050157,0.9354838709677419,2468000000.0,4526000000.0,0.034818941504178275,0.05220789370847988,0.038527397260273974,0.12044967880085652,0.0522114369563721,0.06854093987276831,0.009840969925995906,0.008528840602529786,0.275092936802974,1.510204081632653,0.02307452447770502,0.0,0,0.005300904271905207,0.09625502940266172,1605000000.0,920500000.0,1691000000.0,45.85594013096351,41.21939510321651,73.75420067210754,119.61014080307106,78.39074569985455,-1633000000.0,169758620.68965518,1519000000.0,-264000000.0,Industrials
2021-09-30,GWW,2021,Q3,USD,20360508000.0,22404508000.0,6.644278766310795,139.1584347826087,201.8424144144144,45.81698977505113,4.179959100204499,2.5838709677419356,0.5111111111111111,67.45420026091335,-33.696911196911195,0.7037914691943128,0.9504504504504504,2455000000.0,4504000000.0,0.04647887323943662,0.06816059757236227,0.05147313691507799,0.1625615763546798,0.06755023305001763,0.09049586776859504,0.01458706236602741,0.005451730379222365,0.3105590062111801,1.1111111111111112,0.01482799525504152,0.0,0,0.002372479240806643,0.09702660406885759,1688000000.0,943500000.0,1746500000.0,46.494661921708186,39.571159283694634,75.74929311969841,122.2439550414066,82.67279575771195,-1933000000.0,339421800.9478673,1497000000.0,-268000000.0,Industrials
2021-12-31,GWW,2021,Q4,USD,26637536000.0,29158536000.0,8.680719261685026,136.8945352112676,188.11958709677418,61.90771974522293,5.352441613588111,2.625,0.707641196013289,72.15197665460258,-37.752918287937746,0.7057356608478803,0.9479905437352246,2483000000.0,4922000000.0,0.04293082524271845,0.06424279771991989,0.0474036850921273,0.1310185185185185,0.060240564869581244,0.08234597156398105,0.010624105773146585,0.005818856518861204,0.27230046948356806,1.2083333333333333,0.01726704376302471,0.1292051205715987,0,0.0026793688597796963,0.09435679611650485,1748000000.0,874500000.0,1828000000.0,46.99612980053587,34.87179487179487,79.91452991452991,126.91065971506578,92.03886484327091,-2366000000.0,279513715.71072316,1538000000.0,-421000000.0,Industrials
2022-03-31,GWW,2022,Q1,USD,26356869000.0,28700869000.0,7.869720043871675,83.67600291545189,100.35268881118881,48.48119763513513,3.9594594594594597,2.548220436280138,0.8909090909090909,81.01155001566397,-35.102739726027394,0.7079303675048356,0.9574074074074074,2697000000.0,5105000000.0,0.05233805233805234,0.07861612072138388,0.05736677115987461,0.1758769822200865,0.07384578913056364,0.1016949152542373,0.013886323144072994,0.010851061254658132,0.1661807580174927,1.0961538461538463,0.01562928434329586,0.0,0,0.0024677817384151355,0.08765908765908766,1877500000.0,927000000.0,1899500000.0,49.380312585686866,41.263250883392224,76.68286219081271,126.06317477649958,84.79992389310735,-2058000000.0,183127659.57446808,1757000000.0,-184000000.0,Industrials
2022-06-30,GWW,2022,Q2,USD,23175930000.0,25589930000.0,6.669254626009904,102.35972,177.70784722222223,43.080690235690234,4.063973063973064,2.5788571428571427,0.6426735218508998,84.04619548664024,-34.36764705882353,0.7176015473887815,0.9591836734693877,2763000000.0,5139000000.0,0.05263157894736842,0.07605754166073209,0.05753722084367246,0.16855974557019537,0.07369609363802399,0.10077373089262125,0.01600798759747721,0.006213342894977677,0.424,1.9272727272727272,0.02762574928329424,0.0,0,0.004691164972634871,0.08526032061285288,2050000000.0,1046000000.0,1959500000.0,49.23377638780297,39.59098497495826,74.74958263772955,123.98335902553251,84.39237405057425,-2270000000.0,288553191.4893617,1864000000.0,-71000000.0,Industrials
2022-09-30,GWW,2022,Q3,USD,24850852000.0,27217852000.0,6.904579401319127,71.62592631578947,81.24731940298507,40.99074096385542,3.5647590361445785,2.6252100840336134,0.8597285067873304,92.58705036193662,-32.874015748031496,0.7257240204429302,0.9591503267973857,2901000000.0,5255000000.0,0.05915845021524788,0.08463157894736842,0.06438935912938332,0.18457538994800693,0.0825691398745877,0.11133677991137371,0.017142269407906013,0.01348042312593548,0.11842105263157894,0.8653846153846154,0.01141552511415525,0.0,0,0.0027904616945712835,0.08123871684488265,2128500000.0,1046000000.0,2030500000.0,49.269406392694066,38.55550969872059,76.92529921584811,126.19470560854218,87.63919590982158,-2032000000.0,329824531.51618403,1977000000.0,47000000.0,Industrials
2022-12-31,GWW,2022,Q4,USD,28035000000.0,30415000000.0,7.99973698053656,84.48611111111111,97.48397435897436,50.10708401976936,3.9209225700164745,2.476119402985075,0.906801007556675,96.45061476442426,-35.74900793650794,0.7314285714285714,0.958029197080292,2967000000.0,5398000000.0,0.050606220347917764,0.07356819257556292,0.05497494631352899,0.14040219378427787,0.07241112815483525,0.09752599498027967,0.013697164258962011,0.011128945960406634,0.13333333333333333,0.8275862068965517,0.01262493424513414,0.1165176223040505,0,0.0026301946344029457,0.07946758039008961,2145500000.0,1042500000.0,2162000000.0,50.49184639663335,41.04094076655052,88.31445993031359,138.80630632694692,97.7653655603964,-2068000000.0,358392380.95238096,2132000000.0,124000000.0,Industrials
2023-03-31,GWW,2023,Q1,USD,34578262000.0,36837262000.0,9.00446394524566,81.1393436123348,103.47545505617977,49.982716417910446,3.0651289009497966,2.6975051975051976,0.8937007874015748,115.18372023903653,-29.33266932270916,0.7371601208459214,0.9650145772594753,3266000000.0,5724000000.0,0.062364217252396166,0.08823720236164277,0.06758066749757652,0.16026272577996717,0.08692531881088661,0.11523470598203694,0.014112912904645123,0.010295485643552588,0.21585903083700442,1.9215686274509804,0.023955023221706184,0.0,0,0.0029332681495966755,0.07718849840255591,2213500000.0,1060500000.0,2252500000.0,50.466878513810805,39.34065934065934,82.4908424908425,132.9577210046533,93.61706166399397,-1903000000.0,180416918.429003,2441000000.0,410000000.0,Industrials
2023-06-30,GWW,2023,Q2,USD,39508359000.0,41750359000.0,9.98334744141559,92.77857555555556,117.60664507042253,57.66624171270718,3.096685082872928,2.7828125,0.9183673469387755,116.6009113463642,-27.22554890219561,0.7286821705426356,0.9641255605381166,3423000000.0,5941000000.0,0.05852322251276304,0.08337537840565086,0.06329113924050633,0.14564611093895258,0.08075828863938403,0.10816560301096384,0.011896216696826107,0.008985440271006954,0.2111111111111111,1.7272727272727273,0.02271640363462458,0.0,0,0.004543280726924916,0.07533308429834391,2356000000.0,1116000000.0,2237500000.0,52.03730272596844,41.06382978723404,78.82978723404256,130.867089960011,89.80326017277694,-1887000000.0,311232558.13953495,2622000000.0,539000000.0,Industrials
2023-09-30,GWW,2023,Q3,USD,34522816000.0,36649816000.0,8.709557034220532,70.07613001912046,92.0849648241206,50.20522739726027,2.9136986301369863,2.851422550052687,1.0608519269776877,120.60935402633363,-24.569138276553105,0.7300613496932515,0.9673590504451038,3514000000.0,6072000000.0,0.05847665847665848,0.08249335229732237,0.06314672326877156,0.1407451212300414,0.07943645054967353,0.10685677667414291,0.013787982996520329,0.01152860763154431,0.2390057361376673,2.232142857142857,0.02970532319391635,0.0,0,0.0042775665399239545,0.07395577395577396,2431000000.0,1112500000.0,2209500000.0,52.27186311787072,37.61457109283196,77.41480611045829,129.686669228329,92.07209813549704,-1729000000.0,349634969.32515335,2780000000.0,654000000.0,Industrials
2023-12-31,GWW,2023,Q4,USD,41020155000.0,43112155000.0,10.786128346259694,71.37774006622517,90.38187631027253,69.42376006441224,3.368760064412238,2.8803932277444018,1.5291139240506328,111.71897545441429,-25.636363636363637,0.7301293900184843,0.9592198581560284,3443000000.0,6134000000.0,0.048484104578372406,0.06839810892122551,0.0523664324539308,0.11479221156640511,0.0660621153844493,0.08818872704243191,0.00962941266311646,0.011628429975459625,0.21026490066225165,2.2280701754385963,0.03177383037277959,0.09206905178884163,0,0.003252439329497123,0.07413771940591629,2318000000.0,1010500000.0,2231000000.0,49.35701776332249,35.275267050123254,83.78800328677075,133.14502105009325,97.86975399996999,-1615000000.0,430515711.64510167,2837000000.0,568000000.0,Industrials
2024-03-31,GWW,2024,Q1,USD,49674288000.0,51584288000.0,12.180469421487603,78.03977004538578,95.173963099631,70.47033879781421,2.609289617486339,2.1914556962025316,1.3828451882845187,119.21948038501033,-25.416666666666668,0.7297709923664122,0.9689349112426036,3012000000.0,5687000000.0,0.0569047619047619,0.08086057895691062,0.06128205128205128,0.14942169427946234,0.07877450353248895,0.11393051771117166,0.00962268447612173,0.010911077376690332,0.1800302571860817,2.125,0.02809917355371901,0.0,0,0.0025974025974025974,0.07142857142857142,2261000000.0,1043500000.0,2222000000.0,49.515938606847705,39.723412543825475,76.36151149201402,125.87745009886171,86.15403755503624,-1368000000.0,880934351.1450381,2909000000.0,649000000.0,Industrials
2024-06-30,GWW,2024,Q2,USD,43913310000.0,45856310000.0,10.634580241187384,111.5725304136253,136.88450746268657,64.04512569832403,2.713687150837989,2.303295786399666,0.874468085106383,120.1385341536515,-23.540816326530614,0.7389937106918238,0.9695121951219512,3124000000.0,5784000000.0,0.05627394636015326,0.07748328557784145,0.06060606060606061,0.14342386328959414,0.07654864103956525,0.1089840470193115,0.010702905337812157,0.00762866657056824,0.18491484184914841,1.2666666666666666,0.017625231910946195,0.0,0,0.005333951762523191,0.07147988505747127,2337000000.0,1119500000.0,2173500000.0,48.923933209647494,38.02139037433155,74.56455309396486,123.48848630361235,85.46709592928079,-1608000000.0,377408805.0314466,2990000000.0,756000000.0,Industrials
2024-09-30,GWW,2024,Q3,USD,50693928000.0,52452928000.0,11.953721057429354,85.84767266775778,100.29240535372848,70.03061148197597,2.348464619492657,2.594628619387327,1.1231617647058822,126.82639277980016,-19.78483606557377,0.7242921013412816,0.972463768115942,3800000000.0,6559000000.0,0.05332455562870309,0.07855261651208062,0.05716974473591342,0.13873822437910363,0.07066645506643172,0.10191650571980389,0.009586946981105904,0.010316817430284748,0.14402618657937807,1.4915254237288136,0.020054694621695533,0.0,0,0.0031905195989061076,0.06725916172920782,2345000000.0,1076000000.0,2169500000.0,48.1175934366454,35.284857571214395,73.20089955022489,121.3184929868703,86.03363541565591,-1236000000.0,-185700447.0938897,3243000000.0,925000000.0,Industrials
2024-12-31,GWW,2024,Q4,USD,51226830000.0,53373830000.0,12.608984171982046,124.70521028037383,313.96370588235294,76.13955777460771,3.0627674750356633,2.488937093275488,0.9010526315789473,123.2656699672324,-25.987654320987655,0.7636655948553055,0.97339593114241,3432000000.0,6328000000.0,0.05379997734737796,0.07055676308309647,0.057708662373952134,0.14145324597974984,0.07201899317492869,0.09702636419374616,0.00927248475066679,0.0033185734897123245,0.602803738317757,4.161290322580645,0.06094968107725018,0.0,0,0.003307347035199622,0.06773133990259372,2289000000.0,999000000.0,2238000000.0,47.455705173635714,33.50801720766523,81.16542823621431,128.62113340985002,95.11311620218478,-1977000000.0,682583601.2861736,3105000000.0,611000000.0,Industrials
2025-03-31,GWW,2025,Q1,USD,47613406000.0,49626406000.0,11.524943334881561,76.82106191950464,95.2522188099808,73.84881845238095,2.9955357142857144,2.7416955875061975,1.292,127.05787847147515,-25.181535269709542,0.7290715372907154,0.9690265486725663,3513000000.0,6458000000.0,0.055324555324555325,0.07685709384113913,0.05948093878057867,0.13764367816091955,0.07697404050483975,0.10118957988254781,0.010060191871171745,0.010942296377621043,0.19349845201238391,2.0491803278688523,0.02902926149558755,0.0,0,0.002786809103576405,0.06987756987756988,2300500000.0,1033000000.0,2307500000.0,49.514630747793774,38.62095531587057,80.05007704160246,129.56470778939624,90.94375247352568,-1492000000.0,303981735.15981734,3242000000.0,719000000.0,Industrials
