date,symbol,fiscalYear,period,reportedCurrency,grossProfitMargin,ebitMargin,ebitdaMargin,operatingProfitMargin,pretaxProfitMargin,continuousOperationsProfitMargin,netProfitMargin,bottomLineProfitMargin,receivablesTurnover,payablesTurnover,inventoryTurnover,fixedAssetTurnover,assetTurnover,currentRatio,quickRatio,solvencyRatio,cashRatio,priceToEarningsRatio,priceToEarningsGrowthRatio,forwardPriceToEarningsGrowthRatio,priceToBookRatio,priceToSalesRatio,priceToFreeCashFlowRatio,priceToOperatingCashFlowRatio,debtToAssetsRatio,debtToEquityRatio,debtToCapitalRatio,longTermDebtToCapitalRatio,financialLeverageRatio,workingCapitalTurnoverRatio,operatingCashFlowRatio,operatingCashFlowSalesRatio,freeCashFlowOperatingCashFlowRatio,debtServiceCoverageRatio,interestCoverageRatio,shortTermOperatingCashFlowCoverageRatio,operatingCashFlowCoverageRatio,capitalExpenditureCoverageRatio,dividendPaidAndCapexCoverageRatio,dividendPayoutRatio,dividendYield,dividendYieldPercentage,revenuePerShare,netIncomePerShare,interestDebtPerShare,cashPerShare,bookValuePerShare,tangibleBookValuePerShare,shareholdersEquityPerShare,operatingCashFlowPerShare,capexPerShare,freeCashFlowPerShare,netIncomePerEBT,ebtPerEbit,priceToFairValue,debtToMarketCap,effectiveTaxRate,enterpriseValueMultiple,dividendPerShare,sector
1989-03-31,EOG,1989,Q1,USD,1.0,1.0,1.0,1.0,0.0,-0.034334763948497854,0.0,0.0,0.0,0.0,0.0,0.0,0.0,0.0,0.0,0.0,0.0,0.0,0.0,0.0,0.0,21.28755364806867,0.0,0.0,0.0,0.0,0.0,0.0,0.0,0.0,0.0,,0.0,0.0,0.0,0.0,0.0,0.0,0.0,0.0,,,0.11743951612903226,0.0,,,,,,,,,0.0,0.0,0.0,,0.0,,,Energy
1989-06-30,EOG,1989,Q2,USD,1.0,1.0,1.0,1.0,0.0,-0.03571428571428571,0.0,0.0,0.0,0.0,0.0,0.0,0.0,0.0,0.0,0.0,0.0,0.0,0.0,0.0,0.0,21.257142857142856,0.0,0.0,0.0,0.0,0.0,0.0,0.0,0.0,0.0,,0.0,0.0,0.0,0.0,0.0,0.0,0.0,0.0,,,0.11760752688172044,0.0,,,,,,,,,0.0,0.0,0.0,,0.0,,,Energy
1989-09-30,EOG,1989,Q3,USD,1.0,1.0,1.0,1.0,0.0,-0.05124223602484472,0.0,0.0,0.0,0.0,0.0,0.0,0.0,0.0,0.0,0.0,0.0,0.0,0.0,0.0,0.0,23.1055900621118,0.0,0.0,0.0,0.0,0.0,0.0,0.0,0.0,0.0,,0.0,0.0,0.0,0.0,0.0,0.0,0.0,0.0,,,0.1081989247311828,0.0,,,,,,,,,0.0,0.0,0.0,,0.0,,,Energy
1989-12-31,EOG,1989,Q4,USD,1.0,-2.327849588719154,-2.327849588719154,-2.327849588719154,0.0,0.024676850763807285,0.0,0.0,1.046740467404674,0.0,0.0,0.06809634312234937,0.062307804949480156,1.3813038130381303,1.1943419434194342,0.0,0.1881918819188192,0.0,0.0,0.0,3.117568263781556,21.33207990599295,0.0,0.0,0.26358178357006884,0.6182380216383307,0.38204393505253104,0.38204393505253104,2.3455263609823116,0.0,,,0.0,0.0,0.0,0.0,,0.0,0.0,0.0,,,0.1429771505376344,0.0,0.6048387096774194,0.025705645161290324,0.9783266129032258,0.9783266129032258,0.9783266129032258,,,,0.0,0.0,3.117568263781556,0.19830777366472765,0.0,-10.903886925795053,,Energy
1990-03-31,EOG,1990,Q1,USD,0.7435098650051921,0.2232606438213915,0.5815160955347871,0.2232606438213915,0.1277258566978193,0.11630321910695743,0.11630321910695743,0.11630321910695743,2.7593123209169055,0.3971061093247588,1.6466666666666667,0.07621082621082621,0.07039473684210526,1.2448233861144946,1.0621193666260658,0.05846980552712385,0.28989037758830694,36.5,0.052142857142857144,0.052142857142857144,2.7885402455661663,16.980269989615785,168.57731958762886,21.431192660550458,0.2878654970760234,0.6715552523874488,0.40175474392981025,0.40175474392981025,2.3328785811732606,3.7690802348336594,0.9293544457978076,0.7923156801661475,0.127129750982962,0.0,0.0,0.0,0.19375317420010157,1.1456456456456456,1.0838068181818181,0.3392857142857143,0.0023238747553816046,0.2323874755381605,0.1719642857142857,0.02,0.7032142857142857,0.0425,1.0471428571428572,1.0471428571428572,1.0471428571428572,0.13625,0.11892857142857143,0.01732142857142857,0.9105691056910569,0.5720930232558139,2.7885402455661663,0.24082681017612526,0.08943089430894309,35.80714285714286,0.0067857142857142855,Energy
1990-06-30,EOG,1990,Q2,USD,0.6819338422391857,0.044529262086514,0.5165394402035624,0.044529262086514,0.07633587786259542,0.07124681933842239,0.07124681933842239,0.07124681933842239,1.212962962962963,0.47438330170777987,1.8796992481203008,0.06059671575052039,0.056652731728412856,1.119798234552333,0.9520807061790668,0.05303688982735064,0.11097099621689786,74.25,-1.485,-1.485,2.856259659969088,21.16030534351145,-33.19760479041916,38.58932714617169,0.32441977800201816,0.7729692598317018,0.43597442851607904,0.43597442851607904,2.3826206422806115,5.3108108108108105,0.5435056746532156,0.5483460559796438,-1.1624129930394431,4.417582417582418,0.38461538461538464,0.0,0.09575649855587647,0.4624463519313305,0.44432989690721647,0.6785714285714286,0.0022847522847522844,0.22847522847522847,0.14035714285714285,0.01,0.82,0.015714285714285715,1.0398214285714287,1.0398214285714287,1.0398214285714287,0.07696428571428572,0.16642857142857143,-0.08946428571428572,0.9333333333333333,1.7142857142857142,2.856259659969088,0.2706228956228956,0.06666666666666667,51.83497536945813,0.0067857142857142855,Energy
1990-09-30,EOG,1990,Q3,USD,0.6305732484076433,-0.0840764331210191,0.39872611464968155,-0.0840764331210191,0.03949044585987261,0.10828025477707007,0.10828025477707007,0.10828025477707007,1.2323390894819466,0.32657657657657657,2.1481481481481484,0.060852713178294576,0.055859958727673804,1.0062001771479185,0.8866253321523472,0.05719216072969308,0.312666076173605,55.66666669941176,1.1133333339882352,1.1133333339882352,3.186307521515151,24.11040341121019,326.3218392724138,27.95667160679468,0.2908275812993667,0.688047138047138,0.4075994814002194,0.4075994814002194,2.365824915824916,15.392156862745098,0.5996457041629761,0.8624203821656051,0.08567208271787297,0.0,0.0,0.0,0.1656471739662344,1.0936995153473343,1.030441400304414,0.4470588235294118,0.002007749206286389,0.20077492062863894,0.138529411683218,0.01499999999117647,0.721235293693391,0.06229411761041523,1.0482352935010382,1.0482352935010382,1.0482352935010382,0.11947058816501731,0.109235294053391,0.010235294111626297,2.7419354838709675,-0.4696969696969697,3.186307521515151,0.21593871068664403,-1.7419354838709677,72.39829609520766,0.00670588234899654,Energy
1990-12-31,EOG,1990,Q4,USD,0.7161016949152542,0.19830508474576272,0.5915254237288136,0.19830508474576272,0.11186440677966102,0.1711864406779661,0.1711864406779661,0.1711864406779661,1.2924424972617743,0.3973902728351127,2.537878787878788,0.09041452762240441,0.08322166584385358,1.009090909090909,0.889090909090909,0.08243594504270331,0.03272727272727273,18.655115522524753,0.13583821982420935,0.13583821982420935,2.4710382528196724,12.774011306949152,-43.439000986167144,28.711111128,0.29508427956837574,0.6859016393442623,0.4068455853753403,0.4068455853753403,2.3244262295081968,138.8235294117647,0.4772727272727273,0.4449152542372881,-0.660952380952381,0.0,0.0,0.0,0.12547801147227533,0.6020642201834863,0.5769230769230769,0.18811881188118812,0.002521008401878398,0.25210084018783985,0.2082352939951557,0.035647058802560555,0.7383529407421453,0.006352941172733564,1.0764705876020761,1.0764705876020761,1.0764705876020761,0.09264705876903115,0.15388235285065743,-0.0612352940816263,1.5303030303030303,0.5641025641025641,2.4710382528196724,0.2775762935120847,-0.5303030303030303,27.5377268512894,0.00670588234899654,Energy
1991-03-31,EOG,1991,Q1,USD,0.7664233576642335,0.1991657977059437,0.5964546402502607,0.1991657977059437,0.11678832116788321,0.12408759124087591,0.12408759124087591,0.12408759124087591,1.1164144353899883,0.23829787234042554,1.6592592592592592,0.07321169554927857,0.06716626978568427,0.9713322091062394,0.857504215851602,0.06176652254478073,0.10792580101180438,30.625,-0.6988782051282052,-0.6988782051282052,2.3576742681546174,15.200729927007298,102.65845070422536,21.374633431085044,0.28932623616753045,0.6681222707423581,0.4005235602094241,0.4005235602094241,2.309234999191331,-79.91666666666667,0.5750421585160203,0.7111574556830031,0.20821114369501467,0.0,0.0,0.0,0.16509319777293632,1.262962962962963,1.179930795847751,0.31932773109243695,0.0026067569885096895,0.2606756988509689,0.16117647058823528,0.02,0.6942857142857143,0.021512605042016807,1.0391596638655463,1.0391596638655463,1.0391596638655463,0.1146218487394958,0.0907563025210084,0.023865546218487396,1.0625,0.5863874345549738,2.3576742681546174,0.28338192419825076,-0.0625,32.48339160839161,0.006386554621848739,Energy
1991-06-30,EOG,1991,Q2,USD,0.7295454545454545,0.14886363636363636,0.5875,0.14886363636363636,0.04090909090909091,0.08295454545454546,0.08295454545454546,0.08295454545454546,1.4402618657937807,0.3333333333333333,1.6413793103448275,0.06675263597056816,0.06212495587716202,0.8701923076923077,0.7307692307692307,0.05992411356797069,0.032692307692307694,44.0,-1.1733333333333333,-1.1733333333333333,1.969947868751917,14.6,217.76271186440678,24.519083969465647,0.2701023649841158,0.5866298681386077,0.3697332817935833,0.3697332817935833,2.171879791475008,-10.414201183431953,0.5038461538461538,0.5954545454545455,0.11259541984732824,0.0,0.0,0.0,0.13695765812859384,1.1268817204301076,1.0417495029821073,0.5205479452054794,0.0029576587795765875,0.2957658779576588,0.1506849315068493,0.0125,0.6551369863013699,0.0058219178082191785,1.1167808219178081,1.1167808219178081,1.1167808219178081,0.08972602739726028,0.07962328767123288,0.010102739726027397,2.0277777777777777,0.2748091603053435,1.969947868751917,0.2977895392278954,-1.0277777777777777,32.18568665377176,0.006506849315068493,Energy
1991-09-30,EOG,1991,Q3,USD,0.655952380952381,0.07261904761904762,0.4666666666666667,0.07261904761904762,0.13333333333333333,0.1595238095238095,0.1595238095238095,0.1595238095238095,1.4285714285714286,0.33840749414519905,2.2755905511811023,0.06340101139708658,0.059401739622374654,0.7145328719723183,0.6046712802768166,0.059584828293182984,0.04671280276816609,33.1111111358209,0.4138888891977613,0.4138888891977613,2.800624202114565,21.128042343809522,-165.86500531588783,30.08060265898305,0.28031963793225373,0.6255325863973489,0.38481700805747016,0.38481700805747016,2.2314975540476567,-3.6129032258064515,0.5103806228373703,0.7023809523809523,-0.18135593220338983,0.0,0.0,0.0,0.14883955600403634,0.8464849354375896,0.8027210884353742,0.2835820895522388,0.002141139936296555,0.21411399362965547,0.1410447760141457,0.022499999983208955,0.6655970144286589,0.009067164172337936,1.0640485066686205,1.0640485066686205,1.0640485066686205,0.09906716410517376,0.11703358200221374,-0.017966417897039986,1.1964285714285714,1.8360655737704918,2.800624202114565,0.22335470282840905,-0.19642857142857142,55.24886624693878,0.006380597010163734,Energy
1991-12-31,EOG,1991,Q4,USD,0.7203672787979967,0.21202003338898165,0.6393989983305509,0.21202003338898165,0.1636060100166945,0.18614357262103506,0.18614357262103506,0.18614357262103506,1.3385474860335196,0.3973902728351127,2.537878787878788,0.08942300515040681,0.08230283044792526,0.9682259488084731,0.851721094439541,0.0912590017382667,0.03353927625772286,16.290981576681613,0.24600475535257463,0.24600475535257463,2.234936260596739,12.129846048747913,69.8632479153846,23.325129320064207,0.2901896125309151,0.6496462626884035,0.393809435017714,0.393809435017714,2.238695785912027,-6.546448087431694,0.5498676081200353,0.5200333889816361,0.33386837881219905,0.0,0.0,0.0,0.1474905303030303,1.5012048192771084,1.3752759381898454,0.17040358744394618,0.002614998774657268,0.2614998774657268,0.2011567162677935,0.03744402982280296,0.7092537308139898,0.006380597010163734,1.091753730528542,1.091753730528542,1.091753730528542,0.10460820887715805,0.0696828357688934,0.03492537310826465,1.1377551020408163,0.7716535433070866,2.234936260596739,0.2906777585303237,-0.1377551020408163,24.435451131070494,0.006380597010163734,Energy
1992-03-31,EOG,1992,Q1,USD,0.7373225152129818,0.21196754563894524,0.6156186612576064,0.21196754563894524,0.14300202839756593,0.22616632860040567,0.22616632860040567,0.22616632860040567,1.555205047318612,0.37920937042459735,2.105691056910569,0.07414091285059027,0.06857699262762554,1.101366742596811,0.9612756264236902,0.08045083560046638,0.1970387243735763,17.733333343273543,66.3226667038483,66.3226667038483,2.375451770866497,16.04273158438134,66.46274513529411,22.123263415664336,0.2909305883989428,0.6281723982579966,0.3858144253827707,0.3858144253827707,2.1591830605195974,37.20754716981132,0.8143507972665148,0.7251521298174443,0.3328671328671329,0.0,0.0,0.0,0.17092995457805402,1.49895178197065,1.3883495145631068,0.17040358744394618,0.002402306212618822,0.24023062126188224,0.16580717479495113,0.03749999997897982,0.7034192821169174,0.029091928234813942,1.1197869948880117,1.1197869948880117,1.1197869948880117,0.12023542594157208,0.08021300443934248,0.04002242150222959,1.5815602836879432,0.6746411483253588,2.375451770866497,0.26444333914169826,-0.5815602836879432,32.6657880431631,0.006390134525566068,Energy
1992-06-30,EOG,1992,Q2,USD,0.7373134328358208,0.1373134328358209,0.5552238805970149,0.1373134328358209,0.11641791044776119,0.14527363184079603,0.14527363184079603,0.14527363184079603,1.2376847290640394,0.3487450462351387,2.613861386138614,0.07501119570085088,0.06854921219562103,1.0950455005055613,0.9929221435793731,0.07162743609212857,0.1172901921132457,31.9,-0.9570000000000001,-0.9570000000000001,2.7562657197810325,18.53691542288557,-321.2,39.13781512605042,0.291044267103199,0.6313064062731173,0.38699437692726285,0.38699437692726285,2.1691078561917445,10.98360655737705,0.48129423660262893,0.4736318407960199,-0.12184873949579832,0.0,0.0,0.0,0.11155378486055777,0.8913857677902621,0.8321678321678322,0.2602739726027397,0.0020397646755700607,0.20397646755700607,0.1720890410958904,0.025,0.7306506849315069,0.01986301369863014,1.1573630136986301,1.1573630136986301,1.1573630136986301,0.08150684931506849,0.09143835616438356,-0.00993150684931507,1.2478632478632479,0.8478260869565217,2.7562657197810325,0.22904410185940655,-0.24786324786324787,40.82544802867383,0.006506849315068493,Energy
1992-09-30,EOG,1992,Q3,USD,0.7658623771224308,0.21805183199285075,0.6237712243074174,0.21805183199285075,0.16621983914209115,0.1840929401251117,0.1840929401251117,0.1840929401251117,1.3118405627198124,0.27637130801687765,2.62,0.08239452175833886,0.06747060596924932,2.3756302521008403,2.291596638655462,0.07679757604008856,1.5336134453781514,29.71428573592233,0.742857143398058,0.742857143398058,3.059041909845077,21.88076089937444,-116.04062296872037,34.101074437883014,0.0964124208622249,0.1997751124437781,0.16651046547953766,0.16651046547953766,2.072088955522239,1.292894280762565,0.6033613445378151,0.6416443252904379,-0.2938718662952646,0.0,0.0,0.0,0.44903064415259536,0.7728740581270183,0.7425025853154085,0.18446601941747573,0.001551997758391936,0.1551997758391936,0.19012135908486308,0.03499999997451456,0.27167475708373195,0.3100728153081994,1.3599029116311387,1.3599029116311387,1.3599029116311387,0.12199029117330804,0.1578398057103108,-0.03584951453700278,1.10752688172043,0.7622950819672131,3.059041909845077,0.06530643199128172,-0.10752688172043011,34.75440035300859,0.006456310674910454,Energy
1992-12-31,EOG,1992,Q4,USD,0.7881773399014779,0.2857142857142857,0.6565798733286418,0.2857142857142857,0.2498240675580577,0.2821956368754398,0.2821956368754398,0.2821956368754398,1.3972468043264503,0.2304747320061256,3.168421052631579,0.0967983651226158,0.08209127671865973,1.268618387262455,1.2198253723677452,0.10345596432552955,0.6810477657935285,13.466690426620948,0.142397028680282,0.142397028680282,2.5899965760551558,15.200965126178746,-40.83283826899811,18.701793458268398,0.08665511265164645,0.17985611510791366,0.1524390243902439,0.1524390243902439,2.0755395683453237,1.3157407407407407,0.5932203389830508,0.812807881773399,-0.45800865800865803,0.0,0.0,0.0,0.77,0.6858669833729216,0.669953596287703,0.09975062344139651,0.0018518028610097386,0.18518028610097387,0.24143203865915142,0.06813106791155504,0.2548543687464653,0.2252912619718753,1.4169902902303468,1.4169902902303468,1.4169902902303468,0.19623786393477827,0.28611650464603167,-0.08987864071125341,1.1295774647887324,0.874384236453202,2.5899965760551558,0.06944260728786521,-0.1295774647887324,23.338233059271168,0.0067961164999057406,Energy
1993-03-31,EOG,1993,Q1,USD,0.8048245614035088,0.21564327485380116,0.6527777777777778,0.21564327485380116,0.21125730994152048,0.22076023391812866,0.22076023391812866,0.22076023391812866,1.2181656277827249,0.2266553480475382,3.1785714285714284,0.09137666154565494,0.08149163042830762,1.15666901905434,1.0973888496824276,0.10869565217391304,0.28158080451658435,26.421052644701987,-0.8734338277204883,-0.8734338277204883,3.7518081103561767,23.330871048830407,-149.84334082065726,45.53014492838801,0.0893548579257759,0.17632537909956505,0.149895073448586,0.149895073448586,1.9733160926295992,3.67248322147651,0.4947071277346507,0.5124269005847953,-0.30385164051355207,37.75,12.291666666666666,0.0,0.4673333333333333,0.7669584245076586,0.7286902286902287,0.15894039735099338,0.001503918101677759,0.1503918101677759,0.21516556280703697,0.04749999997640728,0.2397019866359096,0.06275662248538579,1.3380215225142278,1.3380215225142278,1.3380215225142278,0.11025662246179307,0.14375827807429226,-0.033501655612499175,1.0449826989619377,0.9796610169491525,3.7518081103561767,0.046997440677429975,-0.04498269896193772,36.97383157312429,0.0075496688704223495,Energy
1993-06-30,EOG,1993,Q2,USD,0.795017793594306,0.22491103202846974,0.6427046263345195,0.22491103202846974,0.2106761565836299,0.23843416370106763,0.23843416370106763,0.23843416370106763,1.3204887218045114,0.21867881548974943,2.3801652892561984,0.09310184878404347,0.08268596986817325,1.074375,0.99875,0.1117582817619221,0.263125,24.238095234477612,2.3026190472753756,2.3026190472753756,3.711466988252771,23.116759867758006,69.99794744439656,26.10855917540193,0.0882768361581921,0.17140898183064793,0.1463271875914545,0.1463271875914545,1.9417209461775797,8.240469208211143,0.7775,0.8854092526690391,0.3729903536977492,0.0,0.0,0.0,0.8293333333333334,1.594871794871795,1.502415458937198,0.14328358208955225,0.0014778758469202824,0.14778758469202824,0.22018656719704277,0.05250000000783582,0.2350746269007574,0.06597761195014591,1.3714253733390187,1.3714253733390187,1.3714253733390187,0.1949552239096948,0.12223880598839384,0.07271641792130096,1.1317567567567568,0.9367088607594937,3.711466988252771,0.046183620216258825,-0.13175675675675674,37.16284342657807,0.007522388060824237,Energy
1993-09-30,EOG,1993,Q3,USD,0.77462792345854,0.18993621545003544,0.6449326718639263,0.18993621545003544,0.26364280652019845,0.2537207654145996,0.2537207654145996,0.2537207654145996,1.4621761658031087,0.23802395209580837,0.0,0.09379154480191439,0.08017956585975679,1.452322738386308,1.452322738386308,0.11617100371747212,0.7139364303178484,28.8260869726257,3.026739132125695,3.026739132125695,4.591652563381535,29.25510740240964,48.50641192103408,22.86922800265928,0.08523695874531197,0.1668520578420467,0.14299332697807435,0.14299332697807435,1.957508342602892,3.2852153667054713,1.1033007334963325,1.2792345854004252,0.4714681440443213,0.0,0.0,0.0,1.2033333333333334,1.8920335429769393,1.8013972055888223,0.1340782122905028,0.0011628200908592654,0.11628200908592654,0.22662709484545973,0.057499999967877094,0.24092178757490404,0.18759776525832528,1.443924580198925,1.443924580198925,1.443924580198925,0.2899092177151345,0.15322625689763897,0.13668296081749556,0.9623655913978495,1.3880597014925373,4.591652563381535,0.03633812783935204,0.03763440860215054,45.726325873406594,0.007709497202396929,Energy
1993-12-31,EOG,1993,Q4,USD,0.6791694574681849,0.09444072337575352,0.5438713998660415,0.09444072337575352,0.11051574012056263,0.2578700602813128,0.2578700602813128,0.2578700602813128,1.1924920127795526,0.305484693877551,3.397163120567376,0.09657179818887451,0.0824315371024735,1.1445617255621845,1.0798531436438734,0.12025965152032798,0.4731528223955943,19.729418418701297,2.6382361838961015,2.6382361838961015,3.256168081105991,20.35050526778299,-223.40664974117647,29.019392898567336,0.10103798586572438,0.1961204586861001,0.16396380252665532,0.14087100635300617,1.9410566927446147,2.8303317535545025,0.4804956402019275,0.7012726054922974,-0.12989493791786055,3.44,0.0,3.49,0.5721311475409836,0.8850380388841927,0.8505280259951259,0.12467532467532468,0.001579815000491174,0.1579815000491174,0.23979748589955446,0.06183659214422537,0.2939245808413829,0.16559357532648403,1.498694133240953,1.498694133240953,1.498694133240953,0.168163407727283,0.1900069831340743,-0.0218435754067913,2.3333333333333335,1.1702127659574468,3.256168081105991,0.06023044689372601,-1.3333333333333333,38.40185266600985,0.007709497202396929,Energy
1994-03-31,EOG,1994,Q1,USD,0.7963206307490145,0.21681997371879105,0.6425755584756899,0.21681997371879105,0.2568988173455979,0.19908015768725362,0.19908015768725362,0.19908015768725362,1.2997438087105038,0.22127052105638828,0.0,0.09776464542651593,0.08590619179319298,1.1798088410991636,1.1798088410991636,0.11601805538611687,0.34169653524492233,28.105263164851486,-1.2146190654460294,-1.2146190654460294,3.5781070331722686,22.380800890801577,222.63777095294117,32.816550053757226,0.08635773550826889,0.16071428571428573,0.13846153846153847,0.13846153846153847,1.861029411764706,4.941558441558442,0.6200716845878136,0.6819973718791065,0.14739884393063585,0.0,0.0,0.0,0.6784313725490196,1.1728813559322033,1.112540192926045,0.15841584158415842,0.0014091296766638507,0.14091296766638506,0.23859735967691484,0.04749999998824257,0.23985148508914567,0.08966996697450413,1.4924092405546843,1.4924092405546843,1.4924092405546843,0.1627227722369498,0.13873762372803525,0.023985148508914568,0.7749360613810742,1.1848484848484848,3.5781070331722686,0.04491600844366024,0.22506393861892582,35.809385435378324,0.007524752473384962,Energy
1994-06-30,EOG,1994,Q2,USD,0.7291228070175438,0.1831578947368421,0.6196491228070176,0.1831578947368421,0.25684210526315787,0.24,0.24,0.24,1.348155156102176,0.2751247327156094,2.325301204819277,0.09055093092711444,0.07899550972892067,1.304583835946924,1.2044632086851628,0.11718939946511063,0.5168878166465621,27.380952362938597,2.6011904744791696,2.6011904744791696,3.8170939399266275,26.285714268421053,198.1859409126984,32.37436718452896,0.09756638394589501,0.17935391827168043,0.15207811284887238,0.15207811284887238,1.8382757566493426,3.535980148883375,0.6978287092882992,0.8119298245614035,0.1633535004321521,0.0,0.0,0.0,0.6573863636363636,1.1952479338842976,1.138779527559055,0.14035087719298245,0.0012814645317355173,0.12814645317355172,0.21875000014391446,0.052500000034539474,0.2701754387742382,0.1315570176304103,1.506381579938409,1.506381579938409,1.506381579938409,0.17760964923965547,0.14859649132583103,0.029013157913824444,0.9344262295081968,1.4022988505747127,3.8170939399266275,0.0469870328303023,0.06557377049180328,43.44297036523216,0.0073684210574792245,Energy
1994-09-30,EOG,1994,Q3,USD,0.7409733124018838,0.14678178963893249,0.5753532182103611,0.14678178963893249,0.3963893249607535,0.3218210361067504,0.3218210361067504,0.3218210361067504,1.3510074231177094,3.75,1.8435754189944134,0.07778727561362804,0.06864963896971657,1.3640552995391706,1.2462146148782094,0.11434038990551369,0.5714285714285714,19.576923084085365,0.8222307695315851,0.8222307695315851,3.148588198283809,25.201062682810047,-58.802479593223445,28.212788978822495,0.09909473003556418,0.1803471609296852,0.15279162512462613,0.15279162512462613,1.819947043248014,2.4083175803402646,0.749177090190915,0.8932496075353218,-0.4797891036906854,0.0,0.0,0.0,0.6188145731375748,0.6757719714964371,0.6570438799076213,0.11707317073170732,0.00149504049013299,0.149504049013299,0.20197560968220404,0.06499999997621951,0.2915487803811407,0.13760975604721595,1.6165975603841716,1.6165975603841716,1.6165975603841716,0.18041463408033612,0.26697560965842354,-0.08656097557808745,0.8118811881188119,2.700534759358289,3.148588198283809,0.05727873877822018,0.18811881188118812,45.12572149781719,0.007609756094776919,Energy
1994-12-31,EOG,1994,Q4,USD,0.7895002523977789,0.38465421504290764,0.690560323069157,0.38465421504290764,0.14033316506814741,0.21504290762241293,0.21504290762241293,0.21504290762241293,1.56973058637084,0.3178353658536585,2.656050955414013,0.11758072174738841,0.10639669155164079,0.9501822600243013,0.8547995139732685,0.1260843005497862,0.03523693803159174,17.360960641960094,4.5138497669096145,4.5138497669096145,2.835257517145869,14.933405822261486,704.3589746166667,31.947167315226785,0.10312046833879371,0.18401380103507764,0.15541525012141816,0.1542514387614493,1.7844546674333908,8.411889596602972,0.5625759416767923,0.4674406865219586,0.04535637149028078,89.17647058823529,0.0,54.470588235294116,0.4822916666666667,1.0475113122171946,0.9935622317596566,0.11267605633802817,0.0016225492739396414,0.16225492739396413,0.31406097549485573,0.06753658534114515,0.30439024379107676,0.009195121947855444,1.6541707311021328,1.6541707311021328,1.6541707311021328,0.1468048779950714,0.14014634141214158,0.006658536582929804,1.5323741007194245,0.3648293963254593,2.835257517145869,0.06490197095758565,-0.5323741007194245,22.986167349342107,0.007609756094776919,Energy
1995-03-31,EOG,1995,Q1,USD,0.7625482625482626,0.2754182754182754,0.6171171171171171,0.2754182754182754,0.25418275418275416,0.19047619047619047,0.19047619047619047,0.19047619047619047,1.0629274965800273,0.3345421577515866,2.2919254658385095,0.08994096538951267,0.0780355528773727,1.3146853146853146,1.2020979020979021,0.09135093339224566,0.106993006993007,32.42105264527027,-1.094210526777872,-1.094210526777872,3.5343454867875885,24.7017543963964,1421.7231974814815,39.73760489855073,0.10043185698503565,0.1841451063437989,0.15550890288469016,0.15432531340029587,1.8335328238652058,8.445652173913043,0.6755244755244755,0.6216216216216216,0.027950310559006212,47.77777777777778,0.0,53.666666666666664,0.483,1.0287539936102237,0.9787234042553191,0.16216216216216217,0.0012504387499106934,0.12504387499106934,0.24937499989468961,0.04749999997994088,0.32094594581041136,0.024552364854496467,1.7428969587234389,1.7428969587234389,1.7428969587234389,0.15501689182642867,0.15068412155798813,0.004332770268440553,0.7493670886075949,0.9228971962616822,3.5343454867875885,0.052101614579612224,0.25063291139240507,41.95362495516163,0.007702702699449872,Energy
1995-06-30,EOG,1995,Q2,USD,0.7842391304347827,0.39945652173913043,0.6635869565217392,0.39945652173913043,0.3875,0.2614130434782609,0.2614130434782609,0.2614130434782609,1.1932555123216602,0.3596014492753623,2.5779220779220777,0.10363277949873276,0.08989203185304608,1.3789035392088826,1.272033310201249,0.10555616199104902,0.14156835530881332,18.133333323908527,0.3132121210493291,0.3132121210493291,3.08529654361514,18.961159410434785,-89.22898546086958,47.792511390684936,0.1053788656016415,0.1907499115670322,0.16019309320460454,0.15906893730943705,1.810134418111072,3.6947791164658637,0.5065926439972241,0.3967391304347826,-0.5356164383561643,54.94444444444444,0.0,40.55555555555556,0.3384330088085304,0.6512042818911686,0.6244653550042771,0.0997920997920998,0.001375810200054689,0.13758102000546893,0.2869022870514045,0.07500000003898129,0.33633056150536933,0.03180873182526441,1.763201664118088,1.763201664118088,1.763201664118088,0.11382536388452462,0.17479209988294808,-0.060966735998423456,0.6746143057503506,0.9700680272108844,3.08529654361514,0.061825470864957585,0.32538569424964936,30.173245958394762,0.007484407488297509,Energy
1995-09-30,EOG,1995,Q3,USD,0.7588235294117647,0.24836601307189543,0.615686274509804,0.24836601307189543,0.21830065359477124,0.21568627450980393,0.21568627450980393,0.21568627450980393,0.9398034398034398,0.3100840336134454,3.1810344827586206,0.0830078125,0.07251184834123223,1.2236421725239617,1.1495207667731628,0.09382560218786158,0.054313099041533544,25.904761922424242,-0.863492064080808,-0.863492064080808,2.9987096148031225,22.349206364444445,-42.8499821273183,57.37296264697987,0.12507109004739336,0.23143032535297728,0.18793619142572282,0.18793619142572282,1.8503902481803034,3.4151785714285716,0.38083067092651757,0.3895424836601307,-1.3389261744966443,0.0,0.0,0.0,0.22584312239484652,0.42754662840746055,0.4133148404993065,0.14545454545454545,0.0014037433145509236,0.14037433145509237,0.24340909074313016,0.05249999996420455,0.4198409088046539,0.013522727263507232,1.8443409078334039,1.8443409078334039,1.8141136351267406,0.09481818175353306,0.2217727271215186,-0.12695454536798553,0.9880239520958084,0.8789473684210526,2.9987096148031225,0.07717663764791433,0.011976047904191617,39.01091904203822,0.007636363631157024,Energy
1995-12-31,EOG,1995,Q4,USD,0.7794117647058824,0.2647058823529412,0.6361892583120204,0.2647058823529412,0.2551150895140665,0.20076726342711,0.20076726342711,0.20076726342711,0.9281899109792285,0.2580403889304413,2.948717948717949,0.08312958435207823,0.07283565407721325,1.286473715298287,1.2173656231541643,0.09099227328182188,0.13585351447135263,30.027297563694265,-6.305732488375804,-6.305732488375804,3.240894194379995,24.113993439897698,571.4285718181818,35.51251011299435,0.13463419177571834,0.24843172638996305,0.19899504405286345,0.19899504405286345,1.845235026209504,3.7461077844311377,0.6272888363851152,0.6790281329923273,0.062146892655367235,0.0,0.0,0.0,0.3673469387755102,1.0662650602409638,1.0172413793103448,0.15286624203821655,0.001272727271859504,0.12727272718595042,0.24881818164853306,0.04995454542048554,0.4599318178682283,0.03659090906596074,1.8513409078286311,1.8513409078286311,1.8513409078286311,0.16895454533934917,0.15845454534650827,0.01049999999284091,0.7869674185463659,0.9637681159420289,3.240894194379995,0.07665530297803805,0.21303258145363407,40.57817662311558,0.007636363631157024,Energy
1996-03-31,EOG,1996,Q1,USD,0.6930817610062893,0.20062893081761007,0.5308176100628931,0.20125786163522014,0.17169811320754716,0.16289308176100628,0.16289308176100628,0.16289308176100628,0.879424778761062,0.4225108225108225,3.562043795620438,0.08450255102040816,0.07374426047029359,1.6100981767180926,1.5140252454417953,0.07994289793004997,0.18583450210378682,41.8125,-2.0906249999999993,-2.0906249999999993,3.6853624298111285,27.243867924528303,254.81029411764706,49.619415807560145,0.1476740410927137,0.2708865067211162,0.21314767706520285,0.21314767706520285,1.8343542623787648,2.3468634686346865,0.6122019635343618,0.5490566037735849,0.19473081328751432,0.0,0.0,0.0,0.27418341708542715,1.2418207681365576,1.162450066577896,0.18532818532818532,0.0011080907941894487,0.11080907941894488,0.24555984555984556,0.04,0.49173745173745176,0.040926640926640924,1.8152895752895752,1.8152895752895752,1.8152895752895752,0.13482625482625482,0.10857142857142857,0.026254826254826256,0.9487179487179487,0.853125,3.6853624298111285,0.07350335601456677,0.05128205128205128,54.782879146919434,0.007413127413127413,Energy
1996-06-30,EOG,1996,Q2,USD,0.802130898021309,0.37341451040081175,0.7275494672754946,0.37341451040081175,0.3571790969051243,0.24150177574835108,0.24150177574835108,0.24150177574835108,1.0180785123966942,0.2613941018766756,2.4683544303797467,0.10474014241683495,0.0899958905986028,1.4768211920529801,1.3896247240618103,0.12029921098473204,0.21026490066225165,24.266666679411767,0.27733333347899164,0.27733333347899164,3.805281943468951,23.441772378285137,-457.4627065108911,47.632714801649485,0.13177480480343362,0.23768736616702354,0.19204152249134948,0.19204152249134948,1.8037390874649974,2.273356401384083,0.5353200883002207,0.49213597158802636,-0.10412371134020619,0.0,0.0,0.0,0.3361053361053361,0.9056956115779645,0.8668453976764968,0.10084033613445378,0.0010388770887516286,0.10388770887516285,0.3105567225259681,0.07499999996060924,0.4547268905174754,0.060031512573512864,1.913130251096045,1.913130251096045,1.913130251096045,0.15283613437351043,0.1687499999113708,-0.015913865537860363,0.6761363636363636,0.9565217391304348,3.805281943468951,0.06246248496119167,0.32386363636363635,33.96703860362622,0.007563025206111857,Energy
1996-09-30,EOG,1996,Q3,USD,0.7561692126909518,0.2720329024676851,0.6210340775558166,0.2720329024676851,0.25499412455934195,0.1844888366627497,0.1844888366627497,0.1844888366627497,0.9160387513455328,0.23433088650479955,2.1391752577319587,0.08689436871394292,0.07649094422722574,1.0742115027829313,0.9842300556586271,0.09189353304321425,0.044990723562152134,31.099999999999998,-0.933,-0.933,3.157768795472918,22.950411280846062,-92.12641509433962,38.944765702891324,0.13513999370814794,0.243088116410671,0.19555179814007934,0.19555179814007934,1.7987873888439774,3.32421875,0.4652133580705009,0.5893066980023501,-0.42273180458624127,66.92857142857143,33.07142857142857,0.0,0.3335550382440971,0.7028731604765242,0.68,0.15286624203821655,0.0012288283122043131,0.12288283122043134,0.2710191082802548,0.05,0.4810509554140127,0.015445859872611465,1.9697452229299364,1.9697452229299364,1.9697452229299364,0.15971337579617834,0.22722929936305733,-0.06751592356687898,0.7235023041474654,0.937365010799136,3.157768795472918,0.0769809736416327,0.2764976958525346,39.708230842005676,0.007643312101910828,Energy
1996-12-31,EOG,1996,Q4,USD,0.7679882525697503,0.2790014684287812,0.6196769456681351,0.2790014684287812,0.2442486539402839,0.17180616740088106,0.17180616740088106,0.17180616740088106,0.7367472051929318,0.1707492795389049,2.289855072463768,0.09730424842827205,0.08310283110966482,1.0267800882167613,0.9615626969124134,0.08773988100226263,0.023944549464398234,28.224216524216523,2.3918827562895384,2.3918827562895384,3.132305746581298,19.39637787567303,-28.570151405912036,49.225838509316766,0.18959485844451676,0.36842937317208124,0.2692352125693161,0.2692352125693161,1.9432455932337365,16.677551020408163,0.2536231884057971,0.39402838962310327,-1.7229813664596274,0.0,0.0,0.0,0.17270971894443252,0.36724452554744524,0.359375,0.13675213675213677,0.0012113014424581345,0.12113014424581346,0.32531847133757963,0.05589171974522293,0.7421974522292993,0.012101910828025478,2.0144904458598725,2.0144904458598725,2.0144904458598725,0.12818471337579618,0.3490445859872611,-0.22085987261146497,0.7034068136272545,0.875438596491228,3.132305746581298,0.11762241715202844,0.2965931863727455,34.922432859399684,0.007643312101910828,Energy
1997-03-31,EOG,1997,Q1,USD,0.6867736579966796,0.2280022136137244,0.5157719977863863,0.2280022136137244,0.20641947980077477,0.12783619258439402,0.12783619258439402,0.12783619258439402,0.8059768064228368,0.2472695500218436,2.00709219858156,0.08346420323325635,0.07314604922279792,1.0300864986837157,0.9240315908236179,0.06153720091773189,0.013538924407672057,34.6,-1.0511630434782606,-1.0511630434782606,2.5576320000000003,17.692529053680136,-3552.2666666666673,23.62926829268293,0.20972312176165803,0.41448,0.29302641253322775,0.29302641253322775,1.97632,21.903030303030302,0.5088379089883415,0.7487548422800221,-0.0066518847006651885,0.0,0.0,0.0,0.2611464968152866,0.9933920704845814,0.9595744680851064,0.2077922077922078,0.0015013887846257788,0.15013887846257787,0.29334415584415585,0.0375,0.8410714285714286,0.005844155844155844,2.029220779220779,2.029220779220779,2.029220779220779,0.21964285714285714,0.2211038961038961,-0.001461038961038961,0.6193029490616622,0.9053398058252428,2.5576320000000003,0.16205615194054498,0.3806970509383378,39.823390557939916,0.007792207792207792,Energy
1997-06-30,EOG,1997,Q2,USD,0.6484284051222352,0.16647264260768335,0.5058207217694994,0.16647264260768335,0.14027939464493597,0.14318975552968569,0.14318975552968569,0.14318975552968569,0.8295509415741188,0.3142559833506764,2.047457627118644,0.07679241909529769,0.06774715091289088,1.2328767123287672,1.0981735159817352,0.06472011866656258,0.07534246575342465,28.3125,4.246875000000001,4.246875000000001,2.2198804780876498,16.2162398137369,-52.17134831460674,25.91581395348837,0.24985212350644742,0.5048605577689244,0.33548660383352746,0.33548660383352746,2.020637450199203,5.823728813559322,0.4908675799086758,0.6257275902211874,-0.4967441860465116,0.0,0.0,0.0,0.16966540404040403,0.6681168427594779,0.6491545893719807,0.1910569105691057,0.001687036737917048,0.1687036737917048,0.27934959349593497,0.04,1.0302439024390244,0.026829268292682926,2.040650406504065,2.040650406504065,2.040650406504065,0.17479674796747968,0.2616260162601626,-0.08682926829268292,1.020746887966805,0.8426573426573427,2.2198804780876498,0.2274269100306897,-0.02074688796680498,39.160529344073645,0.007642276422764228,Energy
1997-09-30,EOG,1997,Q3,USD,0.7711030554117038,0.2527187985499741,0.7379596064215432,0.2527187985499741,0.21232522009321594,0.16157431382703263,0.16157431382703263,0.16157431382703263,0.8643688451208594,0.22459349593495934,1.3769470404984423,0.08373081259214292,0.07393368558082548,1.1882504288164666,1.0506003430531732,0.09346004190362167,0.026157804459691254,27.799999999999997,1.1119999999999999,1.1119999999999999,2.7202759918456954,17.967063697566026,-76.08421052631577,32.823462630085146,0.25982081323225364,0.5320683707072291,0.3472876151484135,0.3472876151484135,2.047828132350635,4.069546891464699,0.4532590051457976,0.5473847747281202,-0.4314096499526963,0.0,0.0,0.0,0.15576186265841438,0.6986120290812955,0.6775641025641026,0.15064102564102563,0.0013546854823833243,0.13546854823833243,0.3094551282051282,0.05,1.0875,0.009775641025641026,2.0439102564102565,2.0439102564102565,2.0439102564102565,0.16939102564102565,0.24246794871794872,-0.07307692307692308,0.7609756097560976,0.8401639344262295,2.7202759918456954,0.19559352517985615,0.23902439024390243,29.066245614035083,0.007532051282051282,Energy
1997-12-31,EOG,1997,Q4,USD,0.7533613445378151,0.31134453781512605,0.623109243697479,0.31134453781512605,0.25672268907563023,0.1815126050420168,0.1815126050420168,0.1815126050420168,1.0254200775527789,0.24904539669070852,1.834375,0.09969839142091153,0.08739076154806492,0.9690721649484536,0.8591065292096219,0.08139212423738214,0.031958762886597936,18.751329548032405,0.48831587364667733,0.48831587364667733,2.5294533535519124,13.614410697058824,704.3977708478261,17.764417466557017,0.27219651905706105,0.578688524590164,0.36656282450674976,0.36656282450674976,2.1259953161592504,13.638968481375358,0.6268041237113402,0.7663865546218488,0.025219298245614034,0.0,0.0,0.0,0.24605422905706192,1.0258717660292462,0.9994520547945206,0.1087962962962963,0.0014505144290916747,0.14505144290916747,0.38929338316090173,0.07066165610315528,1.212534390492338,0.015211884299984817,2.0953143858366183,2.0953143858366183,2.0953143858366183,0.2983492146577667,0.2908250568319678,0.0075241578257989414,0.707037643207856,0.8245614035087719,2.5294533535519124,0.22878007367779962,0.29296235679214405,26.785096061362104,0.007687726474185875,Energy
1998-03-31,EOG,1998,Q1,USD,0.6536536536536537,0.19119119119119118,0.497997997997998,0.19119119119119118,0.14114114114114115,0.13513513513513514,0.13513513513513514,0.13513513513513514,0.844106463878327,0.3367396593673966,2.011627906976744,0.08318760929303022,0.07295165766028917,1.1550040683482505,1.0150528885272578,0.06134500486313742,0.020748576078112285,33.70588237166667,-0.873575677947316,-0.873575677947316,2.8014739850238572,18.219395876576577,-650.0420171678572,32.53114652493298,0.2918066306411567,0.6150531014314299,0.38082531211283716,0.38082531211283716,2.1077420347852853,13.731958762886597,0.4552481692432872,0.56006006006006,-0.050044682752457555,0.0,0.0,0.0,0.140015015015015,0.9523404255319149,0.9164619164619164,0.17037037037037037,0.0012636545788338755,0.12636545788338754,0.31449999982527777,0.04249999997638889,1.257999999301111,0.0080277777733179,2.0453518507155453,2.0453518507155453,2.0453518507155453,0.17613888879103395,0.18495370360095165,-0.008814814809917696,0.9574468085106383,0.7382198952879581,2.8014739850238572,0.21954624769652897,0.0425531914893617,44.566183880804026,0.007240740736718107,Energy
1998-06-30,EOG,1998,Q2,USD,0.6721222040370977,0.1783960720130933,0.6350245499181669,0.1773049645390071,0.12111292962356793,0.07255864702673213,0.07255864702673213,0.07255864702673213,0.9729299363057324,0.29620502710694924,1.7270114942528736,0.07451825351654606,0.06634093376764387,1.024665551839465,0.879180602006689,0.05159923455440131,0.056856187290969896,56.22222221165413,-1.1947222219976499,-1.1947222219976499,2.3011403459455297,16.317633506055646,-42.00873906825842,36.475880751951216,0.3079623597538907,0.654639175257732,0.3956386292834891,0.3956386292834891,2.125711647945838,8.331818181818182,0.342809364548495,0.447354064375341,-0.8682926829268293,0.0,0.0,0.0,0.09636855094605712,0.5352480417754569,0.51931602279924,0.3533834586466165,0.0015713691345935665,0.15713691345935665,0.31009398502069435,0.022500000004229324,1.4394924814735888,0.0230075188013172,2.1989097748494193,2.1989097748494193,2.1989097748494193,0.13872180453735372,0.2591729323795438,-0.12045112784219006,0.5990990990990991,0.683076923076923,2.3011403459455297,0.28448468013312034,0.4009009009009009,32.88936616546392,0.007951127821043446,Energy
1998-09-30,EOG,1998,Q3,USD,0.6393099843178254,0.09984317825405123,0.5410350235232619,0.1003659174072138,0.020386826973340304,0.030841610036591742,0.030841610036591742,0.030841610036591742,1.044784270890224,0.32273152478952294,1.9658119658119657,0.07177428432071437,0.06459564409927401,0.8763500931098697,0.7456238361266294,0.0471020940855431,0.03426443202979516,109.5,-1.9709999999999999,-1.9709999999999999,2.0255525944505406,13.508625196027182,-14.01409978308026,20.65707434052758,0.36278912713152117,0.8421382661859226,0.45715258275891413,0.45715258275891413,2.3212886032293465,-14.014652014652015,0.4659217877094972,0.6539466806063774,-1.4740207833733014,7.757352941176471,1.411764705882353,0.0,0.11643708116157855,0.40420032310177706,0.3982808022922636,0.7796610169491526,0.0017800479839021749,0.1780047983902175,0.3242372881355932,0.01,1.8440677966101695,0.015593220338983051,2.162372881355932,2.162372881355932,2.162372881355932,0.21203389830508473,0.5245762711864407,-0.31254237288135595,1.5128205128205128,0.203125,2.0255525944505406,0.4157572943270645,-0.5128205128205128,35.25990338164251,0.007796610169491526,Energy
1998-12-31,EOG,1998,Q4,USD,0.8896303901437371,0.12063655030800821,0.7268993839835729,0.12063655030800821,0.030800821355236138,0.0513347022587269,0.0513347022587269,0.0513347022587269,1.006198347107438,0.10421715947649055,0.5429292929292929,0.07278433716933194,0.06454391835923264,0.9383092155369384,0.7875095201827875,0.07371389112671194,0.02399086062452399,63.57249999999999,0.9213405797101452,0.9213405797101452,1.9861751152073732,13.053901437371664,-99.33203125,30.05791962174941,0.37864881879328055,0.892603296102476,0.4716272543436094,0.4716272543436094,2.3573381238772164,-7.886639676113361,0.32216298552932215,0.4342915811088296,-0.30260047281323876,0.0,0.0,0.0,0.07402870143507176,0.7676950998185118,0.7106257874842503,0.885,0.003480278422273782,0.3480278422273782,0.33016949152542374,0.01694915254237288,1.936949152542373,0.010677966101694915,2.17,2.17,2.17,0.14338983050847456,0.18677966101694915,-0.04338983050847458,1.6666666666666667,0.2553191489361702,1.9861751152073732,0.4494081560423139,-0.6666666666666666,25.98446327683616,0.015,Energy
1999-03-31,EOG,1999,Q1,USD,0.690566037735849,-0.060037735849056605,0.455685534591195,-0.059748427672955975,0.01949685534591195,0.03207547169811321,0.03207547169811321,0.03207547169811321,0.9419431279620853,0.2792281498297389,1.28125,0.05929959348077425,0.053173700755802286,1.0275270758122743,0.8542418772563177,0.05107006742890648,0.05911552346570397,138.66666666666669,-2.4930496453900712,-2.4930496453900712,2.201914843932436,17.79119496855346,-126.28571428571429,40.93777134587554,0.39144538826834324,0.9111076515918113,0.476743238840013,0.476743238840013,2.327547287304429,-31.485148514851485,0.3118231046931408,0.4345911949685535,-0.32416787264833574,0.0,0.0,0.0,0.05903460059803503,0.7551912568306011,0.7190426638917794,0.9019607843137255,0.0016261312217194569,0.16261312217194568,0.2338235294117647,0.0075,1.7213235294117648,0.01926470588235294,1.8892647058823528,1.8892647058823528,1.8892647058823528,0.10161764705882353,0.13455882352941176,-0.03294117647058824,1.6451612903225807,-0.3263157894736842,2.201914843932436,0.41377969457013575,-0.6451612903225806,55.016976288403676,0.006764705882352941,Energy
1999-06-30,EOG,1999,Q2,USD,0.7649572649572649,0.08333333333333333,0.5576923076923077,0.08333333333333333,0.172008547008547,0.11004273504273504,0.11004273504273504,0.11004273504273504,1.086477074869414,0.2738021157436217,1.25,0.07019649017549122,0.06320054017555705,1.1293233082706766,0.9528822055137844,0.0662227602905569,0.05714285714285714,38.92307693252427,0.11676923079757279,0.11676923079757279,2.448291251328244,17.13280736773504,-1457.8461542,37.29373882837209,0.3848413234301148,0.8701526717557252,0.4652842973182579,0.4652842973182579,2.261068702290076,11.736677115987462,0.43107769423558895,0.4594017094017094,-0.02558139534883721,0.0,0.0,0.0,0.07544521449249934,0.9750566893424036,0.9267241379310345,0.22330097087378642,0.0014342453659360835,0.14342453659360835,0.2953398057535583,0.03249999999211165,1.7983859218935956,0.017985436888838486,2.066747572313896,2.066747572313896,2.066747572313896,0.13567961161755349,0.1391504854031188,-0.0034708737855653217,0.639751552795031,2.0641025641025643,2.448291251328244,0.35541223752837864,0.36024844720496896,41.530282942911874,0.007257281551636582,Energy
1999-09-30,EOG,1999,Q3,USD,0.8108465608465608,-0.23500881834215168,0.6384479717813051,-0.23500881834215168,2.1353615520282188,2.261463844797178,2.261463844797178,2.261463844797178,1.6775147928994083,0.2803921568627451,2.0926829268292684,0.09757776534870714,0.08732144919724329,0.9542668552569543,0.8576143328618576,0.4320612542537676,0.08863743517208864,1.4159999991372587,0.0005071074377075583,0.0005071074377075583,3.0525014166544078,12.808931209126984,354.2762924670732,23.541860601539707,0.4486197204789589,1.2243353998108648,0.550427511927819,0.550427511927819,2.7291163181674896,28.17391304347826,0.5818010372465818,0.5440917107583775,0.06645056726094004,0.0,0.0,0.0,0.10590456573978715,1.0711805555555556,1.0300500834724542,0.008968609865470852,0.0015834410082865911,0.1583441008286591,0.4145544943060017,0.9375000005712005,2.1298011321223687,0.03436342369026822,1.739556932235546,1.739556932235546,1.739556932235546,0.2255556640095265,0.21056736218717548,0.014988301822351032,1.059054305182738,-9.086303939962477,3.0525014166544078,0.4010924919251165,-0.05905430518273797,27.979734794406077,0.008408071754001798,Energy
1999-12-31,EOG,1999,Q4,USD,0.6070021881838075,0.11947483588621444,0.5177242888402626,0.11947483588621444,0.044201312910284465,0.13347921225382933,0.13347921225382933,0.13129102844638948,1.5418353576248314,0.5196759259259259,4.776595744680851,0.09786286350593174,0.08752106633981921,0.9172003659652334,0.8311985361390668,0.08202808533621388,0.11344922232387923,19.686391244836063,-0.20926391236170871,-0.20926391236170871,2.1261860232560195,10.510895981925602,43.1192052400359,14.680560708251834,0.37930902405392986,0.8766820113314447,0.46714467663569037,0.46714467663569037,2.3112606232294617,-16.43884892086331,0.7483989021043,0.7159737417943107,0.3404645476772616,0.0,0.0,0.0,0.16520246389982834,1.516218721037998,1.4672645739910315,0.1180327868852459,0.0014989134552048369,0.1498913455204837,0.4176618251716111,0.05574917141240323,1.810111621301735,0.04533047380418361,2.0647299681131375,2.0647299681131375,2.0647299681131375,0.2990348997727596,0.19722411788191174,0.10181078189084787,3.01980198019802,0.36996336996337,2.1261860232560195,0.4123261096359305,-2.01980198019802,28.46356493550296,0.006580230068349234,Energy
2000-03-31,EOG,2000,Q1,USD,0.7897328573187246,0.31853002029283634,0.6526549463292205,0.3160321349572897,0.26074507670374447,0.16476512332564244,0.15422555626595927,0.15422555626595927,1.3986580685295964,0.2824857551377537,3.1230388109000824,0.10973147679699984,0.09625566447573378,1.0058418004793925,0.9339159578304308,0.08326738357928712,0.14151835903527565,16.080005664847047,0.3342001177358136,0.3342001177358136,2.2029642930215823,9.919791273683249,25.925608718214843,14.286716654369918,0.3596672126479071,0.829811552382229,0.45349563527561,0.45349563527561,2.3071648546251153,-30.115768701787957,0.7417559340729271,0.6943366704657822,0.5510658133296729,0.0,0.0,0.0,0.18582132381073843,2.2274979934516455,2.0612687596524526,0.16299309918632196,0.0025340957985892656,0.25340957985892654,0.5342854354265152,0.08240046848345456,1.9964015038997853,0.07077749582014309,2.40584925356667,2.40584925356667,2.40584925356667,0.3709739703124072,0.16654289763806257,0.2044310726743446,0.5914802235794027,0.825058745177869,2.2029642930215823,0.37667952903769536,0.3680988135670662,20.721366377238404,0.013430707732523106,Energy
2000-06-30,EOG,2000,Q2,USD,0.8416629236229289,0.440419178723485,0.7269802810129625,0.440419178723485,0.3935478360989682,0.2451967786627528,0.2361502109811414,0.2361502109811414,1.4013510758074097,0.2996707375478927,2.8828035014973508,0.1379380456413485,0.11922040739980934,1.2869200968523002,1.2028329297820823,0.11071289657521317,0.05672639225181598,13.045982024458526,0.13887658284101012,0.13887658284101012,3.349420773671609,12.323245630128236,75.45798024404417,25.5050443207856,0.35808509418707085,0.8163572352781874,0.44944750923579013,0.44944750923579013,2.279785583176791,10.429254775178967,0.7397094430992736,0.4831689557224285,0.33800327332242225,0.0,0.0,0.0,0.16086567321362752,1.5105814873417722,1.4234858862888722,0.08287233615066236,0.0015880816023526214,0.15880816023526215,0.6800156591468346,0.1605858413780049,2.0424646808803537,0.02519659972811591,2.5019251286287063,2.5019251286287063,2.5019251286287063,0.328562455904875,0.2175072703181732,0.11105518558670177,0.6000546549105026,0.8935756095809243,3.349420773671609,0.24373086884013764,0.37695813273105766,21.031860731239313,0.01330812382771497,Energy
2000-09-30,EOG,2000,Q3,USD,0.8559893729966422,0.517362857302509,0.7511772504914735,0.5172739602858928,0.4798991145857145,0.29584165155417386,0.2888441863891048,0.2888441863891048,1.4733867979956365,0.26155932703796136,3.413135083072478,0.16113531488207908,0.13706351938890712,1.1428359424611392,1.0855041552776168,0.12669740648910305,0.05765965377288164,9.988229418054555,0.17756852298763653,0.17756852298763653,3.639700673479001,11.540167998902758,109.47727105970797,15.958433857328512,0.3290406625882117,0.7571487850910501,0.43089622888810575,0.43089622888810575,2.3010796876451947,7.824516077745538,0.9825989121731687,0.7231391314507485,0.1457693793684802,0.0,0.0,0.0,0.30122719053881486,1.1706440577612578,1.1390495851236628,0.05932009637537152,0.0014847500465934812,0.1484750046593481,0.842275433158701,0.24328636220625582,2.022003140178683,0.035741415499023196,2.670549276435185,2.670549276435185,2.670549276435185,0.609082325176686,0.5202967726513696,0.08878555252531638,0.6018852246444695,0.9277465162183661,3.639700673479001,0.20802501442167518,0.3835336582990637,18.502127491622964,0.014431770452888638,Energy
2000-12-31,EOG,2000,Q4,USD,0.8753897387589391,0.5188808882537239,0.7145586498786005,0.5188808882537239,0.48244777737553474,0.30600439350489106,0.3007750233606332,0.3007750233606332,1.5400739683401492,0.2667445672460522,3.9550021055164533,0.2089487276668936,0.17581790280307183,1.0669474515659574,1.0219812918269413,0.1616943125767799,0.05451230530353443,10.033499319419239,0.25083748298548103,0.25083748298548103,4.611969339392074,12.071303968748875,36.33284134862228,17.934830234267416,0.2862555672375671,0.6220468164454985,0.3834949830909517,0.3834949830909517,2.1730470517949927,15.954911092294665,0.9605846168828007,0.6730648582156457,0.49362586488016286,17.626373626373628,16.996336996336996,0.0,0.41339580908032597,1.9748244048115584,1.9027836570663095,0.04290179471667675,0.001068963911564804,0.1068963911564804,1.131609313738107,0.3403598177746892,1.8769614529980525,0.04322274556233324,2.9618583721548744,2.9618583721548744,2.9618583721548744,0.761646462306643,0.38567806861760995,0.375968393689033,0.6234354006081607,0.9297852133255406,4.611969339392074,0.13487661575119958,0.3657253533853491,19.118437343335128,0.014602047031975223,Energy
2001-03-31,EOG,2001,Q1,USD,0.842132228720492,0.5927538245935977,0.7500757635373954,0.5927538245935977,0.5694337240666854,0.3603950084804932,0.3558391502428619,0.3558391502428619,2.08263186157934,0.3905808568280296,4.643078741320727,0.23243567625501987,0.19827273693016587,0.8838507588387539,0.8338434942782351,0.20708497127714348,0.07596760252264942,5.645987032174887,0.17964504193283717,0.17964504193283717,3.1323876539052415,8.036252911245318,15.494622228535272,10.015872389176286,0.21408069634960894,0.4208588020158275,0.29620029901545375,0.29620029901545375,1.965888607390062,-53.28572065842887,1.1800773737259316,0.8023517671740452,0.6464095891754503,0.0,0.0,0.0,0.7431052101893247,2.8281309939035544,2.7205411481515123,0.031530259827032926,0.0013961358592993074,0.13961358592993076,1.2829362283475392,0.4565189373109706,1.385222625103107,0.06626555196590597,3.2914189235633766,3.2914189235633766,3.2914189235633766,1.0293661499862523,0.36397399986252404,0.6653921501237283,0.624900028227324,0.9606580344835378,3.1323876539052415,0.13435718963172716,0.3670992896123447,12.084552295277744,0.01439416070937586,Energy
2001-06-30,EOG,2001,Q2,USD,0.8063890414721231,0.502607027602307,0.7117485752540511,0.502607027602307,0.4824932195825323,0.2922510127712167,0.28633531310079646,0.28633531310079646,1.908452838224093,0.3974277660324172,4.417939678809244,0.16980976706394174,0.14515368977871326,0.9713551796078986,0.9197687399916145,0.1487731415115309,0.17249531468637444,7.719109602385983,-0.20887002453515008,-0.20887002453515008,2.4842469428778493,8.841014659434222,45.22773594432614,12.062406721606628,0.19958819218487062,0.3863664591404968,0.27868999325043664,0.27868999325043664,1.935818221063002,-15.931358640846394,0.8627670376189008,0.7329395255424334,0.266703748700909,0.0,0.0,0.0,0.5330419367624707,1.3637053213192112,1.3250616785886078,0.0547412436491165,0.0017729131489529544,0.17729131489529545,1.0055406921550012,0.28792180892379393,1.382631397255545,0.14735047898506948,3.5785492362129974,3.5785492362129974,3.5785492362129974,0.7370005178216967,0.5404397169241392,0.19656080089755762,0.5934494029751184,0.959981045001046,2.4842469428778493,0.15552659136732788,0.39428990727769997,14.147536545586643,0.015761197894191767,Energy
2001-09-30,EOG,2001,Q3,USD,0.7536168867104119,0.3499627299730075,0.6417729238900873,0.3499627299730075,0.3246360525394441,0.2031865873078617,0.1953965869690433,0.1953965869690433,1.7170310757744704,0.33864351659610137,4.0444011865035225,0.11960280085842562,0.10458775523703609,0.8789379290872109,0.8225297910054432,0.10169005087007152,0.029657671412660982,11.802576729668806,-0.24448194654313954,-0.24448194654313954,1.9338037395900538,9.224732841670148,-32.201599463822824,14.043163894261765,0.20701330808696766,0.414931133063824,0.29325182220377893,0.29325182220377893,2.00436936590332,-12.287612538380142,0.6082384744495396,0.6568842257434241,-0.4361014399312272,0.0,0.0,0.0,0.33187260884822445,0.6963296409255663,0.6814407353057477,0.10548523206751055,0.0022343686993863457,0.2234368699386346,0.7653338173771739,0.14954361580748884,1.514845451716627,0.024513363067454965,3.650835839988936,3.650835839988936,3.650835839988936,0.502735712063064,0.721979479998617,-0.21924376793555303,0.6018942919018586,0.9276303581369456,1.9338037395900538,0.21456734443578285,0.37410960452960157,17.408072574329733,0.0157746430176676,Energy
2001-12-31,EOG,2001,Q4,USD,0.4876123564743444,-0.07769971442290682,0.07913602399184547,-0.1586174362084797,-0.2042550144473367,-0.10444624158642708,-0.10444624158642708,-0.11605886763206888,1.2198598322920091,0.5540510382080607,6.446293254199565,0.07769011521936182,0.06954040428301451,0.8763829150675413,0.8156745923235547,0.04110970227362284,0.008081146030040502,-45.40125499052304,0.3339964810484775,0.3339964810484775,2.7414001702090354,18.967961788268592,-59.25653560713722,31.275894572351284,0.25071996728806073,0.5210788915227864,0.3425719036841821,0.3425719036841821,2.0783302469248537,-5.603880470188359,0.4632021541144036,0.6064722383684197,-0.5278049796853839,0.0,0.0,0.0,0.16821286752207149,0.6545338006464194,0.6335834195067215,-0.29334193652457957,0.0016152743827555598,0.161527438275556,0.5156062685685494,-0.05385313689038692,1.8589593793978143,0.005455461542470941,3.5675200236287505,3.5675200236287505,3.5675200236287505,0.31270088781555677,0.4777459735566482,-0.16504508574109145,0.5113521539191224,1.2877210685644485,2.7414001702090354,0.19007764615519573,0.48864784608087763,285.1137257824143,0.015797383463349374,Energy
2002-03-31,EOG,2002,Q1,USD,0.5925212999254703,-0.1110223428041372,0.3954574457247336,-0.1110223428041372,-0.19227572746819085,-0.12997646150464068,-0.12997646150464068,-0.14476442738186518,1.0053094578423658,0.45518034475736413,4.152333078352092,0.05967924123785235,0.05360016301084947,1.017497324568109,0.9475462467512613,0.037865972393360904,0.020650512154104878,-49.30777401922363,18.983492997401008,18.983492997401008,2.9419960691988374,25.635399966756566,-93.74664705882353,39.36858963802246,0.28040107796384733,0.6003652666828296,0.37514264973223377,0.37514264973223377,2.1410947170475425,-11.020030725596786,0.46416450084085004,0.6511637882500549,-0.41994664207371296,0.0,0.0,0.0,0.12447343444758534,0.7042518150819976,0.675717481054494,-0.3004001485087249,0.0015230871525026045,0.15230871525026043,0.4037385807680651,-0.05247651210113868,2.112096809109408,0.011696324197947786,3.5180196562324113,3.5180196562324113,3.5180196562324113,0.2628999437156341,0.37330389228038274,-0.11040394856474867,0.6759899609592861,1.7318651598570463,2.9419960691988374,0.20406732455163365,0.3240100390407139,77.98001464327359,0.015763952028401956,Energy
2002-06-20,EOG,2002,Q2,USD,0.7145950299996902,0.23972213712078705,0.5769165895016575,0.23972213712078705,0.19123726777348254,0.1311793681992957,0.12168549033917034,0.12168549033917034,1.421650957708156,0.49375003721988314,4.8605346465001755,0.09001458809997744,0.08092911796808445,1.180778149520395,1.107797753001275,0.07001575152197309,0.03938665320406958,31.889063083451205,-0.1287827547600914,-0.1287827547600914,2.6749919289534336,15.521745111065979,-169.0706231721035,29.539483383230593,0.2885679677780075,0.6145047474127268,0.380615014231133,0.380615014231133,2.1294974357149004,12.406175264776222,0.6530799969195752,0.5254575684244225,-0.17471683033403868,10.587293752644197,4.910449866027359,0.0,0.1473649964328571,0.8512689817474082,0.817991340321094,0.20636492220650637,0.0016178346292776411,0.16178346292776413,0.6275067610185161,0.07635846790568271,2.268127305874526,0.01988560270267935,3.641132481401799,3.641132481401799,3.641132481401799,0.32972817681467465,0.38733723873955606,-0.05760906192488141,0.6363063630636306,0.7977455485353245,2.6749919289534336,0.22972209402259627,0.3140491404914049,33.030326022100766,0.015757709289164226,Energy
2002-09-30,EOG,2002,Q3,USD,0.7161279026973334,0.22046028677702784,0.5785135188248788,0.22046028677702784,0.1531645162558197,0.10321614755474882,0.09336153700481296,0.09336153700481296,1.4222286591253266,0.4492134933110179,4.388609622714467,0.08525428024501364,0.07578452714179992,1.165922569219665,1.0985705888043098,0.06232345625661654,0.028952831662834563,39.7808102108768,-1.541506395671476,-1.541506395671476,2.4958781490888375,14.855990338336865,-12485.67915915916,22.005563459299246,0.29539147084572065,0.6548459965218728,0.39571416186050967,0.39571416186050967,2.2168751001747466,6.444807774234033,0.7029488581824676,0.6751015653752291,-0.0017624642743728168,0.0,0.0,0.0,0.17320152392406782,0.9982406365408696,0.9611647522052764,0.27942133261892915,0.0017560057923514225,0.17560057923514225,0.6051430968422692,0.05649708962904663,2.3587151123065877,0.016826528052862368,3.601938661661809,3.601938661661809,3.601938661661809,0.4085330519542298,0.4092530768631996,-0.0007200249089698238,0.6095506928568096,0.6947487844408428,2.4958781490888375,0.2623709802343257,0.3261092707507115,32.36910566494552,0.01578649207323929,Energy
2002-12-31,EOG,2002,Q4,USD,0.6555427740040987,0.20906313856417505,0.5207844783993423,0.20906313856417505,0.1688870094422479,0.13135459145200068,0.12319871303905536,0.12319871303905536,1.0903741298088239,0.5768406039686824,6.153951817413356,0.10180825326022686,0.08866294389678464,1.4285890045630376,1.3600963991445663,0.06867400288847975,0.03563583992820724,27.470692014113922,0.41027656904196125,0.41027656904196125,2.7372875427156864,13.537415609724363,141.0906120939407,22.272298687840266,0.30024389054448264,0.6847257974342186,0.4064315976386384,0.4064315976386384,2.2805652970739567,4.148247647787632,0.7437606522140322,0.6078140294120257,0.15785811938366928,0.0,0.0,0.0,0.17948935144594685,1.1874483659073447,1.1395598973204633,0.1745997455653969,0.0015889638444099882,0.15889638444099882,0.7372160453455417,0.09082406801831262,2.4964726400697623,0.02146936995857859,3.6459450621321126,3.6459450621321126,3.6459450621321126,0.44809025506867234,0.37735557008938303,0.0707346849792893,0.7294741818563849,0.8078277720412465,2.7372875427156864,0.2501475591252267,0.22223389539668365,32.440761119533924,0.015857859167211684,Energy
2003-03-31,EOG,2003,Q1,USD,0.8440559199617553,0.5126965532389562,0.7356894598796669,0.4869502861892682,0.45429154697250945,0.294062164874305,0.2727670130798617,0.2727670130798617,1.2537744610998316,0.3250956203199914,3.9611092878240894,0.13336492428223928,0.11407942947756565,1.4947991185969995,1.4396148389628423,0.1024245640994384,0.02062543390986749,8.934316199167897,0.0466138236478325,0.0466138236478325,2.483187774554678,9.7479469742322,30.931076536225053,15.79669362999979,0.2565208793179476,0.5728115715608529,0.36419592907267123,0.36419592907267123,2.2330017466175742,3.289226987955221,0.8649883787618099,0.6170878034704487,0.5107062346019361,0.0,0.0,0.0,0.2744299986209644,2.0437619906855997,1.9433992974080052,0.057165639037792,0.001599608681946923,0.1599608681946923,1.0145726096113679,0.27674194027633336,2.281384638240975,0.014928731855243954,3.9827837835475894,3.9827837835475894,3.9827837835475894,0.62608038312636,0.3063372281017592,0.3197431550246008,0.6004228229594764,0.932932087436817,2.483187774554678,0.23067589870990643,0.3527016585846807,16.286558052675637,0.01582012986445507,Energy
2003-06-30,EOG,2003,Q2,USD,0.7535750104766523,0.41640102270961543,0.667339212814947,0.41640102270961543,0.3902046831813238,0.2561270759074664,0.24963390574308894,0.24963390574308894,1.398118523785072,0.4623069856188827,5.51707779886148,0.11815602122699179,0.1001697740818486,1.7107607080960634,1.6520456796236693,0.09414058746879064,0.467216513988611,11.283616609923326,-0.6318825301557062,-0.6318825301557062,2.4148416695091948,11.267093140971008,26.321756931420055,13.052619337242604,0.2383822433148655,0.5100514480745826,0.3377709075574429,0.3377709075574429,2.139636916667844,2.1583960689359043,1.1347177519187919,0.8632055260221211,0.4958870857766262,0.0,0.0,0.0,0.36272459443898136,1.9836825675068845,1.9089195718272314,0.06827119858911848,0.001512617827893002,0.15126178278930022,0.9283672256124216,0.23175193649350423,2.209311779825497,0.3299623192460352,4.331546921718452,4.331546921718452,4.331546921718452,0.8013717193264674,0.4039818328058611,0.3973898865206064,0.63975117804285,0.9370886763009703,2.4148416695091948,0.21121527531792514,0.34360840105948437,19.91708694501773,0.015821982479760802,Energy
2003-09-30,EOG,2003,Q3,USD,0.7521861307796122,0.44672866096023367,0.7019420975763065,0.44672866096023367,0.41505056294023035,0.27134597252777726,0.2649724538278087,0.2649724538278087,1.5745067931915264,0.42518367557323034,5.158553011352703,0.11683374313845293,0.09776817405630558,1.57652403878755,1.5177889288216813,0.09679117136757374,0.5212613864966886,10.435902704494117,1.2001288110168242,1.2001288110168242,2.2787359833406886,11.060906990072285,39.40659273347,13.249817738899345,0.22837953919307954,0.48124137385994503,0.3248905832314724,0.3248905832314724,2.1072000388488736,1.9954762294533892,1.020659569177912,0.8347969163077037,0.33623352895581887,15.453236949846469,12.366427840327534,0.0,0.3573725146464956,1.506553951763916,1.4555740459430164,0.0732419916100505,0.0017545677092818612,0.17545677092818612,0.9438647309276191,0.25009815383541567,2.238897710616319,0.4024067320443917,4.5814873141620716,4.5814873141620716,4.5814873141620716,0.787935366789977,0.5230050778250855,0.26493028896489146,0.638410057682457,0.9290887270319483,2.2787359833406886,0.21118785913690277,0.3462339368833656,18.478015341563786,0.01831768688490263,Energy
2003-12-31,EOG,2003,Q4,USD,0.922916576489966,0.23010436197041598,0.5063640070804847,0.23010436197041598,0.22227436650393095,0.16974482461675852,0.16346169179843856,0.16346169179843856,1.4482404798511352,0.11982477450518629,1.5434723109205364,0.10330938448550536,0.09243032502529472,0.8310560544280501,0.7850515929060541,0.07642318720764767,0.0093238674638367,18.433892295685137,-0.5120525637690316,-0.5120525637690316,2.379562729014955,12.05294088433158,-15.854156046136005,17.29832224398314,0.2334951563640039,0.49873233602338063,0.33276945057893265,0.33276945057893265,2.1359429625421824,7.106076426831144,0.6418400945187915,0.6967693579950474,-1.0910907016207345,14.276336534327074,7.2384262577038845,0.0,0.27581993232762664,0.47821933272666434,0.47200813612891873,0.11729289775894748,0.001590723433194878,0.1590723433194878,0.9574426781601173,0.15650519997208068,2.449103964542472,0.00969105535003839,4.849630505339569,4.849630505339569,4.849630505339569,0.6671167201786836,1.3950015704613667,-0.727884850282683,0.7354050508363398,0.96597198158507,2.379562729014955,0.20958990907957112,0.23632748442112167,28.771780087281236,0.018356948419068892,Energy
2004-03-31,EOG,2004,Q1,USD,0.7836836664369401,0.40722777394900067,0.6523109062715369,0.36921950379048935,0.32741212956581667,0.21720580634045486,0.21126593728463128,0.21126593728463128,1.5295520578720938,0.3388012426760036,4.227628588265006,0.10707728950002848,0.09370636398843767,1.0219461932887648,0.9737578697994418,0.08027744690653064,0.19414267865256052,13.52201860441409,0.4327045953412509,0.4327045953412509,2.2913578288074965,11.426967737767058,31.8145111889286,13.35497085237913,0.21913428574830582,0.4689247554692024,0.319229935858368,0.319229935858368,2.139896793730407,-13.326253856640596,0.8058187836697605,0.8556340454858719,0.4197760818348402,15.08781394233651,10.27608943235629,0.0,0.36588685806697596,1.7234725572194556,1.6624528720337104,0.08625312197359702,0.0015946791025979064,0.15946791025979062,1.0037658513807401,0.21206153340625797,2.3833926386468876,0.20692077876595946,5.005765514140318,5.005765514140318,5.005765514140318,0.8588562361374731,0.4983289304722663,0.36052730566520674,0.6452599589538494,0.8867682400429314,2.2913578288074965,0.20464929116429076,0.33659816871020365,20.786627949590763,0.018290969306797987,Energy
2004-06-30,EOG,2004,Q2,USD,0.7992528240668489,0.4671236809300587,0.6910529631749004,0.4368532294454367,0.4098967093817013,0.2792507432261893,0.2739368927268839,0.2739368927268839,1.4593096816640518,0.3260738260284476,3.4440220804548307,0.11618956624093159,0.10123355606415178,1.0876568971513485,1.0278759208321477,0.09754608753753725,0.1340522147396377,12.221726415293396,0.25665625472116127,0.25665625472116127,2.8050383000979444,13.391927031854202,-758.1469633507853,23.573172531676477,0.21178646396328746,0.43819702808512423,0.30468497676466355,0.30468497676466355,2.0690511559845692,18.811924610366074,0.5826456732745265,0.5681003273470631,-0.031093143771875085,0.0,0.0,0.0,0.27155095402377183,0.9698444859616346,0.9374793335876892,0.07382243509941694,0.001510065611660248,0.1510065611660248,1.1148507578100835,0.30539875244870607,2.3323323710348145,0.14571734199402,5.3225654706670795,5.3225654706670795,5.3225654706670795,0.6333470804550297,0.6530398322851153,-0.019692751830085575,0.6683071282521328,0.9382938748147626,2.8050383000979444,0.15621784132852073,0.3187289948059884,22.217225145049362,0.0225452795820875,Energy
2004-09-30,EOG,2004,Q3,USD,0.8040016797606341,0.480306556315725,0.7082238281044951,0.480306556315725,0.45903483753565116,0.30149953631607496,0.2966737239943308,0.2966737239943308,1.6320929834080589,0.3301326542942444,3.6440677966101696,0.12011468597547391,0.10535529183089545,1.0634043186099904,1.0047899807027847,0.11109447749552097,0.15618540581357213,11.398184981598567,0.7066874688591117,0.7066874688591117,2.835872999568585,13.526167941068397,214.85700658717585,19.674883024861035,0.1959540957604777,0.38995095953207587,0.2805501567216098,0.2805501567216098,1.9900117832123707,14.727551506874025,0.7492048479486221,0.6874840335252227,0.09157198705027182,0.0,0.0,0.0,0.3696277982863142,1.1008026896406808,1.0740687079869549,0.052396904784372936,0.0011492379021081742,0.11492379021081742,1.2169004607745442,0.3610223914284011,2.2633569256713595,0.17440444251390416,5.8042091456507485,5.8042091456507485,5.8042091456507485,0.8365996371719856,0.7599905460306104,0.07660909114137517,0.6462989292643601,0.955712204007286,2.835872999568585,0.13750649609182014,0.3431881163209996,21.522553630944,0.018916455868700548,Energy
2004-12-31,EOG,2004,Q4,USD,0.796359979189944,0.3698770090906324,0.5787383831050169,0.4442033994588806,0.43315638989002264,0.29962278150455546,0.2958288590263618,0.2958288590263618,1.5411799652478437,0.33096629382850384,3.5098034318255613,0.13526160306868254,0.11899640674656312,0.9281861551018342,0.864856913274829,0.12204735309176558,0.03318549075931187,10.260816216560446,0.4617367297452199,0.4617367297452199,2.844564639929599,12.141782216097072,-50.496919961427196,23.318876367593564,0.18583140352096414,0.365863115123663,0.26786221186633213,0.26786221186633213,1.9687905714083949,-113.58864197530865,0.5683276284237366,0.5206847030147047,-0.4617880929253908,0.0,0.0,0.0,0.33341839717451943,0.6840936828256403,0.6716044905848003,0.04784531956480207,0.0011657288892764229,0.11657288892764227,1.46930653856964,0.4346632768650297,2.294550766112204,0.04467213463815145,6.271609985435777,6.271609985435777,6.271609985435777,0.7650454386726968,1.1183343127986305,-0.3532888741259337,0.682960856473737,0.9751307405969536,2.844564639929599,0.1286183164861101,0.3082803613248578,23.625587403814613,0.020796603384691383,Energy
2005-03-31,EOG,2005,Q1,USD,0.8077863158934893,0.48283674050651304,0.7051932991937875,0.4651488906585135,0.4528086654770139,0.29455966379716225,0.29185969460413047,0.29185969460413047,1.5598891097727112,0.3300208082793998,2.7137933156890504,0.130154894606,0.11249842243651656,1.3007869762450093,1.2141804981280662,0.11941103858896546,0.30808280930440823,14.39625186088775,-6.3343508187906155,-6.3343508187906155,3.667398144748199,16.806742686251372,97.94849905571694,24.003164584020805,0.18306226487764973,0.3550805703374067,0.2620365003455063,0.2620365003455063,1.9396710216314978,11.110221346808958,0.8561658318333579,0.7001886200222043,0.24505903424172804,0.0,0.0,0.0,0.4302913831703425,1.3246068836595557,1.293041541434092,0.04421319923323956,0.0007677901105870404,0.07677901105870404,1.450013274727868,0.4232004315340107,2.3595238797604647,0.3653394748264803,6.645037991006899,6.645037991006899,6.645037991006899,1.0152827938455833,0.7664785729035412,0.2488042209420421,0.6445541281694978,0.9734703759821303,3.667398144748199,0.09682084036768424,0.3494831564522806,25.78304374972954,0.018711044995006174,Energy
2005-06-30,EOG,2005,Q2,USD,0.8247508687066604,0.5343885376643654,0.7383572897372704,0.5034786535429455,0.4935121261754966,0.3182145207953832,0.3158443930789209,0.3158443930789209,1.7397105231621417,0.3125642729084572,2.632444240055185,0.1437064496537787,0.12196108161963216,1.432779626040888,1.346485948423538,0.1345648537844652,0.4674505433452607,13.663997285923148,0.6528354258829944,0.6528354258829944,3.980886633080565,17.26278771921768,128.90876842035073,26.873763518585445,0.1737953658697096,0.3286138055234096,0.2473358354077554,0.2473358354077554,1.8908087904355506,3.637597097064583,0.8326542895504422,0.6423658415866844,0.20847118351914148,30.053516715462653,26.873357390889904,0.0,0.4507809080142548,1.2633778823694701,1.2284284762896809,0.045800046850136104,0.000837969407702532,0.08379694077025321,1.6451572284807683,0.5196136863489079,2.375182579789467,0.5932814834712825,7.134089115726206,7.134089115726206,7.134089115726206,1.056792807615466,0.8364819602773534,0.2203108473381126,0.639993176108107,0.9802046674723643,3.980886633080565,0.08254789342471565,0.355204251491434,24.82154881689518,0.023798331178751908,Energy
2005-09-30,EOG,2005,Q3,USD,0.8272182953517864,0.5587873015533285,0.7346906452493192,0.5587873015533285,0.5548084691982942,0.36787718913365686,0.36588991326402304,0.36588991326402304,1.4801447760248367,0.31731572378958955,2.9415890830251246,0.16165713418747069,0.1329876825806338,1.4794699828517779,1.4084884993107087,0.1594520862033235,0.44107012148597236,13.108113388553514,0.3408109481023914,0.3408109481023914,4.654569662633992,19.184505883171294,312.1026758822403,34.55401642614691,0.14840448794736197,0.2707475486536906,0.2130616336348927,0.2130616336348927,1.8243892243321032,2.9548275300520013,0.6709364791570214,0.555203356002761,0.11071361797354315,0.9615565971276406,0.980915435409485,0.0,0.49752678437856024,1.124497147613185,1.097486265741248,0.033211076793485894,0.0006334068795606968,0.06334068795606967,1.9520961461327628,0.7142522895915502,3.290425078548031,0.7124912260177819,8.04585659134969,8.04585659134969,8.04585659134969,1.0838103315729661,0.9638177685674176,0.1199925630055485,0.6594886948873346,0.9928795225947801,4.654569662633992,0.058168116126223426,0.33692939174983316,27.1344746317703,0.023721087639548097,Energy
2005-12-31,EOG,2005,Q4,USD,0.913558496082768,0.6937370102418646,0.841158217857247,0.6288188327023279,0.6232751475469922,0.38623033574489885,0.38468176914778857,0.38468176914778857,1.5744587927004887,0.15270444471913683,1.6415407735505814,0.19721204189986857,0.15483238148302922,1.3337741597776869,1.279838333300627,0.18584980977751708,0.5493075754175835,9.507999575571084,0.2738303877764472,0.2738303877764472,4.069016350144985,14.63021639114843,48.22817813854122,20.29909677836928,0.127050992349084,0.22822065791656357,0.18581405258538425,0.16597968343379804,1.7962918171430478,3.1510293969034753,0.7382113765644717,0.7207323828683052,0.42089702663156164,4.965199233191839,37.77207905929447,6.862692841562562,0.8783301034345887,1.7268086091552106,1.6883575076250001,0.02470999161969437,0.000649715837261441,0.06497158372614409,2.5078234674777726,0.9647139681796911,2.099597232435323,1.3449491109031353,9.01692125142055,9.01692125142055,9.01692125142055,1.8074695835283108,1.0467110100942576,0.7607585734340531,0.6171941407607389,0.991183970856102,4.069016350144985,0.056087427102236076,0.38032129587554464,17.730892856966015,0.023838074069122268,Energy
2006-03-31,EOG,2006,Q1,USD,0.847217611955712,0.6004420323530063,0.7642466455700871,0.5794441125052557,0.5807377532880421,0.3934465983609581,0.39173342332573563,0.39173342332573563,1.7278843718086183,0.24587410263030596,2.1620866932853153,0.16755229288744428,0.1315643200188272,1.559455750450809,1.487665394253062,0.17214166735713693,0.7693749560900213,10.215686043747308,-1.101023940270543,-1.101023940270543,3.659957498482089,16.007302662152295,87.80388328891001,22.065612818026175,0.11315029375050799,0.19664162112932604,0.16432791376899147,0.14565256977316574,1.737879899480537,2.1944619244660726,0.737001007002178,0.7254411102997042,0.25130565974424446,0.8157508092597832,0.9773618006046807,6.3410598428369935,0.8434990597614346,1.335658554141598,1.310230149213962,0.026908383919933904,0.0006585065311498013,0.06585065311498012,2.2489735316318153,0.8809981005151005,3.2675412038918705,1.7031640109821746,9.836179795784636,9.836179795784636,9.836179795784636,1.6314978558216309,1.2214932107930556,0.4100046450285752,0.6745444412866308,1.0022325548829778,3.659957498482089,0.053727842798961506,0.32250556101557404,21.07962569961139,0.023706235121392846,Energy
2006-06-30,EOG,2006,Q2,USD,0.8224533450550982,0.519551990669011,0.7294644256045123,0.49487535469944116,0.5051681667043852,0.36059332729836535,0.35857175809062897,0.35857175809062897,1.5380578481970133,0.23976931271351432,1.6578380575027938,0.13254769926292365,0.1063493755089152,1.4768451673276262,1.385918188813663,0.14954858102772342,0.7012434908643467,12.70898793539245,-0.559195469157268,-0.559195469157268,3.254109711063407,18.22833659018505,-1493.975871232388,28.41180232844073,0.10327479586404181,0.1733582653704183,0.14774538219636668,0.12987376027533626,1.6786115520251357,1.6509188756145448,0.5447166187690355,0.6415762146823808,-0.019017577777212486,0.8948186692367746,0.9541745161303857,4.7524884142655655,0.6606764913161318,0.9813373407957342,0.9554507023311659,0.049399348826765464,0.0009717404146949493,0.09717404146949493,1.901983750874332,0.6819976574108181,2.8334464619039537,1.5709171278035536,10.654219764664981,10.654219764664981,10.654219764664981,1.2202675352733503,1.2434740680344187,-0.02320653276106832,0.7098067172955067,1.020798796923713,3.254109711063407,0.05327363880235209,0.28619150796693477,25.18764400201658,0.03369024017747389,Energy
2006-09-30,EOG,2006,Q3,USD,0.8225093157951269,0.5002561327263263,0.7234128033313779,0.47693152993861077,0.48127752394014756,0.30894564202559677,0.30702671216465205,0.30702671216465205,1.4748120020166848,0.21628189703343118,1.4640286237594242,0.12989336447113672,0.10564607852293983,1.2573798539756371,1.164140788328218,0.1390894560856057,0.47334880632390974,13.235699967706996,-1.5000459963401258,-1.5000459963401258,2.875056589662881,16.25485377713148,-98.26511032303985,26.095692470436862,0.09050906184997386,0.15153118254191958,0.1315910370811025,0.11415519424565208,1.6742100674194906,2.3047322982150042,0.47905586162634795,0.6228941345605671,-0.26556417007673483,0.889048657637048,0.9699431629622473,4.860898650010075,0.7270688846642082,0.7901614344370756,0.7736372557193891,0.05484092331084036,0.0010358523433714026,0.10358523433714027,2.0012483930040386,0.6144367143288234,2.6985440926621775,1.2317153829300858,11.31455990012856,11.31455990012856,11.31455990012856,1.2465658858009765,1.5776091207096825,-0.3310432349087061,0.6379410982068515,1.009112406558854,2.875056589662881,0.0527054608548375,0.35807174310509104,22.80316265563365,0.03369627672987173,Energy
2006-12-31,EOG,2006,Q4,USD,0.7672343259238448,0.41936404004962774,0.666471143957973,0.375721012328654,0.3780201020221051,0.2601756701835733,0.25436253341668963,0.25436253341668963,1.0991201551072844,0.24210437087038186,1.910926041675837,0.11738890769402548,0.0991839109311052,1.0757506701131145,0.9852407785742288,0.12298313026020588,0.17390670368092098,15.92485904537866,-0.8227843840112311,-0.8227843840112311,2.698330144753147,16.202749964344807,-56.58747438355754,25.22476617056619,0.07800781947977911,0.1309794807587803,0.11581066057087565,0.11581066057087565,1.6790557873846517,4.450206513465728,0.4772902569855906,0.6423349915231791,-0.44576589510938974,68.0433568293656,46.59874983375449,0.0,0.8167039793194282,0.6916749131949457,0.6787984348103969,0.06925684221176709,0.0010872441949786862,0.10872441949786861,1.9274505913331763,0.49027121544700325,1.531474385207783,0.45110598525904155,11.57382467105671,11.57382467105671,11.57382467105671,1.2380689592453422,1.789957877070493,-0.5518889178251506,0.672880971292409,1.006119140580405,2.698330144753147,0.04854093966724845,0.3117411778055146,25.14017898257961,0.03395463620918437,Energy
2007-03-31,EOG,2007,Q1,USD,0.7965230322480028,0.39656740318020967,0.6649258763808256,0.37016230535548367,0.36827983560789274,0.23906157674963152,0.23810057264861517,0.23810057264861517,1.1726781319186588,0.20036576239071469,1.5128653203877154,0.10610921683872834,0.09265488222375136,1.0269082951464936,0.9154327629430175,0.11582818202597715,0.1289886814025084,19.97157692627034,-1.9971576926270345,-1.9971576926270345,2.9626595746864686,19.02097561136335,-102.20182478047398,24.794858005955792,0.08344908757166841,0.14028209626827678,0.12302402776240057,0.12302402776240057,1.681050091144479,14.611580062265302,0.6358222596049687,0.7671338794033208,-0.242606803344405,1.4222253972049137,0.9827267982470208,0.0,0.8517612512529846,0.8047597979574531,0.7906204935605314,0.07159858297354146,0.0008962560046943721,0.08962560046943721,1.8752981302752068,0.44650955870540404,2.3953423709543875,0.2918484283025008,12.039857803701553,12.039857803701553,12.039857803701553,1.4386047297158133,1.7876200244683087,-0.3490152947524952,0.646520796490527,0.9949144747578145,2.9626595746864686,0.04735005583053616,0.35086976359965527,29.726609868537327,0.031969451687448254,Energy
2007-06-30,EOG,2007,Q2,USD,0.7841643280695079,0.46417388064434295,0.6883502187975646,0.443558552130898,0.46164403380263824,0.3042683361872146,0.3032873144977169,0.3032873144977169,1.2911724741484536,0.23526050706988008,1.8728374892519346,0.10804791851180574,0.09588813051439987,0.9182033815207521,0.8178177210469801,0.13371608169341928,0.05052428418032476,14.515119942626193,0.3628779985656549,0.3628779985656549,2.8239830410026783,17.609006988045408,-112.94189374535239,24.57130537825909,0.08398135964662232,0.14045760814825187,0.12315899086885947,0.12315899086885947,1.6724855222548303,-30.95368382307834,0.6242451654334968,0.7166492262810756,-0.21755705136005132,49.53170641523387,41.3771491957848,0.0,0.8182548464544568,0.8213167497021737,0.8005446122681662,0.07465129728193215,0.001285750610001946,0.1285750610001946,2.0745065309361213,0.6291715146755911,1.839146147426067,0.12032792412026626,12.93563009040937,12.93563009040937,12.93563009040937,1.4866935003104096,1.8101341545140959,-0.3234406542036863,0.6569722389770515,1.0407736060658865,2.8239830410026783,0.049737412055555846,0.34090270011526846,26.769556783991938,0.04696846978337109,Energy
2007-09-30,EOG,2007,Q3,USD,0.7356256597688223,0.3892272681459634,0.6854285911316461,0.3446531538938959,0.3380117021107298,0.21643387989157248,0.21469712964092663,0.21469712964092663,1.221998078645873,0.25835782750916264,2.2687048198255613,0.09393518530514522,0.08219297894513698,0.9766479594917234,0.8947741908072212,0.09948334479550812,0.22507049665574153,22.04255418400324,-0.6612766255200971,-0.6612766255200971,2.6923578709876406,18.929892453040374,-105.49793103448276,24.635702758677823,0.1119179274461756,0.19366430325684594,0.16224352418719717,0.1516868344020108,1.7304135957126656,-14.950433017162073,0.5398668558007026,0.7683926307469512,-0.23351834976389693,1.2370865736678065,0.9809432646171592,7.35722557444993,0.5643106583702263,0.8106891966312509,0.7904430021249171,0.11307729559313323,0.0012824885747042404,0.12824885747042403,1.935563030317965,0.4155598268483609,3.315613628709659,0.6200438628915009,13.608889217449875,13.608889217449875,13.608889217449875,1.4872723688425618,1.8345777580641187,-0.3473053892215569,0.6351766175556658,0.9807300420491415,2.6923578709876406,0.07193111485799762,0.3596852459839673,29.136802995382787,0.04699038137716337,Energy
2007-12-31,EOG,2007,Q4,USD,0.7757476368156032,0.49348578093690837,0.7334249787251769,0.44191867024066694,0.4344909727588748,0.30706732195672265,0.3043800206244639,0.3043800206244639,1.243364973996871,0.2289496068186158,2.577959774046637,0.11278591929969296,0.09730184871138474,0.8764518339133207,0.8070419286785107,0.1255719713588241,0.03678748041270681,15.175626029930118,0.1991800916428328,0.1991800916428328,3.109194291235569,18.47662945591712,-75.00176123461732,29.07822588996504,0.09802375020338894,0.1695256172520713,0.14495246170869716,0.14495246170869716,1.7294341106142492,-11.021067277556813,0.5070086896355237,0.6354111673055489,-0.38770057411057013,0.0,0.0,0.0,0.6307316455696202,0.720616549892932,0.7051383168012317,0.06358893289464129,0.0010475504069688468,0.1047550406968847,2.4154838471205737,0.7352250232046196,2.4334047953475766,0.11136369236834973,14.354201062894786,14.354201062894786,14.354201062894786,1.534825410906582,2.1298781038745553,-0.5950526929679735,0.7005439461532441,0.9831921618569612,3.109194291235569,0.054523970319237655,0.2932711121546529,26.502975931601423,0.04675217466301964,Energy
2008-03-31,EOG,2008,Q1,USD,0.8403353159534178,0.24337844573874615,0.4325787154073326,0.24237068990213373,0.23561751623518207,0.15339533503902747,0.15311331619151053,0.15311331619151053,1.3742726486132752,0.2074902109698358,2.5445543549941663,0.14094933030500736,0.12129337428600573,0.9798993343451688,0.9227574876023092,0.09335216191282071,0.11881028547443995,30.61331404123686,-0.906154095620611,-0.906154095620611,4.095892356061543,18.74922412986363,-130.2897185098674,31.957828808661674,0.09150184173517144,0.1648002975027818,0.14148373575805015,0.14148373575805015,1.8010598953817116,-14.490731216818956,0.5342729335539429,0.5866864185961828,-0.24528281413273118,1.4395544895017827,0.9958593053154173,0.0,0.7777021097046414,0.803030435055384,0.7878659124075735,0.09184118945753451,0.0007500101862038055,0.07500101862038054,3.2001324206494726,0.48998288717760663,3.1929735566149207,0.4175080471010064,14.648822474840076,14.648822474840076,14.648822474840076,1.877474228904372,2.337986391231716,-0.4605121623273438,0.6498384272868754,0.972137003572179,4.095892356061543,0.04023550503198468,0.34896463773128134,44.785242721875726,0.04500061117222833,Energy
2008-06-30,EOG,2008,Q2,USD,0.8561830219529847,0.1374605301954057,0.306487254402659,0.13032567614656768,0.1374605301954057,0.09553488621438336,0.09553488621438336,0.09553488621438336,1.2706726557593246,0.19445390772121235,2.439452219221431,0.1555920898978373,0.13113395811685352,0.854013431273108,0.8090362529856362,0.07258851680552868,0.04421236462389164,45.37659113610091,-1.7103484351299578,-1.7103484351299578,4.355612495322286,17.340189883935988,-616.6455027261982,28.34730580065273,0.08063400968184575,0.15445375550872717,0.13378946949734236,0.13378946949734236,1.9154914423597302,-9.526448169758563,0.46667702777868664,0.611705041949232,-0.045970181693256354,1.9598497730215434,0.9480952529522799,0.0,0.9948073234524848,0.9560501986597381,0.932945016417891,0.1658642245491173,0.000913820432498059,0.09138204324980591,3.7831188954148685,0.3614198332089431,2.8462618035499885,0.21923978648148748,15.061027598403479,15.061027598403479,15.061027598403479,2.3141529026186847,2.420534932018042,-0.1063820293993575,0.6949986740090167,1.0547463420854535,4.355612495322286,0.035460857841372005,0.26978846543843504,58.3943883744442,0.05994662037187267,Energy
2008-09-30,EOG,2008,Q3,USD,0.9129462718814626,0.7473342183552384,0.8548808419676808,0.7430279676447257,0.7435774308232381,0.48339248319462674,0.48339248319462674,0.48339248319462674,3.0453889331368345,0.20902849147761596,1.9121790804456544,0.24515803316537685,0.20334496956620873,1.3510141401357278,1.271055273092282,0.27521991907730187,0.4833269688175093,3.5518054694352252,0.004582974799271259,0.004582974799271259,2.4787651850456727,6.867664262778202,879.3193994829986,14.38487396434113,0.11981509190139666,0.2126691151081395,0.17537274798094843,0.17254238420179666,1.7749776904829169,22.475207159661284,0.8385149584306195,0.47742262322232043,0.01635909997300049,38.99841124350748,197.78280281107897,41.542297297297296,0.810260938323669,1.0166311709614266,0.9969767650023416,0.019152019071057038,0.0013480481431111717,0.13480481431111718,6.513131435738707,3.148398778094718,3.8621411664744794,1.7923509538548683,18.045275232141773,18.045275232141773,18.045275232141773,3.1095162954421314,3.0586474074973196,0.05086888794481196,0.6500903109168438,1.0007394919201416,2.4787651850456727,0.08579639426564761,0.34990968908315623,8.40081375754189,0.06029819344136271,Energy
2008-12-31,EOG,2008,Q4,USD,0.5390705883035933,0.8035179010637495,1.159715301389241,0.7268203430238971,0.7112549999322699,0.4465077396145577,0.4465077396145577,0.4465077396145577,1.3784818365637521,0.4244993579627324,2.5343246262701493,0.07567482947949748,0.06479213572674603,1.1946466574046584,1.088143005106192,0.1195962823399905,0.1877205487399967,8.914722832587891,-0.12649268884077414,-0.12649268884077414,1.8254573605160662,15.92197096507643,-53.2774080021757,15.921216123255185,0.11892502808248093,0.21043880762287678,0.17385332186775104,0.1710423939608425,1.7695081600226834,2.094312705932894,0.5856159726581889,1.0000474110655493,-0.2988361618982104,24.99897297297297,0.0,27.934135135135136,0.5448408012651555,0.7699200479131485,0.7510376549579271,0.07313769849524998,0.0020510368036315754,0.20510368036315754,2.09082154923024,0.9335680038842022,3.8376727155024177,0.6702494386113977,18.236525662033948,18.236525662033948,18.236525662033948,2.0909206773077624,2.7157633873480203,-0.6248427100402582,0.6277744826497907,0.9785843320966108,1.8254573605160662,0.11528004552425405,0.3722255173502092,15.035491021890868,0.06827901519289514,Energy
2009-03-31,EOG,2009,Q1,USD,0.7266028842808163,0.24447314776521337,0.5806205961100285,0.24297169163769233,0.22860727208992504,0.13703053593954115,0.13703053593954115,0.13703053593954115,2.0560482711363743,0.40888055018245584,1.3050938271503172,0.08269064500629349,0.07246184224199777,1.4102261596497148,1.221160806890377,0.07979401214762821,0.0664023994445557,21.391196458950283,-0.3261280771610453,-0.3261280771610453,1.4897627161186444,11.72498846063189,-48.197514737876965,22.415174922710488,0.13170284819374528,0.2309353798904003,0.1876096695758004,0.1876096695758004,1.7534577502126314,2.6626198163859502,0.47209570348874813,0.523082621530311,-0.46506910251733546,30.82362864606008,15.314105354810623,0.0,0.2877958291767612,0.6825616609358311,0.6577435139134522,0.2110200995526432,0.00246620262636537,0.246620262636537,2.3351835348863466,0.31999145130266826,4.2813569847292845,0.17180865434632708,18.378765761660706,18.378765761660706,18.378765761660706,1.2214939251827688,1.7895730086978963,-0.5680790835151276,0.599414597299594,0.9408802751837164,1.4897627161186444,0.15501487410831985,0.400585402700406,23.197527301927195,0.06752462790988382,Energy
2009-06-30,EOG,2009,Q2,USD,0.6723946302083877,0.0014575414121776134,0.4376654251433443,2.0904976429639077e-05,-0.027357645820921005,-0.01940214090186391,-0.01940214090186391,-0.01940214090186391,1.461022499745478,0.3917503294896348,1.1579014342361276,0.059605297888731985,0.05127444268813117,1.857968090650796,1.6531850506884551,0.04764038798762284,0.5942771641364469,-252.27791571890342,2.2824125821331385,2.2824125821331385,1.8206360371518098,19.57892666882685,-637.0968383658969,25.109840254163444,0.16655995396108988,0.3020674285346479,0.23199061885343053,0.2296264360596037,1.8135657542581571,1.1131020788599042,0.5643642507691532,0.7797312316863696,-0.03941290984674826,6.207584410541813,0.0007254846640602959,18.14537837837838,0.2400353950661423,0.9620815659750086,0.9148535493585332,-2.1564108703459834,0.002136939795345314,0.2136939795345314,1.7345179628294125,-0.03365336191163021,5.684390448295173,1.4241419460369773,18.652822039668504,18.652822039668504,18.652822039668504,1.3524578275391106,1.4057621259674384,-0.05330429842832797,0.7092035999320767,-1308.6666666666667,1.8206360371518098,0.16591313275727534,0.29079640006792323,50.28103033857242,0.07257047544992687,Energy
2009-09-30,EOG,2009,Q3,USD,0.7274685677792797,0.03472616052655363,0.4174349877687717,0.035062854509464676,0.004526001416299763,0.004167457086415143,0.004167457086415143,0.004167457086415143,1.5946445484119267,0.3501028370785083,1.1422303625692045,0.0660118255597177,0.05846535448877155,1.5249448237565468,1.3249449902635055,0.050564460321101186,0.5066065798554886,1241.430678026692,-9.573504313386616,-9.573504313386616,2.189193285380773,20.694436305741974,-195.45394638099884,25.5202012840832,0.16241521469961634,0.2938722848071076,0.22712619186438365,0.22479707177379551,1.8093888885386658,1.2195405264311765,0.6797296926031782,0.8109041176978872,-0.13056887188318322,6.22981292744077,1.1610155556286381,22.066432432432432,0.2919048981051126,0.8845104662525377,0.8508892328054735,8.69232602478551,0.0017504654465689416,0.17504654465689415,2.017450457851604,0.008407638207065141,5.665351553890236,1.219289879175266,19.070951970665437,19.070951970665437,19.070951970665437,1.6359588835233534,1.8495641893922696,-0.21360530586891618,0.9207812157120913,0.1290825142339178,2.189193285380773,0.1342377060854147,0.07921878428790871,54.78227502652905,0.07308193239425331,Energy
2009-12-31,EOG,2009,Q4,USD,0.8296805768992687,0.37114890320763355,0.5977066913818346,0.37147033668737245,0.3556411575694177,0.22740396464913207,0.22740396464913207,0.22740396464913207,2.178136279634747,0.3062986971206335,1.1459023471380048,0.10910449541412305,0.09718496399321208,1.3671192663277743,1.1726106602455484,0.09843626568152082,0.5096398525520973,15.15866531227914,0.001918818393959385,0.001918818393959385,2.4284510407137714,13.788562363206202,-146.48596363153703,29.296379664632713,0.15437117973413828,0.27975477598513787,0.21860029845935636,0.21633413653913353,1.8122215329761566,3.1317603348631726,0.6159242248580516,0.4706575529484991,-0.19999444955916226,12.855070210085994,23.953857985132018,22.399,0.2963042545584555,0.8333371878239657,0.8040138457986267,0.09058080499067246,0.0014938783053231321,0.14938783053231322,3.5282866131003665,0.8023463642374817,5.659140000400745,1.374057747410183,20.033346023603904,20.033346023603904,20.033346023603904,1.6606147434227663,1.992728474963432,-0.33211373154066565,0.6394197066596405,0.9573877708268359,2.4284510407137714,0.1151988536293127,0.36058029334035946,25.075088909137378,0.07267717955397038,Energy
2010-03-31,EOG,2010,Q1,USD,0.7485666009821309,0.16238866033458987,0.4774891241145902,0.16043125630611668,0.143837460321166,0.08609878360799975,0.08609878360799975,0.08609878360799975,1.5041535348392137,0.3038369511745715,1.1008442282322952,0.08150670737563058,0.07405521444947957,1.0353969734944666,0.8257083513897103,0.06590496744366203,0.15410757738231987,49.293284328263354,-0.7041897761180479,-0.7041897761180479,2.2891862078165515,16.97636728282701,-46.115801468927,37.51390533736802,0.1511151182760796,0.2751621090462421,0.21578598289126524,0.21354102312610596,1.8208774355953914,5.013241799538796,0.4154609918627416,0.45253532337292157,-0.8134718283633221,9.216201063625297,8.648025798332547,16.764513513513513,0.22176868072935288,0.5514284723697698,0.5341950563315024,0.30749480998178197,0.0015595167484380487,0.15595167484380487,2.7373347445780247,0.2356811918360826,5.636513959340177,0.4594879578224228,20.299790310340697,20.299790310340697,20.299790310340697,1.23874066381755,2.246421296481208,-1.0076806326636578,0.5985838697078978,0.8965675619139435,2.2891862078165515,0.12020084172562547,0.4014161302921022,39.47541494077077,0.07247074329991612,Energy
2010-06-30,EOG,2010,Q2,USD,0.751284271794328,0.10306281149482167,0.4457387802952647,0.10346414643054917,0.08104682879125281,0.04408940416858129,0.04408940416858129,0.04408940416858129,1.6150346860063105,0.2689810991377422,1.1017246047305123,0.07793521674707728,0.06976215527603116,1.2297654185735913,1.0330157104285438,0.056265013930871,0.4172380220737971,103.02689070016034,-2.0605378140032067,-2.0605378140032067,2.435461230504059,18.169576897246476,-41.26002959841473,36.22875752694724,0.19182820351076302,0.36857763271394517,0.2693143771340473,0.2693143771340473,1.921394382934234,6.610465031373676,0.4370944275118298,0.5015235999670096,-0.8780594168148441,18.5674816871258,4.699501622236345,0.0,0.182389068005475,0.5324645168553732,0.5167525577640393,0.6495523784072689,0.0015761719440259153,0.15761719440259153,2.707272727272727,0.11936204146730463,7.503915470494418,1.2960805422647528,20.19740629984051,20.19740629984051,20.19740629984051,1.3577611642743221,2.549956140350877,-1.1921949760765551,0.5439991277405755,0.7833325029715091,2.435461230504059,0.15133791829552629,0.4560008722594245,45.85776120561904,0.07753189792663477,Energy
2010-09-30,EOG,2010,Q3,USD,0.7770889496389236,-0.0037438174549247034,0.312858113553403,-0.007392190635715753,-0.024532970940062893,-0.04481835564053537,-0.04481835564053537,-0.04481835564053537,1.6027683420643934,0.2288128995087162,0.9249835415448129,0.08668994362133085,0.07932244594960536,0.7916447402362895,0.5949450549450549,0.04375634429950538,0.014358974358974359,-82.28492652243816,0.37977658394971453,0.37977658394971453,2.3065520841610563,14.75150040295182,-30.08879153521557,29.7531448124459,0.18895285246188004,0.37246410500602684,0.27138349458282646,0.27138349458282646,1.9712012819767775,-69.0124103033872,0.4046778104524583,0.4957963434097625,-0.988844792175291,14.073335360291882,-0.35557920340529037,0.0,0.20813540594771904,0.5028044440341943,0.49051104293481046,-0.5514060869319944,0.0016752949484059889,0.1675294948405989,3.151543824701195,-0.14124701195219125,7.572764940239044,0.055442231075697214,20.155625498007968,20.155625498007968,20.155625498007968,1.5625239043824701,3.107617529880478,-1.5450936254980079,1.8268621338211424,3.3187687045746044,2.3065520841610563,0.16148089937518156,-0.8268621338211424,54.70848645863849,0.07788446215139443,Energy
2010-12-31,EOG,2010,Q4,USD,0.7902948869860716,0.10113349281226945,0.40506885912942386,0.09759384292070021,0.07801035122627378,0.029998993941290884,0.029998993941290884,0.029998993941290884,1.5315593715090374,0.22535052229984912,0.9023646438603917,0.0957748288358698,0.08273865713526117,1.1384384209893343,0.9511530792095307,0.052442984705599716,0.3553233436887274,106.8806476254355,-0.5985316267024389,-0.5985316267024389,2.2426940296523568,12.825247602226744,-23.07211689283215,36.839526389725066,0.241550347704818,0.5105090761669302,0.337971538352089,0.3284115436240025,2.1134686040311066,-37.07796244870892,0.2805618127840245,0.3481382324666324,-1.5967120208709613,2.444161747095125,4.220613473205868,2.83125,0.11924838910574669,0.38510238792848145,0.37604368536395416,0.7259329644327688,0.0016979990778517955,0.16979990778517953,3.5640637450199204,0.1069183266932271,10.487474103585658,1.5714203187250997,20.38173705179283,20.38173705179283,20.38173705179283,1.2407868525896415,3.2219661354581675,-1.981179282868526,0.38455145336132346,0.7993368115410827,2.2426940296523568,0.22763206635283412,0.6154485466386765,37.780683368909656,0.07761553784860557,Energy
2011-03-31,EOG,2011,Q1,USD,0.786106838521411,0.14551374567367348,0.445036281578362,0.14361400997097684,0.11898228143287723,0.07061967017130302,0.07061967017130302,0.07061967017130302,1.50672189151732,0.22065636047350703,0.8421670893642104,0.09658685111467319,0.08057183867063979,1.4389312656513042,1.2462155891289906,0.059725309116338894,0.6672630211051875,56.43151978383704,0.4138311450814716,0.4138311450814716,2.565339984403284,15.940701257599734,-41.41722362221979,31.583894524004478,0.22189888166420774,0.4432097916091771,0.3071000447654937,0.2980226288123982,1.997350271822784,2.7009700596330046,0.3829659414020769,0.5047098053561583,-0.7625787477232091,2.7837222980546215,5.412969622315379,4.3522181818181815,0.1832609371785118,0.5673505375528546,0.5545347612227369,0.2911258238600315,0.001289730566247371,0.1289730566247371,3.7169004702194357,0.2624862852664577,10.33514498432602,3.2685834639498434,23.096353840125392,23.096353840125392,23.096353840125392,1.8759561128526645,3.3065203761755484,-1.430564263322884,0.5935309805867395,0.8284865902492559,2.565339984403284,0.17276844172850284,0.4064690194132606,40.03126921013264,0.07641653605015673,Energy
2011-06-30,EOG,2011,Q2,USD,0.8524306974029764,0.29463515222254644,0.5292208929092501,0.22886995428460266,0.21135064682423887,0.11499815193074604,0.11499815193074604,0.11499815193074604,1.9658736119758244,0.2028102228030363,0.7022666424733472,0.12853291745393755,0.10727531794542755,1.4691439191224753,1.2510332205547285,0.07561886298102859,0.6370300431541718,23.509497452414625,0.2037489779209267,0.2037489779209267,2.3014622033197307,10.814195039393056,-41.903952166945324,25.001245601537033,0.21812965185783822,0.43273751292209234,0.3020354454456329,0.29304707788292705,1.9838545985674643,2.275439506640627,0.4489681524958425,0.43254625036475053,-0.5966321625686304,4.101632055682334,11.477435467192164,5.053418181818182,0.21272457063390182,0.6263183364609289,0.6116532736801682,0.1439876308470975,0.001531164491484151,0.1531164491484151,4.834386638076967,0.5559455290975436,9.926464281683783,2.9670052289056916,22.715993303991272,22.715993303991272,22.715993303991272,2.091095813113644,3.338710830229846,-1.2476150171162022,0.5441107167577279,0.9234530040645776,2.3014622033197307,0.18802720822349056,0.45588928324227207,23.116677179594628,0.08004927961479141,Energy
2011-09-30,EOG,2011,Q3,USD,0.8450281799078505,0.23418466780144045,0.5839551256105878,0.3292149268958023,0.3116080289866322,0.18743104031404034,0.18743104031404034,0.18743104031404034,2.258612997803801,0.23214090129278908,0.7705783529046877,0.13916456623340498,0.11638562114014951,1.400941296309562,1.1832801202254941,0.09694971802715752,0.5200900266021784,8.731064583880285,0.10865324815495468,0.10865324815495468,1.5119251490813719,6.54589007202302,-43.65990380370594,14.84713935500199,0.21084145557365172,0.41842561234937387,0.29499298990824413,0.2861308518526941,1.9845509565987998,2.5872399026157558,0.47716761997702456,0.44088560870264304,-0.3400634921633002,4.874615152873403,18.204690913271758,5.783104545454545,0.2433712349452326,0.7462332985324996,0.7280543584561128,0.07870721308686987,0.0022536545323517294,0.22536545323517293,5.42325025464851,1.0164854371121543,9.922707129782411,2.606112315967119,23.47999834619418,23.47999834619418,23.47999834619418,2.3910329896674725,3.204136018011449,-0.8131030283439766,0.6014961839191922,0.946518530993758,1.5119251490813719,0.27675021650615733,0.3985038160808077,13.488916977470781,0.08000473589848639,Energy
2011-12-30,EOG,2011,Q4,USD,0.8393034296604959,0.10754467610164388,0.35764321505653596,0.10911408701359351,0.08713692497155623,0.043525909524470656,0.043525909524470656,0.043525909524470656,1.8764023883570302,0.21912407215721758,0.7545183323907795,0.13025684274528268,0.1116404711548631,1.2900580775072463,1.0559108502929249,0.06675128237311148,0.24411107397597212,26.801808542809326,-0.49217866596795307,-0.49217866596795307,1.0236371346542936,4.666292374906014,-23.68702153482293,10.461504365394738,0.2016670131005137,0.39626643790665605,0.283804313523969,0.283804313523969,1.9649541678348321,3.0800018659845456,0.49037691108856574,0.44604410722625015,-0.44165554331155554,15.387888533512395,5.346698238235762,0.0,0.24692473757108468,0.6936469704149644,0.6773005819184197,0.3565593464680442,0.0033258888658439594,0.332588886584396,10.55441794964508,0.4593906407597008,19.28086094353626,2.3435248444249908,48.112752393095704,48.112752393095704,48.112752393095704,4.707735931642149,6.786933602298895,-2.0791976706567454,0.4995116540855516,0.7985854746757003,1.0236371346542936,0.38711612200399953,0.5004883459144485,17.477326695235693,0.163800026642815,Energy
2012-03-31,EOG,2012,Q1,USD,0.8354850674344619,0.20323260711787822,0.4700071366194087,0.19944481875373887,0.18532193707019504,0.1154432809779342,0.1154432809779342,0.1154432809779342,1.7898601095349485,0.20163998213024745,0.822308338913505,0.12680361262195747,0.10982555795347043,1.0972771445998644,0.8947368421052632,0.08538508542034576,0.10607041614920498,22.86007595468027,0.7010423292768618,0.7010423292768618,2.2804679366891976,10.556168686452288,-30.48370778424384,27.49382324692257,0.19606409350991502,0.38566683726088746,0.27832580450814076,0.27832580450814076,1.9670447064361847,5.605986188024628,0.3886977351680724,0.3839469175184232,-0.901918606539502,22.340229564940618,11.135530844058962,0.0,0.21506836711457067,0.5257848556513559,0.5149187654430712,0.13348394643358671,0.0014597933390315117,0.14597933390315115,5.262325911037446,0.6075001687453595,9.488724060088348,0.5513548377419621,24.359035751516835,24.359035751516835,24.359035751516835,2.020453812520156,3.8427386996857584,-1.822284887165603,0.6229337055451095,0.9291890269609769,2.2804679366891976,0.16911741272749564,0.3770662944548905,26.034980510117908,0.08109151998320047,Energy
2012-06-30,EOG,2012,Q2,USD,0.8464395579355133,0.2561732093043769,0.553418208146659,0.2544550088758375,0.23751189876767356,0.14546009180886996,0.14546009180886996,0.14546009180886996,1.938576741667498,0.18688991101864927,0.6736175152355464,0.11991645200992837,0.10465457397918355,1.100046269692605,0.8686007895699157,0.09527022559373892,0.10461950640685985,15.192029925867534,0.7128567888291688,0.7128567888291688,1.8008559310605556,8.839336271119164,-46.36812909444948,16.080820961037382,0.1927756661451125,0.37527817939174135,0.2728743791730336,0.2728743791730336,1.9467092859596167,10.118444637823446,0.5580770465010411,0.5496819032147806,-0.34680763004868237,1.800993954210389,0.9932928176478522,0.0,0.29841279532503984,0.7424965360226341,0.7260451128549549,0.115322226096448,0.001897742215148095,0.1897742215148095,5.097667813275178,0.7415072281301288,10.695884574743138,0.5252928348209267,25.021435209124906,25.021435209124906,25.021435209124906,2.802095745557829,3.773883930244235,-0.9717881846864063,0.6124328615264631,0.9334141222724706,1.8008559310605556,0.20838878497667132,0.38756713847353685,19.114494145555224,0.08551226421457317,Energy
2012-09-30,EOG,2012,Q3,USD,0.8488209548963725,0.20789991403925992,0.487831945397304,0.20532515937988952,0.18988273273802583,0.12049790792709879,0.12049790792709879,0.12049790792709879,1.805619717361634,0.20733924567650028,0.6779443059524534,0.12455154740368439,0.10524159269327867,1.5514227327747663,1.29627056957791,0.08296511396394457,0.43151967725508583,21.518731979149965,-2.274837380652998,-2.274837380652998,2.2183585566213577,10.371848738926115,-100.63991672230573,21.302881287020355,0.22492746006767647,0.4571204345244525,0.31371492959237707,0.31371492959237707,2.0323015890852703,3.491554810736986,0.5570824815397868,0.48687539489062376,-0.21167427379536777,2.012733494961221,0.9876154125831712,0.0,0.2278047419645481,0.8253043096043186,0.804268912362432,0.12804824876016552,0.001487637014163226,0.14876370141632259,5.505286611604793,0.6633755192374441,12.910715418692922,2.076246263169877,25.739752408179413,25.739752408179413,25.739752408179413,2.680388593011148,3.24775790192617,-0.5673693089150224,0.6345911826187233,0.9247903827835714,2.2183585566213577,0.20606246594358663,0.3654088173812767,24.869139393299307,0.0849440735087202,Energy
2012-12-31,EOG,2012,Q4,USD,0.6501950911261121,-0.0957825544733877,0.16712873339552176,-0.12640333543971566,-0.14905898204894164,-0.1688445991353802,-0.1688445991353802,-0.1688445991353802,1.8054313064327443,0.503252125594291,1.5314035542245388,0.12815797764996445,0.10941054875266393,1.2277061535715093,0.9940627032705918,0.02002197011716779,0.29973242664817185,-16.078121936875124,0.06690895464413871,0.06690895464413871,2.44473609015561,10.85881621312577,-100.33470499916588,26.46519397614218,0.23090604098289114,0.4751443834455772,0.3221002559327487,0.3077378513781342,2.0577390761326284,2.865398387146994,0.41968627161294336,0.4103055591776416,-0.26376909142616406,0.9458226826603825,-6.369595983421505,3.0183236222234795,0.1944156861154647,0.7912837928893319,0.7681686132944905,-0.09241206418230531,0.001436922554529807,0.1436922554529807,5.561379695053923,-0.9390089252510226,11.847406098921532,1.6296671625139456,24.702052807735217,24.702052807735217,24.702052807735217,2.281865005578282,2.883750464856824,-0.6018854592785422,1.1327368321886313,1.1792329809210682,2.44473609015561,0.1943540594663262,-0.13273683218863133,75.84715134225704,0.08677575306805504,Energy
2013-03-31,EOG,2013,Q1,USD,0.6591097401130769,0.2504993610735182,0.508136191486784,0.2535841066504972,0.23165087766399467,0.15059214086943923,0.15059214086943923,0.15059214086943923,1.7370952441886165,0.4959153886757428,1.605630571860331,0.13723795292583288,0.11636181178128996,1.3272937020337978,1.1004487930657096,0.09264194783419856,0.3603724732013721,17.490811688311688,-0.08839442466136015,-0.08839442466136015,2.516123129394665,10.535915110748272,-127.5385783874807,24.290628870790595,0.22358879782044971,0.45888006732038367,0.3145426944952627,0.3003686866380236,2.0523392575726525,3.9293031199896182,0.46344006600988524,0.4337440239522854,-0.19045710856986459,2.994736392742796,13.453820190242405,3.5046940446998,0.22573242026608809,0.8400134644089219,0.8177325794929712,0.09342564050735257,0.0013353531295775237,0.13353531295775234,6.098188844977975,0.9183393135913661,11.832589281570844,2.056801623115662,25.535316316359054,25.535316316359054,25.535316316359054,2.6450529684416866,3.1488221088252275,-0.5037691403835409,0.6500823238315995,0.9135070834043554,2.516123129394665,0.1823758392264301,0.3499176761684005,23.852130468068587,0.08579643857535589,Energy
2013-06-30,EOG,2013,Q2,USD,0.6664381698372562,0.3035521801614016,0.5555345538956864,0.30221468499401266,0.28649185229381946,0.18256463107079038,0.18256463107079038,0.18256463107079038,1.9975472013108129,0.5473882122128668,1.8334590812290843,0.147006263692827,0.12427183377519228,1.4041107796138335,1.1864504985095867,0.10687222877808758,0.40658702123594886,13.846853069311132,0.4246368274588749,0.4246368274588749,2.5401169818388047,10.111782488360914,238.0460003648351,19.32466535186328,0.21710479073053648,0.4388566654426747,0.3050037408053131,0.2910777062118091,2.021404797038171,3.245345023315299,0.6260222898166178,0.5232578315973755,0.08118038245652448,3.4852186764511153,17.71447110159456,4.6504541552810155,0.2995153172393375,1.0883529050822462,1.0574407363474227,0.07698441090690807,0.001389926117536574,0.1389926117536574,6.691204056048426,1.2215771999118572,11.803789768403043,2.273964739191864,26.636568505998707,26.636568505998707,26.636568505998707,3.5012249251434633,3.2169941466540006,0.28423077848946265,0.6372419655535485,0.9479746237331097,2.5401169818388047,0.17277025766151285,0.3627580344464515,20.734900817372452,0.0940424011125246,Energy
2013-09-30,EOG,2013,Q3,USD,0.6699420198523941,0.20471490429002762,0.4481906303787872,0.20178732363869334,0.18914850079454665,0.1212392725717045,0.1212392725717045,0.1212392725717045,2.016454057562772,0.5601646828733549,2.2245249150182684,0.14901853734362153,0.12653729508509395,1.2523304373959807,1.0832394028320458,0.0910196399377457,0.39399037980386176,24.748888773573075,-0.8160444406421392,-0.8160444406421392,3.080779179602707,12.002149087464094,505.3112996644888,22.750749446451923,0.20940778385571895,0.42479150938190957,0.2981429258840747,0.2844025883189746,2.0285373425974895,3.694371071451226,0.6012165506090968,0.5275496139462729,0.04502323510587974,3.1133077661005966,12.963002256576067,4.949768679641595,0.3187785092933346,1.0471458958594364,1.0202186061059857,0.1096761499509187,0.0011078896405647025,0.11078896405647028,7.052070373663671,0.8549878822274518,11.780314304147772,2.4380052538077166,27.473569206253547,27.473569206253547,27.473569206253547,3.720317003148218,3.5528162960470735,0.16750070710114412,0.6409740075254139,0.9373656252719972,3.080779179602707,0.13788443916862944,0.35902599247458616,29.70018326795291,0.09377177917739643,Energy
2013-12-31,EOG,2013,Q4,USD,0.6661594282322275,0.26359180156550294,0.5118999818772362,0.2659607832072517,0.24934589844958127,0.1574059705282623,0.1574059705282623,0.1574059705282623,2.2220003821917915,0.5458291230818775,2.184620819929412,0.14096122672535022,0.12055809861884374,1.422927711904326,1.2260989560110087,0.09867199831826526,0.4606358562484887,19.560635166857985,0.7557518132649671,0.7557518132649671,2.944253549592732,12.315843050354154,153.32603551814748,22.6839756749599,0.19340534341362817,0.38351569375383104,0.2772037176631189,0.2769807280162471,1.9829632779773907,3.587437643952382,0.6993111825212565,0.5429314167334967,0.14794601320188083,26.19710944507438,18.669282041515903,304.18452652378784,0.3384331483636414,1.173634553084879,1.1392614039711875,0.08867206486106372,0.0011332973610604265,0.11332973610604265,6.813987451519757,1.0725623079738678,11.02841154874275,2.436876781614295,28.50297998676383,28.50297998676383,28.50297998676383,3.699527860657889,3.1521974629442715,0.5473303977136181,0.6312755553911403,0.9375288170033581,2.944253549592732,0.1302590579560926,0.3687244446088597,26.494364223104235,0.095106314540191,Energy
2014-03-31,EOG,2014,Q1,USD,0.6913136727568954,0.2564241795816855,0.4809537127906665,0.2572160303038282,0.2445269664549925,0.15678739187667434,0.15678739187667434,0.15678739187667434,2.3397474003213694,0.4915550679980311,2.047859758678919,0.15613648301196104,0.13115345595360087,1.4201956507782623,1.2330678557986974,0.09979026536794758,0.4909857988562987,20.1202131775322,1.4352418733306314,1.4352418733306314,3.317595415395719,12.61838299243187,145.7009042475971,23.456666380029223,0.18386105124349714,0.3685782614873008,0.26931471283691794,0.2690955698659015,2.004656554471521,3.196987789390979,0.667818633413063,0.5379444285900337,0.1609919066814307,29.2180818247519,21.61985563885787,344.68353853169174,0.3837314670148951,1.191883615859594,1.1603053864762973,0.07834438849617507,0.0009734537577323055,0.09734537577323056,7.773579234267294,1.2187992136874444,10.990088109788706,3.074459963339837,29.566594993711714,29.566594993711714,29.566594993711714,4.181753639277271,3.5085251476180113,0.6732284916592597,0.6411865085871115,0.9506676787063109,3.317595415395719,0.11109801387380358,0.3588134914128886,28.32862854093257,0.09548607909596185,Energy
2014-06-30,EOG,2014,Q2,USD,0.6876517143925044,0.2617446525005257,0.4880479146125853,0.25993940734369186,0.249966960607507,0.1603950103478015,0.1603950103478015,0.1603950103478015,2.3150682771121325,0.5168303416942422,2.061930002338452,0.15618963228474855,0.13223760161194223,1.3356218694231243,1.1470394096147916,0.10262445939947376,0.3477440341123515,22.462759109114,3.425570764139881,3.425570764139881,3.798484278674879,14.411657918986046,-218.63379737983445,32.80645575384774,0.17745483708488094,0.3536952816752879,0.26128131379579494,0.2610663774567325,1.9931566109190186,3.369302993161679,0.5468783348179088,0.43929335211091064,-0.15005207862191955,30.02467234712384,22.070487978869032,294.0530475756194,0.32735709119853906,0.8695258402543619,0.8437734160398401,0.09613323649789836,0.0010699179476453256,0.10699179476453256,8.108713144380674,1.3005971287002922,10.976902921935043,2.265038234281411,30.764902899839623,30.764902899839623,30.764902899839623,3.562103778500789,4.096604854731826,-0.534501076231037,0.6416648422574951,0.9616354948328427,3.798484278674879,0.09311484679849098,0.35833515774250485,31.706442960951613,0.12503061136183274,Energy
2014-09-30,EOG,2014,Q3,USD,0.6827505705102539,0.3861362179381989,0.6136878701752774,0.39080488439919747,0.3752611875802707,0.2414670701262671,0.2414670701262671,0.2414670701262671,2.274894467199345,0.522450566452711,2.154824126651994,0.15643276600170866,0.13247400073789417,1.4457186186827895,1.2465621860891585,0.1277419650872699,0.4383712181975206,12.20197923556883,0.21729552063341762,0.21729552063341762,3.0398197371113533,11.785504703017414,240.77749126116382,23.054145242243745,0.17129448541940218,0.33351269854939347,0.25010087936334724,0.24989203378214486,1.9470136340513924,3.3940461037832668,0.6915195756058609,0.5112097880524322,0.09574875592186328,38.96984879981522,35.935981007564784,355.140446876425,0.39535426767455,1.1058873366765196,1.071410589336377,0.06160283721360108,0.001262148460186453,0.1262148460186453,8.401846377834643,2.0287692285067207,10.955313023912469,2.722773096267537,32.57429997941116,32.57429997941116,32.57429997941116,4.295106106061943,3.8838550398541134,0.41125106620782964,0.6434640141797658,0.9602264520239485,3.0398197371113533,0.10971463027157007,0.35653598582023416,20.78333170995015,0.12497794052766258,Energy
2014-12-31,EOG,2014,Q4,USD,0.5847221384738837,0.3473930044110894,0.6413293798963788,0.3556040780544823,0.33297492265518824,0.12888521426948,0.12888521426948,0.12888521426948,1.9386650225845847,0.5007767742404602,2.027316843971882,0.11824392742735283,0.09922961363717367,1.600333362093521,1.3915471050507224,0.08554305090789764,0.6167325787132849,28.195386515155604,-0.47303003822947,-0.47303003822947,2.830830761997319,14.535873729666548,482.8430753230746,23.75872780910882,0.17000794558832577,0.33365734030193905,0.25018220964194543,0.2499733230984366,1.9625985076596963,1.9501396818199934,0.6235951337762402,0.6118119558612757,0.04920589943888425,26.78291366267713,24.663757916959888,320.7840097279222,0.35710015663460143,1.0517524240104614,1.0056327571919983,0.2069893924262463,0.00183531259905752,0.183531259905752,6.333984575835475,0.8163569592361366,10.94320235034888,3.8325615130370916,32.52402130003672,32.52402130003672,32.52402130003672,3.8752074917370547,3.68452442159383,0.1906830701432244,0.3870718348448928,0.9363641847891659,2.830830761997319,0.11786552017914485,0.6129281651551072,24.393195549524513,0.16897723099522585,Energy
2015-03-31,EOG,2015,Q1,USD,0.4125067368041587,-0.08204597975326931,0.3272235040707784,-0.07756628522081921,-0.10596443684800963,-0.0761104181257471,-0.0761104181257471,-0.0761104181257471,1.6798091740465857,0.6004827590315672,1.714561257043258,0.07503892523585697,0.06428735194114547,1.5488698286647848,1.3019337252225704,0.043144925001550344,0.6874279425298053,-73.59566330678418,0.5340570257660445,0.5340570257660445,2.8603000681491735,22.40558682608419,-85.41269258117227,52.02334359484752,0.19889826761750554,0.3949669322534481,0.28313712900377735,0.2679198638562519,1.9857736167566602,1.1957583365971205,0.3103793131081263,0.4306833294025968,-0.6090821167522256,1.4223090990920195,-3.242946855375387,1.896144530270698,0.1392042831953363,0.621472322381161,0.586679574410906,-0.539982798030021,0.0018342887806415233,0.18342887806415234,4.092282907460211,-0.31146536317564466,12.758971592556303,3.9035354258180766,32.05607727000833,32.05607727000833,32.05607727000833,1.7624780274423026,2.8359718751261473,-1.0734938476838447,0.7182637910388396,1.3661146275903928,2.8603000681491735,0.1380858381439053,0.2817362089611604,75.01173827969778,0.16818593829702128,Energy
2015-06-30,EOG,2015,Q2,USD,0.5082309053517624,0.019531461730993033,0.3819061169831173,0.015793039679882666,-0.004574585106891769,0.0020995743459754175,0.0020995743459754175,0.0020995743459754175,1.9228906355376258,0.6617855995468985,1.8662415565322872,0.08370525773024601,0.07404889892886621,1.6410911401175194,1.3507998178769494,0.05556925130217788,0.6003716223484478,2266.461427486712,-21.956345078777527,-21.956345078777527,2.7404722135337183,19.034417077175696,-125.52500492807637,53.8205187671926,0.18889286584479043,0.36726773133306284,0.26861434883348195,0.26841235226140425,1.9443176410634775,1.5886522308012054,0.3896120489238363,0.3536646898464776,-0.4287633272592247,14.538255073587521,0.6551484690165994,134.8796169630643,0.13864197970647127,0.699905982272295,0.6528089515675175,17.36313591495824,0.0019152251726397445,0.19152251726397443,4.599562972957118,0.009657124420719188,11.843997477562034,2.5066635625036664,31.947048967560274,31.947048967560274,31.947048967560274,1.6267030122602217,2.324173608259518,-0.6974705959992961,-0.4589649764767381,-0.28965830515318225,2.7404722135337183,0.13401622155456458,1.458964976476738,55.09301412078273,0.16767796386460962,Energy
2015-09-30,EOG,2015,Q3,USD,0.5114025168480677,-2.917038082242322,-2.5780479664733194,-2.921078238779025,-2.9454703259491457,-1.9131664415876544,-1.9131664415876544,-1.9131664415876544,1.8968410068105468,0.6665646328640206,1.5765041226683145,0.08775834662117082,0.07810036694685502,1.3800741684868447,1.0575218580129275,-0.23965991911398138,0.36282518328390234,-2.4364123116323197,3.257235710738395e-05,3.257235710738395e-05,2.990067444245704,18.64504908994383,-176.158392049068,35.106592985172774,0.235735299826995,0.4840486342332555,0.326167635660635,0.3249253461478145,2.053356602038373,1.9036956679090706,0.5527374483441551,0.5310982212890479,-0.19928992639416243,-34.00099122354156,-102.73822456290965,31.186967667245515,0.17595568418449786,0.8338267319618399,0.7811803955088575,-0.022436912667862196,0.0023022491473159326,0.2302249147315933,3.904521766009431,-7.470000013177806,11.896280442769829,1.3611977704624885,24.347276895075204,24.347276895075204,24.347276895075204,2.073684564911981,2.486949009218,-0.41326444430601944,0.6495283366914102,1.008350371053504,2.990067444245704,0.16188552374120949,0.35047166330858986,-8.2678026302862,0.1676037379245999,Energy
2015-12-31,EOG,2015,Q4,USD,0.4083800871344584,-0.18796651189031627,0.24270036223934663,-0.1845635217365996,-0.22322384063259795,-0.15912113301661646,-0.15912113301661646,-0.15912113301661646,1.9198848067396654,0.7181112440410801,1.7648425956072027,0.07379639788505266,0.06623346947297307,1.4248680939291052,1.0956539567423942,0.03457481284664446,0.3949382367927655,-33.865304184758145,0.3639911111656739,0.3639911111656739,2.975429029902183,21.55474228732431,-169.65981793929248,62.53697481871932,0.2469028269030671,0.5145828625202666,0.33975220191254546,0.33953054388693615,2.084151360171706,2.3039548561723944,0.3384913980037234,0.3446719696596562,-0.36860215682358116,7.878945552808601,-5.234756242757132,93.60282717738258,0.09246074930363121,0.7306725296421583,0.6584608508486138,-0.3251118552494583,0.002400036431651058,0.2400036431651058,3.284196074180365,-0.5225850003723034,12.3585040304756,1.3207377461431122,23.79152696588674,23.79152696588674,23.79152696588674,1.1319703296362569,1.5492170346004812,-0.41724670496422445,0.7128321623966342,1.2094689055141272,2.975429029902183,0.1729440888520146,0.2871678376033659,102.51471337850303,0.16989857899657843,Energy
2016-03-31,EOG,2016,Q1,USD,0.09801081833003886,-0.4836919621283175,0.21551826665843674,-0.48035206995030433,-0.5351716164114638,-0.3551230498477214,-0.3551230498477214,-0.3551230498477214,1.7018235388310647,1.0137518241999959,2.2234592504351247,0.055815378847147566,0.05043908665298602,1.5283299697927353,1.1801802616584796,0.032808234589481684,0.43184308243301556,-21.027232574357324,-0.32159296878428856,-0.32159296878428856,3.1986306947376835,29.869019846652506,-140.9111317471591,136.08298850101684,0.26522499088119283,0.56310626393738,0.36024822939353196,0.36003110111023146,2.1231267161759377,1.6702143642463494,0.18836968627339512,0.21949121029502758,-0.9657362538624306,7.009630647334231,-9.330910951893552,44.32147742818057,0.04174167803289277,0.5087152450055915,0.43824480244558967,-0.19536814081258902,0.002322799019339808,0.23227990193398082,2.4299424745982825,-0.8629285825338613,12.902514106984443,1.222722990955068,22.69095964076347,22.69095964076347,22.69095964076347,0.5333510146968713,1.048427425623954,-0.5150764109270827,0.6635685431693128,1.1141236811300324,3.1986306947376835,0.17604603897029747,0.3364314568306872,160.65530276306,0.16858875282368327,Energy
2016-06-30,EOG,2016,Q2,USD,0.38754984629576095,-0.17056922428460772,0.37658200612168785,-0.15898568443074262,-0.20979966588913435,-0.1614048986743699,-0.1614048986743699,-0.1614048986743699,1.9373530342285954,0.8502348636810296,2.2389104242214004,0.0780847563113563,0.07017167044681764,1.4309272943786022,1.1413534502041454,0.04137793993060902,0.45537566994751383,-39.01678103145359,1.0168009602136392,1.0168009602136392,3.7869966004796836,25.18999835592738,-408.4107275752263,90.74639508214315,0.27044984506323483,0.579417620126766,0.36685523369066964,0.3666364134415515,2.142421712208008,2.3302333354759917,0.29384889336380376,0.27758676620845957,-0.2221939556311687,9.915442738167261,-4.052610114192496,76.47758017935857,0.07202343589519694,0.81820074088288,0.7118566852667202,-0.31400952973427493,0.0020120158649244695,0.20120158649244696,3.311631815981072,-0.5345135977052445,12.893334064147187,1.4245790968967817,22.02801026793463,22.02801026793463,22.02801026793463,0.9192651666712343,1.1235203303278614,-0.2042551636566271,0.7693286735721593,1.3196135654624133,3.7869966004796836,0.15300188546601112,0.23067132642784074,75.98329387531462,0.16784236345199924,Energy
2016-09-30,EOG,2016,Q3,USD,0.41722869050583405,-0.1013086641464255,0.35118328089118944,-0.09732859467630496,-0.1369532246259253,-0.09557800800340056,-0.09557800800340056,-0.09557800800340056,2.159904690194238,0.893734185027464,2.696260127028606,0.08778798805973313,0.07778951850408773,1.5798167646972268,1.3318789841444971,0.05157600975647414,0.6051641033305385,-69.0785713195,2.033980155518611,2.033980155518611,4.449764864907793,26.40956896975459,496.10404258788174,69.1166764345343,0.27337658371160684,0.5921285180456323,0.37191000056482953,0.37168994320436044,2.1659811166207503,2.281459216680697,0.4383134550477996,0.38210125735384737,0.13931891398020751,10.077469426759817,-2.7305314855062237,115.45538835689314,0.10872720854803891,1.1618705421127422,1.0175953550620473,-0.4878421052631579,0.001765533420656625,0.1765533420656625,3.66193026893989,-0.3500000005526316,12.999690809999512,1.9318655293661036,21.733732665895367,21.733732665895367,21.733732665895367,1.3992281601040444,1.204289212427825,0.1949389476762194,0.6978879706152433,1.4071221831713872,4.449764864907793,0.1330696196366102,0.3021120293847567,83.70650877976391,0.1707447371117022,Energy
2016-12-31,EOG,2016,Q4,USD,0.5129104526531048,-0.052563389043627805,0.34948473440246713,-0.04519504601251307,-0.08312200438810148,-0.06098955501600445,-0.06098955501600445,-0.06098955501600445,1.89971634957778,0.7519952692968636,3.2480879500138564,0.09079363278860397,0.07922891794964282,1.753375810379467,1.5807232410147334,0.046529195394813185,0.7891787612138563,-99.99129640802376,3.4996953742808317,3.4996953742808317,4.072203573050858,24.393698693595095,891.8521946287593,70.75016819626093,0.23715181483635478,0.49968297576647447,0.33319240388862253,0.33298311750764265,2.107017296541786,1.8435504260670832,0.3969558390975938,0.3447864410149102,0.07932947703931059,11.133818545902649,-1.4789624956186471,122.3202614379085,0.11518805649524402,1.0861648929349916,0.9614359922774018,-0.6752205799707767,0.001688198383826019,0.16881983838260192,4.1445129445066575,-0.25277200024353136,12.532206424881752,2.8409060591324646,24.826853124205865,24.826853124205865,24.826853124205865,1.4289718678766763,1.3156122768941327,0.11335959098254356,0.7337353744652337,1.8391839752765744,4.072203573050858,0.12270579473808488,0.26626462553476626,76.40243555021324,0.17067685660481052,Energy
2017-03-30,EOG,2017,Q1,USD,0.5631198231629461,0.04364916926574522,0.36484174878495373,0.04240893253836429,0.015500794286802873,0.01122431950324406,0.01122431950324406,0.01122431950324406,2.004271012886405,0.7129390606182257,3.532712273308847,0.09921886898852868,0.08697269140387431,1.6703072381148294,1.5156847392750123,0.05525825709055694,0.7611026930517464,488.912437756426,-4.074270314636883,-4.074270314636883,4.004045018351577,21.950837641952198,-1149.5499020901184,62.10046884969529,0.2391686025737254,0.501613377894149,0.3340496197480657,0.3338400713709079,2.097321188886083,1.7586078125383948,0.4419517255600005,0.3534729777174606,-0.05402155116257576,11.730324992957206,1.5066209886037893,136.50235598115216,0.12853901339810125,0.9487472043593507,0.8608020934178113,3.3912052459936177,0.0017340555200208985,0.17340555200208982,4.42671034176344,0.04968681122426755,12.297737548677116,2.694670999329192,24.26795891520817,24.26795891520817,24.26795891520817,1.5647224859958009,1.6492512218282558,-0.08452873583245489,0.7241125387232746,0.3655077682698198,4.004045018351577,0.12527665787850156,0.2758874612767254,66.03420630185785,0.1684981748804307,Energy
2017-06-30,EOG,2017,Q2,USD,0.5548199999537602,0.05120289029680568,0.38466286935016875,0.049287020560534474,0.02407052188569055,0.008883054109062772,0.008883054109062772,0.008883054109062772,2.1523965132577487,0.7152906505197595,3.436415445659998,0.10145229740548925,0.0886823388920105,1.2428572058301686,1.1193573413796067,0.057833789071171,0.6059107636539427,563.8986062551511,-28.194930312757545,-28.194930312757545,3.7404175153928847,20.036567325558366,1010.7339400536484,48.21900550457354,0.23875394487291166,0.5025857601022607,0.3344805823715889,0.3145808871039512,2.1050364649253708,2.5654224916320185,0.39613349819671495,0.415532570941512,0.04770692226088118,1.4166003070027051,1.8165395594563505,1.7781661923245622,0.15434467604930666,1.0500968907325718,0.9600866091468447,4.176332798334273,0.0018515442102567366,0.18515442102567367,4.51773991668393,0.04013132813057609,12.285407153762192,2.871398007447266,24.20050692936935,24.20050692936935,24.20050692936935,1.8772680824247658,1.787709399953694,0.08955868247107178,0.3690428546272432,0.4883744566407105,3.7404175153928847,0.13436621928808135,0.6309571453727568,57.435286938124584,0.1676017819124398,Energy
2017-09-30,EOG,2017,Q3,USD,0.5710692363074678,0.08157974795711129,0.4025782389772014,0.08149401908339902,0.05537478311732945,0.038138348194269214,0.038138348194269214,0.038138348194269214,1.9236625958832938,0.6912926549983462,3.286925608111251,0.10247852745091476,0.09151848938936769,1.267858977699328,1.1100552104013535,0.06361354510815363,0.38813242423019195,138.26326429019005,0.42542542858520016,0.42542542858520016,3.9939270954781487,21.09253006390215,-419.05574964202276,57.83924222172062,0.2217301986561156,0.4587620231881826,0.31448722676885976,0.314265089292843,2.0690101121484266,4.234691074632668,0.4409873469282907,0.36467507618869155,-0.13802278639806193,13.426269808752197,3.1098694305318317,146.12600699194405,0.15051856848106923,0.878717027420061,0.8076440986953198,0.9575894411235217,0.0017314603521758887,0.17314603521758884,4.586457845830513,0.17491992630262204,11.232218071863642,1.4720999055295652,24.221774130410957,24.221774130410957,24.221774130410957,1.6725668643644644,1.9034192034211173,-0.23085233905665267,0.6887313330593232,0.6794950566944088,3.9939270954781487,0.11486489668466521,0.3112686669406768,57.61452676192235,0.16750147446949545,Energy
2017-12-31,EOG,2017,Q4,USD,0.6485152666754029,0.1388240947014371,0.41153598625489596,0.13859025320694826,0.12037245737416095,0.7077761761237059,0.7077761761237059,0.7077761761237059,2.007159010340468,0.653435517026134,2.4944581649840347,0.13379875509238504,0.11510545442210153,1.2031030892204193,1.025573262125478,0.24444728171364827,0.30607783699535723,6.386775509901797,0.002680868732551372,0.002680868732551372,3.813202296614446,18.081630192635302,229.24480528111295,46.77150204738359,0.21409359771727207,0.39224736943242305,0.28173683645912034,0.27027007889940846,1.8321303094285775,6.037687746427488,0.4870766988731049,0.38659502904818066,0.204024261269649,8.17524672483359,7.511000284081942,3.7266074361025727,0.20784926298768247,1.2563196983806129,1.1504221094902276,0.040021098817182535,0.0015665611995887227,0.15665611995887227,5.967935349322211,4.223962460896767,11.210345846367744,1.449822732012513,28.299049356969064,28.299049356969064,28.299049356969064,2.3071741397288843,1.8364546402502606,0.47071949947862357,5.879884747419276,0.8685492275882937,3.813202296614446,0.1028656071514171,-4.879884747419276,47.866221481268674,0.16904761904761906,Energy
2018-03-31,EOG,2018,Q1,USD,0.6912180534869403,0.23502736479311206,0.43602857011672763,0.23483216090170772,0.21839180455123108,0.1714650038624594,0.1714650038624594,0.1714650038624594,1.8954307342552175,0.6003181164001167,1.9667230460606537,0.14120263509734435,0.12115316733287212,1.2638007894927943,1.0576749937781087,0.09979799822703479,0.28768544937566054,23.728812369928075,-0.3219793832832684,-0.3219793832832684,3.5991409975595343,16.274643618645168,546.27402325267,39.04984019106204,0.20932500907515642,0.3820970807580401,0.276461824627016,0.2649938724899173,1.8253771130656027,5.721325288711542,0.5471619362666819,0.41676594677512163,0.07148397787350064,3.4088414555257334,14.116276066886178,4.274114358882571,0.24121587148796092,1.076987339119671,1.0090551716022953,0.15193810103211924,0.0016007765018264564,0.16007765018264564,6.46834440536668,1.1090946984499153,11.283426685771351,1.41738352655117,29.248645738352653,29.248645738352653,29.248645738352653,2.6957856801702054,2.5030801962572187,0.19270548391298684,0.7851256333304236,0.9299910357791326,3.5991409975595343,0.10616340982949217,0.2148743666695764,40.784687814442464,0.16851374234727107,Energy
2018-06-30,EOG,2018,Q2,USD,0.7108839186369603,0.21730165413096492,0.4101311403372245,0.21924454967925525,0.20288637344265595,0.15830611136192865,0.15830611136192865,0.15830611136192865,1.937038672000331,0.544490002362051,1.8963612193253592,0.1620827954250962,0.13714043645251614,0.9847697426826746,0.8286266193594538,0.10556055176555497,0.2346158670290957,25.723155008891524,2.8552702059869604,2.8552702059869604,4.107658700004137,16.28853056567094,278.20306285993695,36.922049018936285,0.200508563091924,0.36870569160884176,0.26938274157057646,0.2286115706271005,1.8388525952370776,12.889815343613174,0.45182243459324817,0.4411599843041487,0.1327161844998267,1.2133245951685692,15.20917659668369,1.537865730986741,0.30173710219607547,1.1530250906657213,1.0843890340052622,0.15297726095150066,0.0014867661149907756,0.14867661149907757,7.639117567931128,1.2093189964157707,11.279024881321218,1.7499631162835099,30.292195405590704,30.292195405590704,30.292195405590704,3.3700729863660426,2.922809758129605,0.44726322823643766,0.7802698065706837,0.9253884474641192,4.107658700004137,0.08976054695305391,0.21973019342931632,42.72174685632674,0.18499830768830222,Energy
2018-09-30,EOG,2018,Q3,USD,0.7108283830166349,0.32253224104900646,0.5186538527671756,0.32182565814416897,0.3089405592471261,0.2543852248131923,0.2543852248131923,0.2543852248131923,1.8937446024468234,0.5558034348849421,1.7651558612920555,0.16751575735584498,0.1391796106610742,1.0885721988444679,0.9152527588349042,0.1396844058512513,0.2879298699003672,15.690938942123614,0.2233651308231714,0.2233651308231714,4.032081420958687,15.966172121288757,138.31451257806356,34.138072193193544,0.19129774370070565,0.3471064764244298,0.25766818176521616,0.21812980192378717,1.814482856460107,28.678372782514945,0.4948077431100029,0.46769401713527625,0.24681482482849584,1.6379601750764792,23.678133643449836,1.733820634520942,0.3402730735561802,1.3276947462120385,1.2464709555816027,0.09023453506102681,0.0014376853959131917,0.14376853959131916,8.110272081267519,2.063133386689395,11.257531346686207,2.207229399882894,32.114926877942814,32.114926877942814,32.114926877942814,3.793125729748083,2.8569260672078496,0.9361996625402336,0.8234115502124986,0.9599624872319201,4.032081420958687,0.0860861773822762,0.1765884497875015,32.90920607452099,0.1861658819167992,Energy
2018-12-31,EOG,2018,Q4,USD,0.6844618634632597,0.26188639399535113,0.4829949829289598,0.25703020426433876,0.24906623618520438,0.20430965097909892,0.20430965097909892,0.20430965097909892,1.8648953277760802,0.615577382414001,1.6044528538131329,0.15564025726470096,0.12876819602390183,1.3564635856370246,1.1259713375625342,0.12441286327529878,0.4172430588858813,14.091054450876376,-0.5691680817412811,-0.5691680817412811,2.598620195176787,11.515753667144123,64.26019929278263,24.131735234708145,0.17926495633909045,0.3141501208312995,0.23905192858223515,0.2107317913406086,1.7524346489509397,5.078157621482291,0.5592876661184369,0.4772037134976215,0.37553159654483825,1.9759945434639716,20.048911103177435,2.283697279466604,0.342781224941487,1.6013620456488034,1.4590901171272852,0.14222059930463457,0.002523242667900367,0.2523242667900367,7.573103986135182,1.5472582322357018,10.640003466204506,2.6960727902946275,33.560117850953205,33.560117850953205,33.560117850953205,3.613913344887348,2.256774696707106,1.3571386481802425,0.8203024790047228,0.9690154388589134,2.598620195176787,0.12089112576527464,0.17969752099527722,25.98764009487646,0.220051993067591,Energy
2019-03-31,EOG,2019,Q1,USD,0.6714627715601311,0.2183699795057365,0.43566982129962695,0.2169807560870735,0.20477826513918101,0.15729662865775818,0.15729662865775818,0.15729662865775818,1.5280613393199944,0.5411903013329734,1.5418639720062641,0.1386819521423373,0.11327163726198203,1.141032132850127,0.9409134701674018,0.0961323722513661,0.2640639922925054,22.014540867071855,-0.7582786298658084,-0.7582786298658084,2.8112448383592334,13.851252239355373,-142.49846964476262,34.80254102423918,0.18161982540429603,0.32542559593026393,0.24552535949923357,0.20606627555405505,1.791795555390763,4.173979395993992,0.3737895429905786,0.3979954288311388,-0.24423098094315787,1.6170389382191805,15.964193348632207,1.7573915600293377,0.24821956383964996,0.8037092913744803,0.7555369359327287,0.20072518279075768,0.0022794613796714635,0.22794613796714636,6.998645200075536,1.1008632951436832,11.316756380293379,1.9677689286512465,34.482944593534036,34.482944593534036,34.482944593534036,2.785428797641054,3.4657168052362497,-0.6802880075951955,0.7681314642979754,0.9437623355732262,2.8112448383592334,0.10867609942859344,0.23186853570202456,34.82795447171841,0.22097098614535166,Energy
2019-06-30,EOG,2019,Q2,USD,0.6841140501386599,0.2539327826167197,0.46730627181257267,0.2520375489410719,0.24280878846357018,0.18897528105314634,0.18897528105314634,0.18897528105314634,2.1129760652789953,0.5936274688437604,1.6612137920687164,0.1509370524199437,0.1254917380951362,1.0184555840579312,0.825180327304337,0.1193782249784657,0.26290666386954226,15.850776088912898,0.47123928912984314,0.47123928912984314,2.6056729148945945,11.981619465251226,47.842384796738344,20.00926521555769,0.1559572841431189,0.27026817285430405,0.21276465759746543,0.16798507474725313,1.7329628067021499,13.040668177147749,0.6086335088106021,0.5988035710544346,0.4182330228848003,1.2702962547532033,22.657109080708505,1.9047782119264929,0.4818300172516239,1.7189012772067038,1.589597988730691,0.1499514649562831,0.0023650492587105757,0.23650492587105756,7.769400477955183,1.4682246389360303,9.741999445849062,2.009637031136356,35.72589616596821,35.72589616596821,35.72589616596821,4.6523447511515945,2.7065805423752294,1.9457642087763654,0.7782884723775113,0.963383390624627,2.6056729148945945,0.10372298507206802,0.22171152762248866,27.745675763076786,0.2201624354933675,Energy
2019-09-30,EOG,2019,Q3,USD,0.6585250011939443,0.19988466497922536,0.42554061798557713,0.19770738812741773,0.1904238502316252,0.14688428291704475,0.14688428291704475,0.14688428291704475,2.0292914197771355,0.5970694089550245,1.8378000822495244,0.13864903175115137,0.11460153172207233,1.0773447022640925,0.9034131156826556,0.10174601888741781,0.3538682521654831,17.430367707544193,-0.6249424519534138,-0.6249424519534138,2.0302330105452118,10.240988246812169,75.13395101697587,20.802230906685086,0.1521980750565872,0.2632829615967976,0.20841170949064833,0.16463202318783726,1.7298705091960531,19.592871746646644,0.46083957553826094,0.49230240221596067,0.276868587703913,1.1123484877983656,20.897501261988893,1.4741460428959177,0.3706920034529241,1.3828745135338538,1.2441968251515971,0.2701415328991647,0.003874581670216893,0.3874581670216893,7.247347444530397,1.064521432440524,9.693501130937856,2.73969912034321,36.55738016990892,36.55738016990892,36.55738016990892,3.567886556636018,2.5800508446124266,0.9878357120235913,0.7713544429354812,0.9631600115464655,2.0302330105452118,0.1296811549360504,0.22864555706451883,26.298367569563414,0.2875714515634978,Energy
2019-12-31,EOG,2019,Q4,USD,0.6638013861773022,0.20623372949437313,0.4693394251588673,0.20430551343956183,0.1966080238576526,0.15055814664187173,0.15055814664187173,0.15055814664187173,1.9633570997012524,0.5851324364679162,1.8524261140080047,0.13923261614390048,0.11387977483829594,1.17525141587185,1.0042465012164061,0.10305735793042214,0.45196733309739184,19.021380284389675,5.040665775363265,5.040665775363265,2.237912645773828,11.455295048751791,110.34160078375977,26.798320499511956,0.14935667468865935,0.2562210973056529,0.20396178495584635,0.1612657104869517,1.715498137861982,7.467074778627815,0.40276550773035275,0.4274631706475939,0.24286688165807513,1.2561975987375964,21.224990785108737,1.3058879722289867,0.32592724581265936,1.320771705496041,1.1768386272069746,0.2629119856218412,0.0034554798559703614,0.3455479855970361,7.311902455897613,1.1008664821860947,9.660157384987894,3.5073884469041854,37.427734347976475,37.427734347976475,37.427734347976475,3.1255690072639224,2.3664718090626082,0.7590971982013144,0.7657782408254011,0.9623236326209753,2.237912645773828,0.11449110750122982,0.2342217591745989,26.179651111807708,0.2894309927360775,Energy
2020-03-31,EOG,2020,Q1,USD,0.5803065412211397,0.0218740097333587,0.4105564546605024,0.016573879611782378,0.008923156891622628,0.0028781591754419343,0.0028781591754419343,0.0028781591754419343,1.975276938426859,0.5041630939868341,2.2013970452809337,0.11700803804020832,0.09232171028794005,1.5077891787036084,1.3539224406162957,0.06248681822009206,0.67522522009816,519.044,-5.286559259259259,-5.286559259259259,0.9669821745240893,5.975565004232333,23.16922815960861,8.03188340984124,0.14732751300656075,0.25823761945071594,0.20523756042475477,0.17968912226706474,1.75281326739844,2.337811773627207,0.6004439942197592,0.7439805459465013,0.34666167360047784,1.5859454176513474,1.2885432982770195,3.0722214826999323,0.4662099768132085,1.5306005473624873,1.3928665726204936,16.7,0.00804363406570541,0.8043634065705411,6.011147058823529,0.01730103806228374,9.669941176470589,5.029155709342561,37.14649653979239,37.14649653979239,37.14649653979239,4.472176470588235,2.9218442906574396,1.5503321799307959,0.3225494307002548,0.5383867326560736,0.9669821745240893,0.2670552014858085,0.6834822436538399,16.403913197401952,0.2889273356401384,Energy
2020-06-30,EOG,2020,Q2,USD,0.13538628445744416,-0.8994095718282828,-0.2669935648110745,-0.8957402116044445,-0.9441426260780961,-0.7496871439665364,-0.7496871439665364,-0.7496871439665364,1.0637597429475443,0.8186230355785277,1.550137456028851,0.04149415746645155,0.03443953581872933,2.1339730530486483,1.8199246094353785,-0.01364314714043589,1.1216683585679599,-8.063738750626797,0.0010143067610851317,0.0010143067610851317,1.4387275532816413,24.18112509459876,-81.36538520217808,333.0397166019483,0.16969393644043748,0.2931643060519708,0.22670306060874904,0.21858905422921227,1.7276062551290476,0.5240896184269422,0.040881348285191896,0.07260733146581502,-4.093137588845743,-0.2682818254994268,-20.042222345193956,0.3217162290009972,0.01473572270861302,0.19634262427743088,0.13232808422216646,-0.23862306792290167,0.007398028237966954,0.7398028237966955,2.0950224525043177,-1.5706113989637305,10.41643696027634,4.173576856649396,35.2116701208981,35.2116701208981,35.2116701208981,0.1521139896373057,0.7747374784110536,-0.6226234887737478,0.7940401410332308,1.0540362192593247,1.4387275532816413,0.20376638049593385,0.2059598589667692,-101.56157138093296,0.3747841105354059,Energy
2020-09-30,EOG,2020,Q3,USD,0.49381270801315996,0.0,0.42468392424780793,-0.00117890413172451,-0.022828779160936487,-0.018446765571829317,-0.018446765571829317,-0.018243910660438255,2.0238077656110445,0.9359725757391997,1.7430688618947827,0.08040154778020861,0.06563656322466391,1.6870815041645115,1.4657133907409234,0.05229459377829852,1.0150706513353125,-122.50253137730472,1.285020206202769,1.285020206202769,1.0328034199962814,9.039101913091223,28.607175556148217,17.147384580648723,0.17038509816582748,0.2966047898966892,0.22875497006325424,0.19722117433947928,1.740790674123498,1.019090421146408,0.40183315331376185,0.5271417265168291,0.5994085136784302,0.9150838868662164,-0.0509747943352992,1.182583503217734,0.20306805955064264,2.4963086689197946,1.7259076797048662,-5.109850001177385,0.010428049820128156,1.0428049820128156,3.9760587219343697,-0.0733454231433506,10.413354058721934,5.2945699481865285,34.79849050086356,34.79849050086356,34.79849050086356,2.095946459412781,0.8396183074265976,1.256328151986183,0.8080487108743222,19.364406779661017,1.0328034199962814,0.28718416704870814,0.19195128912567785,24.261281542752698,0.3747841105354059,Energy
2020-12-31,EOG,2020,Q4,USD,0.5663010756193299,0.1667617432267054,0.5528663242060992,0.16911328421256322,0.1483402406887681,0.1170277437448004,0.1170277437448004,0.1170277437448004,1.866080413229077,0.8477447151186989,1.9870194041636413,0.10083144900627572,0.08053828054109582,1.6942172836423415,1.5123149477587956,0.0779237751531764,0.9620890007930397,21.413897162973452,-0.024026307393937765,-0.024026307393937765,1.4238010919871635,10.024080279063863,103.2071611991031,25.78029720719419,0.17069018587862492,0.30103083521251006,0.23137870914745826,0.19296808211148264,1.7636095107809437,1.2881796367676335,0.32404748527789917,0.38882718063725685,0.24979174804992338,1.3318178920075376,9.180211215903315,1.0419042822375837,0.18346381424901997,1.3329632104160674,1.057030779368801,0.6506759199445278,0.007596421088049361,0.7596421088049361,4.9750200129739275,0.5822153672035665,10.635541316439623,5.7432542475811905,35.02595993264599,35.02595993264599,35.02595993264599,1.9344230052585814,1.4512201013070543,0.4832029039515272,0.7889143444922386,0.8771649216055383,1.4238010919871635,0.20516588267723623,0.21108565550776137,19.876466742103585,0.37883351966102163,Energy
2021-03-31,EOG,2021,Q1,USD,0.6758296186230808,0.2298167409608717,0.46607231302625063,0.23080733036156514,0.21817731550272412,0.16765725606736007,0.16765725606736007,0.16765725606736007,2.2089715536105032,0.6730077120822622,2.329181494661922,0.14086374101723295,0.11163639379613502,1.8692632850241546,1.6995772946859904,0.10584723213706275,1.0229468599033817,15.534490398818315,0.15271193951380718,0.15271193951380718,2.026172815721029,10.417880138682516,44.142077649527806,22.495935828877005,0.14934616128943076,0.2601868798766978,0.20646690108546095,0.19701423267326731,1.742173201040362,1.5292372900612452,0.5646135265700483,0.4631005448241704,0.5096256684491979,4.726760563380282,19.829787234042552,6.071428571428571,0.3461680858941133,2.039258451472192,1.6461267605633803,0.32348596750369274,0.005205931433841882,0.5205931433841882,6.962068965517242,1.1672413793103449,9.394827586206896,5.841379310344828,35.796551724137935,35.796551724137935,35.796551724137935,3.2241379310344827,1.5810344827586207,1.643103448275862,0.7684449489216799,0.9452789699570815,2.026172815721029,0.12841297536809976,0.23155505107832008,23.422635494155156,0.3775862068965517,Energy
2021-06-30,EOG,2021,Q2,USD,0.7079252003561888,0.2602404274265361,0.47617987533392697,0.2606856634016029,0.25022261798753337,0.20191451469278718,0.20191451469278718,0.20191451469278718,2.217176702862784,0.6520874751491054,2.5426356589147288,0.15673959314700442,0.12178392300393114,1.7328835582208895,1.6039480259870065,0.1172831792051987,0.9695152423788106,13.339360529217199,0.40018081587651577,0.40018081587651577,2.3176667784109957,10.773642030276047,90.28955223880597,31.042463117382937,0.14580452758573947,0.25755471481250897,0.20480597128603525,0.19586398120691648,1.7664383889660458,1.5457673778389538,0.3895552223888056,0.34706144256455923,0.3438101347017319,5.70326409495549,26.022222222222222,5.339041095890411,0.2898847155076236,1.5239491691104594,1.2353407290015848,0.26350606394707826,0.00493850629814527,0.49385062981452704,7.744827586206896,1.563793103448276,9.35,6.689655172413793,36.001724137931035,36.001724137931035,36.001724137931035,2.6879310344827587,1.763793103448276,0.9241379310344827,0.8069395017793595,0.9598633646456021,2.3176667784109957,0.11112672331140279,0.19306049822064056,23.32547919588593,0.41206896551724137,Energy
2021-09-30,EOG,2021,Q3,USD,0.743452494742879,0.2823551902121965,0.4735232269164596,0.28120818199197095,0.2731791244503919,0.20932900019116804,0.20932900019116804,0.20932900019116804,2.428505106778087,0.6805273833671399,2.5758157389635317,0.18325451042214047,0.14072420101151403,2.109357060849598,1.9598163030998852,0.13597715324203286,1.2322043628013777,10.64768721461187,0.5190747517123289,0.5190747517123289,2.142746152079026,8.915478875931944,35.874515384615385,21.23719034608379,0.14438286882599807,0.24658855961405926,0.19781070322865987,0.18920429146177917,1.7078796232483344,1.5389820535451604,0.6303099885189437,0.41980500860256165,0.5919854280510018,6.377976190476191,30.645833333333332,7.625,0.4091671324762437,2.450892857142857,1.2797202797202798,0.7488584474885844,0.01758265509670782,1.758265509670782,9.003442340791738,1.8846815834767643,9.32013769363167,7.419965576592083,37.46127366609294,37.46127366609294,37.46127366609294,3.7796901893287433,1.5421686746987953,2.2375215146299485,0.7662701189643107,0.9714479945615228,2.142746152079026,0.11508062183418398,0.23372988103568929,19.261554299555915,1.4113597246127367,Energy
2021-12-31,EOG,2021,Q4,USD,0.7660798916723087,0.4294177386594448,0.5907244414353419,0.4278943805010156,0.42298578199052134,0.33598510494245093,0.33598510494245093,0.33598510494245093,2.5301927194860814,0.6164139161462979,2.3664383561643834,0.20783789488496446,0.15451407050946753,2.1237011380504702,1.979218208807521,0.18298455406078726,1.288718456209797,6.500028967254408,0.07935100297687198,0.07935100297687198,2.326881424706943,8.735651658767772,23.982448884758366,16.30139924194567,0.139894340412177,0.24116321009918845,0.1943041883105089,0.17970339139761085,1.7238954012623986,1.4054954204829309,0.7832756061355765,0.535883547731889,0.6797220467466835,9.447619047619048,66.52631578947368,11.429602888086643,0.5918863338941859,3.1222879684418148,1.3082644628099174,0.7083123425692696,0.027242660999573145,2.7242660999573145,10.168674698795181,3.4165232358003443,9.271944922547332,8.965576592082616,38.17555938037866,38.17555938037866,38.17555938037866,5.449225473321859,1.7452667814113598,3.703958691910499,0.7943177270908364,0.9885284810126582,2.326881424706943,0.09951515426302111,0.20568227290916366,14.828146131805157,2.4199655765920824,Energy
2022-03-31,EOG,2022,Q1,USD,0.8062176165803109,0.08068097705403404,0.21450777202072538,0.5025906735751295,0.07357512953367876,0.05773501110288675,0.05773501110288675,0.05773501110288675,2.10239651416122,0.4921052631578947,2.233788395904437,0.23733398917855386,0.17731054938709084,1.3536079182630907,1.2600574712643677,0.07815425499788609,0.6400063856960408,44.48196153846154,-0.553193848951049,-0.553193848951049,3.221534818941504,10.272666173205034,-383.3804419889503,83.80659420289855,0.13969603905819356,0.24707520891364904,0.19812374357828905,0.15049692380501656,1.7686629526462396,1.9994080213112329,0.13218390804597702,0.1225758697261288,-0.21859903381642512,0.8635778635778636,70.72916666666667,0.549800796812749,0.1555806087936866,0.8206144697720515,0.4074803149606299,2.623076923076923,0.014742363153257457,1.4742363153257456,11.606529209621993,0.6701030927835051,9.22680412371134,6.8883161512027495,37.01030927835052,37.01030927835052,37.01030927835052,1.422680412371134,1.7336769759450172,-0.31099656357388317,0.7847082494969819,0.1463917525773196,3.221534818941504,0.07669487458615463,0.2152917505030181,48.795624568668046,1.7577319587628866,Energy
2022-06-30,EOG,2022,Q2,USD,0.8395604395604396,0.33892423366107577,0.45286292654713706,0.33580104106419895,0.3333718912666281,0.258877964141122,0.258877964141122,0.258877964141122,2.3145917001338687,0.4789364640883978,1.8768606224627875,0.2996845425867508,0.22667086184745275,1.413488210818308,1.285367545076283,0.2036393504770329,0.5327669902912622,7.192417336907953,0.015201639166335422,0.015201639166335422,2.8857350304768734,7.447833429728167,103.18352564102564,31.43873046875,0.13914890269802566,0.23785406955898172,0.19215033129367465,0.14582136977910493,1.709349229114378,3.758695652173913,0.3550624133148405,0.23689994216310006,0.3046875,2.1157826649417855,60.479166666666664,1.3671562082777036,0.3859054079517618,1.4382022471910112,0.7037800687285224,0.6639857015192135,0.023079365059642917,2.307936505964292,14.828473413379074,3.8387650085763294,9.1852487135506,5.2727272727272725,38.27101200686106,38.27101200686106,38.27101200686106,3.5128644939965694,2.4425385934819897,1.0703259005145798,0.7765440666204025,0.9927661040303135,2.8857350304768734,0.08242408504140307,0.22345593337959752,17.01673563218391,2.5488850771869638,Energy
2022-09-30,EOG,2022,Q3,USD,0.8146880758094235,0.48749670966043696,0.6155567254540668,0.4822321663595683,0.4821005527770466,0.37562516451697814,0.37562516451697814,0.37562516451697814,2.211292200232829,0.5180279617365711,1.614678899082569,0.2610906841689289,0.18766517647639983,1.7753219631047685,1.623564218586843,0.23001562687823054,0.9175078315349808,5.705903118430274,0.20670441485634192,0.20670441485634192,2.7312922973709592,8.57312319031324,18.256331278026906,13.647305677770795,0.13137550324795613,0.2230282192125456,0.18235737794843665,0.13749954793678348,1.6976393140173591,2.221637426900585,0.8306648103028194,0.6281916293761516,0.747538235910329,2.4826700898587934,89.36585365853658,3.1463414634146343,0.8973491257755217,3.9609958506224068,1.8963051251489869,0.45970567624386827,0.020141670244934684,2.0141670244934686,13.032590051457976,4.895368782161235,9.193825042881647,9.042881646655232,40.9073756432247,40.9073756432247,40.9073756432247,8.18696397941681,2.0668953687821614,6.1200686106346485,0.7791427791427792,0.9997270742358079,2.7312922973709592,0.08165666465915213,0.22085722085722087,13.9374791533034,2.2504288164665525,Energy
2022-12-31,EOG,2022,Q4,USD,0.7859562673236834,0.446720049276255,0.5819217739451802,0.43932861102556203,0.4402525408068987,0.3506313520172467,0.3506313520172467,0.3506313520172467,2.261929641239986,0.5489731437598736,1.3137996219281665,0.22066668932005845,0.15696985811317107,1.9000544168329403,1.708144385996735,0.19015188042430087,1.083257754398694,8.304751866490998,-0.4069328414580587,-0.4069328414580587,3.0525719359134755,11.647625500461965,36.33029779058597,21.962740998838562,0.14401392279616157,0.24044553856087816,0.19383804535250676,0.1262385838710815,1.669599257435732,1.3792078156525434,0.6247052421549066,0.530335694487219,0.6045296167247387,2.412830188679245,67.92857142857143,2.6843335931410754,0.5780463242698892,2.5286343612334803,1.2807735217552993,0.582784365393061,0.017543701929992297,1.7543701929992297,11.11986301369863,3.8989726027397262,10.273972602739725,10.226027397260275,42.429794520547944,42.429794520547944,42.429794520547944,5.897260273972603,2.3321917808219177,3.565068493150685,0.7964323189926548,1.0021030494216614,3.0525719359134755,0.06429165221217223,0.20356768100734524,20.01208785392961,2.2722602739726026,Energy
2023-03-31,EOG,2023,Q1,USD,0.7641154328732748,0.47266535221365835,0.6216167772002151,0.4610145187309554,0.4651371213479118,0.36260978670012545,0.36260978670012545,0.36260978670012545,2.2725050916496947,0.5397867104183757,1.1635720601237842,0.1845945141117692,0.13599024984765387,2.172185430463576,1.9046830652790918,0.1832070869174477,1.1868495742667928,8.27285219970341,-0.7332755358828019,-0.7332755358828019,2.63071953471922,11.99926868614447,41.04470876762722,20.566488479262674,0.10174283973187082,0.16402719377529767,0.1409135410688363,0.12954094547444756,1.6121743231029197,1.1250252066948982,0.7698675496688742,0.5834378920953576,0.5010752688172043,38.61333333333334,61.23809523809524,98.63636363636364,0.7798275035936751,2.0043103448275863,1.20958751393534,0.52743450321305,0.015938714075901143,1.5938714075901141,9.553082191780822,3.464041095890411,7.219178082191781,8.592465753424657,43.5736301369863,43.5736301369863,43.5736301369863,5.573630136986301,2.780821917808219,2.7928082191780823,0.7795761078998074,1.0089424572317263,2.63071953471922,0.05706268769441646,0.22042389210019267,19.0599538638985,1.827054794520548,Energy
2023-06-30,EOG,2023,Q2,USD,0.7483516483516484,0.37014652014652016,0.5347985347985348,0.3608058608058608,0.3637362637362637,0.2844322344322344,0.2844322344322344,0.2844322344322344,2.411660777385159,0.6231292517006802,1.0140221402214022,0.1766418634746037,0.1316074915033625,2.3870276065398017,2.023854194585902,0.16099803020354564,1.2768694719914233,10.684996780424983,-0.4739754982085956,-0.4739754982085956,2.527904939635145,12.156630036630037,87.7978835978836,29.15028546332894,0.10000723118085184,0.1580150055223369,0.13645333157929357,0.1258447914239105,1.580035799977149,1.0778797749481788,0.6102921468775128,0.41703296703296705,0.33201581027667987,6.155940594059406,56.285714285714285,6.170731707317073,0.5488069414316703,1.4970414201183433,1.1379310344827587,0.30907920154539603,0.007231616627897166,0.7231616627897167,9.413793103448276,2.6775862068965517,7.213793103448276,8.213793103448277,45.27068965517241,45.27068965517241,45.27068965517241,3.9258620689655173,2.622413793103448,1.303448275862069,0.7819738167170192,1.0081218274111674,2.527904939635145,0.06250828622738613,0.21802618328298087,22.520616438356164,0.8275862068965517,Energy
2023-09-30,EOG,2023,Q3,USD,0.7655815475216751,0.42679535416325864,0.5786029772615737,0.41828889252412893,0.4209062653361688,0.3320791755275642,0.3320791755275642,0.3320791755275642,2.088486504953878,0.5815746753246753,1.0391588107324148,0.1926993033445765,0.14005544481865878,2.42792899408284,2.1015384615384614,0.1861665303039839,1.2605917159763314,9.03867487684729,0.2918511887945872,0.2918511887945872,2.6440680164276964,12.006222803860625,61.88367622259697,27.142766272189352,0.09492061310055674,0.14925426903955616,0.12987053697376258,0.11963209641611164,1.5724115570286044,1.0908279800142755,0.64,0.44233600523474564,0.4386094674556213,7.356265356265356,71.02777777777777,7.288409703504043,0.6526671494086411,1.7812911725955205,1.3439363817097416,0.24334975369458128,0.006730791764562898,0.6730791764562899,10.557858376511227,3.5060449050086357,7.217616580310881,9.198618307426598,47.9412780656304,47.9412780656304,47.9412780656304,4.670120898100173,2.621761658031088,2.0483592400690847,0.7889623008161679,1.006257332811889,2.6440680164276964,0.05644872526434026,0.2110376991838321,20.415900480633304,0.853195164075993,Energy
2023-12-31,EOG,2023,Q4,USD,0.7535655058043118,0.4262023217247098,0.5804311774461028,0.415257048092869,0.42039800995024873,0.3296849087893864,0.3296849087893864,0.3296849087893864,2.220176730486009,0.6097661058678703,1.1654901960784314,0.186704647490479,0.13749230453519393,2.4386352479135986,2.1256750122729504,0.1850700830849242,1.29553264604811,8.8065958249497,-3.8638939181967067,-3.8638939181967067,2.493059807760769,11.61360696517413,44.266782553729456,22.561227448453607,0.10944661057527874,0.17087931648273408,0.1459410155062329,0.1130967416014145,1.561302954788181,1.0139566167815706,0.7619047619047619,0.514759535655058,0.5096649484536082,7.49492385786802,71.54285714285714,8.646239554317548,0.6466666666666666,2.0394218134034166,1.0826648064178583,0.6765593561368209,0.01920604083532712,1.920604083532712,10.414507772020725,3.4335060449050085,8.350604490500864,9.115716753022452,48.5146804835924,48.5146804835924,48.5146804835924,5.360967184801382,2.6286701208981,2.7322970639032813,0.7842209072978303,1.0123801916932906,2.493059807760769,0.05627584158514809,0.21577909270216963,19.872014285714286,2.3229706390328153,Energy
2024-03-31,EOG,2024,Q1,USD,0.4283276450511945,0.39812286689419796,0.5844709897610921,0.3430034129692833,0.3924914675767918,0.3052901023890785,0.3052901023890785,0.3052901023890785,2.1800595238095237,1.4022603599832566,2.902946273830156,0.17716237869214257,0.13081525136172872,2.323426164287386,2.0533582962789607,0.17827970297029702,1.238474139948514,10.426495248742313,-1.1175899594745662,-1.1175899594745662,2.605531498812683,12.732423208191125,69.86142322097378,25.70168790905959,0.09172693990534869,0.14349071099315547,0.12548480684073904,0.11598184793010835,1.5643246263444615,1.0177144841959014,0.6793821670957173,0.4953924914675768,0.36789528074405786,43.492537313432834,60.90909090909091,85.38235294117646,0.706497931370163,1.582016348773842,1.2300847457627118,0.29346003353828953,0.007036401651208921,0.7036401651208921,10.191304347826087,3.111304347826087,7.2034782608695656,9.203478260869565,49.80173913043478,49.80173913043478,49.80173913043478,5.0486956521739135,3.1913043478260867,1.857391304347826,0.7778260869565218,1.144278606965174,2.605531498812683,0.05080952125663432,0.22217391304347825,21.439124087591242,0.9130434782608695,Energy
2024-06-30,EOG,2024,Q2,USD,0.44762062128222074,0.3628552544613351,0.5290812954395241,0.36698612029081296,0.356906807666887,0.2792465300727032,0.2792465300727032,0.2792465300727032,2.2760436254230916,1.3723316912972086,3.127221702525725,0.17988348591130662,0.13382274898284097,2.11819360414866,1.887208297320657,0.1678182384064737,1.1735090751944683,10.65107396449704,-2.366060002113277,-2.366060002113277,2.4692636921705136,11.897101784534039,59.06584085315833,24.922554517133957,0.09037236865381214,0.14016255701498678,0.12293208205498406,0.10028078620136383,1.5509448197811997,1.1176361957525391,0.6242437337942955,0.4773628552544613,0.4219453097957771,3.129438717067583,61.69444444444444,3.4516129032258065,0.7068754587717152,1.7299401197604791,1.319178082191781,0.3076923076923077,0.0072220958355451,0.7222095835545099,10.636203866432338,2.9701230228471003,7.246045694200351,9.54481546572935,51.246045694200355,51.246045694200355,51.246045694200355,5.077328646748682,2.9349736379613356,2.142355008787346,0.7824074074074074,0.9725348941918055,2.4692636921705136,0.05676289553821697,0.2175925925925926,22.066602123672705,0.9138840070298769,Energy
2024-09-30,EOG,2024,Q3,USD,0.6815004262574595,0.3691389599317988,0.5473145780051151,0.35618073316283033,0.3638533674339301,0.28525149190110827,0.28525149190110827,0.28525149190110827,2.3045186640471513,0.8157205240174672,1.7996146435452793,0.17186309558694252,0.12708283677493445,2.3070812528370404,2.0714934180662734,0.16311757254026663,1.389468906037222,10.360508069336522,0.0,0.0,2.344374112396024,11.821401534526855,33.23706615532119,19.323444816053513,0.08914216376676562,0.13910867654020423,0.1221206364284018,0.11231840557089687,1.560526137823764,1.072800438997622,0.8143440762596459,0.611764705882353,0.5813823857302118,6.8213399503722085,67.38709677419355,9.64516129032258,0.8721438988818668,2.388814913448735,1.7631449631449632,0.3185893604303646,0.007687590181346357,0.7687590181346359,10.398936170212766,2.9663120567375887,7.349290780141844,10.854609929078014,52.43617021276596,52.43617021276596,52.43617021276596,6.361702127659575,2.6631205673758864,3.698581560283688,0.7839737582005624,1.0215414073719482,2.344374112396024,0.05933723453294356,0.21602624179943766,20.973370716510903,0.9450354609929078,Energy
2024-12-31,EOG,2024,Q4,USD,0.976637168141593,0.29415929203539826,0.4785840707964602,0.28176991150442476,0.28743362831858404,0.22141592920353984,0.22141592920353984,0.22141592920353984,2.1320754716981134,0.05357142857142857,0.13401015228426397,0.16043388136411393,0.11973890560759547,2.0974971983563693,1.9135225999252896,0.1250350434538828,1.3246171087037728,13.644496402877698,-0.562835476618705,-0.562835476618705,2.3262260229634424,12.084435398230088,48.83909871244635,24.711205211726384,0.10738354596702411,0.17263466321420054,0.1472194781800221,0.12261979493617911,1.6076453953868692,0.9712075633863343,0.5160627568173328,0.4890265486725664,0.505971769815418,4.33271375464684,41.89473684210526,5.526,0.5452930728241563,2.024175824175824,1.4743863393810033,0.40687450039968026,0.007454919705095679,0.745491970509568,10.14362657091562,2.245960502692998,9.165170556552962,12.73249551166966,52.69479353680431,52.69479353680431,52.69479353680431,4.960502692998205,2.4506283662477557,2.509874326750449,0.770320197044335,1.020100502512563,2.3262260229634424,0.06740184770697508,0.22967980295566504,24.501501479289942,0.9138240574506283,Energy
2025-03-31,EOG,2025,Q1,USD,0.6826429305032523,0.3293392673741869,0.5027387880862718,0.31821294077370765,0.32129407737076343,0.25042793563848,0.25042793563848,0.25042793563848,2.228920259442961,0.7879303017424565,2.0668896321070234,0.1686879186879187,0.124345494018986,2.3121887854513963,2.117990907122754,0.14176113592121836,1.428664213033124,12.052631578947368,0.6614249037227212,0.6614249037227212,2.3896191895920857,12.073262581307771,77.6784140969163,30.813455657492355,0.10774339108594781,0.17150020327957718,0.1463936607091214,0.10503335354760461,1.5917468491665536,0.9788053949903661,0.49556180991556614,0.3918178705922629,0.3966797728265618,1.901281085154484,39.5531914893617,1.78828125,0.4521928091663374,1.6574945691527878,1.1928087545596664,0.3677375256322625,0.0076277434356036965,0.7627743435603697,10.621818181818181,2.66,9.289090909090909,11.998181818181818,53.665454545454544,53.665454545454544,53.665454545454544,4.161818181818182,2.5109090909090908,1.6509090909090909,0.7794352690463505,1.0096826250672404,2.3896191895920857,0.06726025066636421,0.22056473095364945,23.491658154579504,0.9781818181818182,Energy
