date,symbol,fiscalYear,period,reportedCurrency,grossProfitMargin,ebitMargin,ebitdaMargin,operatingProfitMargin,pretaxProfitMargin,continuousOperationsProfitMargin,netProfitMargin,bottomLineProfitMargin,receivablesTurnover,payablesTurnover,inventoryTurnover,fixedAssetTurnover,assetTurnover,currentRatio,quickRatio,solvencyRatio,cashRatio,priceToEarningsRatio,priceToEarningsGrowthRatio,forwardPriceToEarningsGrowthRatio,priceToBookRatio,priceToSalesRatio,priceToFreeCashFlowRatio,priceToOperatingCashFlowRatio,debtToAssetsRatio,debtToEquityRatio,debtToCapitalRatio,longTermDebtToCapitalRatio,financialLeverageRatio,workingCapitalTurnoverRatio,operatingCashFlowRatio,operatingCashFlowSalesRatio,freeCashFlowOperatingCashFlowRatio,debtServiceCoverageRatio,interestCoverageRatio,shortTermOperatingCashFlowCoverageRatio,operatingCashFlowCoverageRatio,capitalExpenditureCoverageRatio,dividendPaidAndCapexCoverageRatio,dividendPayoutRatio,dividendYield,dividendYieldPercentage,revenuePerShare,netIncomePerShare,interestDebtPerShare,cashPerShare,bookValuePerShare,tangibleBookValuePerShare,shareholdersEquityPerShare,operatingCashFlowPerShare,capexPerShare,freeCashFlowPerShare,netIncomePerEBT,ebtPerEbit,priceToFairValue,debtToMarketCap,effectiveTaxRate,enterpriseValueMultiple,dividendPerShare,sector
1996-03-31,EG,1996,Q1,USD,1.0,0.0,0.13539651837524178,0.13539651837524178,0.3218568665377176,0.10754352030947775,0.2940038684719536,0.10754352030947775,0.8744925575101489,0.0,0.0,0.0,0.05434325597040027,0.0,0.0,0.0,0.0,4.031997643914474,0.0,0.0,1.2683436297081954,4.741691619922631,12.545826855168885,12.545826855168883,0.0,0.0,0.0,0.0,4.922185430463577,0.0,0.0,0.37794970986460347,1,0.0,0.0,0.0,0.0,0,65.13333333333334,0.019736842105263157,0.0012237632464302238,0.12237632464302238,5.114208587102441,1.5035971087806015,0.0,0.0,94.1093516716785,94.1093516716785,19.119424288494386,1.9329136516824312,0,1.9329136516824312,0.9134615384615384,2.3771428571428572,1.2683436297081954,0.0,0.08653846153846154,35.02077953571428,0.029676258725932925,Financial Services
1996-06-30,EG,1996,Q2,USD,1.0,0.0,0.14105419450631032,0.14105419450631032,0.32887899034892354,0.10653303637713438,0.2943578322197476,0.10653303637713438,0.8991989319092123,0.0,0.0,0.0,0.05655386682341087,0.0,0.0,0.0,0.0,4.068388958102144,0.8717976338790314,0.8717976338790314,1.3265758403680097,4.790248617334818,19.23238416557377,19.23238416557377,0.0,0.0,0.0,0.0,4.896792763157895,0.905241935483871,0.0,0.24907201187824796,1,0.0,0.0,0.0,0.0,0,44.733333333333334,0.018915510718789406,0.0011623465033449797,0.11623465033449797,5.350452982179436,1.5749477412280226,0.0,0.0,94.60808398630276,94.60808398630276,19.320418192517284,1.3326480887314038,0,1.3326480887314038,0.8950338600451467,2.331578947368421,1.3265758403680097,0.0,0.10496613995485328,33.96034151342105,0.02979094088073183,Financial Services
1996-09-30,EG,1996,Q3,USD,1.0,0.0,0.10163024627124523,0.10163024627124523,0.25078043704474506,0.08047173083593478,0.22962192160943462,0.08047173083593478,1.0610967979389032,0.0,0.0,0.0,0.05853688249984772,0.0,0.0,0.0,0.0,4.713976130098187,-0.2846516355482367,-0.2846516355482367,1.2302985208456534,4.329729029656607,10.367615276162791,10.367615276162791,0.0,0.0,0.0,0.0,4.854228267297457,1.0092770873446526,0.0,0.41762053416579953,1,0.0,0.0,0.0,0.0,0,75.25,0.02416918429003021,0.001281783340803997,0.12817833408039972,5.716293059097726,1.3125861967126933,0.0,0.0,97.65284406993483,97.65284406993483,20.117068809436535,2.3872413607886447,0,2.3872413607886447,0.9156293222683264,2.467576791808874,1.2302985208456534,0.0,0.08437067773167359,42.602760383959044,0.03172413768489893,Financial Services
1996-12-31,EG,1996,Q4,USD,1.0,0.0,0.11721404303510759,0.11721404303510759,0.27010192525481314,0.09144960362400906,0.24433748584371462,0.09144960362400906,1.619440623567171,0.0,0.0,0.0,0.07008770885422867,0.0,0.0,0.0,0.0,4.200463532010429,0.1375651806733416,0.1375651806733416,1.3351749643186004,4.105322795158551,11.2577640625,11.2577640625,0.0,0.0,0.0,0.0,4.640331491712707,1.4422213148223766,0.0,0.3646659116647792,1,0.0,0.0,0.0,0.0,0,85.86666666666666,0.01738122827346466,0.0010344827505945303,0.10344827505945303,7.003103393941439,1.7111206763792361,0.0,0.0,99.9191371557998,99.9191371557998,21.53275845362515,2.553793083634364,0,2.553793083634364,0.9046121593291404,2.3043478260869565,1.3351749643186004,0.0,0.09538784067085954,35.024154861111114,0.029741379079592747,Financial Services
1997-03-31,EG,1997,Q1,USD,1.0,0.0,0.16,0.16,0.3586086956521739,0.12,0.3186086956521739,0.12,1.177795985251946,0.0,0.0,0.0,0.05650328210369089,0.0,0.0,0.0,0.0,4.048570414847161,0.6923055409388632,0.6923055409388632,1.382862123613312,5.159638956521739,17.228759581881533,17.228759581881533,0.0,0.0,0.0,0.0,4.74335788198005,1.2440501947209,0.0,0.2994782608695652,1,0.0,0.0,0.0,0.0,0,43.05,0.021834061135371178,0.0013482574648633994,0.1348257464863399,5.694196870667459,1.8142206377500496,0.0,0.0,100.77639136462666,100.77639136462666,21.245791245791246,1.7052881758764111,0,1.7052881758764111,0.8884578079534433,2.241304347826087,1.382862123613312,0.0,0.11154219204655674,32.24774347826087,0.03961180431768667,Financial Services
1997-06-30,EG,1997,Q2,USD,1.0,0.0,0.18990911939830774,0.18990911939830774,0.4142901911626449,0.138827953619555,0.3632090253838922,0.138827953619555,1.337384744341995,0.0,0.0,0.0,0.0607936901064985,0.0,0.0,0.0,0.0,4.314250366695427,0.1593631257901781,0.1593631257901781,1.7165177394438724,6.267898683798183,16.48875902720528,16.488759027205276,0.0,0.0,0.0,0.0,4.5047202197047715,1.3221462606173606,0.0,0.3801316201817612,1,0.0,0.0,0.0,0.0,0,60.65,0.01725625539257981,0.0009999567668691842,0.09999567668691843,6.322693138362163,2.296459212585944,0.0,0.0,104.0024569537736,104.0024569537736,23.087439814539618,2.4034555865977136,0,2.4034555865977136,0.8767019667170953,2.1815181518151814,1.7165177394438724,0.0,0.12329803328290469,33.004727227722775,0.039628286671025775,Financial Services
1997-09-30,EG,1997,Q3,USD,1.0,0.0,0.15315043714199578,0.15315043714199578,0.33463973470003017,0.11576725957190231,0.2972565571299367,0.11576725957190231,1.2386109036594473,0.0,0.0,0.0,0.06178059228906686,0.0,0.0,0.0,0.0,5.246211967545639,-0.3447510721529994,-0.3447510721529994,1.6594001122784505,6.2378836297859515,27.77323489932886,27.77323489932886,0.0,0.0,0.0,0.0,4.305878578875611,1.3100315955766193,0.0,0.22460054265902923,1,0.0,0.0,0.0,0.0,0,35.476190476190474,0.02129817444219067,0.0010149310861792484,0.10149310861792485,6.572742044148535,1.953790670946776,0.0,0.0,106.38845955692942,106.38845955692942,24.70772401220624,1.4762414298735782,0,1.4762414298735782,0.8882882882882883,2.1850393700787403,1.6594001122784505,0.0,0.11171171171171171,40.73043307086614,0.041612174533349186,Financial Services
1997-12-31,EG,1997,Q4,USD,1.0,0.0,0.13854253255749516,0.13854253255749516,0.3064560820171793,0.10473815461346633,0.2726517040731505,0.10473815461346633,1.4086651053864168,0.0,0.0,0.0,0.06516793066088841,0.0,0.0,0.0,0.0,5.288929115853659,0.0,0.0,1.5921395793499045,5.768142144638404,22.028809523809525,22.028809523809525,0.0,0.0,0.0,0.0,4.235564053537285,1.3774809160305344,0.0,0.26184538653366585,1,0.0,0.0,0.0,0.0,0,47.25,0.02032520325203252,0.0009607428463688124,0.09607428463688124,7.151349423374153,1.9498276067055047,0.0,0.0,109.73724884080372,109.73724884080372,25.908532477311457,1.8725478540007134,0,1.8725478540007134,0.8896925858951176,2.212,1.5921395793499045,0.0,0.11030741410488246,41.63445,0.03963064241271351,Financial Services
1998-03-31,EG,1998,Q1,USD,1.0,0.0,0.17167381974248927,0.17167381974248927,0.3750412677451304,0.13139650049521295,0.33476394849785407,0.13139650049521295,1.1443143180959576,0.0,0.0,0.0,0.05327400320101307,0.0,0.0,0.0,0.0,5.119042233727811,1.6636887259615445,1.6636887259615445,1.5308438619774387,6.854683162759987,29.576688461538463,29.57668846153846,0.0,0.0,0.0,0.0,4.192066651920666,1.1629871376463812,0.0,0.2317596566523605,1,0.0,0.0,0.0,0.0,0,28.08,0.02465483234714004,0.0012040744743565923,0.12040744743565923,6.000277332065529,2.008676531764426,0.0,0.0,112.63049464154831,112.63049464154831,26.86753431984311,1.390622214298449,0,1.390622214298449,0.8926056338028169,2.1846153846153844,1.5308438619774387,0.0,0.1073943661971831,39.92852942307693,0.049523583130286646,Financial Services
1998-06-30,EG,1998,Q2,USD,1.0,0.0,0.1725181598062954,0.1725181598062954,0.3713680387409201,0.13165859564164648,0.3305084745762712,0.13165859564164648,1.1699716713881019,0.0,0.0,0.0,0.05763728979136139,0.0,0.0,0.0,0.0,4.451348039835164,0.5964806373379102,0.5964806373379102,1.3894160524510504,5.884833001815981,36.894664588235294,36.894664588235294,0.0,0.0,0.0,0.0,4.09632699728455,1.2078230670809724,0.0,0.15950363196125908,1,0.0,0.0,0.0,0.0,0,21.08,0.022893772893772892,0.0012857775155355332,0.1285777515535533,6.532046022060087,2.15889656661308,0.0,0.0,113.33020767813936,113.33020767813936,27.666299041376774,1.0418850646566786,0,1.0418850646566786,0.8899755501222494,2.1526315789473682,1.3894160524510504,0.0,0.1100244498777506,34.11138287368421,0.04942528769718589,Financial Services
1998-09-30,EG,1998,Q3,USD,1.0,0.0,0.16371411117898596,0.16371411117898596,0.3536957849725107,0.128588882101405,0.3185705558949298,0.128588882101405,1.0734426229508196,0.0,0.0,0.0,0.05633269670847743,0.0,0.0,0.0,0.0,4.528829642857143,-0.9782272028571432,-0.9782272028571432,1.2953707164404222,5.771007107513745,29.068118876923076,29.068118876923076,0.0,0.0,0.0,0.0,3.9845742492801315,1.114742934967654,0.0,0.19853390348197922,1,0.0,0.0,0.0,0.0,0,25.0,0.024928092042186004,0.0013760780382577713,0.13760780382577711,6.454679279722457,2.056270766264668,0.0,0.0,114.5814004453847,114.5814004453847,28.756246784982213,1.2814726731275496,0,1.2814726731275496,0.9006908462867013,2.16044776119403,1.2953707164404222,0.0,0.09930915371329879,35.25051729477612,0.05125890692510198,Financial Services
1998-12-31,EG,1998,Q4,USD,1.0,0.0,0.14104372355430184,0.14104372355430184,0.30409026798307476,0.11198871650211566,0.2750352609308886,0.11198871650211566,1.355640535372849,0.0,0.0,0.0,0.0591158470492104,0.0,0.0,0.0,0.0,5.021380995230769,-0.8620037375146141,-0.8620037375146141,1.3239173797593293,5.524227329026798,-425.72578003043475,-425.7257800304348,0.0,0.0,0.0,0.0,4.054015684153597,1.2515445719329215,0.0,-0.012976022566995768,1,0.0,0.0,0.0,0.0,0,-1.84,0.02564102564102564,0.001276592319193619,0.1276592319193619,7.048949596152853,1.9387096914665813,0.0,0.0,119.23959391607845,119.23959391607845,29.41271154479351,-0.09146732903329512,0,-0.09146732903329512,0.9044526901669759,2.156,1.3239173797593293,0.0,0.09554730983302412,39.166771762799996,0.049710504909399524,Financial Services
1999-03-31,EG,1999,Q1,USD,1.0,0.0,0.17681060863651818,0.17681060863651818,0.3808228493709623,0.14008840530431826,0.34410064603876234,0.14008840530431826,1.0279622509612023,0.0,0.0,0.0,0.04907064437547969,0.0,0.0,0.0,0.0,3.8373408349802376,0.8271601355401875,0.8271601355401875,1.0673782519068233,5.281725841550493,14.290299632014719,14.290299632014719,0.0,0.0,0.0,0.0,4.118326118326118,1.0741417092768444,0.0,0.36960217613056784,1,0.0,0.0,0.0,0.0,0,36.233333333333334,0.029644268774703556,0.00193130282463274,0.19313028246327402,5.905266750998936,2.0320061040499566,0.0,0.0,120.34214806336968,120.34214806336968,29.221131257153182,2.182599441800695,0,2.182599441800695,0.9035714285714286,2.1538461538461537,1.0673782519068233,0.0,0.09642857142857143,29.8722225,0.060237335100295164,Financial Services
1999-06-30,EG,1999,Q2,USD,1.0,0.0,0.14182038100997885,0.14182038100997885,0.3090414272754763,0.1152101602661022,0.28243120653159964,0.1152101602661022,1.2003629764065336,0.0,0.0,0.0,0.05565840850949239,0.0,0.0,0.0,0.0,4.251594673447538,-0.7846124715544103,-0.7846124715544103,1.1258830238162745,4.803132053220442,-397.0989425000001,-397.0989425000001,0.0,0.0,0.0,0.0,4.211511199319535,1.1777065527065527,0.0,-0.012095554883580285,1,0.0,0.0,0.0,0.0,0,-1.3793103448275863,0.031049250535331904,0.0018257414523333816,0.18257414523333818,6.793483843135644,1.9186918383697282,0.0,0.0,122.05673904558434,122.05673904558434,28.981696419400564,-0.08217095667536309,0,-0.08217095667536309,0.913894324853229,2.1791044776119404,1.1258830238162745,0.0,0.08610567514677103,33.86771364605544,0.059573943589638245,Financial Services
1999-09-30,EG,1999,Q3,USD,1.0,0.0014645577035735209,0.0,0.140597539543058,0.30433509080257765,0.11482132396016403,0.27855887521968364,0.11482132396016403,1.1592529711375212,0.0,0.0,0.0,0.059034082066711624,0.0,0.0,0.0,0.0,3.0291441278128284,1.1631913450801228,1.1631913450801228,0.8363234331688197,3.375179924487405,47.419194494650206,47.4191944946502,0.0,0.0,0.0,0.0,4.197343591232399,1.1978947368421053,0.0,0.07117750439367311,1,-17.6,96.0,0.0,0.0,0,8.379310344827585,0.030494216614090432,0.002516735365453588,0.2516735365453588,7.054438735918966,1.9650765195837543,0.010331632595077573,0.0,119.49772892118621,119.49772892118621,28.46984677899576,0.50211734412077,0,0.50211734412077,0.9153031761308951,2.1645833333333333,0.8363234331688197,0.0,0.0846968238691049,0.0,0.05992346905144992,Financial Services
1999-12-31,EG,1999,Q4,USD,1.0,0.0,0.029842444483154235,0.029842444483154235,0.11808074194652843,0.023763072062277377,0.11200136952565158,0.023763072062277377,1.6047072930462458,0.0,0.0,0.0,0.2918516586253673,17.319225886451537,17.319225886451537,2.752516902364855,0.9185881727731688,1.409927185765388,0.013957570632953843,0.013957570632953843,0.7921657182093618,0.6316551029486848,14.127380997635552,14.127380997635552,0.0103430708963165,0.04444504708915074,0.04255374393609149,0.0,4.297084254249775,2.378305096368064,1.0988160963656226,0.04471140850907911,1,0.6705254237288135,0.0,1.2616271186440677,1.2616271186440677,0,26.395744680851063,0.01512380605059503,0.002681664380133393,0.2681664380133393,35.31990780388336,3.9558780455546847,1.2517191513921218,2.880757372403038,119.58288305035217,119.58288305035217,28.16329902590367,1.5792028263224402,0,1.5792028263224402,0.9485151234599302,3.9568052815909183,0.7921657182093618,0.05610574412335822,0.05148487654006979,21.101379411859426,0.05982793232077599,Financial Services
2000-03-31,EG,2000,Q1,USD,1.0,0.1945604293747407,0.1947634643055764,0.1947458090941994,0.18548859326218284,0.1428836256742084,0.1428836256742084,0.1428836256742084,0.32144235389370857,0.0,0.0,0.0,0.05376976793638819,0.29204646509559806,0.29204646509559806,0.00981637254674066,0.014900400177856826,7.709121411507889,-0.10526938203300429,-0.10526938203300429,1.0905017001786481,4.406028872155672,79.61706120061679,79.61706120061679,0.087734734355895,0.4038428625633698,0.28766956283552014,0.24621871713061674,4.602998635924349,-0.32694847893912005,0.004181191640729213,0.05534026006126359,1,0.474042701429187,21.467077521894257,0.1774245283018868,0.03391624722955097,0,6.841396871589669,0.0566127105729231,0.0018359002132335653,0.18359002132335653,7.405761729390486,1.0581620867746082,12.150973000065376,5.586981629584432,29.922007452766458,29.922007452766458,29.922007452766458,0.40983678005622265,0,0.40983678005622265,0.7703095007693894,0.9524651345511688,1.0905017001786481,0.3703275863735119,0.2296904992306106,29.987597183822086,0.05990542395781124,Financial Services
2000-06-30,EG,2000,Q2,USD,1.0,0.16686857311857312,0.15223462098462098,0.16667235417235418,0.1338526026026026,0.11013570388570389,0.11013570388570389,0.11013570388570389,0.32027979671020274,0.0,0.0,0.0,0.05568293813766947,0.2951547245857591,0.2951547245857591,0.006847436382652293,0.014965741155396327,9.72502259288905,-0.49088209278392336,-0.49088209278392336,1.075620643075614,4.284288834288835,309.7371710526316,309.7371710526316,0.08781169321432282,0.39592287547728044,0.28362804452352736,0.242563910380269,4.50877167931323,-0.11106636636096001,0.0010891177787729512,0.013832013832013832,1,0.38426154238585153,5.04823428079242,0.045886792452830186,0.008771123096870058,0,1.7693706802473628,0.0709804022825273,0.001824684765627904,0.18246847656279042,7.674552597119162,0.8452422522915757,12.356110868616325,4.806219991270187,30.56839807944129,30.56839807944129,30.56839807944129,0.10615451767786993,0,0.10615451767786993,0.8228133166202809,0.803088210203037,1.075620643075614,0.36808783656771815,0.17718668337971913,37.25312610912895,0.059995635093845485,Financial Services
2000-09-30,EG,2000,Q3,USD,1.0,0.19417274010194197,0.1875888754273441,0.19409179094610676,0.161979260826275,0.12867407981047105,0.12867407981047105,0.12867407981047105,0.448147807769606,0.0,0.0,0.0,0.05693977461496057,0.22041882763129222,0.22041882763129222,0.0089873567222558,0.014453257790368271,11.894137815337514,0.5321061654229938,0.5321061654229938,1.5425198986421944,6.121868954109924,90.08469326980345,90.08469326980345,0.08996949306495752,0.39813125795044835,0.2847595715255503,0.23370855241084248,4.42518062942735,-0.11021098273588371,0.005488123774242754,0.06795681632366711,1,0.38392275617567867,6.028916268544129,0.18383211678832118,0.04300842066794972,0,9.15485278080698,0.05768867825612851,0.0012125443464623986,0.12125443464623985,8.085766025221451,1.0404285028581401,13.036479469389537,4.026181437360911,32.09034777675961,32.09034777675961,32.09034777675961,0.549482916612122,0,0.549482916612122,0.7943861402632018,0.8345497768694999,1.5425198986421944,0.25810445511977126,0.20561385973679827,40.103565829030074,0.060020945149888726,Financial Services
2000-12-31,EG,2000,Q4,USD,1.0,0.039266967336830653,0.043265989622075236,0.03925746470961819,0.03252960464319483,0.027138447471324503,0.027138447471324503,0.027138447471324503,2.0973752539764265,0.0,0.0,0.0,0.2700965836053839,0.2767516562939169,0.2767516562939169,0.010865891811085718,0.01542320819112628,15.391677236120298,2.6678907209275176,2.6678907209275176,1.9988595334455004,1.670824896672127,76.98983750121631,76.9898375012163,0.09747750458249889,0.43175427826535095,0.30155612930205106,0.2207802178279119,4.42927093912156,-0.5276360801214708,0.00825296125276049,0.02170188885832797,1,0.2895641785261662,5.826829650524996,0.1749276595744681,0.06013291029067361,0,14.899601304820587,0.05367077773022604,0.0008717499871338676,0.08717499871338676,41.225145817010535,1.1187864542526333,15.155850091407679,10.345716897362236,34.45965003917472,34.45965003917472,34.45965003917472,0.8946635326891268,0,0.8946635326891268,0.834269207049888,0.8286221457195879,1.9988595334455004,0.21600030969716108,0.16573079295011198,46.02152693551339,0.060046139113780796,Financial Services
2001-03-31,EG,2001,Q1,USD,1.0,0.17448461527206754,0.17449924649216497,0.1744065820982145,0.14419555113367571,0.122243843914144,0.122243843914144,0.122243843914144,0.439457068271543,0.0,0.0,0.0,0.057887549522777304,0.22609243188698286,0.22609243188698286,0.009283802939402126,0.014131786074672048,15.27949670855775,-16.807446379413417,-16.807446379413417,1.8233979767826343,7.471297642910442,48.283739342841386,48.28373934284138,0.0819660722568835,0.3455686921455412,0.2568198072404046,0.21074087661012395,4.215996724382757,-0.11027842153753314,0.012806256306760848,0.15473734521388405,1,0.4331572278269781,5.7580710087754605,0.48071969696969696,0.1092813829851358,0,19.675968992248063,0.06433273488928785,0.001052599050158117,0.1052599050158117,8.903406500358237,1.0883866345339672,12.876484508999328,4.062875876593066,36.48133915195727,36.48133915195727,36.48133915195727,1.3776894852254717,0,1.3776894852254717,0.8477643238855442,0.8267781490750968,1.8233979767826343,0.18951907183493388,0.1522356761144558,49.95149009907908,0.07001888881651794,Financial Services
2001-06-30,EG,2001,Q2,USD,1.0,0.023723707679535758,0.015584287487362425,0.16736053460024167,0.1435916193356951,0.1177267160388292,0.1177267160388292,0.1177267160388292,0.48245867102882495,0.0,0.0,0.0,0.0665115872226201,0.24486220930232558,0.24486220930232558,0.009508469366432482,0.0035118217054263567,15.060597650590841,1.094403429276269,1.094403429276269,2.0206995800926935,7.0921388119446656,42.96460600024897,42.96460600024897,0.0796391259423673,0.3411565366663622,0.25437488267727193,0.20804751726024603,4.283780524076168,-0.12589056091125556,0.015567829457364341,0.16506933199628476,1,-0.03437424851420523,7.054569077522737,0.5994776119402985,0.13785966562209323,0,24.885377942998762,0.05634392836571189,0.0009352870595328177,0.09352870595328178,10.546888884072734,1.241650592748315,12.87876292234672,5.52250709780889,37.01688303244403,37.01688303244403,37.01688303244403,1.7409679027329272,0,1.7409679027329272,0.8198717765248004,0.8579777764135306,2.0206995800926935,0.1688309039242304,0.18012822347519963,529.5252900843882,0.06995947205305476,Financial Services
2001-09-30,EG,2001,Q3,USD,1.0,-0.15896824030691525,-0.16434444494224118,-0.15916395301951702,-0.185613465034627,-0.10319719116887649,-0.10319719116887649,-0.10319719116887649,0.34104624045034176,0.0,0.0,0.0,0.05535904844639581,0.2725252230923329,0.2725252230923329,-0.007737086521137437,0.014517392096157348,-16.847631669142007,0.09539298296683145,0.09539298296683145,1.714481100487369,6.954513064413062,41.146589656663735,41.146589656663735,0.07606737473623615,0.3387472562223297,0.2530330162380351,0.20688542306365917,4.45325288794226,-0.10748624236875204,0.013053906392278273,0.16901797019979203,1,-0.23912594631796283,-5.9734513274336285,0.5349179104477612,0.12300508638619469,0,22.150494437577255,-0.07394036330401005,0.001097192245712474,0.10971922457124739,9.173898935709959,-0.9467206022324133,12.85004759020507,5.47148914078048,37.21242536990569,37.21242536990569,37.21242536990569,1.5505537769317297,0,1.5505537769317297,0.5559790134278492,1.1661777777777778,1.714481100487369,0.19758004688767652,0.4440209865721509,-49.53388811570082,0.07000086527645583,Financial Services
2001-12-31,EG,2001,Q4,USD,1.0,0.10564810038108868,0.11879898820122814,0.10575210930089364,0.08331114476377494,0.07355926844286166,0.07355926844286166,0.07355926844286166,0.3524507352865704,0.0,0.0,0.0,0.0616621516233633,0.28162200106628754,0.28162200106628754,0.006852613667897923,0.012773769326461702,23.125649708726883,-0.12923157190170906,-0.12923157190170906,1.90121189964441,6.804423499359305,17.164700110195728,17.164700110195728,0.07103125128268276,0.32186220228512047,0.24349149384006372,0.20687431342838428,4.531275973222081,-0.11963054803501409,0.03386706948640483,0.39641959694463397,1,0.45293680554355525,4.734401192028311,1.8149523809523809,0.3441314189439317,0,58.854231006794315,0.09156721904869634,0.0009898880701948644,0.09898880701948645,10.390299781701861,0.7643028508440141,12.20111526574016,4.770765340307347,37.186807011476866,37.186807011476866,37.186807011476866,4.11891845159617,0,4.11891845159617,0.8829463171036205,0.7877965301546087,1.90121189964441,0.16929317681281048,0.11705368289637953,65.71475923656102,0.06998508656277692,Financial Services
2002-03-31,EG,2002,Q1,USD,1.0,0.15042335969894421,0.14716017979720547,0.15041813303599427,0.13189135509948083,0.10638175546186278,0.10638175546186278,0.10638175546186278,0.3938705026690117,0.0,0.0,0.0,0.06861269735354952,0.3148824432690667,0.3148824432690667,0.009381192508676148,0.017361030540863333,13.401632465894762,0.1932927759504052,0.1932927759504052,1.5920813553518343,5.702756751106311,31.0259459152046,31.0259459152046,0.0662018452677166,0.26936800572771563,0.21220639287602786,0.17918220362666581,4.06888969089013,-0.14246591526929167,0.0180005118580447,0.183806055960138,1,0.6038292242102441,8.11666823352449,1.0047714285714286,0.19049966414595568,0,25.719405168210628,0.06717872291642783,0.0012531817128881141,0.12531817128881143,11.931071755217427,1.2692483578614784,11.732955017876444,8.070279371414317,42.736509520246116,42.736509520246116,42.736509520246116,2.193003242703916,0,2.193003242703916,0.8065862647451224,0.8768314859214473,1.5920813553518343,0.16919236245197275,0.19341373525487762,44.10393786922704,0.08526648374490729,Financial Services
2002-06-30,EG,2002,Q2,USD,1.0,0.1156896134960693,0.11177875509151192,0.11559581061920722,0.09660253195611468,0.09634096624178774,0.09634096624178774,0.09634096624178774,0.3693366512430502,0.0,0.0,0.0,0.06430982086883003,0.3270511203319502,0.3270511203319502,0.007922527868867652,0.020735435684647304,13.169373115883687,-0.727178428572708,-0.727178428572708,1.3109834285655706,5.075000523131429,16.590184161954017,16.590184161954017,0.06425170056978774,0.2580883716638816,0.20514327727435194,0.17297939946085203,4.0168333191983905,-0.1373865224880672,0.028145892116182573,0.3059038087575809,1,0.5348629965132677,6.056232870239108,1.6150380952380952,0.30618052082411756,0,41.31035322777101,0.07686258355646264,0.0014591162176079218,0.1459116217607922,10.805910216175123,1.0410518313483168,11.002397614081596,9.15260911093351,41.831192374417654,41.831192374417654,41.831192374417654,3.3055690922204244,0,3.3055690922204244,0.9972923513594264,0.8356923268987687,1.3109834285655706,0.1968662349502559,0.002707648640573648,52.32419656257565,0.08001793337361844,Financial Services
2002-09-30,EG,2002,Q3,USD,1.0,0.1375035714171062,0.13489041768726265,0.13755333048690052,0.12033508720678264,0.09834639375154494,0.09834639375154494,0.09834639375154494,0.38657311172361414,0.0,0.0,0.0,0.06910136349973435,0.33805343754984846,0.33805343754984846,0.00887379563430274,0.01917785930770458,11.410960584299005,0.7417124379794359,0.7417124379794359,1.2169037816029236,4.488907290827317,15.545465875107006,15.545465875107006,0.06365457415173635,0.24972303520346578,0.19982270324625065,0.16341156474595572,3.923096470776624,-0.15187280754144797,0.02869644281384591,0.28875990767284854,1,0.5183498408206579,8.011967090501122,1.439184,0.3134684916230321,0,44.2118456623249,0.06641096784723356,0.0014549819744932829,0.1454981974493283,12.221237028463817,1.2019145889322636,11.467740353492752,9.958510700904329,45.081625046589636,45.081625046589636,45.081625046589636,3.52900327598721,0,3.52900327598721,0.8172711387373448,0.8748249626587006,1.2169037816029236,0.20521181623293747,0.18272886126265522,38.67662125016362,0.0798203111207015,Financial Services
2002-12-31,EG,2002,Q4,USD,1.0,0.08473634535985941,0.0827383322109237,0.08483556388991208,0.07171019259556914,0.06891347027970944,0.06891347027970944,0.06891347027970944,0.45051317538479074,0.0,0.0,0.0,0.08173679163773748,0.3170520696211789,0.3170520696211789,0.007187074312192559,0.030544098288723124,12.660082336002878,-1.2660082336002896,-1.2660082336002896,1.1879486846071552,3.4898008312032354,10.00828703539036,10.008287035390362,0.052606070411551284,0.21908634722115505,0.17971355984795595,0.28387427197616144,4.164659049938234,-0.18285422320615194,0.041121837063039346,0.3486911215538614,1,0.8006782355937045,6.512710654098829,4.0164285714285715,0.5417795574808552,0,69.06165561287153,0.07326554485737424,0.0014467825507149526,0.14467825507149526,15.846176522610696,1.0920150148379617,10.405066525165577,7.427746005542126,46.55083230155455,46.55083230155455,46.55083230155455,5.52542106400959,0,5.52542106400959,0.9609996540989277,0.8452845635425347,1.1879486846071552,0.3585639629460189,0.03900034590107229,46.827225986329296,0.08000707505453687,Financial Services
2003-03-31,EG,2003,Q1,USD,1.0,0.15240907734742712,0.14707397417084264,0.14721889023521462,0.13494608269957925,0.11491843904696376,0.11491843904696376,0.11491843904696376,0.42923961446241615,0.0,0.0,0.0,0.0791840913807162,0.3197212683467184,0.3197212683467184,0.01195888846593072,0.02128510108003323,7.714077405237,0.10819744932020726,0.10819744932020726,1.1697202498023564,3.5459589363891544,8.886839419511377,8.886839419511377,0.0702949800623471,0.2928428877190953,0.2265108084677983,0.20931293297038728,4.165914656485605,-0.17139226038708083,0.045369011354195514,0.3990123787545743,1,1.3025933001211123,11.980081260529184,4.680785714285714,0.4494692598719859,0,71.52477624972714,0.048544512382506594,0.0015732442725279849,0.1573244272527985,16.133858577126354,1.8540778434878284,14.520954083737745,7.779594082165943,48.90913020413777,48.90913020413777,48.90913020413777,6.437609289349077,0,6.437609289349077,0.8515878100944835,0.9166356469877824,1.1697202498023564,0.250352926495524,0.1484121899055165,28.873235269764514,0.09000530483132602,Financial Services
2003-06-30,EG,2003,Q2,USD,1.0,0.14633227207979452,0.142388523765886,0.14190041012043286,0.13128997414572238,0.11500062457552483,0.11500062457552483,0.11500062457552483,0.46643758852990297,0.0,0.0,0.0,0.08341793510954741,1.0986753179340774,1.3913000259538022,0.013491430697431674,0.01750700752660265,9.443530646707133,0.9705850942449008,0.9705850942449008,1.3544520391023787,4.344047690277721,11.716384020837463,11.716384020837461,0.04544827266144024,0.1698740313756397,0.14520711360340824,0.12813267697582834,3.7377445044191133,-0.45882163406324883,0.04583571243187127,0.37076692625914953,1,1.5000811678175847,13.409483186191846,5.045857142857143,0.6805233639097773,0,70.78356713426854,0.04554789831591438,0.001205796328193113,0.12057963281931129,17.610303904170365,2.025195947944395,9.780908015380065,6.425188553682342,60.362392783200235,60.362392783200235,56.48040520556049,6.529318249038746,0,6.529318249038746,0.8759284577806561,0.925226178235107,1.3544520391023787,0.12541900818298335,0.1240715422193439,33.3401795850965,0.09224341910677314,Financial Services
2003-09-30,EG,2003,Q3,USD,0.9338884816253713,0.11280415664753768,0.11119157169886627,0.10898788418318466,0.10002759073915501,0.08958150473998183,0.08958150473998183,0.08958150473998183,0.5241260439783637,0.9197639751552795,-0.029243105904507776,0.0,0.09260896080243276,1.0620655406209112,1.3632327822053052,0.011338215889363438,0.016847508029023434,10.394376432828977,-0.9591174617564933,-0.9591174617564933,1.3779998757875596,3.724575526746498,8.473405162081896,8.473405162081896,0.060287723084619695,0.24085089485813355,0.19410139917388705,0.1787973614711304,3.9950239042877076,1.7469366553915724,0.05855620316402998,0.4395606554273841,1,1.4093055208593555,12.133200795228628,7.0326,0.6752163363613795,0,98.53522818254604,0.04979765962960748,0.0011977067588280121,0.11977067588280123,20.179480711364167,1.8077082469954413,13.317951674804952,9.678282491576425,54.54282059136201,54.54282059136201,54.54282059136201,8.87010576767149,0,8.87010576767149,0.8955679535817898,0.9177863345895462,1.3779998757875596,0.17478295832246105,0.10443204641821022,38.21422362842092,0.0900196399935134,Financial Services
2003-12-31,EG,2003,Q4,USD,0.9065202516096588,0.12643385353547845,0.13288403037123142,0.1264322047172689,0.11813947353234569,0.10039654077939637,0.10039654077939637,0.10039654077939637,0.5201512010102938,2.4630188761213807,-0.045653533206614146,0.0,0.09563921782717102,0.0010513601986680212,0.2814111073484592,0.013616826171925275,0.02086680212213568,9.647581704713417,0.5291552389554932,0.5291552389554932,1.484890517867863,3.874335320159276,9.777284472535566,9.777284472535566,0.04093037462734499,0.1640238238174982,0.14091105393321804,0.17376645176954011,4.007386331321685,-0.2913074975314908,0.05425646235466757,0.3962588314825349,1,1.744482332221681,15.243116986383063,6.866542857142857,0.9259110146228514,0,95.93972055888223,0.04113976022335359,0.001066064053213832,0.10660640532138321,21.836003600360037,2.192259225922592,9.526192619261927,6.061422142214221,56.97389738973897,56.97389738973897,56.97389738973897,8.652709270927092,0,8.652709270927092,0.8498136801998576,0.9344096608655394,1.484890517867863,0.1565294827355076,0.15018631980014235,31.229503620018985,0.09018901890189018,Financial Services
2004-03-31,EG,2004,Q1,USD,0.9443474125864125,0.14378125106144113,0.14959213845304006,0.14380091565498293,0.1308392669754604,0.11271476864605698,0.11271476864605698,0.11271476864605698,0.45769679216799697,1.7726340963443799,-0.020588659339729084,0.0,0.08153503888350631,1.0877338959512872,1.410786133960047,0.01280144911863307,0.010809956201260549,9.446939833942633,1.6847042703864425,1.6847042703864425,1.4162371180900444,4.259238551184255,11.923267499906167,11.923267499906167,0.07765776596608383,0.3166974875483044,0.24052410712653235,0.22833114266599666,4.078117411806805,-0.27870079862647756,0.04269255421429335,0.35722074936402914,1,1.741036233856935,11.1111955245528,5.709214285714285,0.3750559564398472,0,71.4672746781116,0.044345405666886065,0.001173538903771623,0.1173538903771623,20.059923616216313,2.2610496494593963,19.36562012515465,12.206379659679762,60.32888060102921,60.32888060102921,60.32888060102921,7.165820946369977,0,7.165820946369977,0.8614750850537649,0.909863935007055,1.4162371180900444,0.2236189713594053,0.1385249149462351,34.23465409481471,0.10026716393824747,Financial Services
2004-06-30,EG,2004,Q2,USD,0.795970626136663,0.2731938578470189,0.2788800403760095,0.27324844140218035,0.25791204453385247,0.20881532326517244,0.20881532326517244,0.20881532326517244,0.5079710724390522,7.937617332964023,-0.07768996187749712,0.0,0.09088575718335447,1.0730711143695015,1.4207694805194806,0.02570976266510674,0.010953812316715543,4.256948671614255,0.039108552836781364,0.039108552836781364,1.3358349057543029,3.5556644519455083,11.440873265965841,11.440873265965841,0.07661370017680101,0.31669603470550284,0.24052326912060326,0.2283308924134559,4.133673663779,1.6644506767788487,0.041146837033933806,0.31078610603290674,1,3.2521216328175733,17.880629464747905,5.6124285714285715,0.36868119544786127,0,70.09277430865299,0.02123371482041316,0.001247003220992634,0.12470032209926338,22.600557810237248,4.719342785117909,19.396903438041942,16.739009171687556,60.15713442869147,60.15713442869147,60.15713442869147,7.023939356015233,0,7.023939356015233,0.8096377338351262,0.9438737992808713,1.3358349057543029,0.23707722664027467,0.1903622661648739,15.475816382393905,0.10020917883896806,Financial Services
2004-09-30,EG,2004,Q3,USD,0.8992603636927684,0.02126315889439171,0.025002492889329958,0.021556765859920196,0.006147544227022287,0.009071742980735901,0.009071742980735901,0.009071742980735901,0.5060754575066414,3.5223442818008244,-0.04210866864175445,0.0,0.08593320599707271,1.0837741523341524,1.38087371007371,0.0014159479949524682,0.01758879606879607,90.76618315449707,-0.9478238594894384,-0.9478238594894384,1.1777268302428627,3.293629939679992,8.355959623743889,8.355959623743889,0.07247224533325934,0.3015646763254839,0.23169396174521814,0.2198201758501355,4.1611057438438195,1.6303544644325956,0.04894987714987715,0.3941653727383954,1,0.39454823958228513,1.4012552086012655,7.115214285714286,0.4673774631472169,0,88.813302425107,0.48922620605426154,0.0013474903015959377,0.13474903015959377,22.5678055401761,0.20472933149970532,19.37986462109982,12.593791859405975,63.11310746369952,63.11310746369952,63.11310746369952,8.895447482631138,0,8.895447482631138,1.475669412976313,0.28517933844854804,1.1777268302428627,0.25605655622475487,-0.4756694129763131,159.79818409141265,0.10015895411762604,Financial Services
2004-12-31,EG,2004,Q4,USD,0.900594033821461,0.0747585544687611,0.079851007038552,0.07473359506449803,0.05838591937231503,0.0685113624017407,0.0685113624017407,0.0685113624017407,1.0365648018506117,2.8530613964856095,-0.043530198408106055,0.0,0.09037571471619742,0.0011398912506178941,0.30867918932278793,0.008828856553131587,0.01828274839347504,13.432420438244023,0.018656139497561147,0.018656139497561147,1.3506816691420755,3.6810936983083398,25.455510025788374,25.455510025788374,0.08261881064165662,0.33543110094011663,0.2511781406797999,0.2511781406797999,4.059984624990371,-0.2944983217072883,0.019474839347503707,0.14460891549920277,1,5.49553871676456,4.564542886607183,0.0,0.15818593842096726,0,35.076210826210826,0.06017551190973673,0.0011199677710058947,0.11199677710058949,24.32972571199631,1.666862655389528,22.639858790958666,13.76692778175153,66.30725954612727,66.30725954612727,66.30725954612727,3.518295249604855,0,3.518295249604855,1.1734226871526643,0.7812539905503767,1.3506816691420755,0.2483420842996821,-0.17342268715266426,55.84784975233052,0.10030431357128794,Financial Services
2005-03-31,EG,2005,Q1,USD,0.8835191294009608,0.1896812016212686,0.19654136411828316,0.18975346952013233,0.17064742342907654,0.14726347025162448,0.14726347025162448,0.14726347025162448,0.45769071438050624,2.540256395471756,-0.045462472572095104,0.0,0.07540794712690489,1.1136220862470863,1.3959809634809635,0.015480585215132018,0.014716588966588966,7.1488681737933515,0.08749361048523205,0.08749361048523205,1.2722494414458745,4.211068542576809,14.692222454545734,14.692222454545734,0.06614932045142675,0.2650258448605432,0.20950231644457804,0.20950231644457804,4.006478721956802,-0.25402185923126097,0.031586732711732714,0.2866188934727105,1,9.051273782650759,9.91878195973649,0.0,0.3267356673819915,0,52.471281058405935,0.03709267183338819,0.0012971519033377972,0.12971519033377973,20.211022247555263,2.976345273507775,18.11615396946973,10.332092410181508,66.89725868794642,66.89725868794642,66.89725868794642,5.792860832546624,0,5.792860832546624,0.8629691986696139,0.899311216077508,1.2722494414458745,0.20831280111182368,0.13703080133038611,25.209702343851593,0.11040059849307993,Financial Services
2005-06-30,EG,2005,Q2,USD,0.8747106972396596,0.20175726418023682,0.20482075233122804,0.2018869102305139,0.18809561156122656,0.15539919779505681,0.15539919779505681,0.15539919779505681,0.5242774253614709,4.225647115981538,-0.05283399388762298,0.0,0.08103649955131981,1.1563957265783622,1.4428859131779948,0.017449608551107262,0.01092033259209127,6.736968276856524,0.4271524567028175,0.4271524567028175,1.2820514830817327,4.187677863177001,17.977531255260743,17.977531255260743,0.06455294208974265,0.24387515971319615,0.19606080064290948,0.19606080064290948,3.7779092914797987,0.8965572167289577,0.02814183505752683,0.2329395401246523,1,12.527171064127206,14.693284407944551,0.0,0.29242052070304453,0,46.93179619477588,0.03193943763518385,0.0011852303707924991,0.11852303707924991,22.20801194326947,3.4511072406071164,17.995841182952404,12.348149859595493,72.53998862545765,72.53998862545765,72.53998862545765,5.173124089147976,0,5.173124089147976,0.82617130992699,0.9316879997145904,1.2820514830817327,0.1902225947486765,0.1738286900730101,23.893465137632603,0.11022642448370241,Financial Services
2005-09-30,EG,2005,Q3,USD,0.865050333500265,-0.4115126541395403,-0.4039526494944876,-0.4114799936130526,-0.427069044352995,-0.3789936565999666,-0.3789936565999666,-0.3789936565999666,0.45872144560463113,2.049378633821058,-0.04926446747126974,0.0,0.06983876640532866,1.088929114150353,1.3588296236703317,-0.03361082959435483,0.012119334942343792,-3.302099306993501,0.01049009448354289,0.01049009448354289,1.5323966243483609,5.005898763254731,14.675782230780689,14.675782230780689,0.06307017539969104,0.27645000579049733,0.2165772294538818,0.2165772294538818,4.38321289006359,0.8438420471809807,0.03360829534280862,0.3410992807426278,1,-22.876596489181782,-26.450866040706828,0.0,0.37770551354652954,0,60.48519948519949,-0.014879890842499612,0.0011265478002876503,0.11265478002876501,19.556927662745515,-7.411951526764962,17.965756462802293,13.812867053458952,63.886854385124465,63.886854385124465,63.886854385124465,6.670853959298096,0,6.670853959298096,0.8874294721457462,1.037885318805079,1.5323966243483609,0.1804036901399828,0.11257052785425377,-14.323409229746483,0.11028902964816097,Financial Services
2005-12-31,EG,2005,Q4,USD,0.8450087401789959,-0.20746321451431182,-0.20021653933829173,-0.20751093926043487,-0.22350995856369102,-0.15178060092005824,-0.15178060092005824,-0.15178060092005824,0.4775745604136547,3.2892719545617033,-0.045923062483901225,0.0,0.06486542658340849,0.0011437389770723105,0.31918968253968255,-0.012517546835813503,0.009459876543209877,-9.558792702701036,0.14787192886641892,0.14787192886641892,1.498088989186157,5.803357201944924,84.5000817527796,84.50008175277958,0.06042390624708831,0.24046608275877396,0.19385139674595678,0.19385139674595678,3.9796513945233634,-0.20685431341691685,0.006471957671957672,0.06867871700909951,1,-8.007056216468392,-12.931653837182179,0.0,0.07372701555869873,0,10.778675282714055,-0.0419798146698151,0.0010979371552317697,0.10979371552317699,17.29171521035599,-2.624546925566343,16.38517799352751,25.097508090614888,66.98533980582525,66.98533980582525,66.98533980582525,1.1875728155339806,0,1.1875728155339806,0.6790775762092368,1.0770996428442585,1.498088989186157,0.16051521938587113,0.3209224237907632,-33.136616235972646,0.1101779935275081,Financial Services
2006-03-31,EG,2006,Q1,USD,0.8620272414873537,0.17992695864527902,0.18620195994018796,0.1799694146756911,0.16536623845514392,0.1429885139455323,0.1429885139455323,0.1429885139455323,0.5318815785789321,2.2952044635920616,-0.05086886777331423,0.0,0.07097112755234343,1.160416835789288,1.4422726550780904,0.014255254686458782,0.014679608223771288,8.957689226584955,-0.04487408369723248,-0.04487408369723248,1.414345460222329,5.123386683581149,37.75061401972071,37.75061401972071,0.059991381179018796,0.23334877284046926,0.1891993392129092,0.1891993392129092,3.8897049585196077,-0.24769918601547625,0.014103238330539133,0.13571664505654718,1,11.251108000933053,12.359925355726615,0.0,0.16055578548094812,0,20.52549120328753,0.046242191025915105,0.0012905725420981299,0.12905725420981298,18.22427346724026,2.605861780817678,15.67020519327783,17.79700411624524,66.01640308254154,66.01640308254154,66.01640308254154,2.4733372535668967,0,2.4733372535668967,0.8646777920410783,0.9188574556023176,1.414345460222329,0.16498711199156949,0.1353222079589217,31.29621383751049,0.12050075825570239,Financial Services
2006-06-30,EG,2006,Q2,USD,0.8507420720262024,0.2552520689104878,0.26093824805647803,0.25528816560403067,0.2389620110797851,0.20936367228761846,0.20936367228761846,0.20936367228761846,0.5027981042527269,2.1226342451874367,-0.0492368087824569,0.0,0.06366282327284488,1.1815754860675567,1.4675060478451751,0.018619095218792115,0.01571749843204014,6.354010108755325,0.2072995797981424,0.2072995797981424,1.2792163532626257,5.321195560486659,36.50956156758976,36.50956156758976,0.06020382325996389,0.22733848435682047,0.18522884049867944,0.18522884049867944,3.776146962879062,0.5476443647244632,0.013747244870531314,0.14574799948324735,1,14.201294536124555,15.6714094116275,0.0,0.15412192500477132,0,19.691093429158112,0.03535342077920899,0.001390988532206408,0.1390988532206408,16.268900290535946,3.4061167089077085,15.649981455152377,19.665760029671755,67.67424429745935,67.67424429745935,67.67424429745935,2.3711596711380354,0,2.3711596711380354,0.8761378904604034,0.9360481341325921,1.2792163532626257,0.17771699351481587,0.1238621095395966,23.378044026691228,0.12041787723310873,Financial Services
2006-09-30,EG,2006,Q3,USD,0.8654363226497434,0.28441343796374685,0.28988795113337146,0.28445383696221077,0.2690169307713785,0.2205587809916428,0.2205587809916428,0.2205587809916428,0.5630197647717697,6.721781245795776,-0.045194293944877006,0.0,0.06614245821268357,1.2374621177751566,1.5383918882134107,0.020948081451955165,0.019032937120043555,6.424475828116478,0.5617298095865951,0.5617298095865951,1.3087889626058489,5.667898228638581,34.89151057785834,34.89151057785835,0.059116526597737064,0.20638406287418198,0.17107658267838582,0.17107658267838582,3.4911398681884367,0.47974883464114526,0.01641811087923056,0.16244347506798254,1,15.680816326530612,18.47521865889213,0.0,0.18174969640415964,0,23.200923195281447,0.031744804174569964,0.0012353071683934127,0.12353071683934126,17.207436701527815,3.7952512628798294,15.644524431124774,23.915591738371464,74.5192714689571,74.5192714689571,74.5192714689571,2.795235814808521,0,2.795235814808521,0.819869516610769,0.9457314186523592,1.3087889626058489,0.15769086443337924,0.18013048338923096,21.985594714202097,0.12047950813340955,Financial Services
2006-12-31,EG,2006,Q4,USD,0.8341901152094554,0.22415630429482164,0.22639160984625667,0.22417079712257693,0.20953474612828368,0.17591820589022622,0.17591820589022622,0.17591820589022622,0.6142616254713029,3.3810931089632152,-0.0604776294276743,0.0,0.06856578695863878,0.0012683569611050527,0.29352262813522356,0.01741316977840534,0.022707015630679752,7.7061263575170456,-0.45051200243945816,-0.45051200243945816,1.2453127061231435,5.422591692711131,44.76002082952162,44.76002082952162,0.05819675149655971,0.19492286821804078,0.16312589992417206,0.16312589992417206,3.3493771251057476,-0.2801857834726088,0.012914031261359506,0.12114810476438925,1,13.184304122208617,15.331525858550522,0.0,0.1427333129102405,0,9.104689902614044,0.07563811176102854,0.0024538305061415945,0.24538305061415946,18.092824531095754,3.1828572309970387,15.621236426456072,24.00613894373149,78.78342485192498,78.78342485192498,78.78342485192498,2.1919114017769004,0,2.1919114017769004,0.8395657958443017,0.9347102692136557,1.2453127061231435,0.1565252384076821,0.1604342041556983,26.760474325565983,0.24074531095755183,Financial Services
2007-03-31,EG,2007,Q1,USD,1.0,0.3114984937379087,0.31263713139828697,0.3115251090813215,0.29723350139813726,0.2475077226082371,0.2475077226082371,0.2475077226082371,0.6268134132233516,0.0,0.0,0.0,0.0704165250309295,0.3326159360352909,0.3326159360352909,0.025166970001009478,0.014723738626964434,5.184639225490789,0.1096081446999731,0.1096081446999731,1.1875236059768903,5.132952988986238,38.024542301033264,38.024542301033264,0.05831237983413216,0.1915848403745091,0.1607815355508341,0.1607815355508341,3.2854917072406673,-0.13174709039067767,0.01491600036761327,0.134990526601204,1,18.43052883213807,21.838435076671914,0.0,0.16301107624813688,0,5.280141843971631,0.10329253785511221,0.004980700361332004,0.4980700361332003,18.735803777348377,4.637256124166303,15.78250638907935,26.507775977061648,80.98365330673815,80.98365330673815,80.98365330673815,2.5291560182010846,0,2.5291560182010846,0.8327046629804571,0.9541237374883528,1.1875236059768903,0.16133139535942614,0.16729533701954288,18.64080853871366,0.47899395374929876,Financial Services
2007-06-30,EG,2007,Q2,USD,1.0,0.297665869549111,0.2938321387079129,0.29547392763517766,0.27855790557230886,0.2229522564942486,0.2229522564942486,0.2229522564942486,0.6925206516387582,0.0,0.0,0.0,0.07256377994781993,0.41448986235119045,0.41448986235119045,0.023116482339644712,0.01746558779761905,6.039534906740953,-2.001674426234146,-2.001674426234146,1.2801912053841147,5.386111742534708,68.04509384926365,68.04509384926364,0.07980352602394825,0.2613976404689088,0.20722857890533036,0.20722857890533036,3.2755149238702304,-0.18716799495117395,0.009340308779761905,0.0791550343727389,1,14.071744494622655,17.453279947856046,0.0,0.07197411921701172,0,3.322866690930748,0.10684488878204675,0.004422728340504876,0.4422728340504876,20.170394747301316,4.497035023290568,22.52428419262015,41.724885136961255,84.86232333349231,84.86232333349231,84.86232333349231,1.5965882895343477,0,1.5965882895343477,0.8003802873093258,0.9427495271807703,1.2801912053841147,0.20418640541314906,0.1996197126906742,21.56969398813292,0.4804852069124497,Financial Services
2007-09-30,EG,2007,Q3,USD,0.8420895000873537,0.2814610527366661,0.2740484688147353,0.2789111571451153,0.25913761116796036,0.20514554787397776,0.20514554787397776,0.20514554787397776,0.6608622696416584,6.40147043944555,-0.043531767801215704,0.0,0.06729829491502345,1.3717337387138382,1.7734532891100054,0.01965468008383663,0.018984890362999815,7.067494018338355,-0.5579600540793441,-0.5579600540793441,1.242085052163588,5.79945972995233,19.583520169231072,19.583520169231072,0.07812382424922154,0.2486241042958165,0.1991184564197024,0.1991184564197024,3.18243642941345,-1.0634400406616453,0.03279555924083287,0.29613979916972405,1,11.135387724172771,14.113580870590216,0.0,0.2551040445360494,0,11.850422797789467,0.12181501863439678,0.004308989095651078,0.43089890956510785,19.155232585934886,3.929610683495084,22.615065895364218,45.7747764975857,89.43831970805246,89.43831970805246,89.43831970805246,5.672626731048111,0,5.672626731048111,0.7916471366289336,0.929104499871739,1.242085052163588,0.20016673082309314,0.20835286337106643,24.772579346648087,0.47868559863587834,Financial Services
2007-12-31,EG,2007,Q4,USD,0.9049716632776819,0.024499880521377655,0.022764960752399716,0.02442323385798726,0.005126309192640116,0.01103531607731394,0.01103531607731394,0.01103531607731394,0.6510217775306979,1.5386019213361755,-0.027148991377036205,0.0,0.06161205083568516,0.001341235632183908,0.3499159482758621,0.0008444371252855934,0.022500628591954022,128.5252083673803,-1.3505456387267503,-1.3505456387267503,1.1067406421016155,5.673265192946704,26.688580639687792,26.688580639687792,0.06549688485479749,0.2073804217233063,0.17176062986619423,0.17176062986619423,3.166263894581487,-0.3129955889321682,0.02116918103448276,0.21257275797238015,1,1.4800558529206422,1.2606469629974402,0.0,0.19996437387077895,0,7.757667500329077,2.4830854714822683,0.0048299580740311715,0.48299580740311715,17.697039814888694,0.19529242799010613,19.155748823106997,39.51607755525413,90.71682757520146,90.71682757520146,90.71682757520146,3.7619085613979095,0,3.7619085613979095,2.1526824978012313,0.2098947757061104,1.1067406421016155,0.1873794219118102,-1.1526824978012313,285.9822942248277,0.4849277906327296,Financial Services
2008-03-31,EG,2008,Q1,USD,0.989129178001802,0.11346952221177486,0.11396910443886445,0.11342807215799888,0.09188604289426092,0.08500860634011297,0.08500860634011297,0.08500860634011297,0.5656189864506771,0.20125201938610662,-0.0025745877391652764,0.0,0.05080161527199295,1334.9206871995727,1335.2652582339326,0.006318286682439894,0.019402795086345025,17.914788375912643,0.032111413126635874,0.032111413126635874,0.9914128657209039,6.091644770857558,22.28034410258047,22.280344102580468,0.06533048513075002,0.20929475389953175,0.17307174551500615,0.17307174551500615,3.2036307931994834,0.0001224465323584826,0.022311910272387395,0.27340891786999083,1,4.961742558245312,5.25531914893617,0.0,0.21260541123741894,0,8.35673801426952,0.3848690541875714,0.005370828922336695,0.5370828922336695,14.697180050339067,1.2493867932090355,19.21767638712987,39.920034628148194,90.30546515542588,90.30546515542588,90.30546515542588,4.018340093303622,0,4.018340093303622,0.9251525439825257,0.8100820294844547,0.9914128657209039,0.21110756288939572,0.07484745601747429,62.647471933233156,0.4808503134168043,Financial Services
2008-06-30,EG,2008,Q2,USD,0.8641826477243221,0.1754302830223673,3.9061111317185357,0.1754460477020661,0.15707463184836232,0.14190715530991505,0.14190715530991505,0.14190715530991505,1.079825322963261,3.0125264825061193,-0.06557418152040227,0.0,0.060606101480318475,1320.019464059388,1320.2216640412819,0.341588219536086,0.020448850262538475,8.029235331020015,0.0815979200306912,0.0815979200306912,0.8827423902171184,4.557623780555659,-267.6301012851231,-267.63010128512303,0.06626211267757617,0.2117602494287039,0.17475424658346425,0.17475424658346425,3.195796826749321,7.297272076470994e-05,-0.0016625022632627195,-0.017029563411105755,1,211.97524502374458,9.55814893402041,0.0,-0.015575951423116428,0,-0.6188165520959698,0.19392656197925856,0.006038139187116794,0.6038139187116794,17.48937688540011,2.481867721950112,19.442586525673878,24.11459988971423,90.29814460410653,90.29814460410653,90.29814460410653,-0.2978364526906484,0,-0.2978364526906484,0.9034377712049025,0.8952873769781283,0.8827423902171184,0.23988906817607286,0.0965622287950975,1.3930693078239036,0.4813000746050796,Financial Services
2008-09-30,EG,2008,Q3,USD,1.0,-0.3240522087956605,5.7340441561521205,-0.3239645189657046,-0.3485003804009525,-0.2879277040579395,-0.2879277040579395,-0.2879277040579395,0.8039135671187285,0.0,0.0,0.0,0.04661220271027928,1265.762348722546,1265.9553131331243,0.3787858432401794,0.020047512326311072,-5.697104882746315,0.022498121193010926,0.022498121193010926,1.0548030805054862,6.561417314665692,14.151864762559304,14.151864762559304,0.06787661092409743,0.23409613991727712,0.1896903590776719,0.1896903590776719,3.4488483842991746,5.646580396831571e-05,0.03365298072613178,0.4636433024731002,1,237.0163677696388,-13.251073503409952,0.0,0.3183929678561342,0,12.74137053253233,-0.12638175758277678,0.005545876378611354,0.5545876378611354,13.187699524398983,-3.79710404586618,19.526320932959802,23.21576324190501,82.03426933350707,82.03426933350707,82.03426933350707,6.114388559515278,0,6.114388559515278,0.8261905015044069,1.0757362612226224,1.0548030805054862,0.22193350042653726,0.1738094984955931,1.3500798307879367,0.4798846830412405,Financial Services
2008-12-31,EG,2008,Q4,USD,1.0,-0.04878656190464332,-0.04071772777646341,-0.04884605433734423,-0.07617383412126218,-0.022954394207927435,-0.022954394207927435,-0.022954394207927435,0.7685848118629739,0.0,0.0,0.0,0.0429036974248201,0.0012808443074624077,0.2625956850658448,-0.0009015470415989588,0.019211170262445128,-70.29446175637393,0.7567109197569999,0.7567109197569999,0.9404612492452658,6.454267143159546,84.34623671078324,84.34623671078326,0.06998977241091521,0.23770254346715103,0.1920514300643511,0.1920514300643511,3.3962468412039057,0.0001025386304594724,0.0051655926029700195,0.07652110390284193,1,0.4564789088153574,-1.783531194746148,0.0,0.046907400543979294,0,1.8759285011701659,-1.7770477969983727,0.006320013528082954,0.6320013528082954,11.796846692454585,-0.2707894693890875,19.567546393771728,34.201521160782775,80.96027354779741,80.96027354779741,80.96027354779741,0.9027077314792146,0,0.9027077314792146,0.3013422453094066,1.5594674975215974,0.9404612492452658,0.25275102366834457,0.6986577546905934,-191.58738226299695,0.48120583002823614,Financial Services
2009-03-31,EG,2009,Q1,USD,0.9371319980390076,0.15487493619193465,0.1574171505971424,0.15490020671286117,0.13451498289185734,0.10973066678796517,0.10973066678796517,0.10973066678796517,0.9897968269912846,1.252820078962211,-0.029747029482058755,0.0,0.05915069386571977,1.2750616855723258,1.4710677791319022,0.009503180963172028,0.043803131152151495,9.993955193632779,-0.01322729363863162,-0.01322729363863162,0.8610597053009869,4.38657346898549,24.041390313895384,24.04139031389538,0.06085730135388987,0.2019578344928246,0.1680240593282062,0.1680240593282062,3.3185473229978486,-0.25499912813210324,0.016921908690353427,0.18245922601448505,1,6.514397775791878,7.608082613444544,0.0,0.17734256335487572,0,6.110561949898443,0.27211761671395407,0.006807055150880659,0.680705515088066,16.140160537736158,1.7710705778705909,16.934447091069273,26.76124906189839,82.22426338630208,82.22426338630208,82.22426338630208,2.9449211994648743,0,2.9449211994648743,0.8157505166259628,0.8683976977591,0.8610597053009869,0.23454568045572335,0.1842494833740372,31.40141525184291,0.48193950468235064,Financial Services
2009-06-30,EG,2009,Q2,USD,0.818991239790356,0.2817191559259262,0.28549609457372416,0.2817473292928741,0.26710656960230306,0.23271884089645947,0.23271884089645947,0.23271884089645947,1.091191702121515,4.787927374553995,-0.13097415654333341,0.0,0.0676010500414528,1.319890839836492,1.470279635823114,0.023509615058158878,0.043849869936826456,4.029842362448091,0.026714685324094083,0.026714685324094083,0.7923566909924684,3.7512809743374778,42.486020049893156,42.48602004989315,0.05874587744456824,0.18355452206913278,0.15508750855705078,0.15508750855705078,3.124551543933141,0.36733502807105356,0.009608045336306206,0.08829447827619974,1,17.184388875905587,19.281140453376956,0.0,0.1016037159367552,0,3.4999830789536026,0.10840169046326324,0.006724933676897617,0.6724933676897616,19.078816140302617,4.439999977847887,16.85844152006882,25.72501990188113,90.32548196236571,90.32548196236571,90.32548196236571,1.6845541172355585,0,1.6845541172355585,0.8712583941419197,0.9480358528071366,0.7923566909924684,0.2316564296809573,0.12874160585808028,14.771917691854537,0.48130350325556237,Financial Services
2009-09-30,EG,2009,Q3,USD,0.83198732736825,0.2516774635367849,0.25679718601168344,0.2516852455841205,0.23665292414751996,0.19767956641890932,0.19767956641890932,0.19767956641890932,1.1294718327397095,3.760120752380215,-0.09458055760804276,0.0,0.06379364297573414,1.3706737710865227,1.5569986395791764,0.019472865148187815,0.02403410121530927,5.831117062086101,-0.3807376434656216,-0.3807376434656216,0.8763246254037831,4.610770770284339,16.94205520694662,16.94205520694662,0.05614982185065816,0.1672871043189823,0.14331273231753966,0.14331273231753966,2.9792989328428554,0.30715899943083685,0.028545528750226735,0.27214943606096975,1,14.497870626151013,16.751611418047883,0.0,0.30919784583283394,0,10.815910652920962,0.12728656536230742,0.005457211886120593,0.5457211886120593,19.02068100310085,3.7599999736853618,17.02738005212272,26.40478229077478,100.07706899665244,100.07706899665244,100.07706899665244,5.176467608489497,0,5.176467608489497,0.8353142777804166,0.9402733306765243,0.8763246254037831,0.19089627230537043,0.16468572221958339,20.490145332471347,0.478597482412776,Financial Services
2009-12-31,EG,2009,Q4,USD,0.8658807437602416,0.20071420349128533,0.21712700261372408,0.20072436045015643,0.18594683170596282,0.1669355439390041,0.1669355439390041,0.1669355439390041,1.0513512791991102,2.988946316067454,-0.09594793515388328,0.0,0.0656316606256255,0.0013708877044660908,0.15313333945965815,0.018202812029658164,0.02275298658334865,6.488763303198852,-0.5191010642559086,-0.5191010642559086,0.8389496079959069,4.332820926043797,27.511647784680868,27.51164778468087,0.056550544760293024,0.16683552610230357,0.14298118489724154,0.11821462552906643,2.95020192660367,-0.3485103981057319,0.01709869509281382,0.15749041860213162,1,13.415773485412965,13.592422766091591,0.0,0.1827808688545203,0,6.490442305009069,0.14535535195485405,0.0056002717761024,0.56002717761024,19.77464600140595,3.3010912864459545,17.330549325477858,15.410722056706724,102.12770729421216,102.12770729421216,102.12770729421216,3.1143172764703912,0,3.1143172764703912,0.897759549907141,0.9263789969934261,0.8389496079959069,0.1597984064691164,0.10224045009285897,22.9583873759385,0.4798312857764537,Financial Services
2010-03-31,EG,2010,Q1,USD,0.7971539739741109,0.005876510370010736,0.015152421720608046,0.005848303120234684,-0.008348491168566525,-0.019362140058397554,-0.019362140058397554,-0.019362140058397554,1.0350327431138604,5.559350621969218,-0.15077614337558834,0.0,0.0644221654248865,1.330772932330827,1.4699977001326847,-0.0009706239230297786,0.0189437417072092,-53.24342077057214,0.4773047802048565,0.4773047802048565,0.7991247026323701,4.1236262805920445,17.779988608715524,17.779988608715524,0.04504527374183546,0.13550308060934693,0.11933308057308985,0.11933308057308985,3.0081531169273252,-0.3282722294195009,0.024001061477222467,0.23192513624956407,1,0.29095060689820934,0.411128470135801,0.0,0.33169116874035787,0,9.593126856173102,-1.2486314674200953,0.005862843940852779,0.5862843940852779,19.625929823199346,-0.3800000020130673,14.002023736546127,13.531536359870403,101.27330532194935,101.27330532194935,101.27330532194935,4.551746448269891,0,4.551746448269891,2.3192382512542236,-1.4275065770242619,0.7991247026323701,0.1695643748253442,-1.3192382512542233,306.20786761324536,0.4744799601332154,Financial Services
2010-06-30,EG,2010,Q2,USD,0.9074694091762011,0.15767792612724219,0.16724105469101744,0.157732499811266,0.14583907493967335,0.14250371328441713,0.14250371328441713,0.14250371328441713,1.0332075613549543,2.0017118570697727,-0.07532956824948778,0.0,0.060385482935128465,1.330231304501013,1.4491847969699638,0.013731262545417379,0.016863648374878887,6.548148143968648,-0.008078884073727553,-0.008078884073727553,0.6799113156192119,3.7325417026079855,18.52589976362241,18.52589976362241,0.05223499078040626,0.15757110437588714,0.13612218185149216,0.07482504662204399,3.0165814528102346,0.29363167863701484,0.019511142429313837,0.20147694580196485,1,1.2341318759587991,13.323294406883836,1.6654887218045114,0.23291442174639027,0,8.038539700972565,0.1758822515685536,0.006714961531931543,0.6714961531931544,18.946874712903227,2.7000000017233345,16.61384157871097,9.88132480381516,104.01356526268953,104.01356526268953,104.01356526268953,3.817358449648222,0,3.817358449648222,0.9771298490707248,0.9245974996540112,0.6799113156192119,0.1513617539186539,0.02287015092927529,26.449421094468914,0.4748820795381987,Financial Services
2010-09-30,EG,2010,Q3,USD,0.8479827517422268,0.1846853805736404,0.19725827398585846,0.18465312497347403,0.17353343123190929,0.1478664618153112,0.1478664618153112,0.1478664618153112,1.1807845503438847,2.8072292933726253,-0.1387340642519446,0.0,0.06350919958591715,1.3526193013100436,1.4653605240174672,0.015409644260965118,0.017554585152838427,6.928685856070608,0.4454155193188251,0.4454155193188251,0.7685769442452743,4.0980810502678064,16.213493941686732,16.213493941686732,0.0485742492241607,0.14344197834316624,0.1254475356510979,0.1254475356510979,2.9530457111382096,0.30259392826683046,0.026006200873362445,0.25275742939843304,1,15.38666463693104,16.557923580453647,0.0,0.3304718505562412,0,11.205351095055317,0.152548794489093,0.005504247041141159,0.5504247041141159,21.100119528955936,3.120000018626866,16.37348069476705,14.170191129374276,112.506627537353,112.506627537353,112.506627537353,5.333211972138579,0,5.333211972138579,0.8520920768154648,0.9397806360268091,0.7685769442452743,0.18663320493437793,0.14790792318453516,23.787615128621102,0.47595224164747607,Financial Services
2010-12-31,EG,2010,Q4,USD,0.8123181184608074,0.19808181033619576,0.20593241754836003,0.19806035407597422,0.18772399938333117,0.24041580642956706,0.24041580642956706,0.24041580642956706,1.2674744666706956,4.9700961720574925,-0.14484697091150175,0.0,0.06836027718644276,0.001359012913497258,0.14557509287104192,0.025769325365084483,0.022855828763488413,3.8138902698218042,0.04978802360604196,0.04978802360604196,0.7345107302168514,3.6676780194123526,36.09603056420203,36.096030564202024,0.04715674530343404,0.13814874695174692,0.12138022145325429,0.11519413223288293,2.9295649235929497,-0.3469871823860108,0.011309216345303378,0.1016089016460925,1,5.163023130374084,19.121835200245513,2.55724,0.1472962698430984,0,4.905881901546254,0.08614927958272321,0.00564707382016187,0.564707382016187,23.126348482899306,5.559939720287431,16.19271130060831,19.180839137706062,115.47823130501902,115.47823130501902,115.47823130501902,2.349842868432176,0,2.349842868432176,1.28068764366478,0.9478120962629497,0.7345107302168514,0.18808268044084384,-0.28068764366478005,20.16270224589025,0.47898480142612976,Financial Services
2011-03-31,EG,2011,Q1,USD,0.8355954892266121,-0.27243015636850415,-0.26188512530616814,-0.27245502281496464,-0.28320395873827653,-0.2618387079394419,-0.2618387079394419,-0.2618387079394419,1.0252556669946955,7.395965396375568,-0.1221728905473311,0.0,0.0641984428414116,1.2741141791044777,1.408730928689884,-0.02353904221873383,0.023561111111111113,-3.7943201304868093,0.018468819716415476,0.018468819716415476,0.8106652080004464,3.9739995219011233,25.4878199164301,25.487819916430098,0.02810577916623254,0.0893068680812354,0.08198504085313021,0.07624954977441081,3.177526854994023,-0.30218472105438093,0.015597512437810945,0.15591759259643,1,-5.475187742933696,-25.288659793814432,4.70265,0.3561426494198903,0,7.222345939719716,-0.0824485428656448,0.005432366012239108,0.5432366012239108,22.189232664480933,-5.810000011035347,9.953405085161615,17.247365034943428,108.77486677576947,108.77486677576947,108.77486677576947,3.459691738607935,0,3.459691738607935,0.9245587847923434,1.0394521481463452,0.8106652080004464,0.11016492036400088,0.07544121520765651,-15.946956332331068,0.4790260349592446,Financial Services
2011-06-30,EG,2011,Q2,USD,0.8722024556612007,0.130814222746435,0.14168531200527537,0.13079297853229674,0.11966865824092808,0.11158480987703,0.11158480987703,0.11158480987703,1.008933692624388,7.468762415574096,-0.08394345757224789,0.0,0.06192360238155113,1.3160989778110197,1.4649874511759329,0.011215156311484255,0.034199534613147176,8.445247930025435,-0.05961955100054408,-0.05961955100054408,0.7209764759226975,3.769445538545077,29.446691348579396,29.446691348579392,0.025688756691581004,0.07934699681010728,0.0735138903842867,0.0735138903842867,3.08878307201655,0.33105045182205733,0.01251890634089587,0.1280091367116166,1,2.9599555689434447,11.734980176883196,3.766,0.3085702814700105,0,5.775852152908247,0.1986185573291093,0.0058795952165880076,0.5879595216588007,21.6875397625598,2.4200000011057634,9.23870827155418,22.04530950197026,113.38788813515347,113.38788813515347,113.38788813515347,2.7762032424041383,0,2.7762032424041383,0.9324480738505238,0.9149471140102393,0.7209764759226975,0.11907234226693647,0.0675519261494763,27.06414759287248,0.4806569089560696,Financial Services
2011-09-30,EG,2011,Q3,USD,1.0,0.021929285300265226,0.030541747902505283,0.02194099497069655,0.009160865500773814,0.06152846328140094,0.06152846328140094,0.06111374578695816,0.8862539035440851,0.0,0.0,0.0,0.05469772285769734,1.328760104853712,1.4846790969051242,0.005684074507343432,0.037519533231861996,17.10775876177562,-0.32857758891664285,-0.32857758891664285,0.7082999185073937,4.210456427203906,20.753453339714298,20.753453339714298,0.02605736206411029,0.08013997738942957,0.07419406657192562,0.07419406657192562,3.075521504911241,0.2664731725886741,0.017580754270251988,0.2028797982814107,1,6.493312953763851,1.7183798242262132,0.0,0.4258705448586645,0,8.016270820481184,0.4113299711358518,0.0060108687652134,0.6010868765213401,18.85306293330173,1.1599999904335967,9.222104786445039,23.521890883506465,112.0711691839216,112.0711691839216,112.0711691839216,3.824905604894996,0,3.824905604894996,6.716446527481891,0.4175227929730932,0.7082999185073937,0.1131441290552584,-5.716446527481891,139.28063145340104,0.4771427625826397,Financial Services
2011-12-31,EG,2011,Q4,USD,0.788844813601974,-0.022839483611484596,-0.012358361373977297,-0.02284726007849566,-0.03304220832999593,0.031916175906794374,0.031916175906794374,0.031916175906794374,0.7566480926855388,4.467807486631016,-0.1540903916456791,0.0,0.0680618867121619,0.0013159780073308898,0.14811321226257915,0.004252786967582736,0.03737512495834722,27.322796038204768,-0.812678036008142,-0.812678036008142,0.7387994943484796,3.488156658483231,39.742776970513184,39.742776970513184,0.025840134373864527,0.08041209775380372,0.0744272467153801,0.0744272467153801,3.111907105062692,-0.317502616574279,0.00940219926691103,0.08776831727363288,1,5.155487804878049,-2.239329268292683,0.0,0.23117825862535127,0,4.376948731870007,0.6282832220652015,0.00574870907416182,0.574870907416182,24.107288815567472,0.769412470473548,9.39844775224026,21.258726706910128,113.81978553485058,113.81978553485058,113.81978553485058,2.115856173371827,0,2.115856173371827,-0.9659213932690045,1.446221919673247,0.7387994943484796,0.10884157118260648,1.9659213932690045,-284.7401069720614,0.4834089460462675,Financial Services
2012-03-31,EG,2012,Q1,USD,0.7939964327000362,0.28499892724821557,0.29680319968233737,0.2849821154665189,0.2744491339530743,0.2439341490516554,0.2439341490516554,0.2419495582504219,1.1459874238301355,5.172549650237196,-0.12939886181862617,0.0,0.06517599423961931,1.3412914447403461,1.5067883655126497,0.0248916934345675,0.03928487017310253,4.057894728851607,0.006337888318896019,0.006337888318896019,0.7812081162938291,3.9594363904944587,29.841237506425806,29.841237506425802,0.025474292214094148,0.07711659362394364,0.07159540023841426,0.07159540023841426,3.027232041456971,-0.3167453274242147,0.013793109187749668,0.13268338451586872,1,25.24108362422219,27.01305205645773,0.0,0.33947053100517177,0,6.463788463788464,0.08415051984877127,0.005184370558608974,0.5184370558608974,23.366962081299153,5.700000011224008,9.379585124014621,26.481418412258623,118.43194927227464,118.43194927227464,118.43194927227464,3.10040761480074,0,3.10040761480074,0.8888136957770965,0.9630398507772953,0.7812081162938291,0.09871453203762982,0.1111863042229035,13.38391186867488,0.4796579640825023,Financial Services
2012-06-30,EG,2012,Q2,USD,0.9014808955590053,0.2137345554986866,0.22752240800977958,0.21381746196242984,0.20253033911281623,0.18150678267931694,0.18150678267931694,0.1797742067839483,1.1684969301198198,1.486039864226833,-0.06068354512171101,0.0,0.06253183645500977,1.3738274768597873,1.5382990229688036,0.018480926485075166,0.034183321906067876,6.3103658301289665,-0.22480678269834437,-0.22480678269834437,0.8438966790004162,4.5814967974248235,39.02502808116911,39.02502808116911,0.025828202778453293,0.07608076915225613,0.0707017273547162,0.0707017273547162,2.9456470434607676,0.27935392838544604,0.011893383613301337,0.11739893659770484,1,18.430459075807914,19.08366052552099,0.0,0.28423081413330004,0,5.522384496000637,0.11712366756621968,0.00464012985614124,0.4640129856141241,22.58868762238792,4.1000000152877405,9.583139242727889,25.730241856641047,122.63349598979634,122.63349598979634,122.63349598979634,2.6518879060060794,0,2.6518879060060794,0.896195520505259,0.947211407590289,0.8438966790004162,0.09015412792283142,0.10380447949474106,20.46882323784877,0.48020703881205695,Financial Services
2012-09-30,EG,2012,Q3,USD,0.8232285819057065,0.2727983455033343,0.2849593225817301,0.2727942437166781,0.26186216192048933,0.2058457022709952,0.2058457022709952,0.2043551130001206,0.6526093806967022,0.9424425190582616,-0.09891877524544808,0.0,0.06197954358447575,1.3705203083554376,1.5510875331564986,0.020629476511634243,0.03966826923076923,5.594008218091678,0.30993829316453864,0.30993829316453864,0.8274622114159695,4.606010200651199,32.097223513943035,32.097223513943035,0.024825253351053286,0.07195626120424937,0.06712611680947951,0.10901804201921553,2.8985106490845305,0.2760443652556405,0.014499834217506632,0.143501826525598,1,20.93443852674218,24.944190233290826,0.0,0.35827137736815157,0,7.025987066714865,0.09922206900949299,0.004434301181780409,0.4434301181780409,23.51275730667911,4.8400000401208345,9.674927109316235,28.009704921291025,130.88210978804085,130.88210978804085,130.88210978804085,3.3741236201615528,0,3.3741236201615528,0.7860841778794192,0.9599255407766494,0.8274622114159695,0.14787041727357453,0.21391582212058083,16.191648204744357,0.4802348179868183,Financial Services
2012-12-31,EG,2012,Q4,USD,0.8698385259105017,0.04088162495580089,0.053493890700506815,0.04088319647978627,0.02993596039759557,0.04618473264448199,0.04618473264448199,0.04597807724040388,0.6475331513161309,1.0176436619199154,-0.009553063127840688,0.0,0.06434705148527597,0.001355799116636676,1.4196437101259611,0.0057362370481216516,0.043926877147063635,24.111842138081222,-0.3154089620224679,-0.3154089620224679,0.8418971952190454,4.454395930852945,30.729338898947304,30.7293388989473,0.04136742072859378,0.1215066473185359,0.10834233360011908,0.10834233360011908,2.937254611925773,-0.32887277638111256,0.015088990675609357,0.14495580088791105,1,6.371715721464465,3.7351040918880116,0.0,0.22547884829513995,0,7.458176672730948,0.4208278748490056,0.004363290374487479,0.4363290374487479,24.683481600376364,1.1399999984483726,16.13868926125704,309.9299184239687,130.59789321592066,130.59789321592066,130.59789321592066,3.578013844084572,0,3.578013844084572,1.5427843981311355,0.7322314049586777,0.8418971952190454,0.14432480356098848,-0.5427843981311355,87.39843389885282,0.4797437766748983,Financial Services
2013-03-31,EG,2013,Q1,USD,0.7895893243487295,0.3533885658340846,0.36696491047202073,0.35336005024592865,0.3435316775281811,0.28101965893894226,0.28101965893894226,0.27875157292715436,0.0,1.7402397136015093,-0.016436277319378894,0.0,0.06906716979249292,1.36123892496096,2.800246486397633,0.031031470046102468,0.04307849100024657,4.283730144909624,0.0076066236218021365,0.0076066236218021365,0.9660871697257948,4.815249537235874,29.18256044320961,29.182560443209614,0.05847519686198479,0.16986251453380483,0.14519869849962305,0.10857220720134032,2.904864346754066,-0.35004677364244463,0.018547875400673954,0.16500435411096073,1,30.88732289889474,35.84904680661672,0.0,0.19489261008869274,0,9.313358920391234,0.06304524864509045,0.003679342915660047,0.36793429156600466,26.902032594215378,7.560000024390714,23.0415727320949,315.2287295225453,134.0872791393839,128.04682057115144,134.0872791393839,4.438952512480522,0,4.438952512480522,0.8180312830565364,0.9721859539274252,0.9660871697257948,0.12607128575846663,0.18196871694346362,14.384645140628983,0.47662208129460243,Financial Services
2013-06-30,EG,2013,Q2,USD,0.8562297394767091,0.25087206533864187,0.2633079939138145,0.25083146123821837,0.23805445821948804,0.2034944627080868,0.2034944627080868,0.2016074794229493,0.0,1.0146510985718826,-0.01130255958926502,0.0,0.06925403526797419,1.2917393617021276,2.68035888136686,0.022614130465031284,0.03539136041263701,5.761607176301145,-0.22223341965732984,-0.22223341965732984,0.9591960652835659,4.689820626705833,37.32959424803878,37.32959424803879,0.027010056931196243,0.07976852690704837,0.07387558066314637,0.07387558066314637,2.95328984719454,0.33799794787236487,0.013714941972920697,0.12563277799228226,1,17.846388664900356,19.569289252390277,0.0,0.32212360233280524,0,7.298949174351276,0.08458435216694117,0.003670171775804877,0.3670171775804877,27.51917616317295,5.599999967494068,11.085599372603017,314.92554943049,134.55017662300997,127.9615087514297,134.55017662300997,3.457310549438413,0,3.457310549438413,0.8548231536183344,0.9490614018047928,0.9591960652835659,0.0831618579288756,0.14517684638166567,18.061129868502952,0.47367236938537743,Financial Services
2013-09-30,EG,2013,Q3,USD,0.872637706225767,0.22703635681249634,0.23489865843547406,0.224357794302953,0.2215871874237423,0.17019432064833484,0.16750576882735474,0.16597169599956618,0.0,0.7937724849137069,-0.010173406372180204,0.0,0.06997721181231001,1.2671857744501638,2.6355798627359226,0.018747046497982416,0.045978318515052255,7.495360898176428,-0.5596536137305068,-0.5596536137305068,1.047780588821651,5.022064759550139,18.50344314266636,18.503443142666356,0.05410491953233287,0.16131255163789832,0.13890537169376618,0.06932773720473709,2.981476601984384,0.39782745873474507,0.029666510684760568,0.2714124458258235,1,33.67591986382087,41.17284273929553,0.0,0.3510343675624695,0,16.414257357383274,0.09871400031521688,0.003292503244881556,0.3292503244881556,28.95422639134295,4.849999952483185,22.544579965613526,324.8506660142677,138.7790550343466,131.469419479638,138.7790550343466,7.858537401868998,0,7.858537401868998,0.755936165690991,0.9876509443863158,1.047780588821651,0.0710951387860963,0.231930678722541,22.88049790826524,0.47876289683822704,Financial Services
2013-12-31,EG,2013,Q4,USD,0.8471962043922637,0.3030448441193259,0.31231436891693615,0.30164877972898685,0.2980103116295196,0.24173929321438883,0.2403485019662229,0.2381047799715514,0.0,1.991820392311856,-0.01324463583164706,0.0,0.07659123802077096,0.0013435880829015545,1.418368037564767,0.029659355003520314,0.049496599740932644,5.113845154454555,0.08953844404008876,0.08953844404008876,1.0703951849381397,4.91642008864152,27.291953726971027,27.291953726971027,0.041445300281158615,0.11781249766800282,0.10539558102435338,0.033716253862971196,2.8426021012944953,-0.34056093530221737,0.022125728626943005,0.18014174206161404,1,50.857423409269444,59.9159465828751,0.0,0.33290334368719166,0,7.59981646784016,0.09862109818504929,0.004821279057459467,0.4821279057459467,31.703962881469145,7.619999984953845,17.315366329161897,336.19873430069526,145.61911543819963,138.01827840386036,145.61911543819963,5.7112071037246,0,5.7112071037246,0.8065106896872055,0.9879380645837976,1.0703951849381397,0.03259796536772642,0.18882238707594035,16.184190751573915,0.7514927666862071,Financial Services
2014-03-31,EG,2014,Q1,USD,0.8889124298186033,0.2826121500277298,0.28683238096425034,0.2762607725717704,0.2767172242751298,0.23525333848464267,0.22895259133707635,0.22675212024152994,0.0,1.2201603312714424,-0.007856558639352635,0.0,0.06383207967027299,1.3352232462064035,2.777383967585604,0.023518755501004827,0.03061921029633749,6.112220401120324,-0.34246411365100626,-0.34246411365100626,1.0211469817453926,5.597634798639369,19.576115077622536,19.576115077622536,0.024280151617945053,0.06938987377781719,0.06488734883254939,0.06488734883254939,2.8578846981553565,-0.31636867111905215,0.029164773178676412,0.28594206646435316,1,41.62367864693446,46.86416490486258,0.0,0.7517365235126922,0,10.566374992804098,0.1181970040791609,0.004834454434001443,0.4834454434001442,27.341905198460292,6.260000047280163,10.561366105358136,347.587656410286,149.88048022078047,141.8855963603475,149.88048022078047,7.818200873520176,0,7.818200873520176,0.8273882911944693,1.0016522494276336,1.0211469817453926,0.06795287555882772,0.14984208481818642,19.79486507888877,0.7399132511239208,Financial Services
2014-06-30,EG,2014,Q2,USD,0.8663921898021288,0.2552655494815692,0.2592663481266266,0.24997452597661898,0.24908431213252,0.20511752475111192,0.19978794596753094,0.1976763559753797,0.0,0.8941167797789358,-0.010123538363937918,0.0,0.06853927897241006,1.359019952237886,2.8357310684847086,0.021896669179745927,0.026313072952777135,6.348496852945028,6.623598383239304,6.623598383239304,1.0062900004615678,5.073412584924887,32.994957544048184,32.994957544048184,0.041919635871572776,0.12131121303838878,0.1081869258309429,0.08089188355042942,2.8938994940233798,0.3271345724548708,0.01720476080425237,0.15376327058920727,1,1.2075671334018119,40.44085542437068,0.8933971774193549,0.2514054208607907,0,6.507619685888283,0.1182663413558294,0.004657257619217626,0.4657257619217625,31.633540011486396,6.319999982576572,19.543074960595828,373.12362205187435,159.486827779652,151.46950279417334,159.486827779652,4.864076572480697,0,4.864076572480697,0.8020896388739168,0.9964387817493762,1.0062900004615678,0.12138521337976522,0.17651367524911205,21.02031697116636,0.7474432753082367,Financial Services
2014-09-30,EG,2014,Q3,USD,0.912375966872412,0.21781193843269006,0.20780659947391722,0.20068234497486784,0.20972276479933327,0.19614357892543688,0.17899575487668307,0.17712191056592963,0.0,0.6229661483768533,-0.006967885956965719,0.0,0.07147879066494105,1.3315214496481804,2.7928457289853976,0.020266392986443272,0.030400469092834986,6.69462807603959,-1.567038868169263,-1.567038868169263,0.9972439723634744,4.793240024357371,21.942110829448723,21.942110829448723,0.041343705207371476,0.12033845796645357,0.1074125922490263,0.08168755726867807,2.910683920632192,0.3397154019776476,0.02538488310509193,0.2184493580227622,1,1.1367568267904369,24.808757244043786,1.3420587364698917,0.3776752919139854,0,9.875842580873046,0.1235759286472959,0.004614742120237432,0.46147421202374317,33.79968438399256,6.050000020906386,19.823325193266886,375.16047576860734,162.4577380157388,153.80489293498613,162.4577380157388,7.3835193550551566,0,7.3835193550551566,0.8534874840504302,1.0450484063538206,0.9972439723634744,0.12315845178176885,0.06474826844329093,24.59033696762813,0.7476343708996662,Financial Services
2014-12-31,EG,2014,Q4,USD,0.9131782567949985,0.2743156925593688,0.2703886177394722,0.2630099582925292,0.26801775251196464,0.2352840066041768,0.22399605382654356,0.2216785330666549,0.0,0.9427349632797248,-0.007068561989738566,0.0,0.07293908335472526,0.001369706968340011,1.4665760075418337,0.02628374205039627,0.03436829287453846,5.646551699899742,0.22927273680800958,0.22927273680800958,1.030997811778632,5.059221194020415,19.805475486558883,19.805475486558887,0.03066429997678912,0.08567356316902694,0.07891282064467894,0.07891282064467894,2.7939187665746896,-0.36457648796868514,0.03047191452588577,0.25544558106943144,1,37.73533410017777,41.761267384711914,0.0,0.6076110181651847,0,9.045849949858905,0.12606909853200166,0.005581685302475849,0.558168530247585,33.6613074362672,7.540000032365938,14.363537899438631,373.18396881377794,165.17978802128198,156.34769982702622,165.17978802128198,8.598632237614048,0,8.598632237614048,0.8357508102622572,1.019040321712327,1.030997811778632,0.08309771581496055,0.1221327527784808,19.200224117622703,0.9505610070116371,Financial Services
2015-03-31,EG,2015,Q1,USD,0.9036263827777193,0.2547020927162444,0.2638407466009914,0.2547396357371333,0.25954992061357585,0.2204649054666734,0.2204649054666734,0.21813928597269872,0.0,0.7050064415615543,-0.0073868267262638294,0.0,0.06888447971760572,1.3727118722517935,2.847155596698295,0.024727555440887894,0.03074712643678161,5.991735560936039,-1.613488790337776,-1.613488790337776,1.0096737513092455,5.283869656092277,17.007652815861633,17.007652815861633,0.030016287455941135,0.0832653982258176,0.07686518775748812,0.07686518775748812,2.774007223512808,-0.37181909216645825,0.03511039111316825,0.31067600646013,1,38.41557285873193,41.51167964404895,0.0,0.712971419172417,0,10.771939789832434,0.13082005585519757,0.005458354033015796,0.5458354033015796,32.93041110493307,7.259999971227762,14.55144709972242,385.90011519684884,172.3328944368158,163.9448878566049,172.3328944368158,10.230688613170924,0,10.230688613170924,0.84941234019835,1.0188831426351188,1.0096737513092455,0.08246762691200721,0.10826668630354226,20.64711562313239,0.9497536017447485,Financial Services
2015-06-30,EG,2015,Q2,USD,0.8937265024174912,0.1768487782998302,0.185338901479747,0.1768550466434413,0.18895991463908968,0.14560456781163766,0.14560456781163766,0.1440569834223206,0.0,0.9521866107533323,-0.007892713798112341,0.0,0.06683391289517018,1.3723287848757433,2.846068226863851,0.016082744739584976,0.02583480713523403,9.640360106777099,-0.2755473006897706,-0.2755473006897706,1.0433404556029497,5.614721867583331,35.36755515306928,35.36755515306928,0.029715081244167454,0.08261860037361542,0.07631367163385466,0.07631367163385466,2.780359228862347,0.29556079131111146,0.017375819484677542,0.15875346325984513,1,25.512187015289165,28.13272767560381,0.0,0.3570616229561098,0,5.432868549636515,0.2006868940049843,0.0052043412222719495,0.520434122227195,32.41656564519021,4.720000030705502,14.616541229800944,391.42867664006945,174.44928836274812,166.5346969797098,174.44928836274812,5.1462420631640615,0,5.1462420631640615,0.7705579677559656,1.0684451375597614,1.0433404556029497,0.07918661634362664,0.13207964438678096,31.419707303340385,0.9472421458657175,Financial Services
2015-09-30,EG,2015,Q3,USD,1.0,0.06647202335719714,0.07616976871866285,0.0665301981943985,0.07376496638585188,0.06439445448364378,0.06439445448364378,0.06374289630698862,0.0,0.0,0.0,0.0,0.06342335925354083,1.3016098982150759,2.7282368343413483,0.007171672622221302,0.029593302847027585,21.452970389089018,-0.3750297045796302,-0.3750297045796302,1.0150380357051263,5.5258093010366025,24.95763008572217,24.95763008572217,0.02944183394473034,0.08527113454941813,0.07857127296103837,0.07857127296103837,2.896257573814638,0.30649686474612403,0.022456999557456853,0.22140761290463326,1,12.333592880978866,10.17686318131257,0.0,0.47695447916323996,0,7.301837018562042,0.47088184477092815,0.005487373499224362,0.5487373499224362,31.369160706918105,2.019999991331745,14.766988519740092,387.27804447996505,170.77192568412892,162.44704751132227,170.77192568412892,6.945370990940556,0,6.945370990940556,0.8729679906150495,1.1087441250409882,1.0150380357051263,0.08400782192381788,-0.060459980875205786,74.8099263691215,0.9511813223555509,Financial Services
2015-12-31,EG,2015,Q4,USD,0.9150089119255905,0.29752002622359713,0.28286144516604866,0.2750948812767614,0.2916395638278257,0.2512074634815923,0.22874006371514619,0.22638595808321896,0.0,0.7669669010382062,-0.006921579967210715,0.0,0.07289924589899971,0.0014362808842652796,1.5602330949284786,0.026734908185870328,0.023054128738621588,5.5015024186284744,0.017639737913697648,0.017639737913697648,1.0333497151599147,5.033656055064433,24.505604518542068,24.505604518542068,0.029793838610951324,0.08390101444618152,0.07740652820502311,0.07719694654266544,2.8160525248781476,-0.38109863474904115,0.026075910273081926,0.2054083608203069,1,41.22623843222646,46.78116494284159,0.0,0.5025909820041105,0,6.520832486484289,0.13771233286964601,0.006257942030677945,0.6257942030677945,36.373164554179375,8.319999977644487,15.079561872933686,393.20510707964627,177.18106204893678,168.51012709388488,177.18106204893678,7.471352108921275,0,7.471352108921275,0.7843245296107585,1.0601417317337118,1.0333497151599147,0.08095501834918009,0.13863722677250745,18.598328585927174,1.145766606396825,Financial Services
2016-03-31,EG,2016,Q1,USD,0.9796738607104729,0.1499904190343997,0.15996347961347648,0.15001698809866945,0.1425607425167828,0.13822837479449232,0.13822837479449232,0.13679606069340428,0.0,0.14098239814152966,-0.0013832298367376771,0.0,0.05955383078535168,1.3791380675391824,2.8536481661011472,0.01414000401826891,0.026574810147035062,12.247518578320307,-0.2375276330340908,-0.2375276330340908,1.0727792267297458,6.7718183533862675,22.90895939901129,22.90895939901129,0.03060862432197694,0.08142151211324976,0.07529118960666935,0.07529118960666935,2.6600840095511664,-0.3271401568502574,0.02966109226046211,0.29559694246428875,1,20.94722583441699,20.191590810576507,0.0,0.5751297447087813,0,7.537983000041063,0.283692322029752,0.005790812241181739,0.579081224118174,29.15465089244081,4.030000010562888,15.20109919760781,374.6723304090173,184.03600207830692,175.64824737626662,184.03600207830692,8.618025662419251,0,8.618025662419251,0.9696103734744476,0.9502973251470526,1.0727792267297458,0.07589773374103695,0.030389626525552476,43.890920659898725,1.1432800607765108,Financial Services
2016-06-30,EG,2016,Q2,USD,0.8827747912295396,0.13682624078706673,0.14507060797655832,0.1368269411240689,0.13047208316641967,0.109036868541142,0.109036868541142,0.10788691518358634,0.0,0.7459844905963098,-0.009086628876646885,0.0,0.06709295454999313,1.3786405559065067,2.8332293903979786,0.012594321285713824,0.03389821541377132,12.34256759135023,-1.5072893149436797,-1.5072893149436797,0.9625680215273543,5.383179679672859,25.010676221175213,25.010676221175213,0.02974634876369544,0.07927738236506614,0.07345413112553352,0.07345413112553352,2.665113052860521,0.3009849732427284,0.024268082754264057,0.21523527121250746,1,19.457401080127852,21.533450898269592,0.0,0.4854636239134246,0,6.385169949306075,0.3091488323099453,0.00626184199563548,0.626184199563548,33.933476285358,3.699999992870539,15.260373014810575,386.0111758099109,189.77360136081444,182.1740477696207,189.77360136081444,7.303680971462218,0,7.303680971462218,0.835710336609429,0.9535555066462612,0.9625680215273543,0.08236029100496481,0.16428966339057108,38.091067729357356,1.143850677342733,Financial Services
2016-09-30,EG,2016,Q3,USD,0.9142272267447711,0.21833141779700965,0.21833141779700965,0.21834002446943174,0.21244379180856643,0.19556610718882245,0.19556610718882245,0.19347336168680188,0.0,0.4932422657255332,-0.006965110471589525,0.0,0.06972488956095906,1.3503416737239202,2.782377242281931,0.02271474285328355,0.03355108168450227,6.679676535246146,0.07247742868155643,0.07247742868155643,0.9815265739790069,5.22527334911444,28.569783286492555,28.56978328649255,0.029225850689204795,0.07873582344288561,0.07298897629226118,0.07298897629226118,2.6940472761659735,0.3232411254297702,0.02126838093771653,0.1828950992283125,1,34.21646238614641,37.0845608905881,0.0,0.4363377042655286,0,5.8209191091257715,0.1606633851737002,0.006013142415128182,0.6013142415128182,36.35599275054106,7.109999975208366,15.453010670776655,390.75500225976947,193.5454475062059,185.13754531002095,193.5454475062059,6.649332901654018,0,6.649332901654018,0.9205545877520748,0.9729951818261758,0.9815265739790069,0.08021771955057595,0.07944541224792528,24.531119175844502,1.1423166646019007,Financial Services
2016-12-31,EG,2016,Q4,USD,0.8994027113435277,0.26309512007732533,0.26309512007732533,0.2631006964237032,0.25749770750204465,0.2314629854519319,0.2314629854519319,0.22901311060992838,0.0,0.8501146680908548,-0.008847966529008017,0.0,0.07569634862531274,0.0013861095694917942,1.456232617141045,0.029034037771698676,0.038208356457623084,5.9190371896180665,0.2073120907299727,0.2073120907299727,1.095270899903856,5.48015207564004,20.945514627942995,20.945514627942995,0.029696591760130994,0.0784080433950236,0.07270721307695452,0.07270721307695452,2.640304450704337,-0.4012366050713437,0.0334792674225006,0.2616384544846217,1,42.35178215629843,47.00398494576046,0.0,0.6669140965545125,0,8.265781901462212,0.13675275448909446,0.005775971247864327,0.5775971247864327,39.48795526349077,9.1400000146799,15.712632128284719,395.13302559367355,197.57669086159032,189.15894198038228,197.57669086159032,10.331567585897606,0,10.331567585897606,0.8988933831579606,0.9787040133385456,1.095270899903856,0.07158780846081671,0.1011066168420394,21.18575270886076,1.2499201780378404,Financial Services
2017-03-31,EG,2017,Q1,USD,0.880333625632923,0.23395888139506377,0.23395888139506377,0.2339501258774039,0.2279216152178979,0.19642195668308662,0.19642195668308662,0.1943098564229804,0.0,0.8559000346834175,-0.009259348527041923,0.0,0.06690312911490418,1.3717430366333636,2.824137753557372,0.021913132010750104,0.03544050862851953,8.209620885603288,-0.3714650242297725,-0.3714650242297725,1.147251571029565,6.450199191906131,25.083323352225705,25.0833233522257,0.0285329762109621,0.07585534332325972,0.07050700988196666,0.07050700988196666,2.658514932421133,-0.3864572423285227,0.028898879806236753,0.25715090067336666,1,33.53491744756805,38.75100401606426,0.0,0.6029584780277656,0,7.445486632475966,0.1758348391698069,0.005354535904275364,0.5354535904275364,36.24849296024696,7.1199999140648,15.678169353671592,409.2716903864096,203.80011316103455,195.32043283216836,203.80011316103455,9.321332612779697,0,9.321332612779697,0.861796089393729,0.9742316417360464,1.147251571029565,0.06611918888477591,0.13820391060627105,28.044760752035973,1.251944039778623,Financial Services
2017-06-30,EG,2017,Q2,USD,0.8951327280412855,0.18528025736127599,0.18528025736127599,0.18532403073021167,0.18001503974556565,0.1605071438791437,0.1605071438791437,0.15880455582770542,0.0,0.6115590066371512,-0.008246949248926532,0.0,0.06796103400020895,0.03526796452194829,1.4982171527360193,0.018397165032908943,0.03526796452194829,10.643394727677736,-0.664745354921627,-0.664745354921627,1.2183421701139618,6.833363555671558,41.41445822732132,41.41445822732132,0.028118642435486434,0.07376818883799013,0.06870029267473508,0.06870029267473508,2.6234619614812136,-0.38635567942048576,0.01898301262778112,0.16499946753290026,1,31.48442734830624,35.19779128924184,0.0,0.3987935921425583,0,4.922618119444878,0.20882958717650218,0.004905145221980938,0.49051452219809377,37.25690839157757,5.979999955699016,15.61108253859924,411.28461437295766,208.96428461980105,200.266565348856,208.96428461980105,6.147370046532342,0,6.147370046532342,0.89163185534945,0.971352927282406,1.2183421701139618,0.06054800584559095,0.10836814465055003,37.45980643075263,1.248800922064127,Financial Services
2017-09-30,EG,2017,Q3,USD,0.8950020023518216,-0.5197427253196374,-0.5186415767057226,-0.5197618505324053,-0.5239537494400079,-0.3705504178279438,-0.3705504178279438,-0.3705504178279438,0.0,0.6729227797793708,-0.008940842467785237,0.0,0.07208604649287656,1.2052977696621885,2.526760075648885,-0.03928066859156089,0.03817627494456763,-3.6298474633391407,0.009998382234347335,0.009998382234347335,1.1648807620238135,5.380165976768082,22.65019999243637,22.650199992436367,0.026459428576776106,0.07947216648423813,0.07362132063402169,0.07362132063402169,3.003548102092886,-0.35625352091447715,0.026728577018390504,0.23753282437085294,1,-86.73382879163226,-123.42884668318194,0.0,0.6471342406922033,0,7.9890842462282174,-0.08023785765451832,0.005526255473880612,0.5526255473880611,42.45036323901592,-15.729999835165335,15.760309731715592,418.10231509056433,196.0629855395715,186.29941011332014,196.0629855395715,10.083354675732082,0,10.083354675732082,0.7072197082738337,1.0080650376769837,1.1648807620238135,0.06822343459957791,0.2927802917261663,-10.427148218741515,1.2621414876795929,Financial Services
2017-12-31,EG,2017,Q4,USD,0.9002196323821999,0.37629330589847637,0.38577268450110885,0.37184549576882314,0.3723762338589479,0.3058170715575262,0.3058170715575262,0.30322818363859255,0.0,0.8545709738231422,-0.00938489026169856,0.0,0.07914663710158178,0.0012766278272789582,1.3619503769705277,0.03824816588011478,0.04352755311857437,3.9737787434262946,-0.0210818008883965,-0.0210818008883965,1.0845090717834085,4.860997513328702,76.6111671480059,76.6111671480059,0.026848108867694325,0.07568137673803284,0.07035668588735265,0.07035668588735265,2.8188717913423837,-0.32691162600633894,0.008120287868403017,0.06345024745462617,1,81.49289034727919,94.92945036915505,0.0,0.1870475769464552,0,2.220504170180864,0.09343724005078587,0.005878362012816916,0.5878362012816915,45.51740653915416,13.919999972697518,15.618701917616661,414.2831132367285,204.01857924171304,193.98523389122462,204.01857924171304,2.888090708402151,0,2.888090708402151,0.8212582967187062,1.0014273081055545,1.0845090717834085,0.06978399600989918,0.17874170328129382,12.598357155454734,1.3006463789558707,Financial Services
2018-03-31,EG,2018,Q1,USD,0.9348729082827505,0.12896318210911684,0.13463602415140874,0.12893854249216546,0.12471256167783185,0.12051523158088355,0.12051523158088355,0.11924829685810504,0.0,0.46527345668904535,-0.005716360448219553,0.0,0.07422032291994674,1.2784063015960374,2.6462348651623557,0.014454991675135684,0.04819661529994496,12.374513669277,-0.19618818938079252,-0.19618818938079252,1.247615926739356,5.965269522214907,53.211673806890204,53.21167380689021,0.026940148842377703,0.07591506894625955,0.07055860740068452,0.07055860740068452,2.8179157208976795,-0.3316382978319078,0.013458998348926802,0.11210452698525118,1,30.68697762200054,30.33405230520356,0.0,0.30884885760337455,0,3.674680691209617,0.2531404825074411,0.00511415012486368,0.511415012486368,42.650210363929,5.139999978982303,15.662265552784126,416.8154625925442,203.92493759271463,193.64278698669256,203.92493759271463,4.781281658669718,0,4.781281658669718,0.9663439669550594,0.9672248442346835,1.247615926739356,0.060848108235251185,0.03365603304494057,44.02090076046663,1.3011420747678173,Financial Services
2018-06-30,EG,2018,Q2,USD,0.9129718390291499,0.03618235981191153,0.04627248949913336,0.03377182254684382,0.032099819381395805,0.036924063585778516,0.036924063585778516,0.036547928908432864,0.0,0.5272086637608249,-0.008327637556609601,0.0,0.07924927211196069,1.2128228632336286,2.5306698421157816,0.005025524566532366,0.04126926920258477,33.6959064279276,-0.5049474024476615,-0.5049474024476615,1.1431018779959445,4.976759166100967,-149.55393572390142,-149.55393572390145,0.026522107093792,0.07686896890302788,0.07138191472016495,0.07138191472016495,2.898297960685805,0.5227959353722755,-0.004196389314502698,-0.033277353364265835,1,12.515916149068323,8.272256728778467,0.0,-0.09943425771581553,0,-1.1831705484598047,0.7617139995707848,0.0056513838053297355,0.5651383805329735,46.311262471752094,1.7100000002446527,15.687913586907205,400.7297598398641,201.6268229775559,191.39625469509926,201.6268229775559,-1.5411162460177574,0,-1.5411162460177574,1.1502888270822704,0.9504911775747716,1.1431018779959445,0.06724594752463578,-0.15028882708227045,107.71326413809636,1.3025309394523974,Financial Services
2018-09-30,EG,2018,Q3,USD,0.8836085749272402,0.10150724151710568,0.10209867965293382,0.10152215604400917,0.10153244192463226,0.10202616419454097,0.10574553862785324,0.10467786421917566,0.0,0.7804946182417636,-0.011633740907260404,0.0,0.07965361478296316,1.2083051527705853,2.4675722423614705,0.013228582493400632,0.04141383997928534,11.129960274155817,0.05715385005647581,0.05715385005647581,1.09903275302848,4.707774576388863,22.273190457466402,22.273190457466402,0.025953943362168726,0.07606639586227083,0.0706893144835338,0.027625934153018446,2.9308222955108847,0.6064368455639242,0.02660415587778353,0.21136507521807352,1,26.16301733957727,24.984305784077964,0.0,0.6486872551526458,0,7.774454722584795,0.25709950246336566,0.00577494205123895,0.5774942051238949,47.66158539649374,5.040000019609655,15.723487194772654,391.96585076611245,204.16134039836524,192.88049410447977,204.16134039836524,10.073994582342536,0,10.073994582342536,1.0414950790442759,1.0001013166093384,1.09903275302848,0.025850739408525388,-0.04149507904427594,46.07879775239016,1.2957814974569954,Financial Services
2018-12-31,EG,2018,Q4,USD,1.0,-0.3868697613023257,-0.38915426949507353,-0.388608773514415,-0.391318423109862,-0.21300197192060832,-0.21300197192060832,-0.21073529403570632,0.0,0.0,0.0,0.0,0.07238432977270023,0.0011338791881343815,1.2355202342042133,-0.0223683622361968,0.04035872977480752,-5.730526255826971,0.01986372237233008,0.01986372237233008,1.108646517003711,4.882453570535862,131.88628500421433,131.88628500421433,0.025555095005045374,0.08016557596822999,0.07421600701945331,0.02907193362343149,3.1369703752775244,-0.27567778839286583,0.004086959977195699,0.03702017666491893,1,-47.3935370741483,-87.35408316633267,0.0,0.10485895964887085,0,1.1681142093603853,-0.14878856526993728,0.006491051546908304,0.6491051546908303,44.6005265291443,-9.50000009940514,15.944509864071424,400.71906695950094,196.41968531911337,183.70643892816608,196.41968531911337,1.6511193714573251,0,1.6511193714573251,0.5443187934466566,1.0069726927957443,1.108646517003711,0.027008083407288795,0.45568120655334343,-12.514128834301719,1.4134913848547521,Financial Services
2019-03-31,EG,2019,Q1,USD,0.8823080451184976,0.2153862872133476,0.0,0.2153862872133476,0.20855800494162746,0.17800266621362462,0.17800266621362462,0.1761338678004962,0.0,0.8015301921079057,-0.011108953714795674,28.053686184144613,0.07647460894940548,1.1601508973030517,2.413349981683998,-0.004276652043219558,0.035242401876620755,6.3398482617153915,-0.03333069091660001,-0.03333069091660001,1.0499919047165838,4.514039575900613,19.24283111872067,19.24283111872067,0.024723194121754985,0.07519827916952318,0.06993898765128781,0.02816328498270292,3.041608572063633,-0.2885781978833833,0.0277487129010435,0.23458292327416747,1,-0.14801972245220765,55.323679727427596,1.158238115390041,0.7256197251557598,0,8.047359854385075,0.16376325594726282,0.006457696193463505,0.6457696193463505,48.145346611552405,8.570000062635426,15.752171023697437,410.12077952366866,206.9825481737045,194.00127014818926,206.9825481737045,11.294076150185996,0,11.294076150185996,0.853492371407394,0.9682975069580151,1.0499919047165838,0.07246731572209796,0.146507628592606,0.0,1.4034511137254237,Financial Services
2019-06-30,EG,2019,Q2,USD,0.8910828514468976,0.18860015601976252,0.0,0.18860015601976252,0.18949863173144788,0.16981636721603785,0.16981636721603785,0.16791589791849826,0.0,0.6352747789259601,-0.010424124851531557,28.896577881463884,0.07651170952506028,1.173323055466574,2.4237976875748224,-0.0032007073275253576,0.03920394823729922,7.437054606232955,-4.249037198361074,-4.249037198361074,1.1480348652072903,5.051734384071125,25.905746193457603,25.905746193457603,0.02401576547275215,0.0713317860101574,0.06658234819654749,0.026279459338364206,2.9702066374311134,0.7239482092727475,0.023337945885656283,0.19500439579489592,1,-0.09801010240524062,45.14809105999526,0.9916753565365453,0.6212635489007027,0,6.9072966192389345,0.16624812238409822,0.0055885068480190595,0.5588506848019059,49.582971105884134,8.420000028979015,15.770404277636544,422.66366702758637,218.18152705211884,205.63555387160739,218.18152705211884,9.668897322218719,0,9.668897322218719,0.896135057358603,1.0047639181782608,1.1480348652072903,0.06243412905003008,0.10386494264139699,0.0,1.399809195291814,Financial Services
2019-09-30,EG,2019,Q3,USD,0.9177848931711807,0.04941298004425905,0.0,0.04941298004425905,0.04554178172061963,0.05111235140904373,0.05111235140904373,0.050561561208702976,0.0,0.4516483014036852,-0.007775087605512299,34.763930966402285,0.07558242953853059,1.169928015099468,2.410711653313384,-0.001248802484944555,0.04120090268658527,25.985351721800225,-0.3733731424873002,-0.3733731424873002,1.2079442665689886,5.31268971476901,17.1330871240795,17.1330871240795,0.023452600437518994,0.07055090703172502,0.06590149666711205,0.025676055432158233,3.0082338723879465,0.6945184246198165,0.036385517167923674,0.31008362219219393,1,1.4389781206525862,12.764259516883774,0.0,0.9993294171293688,0,11.112413369593824,0.54593957738654,0.005252378178592517,0.5252378178592517,50.08574079910655,2.559999984306213,15.735081418509434,435.0675564815108,220.28334200864634,207.37240662926166,220.28334200864634,15.53076792716631,0,15.53076792716631,1.1223177811223393,0.921656246594073,1.2079442665689886,0.021816146036542545,-0.12231778112233928,0.0,1.3976053095416827,Financial Services
2019-12-31,EG,2019,Q4,USD,0.8986042095925814,0.10243459377820012,0.0,0.10243459377820012,0.09894737602785077,0.09829970470885051,0.09829970470885051,0.09710824240792815,0.0,0.7697284509360214,-0.010406120476249234,13.715030817356832,0.08103066415737549,0.001181731079971663,1.2299443182987082,0.0012063574294411462,0.04602280966531631,12.960674039394606,0.11935009187356184,0.11935009187356184,1.2354477631777332,5.096121723600619,30.901250653915355,30.90125065391536,0.023196853204526663,0.0694007670050942,0.06489687416201714,0.02526851762220771,2.9918181743526855,-0.30374343758229067,0.020796997532763307,0.1649163582625065,1,-0.18572723740448127,29.374303846651987,0.0,0.5760816746393366,0,5.778338687471317,0.2903411074966459,0.005600424534521503,0.5600424534521503,54.32366317270797,5.340000048580251,15.740810916757667,442.9515858789773,224.08070033485777,209.8044122301223,224.08070033485777,8.958860697922038,0,8.958860697922038,0.993454386109057,0.9659566400204587,1.2354477631777332,0.02098313544562109,0.006545613890942952,0.0,1.550421528136933,Financial Services
2020-03-31,EG,2020,Q1,USD,1.0,-0.018183001549937034,0.004031248990926411,-0.002542360909296393,-0.02200890406535568,0.008381365236203945,0.008381365236203945,0.008277430656462914,0.0,0.0,0.0,12.654450729763896,0.07280763899516278,1.129213698076244,2.3256776545854363,0.0032529769022064197,0.0453996880647538,116.42267156272572,-1.2610488157098485,-1.2610488157098485,0.9015387677626144,3.9031237285672766,15.28897600540723,15.288976005407232,0.025059547866007694,0.07950022748079931,0.0736454013227277,0.026665412889502266,3.1724525879670114,-0.2606291829610642,0.028095660808482987,0.25529006829410056,1,8.99696689964394,-0.6645127258341026,0.0,0.7417159811019559,0,7.996412598574522,3.809113893570913,0.0081794933977242,0.81794933977242,49.29897522634564,0.4131927171425729,17.15675057208238,442.98940403939906,213.43508108645906,198.41829171226743,213.43508108645906,12.585538752362949,0,12.585538752362949,-0.38081701893539954,8.656876364358007,0.9015387677626144,0.03038797424683848,1.3808170189353997,951.2659173967459,1.5738981195900905,Financial Services
2020-06-30,EG,2020,Q2,USD,0.8954785332243269,0.10885202371113581,0.0,0.10885202371113581,0.1056205906398487,0.08504287117706943,0.08504287117706943,0.08392949033532857,0.0,0.6344638834274031,-0.01169440573725751,14.80033365643937,0.07852129627106273,1.1565468725196069,2.2305996953056675,-0.0038376569695023873,0.04938923268801062,10.653792696982396,0.009995549212271812,0.009995549212271812,0.8759554048388922,3.6241164795067085,13.589082137063833,13.589082137063833,0.021716407042024058,0.06684675994171628,0.06265825838508264,0.06265825838508264,3.0781684931747297,0.8548878921717245,0.032048693270356386,0.2666932499894186,1,-6.36798566110575,33.68537157038467,0.0,0.9642985442015339,0,9.666015372690866,0.3244341994970662,0.007613115083160939,0.761311508316094,56.896626023473345,4.83865243732414,15.919592385104819,477.4806205480494,235.4001115364141,220.74295926385966,235.4001115364141,15.17394610763264,0,15.17394610763264,0.8051732210725238,0.9703135232481991,0.8759554048388922,0.07631297161070762,0.19482677892747619,0.0,1.5698243301477857,Financial Services
2020-09-30,EG,2020,Q3,USD,1.0,0.1069461003515461,0.0,0.1069461003515461,0.10440183527291562,0.09311872266476233,0.09311872266476233,0.09200041069901585,0.5659783395192646,0.0,0.0,17.49382732597885,0.08656457608717029,32.33261487651907,32.33261487651907,0.0011596784026250704,1.232421654515908,8.02226619681803,0.29497255708300146,0.29497255708300146,0.8131826056385312,2.9880927244975832,7.18168860299331,7.181688602993309,0.02357352049596878,0.07411024500140335,0.06899687005713881,0.06899687005713881,3.1437919938210617,0.19483571710967332,1.4255662113523178,0.4160710509297429,1,-4.434723686191838,42.03418159915675,0.0,1.5278589446169386,0,17.54336483321218,0.25469334353670126,0.007937075923687356,0.7937075923687356,66.10905959526885,6.155991186080085,18.171212927082543,507.0475647747132,242.92206772535016,227.6804700757288,242.92206772535016,27.506065901780513,0,27.506065901780513,0.8919261085913074,0.9762098377568968,0.8131826056385312,0.09113604310708312,0.10807389140869259,0.0,1.5678899779652002,Financial Services
2020-12-31,EG,2020,Q4,USD,1.0339847631914172,0.05026589152105227,0.0,0.05026589152105227,0.04470692021906376,0.023815283089658724,0.023815283089658724,0.023549803455204337,0.0,-0.3083469510475731,0.0,17.908720871751886,0.08145080279563871,2.0582861762328215,2.0582861762328215,-0.005106151928995787,64.80606305578011,36.36286087701645,-0.49459998687306495,-0.49459998687306495,0.9511449011410035,3.4639673029440905,13.545235024620371,13.545235024620371,0.05826434060114693,0.19641758487611163,0.164171429239274,0.164171429239274,3.3711457617053195,0.223644917286013,55.21188358932902,0.2557332742213658,1,-3.758184022632359,9.042300956486596,0.0,0.3575030674332807,0,11.017971510155355,0.9746077167384674,0.006700570948162656,0.6700570948162656,67.57858245400946,1.6094030719400794,48.716769149016926,556.1065310357044,246.1139198866368,230.37331410207747,246.1139198866368,17.282092158202385,0,17.282092158202385,0.5326979128279005,0.8894086798468438,0.9511449011410035,0.20650647933925423,0.4673020871720996,0.0,1.5685366532553962,Financial Services
2021-03-31,EG,2021,Q1,USD,1.0,0.14167863011991152,0.0,0.14167863011991152,0.13597881457394617,0.12459558425569463,0.12459558425569463,0.1229861216653127,0.5656011431695331,0.0,0.0,0.0,0.08167120856480385,1079.2928645724985,1079.2928645724985,0.00040652429464626617,47.12544206365717,7.1660135010618315,0.016672372451892414,0.016672372451892414,1.0120076677584215,3.571414555795979,10.835381725982622,10.835381725982622,0.05687027776937714,0.19731491099447457,0.16479783988540433,0.16479783988540433,3.469561231872907,0.2116303751736415,37.627043894320785,0.32960671309179,1,-0.07564979181956243,24.856704392863993,2.276715404910076,0.47334705693620305,0,14.532870526603352,0.1820295908875511,0.006350448225522415,0.6350448225522415,69.38707230103938,8.645322813140126,48.711933844169636,565.6351060870445,244.8696861644286,228.08896644159523,244.8696861644286,22.870444832207976,0,22.870444832207976,0.91628673662204,0.9597694053002824,1.0120076677584215,0.23551030492710562,0.08371326337796003,0.0,1.5737045747667096,Financial Services
2021-06-30,EG,2021,Q2,USD,1.0,0.27348025398311576,0.0,0.27348025398311576,0.2679784850411954,0.23970678853494384,0.23970678853494384,0.2364191934076068,0.0,0.0,0.0,0.0,0.08020128664766604,36.35900347332185,45.04229136252572,-0.0035543241692560738,1.4242743744029827,3.662302557273575,0.03701355546628387,0.03701355546628387,0.9562638995567635,3.511515138589443,13.766244244025671,13.766244244025673,0.05402202360098045,0.183430997786362,0.15499931819385698,0.15499931819385698,3.395485499418295,0.10627844721335207,0.9315351361650305,0.2550815659189967,1,-0.19425181840861694,49.707695264945215,1.8214945601554673,0.3786949918409514,0,11.662438552663389,0.09124506236929801,0.006228667685311751,0.6228667685311752,71.76674172084904,17.20297518152149,48.735522554203456,582.1713512282744,263.53603865712046,244.58957168517722,263.53603865712046,18.306372859058364,0,18.306372859058364,0.8945001256279754,0.9798823905499956,0.9562638995567635,0.23170061530151478,0.10549987437202456,0.0,1.5696865433754144,Financial Services
2021-09-30,EG,2021,Q3,USD,1.0,-0.025836965161364408,0.0,-0.02590155757426782,-0.03147767704152395,-0.02636375217326556,-0.02636375217326556,-0.02636375217326556,0.0,0.0,0.0,0.0,0.0761267993143328,32.876035996856054,40.78328044341458,-0.0008062353069924576,1.210059050971385,-33.41861620025045,0.3008561893465518,0.3008561893465518,0.9841822634057664,3.5241604619075217,8.447422136474167,8.447422136474167,0.05220299776837722,0.1915039481852979,0.16072456031468893,0.16072456031468893,3.668447337737075,0.10022036428690212,1.3166747077463912,0.4171876822268593,1,0.03452084791787279,-4.645086556406461,2.926317193745532,0.6083781452975172,0,18.916950062645427,-0.8365138563728426,0.0062578433182294176,0.6257843318229418,71.16021041342151,-1.876050151936876,49.19401956027681,597.653379637905,254.8105257781977,234.43987640765047,254.8105257781977,29.68716324915094,0,29.68716324915094,0.8375380476293619,1.2152812413410916,0.9841822634057664,0.2350351334774448,0.16246195237063807,0.0,1.5693419473455734,Financial Services
2021-12-31,EG,2021,Q4,USD,1.0,0.1717210787338725,0.0,0.45243590412348034,0.16405604880895788,0.14130209056112783,0.14130209056112783,0.13947539621846713,0.0,0.0,0.0,21.938139655395776,0.079824706288022,10.830461062205533,13.499832052893144,-0.0034583414316063806,0.5154173297805098,6.226379603767759,-0.00908819383158648,-0.00908819383158648,1.057973240439562,3.519201818558204,10.286700070291456,10.286700070291456,0.08088388398221377,0.3046177304279044,0.23349194428623332,0.23349194428623332,3.7661115593174204,0.10959222917555328,0.373025369492578,0.34211183319341143,1,-2.9685413456599896,59.02598014038692,0.0,0.33763186506135195,0,17.10407098805931,0.14155330654017698,0.005683612128889437,0.5683612128889437,77.83583156712035,10.998365720997931,79.46523326779193,636.5381374326498,258.91014019049567,236.6430887873139,258.91014019049567,26.628559025561145,0,26.628559025561145,0.8613037531196007,0.3626061665614035,1.057973240439562,0.2879257421495303,0.1386962468803993,0.0,1.5568550343453946,Financial Services
2022-03-31,EG,2022,Q1,USD,0.9694658517966351,0.11255619609775264,0.0,0.11253030126736205,0.10421702491876791,0.10280282191503665,0.10280282191503665,0.10150773513110208,0.5282120733364908,0.1905969827586207,0.0,0.0,0.07624575832719918,10.425815090811975,10.425815090811975,-0.0004655444243193042,0.6327846906229461,9.818223952228541,-0.32432571613968153,-0.32432571613968153,1.2273299054780575,4.037364513931592,13.814987258384834,13.814987258384834,0.08131633787773863,0.32420930747828236,0.24483237328672797,0.24483237328672797,3.987013138315944,0.10733272599934118,0.3012080862673732,0.29224525787971056,1,-0.170113796826979,13.536215632527618,0.0,0.2740219479395237,0,13.876049180327868,0.2048691692051412,0.005216553681244967,0.5216553681244968,74.64770618556702,7.673994845360824,80.23257731958763,634.0337113402062,245.55744845360826,223.83737113402063,245.55744845360826,21.815438144329896,0,21.815438144329896,0.9864302113322312,0.9261241083071259,1.2273299054780575,0.2641582397945396,0.01356978866776877,0.0,1.5721649484536082,Financial Services
2022-06-30,EG,2022,Q2,USD,1.0,0.050447803633159094,0.0,0.05063160297366871,0.04202443155379588,0.043392166761388594,0.04326163747926084,0.043392166761388594,0.0,0.0,0.0,0.0,0.07477680626469856,10.64049219263761,13.318094673184808,-0.0031447488991830056,0.7453367340001994,22.227211938351132,-0.3771741494848522,-0.3771741494848522,1.2315663650618907,3.8463423402065815,15.238846795170145,15.238846795170145,0.08149592496501366,0.34896258454606677,0.25868959491081406,0.07741225487692913,4.281963603651066,0.10526290772316532,0.2520092101198605,0.2524037672867513,1,0.0014791894868304897,5.882490368062956,0.30490881080079013,0.23159375901290866,0,11.010233603151642,0.5299029601239501,0.0059600700438012235,0.5960070043801223,72.86922879177378,3.1524421593830336,80.04413881748071,626.4452956298201,227.58010282776348,206.0763496143959,227.58010282776348,18.39246786632391,0,18.39246786632391,1.029440158491643,0.830003971544234,1.2315663650618907,0.2833485831098759,-0.029440158491643092,0.0,1.6704884318766067,Financial Services
2022-09-30,EG,2022,Q3,USD,1.0,-0.12070626003210273,0.0,-0.12070626003210273,-0.1287319422150883,-0.10240770465489567,-0.10240770465489567,-0.10240770465489567,0.0,0.0,0.0,0.0,0.08166421979865772,10.627011896431071,13.336599020293912,0.0013444827020823087,0.5874737578726382,-7.980150470219437,0.022108596289526144,0.022108596289526144,1.3312422538893973,3.268915569823435,9.107169880171076,9.107169880171076,0.0808515100671141,0.4031899594718264,0.2873381160905618,0.08788456952062962,4.986795659563342,0.11351244698599765,0.3912155353393982,0.358938683788122,1,0.03456998313659359,-15.04,0.4763928419258628,0.3625466926070039,0,17.22237796706767,-0.2035141065830721,0.006375635000322116,0.6375635000322116,80.28350515463917,-8.221649484536082,80.12886597938144,622.0618556701031,197.13917525773195,174.79381443298968,197.13917525773195,28.81685567010309,0,28.81685567010309,0.7955112219451371,1.0664893617021276,1.3312422538893973,0.30286745954303546,0.20448877805486285,0.0,1.673221649484536,Financial Services
2022-12-31,EG,2022,Q4,USD,1.0,0.18173488087965792,0.0,0.18173488087965792,0.17348808796579107,0.15149664019547954,0.15149664019547954,0.15149664019547954,0.0,0.0,0.0,25.578125,0.08191963168693389,10.633150308853809,13.391901166781057,-0.004095162569389374,0.47975291695264244,6.511859879032258,-0.025562315284453276,-0.025562315284453276,1.5305686530031986,3.9460995723885155,12.728600985221675,12.728600985221675,0.07716559075213932,0.3653595545551475,0.2675921908893709,0.0803007191109174,4.734747067882952,0.11780156517045966,0.348318462594372,0.31001832620647524,1,-0.030328559393428812,22.037037037037038,0.43246697912228377,0.32911802853437094,0,15.859375,0.12903225806451613,0.004953740577250101,0.4953740577250101,83.94871794871794,12.717948717948717,79.76923076923077,632.4615384615385,216.43589743589743,191.76923076923077,216.43589743589743,26.025641025641026,0,26.025641025641026,0.8732394366197183,0.9546218487394958,1.5305686530031986,0.23870837406623927,0.1267605633802817,0.0,1.641025641025641,Financial Services
2023-03-31,EG,2023,Q1,USD,1.0,0.13333333333333333,0.0,0.13333333333333333,0.12363636363636364,0.11060606060606061,0.11060606060606061,0.10909090909090909,0.0,0.0,0.0,0.0,0.07887377805396878,11.343560350640594,14.244774106540795,-0.00469140315603485,0.5428186109238031,9.489982191780822,-0.3529607411679885,-0.3529607411679885,1.5372655053811162,4.1985981818181815,13.021968045112782,13.02196804511278,0.0737350319080284,0.3422833684677688,0.2550008265829063,0.07558974358974359,4.642072561855098,0.1123404255319149,0.35873229939312207,0.32242424242424245,1,-0.018067226890756304,13.75,0.45315161839863716,0.3448946515397083,0,16.369230769230768,0.1780821917808219,0.004691320494127405,0.46913204941274056,85.27131782945736,9.431524547803617,80.54263565891473,698.4237726098191,232.89405684754522,206.77002583979328,232.89405684754522,27.493540051679588,0,27.493540051679588,0.8946078431372549,0.9272727272727272,1.5372655053811162,0.22265728806743146,0.1053921568627451,0.0,1.6795865633074936,Financial Services
2023-06-30,EG,2023,Q2,USD,1.0,0.21446179129005752,0.0,0.19501506436592714,0.20542317173377156,0.18351136674883595,0.18351136674883595,0.18132018625034238,0.5187553282182438,0.0,0.0,0.0,0.08173636607862451,11.655320555188368,15.063119629874421,-0.002221235006663705,0.6830799735624586,5.191679850746269,0.06927205539733187,0.06927205539733187,1.2761351921489499,3.8109290605313615,12.718191956124315,12.718191956124315,0.06906510253425271,0.28294964688617813,0.22054618244209323,0.06331615120274914,4.09685407685958,0.11604844092686183,0.3615333773959022,0.2996439331689948,1,-0.03359932801343973,21.575757575757574,0.46592844974446335,0.3546191247974068,0,15.408450704225352,0.10597014925373134,0.005102883474146565,0.5102883474146565,89.7051597051597,16.461916461916463,76.60933660933661,693.6363636363636,267.8869778869779,241.2039312039312,267.8869778869779,26.87960687960688,0,26.87960687960688,0.8933333333333333,1.053370786516854,1.2761351921489499,0.2217238805315796,0.10666666666666667,0.0,1.7444717444717446,Financial Services
2023-09-30,EG,2023,Q3,USD,1.0,0.19017790027562015,0.0,0.15585066399398648,0.1816587321473315,0.16988223502881483,0.16988223502881483,0.16812828864946128,0.5431409907457811,0.0,0.0,0.0,0.08616520575154368,11.668787782373528,15.177537384664333,0.0006269235153311296,0.5615653833916641,5.87929314159292,-1.5183507843447153,-1.5183507843447153,1.420331640833779,3.9951498371335505,11.570858490566037,11.570858490566037,0.06660477568116067,0.2748084803135578,0.21556844385437776,0.21556844385437776,4.125957598432211,0.12135309768148993,0.438434616608336,0.34527687296416937,1,-1.3823529411764706,18.294117647058822,0.0,0.446677471636953,0,18.13157894736842,0.11209439528023599,0.004766491165716285,0.4766491165716285,93.03030303030303,15.804195804195805,72.7039627039627,683.6130536130536,261.67832167832165,234.73193473193473,261.67832167832165,32.121212121212125,0,32.121212121212125,0.9351724137931035,1.1655948553054662,1.420331640833779,0.19348191113466762,0.06482758620689655,0.0,1.7715617715617715,Financial Services
2023-12-31,EG,2023,Q4,USD,1.0,0.08362940694178737,-0.023367040174911178,0.9333151134189669,0.0743372506149221,0.2197321672588139,0.2197321672588139,0.2197321672588139,0.0,0.0,0.0,29.747967479674795,0.07881699121144235,0.4653922499352723,2.1570294295330976,0.012416471013184034,0.06200914818330888,4.771570895522388,0.25822618964003524,0.25822618964003524,1.1623520678685046,4.193870456408855,14.314712686567164,14.314712686567162,0.07601671549198691,0.2673079836388426,0.21092582631044168,0.07425846714816632,3.5164369034994696,0.34611928297781774,0.0462587382411323,0.29297622301175186,1,7.441666666666666,94.86111111111111,44.666666666666664,0.3037687730235194,0,14.105263157894736,0.0945273631840796,0.00495263327601312,0.495263327601312,84.30875576036867,18.525345622119815,82.14285714285714,111.17511520737327,304.19354838709677,275.46082949308754,304.19354838709677,24.70046082949309,0,24.70046082949309,2.9558823529411766,0.07964860907759883,1.1623520678685046,0.07057502418318695,-1.9558823529411764,-203.94587134502925,1.7511520737327189,Financial Services
2024-03-31,EG,2024,Q1,USD,1.0,0.21025889184611662,0.0077425598838616015,0.20251633196225502,0.20130655698040165,0.17735301233970482,0.17735301233970482,0.17541737236873942,0.0,0.0,0.0,0.0,0.08625151300137736,0.4841203857665447,0.7603508480212837,-0.003033042666744437,0.06418357166611241,5.823982264665757,-0.6620760206396095,-0.6620760206396095,1.2530023481068389,4.131603193805952,14.206252911813644,14.206252911813644,0.07066238156851287,0.24845905488699735,0.19901257787704243,0.07342942616263258,3.5161432345171706,-0.33331989193112627,0.04996674426338543,0.2908299056375514,1,-0.028080469404861693,22.62162162162162,0.5117071094082588,0.35499113998818665,0,15.81578947368421,0.10368349249658936,0.004450712922223323,0.4450712922223323,96.34032634032634,17.086247086247088,79.79020979020979,125.75757575757575,317.6923076923077,286.6666666666667,317.6689976689977,28.01864801864802,0,28.01864801864802,0.8810096153846154,0.994026284348865,1.2530023481068389,0.2008091396092602,0.11899038461538461,591.184875,1.7715617715617715,Financial Services
2024-06-30,EG,2024,Q2,USD,1.0054412112609417,0.20558315590253134,0.005204636858291933,0.20037851904423942,0.1968299030044949,0.17127986751833452,0.17127986751833452,0.17127986751833452,0.0,-0.026467203682393557,0.000517225870288747,0.0,0.08565523110903969,0.4961654564738517,2.3101493024394224,-0.003497597179173657,0.06404503548992413,5.595627071823205,-4.977163027042808,-4.977163027042808,1.1426410943449443,3.8336730541755384,11.20673305670816,11.20673305670816,0.06861334576181888,0.2387533493160344,0.1927367941712204,0.06948362968309166,3.4796925680439994,-0.34142401356972657,0.05898670147670719,0.3420865862313698,1,-0.03604358759430008,22.89189189189189,0.6155810983397191,0.4270525694034259,0,16.620689655172413,0.12016574585635359,0.005368734563345391,0.5368734563345391,98.76168224299066,16.91588785046729,79.9766355140187,127.87383177570094,331.3551401869159,298.13084112149534,331.3551401869159,33.78504672897196,0,33.78504672897196,0.8701923076923077,0.9822904368358913,1.1426410943449443,0.21030629186070218,0.12980769230769232,819.1334545454546,2.032710280373832,Financial Services
2024-09-30,EG,2024,Q3,USD,1.0,0.15752625437572929,0.0,0.14329054842473746,0.13465577596266046,0.11878646441073512,0.11878646441073512,0.11738623103850641,0.7976545048399106,0.0,0.0,0.0,0.0767041386223686,12.632676709154113,12.632676709154113,0.012558908435934763,1.8528389339513325,8.301483008443025,-0.27468867538828307,-0.27468867538828307,1.1021727685158134,3.944415263754959,9.724867321743382,9.724867321743382,0.061399112129457256,0.22367134007173134,0.182787103650413,0.18091015917102873,3.642908379523965,-3.7067474048442905,2.013904982618772,0.4056009334889148,1,-1.7894736842105263,16.157894736842106,0.0,0.5067055393586006,0,20.209302325581394,0.16895874263261296,0.0050882096144981995,0.50882096144982,99.33791799268877,11.80000006027505,80.3976428468249,128.20039358216312,355.50687804384654,355.50687804384654,355.50687804384654,40.29155226867984,0,40.29155226867984,0.8821490467937608,0.9397394136807817,1.1021727685158134,0.2003926274919233,0.11785095320623917,0.0,1.9937131732488296,Financial Services
2024-12-31,EG,2024,Q4,USD,0.9950151712180321,-0.1527958387516255,0.0,-0.16146510619852622,-0.1621153012570438,-0.12852188990030342,-0.12852188990030342,-0.42306025140875597,0.8579397545555969,0.03281027104136947,0.0,0.0,0.08189418008200068,14.41635687732342,14.41635687732342,-0.013964441304603791,1.919454770755886,-6.491045840893761,0.02954160597377879,0.02954160597377879,1.1095964784231767,3.336965915604681,19.739436839230766,19.73943683923077,0.06366589162421682,0.2585038916114154,0.2054057149401592,0.08185006285978959,4.060319976938599,0.442250551135819,0.966542750929368,0.16905071521456436,1,4.1891891891891895,-20.135135135135137,0.0,0.21745190967382214,0,9.176470588235293,-0.1433389544688027,0.005520641741803898,0.5520641741803898,108.6196290783269,-13.960000009416525,85.3137268703634,147.27446890204013,326.6592919572744,326.6592919572744,326.6592919572744,18.362225982031855,0,18.362225982031855,0.7927807486631016,1.0040268456375838,1.1095964784231767,0.08034157452484025,0.2072192513368984,0.0,2.0010118057342408,Financial Services
2025-03-31,EG,2025,Q1,USD,1.0,0.0,0.0,0.0,0.058174994135585266,0.04926108374384237,0.04926108374384237,0.04926108374384237,0.7586759209823812,0.0,0.0,0.0,0.07333310397027455,9.00088809946714,9.00088809946714,0.004773486691064487,1.391651865008881,18.469275,-0.13670788918345705,-0.13670788918345705,1.0971846534653464,3.639266009852217,16.717878232758622,16.717878232758622,0.0,0.0,0.0,0.0,4.1111739745403115,0.4298245614035088,0.8241563055062167,0.21768707482993196,1,-1.0263157894736843,0.0,0.0,0.0,0,10.91764705882353,0.40476190476190477,0.005478854811056535,0.5478854811056535,99.8360655737705,4.918032786885246,0.8899297423887588,105.76112412177986,331.1241217798595,331.1241217798595,331.1475409836066,21.73302107728337,0,21.73302107728337,0.8467741935483871,0.0,1.0971846534653464,0.0,0.15725806451612903,0.0,1.990632318501171,Financial Services
