date,symbol,fiscalYear,period,reportedCurrency,grossProfitMargin,ebitMargin,ebitdaMargin,operatingProfitMargin,pretaxProfitMargin,continuousOperationsProfitMargin,netProfitMargin,bottomLineProfitMargin,receivablesTurnover,payablesTurnover,inventoryTurnover,fixedAssetTurnover,assetTurnover,currentRatio,quickRatio,solvencyRatio,cashRatio,priceToEarningsRatio,priceToEarningsGrowthRatio,forwardPriceToEarningsGrowthRatio,priceToBookRatio,priceToSalesRatio,priceToFreeCashFlowRatio,priceToOperatingCashFlowRatio,debtToAssetsRatio,debtToEquityRatio,debtToCapitalRatio,longTermDebtToCapitalRatio,financialLeverageRatio,workingCapitalTurnoverRatio,operatingCashFlowRatio,operatingCashFlowSalesRatio,freeCashFlowOperatingCashFlowRatio,debtServiceCoverageRatio,interestCoverageRatio,shortTermOperatingCashFlowCoverageRatio,operatingCashFlowCoverageRatio,capitalExpenditureCoverageRatio,dividendPaidAndCapexCoverageRatio,dividendPayoutRatio,dividendYield,dividendYieldPercentage,revenuePerShare,netIncomePerShare,interestDebtPerShare,cashPerShare,bookValuePerShare,tangibleBookValuePerShare,shareholdersEquityPerShare,operatingCashFlowPerShare,capexPerShare,freeCashFlowPerShare,netIncomePerEBT,ebtPerEbit,priceToFairValue,debtToMarketCap,effectiveTaxRate,enterpriseValueMultiple,dividendPerShare,sector
1987-03-31,WM,1987,Q1,USD,1.0,1.0,1.0,1.0,0.0,0.25,0.25,0.25,0.0,0.0,0.0,0.0,0.0,0.0,0.0,0.0,0.0,22.533524999999997,0.0,0.0,0.0,22.533525,0.0,0.0,0.0,0.0,0.0,0.0,0.0,0.0,0.0,,0.0,0.0,0.0,0.0,0.0,0.0,0.0,,,,0.22766078542970974,0.056915196357427436,,,,,,,,,0.0,0.0,0.0,,0.0,,,Industrials
1987-06-30,WM,1987,Q2,USD,1.0,1.0,1.0,1.0,0.0,0.25,0.25,0.25,0.0,0.0,0.0,0.0,0.0,0.0,0.0,0.0,0.0,22.533524999999997,0.0,0.0,0.0,22.533525,0.0,0.0,0.0,0.0,0.0,0.0,0.0,0.0,0.0,,0.0,0.0,0.0,0.0,0.0,0.0,0.0,,,,0.22766078542970974,0.056915196357427436,,,,,,,,,0.0,0.0,0.0,,0.0,,,Industrials
1987-09-30,WM,1987,Q3,USD,1.0,1.0,1.0,1.0,0.0,0.25,0.25,0.25,0.0,0.0,0.0,0.0,0.0,0.0,0.0,0.0,0.0,22.533524999999997,0.0,0.0,0.0,22.533525,0.0,0.0,0.0,0.0,0.0,0.0,0.0,0.0,0.0,,0.0,0.0,0.0,0.0,0.0,0.0,0.0,,,,0.22766078542970974,0.056915196357427436,,,,,,,,,0.0,0.0,0.0,,0.0,,,Industrials
1987-12-31,WM,1987,Q4,USD,1.0,-1.0,-1.0,-1.0,0.0,0.2,0.2,0.2,5.0,0.0,0.0,0.3125,0.23809523809523808,0.3333333333333333,0.3333333333333333,0.06666666666666667,0.16666666666666666,22.533524999999997,0.0,0.0,15.02235,18.02682,0.0,0.0,0.5238095238095238,1.8333333333333333,0.6470588235294118,0.5714285714285714,3.5,0.0,,,0.0,-1.6666666666666667,0.0,,,0.0,0.0,,,,0.28457598178713717,0.056915196357427436,0.6260671599317018,0.056915196357427436,0.3414911781445646,0.22766078542970974,0.3414911781445646,,,,0.0,0.0,15.02235,0.1220403820529633,0.0,-20.02682,,Industrials
1988-03-31,WM,1988,Q1,USD,1.0,1.0,1.0,1.0,0.0,0.0,0.0,0.0,0.0,0.0,0.0,0.0,0.0,0.0,0.0,0.0,0.0,0.0,0.0,0.0,0.0,22.533525,0.0,0.0,0.0,0.0,0.0,0.0,0.0,0.0,0.0,,0.0,0.0,0.0,0.0,0.0,0.0,0.0,0.0,,,0.22766078542970974,0.0,,,,,,,,,0.0,0.0,0.0,,0.0,,,Industrials
1988-06-30,WM,1988,Q2,USD,1.0,1.0,1.0,1.0,0.0,0.0,0.0,0.0,0.0,0.0,0.0,0.0,0.0,0.0,0.0,0.0,0.0,0.0,0.0,0.0,0.0,15.602160000000001,0.0,0.0,0.0,0.0,0.0,0.0,0.0,0.0,0.0,,0.0,0.0,0.0,0.0,0.0,0.0,0.0,0.0,,,0.28457598178713717,0.0,,,,,,,,,0.0,0.0,0.0,,0.0,,,Industrials
1988-09-30,WM,1988,Q3,USD,1.0,1.0,1.0,1.0,0.0,0.2,0.2,0.2,0.0,0.0,0.0,0.0,0.0,0.0,0.0,0.0,0.0,11.815824999999998,0.0,0.0,0.0,9.45266,0.0,0.0,0.0,0.0,0.0,0.0,0.0,0.0,0.0,,0.0,0.0,0.0,0.0,0.0,0.0,0.0,,,,0.28457598178713717,0.056915196357427436,,,,,,,,,0.0,0.0,0.0,,0.0,,,Industrials
1988-12-31,WM,1988,Q4,USD,1.0,-2.4,-2.4,-2.4,0.0,0.2,0.2,0.2,2.5,0.0,0.0,0.15625,0.07352941176470588,5.5,5.5,0.0625,5.0,17.1288,0.342576,0.342576,1.3175999999999999,13.70304,0.0,0.0,0.17647058823529413,0.23076923076923078,0.1875,0.11864406779661017,1.3076923076923077,0.0,,,0.0,-2.4,0.0,,,0.0,0.0,,,,0.17806267806267806,0.03561253561253561,0.42735042735042733,1.0683760683760684,1.8518518518518519,1.7806267806267806,1.8518518518518519,,,,0.0,0.0,1.3175999999999999,0.1751436177665686,0.0,-4.2096,,Industrials
1989-03-31,WM,1989,Q1,USD,1.0,1.0,1.0,1.0,0.0,0.0,0.0,0.0,0.0,0.0,0.0,0.0,0.0,0.0,0.0,0.0,0.0,0.0,0.0,0.0,0.0,13.4784,0.0,0.0,0.0,0.0,0.0,0.0,0.0,0.0,0.0,,0.0,0.0,0.0,0.0,0.0,0.0,0.0,0.0,,,0.21367521367521367,0.0,,,,,,,,,0.0,0.0,0.0,,0.0,,,Industrials
1989-06-30,WM,1989,Q2,USD,1.0,1.0,1.0,1.0,0.0,0.0,0.0,0.0,0.0,0.0,0.0,0.0,0.0,0.0,0.0,0.0,0.0,0.0,0.0,0.0,0.0,9.0792,0.0,0.0,0.0,0.0,0.0,0.0,0.0,0.0,0.0,,0.0,0.0,0.0,0.0,0.0,0.0,0.0,0.0,,,0.21367521367521367,0.0,,,,,,,,,0.0,0.0,0.0,,0.0,,,Industrials
1989-09-30,WM,1989,Q3,USD,1.0,1.0,1.0,1.0,0.0,0.0,0.0,0.0,0.0,0.0,0.0,0.0,0.0,0.0,0.0,0.0,0.0,0.0,0.0,0.0,0.0,8.263542857142857,0.0,0.0,0.0,0.0,0.0,0.0,0.0,0.0,0.0,,0.0,0.0,0.0,0.0,0.0,0.0,0.0,0.0,,,0.2492877492877493,0.0,,,,,,,,,0.0,0.0,0.0,,0.0,,,Industrials
1989-12-31,WM,1989,Q4,USD,1.0,-2.7142857142857144,-2.7142857142857144,-2.7142857142857144,0.0,0.0,0.0,0.0,3.5,0.0,0.0,0.14285714285714285,0.1044776119402985,3.75,3.75,0.0,3.0,0.0,0.0,0.0,0.8265056603773585,6.257828571428571,0.0,0.0,0.14925373134328357,0.18867924528301888,0.15873015873015872,0.11666666666666667,1.2641509433962264,0.0,,,0.0,-6.333333333333333,0.0,,,0.0,0.0,0.0,,,0.2492877492877493,0.0,0.3561253561253561,0.42735042735042733,1.8874643874643875,1.8162393162393162,1.8874643874643875,,,,0.0,0.0,0.8265056603773585,0.22828548469574111,0.0,-2.2002526315789472,,Industrials
1990-03-31,WM,1990,Q1,USD,0.5714285714285714,0.0,0.2857142857142857,0.0,0.0,0.0,0.0,0.0,2.3333333333333335,3.0,0.0,0.14,0.10606060606060606,4.333333333333333,4.333333333333333,0.16666666666666666,3.3333333333333335,0.0,0.0,0.0,1.2012,9.2664,-64.8648,64.8648,0.13636363636363635,0.16666666666666666,0.14285714285714285,0.11475409836065574,1.2222222222222223,0.6666666666666666,0.3333333333333333,0.14285714285714285,-1.0,1.0,0.0,0.5,0.1111111111111111,0.5,0.5,0.0,0.0,0.0,0.2492877492877493,0.0,0.32051282051282054,0.3561253561253561,1.9230769230769231,1.8518518518518519,1.9230769230769231,0.03561253561253561,0.07122507122507123,-0.03561253561253561,0.0,0.0,1.2012,0.13875013875013875,0.0,31.9324,0.0,Industrials
1990-06-30,WM,1990,Q2,USD,0.625,-0.125,0.125,-0.125,0.0,-0.125,-0.125,-0.125,2.6666666666666665,1.5,0.0,0.16,0.12121212121212122,1.75,1.75,0.0,1.0,-32.83333005,0.082083325125,0.082083325125,2.4779871735849057,16.416665025,-26.26666404,-32.83333005,0.13636363636363635,0.16981132075471697,0.14516129032258066,0.11666666666666667,1.2452830188679245,1.2307692307692308,-1.0,-0.5,1.25,0.0,0.0,-2.0,-0.4444444444444444,-4.0,-4.0,0.0,0.0,0.0,0.2400000240000024,-0.0300000030000003,0.2700000270000027,0.1200000120000012,1.590000159000016,1.5600001560000156,1.590000159000016,-0.1200000120000012,0.0300000030000003,-0.1500000150000015,0.0,0.0,2.4779871735849057,0.06852792563451846,0.0,136.3333202,0.0,Industrials
1990-09-30,WM,1990,Q3,USD,0.5,0.1,0.3,0.1,0.0,0.1,0.1,0.1,2.5,1.0,0.0,0.16393442622950818,0.11494252873563218,1.1,1.1,0.0967741935483871,0.6,37.77375,-0.1416515625,-0.1416515625,2.698125,15.1095,25.1825,15.1095,0.28735632183908044,0.44642857142857145,0.30864197530864196,0.25333333333333335,1.5535714285714286,5.0,1.0,1.0,0.6,0.5,0.0,1.6666666666666667,0.4,2.5,2.5,0.0,0.0,0.0,0.34746351633078526,0.03474635163307853,0.8686587908269632,0.20847810979847117,1.9457956914523975,1.911049339819319,1.9457956914523975,0.34746351633078526,0.13898540653231412,0.20847810979847117,0.0,0.0,2.698125,0.16545881730037393,0.0,56.69833333333333,0.0,Industrials
1990-12-31,WM,1990,Q4,USD,0.5833333333333334,0.0,0.16666666666666666,0.0,0.0,0.08333333333333333,0.08333333333333333,0.08333333333333333,1.7142857142857142,0.8333333333333334,0.0,0.16,0.0851063829787234,2.0714285714285716,2.0714285714285716,0.07142857142857142,1.6428571428571428,57.5,-1.15,-1.15,2.323232323232323,19.166666666666668,230.0,115.0,0.23404255319148937,0.3333333333333333,0.25,0.208,1.4242424242424243,1.5,0.14285714285714285,0.16666666666666666,0.5,0.42857142857142855,0.0,0.2857142857142857,0.06060606060606061,2.0,2.0,0.0,0.0,0.0,0.3,0.025,0.825,0.575,2.475,2.15,2.475,0.05,0.025,0.025,0.0,0.0,2.323232323232323,0.14347826086956522,0.0,120.0,0.0,Industrials
1991-03-31,WM,1991,Q1,USD,0.5714285714285714,0.14285714285714285,0.2857142857142857,0.14285714285714285,0.21428571428571427,0.14285714285714285,0.14285714285714285,0.14285714285714285,1.75,1.5,0.0,0.1794871794871795,0.09333333333333334,1.0769230769230769,1.0769230769230769,0.08333333333333333,0.38461538461538464,45.0,0.45,0.45,3.5294117647058827,25.714285714285715,-45.0,-180.0,0.2733333333333333,0.4019607843137255,0.2867132867132867,0.24444444444444444,1.4705882352941178,1.75,-0.15384615384615385,-0.14285714285714285,4.0,0.5,0.0,-0.25,-0.04878048780487805,-0.3333333333333333,-0.3333333333333333,0.0,0.0,0.0,0.35,0.05,1.025,0.125,2.55,2.1,2.55,-0.05,0.15,-0.2,0.6666666666666666,1.5,3.5294117647058827,0.11388888888888889,0.0,99.0,0.0,Industrials
1991-06-30,WM,1991,Q2,USD,0.6388888888888888,0.2222222222222222,0.3333333333333333,0.2222222222222222,0.2222222222222222,0.1388888888888889,0.1388888888888889,0.1388888888888889,0.0,0.0,0.0,0.1956521739130435,0.09917355371900827,1.7575757575757576,1.7575757575757576,0.03765690376569038,0.9393939393939394,60.41666425,3.0208332125000004,3.0208332125000004,9.744623266129032,33.56481347222222,-29.471543536585365,302.08332125,0.5289256198347108,1.5483870967741935,0.6075949367088608,0.6025641025641025,2.9274193548387095,2.769230769230769,0.12121212121212122,0.1111111111111111,-10.25,2.25,0.0,1.0,0.020833333333333332,0.08888888888888889,0.08888888888888889,0.0,0.0,0.0,0.4320000172800007,0.0600000024000001,2.304000092160004,0.3720000148800006,1.4880000595200025,0.8040000321600013,1.4880000595200025,0.04800000192000008,0.5400000216000008,-0.4920000196800008,0.625,1.0,9.744623266129032,0.15889655808000025,0.375,114.11110708333334,0.0,Industrials
1991-09-30,WM,1991,Q3,USD,0.5344827586206896,0.2413793103448276,0.3275862068965517,0.2413793103448276,0.1724137931034483,0.1206896551724138,0.1206896551724138,0.1206896551724138,1.3488372093023255,0.0,0.0,0.29896907216494845,0.15263157894736842,1.5555555555555556,1.5555555555555556,0.05106382978723404,0.25,60.71428571428571,3.6428571428571406,3.6428571428571406,11.724137931034484,29.310344827586206,-70.83333333333333,-121.42857142857142,0.5026315789473684,1.3172413793103448,0.5684523809523809,0.5524691358024691,2.6206896551724137,2.577777777777778,-0.3888888888888889,-0.2413793103448276,1.7142857142857142,1.3333333333333333,0.0,-1.1666666666666667,-0.07329842931937172,-1.4,-1.4,0.0,0.0,0.0,0.58,0.07,1.91,0.09,1.45,0.76,1.45,-0.14,0.1,-0.24,0.7,0.7142857142857143,11.724137931034484,0.11235294117647059,0.3,99.05263157894737,0.0,Industrials
1991-12-31,WM,1991,Q4,USD,0.5964912280701754,0.3333333333333333,0.42105263157894735,0.3333333333333333,0.2631578947368421,0.17543859649122806,0.17543859649122806,0.17543859649122806,1.8387096774193548,1.2105263157894737,0.0,0.17220543806646527,0.09563758389261745,1.5957446808510638,1.5957446808510638,0.05190311418685121,0.8297872340425532,44.744319375,1.3617836331521742,1.3617836331521742,5.829878745928339,31.399522368421053,149.14773125,66.28788055555555,0.39932885906040266,0.7752442996742671,0.43669724770642204,0.4261682242990654,1.9413680781758957,2.375,0.574468085106383,0.47368421052631576,0.4444444444444444,1.9,0.0,2.7,0.1134453781512605,1.8,1.8,0.0,0.0,0.0,0.5573333184711116,0.09777777517037044,2.3271110490548166,0.38133332316444474,3.0017776977303723,1.8382221732029642,3.0017776977303723,0.2639999929600002,0.14666666275555565,0.11733333020444453,0.6666666666666666,0.7894736842105263,5.829878745928339,0.1329777742317038,0.3333333333333333,82.86553229166667,0.0,Industrials
1992-03-31,WM,1992,Q1,USD,0.5544554455445545,0.3069306930693069,0.38613861386138615,0.3069306930693069,0.2376237623762376,0.1485148514851485,0.1485148514851485,0.1485148514851485,1.9056603773584906,1.5,0.0,0.23006833712984054,0.12377450980392157,1.3974358974358974,1.3974358974358974,0.059895833333333336,0.5,27.67857216666667,0.5476823854255317,0.5476823854255317,4.100529209876544,16.44271613861386,-24.068323623188405,87.40601736842106,0.35294117647058826,0.7111111111111111,0.4155844155844156,0.40441176470588236,2.0148148148148146,3.4237288135593222,0.24358974358974358,0.18811881188118812,-3.6315789473684212,2.3076923076923075,0.0,1.4615384615384615,0.06597222222222222,0.2159090909090909,0.2159090909090909,0.0,0.0,0.0,0.9426666415288896,0.13999999626666676,2.687999928320002,0.3639999902933336,4.031999892480003,2.351999937280002,3.7799998992000026,0.17733332860444456,0.8213333114311117,-0.6439999828266671,0.625,0.7741935483870968,4.100529209876544,0.17341935021419366,0.375,48.9670341025641,0.0,Industrials
1992-06-30,WM,1992,Q2,USD,0.5111111111111111,0.2740740740740741,0.37777777777777777,0.2740740740740741,0.2222222222222222,0.14074074074074075,0.14074074074074075,0.14074074074074075,2.076923076923077,1.9411764705882353,0.0,0.30963302752293576,0.16090584028605484,1.8181818181818181,1.8181818181818181,0.08483290488431877,0.6883116883116883,20.703125,1.4492187500000007,1.4492187500000007,3.7285248815165875,11.655092592592593,-29.6875,71.51988636363636,0.34088200238379024,0.6777251184834123,0.403954802259887,0.39280575539568346,1.9881516587677726,2.872340425531915,0.2857142857142857,0.16296296296296298,-2.409090909090909,3.076923076923077,0.0,1.6923076923076923,0.07692307692307693,0.29333333333333333,0.29333333333333333,0.0,0.0,0.0,1.1368421052631579,0.16,2.408421052631579,0.4463157894736842,3.789473684210526,2.231578947368421,3.553684210526316,0.18526315789473685,0.631578947368421,-0.4463157894736842,0.6333333333333333,0.8108108108108109,3.7285248815165875,0.18176762661370408,0.36666666666666664,35.4203431372549,0.0,Industrials
1992-09-30,WM,1992,Q3,USD,0.5174825174825175,0.26573426573426573,0.35664335664335667,0.26573426573426573,0.2097902097902098,0.13286713286713286,0.13286713286713286,0.13286713286713286,1.8571428571428572,1.725,0.0,0.32798165137614677,0.14459049544994945,3.236842105263158,3.236842105263158,0.05776173285198556,2.013157894736842,16.544118256578948,2.6470589210526314,2.6470589210526314,3.096928540640394,8.792678234265734,-18.7664625,46.56862916666667,0.43882709807886755,1.0689655172413792,0.5166666666666667,0.5160905840286055,2.435960591133005,1.2274678111587982,0.35526315789473684,0.1888111888111888,-2.4814814814814814,40.0,0.0,27.0,0.06221198156682028,0.2872340425531915,0.2872340425531915,0.0,0.0,0.0,1.2794736370720239,0.16999999373684233,3.8831577516731355,1.3689473179861515,3.8921051197645484,2.2099999185789505,3.6326314451135784,0.24157893846814438,0.841052600592799,-0.5994736621246546,0.6333333333333333,0.7894736842105263,3.096928540640394,0.34516957792650094,0.36666666666666664,30.16378406862745,0.0,Industrials
1992-12-31,WM,1992,Q4,USD,0.5069444444444444,0.2638888888888889,0.3541666666666667,0.2638888888888889,0.2152777777777778,0.1388888888888889,0.1388888888888889,0.1388888888888889,1.9726027397260273,1.8205128205128205,0.0,0.24870466321243523,0.13090909090909092,1.8623853211009174,1.8623853211009174,0.049107142857142856,1.073394495412844,20.106588125000002,3.4181199812500123,3.4181199812500123,4.031396115288221,11.170326736111111,76.5965261904762,24.74657,0.4490909090909091,1.2380952380952381,0.5531914893617021,0.5526905829596412,2.756892230576441,1.0909090909090908,0.5963302752293578,0.4513888888888889,0.3230769230769231,40.0,0.0,65.0,0.13157894736842105,1.4772727272727273,1.4772727272727273,0.0,0.0,0.0,1.298081993709711,0.1802891657930154,4.453142395087481,1.0546916198891403,3.85818814797053,2.136426614647233,3.5967688575706576,0.5859397888273001,0.3966361647446339,0.18930362408266618,0.6451612903225806,0.8157894736842105,4.031396115288221,0.30711326862672284,0.3548387096774194,38.93190294117647,0.0,Industrials
1993-03-31,WM,1993,Q1,USD,0.5241379310344828,0.2689655172413793,0.3724137931034483,0.2689655172413793,0.21379310344827587,0.13793103448275862,0.13793103448275862,0.13793103448275862,2.4166666666666665,2.15625,0.0,0.24046434494195687,0.1288888888888889,1.3679245283018868,1.3679245283018868,0.04964539007092199,0.6320754716981132,18.40277759375,0.0,0.0,3.505290970238095,10.153256603448275,-184.0277759375,46.006943984375,0.4657777777777778,1.2476190476190476,0.5550847457627118,0.5546129374337222,2.6785714285714284,2.180451127819549,0.3018867924528302,0.2206896551724138,-0.25,43.0,0.0,32.0,0.061068702290076333,0.8,0.8,0.0,0.0,0.0,1.3050000130500001,0.18000000180000003,4.7160000471600005,0.60300000603,3.7800000378000003,1.6290000162900002,3.7800000378000003,0.28800000288000005,0.36000000360000006,-0.07200000072000001,0.6451612903225806,0.7948717948717948,3.505290970238095,0.3559245318611321,0.3548387096774194,35.72633717592593,0.0,Industrials
1993-06-30,WM,1993,Q2,USD,0.5,0.24096385542168675,0.3493975903614458,0.24096385542168675,0.19879518072289157,0.12650602409638553,0.12650602409638553,0.12650602409638553,2.4057971014492754,2.9642857142857144,0.0,0.2634920634920635,0.14638447971781304,1.3240740740740742,1.3240740740740742,0.05416666666666667,0.49074074074074076,17.10526380952381,3.0789474857142842,3.0789474857142842,3.470633236714976,8.655675662650603,-16.904025411764707,143.684216,0.47971781305114636,1.3140096618357489,0.5678496868475992,0.5623678646934461,2.739130434782609,4.486486486486487,0.09259259259259259,0.060240963855421686,-8.5,3.8333333333333335,0.0,0.8333333333333334,0.01838235294117647,0.10526315789473684,0.10526315789473684,0.0,0.0,0.0,1.5019047046893446,0.18999999276190505,4.921904574403635,0.4795237912562365,3.7457141430204137,1.5109523233922924,3.7457141430204137,0.09047618702947859,0.8595237767800465,-0.769047589750568,0.6363636363636364,0.825,3.470633236714976,0.378608044184895,0.36363636363636365,33.23865793103448,0.0,Industrials
1993-09-30,WM,1993,Q3,USD,0.49489795918367346,0.25,0.3673469387755102,0.25,0.17857142857142858,0.12244897959183673,0.12244897959183673,0.12244897959183673,1.9029126213592233,1.596774193548387,0.0,0.19159335288367546,0.12468193384223919,1.032258064516129,1.032258064516129,0.04162976085031001,0.23870967741935484,15.1625,2.880875000000003,2.880875000000003,3.285778781038375,7.426530612244898,35.50243902439024,34.65714285714286,0.5833333333333334,2.069977426636569,0.674264705882353,0.6654078549848943,3.5485327313769752,9.8,0.2709677419354839,0.21428571428571427,0.9761904761904762,1.6944444444444444,0.0,1.1666666666666667,0.04580152671755725,42.0,42.0,0.0,0.0,0.0,1.6333333333333333,0.2,7.641666666666667,0.30833333333333335,3.691666666666667,1.525,3.691666666666667,0.35,0.008333333333333333,0.3416666666666667,0.6857142857142857,0.7142857142857143,3.285778781038375,0.629980763946139,0.3142857142857143,32.43888888888889,0.0,Industrials
1993-12-31,WM,1993,Q4,USD,0.46938775510204084,0.23265306122448978,0.33877551020408164,0.23265306122448978,0.17142857142857143,0.10612244897959183,0.10612244897959183,0.10612244897959183,2.311320754716981,2.2033898305084745,0.0,0.22435897435897437,0.14785757392878696,1.0134228187919463,1.0134228187919463,0.043697478991596636,0.21476510067114093,12.982399198076923,2.5964798396153936,2.5964798396153936,2.8911552817987154,5.510895986122449,-25.964798396153846,36.49106801621622,0.5811707905853953,2.062098501070664,0.6734265734265734,0.6671418389166073,3.5481798715203428,70.0,0.2483221476510067,0.1510204081632653,-1.4054054054054055,2.4814814814814814,0.0,1.3703703703703705,0.03842159916926272,0.4157303370786517,0.4157303370786517,0.0,0.0,0.0,2.0649999616500008,0.2191428530730613,8.11671413497531,0.26971428070530623,3.9361427840430627,1.7447142533124496,3.9361427840430627,0.3118571370655103,0.7501428432116329,-0.4382857061461226,0.6190476190476191,0.7368421052631579,2.8911552817987154,0.7132437728449305,0.38095238095238093,27.483970079518073,0.0,Industrials
1994-03-31,WM,1994,Q1,USD,0.47368421052631576,0.21862348178137653,0.3319838056680162,0.21862348178137653,0.145748987854251,0.0931174089068826,0.0931174089068826,0.0931174089068826,2.008130081300813,1.6883116883116882,0.0,0.21329879101899826,0.14114285714285715,0.9771428571428571,0.9771428571428571,0.04054054054054054,0.17714285714285713,16.618420835869568,-1.7449341877663047,-1.7449341877663047,3.107509587195122,6.189857153441295,-37.29011504634146,34.74760720227273,0.5754285714285714,2.046747967479675,0.6717811874583055,0.6637047163362952,3.5569105691056913,-247.0,0.25142857142857145,0.17813765182186234,-0.9318181818181818,1.9166666666666667,0.0,1.2222222222222223,0.04369414101290963,0.5176470588235295,0.5176470588235295,0.0,0.0,0.0,2.0404348092230626,0.1900000024782609,8.31869576067864,0.2560869598620038,4.06434787910019,1.9165217641285448,4.06434787910019,0.36347826561058605,0.7021739222022686,-0.3386956565916825,0.6388888888888888,0.6666666666666666,3.107509587195122,0.6586457451051971,0.3611111111111111,30.547496547560975,0.0,Industrials
1994-06-30,WM,1994,Q2,USD,0.32516703786191536,0.08908685968819599,0.22717149220489977,0.08908685968819599,0.0334075723830735,0.022271714922048998,0.017817371937639197,0.017817371937639197,1.9270386266094421,2.443548387096774,0.0,0.26583777383066903,0.1554709141274238,1.230188679245283,1.230188679245283,0.03477396920019871,0.2188679245283019,72.6875,-0.9207083333333334,-0.9207083333333334,2.6582857142857144,5.180400890868597,-41.53571428571429,43.074074074074076,0.5204293628808865,1.7177142857142857,0.6320437342304458,0.6247855917667239,3.3005714285714287,15.75438596491228,0.2037735849056604,0.12026726057906459,-1.037037037037037,2.108695652173913,0.0,1.173913043478261,0.03592814371257485,0.4909090909090909,0.4909090909090909,0.0,0.0,0.0,2.245,0.04,7.515,0.29,4.375,1.45,4.375,0.27,0.55,-0.28,0.5333333333333333,0.375,2.6582857142857144,0.6461736887360274,0.3333333333333333,36.970588235294116,0.0,Industrials
1994-09-30,WM,1994,Q3,USD,0.4267515923566879,0.19532908704883228,0.30148619957537154,0.19532908704883228,0.15286624203821655,0.09766454352441614,0.09766454352441614,0.09766454352441614,1.8326848249027237,2.142857142857143,0.0,0.27463556851311954,0.15874620829120323,0.9256965944272446,0.9256965944272446,0.04925602873268343,0.04953560371517028,17.71428579130435,0.04168067245012788,0.04168067245012788,3.201796253045187,6.920230542675159,-14.616271684304932,43.459047808,0.47253117627232893,1.3772102161100197,0.5793388429752067,0.571729070256626,2.9145383104125737,25.45945945945946,0.23219814241486067,0.1592356687898089,-2.973333333333333,2.697674418604651,0.0,1.744186046511628,0.05349500713266762,0.2516778523489933,0.2516778523489933,0.0,0.0,0.0,2.1502173819555765,0.20999999908695652,6.4004347547807185,0.07304347794328922,4.647391284141777,1.5704347757807184,4.647391284141777,0.34239130285916825,1.360434776693762,-1.0180434738345936,0.6388888888888888,0.782608695652174,3.201796253045187,0.4301367442728977,0.3611111111111111,32.714285814084505,0.0,Industrials
1994-12-31,WM,1994,Q4,USD,0.44130434782608696,0.2847826086956522,0.38913043478260867,0.2847826086956522,0.18478260869565216,0.11956521739130435,0.11956521739130435,0.11956521739130435,1.6370106761565837,2.1416666666666666,0.0,0.25219298245614036,0.14232673267326731,1.3028169014084507,1.3028169014084507,0.047862453531598514,0.2323943661971831,11.823376697272728,0.8276363688090913,0.8276363688090913,2.4084656235185187,5.6546584204347825,-38.252101079411766,162.57142958750003,0.4817450495049505,1.4416666666666667,0.590443686006826,0.5876288659793815,2.9925925925925925,14.838709677419354,0.056338028169014086,0.034782608695652174,-4.25,8.277777777777779,0.0,0.8888888888888888,0.010276172125883108,0.19047619047619047,0.19047619047619047,0.0,0.0,0.0,2.012499987421875,0.24062499849609376,6.811874957425782,0.2887499981953125,4.72499997046875,0.8881249944492188,4.72499997046875,0.0699999995625,0.367499997703125,-0.297499998140625,0.6470588235294118,0.648854961832061,2.4084656235185187,0.5985830366806486,0.35294117647058826,22.861133370949723,0.0,Industrials
1995-03-31,WM,1995,Q1,USD,0.45161290322580644,0.20430107526881722,0.3204301075268817,0.20430107526881722,0.16344086021505377,0.1032258064516129,0.1032258064516129,0.1032258064516129,1.4396284829721362,2.2767857142857144,0.0,0.25591634562465604,0.13749260792430515,1.8059071729957805,1.8059071729957805,0.04535349044019564,0.3206751054852321,14.285714375000001,-1.1428571500000002,-1.1428571500000002,2.420880105913504,5.898617548387096,-29.493087741935483,685.71429,0.5008870490833827,1.4951456310679612,0.5992217898832685,0.596797153024911,2.9849955869373344,3.357400722021661,0.016877637130801686,0.008602150537634409,-23.25,7.117647058823529,0.0,0.23529411764705882,0.0023612750885478157,0.041237113402061855,0.041237113402061855,0.0,0.0,0.0,2.0343749872851564,0.2099999986875,7.411249953679688,0.332499997921875,4.956874969019531,1.0981249931367187,4.956874969019531,0.017499999890625,0.42437499734765627,-0.40687499745703126,0.631578947368421,0.8,2.420880105913504,0.6176041628066407,0.3684210526315789,29.267497718120804,0.0,Industrials
1995-06-30,WM,1995,Q2,USD,0.42805755395683454,-0.11420863309352518,0.08183453237410072,-0.11420863309352518,-0.24280575539568344,-0.25,-0.25,-0.25,1.8140293637846656,3.553072625698324,0.0,0.20800598578376356,0.1366597025930933,1.0361544782251437,1.0361544782251437,-0.008875739644970414,0.34264585045193097,-7.17592585881295,0.020092592404676257,0.020092592404676257,5.794937948438635,7.17592585881295,-24.03502878012048,-189.9911798809524,0.5825242718446602,3.4422657952069717,0.7748896517900932,0.76340206185567,5.909222948438635,9.463829787234042,-0.03451109285127362,-0.03776978417266187,7.904761904761905,0.27946127946127947,0.0,-0.1414141414141414,-0.008860759493670886,-0.14482758620689656,-0.14482758620689656,0.0,0.0,0.0,2.160000020201439,-0.5400000050503597,9.207194330714767,0.8100000075755397,2.6747482264544797,0.8274820221275297,2.6747482264544797,-0.08158273457595364,0.5633093577863465,-0.6448920923623002,1.0296296296296297,2.125984251968504,5.794937948438635,0.5940125374654689,-0.02962962962962963,135.19373137362638,0.0,Industrials
1995-09-30,WM,1995,Q3,USD,0.4575,0.22,0.3416666666666667,0.22,0.15916666666666668,0.1575,0.1575,0.1575,1.694915254237288,1.2259887005649717,0.0,0.21261516654854712,0.14338630660771895,1.0687179487179488,1.0687179487179488,0.0518816787982035,0.12307692307692308,13.928571428571429,-0.0845104333868379,-0.0845104333868379,5.5073221757322175,8.775,-11.674057649667406,-14.424657534246576,0.6277930457641295,2.747907949790795,0.7331844822774212,0.7187821738490955,4.377092050209205,21.62162162162162,-0.7487179487179487,-0.6083333333333333,1.2356164383561643,1.111716621253406,0.0,-1.9891008174386922,-0.13894175866006853,-4.244186046511628,-4.244186046511628,0.0,0.0,0.0,2.2222222222222223,0.35,9.72962962962963,0.2222222222222222,3.5407407407407407,1.3574074074074074,3.5407407407407407,-1.3518518518518519,0.31851851851851853,-1.6703703703703703,0.9895287958115183,0.7234848484848485,5.5073221757322175,0.4989553656220323,0.010471204188481676,38.204878048780486,0.0,Industrials
1995-12-31,WM,1995,Q4,USD,0.46351242983159585,0.46912590216519645,0.5862068965517241,0.46912590216519645,0.19486768243785085,0.31355252606255013,0.31355252606255013,0.31355252606255013,1.7295423023578362,2.064814814814815,0.0,0.21018034721051745,0.13733480176211454,1.141634980988593,1.141634980988593,0.10629453681710213,0.12547528517110265,7.959779028132991,0.11608011082693946,0.11608011082693946,3.0906391261171797,9.98323528468324,98.8023365079365,30.143085714285714,0.4116740088105727,0.9280039721946375,0.48132886943085246,0.4539785820794361,2.254220456802383,11.546296296296296,0.3925855513307985,0.33119486768243783,0.3050847457627119,2.2596401028277633,0.0,1.0616966580976863,0.1104868913857678,1.4390243902439024,1.4390243902439024,0.0,0.0,0.0,1.8911704934938882,0.5929812854499682,5.6689617519488005,0.20018805544602505,6.108768843459007,4.3070763444447815,6.108768843459007,0.626345961357639,0.43525736297734235,0.19108859838029665,1.6090534979423867,0.4153846153846154,3.0906391261171797,0.3002628046583051,-0.6090534979423868,21.96319343365253,0.0,Industrials
1996-03-31,WM,1996,Q1,USD,0.44141252006420545,0.43418940609951845,0.6966292134831461,0.20545746388443017,0.17576243980738362,0.22231139646869985,0.16452648475120385,0.22231139646869985,1.6815114709851553,2.1415384615384614,0.0,0.20770128354725786,0.13238419039524013,1.3117529880478087,1.3117529880478087,0.06844547563805105,0.16533864541832669,20.810676097560975,-0.43851067491289203,-0.43851067491289203,4.024706226415094,13.695629534510433,-5688.251466666667,118.50523888888888,0.42137696557586063,0.935377358490566,0.48330489885449673,0.4557124518613607,2.219811320754717,5.393939393939394,0.14342629482071714,0.11556982343499198,-0.020833333333333332,2.0528846153846154,0.0,0.34615384615384615,0.036308623298033284,0.9795918367346939,0.9795918367346939,0.0,0.0,0.0,1.8896539173162668,0.3108981164123874,6.01474112044648,0.2517516454851527,6.430282993114744,4.560344566107555,6.430282993114744,0.21838696957748188,0.22293669811034608,-0.004549728532864206,0.9360730593607306,0.85546875,4.024706226415094,0.2324088531857218,0.0639269406392694,24.037735483870968,0.0,Industrials
1996-06-30,WM,1996,Q2,USD,0.4381874175098988,0.3220413550373955,0.4852617685877695,0.225692916849978,-0.024197096348438186,-0.009238891333040036,0.04355477342718874,-0.009238891333040036,1.82864038616251,2.8568232662192394,0.0,0.2580022701475596,0.16353694510396433,1.7554655870445344,1.7554655870445344,0.05148771021992238,0.24534412955465587,78.21969696969697,-1.1241588345204478,-1.1241588345204478,5.021073107472848,13.627364716234052,-127.46913580246914,83.71621621621621,0.411036765234909,0.9260820230183174,0.48081131122706616,0.4752020416843896,2.2530393905008914,3.648475120385233,0.29959514170040485,0.16278046634403873,-0.6567567567567567,9.89763779527559,0.0,2.9133858267716537,0.06476457202870646,0.6035889070146819,0.6035889070146819,0.0,0.0,0.0,2.164761904761905,0.09428571428571429,5.440952380952381,0.2885714285714286,5.875238095238095,4.211428571428572,5.875238095238095,0.3523809523809524,0.5838095238095238,-0.23142857142857143,-1.8,-0.10721247563352826,5.021073107472848,0.18443906376109767,2.8,32.98730734360834,0.0,Industrials
1996-09-30,WM,1996,Q3,USD,0.4713718820861678,0.3072562358276644,0.5031179138321995,0.23582766439909297,-0.1655328798185941,-0.07794784580498866,-0.1102607709750567,-0.07794784580498866,1.4968179889690285,2.2827417380660955,0.0,0.21229991575400167,0.13419551160136933,1.051000645577792,1.051000645577792,0.01783629523933065,0.04551323434473854,-34.79474614395887,0.10117621219165343,0.10117621219165343,4.97982201986755,15.345982142857142,-140.26068652849742,41.046721000758154,0.3904526435907189,0.9441685062545989,0.4856412925202252,0.4794848470340403,2.4181383370125094,6.467461044912924,0.42575855390574563,0.3738662131519274,-0.2926459438968916,7.88,0.0,5.276,0.1284948855333658,0.7736070381231671,0.7736070381231671,0.0,0.0,0.0,2.0526545454545455,-0.22632727272727274,5.972363636363636,0.08203636363636363,6.325527272727273,3.4897454545454547,6.325527272727273,0.7674181818181818,0.992,-0.2245818181818182,0.666095890410959,-0.7019230769230769,4.97982201986755,0.1895988455988456,0.3339041095890411,36.20542253521127,0.0,Industrials
1996-12-31,WM,1996,Q4,USD,0.4800228310502283,0.2405821917808219,0.3604452054794521,0.2405821917808219,0.2197488584474886,0.13184931506849315,0.13184931506849315,0.13184931506849315,1.4872665534804754,1.5336700336700337,0.0,0.19355907860575594,0.12379438261791204,1.0625,1.0625,0.05265042979942693,0.0734375,28.234271341774893,-0.1273310276197691,-0.1273310276197691,4.51631034706137,14.890677351484019,-65.2211667995,238.2508376237443,0.41936053700759585,1.0274387604951094,0.5067668530931136,0.5006483402489627,2.450012983640613,19.575418994413408,0.0684375,0.0625,-3.65296803652968,3.327526132404181,0.0,0.7630662020905923,0.018449873631002527,0.21491658488714427,0.21491658488714427,0.0,0.0,0.0,2.140936859183428,0.28228105848822593,7.252545810076281,0.1435845210924959,7.058859456091936,3.8975560002086436,7.058859456091936,0.13380855369896424,0.622606923375546,-0.48879836967658175,0.6,0.9134045077105575,4.51631034706137,0.22749516342773782,0.4,50.524096151702295,0.0,Industrials
1997-03-31,WM,1997,Q1,USD,0.485612496574404,0.29953411893669496,0.45354891751164705,0.2433543436557961,0.22444505343929844,0.15894765689229925,0.15894765689229925,0.15894765689229925,1.2187708750835002,1.694043321299639,0.0,0.16144588974427043,0.09897472062493219,1.2191185599006829,1.2191185599006829,0.05134050250260171,0.07262569832402235,29.583333282327583,4.141666659525863,4.141666659525863,4.112489257295224,18.80880603315977,-103.05305287537537,34316.6666075,0.39448844526418575,0.8714722272155312,0.46566131975794833,0.4603046276234518,2.209119779495476,8.055187637969095,0.0006207324643078833,0.0005480953685941354,-333.0,4.280645161290322,0.0,0.0064516129032258064,0.0001375137513751375,0.0029940119760479044,0.0029940119760479044,0.0,0.0,0.0,1.88741379635761,0.3000000005172414,7.522758633659929,0.12103448296730084,8.63224139419352,4.4550000076810345,8.63224139419352,0.0010344827604042805,0.34551724197502975,-0.34448275921462546,0.7081807081807082,0.9222972972972973,4.112489257295224,0.2119086939059135,0.4004884004884005,50.116817652567974,0.0,Industrials
1997-06-30,WM,1997,Q2,USD,0.4848654708520179,0.3157698056801196,0.45665171898355755,0.2561659192825112,0.22514947683109118,0.16311659192825112,0.16311659192825112,0.16311659192825112,1.3761892517356646,1.7996083550913837,0.0,0.1834447300771208,0.115899346008922,1.3482419855222336,1.3482419855222336,0.05447541519787768,0.11349534643226473,22.45930234616266,0.5182915926037537,0.5182915926037537,4.202769615390387,14.65393942316891,-132.9286165979661,142.85589033296904,0.443176404348391,1.0966722040619474,0.5230537238664826,0.5169423519971008,2.4745726381222872,5.213833414515343,0.1419338159255429,0.10257847533632287,-1.0746812386156648,3.963636363636364,0.0,1.1090909090909091,0.026826288785731737,0.4820017559262511,0.4820017559262511,0.0,0.0,0.0,2.636151200333424,0.4299999996059565,10.080125993053722,0.2162313858270503,9.191557838083337,4.471408930610393,9.191557838083337,0.27041237088622005,0.5610194725672215,-0.2906071016810015,0.7244813278008299,0.8789204959883297,4.202769615390387,0.2609403570554937,0.4,40.28391317217676,0.0,Industrials
1997-09-30,WM,1997,Q3,USD,0.4894985560514571,0.5760042005775794,1.6911262798634812,0.26686794434234706,0.06392754003675505,0.07245996324494618,0.02480966132843266,0.0644526122341822,1.5106087646242317,2.002574665293512,0.0,0.21185238744125254,0.12602984482017007,1.294796628801759,1.294796628801759,0.036679645618193105,0.11579333089043606,87.72617242857143,-1.1788204420089285,-1.1788204420089285,2.6524150678291476,8.705826510370176,158.28397698329357,48.72960055547392,0.41031664626278,0.9919212925931851,0.49797213187166206,0.49397931718373705,2.417453207486802,5.154262516914749,0.2493587394650055,0.1786558151745865,0.30786186627479795,32.18320610687023,0.0,3.4631043256997454,0.05487460688654141,1.4447983014861996,1.4447983014861996,0.0,0.0,0.0,4.58084019392023,0.11364909381083271,14.913887961355941,0.38003294861611786,15.035354188603497,6.488822070437544,15.035354188603497,0.8183937390293297,0.5664415151841503,0.2519522238451794,0.38809034907597534,0.2395474667978357,2.6524150678291476,0.3739691063529574,0.48254620123203285,7.024061659240861,0.0,Industrials
1997-12-31,WM,1997,Q4,USD,0.4894600843193255,0.2699578403372773,0.3840609275125799,0.2699578403372773,0.23296613627090984,0.13980688154494764,0.13980688154494764,0.13980688154494764,1.4744335271706437,0.372605459057072,2.45841519318926,0.1859165613147914,0.11102554810654104,1.1524529628978373,0.8839458413926499,0.046747458560769194,0.09002989273782311,20.999513618677042,0.0641651805015132,0.0641651805015132,3.284518828451883,11.743506051951584,-5.023853851524319,33.00840978593272,0.4173008395240684,1.0512362114872575,0.5124891056428135,0.5089102252773938,2.519132750095093,5.939418416801292,0.45999648320731495,0.3557731538147695,-6.5703363914373085,5.442748091603053,0.0,6.656488549618321,0.09465571516445345,0.13209452635831145,0.13209452635831145,0.0,0.0,0.0,3.3422727272727273,0.4672727272727273,12.562272727272727,0.23272727272727273,11.95,4.468181818181818,11.95,1.1890909090909092,9.001818181818182,-7.8127272727272725,0.6001167542323409,0.8629722921914358,3.284518828451883,0.32005790387955996,0.3998832457676591,40.18236543909349,0.0,Industrials
1998-03-31,WM,1998,Q1,USD,0.48336365999480113,0.5908500129971407,1.0539381336106057,0.26501169742656616,0.262022355081882,0.23576813101117755,0.15726540161164543,0.23576813101117755,1.4658030100971613,2.0208439247585157,0.0,0.1672027121001391,0.10137823806888555,1.3569422150882826,1.3569422150882826,0.04301767650541096,0.09289727126805779,20.23502743801653,1.1888078619834694,1.1888078619834694,3.529153284566322,12.729078866649337,-10.475722836667023,279.02430997151004,0.4784831475478957,1.308565457100645,0.566830562709748,0.5636635220125786,2.7348203668336275,5.8155706727135295,0.07042536115569824,0.04561996360800624,-26.635327635327634,15.705376344086021,0.0,0.7548387096774194,0.009665693671862092,0.036185567010309276,0.03347320236505817,0.6495867768595042,0.008025523795919023,0.8025523795919024,3.5006460771288697,0.5505305112199028,16.522285111107067,0.21065754272298762,12.626258030465722,3.381895280907056,12.626258030465722,0.15969934664312882,4.413343767630626,-4.253644420987497,0.6001984126984127,0.988719960765081,3.529153284566322,0.37078736784351585,0.3998015873015873,16.498770847206806,0.3576173403461517,Industrials
1998-06-30,WM,1998,Q2,USD,0.5036281179138322,0.6479591836734694,1.0871882086167801,0.2958049886621315,0.24013605442176872,0.27981859410430837,0.13968253968253969,0.2753968253968254,1.3991116751269035,1.7825732899022801,0.0,0.17216138666042044,0.10531594784353059,1.3481056656239139,1.3481056656239139,0.04107215278545884,0.07820646506777894,22.044642857142858,12.124553571428494,12.124553571428494,3.6823266219239374,12.317006802721089,-21.60620525059666,765.0422535211268,0.4900654343984334,1.3911599213612635,0.5817929235654343,0.5786150945552191,2.838722798454342,4.6641988365943945,0.024678484532499132,0.016099773242630386,-35.40845070422535,16.43233082706767,0.0,0.2669172932330827,0.003459870376687296,0.02746615087040619,0.0272187080697719,0.03814935064935065,0.00043263743142236456,0.04326374314223645,4.009090909090909,0.56,18.655454545454546,0.20454545454545456,13.41,3.537272727272727,13.41,0.06454545454545454,2.35,-2.2854545454545456,0.5816808309726157,0.8118052893829053,3.6823266219239374,0.3777937332007806,0.39990557129367327,15.562415267494004,0.021363636363636362,Industrials
1998-09-30,WM,1998,Q3,USD,0.4235040977122425,0.2177324937505933,0.3384172388697276,0.21191026168401733,-0.5354554947315129,-0.398221687814448,-0.40106951871657753,-0.398221687814448,1.301338274655137,2.020068743763167,13.327724945135333,0.2972022382094325,0.14785167580515374,0.9248676030393737,0.8933916647478701,-0.020789658631522673,0.03826847801059176,-5.653879809443787,0.011770158711109745,0.011770158711109745,7.215175472294797,9.070395416219979,201.15909216757896,22.97625090884899,0.48813556150232984,2.6262427949356892,0.7242324751678039,0.7093326114631041,5.380150519771451,-50.163492063492065,0.2872668662215059,0.3947726481663133,0.11421930105803142,2.023290453622207,0.0,1.689370345294516,0.1195729264505741,1.1289476065514432,1.128845457835686,-7.889546351084812e-05,3.4885541508623637e-06,0.00034885541508623634,5.298556214435539,-2.1250893908163926,17.49329994942807,0.2786507745591199,7.925451723335835,-1.7641175992244642,6.660960663332897,2.091725068230794,1.8528096929319098,0.2389153752988844,0.7490249379505969,-2.5268030461400626,7.215175472294797,0.36398876299267724,0.2509750620494031,36.402777591285655,0.0001676599124904452,Industrials
1998-12-31,WM,1998,Q4,USD,0.4408422267089703,0.2398038650129795,0.35275454283241997,0.2398038650129795,0.06674358234785117,0.023363138159792327,0.023363138159792327,0.023363138159792327,1.4531204157760174,1.8622478386167147,15.109898674980514,0.29791109927219295,0.1526290765654716,0.9039755921466335,0.8740946037217319,0.025923447390650885,0.02023895474765354,87.38327679694446,-0.8235680512278394,-0.8235680512278394,6.475055844987994,8.166190274649553,-35.368122026495946,138.04086631989276,0.5149811579911249,2.675334476843911,0.7279159199522103,0.7176609606953063,5.195014293882219,-9.388031410777145,0.04776765959428931,0.05915777329102971,-3.902974158946855,1.837587801953058,0.0,0.3513791331163269,0.017533061489669086,0.20395783611774065,0.20161211048854813,0.14444444444444443,0.000413249679283872,0.041324967928387205,5.710129011413599,0.1334065330038943,19.26637385711426,0.14312379898812858,7.386110344558819,-2.908097720061434,7.201482290858368,0.3377985175197373,1.6562174023298284,-1.3184188848100913,0.3500432152117545,0.278325715660332,6.475055844987994,0.4131755062645134,0.6499567847882455,32.64364814571546,0.019269832545006953,Industrials
1999-03-31,WM,1999,Q1,USD,0.45469940728196445,0.25654106689246403,0.37062300527584185,0.2565296684687032,0.2035107145183352,0.11864130788770924,0.11864130788770924,0.11864130788770924,1.2937557933765906,1.619812324658992,16.981744421906694,0.2662493063263041,0.13581977981148183,0.8714624388798341,0.8471131525658122,0.04045997316257028,0.014668839828122684,18.491666676818557,0.05114716314864708,0.05114716314864708,5.578085304709463,8.775502078245294,-143.48272993322686,71.99053347972215,0.5103481526369101,2.3884530192311675,0.7048800752660582,0.6944895932810099,4.680046370091291,-6.583619210977702,0.09243344693040945,0.1218980003908031,-0.5017365749398878,1.5761361595114065,0.0,0.6723549488054608,0.032440912124390056,0.6658957480875289,0.6658957480875289,0.0,0.0,0.0,5.057260496811825,0.5999999996706011,19.002854779575703,0.09783145753618916,8.146033484410632,-2.5307713409109134,7.95613504915941,0.616469942016761,0.9257754592776418,-0.30930551726088085,0.5829732757241158,0.793322330836613,5.578085304709463,0.42818510093681167,0.41702672427588416,33.76394986222744,0.0,Industrials
1999-06-30,WM,1999,Q2,USD,0.43978288250464825,0.23915911953457686,0.35896359383434295,0.2392790739518983,0.16370779103940503,0.09545372758351826,0.09545372758351826,0.09545372758351826,1.2557806733448822,1.7486661050266779,18.718436873747496,0.28129876922298236,0.1450349473940596,0.9159374102034952,0.8898670358663566,0.04078872396387893,0.0211593218567958,25.841346170083252,-1.9381009627562444,-1.9381009627562444,6.00836427687686,9.86661127084208,-115.0391676354895,80.14909121498174,0.4915686965296172,2.063952957504702,0.6736242318764565,0.6662725571814265,4.198707061852846,-7.9178439985753295,0.10723335336067501,0.12310322077610508,-0.6967113276492083,2.622835497835498,0.0,1.110660173160173,0.036321005131835074,0.589375448671931,0.589375448671931,0.0,0.0,0.0,5.447665720736622,0.5199999996732643,18.463839133858723,0.13232799237679674,9.176047747925827,-1.8532453648424472,8.94586238834693,0.67062519593426,1.1378573665486287,-0.4672321706143687,0.5830738230445136,0.6841709487404437,6.00836427687686,0.3435132862113251,0.41692617695548634,36.860653252923974,0.0,Industrials
1999-09-30,WM,1999,Q3,USD,0.23881476245176872,-0.11999646549438897,0.013431121321905099,-0.11999646549438897,-0.37807428352625844,-0.27916703484433447,-0.27916703484433447,-0.27916703484433447,1.7549364209655742,2.3538573640586575,28.682574916759158,0.3267692663067017,0.15846441073512252,0.8154097190352353,0.8000951846752673,-0.028805217906907796,0.037716927574660476,-3.145424835672083,0.007978638607558455,0.007978638607558455,2.6191378513068306,3.5123956988012135,-40.7690073059829,23.492779032702916,0.5322380396732789,2.5045464528882055,0.7146563718178514,0.6568047337278107,4.705688556995388,-4.823270350902117,0.08627810922441487,0.1495095873464699,-0.5762411347517731,0.14180020076588468,0.0,0.18871993159088374,0.04451382068191385,0.6344206974128234,0.6295464364966207,-0.006535947710487445,0.0005194805194805195,0.05194805194805195,5.480589788493949,-1.530000000451994,18.407782237976555,0.3582053176833694,7.361046636485644,-1.5261257653801596,7.349746784192793,0.8194007176930072,1.2915731170728428,-0.4721723993798357,0.7383920224368963,3.150711831124202,2.6191378513068306,0.9562484279468341,0.2616079775631038,506.7156718640351,0.01,Industrials
1999-12-31,WM,1999,Q4,USD,0.3529852535667186,0.04666706629900492,0.17000359669104423,0.04666706629900492,-0.005934540222994845,-0.033659033689006114,-0.03440834432322264,-0.03440834432322264,1.7410635078014924,2.0307619943555975,20.137126865671643,0.323802868844504,0.14709850361970603,0.8305627879030643,0.816249415848855,0.016238759571125985,0.024220575472327924,-23.23319091898955,0.26330949708188156,0.26330949708188156,2.423268357334303,3.1976625314710465,-66.63760943160524,26.859721223564954,0.5069351980036506,2.611638577204379,0.7231173666402526,0.6560979229645599,5.151819379457593,-2.833460721868365,0.053034247947125975,0.11905047356432083,-0.4030715005035247,0.1531932745990254,0.0,0.1281827863297512,0.03454513828491912,0.7127220527543513,0.7127220527543513,0.0,0.0,0.0,5.375801802353403,-0.18497243942877675,18.52624659017487,0.2922822344283981,7.106131965267719,-1.5248947445591838,7.093725277257252,0.6399917503581022,0.8979541854848195,-0.2579624351267174,5.797979797979798,-0.12716763005780346,2.423268357334303,1.0777339493993525,-4.671717171717172,38.76107417136812,0.0,Industrials
2000-03-31,WM,2000,Q1,USD,0.3921267742700499,0.12966519535425414,0.23857888688963355,0.12966519535425414,0.03725256106889329,0.017095964360277487,0.017095964360277487,0.017095964360277487,1.9932365330060535,2.0248274091283696,16.982598124348733,0.31740025912447967,0.14476614458818526,0.8483199277451292,0.831778756229153,0.022824097232054915,0.021175170087081023,38.61819250768139,-0.25745461671787595,-0.25745461671787595,1.9081338212102958,2.640860971078625,19.913716109163182,12.58308776726118,0.5000553226235873,2.495826186084053,0.7139445879830262,0.6522831102466704,4.991100130660476,-2.7675776344086023,0.09698748438312893,0.20987384177273616,0.6318804435236046,0.2545788229190931,0.0,0.24461530714530763,0.060758531203996644,2.7165087602840305,2.7165087602840305,0.0,0.0,0.0,5.183915454060612,0.08862403384931192,17.90642779227015,0.23753490388039308,7.188992528595804,-1.4550547586093552,7.174549210241802,1.0879682517687588,0.40050239030151474,0.687465861467244,0.4589205109592584,0.2872980753787997,1.9081338212102958,1.3079932645924142,0.5410794890407415,25.35541970760127,0.0,Industrials
2000-06-30,WM,2000,Q2,USD,0.403148962048387,0.1559935952691466,0.26693666402201544,0.1559935952691466,0.032196357852853484,9.645678996089978e-05,9.645678996089978e-05,9.645678996089978e-05,1.969006209008066,2.0722535086982545,16.735438060239723,0.3225788958429374,0.15809554211479293,0.8158775945248723,0.7941636695392232,0.022781697518328335,0.01930460180168826,9365.265873015873,-94.17585794094174,-94.17585794094174,2.494780621183775,3.6133739329658994,105.5005364327224,27.62440684790726,0.48980629210102006,2.139066027705467,0.6814339070366862,0.6300254392420743,4.367167311244534,-3.1960592801085936,0.07963966234798174,0.1308036749118339,0.2618413875603687,0.3717254469717019,0.0,0.20705043754416885,0.04221970650293011,1.354722390483228,1.354722390483228,0.0,0.0,0.0,5.258243501082817,0.0005071932889472116,16.29091318944072,0.166721679695362,7.630877605403621,-1.0111018975469557,7.615900107074139,0.6877975735229002,0.5077037025110093,0.18009387101189087,0.002995891349007076,0.2063953830752017,2.494780621183775,0.8574164836547746,0.9970041086509929,25.024039332918836,0.0,Industrials
2000-09-30,WM,2000,Q3,USD,0.40119738249000125,0.15227342335091076,0.26960340185409626,0.15227342335091076,-0.019124708087212356,-0.06107630009002611,-0.06107630009002611,-0.06107630009002611,1.9513969512320788,2.198951205925146,24.936999373592247,0.3113372985720318,0.162948426427144,0.7883869633977636,0.7693311664415202,0.012095391560372466,0.03677442966071584,-14.198980308317877,0.00022864702589883858,0.00022864702589883858,2.341607784672398,3.468884729132776,51.34190938587973,19.344767262349883,0.4697178871188645,1.9458583060175754,0.6605403600175622,0.6331955757067214,4.142610616668225,-3.4321734579160026,0.14230297526030258,0.17931902111245135,0.37678316785916344,0.6997511189808666,0.0,0.5511868575082387,0.06220702493992006,1.6045779709846102,1.5765186620880927,-0.03256646859705935,0.000573394495412844,0.0573394495412844,5.027552473431428,-0.30706430358565096,14.4925077030756,0.23297801304896984,7.47132203280746,-0.9694049122694105,7.447874112034497,0.9015357881272074,0.5618522779382306,0.33968351018897674,3.1935807757957093,-0.12559452376098412,2.341607784672398,0.8309924141671788,-2.1935807757957093,23.38680200755921,0.01,Industrials
2000-12-31,WM,2000,Q4,USD,0.38908086485219623,0.13333975885569305,0.2545699505361902,0.13333975885569305,0.05400247059023392,0.013356303420099844,0.013356303420099844,0.013356303420099844,1.8313212698412697,2.0371017341040463,23.494573333333335,0.28484406478372504,0.15536391058443308,0.8365679264555669,0.8110316649642493,0.028234198850825516,0.032005447735784814,111.65117848613852,-0.9304264873844876,-0.9304264873844876,3.583628410747761,5.964988068290359,275.8493530647256,37.216495960371624,0.4570428225154861,1.7673401374713602,0.6386421797380701,0.6355423973278677,3.8669027285982085,-4.392784719615173,0.15740381341504936,0.16027806794712535,0.134916016829081,5.46041592920354,0.0,4.091106194690266,0.054483794932233355,1.1559571318550526,1.1559571318550526,0.0,0.0,0.0,4.6521467741935485,0.06213548387096774,13.685483870967742,0.15161290322580645,7.767741935483871,-0.6080645161290322,7.743548387096774,0.7456370967741935,0.6450387096774194,0.1005983870967742,0.2473276365714139,0.40499901195020227,3.583628410747761,0.49317058994478347,0.7526723634285861,34.85939662028916,0.0,Industrials
2001-03-31,WM,2001,Q1,USD,0.3946303788157411,0.1265171018756896,0.24972416329532918,0.1265171018756896,0.07796984185362266,0.045237219566016916,0.04560500183891136,0.04560500183891136,1.850918992511913,2.311797752808989,21.946666666666665,0.27329379837169565,0.1434223019305834,0.9568188878533707,0.933519726623175,0.03274127969184678,0.27555141348244794,30.874999999999996,0.138713768115942,0.138713768115942,3.1107048547633553,5.632217727105553,59.8203125,38.285,0.4730984281042304,1.8218565915092424,0.6456233803627988,0.6271866717152593,3.850903920373756,-8.78513731825525,0.12426219322771047,0.14711290915777858,0.64,0.858806404657933,0.0,0.5822416302765647,0.044598059984390676,2.7777777777777777,2.7777777777777777,0.0,0.0,0.0,4.385483870967742,0.2,14.466129032258065,1.4306451612903226,7.966129032258064,-0.34516129032258064,7.940322580645161,0.6451612903225806,0.23225806451612904,0.4129032258064516,0.5849056603773585,0.6162790697674418,3.1107048547633553,0.5856732401723913,0.419811320754717,34.456553755522826,0.0,Industrials
2001-06-30,WM,2001,Q2,USD,0.4058319039451115,0.15128644939965694,0.26826758147512864,0.15128644939965694,0.10428816466552315,0.06552315608919383,0.06552315608919383,0.06552315608919383,1.8071915685058897,2.432584269662921,23.726027397260275,0.2906860789788592,0.1558073654390935,0.8477920450986534,0.8249295333542124,0.03940448855640323,0.1240212965862825,24.854838699267017,0.45190615816849133,0.45190615816849133,3.658080671593142,6.514269902655232,139.6257115164706,40.74913469150215,0.4468972152440002,1.6106723174725486,0.616956906729634,0.5964080236355155,3.604122519745714,-9.328,0.14594425305355466,0.15986277873070326,0.2918454935622318,0.9695652173913043,0.0,0.6753623188405797,0.05573495993302237,1.412121212121212,1.412121212121212,0.0,0.0,0.0,4.731151834442367,0.3100000001298429,13.570209429767626,0.6427225133582084,8.452774872650377,0.09413612569387901,8.42518324960217,0.756335078850821,0.5356020944651737,0.2207329843856473,0.6282894736842105,0.6893424036281179,3.658080671593142,0.4403053027179632,0.3717105263157895,34.468154432531975,0.0,Industrials
2001-09-30,WM,2001,Q3,USD,0.4156023472557818,0.03969623748705557,0.1612012426648257,0.03969623748705557,-0.00034518467380048324,0.010700724887814981,0.010355540214014497,0.010355540214014497,1.6601719197707736,2.287837837837838,20.646341463414632,0.2849134539732494,0.1534427966101695,0.8290626013623095,0.8024651313655531,0.02795872063236478,0.02432695426532598,132.45,-1.5792115384615386,-1.5792115384615386,3.0524294219320147,5.486365205384881,58.21978021978022,24.75700934579439,0.42065677966101694,1.5252544651430766,0.604000304205643,0.6013322103973662,3.625888227386211,-5.71964461994077,0.2082387285111904,0.22160856057991024,0.4252336448598131,5.670454545454546,0.0,7.295454545454546,0.08083606144547972,1.7398373983739837,1.712,0.2,0.0003775009437523594,0.03775009437523594,4.828333333333333,0.05,13.236666666666666,0.125,8.695,0.12666666666666668,8.678333333333333,1.07,0.615,0.455,-30.0,-0.008695652173913044,3.0524294219320147,0.4996854158802064,32.0,50.88008565310493,0.01,Industrials
2001-12-31,WM,2001,Q4,USD,0.4285202436402723,0.13722680042995342,0.2601218201361519,0.13722680042995342,0.0974561089215335,0.05661053385883196,0.05661053385883196,0.05661053385883196,1.6722588376273217,2.3735119047619047,19.216867469879517,0.26947957902867625,0.14320164186762444,0.8395592582639075,0.8172534264982532,0.03556975505857295,0.19618382155334588,31.671317592674047,0.07917829398168512,0.07917829398168512,3.7122167504766317,7.171720787735579,55.29357104577348,23.631963067969302,0.4219599794766547,1.5252225519287834,0.6039952996474736,0.5884283642470041,3.6146142433234423,-4.9661921708185055,0.22762698199408762,0.3034754568255106,0.42739079102715466,1.188349514563107,0.0,1.6446601941747572,0.10299124513618677,1.7463917525773196,1.7463917525773196,0.0,0.0,0.0,4.449420291789603,0.2518840580805293,13.110724643381474,1.1637681164480151,8.616666670413043,-7.515072467035539,8.595942032722874,1.3502898556595464,0.7731884061332703,0.577101449526276,0.5808823529411765,0.7101827676240209,3.7122167504766317,0.4108657049007043,0.41911764705882354,37.8929376288843,0.0,Industrials
2002-03-31,WM,2002,Q1,USD,0.4001533154465312,0.14143349942506708,0.254120352625527,0.12725182062092755,0.08470678420850901,0.05251054043694902,0.052893829053277115,0.052893829053277115,1.688673139158576,3.050682261208577,19.810126582278482,0.25335016508059816,0.13872494284043174,0.8270967741935484,0.8016129032258065,0.03188427190198539,0.09870967741935484,31.02272725923913,-2.585227271603261,-2.585227271603261,3.2649276352907535,6.563643329666539,66.89275565273438,39.27648038325688,0.4166533737438188,1.4939942802669208,0.5990367708890758,0.5965074236479729,3.5857006673021927,-4.6054721977052075,0.1406451612903226,0.16711383671904945,0.5871559633027523,7.060975609756097,0.0,5.317073170731708,0.055640632976008166,2.422222222222222,2.422222222222222,0.0,0.0,0.0,4.159275364127221,0.22000000009565218,12.492173918474858,0.48782608716862,8.382318844224196,0.2120289855994329,8.361594206534026,0.6950724640703214,0.28695652186389414,0.4081159422064272,0.6244343891402715,0.6656626506024096,3.2649276352907535,0.45758878822252225,0.38009049773755654,37.18634305746606,0.0,Industrials
2002-06-30,WM,2002,Q2,USD,0.4021238938053097,0.16424778761061948,0.2750442477876106,0.16424778761061948,0.12460176991150443,0.0768141592920354,0.0768141592920354,0.0768141592920354,1.6189111747851004,3.037769784172662,21.935064935064936,0.26943252265140677,0.14247528747226146,0.8911739502999143,0.8691802342187946,0.0364938373614267,0.20565552699228792,18.42142857142857,0.3117472527472528,0.3117472527472528,3.0226465028355385,5.6601061946902655,210.3921052631579,35.691517857142856,0.43468831954811377,1.6293005671077505,0.6196707168020706,0.6089013751293805,3.74820415879017,-6.161395856052344,0.1279634390174236,0.15858407079646017,0.16964285714285715,1.6762402088772845,0.0,1.1697127937336815,0.05197818772479406,1.2043010752688172,1.2043010752688172,0.0,0.0,0.0,4.556451612903226,0.35,13.901612903225807,1.1612903225806452,8.556451612903226,0.2564516129032258,8.53225806451613,0.7225806451612903,0.6,0.12258064516129032,0.6164772727272727,0.7586206896551724,3.0226465028355385,0.5390311323468712,0.3835227272727273,30.744916344916344,0.0,Industrials
2002-09-30,WM,2002,Q3,USD,0.39709944751381215,0.16091160220994474,0.26726519337016574,0.16056629834254144,0.12154696132596685,0.07976519337016574,0.07976519337016574,0.07976519337016574,1.6501424501424502,3.275797373358349,21.555555555555557,0.2747888794003226,0.14487968382610436,0.8470426409903714,0.8247592847317744,0.037217606262445926,0.18046767537826686,15.342105267142859,1.789912281166664,1.789912281166664,2.620352175016636,4.895063973356353,50.448773191601425,22.046820010637635,0.4265345940267147,1.5759704251386322,0.611796785304248,0.6010618685937615,3.6948243992606287,-6.181430096051227,0.17689133425034387,0.2220303867403315,0.4370139968895801,1.7413333333333334,0.0,1.7146666666666666,0.0754163734459301,1.776243093922652,1.746907842989575,0.02631578948051948,0.0004288164665523156,0.04288164665523156,4.763982682745286,0.3799999999012987,14.02545454181157,1.0791341988539045,8.925887443569033,0.444155844040479,8.899567097255524,1.0577489174741779,0.5954978353431607,0.462251082131017,0.65625,0.7569892473118279,2.620352175016636,0.6014345858409764,0.34375,28.483340138036176,0.01,Industrials
2002-12-31,WM,2002,Q4,USD,0.38015647226173543,0.13620199146514936,0.24431009957325747,0.13620199146514936,0.11450924608819346,0.08463726884779517,0.08392603129445235,0.08392603129445235,1.710462287104623,3.3136882129277567,21.7875,0.2649830380701093,0.1432428302175131,0.8509297195083517,0.8257169870784746,0.037751677852348994,0.08320201701859439,14.645613579279662,5.565333160126254,5.565333160126254,2.6046456704672196,4.9165928943243244,54.646083868932806,22.085398113162938,0.42244409352554635,1.5623587038432554,0.6097345783398279,0.6029917726252805,3.6983798040693294,-5.465500485908649,0.1972896312637882,0.22261735419630158,0.40415335463258784,2.6103896103896105,0.0,2.70995670995671,0.07548534908959363,1.67828418230563,1.67828418230563,0.0,0.0,0.0,4.661764862911197,0.3912434237720635,13.748227598905604,0.4376621350670541,8.831159823871959,0.23706698982798763,8.799661412636071,1.0377897596665753,0.6183635468939817,0.4194262127725935,0.7329192546583851,0.8407310704960835,2.6046456704672196,0.5998354100744155,0.2608695652173913,31.811439910975256,0.0,Industrials
2003-03-31,WM,2003,Q1,USD,0.3398379970544919,0.11008836524300442,0.22128129602356406,0.10272459499263623,0.06443298969072164,0.03939617083946981,0.022459499263622975,0.022459499263622975,1.6734442390634627,3.5788423153692617,22.987179487179485,0.253665826095078,0.13637276561558545,0.9114616870573085,0.886349001931745,0.024989673688558447,0.12266580811332904,52.949999999999996,-0.7120862068965517,-0.7120862068965517,2.417627245508982,4.756921944035346,59.53824884792627,30.116083916083916,0.41825667804780076,1.5587574850299402,0.6091853151967237,0.6043825880959431,3.7267964071856285,-7.262032085561497,0.13811976819059885,0.15795287187039764,0.5058275058275058,3.210843373493976,0.0,2.5843373493975905,0.05150060024009604,2.0235849056603774,2.0235849056603774,0.0,0.0,0.0,4.452459016393442,0.1,13.655737704918034,0.6245901639344262,8.836065573770492,-8.240983606557377,8.760655737704917,0.7032786885245902,0.3475409836065574,0.3557377049180328,0.3485714285714286,0.6272401433691757,2.417627245508982,0.6447468227062338,0.38857142857142857,34.723460898502495,0.0,Industrials
2003-06-30,WM,2003,Q2,USD,0.35265866209262436,0.1399656946826758,0.2514579759862779,0.1320754716981132,0.0967409948542024,0.06037735849056604,0.06037735849056604,0.06037735849056604,1.737187127532777,3.4184782608695654,24.506493506493506,0.2696078431372549,0.14250097770825185,1.016267942583732,0.9917065390749601,0.03379426644182125,0.24019138755980862,20.07500001140625,0.10037500005703127,0.10037500005703127,2.5309455601772926,4.84830188954717,39.810704247971834,21.945341627375775,0.41347281971059835,1.5146848137535818,0.6023358495940749,0.5992536242285058,3.663323782234957,-26.026785714285715,0.20542264752791067,0.220926243567753,0.5512422360248447,5.805555555555555,0.0,5.962962962962963,0.07614093166233152,2.2283737024221453,2.2283737024221453,0.0,0.0,0.0,4.968749997176847,0.29999999982954545,14.417045446353951,1.283522726543453,9.598295449091877,-8.372727267970042,9.51818181277376,1.097727272103564,0.49261363608374226,0.6051136360198218,0.624113475177305,0.7324675324675325,2.5309455601772926,0.5984659795082586,0.375886524822695,29.792360174665756,0.0,Industrials
2003-09-30,WM,2003,Q3,USD,0.3546218487394958,0.146218487394958,0.25546218487394956,0.146218487394958,0.11058823529411765,0.07058823529411765,0.07058823529411765,0.07058823529411765,1.8041237113402062,3.595505617977528,24.0,0.2755650240829937,0.1473793718418706,0.9075144508670521,0.8818240205523442,0.036805173362685746,0.16795118818240207,18.17361110072619,0.9086805550363097,0.9086805550363097,2.7231240322172674,5.131372546087396,-181.7361110072619,71.67057898877935,0.4240562766273655,1.5269354263289332,0.604263730057885,0.5880364491475603,3.600784873349982,-25.10548523206751,0.06840077071290944,0.07159663865546219,-0.39436619718309857,1.1487455197132617,0.0,0.3817204301075269,0.024883177570093458,0.7171717171717171,0.7171475707888624,4.761904761904762e-05,6.550575908541482e-07,6.550575908541482e-05,5.100000002914285,0.36000000020571427,14.674285722671021,0.8965714290837551,9.68571429124898,-8.490857147709061,9.610285719777306,0.3651428573515102,0.509142857433796,-0.14400000008228572,0.6382978723404256,0.7563218390804598,2.7231240322172674,0.5607292977711509,0.3617021276595745,30.661622795539476,1.714285715265306e-05,Industrials
2003-12-31,WM,2003,Q4,USD,0.35411051212938005,0.14892183288409702,0.25370619946091644,0.14858490566037735,0.11354447439353099,0.0761455525606469,0.06165768194070081,0.06165768194070081,1.638873550524572,2.8697604790419162,23.378048780487806,0.26009990360178775,0.14368706429124709,0.7767106842737095,0.7521008403361344,0.03341642525096005,0.040516206482593034,23.640184967213116,-1.702093317639345,-1.702093317639345,3.1106624835520402,5.830396022911051,72.70846805042017,27.038461556250002,0.4120352439969016,1.5299298939421175,0.6047321301691062,0.5897492625368732,3.7131044400503326,-5.751937984496124,0.19207683073229292,0.215633423180593,0.371875,1.2490272373540856,0.0,1.245136186770428,0.07519680413582423,1.592039800995025,1.5686274509803921,0.03278688524590164,0.00034672830702651226,0.03467283070265123,5.0768421019231305,0.31302631558353533,14.55828946410639,0.2309210524796572,9.943289467142574,0.6688157890336738,9.515657888476541,1.0947368413850416,0.6876315784949792,0.4071052628900623,0.543026706231454,0.764172335600907,3.1106624835520402,0.4918341035171077,0.3293768545994065,34.104402916334664,0.010263157887984764,Industrials
2004-03-31,WM,2004,Q1,USD,0.3370165745856354,0.11878453038674033,0.2310082872928177,0.11878453038674033,0.07113259668508287,0.049723756906077346,0.052486187845303865,0.052486187845303865,1.6510832383124288,3.2542372881355934,24.303797468354432,0.2565783644901214,0.1365973303146078,0.9494399031183772,0.9255222524977293,0.03125614310988795,0.20859824402058735,29.019230788322364,-1.799192308875987,-1.799192308875987,3.109020673004405,6.092435193128453,61.0508384750865,37.539770892127656,0.4254516296401113,1.5894273127753304,0.6138142225246682,0.5980878186968839,3.7358590308370045,-6.357848518111965,0.1422948834392976,0.162292817679558,0.6148936170212767,1.0556521739130436,0.0,0.8173913043478261,0.052106430155210645,2.596685082872928,1.5460526315789473,0.8092105263157895,0.0069713299106589684,0.6971329910658969,4.953684207267313,0.2599999998289474,15.42894735827043,1.1785526308035839,10.160526309104917,-8.241315784051766,9.707236835718923,0.8039473678921399,0.30960526295420704,0.49434210493793285,0.7378640776699029,0.5988372093023255,3.109020673004405,0.5112308601149911,0.30097087378640774,38.82614696457399,0.21039473670368766,Industrials
2004-06-30,WM,2004,Q2,USD,0.34990439770554493,0.1408540471637986,0.2517527087316762,0.1408540471637986,0.09464627151051626,0.06883365200764818,0.06883365200764818,0.06883365200764818,1.684380032206119,3.0132939438700146,24.878048780487806,0.27708609271523177,0.14780970325011775,0.8720312936574462,0.8491198658843252,0.037095501183898975,0.15451243364068176,20.70945946712963,0.4894963146776096,0.4894963146776096,3.107497912400139,5.702030904907584,87.71065186078431,32.59193621056466,0.41083372585963257,1.5147620701632512,0.6023480662983426,0.5798613644655235,3.687044112539076,-10.0416,0.1533948030176027,0.17495219885277247,0.37158469945355194,0.9148387096774193,0.0,0.7083870967741935,0.06294427883512956,1.5913043478260869,1.2477272727272728,0.4398148148148148,0.005309346865292351,0.5309346865292351,5.375277775786934,0.36999999986296295,14.940462957429459,0.9472685181676783,10.322314810991735,-8.160555552533127,9.863240737087688,0.9404166663183642,0.5909722220033437,0.3494444443150206,0.7272727272727273,0.6719457013574661,3.107497912400139,0.4874539300955778,0.2727272727272727,32.98983921468354,0.16273148142121055,Industrials
2004-09-30,WM,2004,Q3,USD,0.34300549786194257,0.1417226634086744,0.24709835064141722,0.14202810018326206,0.10293219303604154,0.09224190592547343,0.09224190592547343,0.09224190592547343,1.6585612968591692,2.9709944751381214,25.011627906976745,0.28731899956121104,0.15279074108642898,0.9178006109414052,0.8939183560122188,0.042268243287384856,0.17189669536239932,13.144230774453641,0.32422435910318975,0.32422435910318975,2.7160846348853918,4.849795594239462,55.132745748402776,26.507897788881465,0.4100709352249393,1.503079028395484,0.6004920385430192,0.5823689098442635,3.6654122476907287,-8.684350132625994,0.16634268258816995,0.18295662797800855,0.48080133555926546,1.2188976377952756,0.0,0.9433070866141732,0.06816888585410265,1.9260450160771705,1.4295942720763724,0.3576158940397351,0.006801765355770693,0.6801765355770694,5.637350991137477,0.5199999997933775,15.129933768822543,1.0658278141460287,10.539470194487627,-8.139205294779124,10.065960260900942,1.0313907280669972,0.5354966885289417,0.49589403953805533,0.8961424332344213,0.7247311827956989,2.7160846348853918,0.5533991868625656,0.10385756676557864,29.723400216983933,0.18596026482677075,Industrials
2004-12-31,WM,2004,Q4,USD,0.34008728179551123,0.1396508728179551,0.2387780548628429,0.1396508728179551,0.10536159600997506,0.08385286783042394,0.08385286783042394,0.08385286783042394,1.645972293483838,2.7422279792746114,23.522222222222222,0.27953990937608925,0.15345611097823486,0.8795631825273011,0.8514820592823713,0.040062790062790066,0.13822152886115444,15.903144598996283,-1.6539270382956117,-1.6539270382956117,2.865815372386535,5.334097128591023,95.59655636044693,28.519639314200003,0.409758430997369,1.4346005694188577,0.5892550044713489,0.5781106479191691,3.50108859487523,-9.407624633431086,0.187207488299532,0.18703241895261846,0.29833333333333334,1.8151041666666667,0.0,1.5625,0.07004436142890497,1.4251781472684086,1.1385199240986716,0.3940520446096654,0.006194561744639732,0.6194561744639733,5.612946160938865,0.47066163257249205,14.987686039464561,0.7751044729725427,10.94069586793975,-7.87527140598062,10.447288505912082,1.049802897931209,0.7366117000483984,0.3131911978828107,0.7958579881656804,0.7544642857142857,2.865815372386535,0.5005907160809807,0.20414201183431951,32.943581708250655,0.1854651786345136,Industrials
2005-03-31,WM,2005,Q1,USD,0.3271889400921659,0.12047399605003292,0.2261356155365372,0.12047399605003292,0.07241606319947334,0.04937458854509546,0.04937458854509546,0.04937458854509546,1.6564885496183206,3.4761904761904763,22.217391304347824,0.2670065037792231,0.14706167102333237,0.8886679920477137,0.8581842279655401,0.032649383058366836,0.14612326043737575,27.740384619083333,-0.620856227189008,-0.620856227189008,2.8006445854703013,5.4786803065997365,51.530126227399386,32.76423380206693,0.4059444283086456,1.4110718492343934,0.5852467024914509,0.5758029978586724,3.476022211004543,-8.415512465373961,0.16832339297548046,0.1672152732060566,0.6358267716535433,1.9341692789968652,0.0,1.5924764890282133,0.060577152396851894,2.745945945945946,1.6821192052980132,0.78,0.0070294627373642974,0.7029462737364297,5.265866665964551,0.25999999996533335,14.535733331395235,0.76439999989808,10.80213333189305,-7.981999998935733,10.301199998626506,0.8805333332159289,0.32066666662391113,0.5598666665920178,0.6818181818181818,0.6010928961748634,2.8006445854703013,0.5038382437225385,0.3181818181818182,35.792184529039304,0.20279999997296,Industrials
2005-06-30,WM,2005,Q2,USD,0.3393128610519915,0.14077227120705382,0.24597141988446336,0.14077227120705382,0.09273335360291882,0.16023107327455152,0.16023107327455152,0.16023107327455152,1.7112382934443289,3.6216666666666666,22.873684210526317,0.2908303121407728,0.15893495699236493,1.0268797675263348,0.9923719578641482,0.06146588748855875,0.1747184889211769,7.618279574373814,0.02956347297518196,0.02956347297518196,2.591468991896079,4.88274045083004,55.95586530585366,26.99047620635294,0.4074127766502368,1.3604970146845248,0.5763604047033087,0.570040935266773,3.3393577537518153,-25.106870229007633,0.21612786051580093,0.18090605047126787,0.4823529411764706,4.7953488372093025,0.0,2.7674418604651163,0.07057288577867395,1.9318181818181819,1.3934426229508197,0.22580645161290322,0.007410021167130226,0.7410021167130225,5.804117643644637,0.9299999994529412,14.878235285365744,0.8488235289124567,11.454705875614879,-7.697647054295501,10.935882346508304,1.049999999382353,0.5435294114449827,0.5064705879373702,1.7278688524590164,0.6587473002159827,2.591468991896079,0.5249906593283608,-0.7278688524590164,29.67779152383189,0.20999999987647058,Industrials
2005-09-30,WM,2005,Q3,USD,0.34755555555555556,0.12118518518518519,0.2305185185185185,0.11318518518518518,0.06696296296296296,0.0637037037037037,0.0637037037037037,0.0637037037037037,1.7123287671232876,3.7133220910623947,22.02,0.3024193548387097,0.1640818707764111,1.0847647498132935,1.0474234503360718,0.041176055841500386,0.11202389843166542,18.339743580360462,-0.31585113943954135,-0.31585113943954135,2.5826395086147045,4.673238364180741,44.93498427096866,25.3164999664687,0.40556176770868785,1.3659734730636974,0.5773409924562254,0.5721891418563922,3.368102177828721,22.425249169435215,0.23263629574309186,0.18459259259259259,0.5634028892455859,4.408045977011494,0.0,3.5804597701149423,0.07468233037640853,2.2904411764705883,1.6613333333333333,0.4790697674418605,0.0065304861725940825,0.6530486172594082,6.122093026388048,0.3900000001995349,15.132000007741954,0.5441860467900487,11.583906982670836,-8.16641860882933,11.07781395915609,1.130093023834001,0.4933953490896441,0.6366976747443569,0.9513274336283186,0.5916230366492147,2.5826395086147045,0.528905977201746,0.048672566371681415,30.6094851916581,0.1868372093979167,Industrials
2005-12-31,WM,2005,Q4,USD,0.34400948991696323,0.14827995255041518,0.24466192170818504,0.14798339264531435,0.10112692763938315,0.08600237247924081,0.08600237247924081,0.08600237247924081,1.6826347305389222,3.0764951321279557,22.343434343434343,0.30050797611621066,0.1595457771469127,1.0595640159656126,1.0291679459625422,0.04174302586031358,0.20448265274792754,14.313133886551727,0.39872301541108374,0.39872301541108374,2.7125037262538805,4.92385388742586,66.41294123360001,24.96727114045113,0.4110243671634729,1.4192125469694494,0.5866423554835224,0.5715385692286155,3.4528671785655938,16.01900237529691,0.20417562173779552,0.1972123368920522,0.37593984962406013,1.4827586206896552,0.0,1.2739463601532568,0.07655116841257051,1.6024096385542168,1.2666666666666666,0.3793103448275862,0.006625214782347161,0.6625214782347161,6.163870962439681,0.5301075264257139,15.879462351931645,1.2174193537914673,11.702580635094554,-8.181935476832743,11.188924721557914,1.2155913968037924,0.7586021498850735,0.45698924691871895,0.8504398826979472,0.6833667334669339,2.7125037262538805,0.5232112801295434,0.1495601173020528,29.84755794957576,0.20107526864423633,Industrials
2006-03-31,WM,2006,Q1,USD,0.34964385258593994,0.1347166305357696,0.23629606689377516,0.1347166305357696,0.08950139362031588,0.05760297305667389,0.05760297305667389,0.05760297305667389,1.7221333333333333,3.652173913043478,21.875,0.29187381361294407,0.15489782212414852,1.0911726804123711,1.0602448453608246,0.03548498446668968,0.14626288659793815,25.955882375268818,-0.7240325083627617,-0.7240325083627617,3.1808888959314774,5.980543972499225,49.26320532448979,34.30049109626998,0.41350858677923824,1.4198649316422336,0.5867537948403785,0.5691576183379462,3.433701202437819,13.538784067085954,0.18137886597938144,0.1743573861876742,0.6962699822380106,1.1,0.0,0.9383333333333334,0.06531322505800465,3.2923976608187133,1.928082191780822,0.6505376344086021,0.006265801572483285,0.6265801572483285,5.9024731132021735,0.33999999970752687,15.756989233757428,0.8298924724043936,11.627634398599884,-8.202043003697167,11.09752687217417,1.029139784060955,0.3125806448924037,0.7165591391685513,0.643598615916955,0.664367816091954,3.1808888959314774,0.4463736326843465,0.356401384083045,36.012026850851896,0.22118279550865996,Industrials
2006-06-30,WM,2006,Q2,USD,0.35513196480938414,0.1656891495601173,0.2668621700879765,0.1656891495601173,0.13108504398826978,0.12228739002932551,0.12228739002932551,0.12228739002932551,1.7514124293785311,3.5698051948051948,22.670103092783506,0.31019739834440097,0.1628851206114163,1.1038520801232665,1.073959938366718,0.05283228177216945,0.175346687211094,11.649350658848922,0.09211114474438682,0.09211114474438682,3.1179584240949936,5.698274750428153,74.4487237508046,34.88530861572711,0.4107953188440411,1.37997432605905,0.5798274002157497,0.5538692819815305,3.3592747111681645,11.0,0.1716486902927581,0.16334310850439882,0.46858168761220825,1.0196987253765932,0.0,0.645422943221321,0.06476744186046511,1.8817567567567568,1.342168674698795,0.2853717026378897,0.006124197626867715,0.6124197626867716,6.296642680717365,0.7699999993721822,15.88009591031359,1.0506714619730737,12.024556345111872,1.9794724204483918,11.507529966636547,1.0285131886098453,0.5465707429596306,0.48194244565021477,0.9328859060402684,0.7911504424778761,3.1179584240949936,0.4425890721938012,0.06711409395973154,30.178150438417585,0.21973621085201364,Industrials
2006-09-30,WM,2006,Q3,USD,0.36617262423714037,0.16187154896832318,0.26068003487358327,0.16187154896832318,0.12002324905550713,0.08718395815170009,0.08718395815170009,0.08718395815170009,1.7529291900152828,3.6049586776859504,22.255102040816325,0.3132453345471097,0.16449161049763372,1.072066706372841,1.0428826682549137,0.04422638380208693,0.2221560452650387,16.375000008733334,-0.600416666986889,-0.600416666986889,3.1899350666363633,5.710549261981982,50.644329923917525,26.37583894024161,0.4131172618193986,1.402922077922078,0.5838400216187002,0.5581061692969871,3.3959415584415584,11.8860103626943,0.22185824895771292,0.21650682941005522,0.5208053691275167,0.9095127610208816,0.0,0.8642691415313225,0.08620689655172414,2.0868347338935576,1.568421052631579,0.3933333333333333,0.006005089055321459,0.6005089055321459,6.423199996574294,0.5599999997013333,16.13173332472974,1.3925333325906488,12.036266660247325,1.883466665662151,11.498666660534045,1.3906666659249778,0.6663999996445866,0.7242666662803912,0.7263922518159807,0.7414721723518851,3.1899350666363633,0.439796437424475,0.2736077481840194,30.709030112017835,0.2202666665491911,Industrials
2006-12-31,WM,2006,Q4,USD,0.3582089552238806,0.16326530612244897,0.2610417301248858,0.14377094121230583,0.09899482180932075,0.07493146512336278,0.07493146512336278,0.07493146512336278,1.9896969696969697,3.04040404040404,20.861386138613863,0.2936756418284283,0.15936893203883495,0.9736842105263158,0.9427784577723378,0.04020421186981493,0.18788249694002448,19.648735873333333,-1.2225880098962956,-1.2225880098962956,3.107418209476053,5.889234267243375,113.73150646682353,28.64349051757037,0.40373786407766993,1.3367084538733527,0.5720475961207786,0.5464022745498287,3.310832529733205,42.08974358974359,0.2065483476132191,0.20560462991166617,0.2518518518518518,0.9464720194647201,0.0,0.8211678832116789,0.08115907178069015,1.3366336633663367,1.0834670947030498,0.4796747967479675,0.006103125410207273,0.6103125410207273,6.243596082519443,0.46784180210167015,15.817236862112157,1.1677027093106727,12.355968244937198,2.061546802756953,11.83297436047395,1.2837122618643388,0.9604069514688757,0.3233053103954631,0.7569230769230769,0.6885593220338984,3.107418209476053,0.43016689861604995,0.24307692307692308,31.548840255962663,0.22441192133332144,Industrials
2007-03-31,WM,2007,Q1,USD,0.3619824341279799,0.1537013801756587,0.25094102885821834,0.15087829360100377,0.10382685069008783,0.06963613550815559,0.06963613550815559,0.06963613550815559,1.799097065462754,3.691470054446461,20.138613861386137,0.288167766428636,0.15905802524572168,0.9311387302653679,0.8972119583473295,0.03805164151348259,0.15821296607322807,20.48214287375,-1.9253214301325012,-1.9253214301325012,3.146737521088235,5.705189106615433,68.37647696199248,33.806957010947954,0.4102679239634785,1.4226643598615918,0.5872313075769477,0.5635759589247962,3.4676470588235295,-21.9106529209622,0.180718844474303,0.16875784190715182,0.4944237918215613,0.9104084321475626,0.0,0.7088274044795784,0.06542624346345616,1.9779411764705883,1.3517587939698492,0.5675675675675675,0.006927590182653259,0.6927590182653259,6.031351346461067,0.41999999965945944,15.55702701441322,0.8910810803585829,11.468648639349745,1.2278378368422938,10.93513512626881,1.0178378370125638,0.5145945941773558,0.5032432428352082,0.6706948640483383,0.6881496881496881,3.146737521088235,0.45210773072982335,0.3293051359516616,32.4251785898625,0.2383783781850986,Industrials
2007-06-30,WM,2007,Q2,USD,0.3770101250744491,0.18880285884455034,0.28469326980345444,0.18850506253722454,0.1429422275163788,0.10065515187611673,0.10065515187611673,0.10065515187611673,1.8420186505759737,3.7158081705150976,20.50980392156863,0.3026315789473684,0.1663694015061435,1.063173541434411,1.0252694165737644,0.04772234273318872,0.21181716833890746,15.019230769230768,0.2742642140468227,0.2742642140468227,3.3453047775947278,6.047051816557475,61.90853658536585,37.81378026070763,0.40869005152596116,1.3589785831960461,0.5760877156225993,0.5599216994127456,3.3252059308072486,-191.88571428571427,0.1995540691192865,0.15991661703394877,0.6108007448789572,1.5475285171102662,0.0,1.020912547528517,0.06509879985452782,2.569377990430622,1.6077844311377245,0.3698224852071006,0.006155816014970945,0.6155816014970945,6.457692307692308,0.65,15.863461538461538,1.0961538461538463,12.21923076923077,1.6865384615384615,11.673076923076923,1.0326923076923078,0.40192307692307694,0.6307692307692307,0.7041666666666667,0.7582938388625592,3.3453047775947278,0.40623461045996256,0.29583333333333334,29.273012552301257,0.2403846153846154,Industrials
2007-09-30,WM,2007,Q3,USD,0.3702615339406406,0.16602997355274757,0.26329709080223335,0.16602997355274757,0.12812224507787245,0.08169262415515721,0.08169262415515721,0.08169262415515721,1.795778364116095,3.7334494773519165,20.60576923076923,0.3048736785522308,0.16784217016029593,1.044160583941606,1.006204379562044,0.043369890329012964,0.19598540145985402,17.727103417266186,-1.0475106564748202,-1.0475106564748202,3.3230847943358057,5.7926943873053185,37.12342561205273,25.567495460440988,0.40828606658446365,1.3954821308159138,0.5825475017593245,0.5679219171097677,3.417902899527984,23.388316151202748,0.2813868613138686,0.2265647957684396,0.688715953307393,1.5343035343035343,0.0,1.6029106029106028,0.09313843923653056,3.2125,2.12396694214876,0.44244604316546765,0.006239683279764215,0.6239683279764214,6.596239581314208,0.5388641209536732,16.045745299476643,1.0408993991083544,12.081798798216708,1.3665439038573366,11.498352393874782,1.4944756735801512,0.46520643535568906,1.0292692382244621,0.6376146788990825,0.7716814159292036,3.3230847943358057,0.41993575764136726,0.3623853211009174,30.64011049107143,0.23841829811979065,Industrials
2007-12-31,WM,2007,Q4,USD,0.36536745016364175,0.15352573638797976,0.24159476346325498,0.17108003570365962,0.13567390657542397,0.0919369235346623,0.0919369235346623,0.0919369235346623,2.0077658303464756,3.2515243902439024,20.70873786407767,0.29609726015329046,0.1665923172242875,0.9545804464973057,0.9149345650500385,0.042990122930434166,0.13394919168591224,13.110291262135924,0.884944660194175,0.884944660194175,2.7977071823204422,4.821279381136566,157.32349514563106,27.32600337268128,0.41323420074349443,1.4393991712707181,0.590062991011395,0.5802898550724638,3.483252762430939,2240.6666666666665,0.22825250192455734,0.17643558464742637,0.1736930860033727,2.021276595744681,0.0,1.8024316109422491,0.07112870337051697,1.2102040816326531,0.9705400981996727,0.39158576051779936,0.007467144563918757,0.7467144563918757,6.776209677419355,0.6229838709677419,16.808467741935484,0.7016129032258065,12.30241935483871,1.153225806451613,11.67741935483871,1.1955645161290323,0.9879032258064516,0.20766129032258066,0.6776315789473685,0.7930434782608695,2.7977071823204422,0.5144924316478569,0.3223684210526316,29.79472906403941,0.2439516129032258,Industrials
2008-03-31,WM,2008,Q1,USD,0.3594611145131659,0.15646050214329454,0.2473974280465401,0.15646050214329454,0.11788120024494794,0.0737905695039804,0.0737905695039804,0.0737905695039804,1.7984581497797356,3.9847619047619047,19.55140186915888,0.2891033017615296,0.16181133571145462,0.9888203546646106,0.9475713184271396,0.037712042618813967,0.17964533538936006,17.267385892116184,-0.8235214810086179,-0.8235214810086179,2.9666298342541437,5.096680955297,47.83264367816093,29.671586452762924,0.43197582243361077,1.5539119586526466,0.6084438241451501,0.5945809248554913,3.5972197469256817,-44.435374149659864,0.21626831148804934,0.17176974892835273,0.6203208556149733,1.3551020408163266,0.0,1.1448979591836734,0.06434224108269297,2.6338028169014085,1.6213872832369942,0.5518672199170125,0.00799002268445538,0.799002268445538,6.584677419354839,0.48588709677419356,17.578629032258064,0.9395161290322581,11.931451612903226,0.7701612903225806,11.3125,1.1310483870967742,0.42943548387096775,0.7016129032258065,0.625974025974026,0.7534246575342466,2.9666298342541437,0.5237970510208004,0.37402597402597404,30.815297029702972,0.26814516129032256,Industrials
2008-06-30,WM,2008,Q2,USD,0.3748925193465176,0.1820005732301519,0.27199770707939236,0.18114072800229292,0.14817999426769848,0.09486959014044138,0.09114359415305245,0.09114359415305245,1.8324579831932772,3.635,19.64864864864865,0.30876106194690267,0.1740149625935162,0.9341085271317829,0.8910852713178294,0.04534436047340653,0.08139534883720931,14.547403301886792,0.4455142261202828,0.4455142261202828,3.233886228591402,5.3036104901117795,62.3040303030303,32.46367894736842,0.41860349127182045,1.4667948269835722,0.5946156571023734,0.5817251461988304,3.5040195735756727,-35.06532663316583,0.22093023255813954,0.16337059329320722,0.5210526315789473,1.3888888888888888,6.019047619047619,1.3103448275862069,0.06791373763850828,2.087912087912088,1.322505800464037,0.4968553459119497,0.008538557287531648,0.8538557287531648,7.110250662319136,0.6480538006928878,17.31811697574893,0.42796005706134094,12.27633992255961,0.9211330751986957,11.660892602404727,1.1616058691664968,0.5563480741797432,0.6052577949867536,0.6150870406189555,0.8180379746835443,3.233886228591402,0.4535703247737539,0.3849129593810445,28.12149315068493,0.32198899531281844,Industrials
2008-09-30,WM,2008,Q3,USD,0.3699290780141844,0.17929078014184396,0.27177304964539006,0.17929078014184396,0.1449645390070922,0.08794326241134752,0.08794326241134752,0.08794326241134752,1.941079295154185,3.334834834834835,19.654867256637168,0.31219555398104687,0.17327827754018582,0.8626081170991351,0.825016633399867,0.04496924273492187,0.16766467065868262,12.463945161290322,-4.050782177419355,-4.050782177419355,2.621318181818182,4.38448,32.8836,20.045774319066147,0.41434400039325564,1.4296132971506106,0.5884118673647469,0.563550225775409,3.450305291723202,-12.0926243567753,0.2564870259481038,0.21872340425531914,0.6095979247730221,0.9276960784313726,0.0,0.9448529411764706,0.09146992525803772,2.5614617940199333,1.885085574572127,0.34838709677419355,0.006987897737551642,0.6987897737551643,7.1821515892420535,0.6316218418907905,17.17400162999185,1.0268948655256724,12.632436837815812,1.1409942950285248,12.013039934800325,1.5709046454767726,0.6132844335778321,0.9576202118989405,0.6066536203522505,0.8085443037974683,2.621318181818182,0.545379537313174,0.3933463796477495,24.405315240083507,0.2200488997555012,Industrials
2008-12-31,WM,2008,Q4,USD,0.3655083655083655,0.1402831402831403,0.23584298584298585,0.1476833976833977,0.11036036036036036,0.08333333333333333,0.07014157014157014,0.07014157014157014,2.124401913875598,2.7541899441340782,17.927272727272726,0.2725837572355727,0.15365600435062046,0.7691040843214756,0.7328722002635046,0.03667568722404216,0.15810276679841898,18.690655963302753,-0.6197428029937228,-0.6197428029937228,2.761479498475093,5.243967824967825,68.1935230125523,24.217313521545318,0.4116280219508578,1.4107082344967807,0.5851841439415237,0.559322033898305,3.4271433412402574,-5.579892280071813,0.22167325428194992,0.21653796653796653,0.3551263001485884,0.7281437125748503,0.0,0.8059880239520958,0.08083113139562816,1.5506912442396312,1.1890459363957597,0.6055045871559633,0.008099028043007312,0.8099028043007312,6.31964213094754,0.44326962179747864,16.92964619764132,0.9760065067100447,12.576250508336722,1.1488409922732818,12.000813338755592,1.368442456283042,0.8824725498169987,0.4859699064660431,0.6355685131195336,0.7472766884531591,2.761479498475093,0.5108523294399915,0.36443148688046645,32.938952251023196,0.2684017893452623,Industrials
2009-03-31,WM,2009,Q1,USD,0.3861209964412811,0.13380782918149467,0.23665480427046262,0.13238434163701068,0.09644128113879004,0.060498220640569395,0.05516014234875445,0.05516014234875445,1.9141689373297002,3.8248337028824833,16.74757281553398,0.25075852222023914,0.1377450980392157,1.045630317092034,1.005800464037123,0.031252199619905684,0.3662026295436968,20.306580645161294,-0.6872996526054593,-0.6872996526054593,2.0329533344098176,4.480455516014235,64.89731958762887,24.258342967244705,0.43083333333333335,1.419182948490231,0.5866372980910426,0.5665896843725943,3.2940416599386406,-9.639794168096055,0.20069605568445475,0.18469750889679715,0.3737957610789981,0.706766917293233,3.5428571428571427,0.7489177489177489,0.059051086585504606,1.596923076923077,1.0903361344537814,0.9741935483870968,0.011993569540463602,1.1993569540463602,5.71370475803172,0.31516876779178526,18.084587230581537,1.9255795038633592,12.592517283448556,1.1386742578283855,12.592517283448556,1.0553070353802358,0.6608377389182595,0.3944692964619764,0.5719557195571956,0.728494623655914,2.0329533344098176,0.6980892893452623,0.3726937269372694,30.724932330827066,0.30703538023586824,Industrials
2009-06-30,WM,2009,Q2,USD,0.39498644986449866,0.18191056910569106,0.2842140921409214,0.18089430894308944,0.14566395663956638,0.09044715447154472,0.0836720867208672,0.0836720867208672,1.8862619808306709,3.4412331406551058,17.50980392156863,0.26212040490143845,0.14651578320428826,1.0814317673378075,1.0357941834451903,0.03983745736884116,0.23624161073825503,14.034396761133603,0.2289822629448114,0.2289822629448114,2.285099538562953,4.6971490514905145,47.81373793103448,25.302890510948906,0.40912249354774666,1.3584377059986816,0.5759904968206275,0.5686358143171962,3.3203691496374423,19.68,0.24519015659955257,0.1856368563685637,0.5291970802919708,1.9259259259259258,4.990654205607477,2.2459016393442623,0.06648065024869586,2.124031007751938,1.3236714975845412,0.631578947368421,0.011250553873421462,1.125055387342146,5.995125913891146,0.5016246953696182,16.957757920389927,1.0722989439480097,12.930544272948822,1.350528025995126,12.323314378554022,1.1129163281884646,0.5239642567018684,0.5889520714865962,0.5744186046511628,0.8052434456928839,2.285099538562953,0.5944763819141865,0.37906976744186044,25.72226936829559,0.31681559707554835,Industrials
2009-09-30,WM,2009,Q3,USD,0.386040357260999,0.17499173006946742,0.2745616936817731,0.17366854118425407,0.14058881905391996,0.09659278862057559,0.09163083030102546,0.09163083030102546,1.8741475511469312,3.3501805054151625,17.50943396226415,0.2662028883409651,0.14824440957238133,0.8948306595365418,0.8570409982174688,0.04166967053564992,0.21818181818181817,13.246754512635379,1.1038962093862805,1.1038962093862805,2.3612297297297298,4.855244459146543,43.813146268656716,25.52592,0.4043742644174186,1.3265765765765767,0.5701839303000968,0.5469387755102041,3.2805662805662807,-53.50442477876106,0.20499108734402852,0.1902084022494211,0.5826086956521739,0.8238770685579196,5.048076923076923,0.7749326145552561,0.06973077855930147,2.3958333333333335,1.452020202020202,0.5631768953068592,0.01062858254770394,1.062858254770394,6.141812271434376,0.5627793579845591,16.964648516863065,1.2433969930922388,13.248679398618448,1.5034538805363673,12.629012596505486,1.1682242990654206,0.48760666395774077,0.6806176351076798,0.6517647058823529,0.8095238095238095,2.3612297297297298,0.561815972361325,0.3129411764705882,26.881209638554218,0.3169443315725315,Industrials
2009-12-31,WM,2009,Q4,USD,0.37658017298735863,0.1520292747837658,0.24318030605455754,0.15169660678642716,0.11543579507651364,0.11011310711909514,0.10479041916167664,0.10479041916167664,2.1349431818181817,3.305114638447972,17.036363636363635,0.2604626982063946,0.14210078472156565,1.0375732506032402,0.9996552912788693,0.04044496326306393,0.3929679420889349,13.030266666666668,0.8107721481481489,0.8107721481481489,2.612273031026253,5.461788423153693,45.104769230769236,22.80296666666667,0.4194478585610287,1.4117740652346857,0.5853674627259533,0.5638142827399542,3.3657915672235483,-32.32258064516129,0.2481902792140641,0.23952095808383234,0.5055555555555555,0.8323632130384168,4.1454545454545455,0.9612817089452603,0.08114504677110335,2.0224719101123596,1.40625,0.49523809523809526,0.009501687645905723,0.9501687645905722,6.190280065897858,0.6486820428336079,18.498764415156508,2.3476112026359144,13.572899505766063,1.4847611202635915,12.942751235584844,1.4827018121911038,0.7331136738056013,0.7495881383855024,0.9077809798270894,0.7609649122807017,2.612273031026253,0.5404389389879581,0.04610951008645533,33.03848974008208,0.3212520593080725,Industrials
2010-03-31,WM,2010,Q1,USD,0.35911413969335604,0.14105621805792162,0.2402044293015332,0.1403747870528109,0.10289608177172062,0.06541737649063033,0.06201022146507666,0.06201022146507666,1.9658405894172806,3.762,17.57943925233645,0.2548849326964828,0.13979518933079305,1.0183520599250937,0.9782771535580524,0.03272450532724505,0.3262172284644195,22.965945054945056,-0.5331380102040816,-0.5331380102040816,2.682369324562811,5.6964933560477,69.3743070539419,33.70808064516129,0.4202429149797571,1.4155302422589444,0.5860122210414452,0.5678729894620078,3.3683619444890103,37.151898734177216,0.18576779026217227,0.16899488926746167,0.48588709677419356,0.7997311827956989,3.6785714285714284,0.7848101265822784,0.056216706335713476,1.9450980392156862,1.2156862745098038,0.8406593406593407,0.009151151178931442,0.9151151178931443,6.044069192751236,0.3747940691927512,18.3999176276771,1.793657331136738,13.46993410214168,1.278830313014827,12.835667215815485,1.0214168039538716,0.5251235584843492,0.49629324546952225,0.6026490066225165,0.7330097087378641,2.682369324562811,0.5277163846517132,0.36423841059602646,34.994621276595744,0.31507413509060955,Industrials
2010-06-30,WM,2010,Q2,USD,0.36795440151994935,0.18366054464851173,0.28150728309056366,0.18556048131728942,0.14692843571880937,0.08169727675744141,0.077897403419886,0.077897403419886,1.9244363193174894,3.6758747697974217,18.145454545454545,0.272829373650108,0.14513534629348776,1.1042687193841847,1.065780265920224,0.036153996482313856,0.4090272918124563,15.330192073170732,0.405155076219512,0.405155076219512,2.4733413674372846,4.776728625712476,58.01888076923077,31.426893749999998,0.4405073762581001,1.5715691096901132,0.6111323641928079,0.5913841618652017,3.5676340383669456,18.201729106628243,0.16794961511546536,0.1519949335022166,0.5416666666666666,0.7814645308924485,5.051724137931035,0.633245382585752,0.050078247261345854,2.1818181818181817,1.218274111675127,0.7073170731707317,0.011534706639595904,1.1534706639595904,6.550508193320888,0.5102675793403858,20.12238124870359,2.424808131093134,13.29184816428127,1.0060153495125492,12.650902302426882,0.9956440572495333,0.45633685957270276,0.5393071976768306,0.5301724137931034,0.7918088737201365,2.4733413674372846,0.6354032364398088,0.44396551724137934,26.43521822272216,0.3609209707529558,Industrials
2010-09-30,WM,2010,Q3,USD,0.37990726429675425,0.16599690880989182,0.26398763523956725,0.16816074188562596,0.12704791344667696,0.07975270479134466,0.07542503863987635,0.07542503863987635,1.913069189828504,3.5757575757575757,0.0,0.27801650051564114,0.15160035615539622,1.1116399826914756,1.1116399826914756,0.0376510067114094,0.23799221116399827,17.478178278688528,0.0,0.0,2.7928457760314345,5.273169088098918,41.105306024096386,25.19749187592319,0.4198416045737851,1.4667648984937787,0.5946107387004712,0.5902321212934389,3.493614931237721,11.636690647482014,0.2929467762873215,0.20927357032457497,0.6129985228951256,2.442508710801394,4.317460317460317,4.204968944099379,0.0755664694720393,2.5839694656488548,1.6157517899761336,0.6434426229508197,0.009203513842964136,0.9203513842964136,6.7777079404986385,0.5112088833019065,19.034150429499267,1.152315105803478,13.490467211397444,0.9155667295202179,12.796983029541169,1.418395139325372,0.5489210140372931,0.8694741252880788,0.5936739659367397,0.7555147058823529,2.7928457760314345,0.525186500121756,0.3722627737226277,29.821665105386415,0.32893358474753825,Industrials
2010-12-31,WM,2010,Q4,USD,0.39096328835895827,0.17979290869155945,0.26670850329463447,0.18010668340131786,0.14245371823031064,0.09224976466896768,0.08817069344210857,0.08817069344210857,2.1105960264900663,2.804913294797688,14.930769230769231,0.26853724300640375,0.148398211957534,0.9987927565392354,0.9464788732394366,0.03748740342626806,0.21690140845070421,15.604145017793591,0.9947642448843421,0.9947642448843421,2.8017666134185304,5.5033131471603385,68.78062352941177,28.197844051446943,0.41474203762339357,1.4228434504792333,0.5872618184215731,0.5808222847194322,3.430670926517572,24.99607843137255,0.25030181086519115,0.19516786946972073,0.409967845659164,1.9602272727272727,4.823529411764706,2.6695278969957084,0.06983271584147299,1.6948228882833787,1.169172932330827,0.5871886120996441,0.009407574260397893,0.9407574260397892,6.699600588606264,0.5907084296825731,18.9741433676687,1.133067059070843,13.855371032163127,1.1982341812066428,13.1595543409712,1.3075467731763717,0.771494639478663,0.5360521336977087,0.6189427312775331,0.7909407665505227,2.8017666134185304,0.5078379632567517,0.3524229074889868,30.478892941176472,0.3468572629808703,Industrials
2011-03-31,WM,2011,Q1,USD,0.35707379954882373,0.13760876571060265,0.2339671285852401,0.13760876571060265,0.0986142442797293,0.06316467934257171,0.05994199162101192,0.05994199162101192,1.9878283151825753,3.6538461538461537,15.346153846153847,0.2617460986925348,0.1433388765705839,1.0782903089293272,1.0232754972492595,0.03229888119339371,0.2860770207363521,23.874513440860216,-0.7042981465053765,-0.7042981465053765,2.8203617021276597,5.7243435385111185,62.5445,29.60439666666667,0.4234571322985957,1.4555414417275325,0.5927578402845134,0.5851119894598156,3.437281676722769,34.0989010989011,0.25391451544646637,0.19336126329358685,0.47333333333333333,1.5172413793103448,3.5289256198347108,2.1052631578947367,0.06545216537580452,1.8987341772151898,1.2371134020618557,0.9086021505376344,0.009514352541553793,0.9514352541553793,6.5230187092705485,0.39100273281479925,19.524910657977717,1.4210636956064746,13.941559806600798,1.1414757199915913,13.23943661971831,1.2612991381122556,0.6642842127391213,0.5970149253731343,0.6078431372549019,0.7166276346604216,2.8203617021276597,0.5160832529492523,0.35947712418300654,36.16203581267218,0.35526592390161865,Industrials
2011-06-30,WM,2011,Q2,USD,0.3606214520466089,0.14938751120406335,0.24469674335225575,0.1511801613385121,0.11383328353749626,0.07469375560203168,0.07080968031072603,0.07080968031072603,1.9538820782253357,3.7152777777777777,15.620437956204379,0.28081214867019044,0.15507575406569984,1.0344226579520697,0.9747276688453159,0.037165775401069516,0.1616557734204793,18.642862869198314,0.6609742289988496,0.6609742289988496,2.8093202988396127,5.2803806393785475,89.25976767676768,36.973711297071134,0.4187091692535792,1.4364965824193292,0.5895746346555324,0.5842035690680767,3.4307741217612464,25.356060606060606,0.20827886710239651,0.14281446071108456,0.41422594142259417,2.170347003154574,4.2521008403361344,2.414141414141414,0.052893659400243445,1.707142857142857,1.0482456140350878,0.7426160337552743,0.009958449501098653,0.9958449501098654,7.05820328975116,0.49978911851539437,19.30830873049346,0.7823703078869675,13.966680725432306,1.0965837199493884,13.266554196541543,1.0080134964150147,0.5904681568958245,0.4175453395191902,0.6220472440944882,0.7529644268774703,2.8093202988396127,0.5113324326217531,0.3438320209973753,32.160481074481076,0.37115141290594683,Industrials
2011-09-30,WM,2011,Q3,USD,0.3580352072685974,0.15303804656445202,0.24304372515616127,0.15417376490630325,0.119534355479841,0.08091993185689948,0.07722884724588303,0.07722884724588303,1.9577543079488604,3.344674556213018,15.922535211267606,0.2956930568382168,0.15971340467984763,0.9572615749901069,0.9010684606252474,0.037356504090822605,0.11159477641472101,14.01456617647059,0.8759103860294123,0.8759103860294123,2.5635252185608612,4.329315161839864,44.06892485549133,23.137857359635813,0.4359241792127698,1.6161735036987224,0.6177623546044598,0.6121544079290558,3.707464694014795,-242.89655172413794,0.26078353779184804,0.18710959681998865,0.5250379362670713,2.0991253644314867,4.601694915254237,2.928888888888889,0.06855300114428378,2.1054313099041533,1.4677060133630289,0.5,0.008919291430502192,0.8919291430502193,7.5208199871877,0.5808242579543028,20.779414904975443,0.6021780909673287,13.42088404868674,-0.4612427930813581,12.701259876147768,1.4072175955584028,0.6683749733077088,0.738842622250694,0.6460807600950119,0.7753222836095764,2.5635252185608612,0.6304496214810116,0.32304038004750596,28.713607476635513,0.2904121289771514,Industrials
2011-12-31,WM,2011,Q4,USD,0.3702290076335878,0.1570757486788021,0.2433940105695831,0.1620669406928949,0.12096300645918967,0.08162066940692896,0.07809747504403992,0.07809747504403992,2.088289393010423,2.559665871121718,14.019607843137255,0.27822251266132986,0.15091497186406133,0.7754237288135594,0.7255541069100391,0.03461276963965634,0.08409387222946545,14.206100563909775,0.0,0.0,2.490163261943987,4.437842337052261,47.68230599369085,20.649304644808744,0.43227435863352387,1.6072487644151565,0.616453936560091,0.6005264889766371,3.7181219110378914,-8.547051442910917,0.23859191655801826,0.21491485613623018,0.43306010928961747,0.9217506631299734,4.487804878048781,1.1600633914421552,0.07503075030750307,1.763855421686747,1.22,0.6954887218045113,0.012239261553085547,1.2239261553085548,7.370698982904133,0.575632979874486,21.37848950443627,0.5583207098030729,13.828175719541225,-0.6102575200173123,13.135684916684701,1.5840727115342998,0.8980740099545553,0.6859987015797446,0.6456310679611651,0.7463768115942029,2.490163261943987,0.6454391119562303,0.32524271844660196,29.690338962605548,0.40034624540142827,Industrials
2012-03-31,WM,2012,Q1,USD,0.3426403641881639,0.11957511380880122,0.2157814871016692,0.12169954476479515,0.08254931714719271,0.05553869499241275,0.05189681335356601,0.05189681335356601,1.9156976744186047,3.27190332326284,14.156862745098039,0.2679079599967477,0.14621699578433547,0.749917952084017,0.6997046275024614,0.03039740874548399,0.06202822448309813,23.618444444444446,-0.6523189417989419,-0.6523189417989419,2.6229933430751746,4.902888012139606,168.28141666666667,34.01056,0.43705347237630354,1.5991232342912811,0.6152548725637181,0.5934116715077898,3.658873193700276,-4.541695382494831,0.15589104036757467,0.1441578148710167,0.20210526315789473,0.6334012219959266,3.2868852459016393,0.5523255813953488,0.048228246522489596,1.2532981530343008,0.8747697974217311,0.9590643274853801,0.010151645779861808,1.0151645779861809,7.130491235663277,0.3700497727764553,21.57758061025752,0.4090023804371348,14.02510279160355,-0.43929885306210775,13.328283921229172,1.0279160354901538,0.8201687946331963,0.20774724085695737,0.6286764705882353,0.6783042394014963,2.6229933430751746,0.6096558493040181,0.3272058823529412,36.30803938115331,0.3549015364639688,Industrials
2012-06-30,WM,2012,Q2,USD,0.34663197455912115,0.1315409077768141,0.2249204972535415,0.13472101763515468,0.09655969933506794,0.06331309627059845,0.06013298641225788,0.06013298641225788,1.8891316220644456,3.138888888888889,15.374149659863946,0.27985436893203886,0.15243929311180646,0.7700031377470976,0.7238782554126137,0.03276968649716119,0.07436460621273926,18.60283653846154,0.8603811899038462,0.8603811899038462,2.509332036316472,4.474576467187048,48.671572327044025,23.13536621823617,0.43303512405799655,1.5930609597924772,0.6143553832687257,0.5926292847235982,3.6788261997405964,-4.62742474916388,0.20991528082836525,0.19340849956634865,0.47533632286995514,0.6806981519507187,3.8512396694214877,0.7842907385697538,0.06808467331569305,1.9059829059829059,1.2965116279069768,0.7932692307692307,0.010660595080878382,1.0660595080878383,7.464393612429866,0.44885627967198966,21.46525679758308,0.5114372032801036,13.998705222270177,-0.35822183858437634,13.310315062580923,1.4436771687526975,0.7574449719464825,0.686232196806215,0.6227544910179641,0.7167381974248928,2.509332036316472,0.6348545894830968,0.344311377245509,32.21922879177378,0.35606387570133796,Industrials
2012-09-30,WM,2012,Q3,USD,0.35596648367523837,0.1360878358855822,0.25483964172204565,0.1444669170759896,0.10054897428488876,0.06443224501589136,0.06183184050852355,0.06183184050852355,1.8527837259100643,2.832274459974587,14.380645161290323,0.27648186611279757,0.15000216703506264,0.8343269532475682,0.7856918732350172,0.03310855962578215,0.1248823344838406,17.148928738317757,7.717017932243018,7.717017932243018,2.3345233778625953,4.241399306558798,85.34583139534884,25.57401219512195,0.4330602869154423,1.589058524173028,0.6137592137592137,0.5931150511194513,3.6693702290076335,-5.4892942109436955,0.18010668340131786,0.16584802080323605,0.29965156794425085,0.79768177028451,4.065040650406504,0.6949152542372882,0.05744595676541233,1.427860696517413,1.0141342756183747,0.7663551401869159,0.01117205558261146,1.117205558261146,7.457444516268046,0.46110751993104937,21.794871794871796,0.8575737987502693,14.246929541047187,-0.11204481792717087,13.548804137039431,1.2368024132730016,0.8661926308985133,0.3706097823744883,0.6149425287356322,0.696,2.3345233778625953,0.6806779230576445,0.35919540229885055,27.520955782312924,0.35337211807800045,Industrials
2012-12-31,WM,2012,Q4,USD,0.3523587652882935,0.13715783343040186,0.24024461269656378,0.14094350611531742,0.10163075131042516,0.06843331391962726,0.06523005241700641,0.06523005241700641,1.976971790443293,2.6413301662707838,12.781609195402298,0.2714409928068927,0.1486773174005282,0.7980895915678524,0.7407773386034255,0.033491657532578246,0.06389986824769434,17.536515625,4.033398593750003,4.033398593750003,2.4728860560276993,4.575631333721607,78.95838190954774,27.231746967071057,0.4293198250855089,1.560591753226314,0.6094652735095267,0.5907773555741611,3.6350330500472143,-6.019281332164768,0.19005270092226614,0.16802562609202096,0.34488734835355284,0.8219653179190751,3.9672131147540983,0.7765814266487214,0.058188785800726096,1.5264550264550265,1.0626151012891345,0.7366071428571429,0.010501047622696467,1.0501047622696469,7.373845823491518,0.4809963495812755,21.55464891561091,0.4165771956194975,14.333261756495599,-0.02791496671677045,13.643976809104574,1.2389950611981964,0.8116813399184024,0.42731372127979383,0.6418338108882522,0.7210743801652892,2.4728860560276993,0.6310811407676253,0.32664756446991405,30.829961212121212,0.3543053467897788,Industrials
2013-03-31,WM,2013,Q1,USD,0.3378297362110312,0.11480815347721822,0.21163069544364507,0.12050359712230216,0.07853717026378897,0.05275779376498801,0.050359712230215826,0.050359712230215826,1.8752107925801011,3.277448071216617,12.480225988700566,0.2666240409207161,0.14407255452386095,0.783249686323714,0.7277289836888331,0.029867996836790558,0.09629861982434128,26.777749999999997,-1.07111,-1.07111,2.813862079749805,5.394079136690648,57.86060450160772,31.186564991334485,0.43226085078816673,1.5651290070367474,0.6101560594976835,0.5858160621761658,3.620797498045348,-5.116564417177914,0.18099121706398996,0.17296163069544365,0.5389948006932409,0.570902394106814,3.2950819672131146,0.5985477178423236,0.05764811669497452,2.169172932330827,1.323394495412844,1.0119047619047619,0.009447253427796976,0.9447253427796976,7.16340992054971,0.36074726218595665,21.75434829289242,0.6592226755421945,14.421301266910028,-0.22976164913034142,13.732016319519003,1.2389950611981964,0.5711831651277647,0.6678118960704316,0.6412213740458015,0.6517412935323383,2.813862079749805,0.5562209385812937,0.3282442748091603,39.230379603399435,0.36504187245007513,Industrials
2013-06-30,WM,2013,Q2,USD,0.34458309699376066,0.14293817356778218,0.24305161656267726,0.14463981849120816,0.10862166761202496,0.07260351673284175,0.06920022688598979,0.06920022688598979,1.9028602266594712,3.3204022988505746,13.514619883040936,0.2827812976180929,0.15322440465843906,0.7954996690933157,0.7389146260754468,0.036000988020254414,0.050959629384513566,19.502225409836065,0.43880007172131125,0.43880007172131125,2.9242851436472574,5.398233692569484,61.40055483870968,34.92508623853211,0.4245610985572745,1.5009986172991243,0.600159714970207,0.5801457782364704,3.5354125057612538,-5.387318563789152,0.18034414295168763,0.15456608054452636,0.5688073394495413,0.8129175946547884,4.180327868852459,0.7023195876288659,0.05578300921187308,2.3191489361702127,1.3423645320197044,0.7008196721311475,0.008983842323164886,0.8983842323164886,7.5357982474887795,0.5214789484932678,21.141269502030347,0.3291301560162428,14.571489634537294,0.03419534088480444,13.911092113699508,1.1647787988886513,0.5022440692455653,0.6625347296430861,0.6370757180156658,0.7509803921568627,2.9242851436472574,0.513287365481409,0.33159268929503916,33.430772462077016,0.36546270570634753,Industrials
2013-09-30,WM,2013,Q3,USD,0.35791217895608946,0.1576912455122894,0.26152996409831536,0.15934824634078984,0.12482739574703121,0.0820215410107705,0.08036454018227009,0.08036454018227009,1.946774193548387,3.0471821756225426,13.061797752808989,0.2869027810791538,0.15334773218142547,0.8445143256464012,0.7823200559049616,0.038257621400168695,0.05485674353598882,16.627089347079036,0.8646086460481098,0.8646086460481098,2.885201550387597,5.344913559790113,46.86182082324455,26.296103260869565,0.4259941557616567,1.4995527728085867,0.5999284308463052,0.5859003642200136,3.520125223613596,-6.812793979303857,0.25716282320055905,0.2032587682960508,0.561141304347826,1.1528384279475983,4.848739495798319,1.295774647887324,0.07316830698876628,2.278637770897833,1.4898785425101215,0.5876288659793815,0.008835413909690289,0.8835413909690288,7.715746857021095,0.620072448327296,21.68761985936501,0.33454080545493287,14.947794587683784,-0.31323247389729386,14.293628808864266,1.5682932026422332,0.6882591093117408,0.8800340933304922,0.6438053097345132,0.7833622183708839,2.885201550387597,0.519739348055992,0.34292035398230086,30.89327560718057,0.3643724696356275,Industrials
2013-12-31,WM,2013,Q4,USD,0.3522857142857143,-0.13857142857142857,-0.045142857142857144,-0.11714285714285715,-0.1722857142857143,-0.17114285714285715,-0.17285714285714285,-0.17285714285714285,2.0600353148911124,3.047043010752688,12.735955056179776,0.28353856124432925,0.1548467017652524,0.8291307232913072,0.7700729927007299,-0.016745979157882056,0.019243530192435302,-8.625423140495867,0.02785292889118457,0.02785292889118457,3.6575300508147883,5.963864,139.15682666666666,34.96402680067002,0.45241782064327746,1.7918345891011038,0.6418125902215528,0.6247123035444203,3.9605747327843,-7.291666666666667,0.19807564698075647,0.17057142857142857,0.25125628140703515,-0.18246445497630331,-3.4745762711864407,0.8223140495867769,0.058380598474476825,1.3355704697986577,0.9660194174757282,-0.28264462809917357,0.008192196008685452,0.8192196008685453,7.523645743766122,-1.3005159071367154,22.23559759243336,0.5051590713671539,12.901977644024075,-1.2833190025795356,12.267841788478075,1.2833190025795356,0.9608770421324162,0.32244196044711954,1.0033167495854063,1.4707317073170731,3.6575300508147883,0.48990290283518967,0.006633499170812604,-196.4653417721519,0.36758383490971624,Industrials
2014-03-31,WM,2014,Q1,USD,0.34275618374558303,0.13457008244994112,0.23233215547703182,0.13810365135453476,0.0989399293286219,0.06978798586572438,0.06713780918727916,0.06713780918727916,1.9394631639063393,3.3665158371040724,12.827586206896552,0.2790468364831553,0.15132341146065412,0.7551385165326184,0.7033065236818588,0.03322562945802597,0.10098302055406613,21.459390350877193,-0.15585032098402432,-0.15585032098402432,3.4113585497646857,5.762945818610129,61.54391194968554,33.511924657534244,0.4542375902325996,1.776886874673174,0.6398845019145063,0.6101257220523275,3.911800592644239,-5.080029917726253,0.17396484956806674,0.17196702002355713,0.5445205479452054,0.515695067264574,3.8442622950819674,0.48026315789473684,0.05728860113792427,2.1954887218045114,1.3272727272727274,0.7631578947368421,0.008890721989984755,0.8890721989984754,7.300085984522786,0.4901117798796217,22.175408426483234,0.7287188306104901,12.981513327601032,-1.1435941530524505,12.332330180567498,1.2553740326741187,0.5717970765262252,0.6835769561478934,0.6785714285714286,0.7164179104477612,3.4113585497646857,0.520873677964969,0.29464285714285715,37.2952648922687,0.37403267411865865,Industrials
2014-06-30,WM,2014,Q2,USD,0.35383319292333615,0.14518393709632127,0.2547037349059253,0.14939623701207527,0.11288963774220724,0.062342038753159225,0.05897219882055602,0.05897219882055602,1.981636060100167,3.3251445086705202,13.86144578313253,0.2959853711245948,0.160557283917219,0.790268456375839,0.7345637583892617,0.03424401197604791,0.045973154362416106,24.809175,-3.0391239375000008,-3.0391239375000008,3.5605171706817016,5.852206402695872,60.05679250720461,37.54902162162162,0.44172415347851574,1.6738424739449855,0.6260063897763578,0.606229817007535,3.7893388006150692,-4.921907394609537,0.18624161073825504,0.15585509688289806,0.6252252252252253,0.806881243063263,4.626086956521739,0.7061068702290076,0.056649994896396855,2.668269230769231,1.4490861618798956,0.8333333333333334,0.008397430923572965,0.8397430923572966,7.6432710882163555,0.4507405022537025,21.274951706374758,0.2940545181369393,13.193818415969092,-0.94440867138871,12.562781712813909,1.1912427559562138,0.446447735565572,0.7447950203906417,0.5223880597014925,0.7556390977443609,3.5605171706817016,0.47011217576139624,0.44776119402985076,33.62701984564498,0.37561708521141873,Industrials
2014-09-30,WM,2014,Q3,USD,0.3617434758467518,0.14714047751249307,0.25707940033314824,0.1515824541921155,0.11493614658523042,0.07801221543586896,0.07495835646862854,0.07495835646862854,2.102743724460012,3.228932584269663,21.68867924528302,0.33201216702000186,0.162171896807888,1.0863024544734758,1.0583267352863552,0.0361977278220933,0.04829770387965162,20.279466666666668,0.6518400000000001,0.6518400000000001,4.083114093959732,6.08046196557468,60.004997260273974,32.592000000000006,0.45761109360226915,1.8948545861297539,0.6545595054095827,0.6271634114130813,4.1407531692766595,-24.174496644295303,0.17735550277117973,0.18656302054414214,0.5431547619047619,0.6308671439936356,4.706896551724138,0.588957055214724,0.06611570247933884,2.188925081433225,1.4029227557411275,0.6370370370370371,0.007853227201533534,0.7853227201533535,7.816840277777778,0.5859375,22.30902777777778,0.3971354166666667,12.289496527777779,-1.23046875,11.640625,1.4583333333333333,0.6662326388888888,0.7921006944444444,0.6521739130434783,0.7582417582417582,4.083114093959732,0.4640709376534119,0.321256038647343,34.43069546436285,0.3732638888888889,Industrials
2014-12-31,WM,2014,Q4,USD,0.36863543788187375,0.2074483561245272,0.2967704393366308,0.21879546115798662,0.174279895257492,0.17398894384637764,0.1716613325574629,0.1716613325574629,2.165721487082546,2.9324324324324325,20.471698113207548,0.3225110256169654,0.16051746684102372,1.0447632711621233,1.0143472022955524,0.057785221928750886,0.3750358680057389,9.97043220338983,0.08403649999999996,0.08403649999999996,4.011288782816229,6.8461507128309576,156.86813333333333,45.25042307692308,0.4406407621894265,1.6084214115240367,0.6166263642899157,0.5872211667018506,3.6501875213092396,14.231884057971014,0.1492109038737446,0.15129473377945882,0.28846153846153844,0.845643153526971,6.539130434782609,0.47706422018348627,0.05511393746687864,1.4054054054054055,0.959409594095941,0.29152542372881357,0.007309748910124937,0.7309748910124937,7.4961832061068705,1.28680479825518,20.828789531079607,2.850599781897492,12.844056706652127,-0.6346782988004362,12.793893129770993,1.1341330425299891,0.806979280261723,0.3271537622682661,0.9849749582637729,0.7965425531914894,4.011288782816229,0.4009737265524929,0.001669449081803005,31.037470588235294,0.3751363140676118,Industrials
2015-03-31,WM,2015,Q1,USD,0.35986842105263156,0.1493421052631579,-0.010526315789473684,0.14473684210526316,-0.07302631578947369,-0.0430921052631579,-0.04243421052631579,-0.04243421052631579,1.5139442231075697,3.0694006309148265,17.853211009174313,0.28467084933046166,0.14692378328741965,1.1513418389793224,1.1033875934887813,0.010783275998941518,0.12186537615486141,-48.18692829457364,0.39593081210191083,0.39593081210191083,4.476855419517465,8.179097039473683,93.4753947368421,49.82856713426853,0.4449760765550239,1.6577241627655743,0.6237382291172685,0.6194065647913383,3.7254231184731723,12.16,0.21953365596128466,0.16414473684210526,0.533066132264529,0.21691176470588236,4.230769230769231,2.9702380952380953,0.05419789290757033,2.1416309012875536,1.2200488997555012,-1.3643410852713178,0.00707837754738642,0.7078377547386421,6.630316248636859,-0.2813522355507088,20.30752453653217,0.604143947655398,12.159214830970557,-1.840785169029444,12.113413304253,1.0883315158124318,0.5081788440567067,0.5801526717557252,0.581081081081081,-0.5045454545454545,4.476855419517465,0.3702876254476521,0.4099099099099099,-1056.07671875,0.38386041439476554,Industrials
2015-06-30,WM,2015,Q2,USD,0.34751131221719456,0.1460030165912519,0.25037707390648567,0.15143288084464554,0.11734539969834087,0.08235294117647059,0.08265460030165912,0.08265460030165912,1.6973886328725039,3.0594059405940595,21.205882352941178,0.3108298171589311,0.1610943726309651,1.030682276947921,0.9895034315704482,0.03928547887416782,0.1102139685102947,19.263161496350364,-0.06129187748838752,-0.06129187748838752,3.9198709617526926,6.368755656108597,40.60081730769231,25.87306985294118,0.44251141996306737,1.6906795395469736,0.6283466740270494,0.6232512590934527,3.8206461195692536,15.785714285714286,0.32943076301978197,0.24615384615384617,0.6372549019607843,2.4536082474226806,5.28421052631579,4.163265306122449,0.08961124533274764,2.7567567567567566,1.732484076433121,0.6386861313868614,0.008288957805652359,0.8288957805652359,7.277716794731065,0.601536772777168,20.199780461031832,0.5993413830954994,11.870472008781558,-2.1624588364434687,11.82436882546652,1.7914379802414928,0.6498353457738749,1.141602634467618,0.7043701799485861,0.7749003984063745,3.9198709617526926,0.4313099987329736,0.2982005141388175,36.078825301204816,0.38419319429198684,Industrials
2015-09-30,WM,2015,Q3,USD,0.37648809523809523,0.17589285714285716,0.27827380952380953,0.17886904761904762,0.14761904761904762,0.10029761904761905,0.09970238095238096,0.09970238095238096,1.6783216783216783,3.12220566318927,22.77173913043478,0.3152265690965381,0.1646897363003627,0.9823914823914824,0.9447174447174447,0.043908880818752064,0.046273546273546275,16.712370149253733,0.6684948059701493,0.6684948059701493,4.2778559694364855,6.665052380952381,69.54837267080745,34.08611263318112,0.4435839623566317,1.728748806112703,0.6335316765838291,0.6279317697228145,3.897230181470869,203.63636363636363,0.269041769041769,0.19553571428571428,0.4901065449010654,2.503225806451613,6.326315789473684,3.055813953488372,0.07259668508287292,1.9611940298507462,1.2958579881656804,0.5134328358208955,0.007680431190123894,0.7680431190123893,7.473309608540926,0.7451067615658363,20.340302491103202,0.2513345195729537,11.692615658362989,-2.5,11.643683274021353,1.4612989323843417,0.7451067615658363,0.7161921708185054,0.6754032258064516,0.8252911813643927,4.2778559694364855,0.4041157108757049,0.32056451612903225,33.50970695187166,0.38256227758007116,Industrials
2015-12-31,WM,2015,Q4,USD,0.37553912507701787,0.1503388786198398,0.24306839186691312,0.15465187923598275,0.12230437461491066,0.08410351201478743,0.08410351201478743,0.08410351201478743,2.095545513234345,2.811373092926491,22.032608695652176,0.3043600562587904,0.15896958714922377,0.9342629482071713,0.897609561752988,0.03813446718044114,0.015537848605577689,21.861173076923073,-1.171134271978022,-1.171134271978022,4.466305144995323,7.35440573012939,152.05350955414013,45.3847927756654,0.43983544737744257,1.6802619270346117,0.6269021359765461,0.6201946990691395,3.8202057998129093,-31.21153846153846,0.2095617529880478,0.16204559457794207,0.2984790874524715,1.933139534883721,5.516483516483516,2.0790513833992095,0.058568088186170805,1.4254742547425474,0.9722735674676525,0.63003663003663,0.007204972805207151,0.7204972805207152,7.256874580818243,0.6103286384976526,20.281690140845072,0.08718980549966465,11.998658618376929,-2.445785826067516,11.949474625530964,1.1759445562262463,0.8249496981891348,0.35099485803711156,0.6876574307304786,0.7908366533864541,4.466305144995323,0.3762084928114269,0.3123425692695214,41.5898618504436,0.38452939861390567,Industrials
2016-03-31,WM,2016,Q1,USD,0.37248110831234255,0.15459697732997482,0.25850125944584385,0.15994962216624686,0.12468513853904283,0.08060453400503778,0.08123425692695214,0.08123425692695214,1.5975855130784709,3.3722504230118444,21.66304347826087,0.2941830307521304,0.15283191376738367,0.89921875,0.86328125,0.03684312584836145,0.040625,25.503779069767443,-5.185768410852708,-5.185768410852708,4.975406427221172,8.287122166246851,67.66041131105399,37.28031161473088,0.46176796111832924,1.8139886578449906,0.6446325406422142,0.6316668987606183,3.9283553875236294,-15.016548463356974,0.27578125,0.22229219143576825,0.5509915014164306,1.1001615508885298,5.347368421052631,1.3473282442748091,0.07357232180075031,2.227129337539432,1.412,0.7093023255813954,0.006952913954840254,0.6952913954840254,7.1194799372338045,0.5783456624075319,21.72382873795113,0.233131584846447,11.903160726294553,-3.4745572741537774,11.858327729208698,1.5826047971306882,0.7106030038108048,0.8720017933198835,0.6515151515151515,0.7795275590551181,4.975406427221172,0.3645910508778529,0.35353535353535354,43.61985383678441,0.410221923335575,Industrials
2016-06-30,WM,2016,Q2,USD,0.3781021897810219,0.16116788321167883,0.27883211678832115,0.1783941605839416,0.134014598540146,0.0835036496350365,0.0837956204379562,0.0837956204379562,1.6930301532377656,3.435483870967742,22.903225806451612,0.3159302647357255,0.16504433307632999,0.8111190306486101,0.777975766215253,0.04038907498067509,0.013898788310762652,25.6305574912892,2.12367476356396,2.12367476356396,5.649746543778801,8.59091386861314,67.4859633027523,39.33673796791444,0.45923284502698536,1.8298771121351767,0.6466277649613245,0.6312659303313509,3.9846390168970816,-8.692893401015228,0.26657163221667857,0.2183941605839416,0.5828877005347594,1.106082036775106,6.56989247311828,1.218241042345277,0.07848898216159496,2.3974358974358974,1.5172413793103448,0.6306620209059234,0.006151466088088995,0.6151466088088995,7.713963963963964,0.6463963963963963,21.673423423423422,0.08783783783783784,11.774774774774775,-3.68018018018018,11.72972972972973,1.6846846846846846,0.7027027027027027,0.9819819819819819,0.6252723311546841,0.7512274959083469,5.649746543778801,0.3238865846380559,0.3769063180827887,40.74856544502618,0.40765765765765766,Industrials
2016-09-30,WM,2016,Q3,USD,0.3754227733934611,0.1552987598647125,0.28241262683201807,0.15783540022547915,0.12880496054114995,0.08568207440811725,0.08511837655016911,0.08511837655016911,1.7392156862745098,3.216255442670537,23.827956989247312,0.3272458955912193,0.17093852380034688,0.8607357357357357,0.8258258258258259,0.04150133350679763,0.01126126126126126,23.376907284768212,5.06499657836644,5.06499657836644,5.269509983205822,7.959217587373168,67.2364380952381,37.502395750332006,0.4461842358835999,1.7281209180817316,0.6334473324213407,0.6222864392444319,3.8731106549729426,-7.875693673695894,0.28265765765765766,0.21223224351747463,0.5577689243027888,1.6140684410646389,5.957446808510638,1.7430555555555556,0.08130871396177519,2.2612612612612613,1.4621359223300971,0.6026490066225165,0.006444918047555279,0.644491804755528,8.010837660871529,0.6818694965003387,21.122149469406185,0.06773538044705352,12.153985098216301,-3.2987130277715058,12.099796793858658,1.700158049221043,0.751862722962294,0.9482953262587491,0.6608315098468271,0.8160714285714286,5.269509983205822,0.3279471760352167,0.3347921225382932,37.3955129740519,0.4109279747121246,Industrials
2016-12-31,WM,2016,Q4,USD,0.37947976878612716,0.1745664739884393,0.2702312138728324,0.17832369942196533,0.14739884393063585,0.09653179190751444,0.0968208092485549,0.0968208092485549,1.622889305816135,2.6871088861076347,23.855555555555554,0.31598173515981737,0.16587564121002923,0.8503937007874016,0.8181818181818182,0.04170152519467147,0.01145311381531854,23.34209029850746,1.9840776753731337,1.9840776753731337,5.9049275061355475,9.04000028901734,83.18723670212766,41.538381142098274,0.44633012129057004,1.7575986407400415,0.6373656466077908,0.6267089499647639,3.937889371342269,-8.770595690747783,0.26950608446671437,0.2176300578034682,0.49933598937583,1.4853228962818004,6.5638297872340425,1.8057553956834533,0.08088077336197637,1.9973474801061009,1.3518850987432676,0.5373134328358209,0.00575476988097953,0.575476988097953,7.844026297891634,0.7594649739288143,21.319428700974836,0.07254590795737928,12.060757197914306,-3.3688506007708003,12.00861482656994,1.707095896622081,0.8546814781228746,0.8524144184992065,0.6568627450980392,0.826580226904376,5.9049275061355475,0.29764948662177454,0.34509803921568627,43.375829946524064,0.4080707322602584,Industrials
2017-03-31,WM,2017,Q1,USD,0.37034883720930234,0.15290697674418605,0.2569767441860465,0.1622093023255814,0.12616279069767442,0.08633720930232558,0.08662790697674419,0.08662790697674419,1.7444219066937119,3.0083333333333333,22.8,0.3147588983438558,0.1665859564164649,0.8690383111806098,0.8318999218139171,0.04142403388035998,0.011727912431587178,26.99630536912752,-2.5646490100671144,-2.5646490100671144,5.832806960304514,9.354533720930233,82.7238971722365,44.63189459084605,0.43786924939467314,1.6389342033713974,0.6210591386771069,0.6104638847701758,3.7429762552111656,-9.136786188579018,0.2818608287724785,0.20959302325581394,0.5395284327323162,1.5307377049180328,6.065217391304348,1.8207070707070707,0.07973899579738995,2.1716867469879517,1.370722433460076,0.6510067114093959,0.00602866487198907,0.602866487198907,7.795150691139814,0.6752775889417629,20.69793791071833,0.06798096532970768,12.549286199864039,-2.848402447314752,12.501699524133242,1.6338092000906412,0.7523226829820984,0.881486517108543,0.6866359447004609,0.7777777777777778,5.832806960304514,0.28098550398208855,0.315668202764977,46.59682805429864,0.439610242465443,Industrials
2017-06-30,WM,2017,Q2,USD,0.37720968180582,0.17949415284199075,0.2812075061191188,0.1830296437313027,0.15501767745444656,0.09817786238781616,0.09844982322545553,0.09844982322545553,1.770341839191141,2.8341584158415842,23.854166666666668,0.33421196146155246,0.17644800614232928,0.8397111913357401,0.8050541516245487,0.046830159144273416,0.011552346570397111,22.384920580110496,1.0872675710339386,1.0872675710339386,5.908378600072912,8.815165896110958,63.0610214007782,39.86883763837638,0.4346177839627621,1.6509296390812978,0.6227738430860208,0.6123790009185331,3.7985781990521326,-9.440308087291399,0.29350180505415163,0.22110416100081587,0.6322263222632226,1.71875,7.477777777777778,2.0846153846153848,0.08976482278900298,2.719063545150502,1.6728395061728396,0.5165745856353591,0.005769225132904282,0.5769225132904282,8.320887078524553,0.8191898619597194,20.699253224711473,0.07241457343290338,12.462095496718714,-2.973523421588595,12.414573432903373,1.8397827562797013,0.6766236705136909,1.1631590857660103,0.6350877192982456,0.8469539375928677,5.908378600072912,0.2794217755546208,0.36666666666666664,40.07578820116054,0.42317266349852906,Industrials
2017-09-30,WM,2017,Q3,USD,0.3805166846071044,0.1864908503767492,0.2847147470398278,0.1886437029063509,0.16227125941872983,0.10441334768568353,0.1038751345532831,0.1038751345532831,1.8561438561438561,2.917617237008872,23.252525252525253,0.3336925287356322,0.17738316864766815,0.7057379564283522,0.675360540042958,0.0470317592178414,0.010739490641301013,22.193397668393782,3.0330976813471477,3.0330976813471477,6.492346722243274,9.221368675995695,67.72056521739131,40.03108177570093,0.4460833452670772,1.7705570291777188,0.6390617520344662,0.6167864662745952,3.969117089806745,-5.297220242337848,0.2626572568272476,0.2303552206673843,0.5911214953271028,0.8968085106382979,7.788888888888889,1.0070588235294118,0.09159978598180846,2.4457142857142857,1.6,0.4792746113989637,0.0053988422430864625,0.5398842243086462,8.487894015532207,0.8816811329374143,21.550936500685243,0.07994518044769301,12.105984467793514,-3.4901781635449978,12.055733211512106,1.955230698949292,0.7994518044769301,1.1557788944723617,0.6401326699834162,0.8601997146932953,6.492346722243274,0.2727144906034756,0.35655058043117743,41.18771833648393,0.42256738236637736,Industrials
2017-12-31,WM,2017,Q4,USD,0.3803395399780942,0.1848302300109529,0.2792990142387733,0.1927710843373494,0.15991237677984665,0.2472617743702081,0.2472617743702081,0.2472617743702081,1.5383319292333615,2.1759615384615385,23.572916666666668,0.31594428583787526,0.16730038022813687,0.8044144696505211,0.7749846719803801,0.07886235510229936,0.00674432863274065,10.378936877076413,0.07611220376522702,0.07611220376522702,6.228396743645123,10.2652573932092,143.08671755725192,47.45407594936709,0.43478858399376974,1.5768400066456223,0.6119277885235332,0.5925123552907725,3.6266821731184584,-4.573575453976205,0.2421827099938688,0.21631982475355968,0.33164556962025316,1.6132530120481927,7.736263736263736,1.0690121786197564,0.08323675060583711,1.496212121212121,1.1095505617977528,0.20376522702104097,0.004908143036091923,0.49081430360919226,8.406998158379373,2.0787292817679557,22.058011049723756,0.05064456721915286,13.908839779005525,-1.7311233885819521,13.855893186003684,1.8186003683241252,1.2154696132596685,0.6031307550644567,1.5462328767123288,0.8295454545454546,6.228396743645123,0.25316948671493716,-0.5462328767123288,46.03698039215686,0.42357274401473294,Industrials
2018-03-31,WM,2018,Q1,USD,0.3779549985759043,0.171461122187411,0.2717174594132726,0.17317003702648817,0.145542580461407,0.11250356023924808,0.11278837937909428,0.11278837937909428,1.5930127041742286,2.7610619469026547,22.285714285714285,0.3017100627309444,0.15882565819234598,0.7385117106433442,0.7094574562703825,0.0463188080543607,0.015416543136673585,23.010856060606063,-0.40908188552188557,-0.40908188552188557,6.030641297154203,10.381428652805468,89.11783863080684,45.054630407911,0.4504207002623722,1.6474189278623428,0.6222736078995063,0.5955838072934092,3.657511581733951,-4.619736842105263,0.23984583456863326,0.2304186841355739,0.5055624227441285,0.7306015693112468,6.681318681318682,0.7660984848484849,0.08124937230089384,2.0225,1.334983498349835,0.5202020202020202,0.005651702166489488,0.5651702166489488,8.1029309946919,0.9139164551119316,23.189476113547197,0.12000923147934456,13.99723055619663,-1.9824601892453266,13.948765289637665,1.8670666974382646,0.9231479344564967,0.9439187629817678,0.7749510763209393,0.8404605263157895,6.030641297154203,0.27317474986279533,0.22700587084148727,48.58930398322851,0.4754211862450958,Industrials
2018-06-30,WM,2018,Q2,USD,0.3813853971650174,0.18775073549077292,0.2837657127574218,0.1912276009628243,0.16287777480609789,0.1334581438887403,0.1334581438887403,0.1334581438887403,1.708085883965281,2.790108564535585,23.13,0.32163440860215053,0.16984646134278186,0.7476550680786687,0.7173978819969743,0.05533274846471989,0.01422087745839637,17.51907114228457,0.6376941895791586,0.6376941895791586,5.776026759167492,9.352250869216368,64.87581818181818,35.86468307692308,0.44498955210320706,1.6181037330690453,0.6180441640378549,0.5969910797497004,3.6362735381565905,-4.357808857808858,0.2950075642965204,0.2607649104038513,0.5528205128205128,1.0325732899022801,7.688172043010753,1.1775362318840579,0.0995304205798285,2.2362385321100917,1.5330188679245282,0.40080160320641284,0.0057195041899085865,0.5719504189908586,8.697371481739939,1.1607350546638753,23.003023959060247,0.10932775063968364,14.08699697604094,-1.9609211444521981,14.082344731332869,2.2679692951849266,1.0141893463596185,1.2537799488253083,0.819376026272578,0.8517482517482518,5.776026759167492,0.2801413152217226,0.180623973727422,42.14615080113101,0.46522447080716445,Industrials
2018-09-30,WM,2018,Q3,USD,0.3791208791208791,0.18053375196232338,0.28885400313971743,0.18288854003139718,0.15620094191522763,0.130298273155416,0.130559916274202,0.130559916274202,1.631938514090521,2.524468085106383,23.038834951456312,0.32348709267879816,0.16918241777699083,0.8713355048859935,0.8377850162866449,0.053516819571865444,0.027035830618892507,19.330532565130262,0.0,0.0,6.184283218464498,10.095170852956567,82.09307021276595,44.1461590389016,0.443362400956133,1.605385478442058,0.6161796370347585,0.6053264170040485,3.620932841801571,-6.219690805532954,0.28469055374592833,0.22867608581894297,0.5377574370709383,1.8611111111111112,7.516129032258065,1.9552572706935123,0.08726038338658147,2.1633663366336635,1.449419568822554,0.39879759519038077,0.005157612624570923,0.5157612624570923,8.93199345641505,1.166160317831269,23.624678663239074,0.1939705538677261,14.585183454078056,-1.642907221313391,14.58050946482823,2.042533302173405,0.9441458284645945,1.0983874737088104,0.8358458961474037,0.8540772532188842,6.184283218464498,0.2595911962196099,0.1658291457286432,43.94632518115942,0.46506193035756016,Industrials
2018-12-31,WM,2018,Q4,USD,0.3807912545549193,0.1967725143154607,0.284487246225924,0.19963560645497136,0.1715252472670484,0.13820926600728786,0.13820926600728786,0.13820926600728786,1.6887912087912087,2.2941176470588234,23.323529411764707,0.3217216546642104,0.16962472406181014,0.851029601029601,0.8182110682110683,0.055026261145718826,0.019626769626769628,17.81894868173258,2.2966644967566405,2.2966644967566405,6.031465657370518,9.850975273295159,82.63634716157205,41.499393640350874,0.44264900662251655,1.5977689243027888,0.6150542911477823,0.6045749574642385,3.6095617529880477,-8.955710955710956,0.29343629343629346,0.23737636647579385,0.5021929824561403,1.8241965973534973,7.907216494845361,2.111111111111111,0.09096349491322561,2.0088105726872247,1.400921658986175,0.3709981167608286,0.005205106701120422,0.5205106701120422,9.033623324711968,1.2485304490947566,23.802022102045616,0.1434281683517517,14.7566423700917,-1.7070303315306843,14.75429108864331,2.1443686809311076,1.067481777568775,1.0768869033623325,0.8057663125948407,0.8591916558018253,6.031465657370518,0.26490558266717434,0.19423368740515934,43.74423330283623,0.4632024453327063,Industrials
2019-03-31,WM,2019,Q1,USD,0.3782467532467532,0.15097402597402598,0.2675865800865801,0.1680194805194805,0.125,0.09388528138528139,0.09388528138528139,0.09388528138528139,1.7760691975012013,2.5561735261401557,21.885714285714286,0.2983050847457627,0.15813117699910154,0.6888150609080842,0.6597452934662237,0.042050011795234724,0.015780730897009966,31.813033141210372,-0.9247974750351851,-0.9247974750351851,6.883318784099766,11.947102272727273,105.38541766109785,49.61403370786517,0.4435031874384974,1.6159002338269681,0.6177224241701925,0.5923878510611259,3.6434918160561183,-4.657844990548204,0.24640088593576967,0.2408008658008658,0.4707865168539326,0.7673397717295873,6.46875,0.8533077660594439,0.0858576114219564,1.8895966029723992,1.282420749279539,0.6426512968299711,0.005050220250749097,0.5050220250749097,8.706713780918728,0.817432273262662,24.645465253239106,0.13427561837455831,15.116607773851591,-1.4888103651354534,15.111896348645466,2.0965842167255593,1.1095406360424027,0.9870435806831567,0.7510822510822511,0.7439613526570048,6.883318784099766,0.2347559781132966,0.24891774891774893,55.07127401415571,0.525323910482921,Industrials
2019-06-30,WM,2019,Q2,USD,0.3808920425747592,0.15129244804865688,0.2858590978205778,0.17638114546376077,0.1259503294475418,0.0968068930562595,0.09655347187024835,0.09655347187024835,1.7460176991150442,2.6905286343612334,23.490384615384617,0.3115673114883537,0.15185099669052568,1.6992269852424455,1.66268446943078,0.04047338490701368,0.7905832747716093,32.135952755905514,3.293935157480312,3.293935157480312,7.574264150943397,12.411351241763812,113.3685,48.4902891089109,0.4902255060417148,1.9701515620167027,0.6633168445717261,0.6612708889936613,4.018867924528302,9.113163972286374,0.35488404778636684,0.25595539787126204,0.4277227722772277,4.689814814814815,6.96,8.706896551724139,0.07928408823298531,1.7474048442906573,1.270440251572327,0.5695538057742782,0.004430814686749977,0.44308146867499765,9.289077212806026,0.8968926553672316,30.223634651600754,5.296610169491525,15.223634651600753,-1.393596986817326,15.221280602636535,2.37758945386064,1.3606403013182675,1.0169491525423728,0.7665995975855131,0.7140804597701149,7.574264150943397,0.26011128246317033,0.23138832997987926,52.716482269503544,0.5108286252354048,Industrials
2019-09-30,WM,2019,Q3,USD,0.3846735568439627,0.1814973531635997,0.2873708091756995,0.18502646836400302,0.15502898916057475,0.12477943029997479,0.12477943029997479,0.12477943029997479,1.7399122807017544,2.7032115171650055,22.394495412844037,0.3098008590394377,0.14633516544321074,1.8601538976246237,1.8236868517898963,0.04423777187284716,0.9752425560388089,24.655303030303028,0.8218434343434348,0.8218434343434348,7.194915254237288,12.305898663977818,104.08848614072495,51.27888655462185,0.49275148474676306,1.9687546057479735,0.6631584173161893,0.6595926148906281,3.9954310980103167,1.7395308046481035,0.3185011709601874,0.23997983362742625,0.49264705882352944,3.2278481012658227,6.9904761904761905,4.511848341232228,0.07126815391525677,1.9710144927536233,1.3580599144079886,0.4404040404040404,0.004465611717109643,0.44656117171096427,9.345111896348646,1.1660777385159011,31.714958775029448,6.866902237926973,15.988221436984688,-0.7208480565371025,15.983510011778563,2.24263839811543,1.137809187279152,1.104829210836278,0.8048780487804879,0.837874659400545,7.194915254237288,0.27363138218876426,0.1951219512195122,51.982894736842105,0.5135453474676089,Industrials
2019-12-31,WM,2019,Q4,USD,0.3983359334373375,0.16666666666666666,0.2826313052522101,0.1703068122724909,0.13806552262090482,0.11622464898595944,0.11622464898595944,0.11622464898595944,1.6584734799482534,2.172769953051643,21.830188679245282,0.2983014038625611,0.13862956421439643,1.9748727735368956,1.9411577608142494,0.040729453877037684,1.1326335877862594,27.055939597315437,-2.637954110738259,-2.637954110738259,6.844371816638369,12.578268330733229,65.72828804347826,47.334657534246574,0.48653714450492014,1.9097340124504811,0.6563259749100457,0.6526439944957736,3.9251556310130162,1.3647977288857345,0.32506361323155214,0.265730629225169,0.7201565557729941,3.057926829268293,5.954545454545454,4.6880733944954125,0.07571492072899688,3.5734265734265733,2.0277777777777777,0.48769574944071586,0.004506364930393199,0.45063649303931985,9.060070671378092,1.0530035335689045,32.0565371024735,8.3886925795053,16.654888103651356,0.04004711425206125,16.65017667844523,2.4075382803297996,0.673733804475854,1.733804475853946,0.8418079096045198,0.8106870229007633,6.844371816638369,0.27902254050663944,0.15819209039548024,53.64583256669733,0.5135453474676089,Industrials
2020-03-31,WM,2020,Q1,USD,0.37543577366586217,0.14668812013944757,0.2614641995172969,0.15366049879324215,0.1166532582461786,0.09680879592384017,0.09680879592384017,0.09680879592384017,1.720018450184502,2.258971871968962,20.07758620689655,0.28906976744186047,0.13720656413275442,1.8355048859934853,1.7977198697068404,0.03734155532716684,1.017915309446254,27.19110249307479,-1.4275328808864258,-1.4275328808864258,5.82292036185674,10.529351568785197,128.313568627451,51.32542745098039,0.4949591581426154,1.9949577339463147,0.6661054716513989,0.659581987075929,4.030550200207623,1.324689165186501,0.249185667752443,0.20514883346741755,0.4,1.8056112224448897,5.116071428571429,1.9767441860465116,0.05686886708296164,1.6666666666666667,1.1007194244604317,0.6537396121883656,0.006010602294949831,0.6010602294949831,8.790664780763791,0.851013672795851,31.975483262611977,7.366808109382367,15.9005186232909,-0.5822725129655822,15.895803866100897,1.8033946251768034,1.082036775106082,0.7213578500707214,0.8298850574712644,0.7591623036649214,5.82292036185674,0.34260433081214037,0.17011494252873563,50.86251487179487,0.5563413484205564,Industrials
2020-06-30,WM,2020,Q2,USD,0.38781241224375174,0.14434147711317047,0.28194327436113453,0.14799213704015726,0.11092389778152205,0.08621173827576524,0.08621173827576524,0.08621173827576524,1.6900806834361652,2.411504424778761,18.47457627118644,0.2756832081752729,0.13377662571847176,0.8846153846153846,0.8641718641718642,0.036550745209368345,0.46136521136521136,36.42165553745928,-2.5798672672366982,-2.5798672672366982,6.490464809171383,12.559896939062062,106.48998333333333,52.249758177570094,0.4804087306059581,1.8557538818749093,0.6498297677727527,0.5820850263812238,3.8628646060078364,3.750394944707741,0.1483021483021483,0.24038191519236168,0.49065420560747663,0.27682079177999397,4.428571428571429,0.2683385579937304,0.06693775414451048,1.963302752293578,1.2852852852852852,0.749185667752443,0.005142446552037658,0.5142446552037658,8.432394032678191,0.7269713473833768,30.563580393085484,6.305943641960692,16.32251953587497,-0.21548662088562634,16.317783566185177,2.0269950272318256,1.0324413923750888,0.9945536348567369,0.7772151898734178,0.7495256166982922,6.490464809171383,0.28592002829329377,0.22278481012658227,54.632263944223105,0.5446365143263083,Industrials
2020-09-30,WM,2020,Q3,USD,0.396011396011396,0.15876715876715877,0.28826728826728826,0.1761201761201761,0.13364413364413363,0.10101010101010101,0.10101010101010101,0.10101010101010101,1.7415426251691475,2.6380090497737556,19.931623931623932,0.30056048575432043,0.1558614564831261,1.1963649322879544,1.1546685673556665,0.04592676695997729,0.2505345687811832,30.664717307692307,1.1781707176113354,1.1781707176113354,6.6858083857442345,12.38978477078477,69.73317638483965,46.48878425655977,0.4207169384789278,1.4566037735849056,0.5929339477726574,0.5890292935094773,3.4621942697414396,-67.14782608695653,0.3667141838916607,0.2665112665112665,0.6666666666666666,3.7386363636363638,7.010309278350515,6.161676646706587,0.09873344847438112,3.0,1.7958115183246073,0.5897435897435898,0.00480799793314621,0.480799793314621,9.134137686302342,0.9226401703335699,24.88526141471493,1.663118050626922,16.931629997634257,0.4802460373787556,16.926898509581264,2.434350603264727,0.8114502010882423,1.6229004021764846,0.7558139534883721,0.7588235294117647,6.6858083857442345,0.21786501938804262,0.2441860465116279,51.71245193171608,0.5441211260941566,Industrials
2020-12-31,WM,2020,Q4,USD,0.38529628718957465,0.15834767641996558,0.29677895254487335,0.16080649127120727,0.13449717236292108,0.10769609048438653,0.10769609048438653,0.10769609048438653,1.5499237804878048,2.230151650312221,20.161290322580644,0.28746112524738476,0.1385926052138354,0.9963411201801294,0.9614410357444413,0.03992508336759399,0.1556431184914157,28.466094178082194,2.18240055365297,2.18240055365297,6.692511674718197,12.262748217359233,138.92088300835655,66.23186852589642,0.47060828079741013,1.8531937734836286,0.6495155676794281,0.640191202742504,3.9378690284487385,15.118959107806692,0.21193357725865467,0.1851487582985001,0.4767596281540505,1.6944444444444444,6.742268041237113,1.366606170598911,0.05452570601013758,1.9111675126903553,1.2048,0.5273972602739726,0.0046318021096836,0.46318021096836,9.616930716481438,1.035705840624261,32.884842752423744,1.3076377394183023,17.625916292267675,-6.062899030503665,17.621187041853865,1.7805627807992432,0.931662331520454,0.8489004492787893,0.8007312614259597,0.8363914373088684,6.692511674718197,0.2769055720118204,0.19926873857404023,52.30289726594863,0.546228422794987,Industrials
2021-03-31,WM,2021,Q1,USD,0.38861867704280156,0.1561284046692607,0.2772373540856031,0.1580739299610895,0.13253891050583658,0.10238326848249027,0.10238326848249027,0.10238326848249027,1.6942727647301195,2.0742574257425743,20.274193548387096,0.29291921926200315,0.1414516683866529,1.012785388127854,0.9750380517503805,0.04246569012522527,0.14490106544901066,32.400568883610454,-8.4241479097387,-8.4241479097387,7.346513800996365,13.269104571984437,64.19124470588237,48.716569642857145,0.46398348813209495,1.81607647771644,0.644896007650012,0.6407043684388757,3.914097212871954,283.58620689655174,0.3409436834094368,0.2723735408560311,0.7589285714285714,2.9794721407624634,6.701030927835052,4.590163934426229,0.0830367734282325,4.148148148148148,2.1663442940038684,0.5866983372921615,0.00452691385913395,0.45269138591339503,9.72333885079215,0.9955072121068811,32.12343343580043,1.1255615984866398,17.56680066209506,-6.008512650744857,17.56207141168125,2.6483802317332703,0.6384488058642706,2.009931425869,0.7724770642201835,0.8384615384615385,7.346513800996365,0.24720248636436726,0.22752293577981653,59.275928070175446,0.5840624261054623,Industrials
2021-06-30,WM,2021,Q2,USD,0.38873994638069703,0.12377122430741734,0.2893208221626452,0.17672028596961573,0.10187667560321716,0.07841823056300268,0.07841823056300268,0.07841823056300268,1.6922495274102078,1.9641062455132807,21.714285714285715,0.31722182849043234,0.15414815580121913,0.8759163725224002,0.8417051316861255,0.040492551768666694,0.04018463209340212,42.07291737891738,-2.4748774928774924,-2.4748774928774924,8.034599564744289,13.197134941912424,91.29888098918084,56.63506807286673,0.4561077246271998,1.8014145810663764,0.6430374830064091,0.6366691376328144,3.949537540805223,-21.571084337349397,0.283193049144719,0.23302055406613048,0.6203259827420902,2.5925925925925926,8.071428571428571,2.889196675900277,0.07875264270613108,2.6338383838383836,1.634796238244514,0.6894586894586895,0.004096808186898962,0.4096808186898962,10.616698292220114,0.8325426944971537,31.646110056925995,0.3510436432637571,17.443074003795065,-6.152751423149905,17.438330170777988,2.4739089184060723,0.9392789373814042,1.534629981024668,0.7697368421052632,0.5764854614412137,8.034599564744289,0.2242071389557432,0.23026315789473684,55.726931274131275,0.5740037950664136,Industrials
2021-09-30,WM,2021,Q3,USD,0.37706323687031085,0.16998928188638798,0.2765273311897106,0.17277599142550912,0.15133976420150053,0.11554126473740621,0.11532690246516614,0.11532690246516614,1.7478456350693143,1.9822646657571623,22.015151515151516,0.3312504437974863,0.16174889913664575,0.7762067284251585,0.7440273037542662,0.050029999538468636,0.028278888347147733,29.11548327137547,0.5370189136720364,0.5370189136720364,8.73626882320134,13.43119399785638,87.02294444444445,52.91935810810811,0.45237682465933915,1.8191578360290017,0.6452841386814383,0.6344173718014069,4.021332961517011,-6.785454545454545,0.2886396879570941,0.25380493033226154,0.6081081081081081,1.632267441860465,9.264367816091953,1.9700499168053245,0.09074883114892313,2.5517241379310347,1.6794326241134752,0.4479553903345725,0.0038463674650299757,0.38463674650299756,11.120381406436234,1.2824791418355184,31.30870083432658,0.2765196662693683,17.10131108462455,-6.557806912991657,17.09654350417163,2.8224076281287247,1.1060786650774732,1.7163289630512515,0.7620396600566572,0.8759305210918115,8.73626882320134,0.20823052413380122,0.23654390934844194,58.59497674418605,0.5744934445768772,Industrials
2021-12-31,WM,2021,Q4,USD,0.36831979478409577,0.1549807610089782,0.26314664386489955,0.15348439504061565,0.13723813595553655,0.10816588285592134,0.10816588285592134,0.10816588285592134,1.8373919874312648,2.149090909090909,21.88888888888889,0.32443303973923293,0.16077258823933738,0.7518373346398824,0.718765311121999,0.047562696281461925,0.028907398334149927,34.460232213438736,-6.301299604743083,-6.301299604743083,9.79049831555306,14.909685763146644,321.41709677419357,70.38093844601413,0.4607004158504313,1.8816676024705221,0.6529787130400896,0.6405832198173654,4.084362717574397,-4.845157949249094,0.24277315041646252,0.21184266780675504,0.218970736629667,1.384323640960809,8.650602409638553,1.3997175141242937,0.07392763894069378,1.2803617571059431,0.9773175542406312,0.4743083003952569,0.0034409830544488255,0.34409830544488257,11.194065565924863,1.2108159846853315,32.275664034458,0.2823642019621919,17.051926298157454,-6.700167504187605,17.04714046422589,2.371380713089256,1.8521177315147164,0.5192629815745393,0.7881619937694704,0.8941504178272981,9.79049831555306,0.19219324102036045,0.2118380062305296,67.45289195775793,0.574300071787509,Industrials
2022-03-31,WM,2022,Q1,USD,0.377172280626475,0.16219695344346707,0.27183007938210685,0.16477150826003004,0.14396052349281271,0.11027676464278052,0.11006221840806694,0.11006221840806694,1.8801936264622832,2.097543352601156,19.483221476510067,0.3259896489019443,0.1595194907423252,0.8037309511297951,0.7645822385706779,0.046346214832600915,0.04072517078297425,32.109381091617934,19.426175560428913,19.426175560428913,9.222907334826427,14.136118858614031,78.43863095238095,52.37555643879173,0.4615832164002875,1.8878779395296752,0.6537249769763948,0.646266587443058,4.090005599104144,-5.296590909090909,0.3305307409353652,0.2698991632696846,0.6677265500794912,2.1346153846153846,9.035294117647059,2.891954022988506,0.0932750055609105,3.0095693779904304,1.8152958152958152,0.5360623781676414,0.004173720887348238,0.4173720887348238,11.212412797690643,1.2340630262208323,32.64854462352658,0.3728650469088285,17.190281452970893,-6.62978109213375,17.185470291075294,3.026220832331008,1.0055328361799374,2.0206879961510706,0.7645305514157973,0.8736979166666666,9.222907334826427,0.20469444948242066,0.23397913561847988,62.52600631412786,0.6615347606446957,Industrials
2022-06-30,WM,2022,Q2,USD,0.37497513427491547,0.17286652078774617,0.2780982693455341,0.17704396260194946,0.15436642132484582,0.11676944499701611,0.11676944499701611,0.11676944499701611,1.8863039399624766,2.2735166425470332,19.761006289308177,0.3495341398970936,0.1668547530536378,1.0711982804943578,1.0284793121977431,0.048918730380188354,0.24019344438473939,26.999536626916523,1.7478647395319638,1.7478647395319638,8.81709485396384,12.610883628406603,127.55515492957745,60.549104106972294,0.4738781200212427,1.9856745479833102,0.6650673126193692,0.6614239969862498,4.1902642559109875,-20.858921161825727,0.2813003761418592,0.20827531330813606,0.47468958930276983,3.7314814814814814,9.56989247311828,4.532467532467533,0.07333473418785459,1.9036363636363636,1.2783882783882783,0.45826235093696766,0.004243242738470873,0.4243242738470873,12.130791505791505,1.4165057915057915,34.67664092664093,2.1573359073359075,17.355212355212355,-6.428571428571429,17.3503861003861,2.5265444015444016,1.3272200772200773,1.1993243243243243,0.7564432989690721,0.8719101123595505,8.81709485396384,0.2252073478704411,0.24355670103092783,54.9198226037196,0.6491312741312741,Industrials
2022-09-30,WM,2022,Q3,USD,0.37812807881773397,0.18108374384236453,0.28492610837438426,0.18561576354679804,0.1631527093596059,0.12591133004926108,0.12591133004926108,0.12591133004926108,1.8964872944693572,2.119543317662861,19.849056603773583,0.3442545109211776,0.17006802721088435,0.8513302034428795,0.8098591549295775,0.05129440623768015,0.03573291601460615,25.82414710485133,2.82079145299145,2.82079145299145,9.416051355206847,13.006210837438424,155.3094588235294,55.84307952622674,0.47126436781609193,2.0061340941512125,0.6673468419304323,0.6632236368003843,4.256918687589159,-33.278688524590166,0.3082942097026604,0.23290640394088669,0.3595600676818951,3.6017191977077365,10.351648351648352,4.5813953488372094,0.0840503448766266,1.5614266842800528,1.154296875,0.41784037558685444,0.00404505494305714,0.4045054943057141,12.317961165048544,1.5509708737864079,34.35436893203884,0.3325242718446602,17.019417475728154,-7.104368932038835,17.014563106796118,2.8689320388349513,1.837378640776699,1.0315533980582525,0.7717391304347826,0.8789808917197452,9.416051355206847,0.21305471035285606,0.22826086956521738,55.27836791147995,0.6480582524271845,Industrials
2022-12-31,WM,2022,Q4,USD,0.37325227963525837,0.1523809523809524,0.2745694022289767,0.15501519756838905,0.13029381965552178,0.10131712259371833,0.1011144883485309,0.1011144883485309,1.7932412790697674,1.7514156285390714,18.859756097560975,0.3139512691647051,0.15733095291229637,0.8081474738279472,0.7708238507055075,0.04374974492919234,0.07988165680473373,32.16197194388777,-1.5106380761523044,-1.5106380761523044,9.372944371441086,13.008165349544074,343.2903529411765,61.19665967588179,0.47769949309784165,2.18776463717331,0.6863005542069345,0.680237172603763,4.579792670462841,-6.985138004246284,0.23873463814292217,0.21256332320162108,0.1782650142993327,2.317399617590822,7.018348623853211,2.533816425120773,0.07000800854244528,1.216937354988399,0.9299645390070922,0.533066132264529,0.004143605786941149,0.4143605786941149,12.060117302052786,1.2194525904203324,36.8841642228739,0.8577712609970675,16.774193548387096,-8.030303030303031,16.737536656891496,2.5635386119257086,2.1065493646138806,0.45698924731182794,0.776049766718507,0.8405228758169935,9.372944371441086,0.2334127410207751,0.2223950233281493,58.17586420664207,0.6500488758553274,Industrials
2023-03-31,WM,2023,Q1,USD,0.36917416189697466,0.1668029435813573,0.27187244480784956,0.1686426819296811,0.14227309893704007,0.10874897792313983,0.1089533932951758,0.1089533932951758,1.8757668711656441,2.043708609271523,18.152941176470588,0.31149315504616365,0.15634387983381273,0.8742219917012448,0.8301348547717843,0.04370557960950903,0.066649377593361,31.179858348968104,4.2266030206379,4.2266030206379,9.78443597291728,13.588605478331969,173.11317187499998,63.67381034482757,0.4912112496005113,2.2622902561083307,0.6934668832340732,0.6887483965548836,4.605534294966146,-7.367469879518072,0.27074688796680496,0.2134096484055601,0.367816091954023,2.557017543859649,6.875,3.107142857142857,0.06792452830188679,1.5818181818181818,1.100105374077977,0.5422138836772983,0.004347469106568623,0.43474691065686233,12.00785468826706,1.3082965144820815,38.02160039273441,0.6308296514482081,16.710849288168877,-8.244968090328914,16.676485027000492,2.56259204712813,1.6200294550810015,0.9425625920471281,0.7658045977011494,0.8436363636363636,9.78443597291728,0.2312131493701029,0.23563218390804597,61.34470526315789,0.7093765341188022,Industrials
2023-06-30,WM,2023,Q2,USD,0.37761281500293026,0.18245751123266263,0.28638405938659894,0.18441101777690955,0.15803867942957608,0.11974995116233639,0.12014065247118579,0.12014065247118579,1.798664792691497,1.959409594095941,18.741176470588236,0.32160583024439277,0.16192193332068072,0.8186309103740297,0.7786403199247236,0.04735477598638905,0.03387438249823571,28.614299999999997,1.784987285714286,1.784987285714286,10.188330872774642,13.750962688025005,138.0219176470588,68.3409495145631,0.4861137470740811,2.224345057171805,0.6898594963415181,0.6825491637566624,4.575770733825445,-8.151273885350319,0.24229593036932487,0.20121117405743308,0.49514563106796117,1.9905956112852665,7.552,2.007797270955166,0.0670223841749089,1.9807692307692308,1.2826899128268991,0.46016260162601624,0.004020390168779389,0.4020390168779389,12.611480660261147,1.5151515151515151,38.16949987681695,0.35476718403547675,17.068243409706824,-8.080808080808081,17.02143385070214,2.537570830253757,1.2811037201281104,1.2564671101256466,0.7601977750309024,0.8569915254237288,10.188330872774642,0.21832281312297402,0.242274412855377,58.400530695770804,0.6972160630697216,Industrials
2023-09-30,WM,2023,Q3,USD,0.38668718737976143,0.19218930357829936,0.29626779530588687,0.19642170065409773,0.16775682954982685,0.12735667564447864,0.1275490573297422,0.1275490573297422,1.7819677751114158,1.8342922899884926,18.217142857142857,0.32029083738985764,0.16276812274933458,0.8444760550023708,0.8029871977240398,0.04862028915855661,0.03556187766714083,23.22238310708899,2.9415018602312712,2.9415018602312712,8.861260431654676,11.847972297037321,104.3826440677966,48.761488519398256,0.4831689369030844,2.2201438848920865,0.6894548704200179,0.6852782683512204,4.594964028776978,-7.28521373510862,0.29943100995732574,0.24297806848787995,0.4671417260490895,3.1367924528301887,8.039370078740157,4.252525252525253,0.08185353208036293,1.8766716196136701,1.3211297071129706,0.42684766214177977,0.004595218115356537,0.4595218115356537,12.866336633663366,1.641089108910891,38.507425742574256,0.3712871287128713,17.242574257425744,-7.948019801980198,17.202970297029704,3.126237623762376,1.6658415841584158,1.4603960396039604,0.7603211009174312,0.8540646425073457,8.861260431654676,0.25054493116590587,0.2408256880733945,49.91283116883117,0.7004950495049505,Industrials
2023-12-31,WM,2023,Q4,USD,0.396971439524631,0.14797776499904158,0.25512746789342533,0.15046961855472493,0.12344259152769792,0.08989840904734522,0.09449875407322215,0.09449875407322215,1.8177700348432055,1.8408425980105325,18.184971098265898,0.3074611032531825,0.15894342381866375,0.9001419782300047,0.8592049219119735,0.04057546187372237,0.10837671557027923,36.51024340770791,-1.4604097363083164,-1.4604097363083164,10.42998696219035,13.800690051753882,211.75941176470587,52.09710564399421,0.4944398744782622,2.3510068086339273,0.7015822237592945,0.6972102816036494,4.754889178617992,-9.679035250463821,0.32702318977756745,0.26490320107341386,0.2460202604920405,2.502164502164502,6.1328125,4.137724550898204,0.08515620186086635,1.326295585412668,1.0445956160241874,0.5699797160243407,0.0039028753496615195,0.3902875349661519,12.977611940298507,1.2263681592039801,40.68905472636816,1.1393034825870647,17.154228855721392,-7.753731343283582,17.171641791044777,3.4378109452736316,2.5920398009950247,0.845771144278607,0.765527950310559,0.8203821656050956,10.42998696219035,0.2254084129881025,0.2717391304347826,65.94229902329076,0.6990049751243781,Industrials
2024-03-31,WM,2024,Q1,USD,0.29172320217096337,0.19364217871680559,0.29618143050978873,0.19654971893777864,0.16844349680170576,0.13704206241519673,0.13723589842992828,0.13723589842992828,1.921415270018622,2.25974025974026,19.333333333333332,0.3026871626378784,0.1579317945264189,0.8936439604963282,0.8457837427196758,0.04904642801313115,0.0815396302861484,30.19984004237288,0.7008642123041253,0.7008642123041253,12.076524569330697,16.578008722620662,122.35471673819742,62.56470153621068,0.4928059756321558,2.2730866986726914,0.6944779982743745,0.6899842409385396,4.612538830838746,-12.2541567695962,0.3461635857179033,0.26497383213801123,0.5113386978785662,2.9313304721030042,7.8,4.068452380952381,0.08491738104112312,2.0464071856287425,1.402051282051282,0.4336158192090395,0.0035895539396950497,0.358955393969505,12.842917600199154,1.7625093353248693,40.3983071944237,0.8015932287776948,17.6201145133184,-7.209360219068957,17.63007219317899,3.4030370923574806,1.6629325367189445,1.7401045556385362,0.8147295742232451,0.8570019723865878,12.076524569330697,0.18822358085084986,0.18642117376294592,66.2970857329843,0.764251929300473,Industrials
2024-06-30,WM,2024,Q2,USD,0.2902628656053314,0.1906701221769715,0.29803776379118846,0.19751943724546464,0.16549426138467235,0.12587930396149574,0.12587930396149574,0.12587930396149574,1.812751677852349,2.1478991596638655,20.950819672131146,0.3101033295063146,0.15888702608900263,1.0732591876208897,1.0290135396518376,0.047310531866807295,0.041586073500967116,30.888297058823532,-7.766200403361341,-7.766200403361341,11.266751776853964,15.552789337282489,172.51779876796715,72.80430502599654,0.4924556604606018,2.2452728979482366,0.6918595041322314,0.6887469738709409,4.559340217245541,-92.34188034188034,0.2790135396518375,0.2136245834875972,0.4220103986135182,3.693121693121693,7.845588235294118,4.768595041322314,0.06892432658424416,1.7301349325337332,1.1921487603305785,0.4426470588235294,0.0035826437597106307,0.3582643759710631,13.461250934462996,1.694492898081236,42.06080239222527,2.367306254672315,18.567156740593074,-6.640917019686021,18.582108148517317,2.8756541240966857,1.6620981809120359,1.2135559431846499,0.7606263982102909,0.837863167760075,11.266751776853964,0.19928307132503353,0.23937360178970918,62.47650186335404,0.7500622975330177,Industrials
2024-09-30,WM,2024,Q3,USD,0.3940096273845605,0.20074879657692993,0.3061151720449278,0.19950080228204672,0.17739347477268674,0.13549652344446425,0.13549652344446425,0.13549652344446425,1.79488,1.8343227199136536,18.472826086956523,0.3128102169427249,0.1615030233227757,0.8911906256539025,0.8526888470391295,0.04925629718215113,0.12847876124712282,27.404565789473683,2.3156858092105277,2.3156858092105277,10.441143000375986,14.852893563915137,144.38454072790296,61.347481590574375,0.47949899222574144,2.087103647073568,0.6760717765508282,0.6669310402404408,4.352675773906505,-51.69585253456221,0.28415986608077004,0.24211089320734533,0.42488954344624447,1.8364312267657992,8.541984732824428,2.0088757396449703,0.08154686843211434,1.7387964148527528,1.255083179297597,0.3960526315789474,0.0036130168474615494,0.361301684746155,13.977074507849489,1.893845003737852,41.82407176675804,1.5300274109145278,19.865437328681786,-6.459008223274358,19.88288063792674,3.3840019935210566,1.9461749314727137,1.4378270620483429,0.7638190954773869,0.8891867739052726,10.441143000375986,0.1998922576770006,0.23618090452261306,57.86189866045428,0.7500622975330177,Industrials
2024-12-31,WM,2024,Q4,USD,0.3970812828779908,0.15968097743085016,0.27032071949770914,0.1559477346003733,0.11878499915153572,0.10147632784659766,0.10147632784659766,0.10147632784659766,1.5983184160564143,1.7365591397849462,17.24757281553398,0.3047052740434333,0.13222788161644267,0.7628635346756152,0.729945669542985,0.03442293393550519,0.06615532118887824,34.04784448160535,-1.6087606517558528,-1.6087606517558528,9.869418807561804,13.820200916341422,205.66273737373737,53.8996982131039,0.5362712320775461,2.8962675714978188,0.7433441154516048,0.73201701685448,5.400751333010179,-5.8812375249501,0.24145094279322468,0.2564059053113864,0.26207809397749837,0.9557692307692308,4.5721393034825875,1.1118469462840324,0.06322175732217573,1.3551569506726457,1.067090395480226,0.5033444816053512,0.0036958615829357972,0.36958615829357977,14.601090188305253,1.481665014866204,59.715064420218035,1.0257680872150645,20.450941526263627,-23.22101090188305,20.445986124876114,3.7438057482656095,2.7626362735381567,0.981169474727453,0.8542857142857143,0.7616974972796517,9.869418807561804,0.2934587768510483,0.1457142857142857,65.86845197740114,0.7457879088206145,Industrials
2025-03-31,WM,2025,Q1,USD,0.3939847125290794,0.1694915254237288,0.27849783981389165,0.16832834828846793,0.1309405117979395,0.10584911930874044,0.10584911930874044,0.10584911930874044,1.6772575250836121,1.9184639663335086,16.729357798165136,0.3077788574643277,0.13527851458885942,0.8331774827005798,0.7924069571722461,0.03608204269568857,0.04039648400972508,36.552775902668756,6.051515121664047,6.051515121664047,10.767222312138728,15.476316550348953,247.0463474801061,77.09972930463576,0.535831497549791,2.755722543352601,0.7337396497060362,0.725684203849935,5.142890173410405,-5.065656565656566,0.22592107723957358,0.20073113991359257,0.3120860927152318,1.2858347386172007,4.366379310344827,1.2662473794549267,0.05067751814406175,1.4536702767749698,1.035132819194516,0.5274725274725275,0.0036076092338175616,0.36076092338175614,14.958985831469054,1.5833954760129256,59.82848620432513,0.5369127516778524,21.503852846134727,-22.105393984588616,21.501367138951032,3.002734277902063,2.0656226696495152,0.9371116082525478,0.8083756345177665,0.7778874629812438,10.767222312138728,0.2559362538884203,0.1916243654822335,69.66436336515513,0.8351976137211037,Industrials
2025-06-30,WM,2025,Q2,USD,0.40295489891135305,0.18040435458786935,0.14603421461897356,0.17900466562986003,0.1443234836702955,0.11306376360808709,0.11290824261275272,-0.09906687402799377,1.6357161027728313,0.0,0.0,0.3220958773731403,0.1406325182625432,0.8569463548830811,0.8569463548830811,0.03926615553121577,0.07565337001375516,31.714893250688707,2.1786752754820955,2.1786752754820955,10.008699195826994,14.323491446345257,113.28419434194342,59.61168284789644,0.021083942084773193,0.10475983481851771,0.09482589022230965,0.0,4.968702455987828,-7.459396751740139,0.265646492434663,0.24027993779160187,0.5262135922330097,2.753731343283582,-1.653735632183908,1.6026970954356847,1.6026970954356847,2.110655737704918,1.4507042253521127,0.45867768595041325,0.0036156332162686124,0.3615633216268612,15.975155279503106,1.803726708074534,0.6658385093167701,1.093167701863354,22.862111801242236,-21.485714285714284,22.862111801242236,3.8385093167701863,1.8186335403726708,2.0198757763975155,0.7823275862068966,0.8062554300608167,10.008699195826994,0.010466878139588414,0.2165948275862069,98.64116080937167,0.8273291925465839,Industrials
