date,symbol,fiscalYear,period,reportedCurrency,grossProfitMargin,ebitMargin,ebitdaMargin,operatingProfitMargin,pretaxProfitMargin,continuousOperationsProfitMargin,netProfitMargin,bottomLineProfitMargin,receivablesTurnover,payablesTurnover,inventoryTurnover,fixedAssetTurnover,assetTurnover,currentRatio,quickRatio,solvencyRatio,cashRatio,priceToEarningsRatio,priceToEarningsGrowthRatio,forwardPriceToEarningsGrowthRatio,priceToBookRatio,priceToSalesRatio,priceToFreeCashFlowRatio,priceToOperatingCashFlowRatio,debtToAssetsRatio,debtToEquityRatio,debtToCapitalRatio,longTermDebtToCapitalRatio,financialLeverageRatio,workingCapitalTurnoverRatio,operatingCashFlowRatio,operatingCashFlowSalesRatio,freeCashFlowOperatingCashFlowRatio,debtServiceCoverageRatio,interestCoverageRatio,shortTermOperatingCashFlowCoverageRatio,operatingCashFlowCoverageRatio,capitalExpenditureCoverageRatio,dividendPaidAndCapexCoverageRatio,dividendPayoutRatio,dividendYield,dividendYieldPercentage,revenuePerShare,netIncomePerShare,interestDebtPerShare,cashPerShare,bookValuePerShare,tangibleBookValuePerShare,shareholdersEquityPerShare,operatingCashFlowPerShare,capexPerShare,freeCashFlowPerShare,netIncomePerEBT,ebtPerEbit,priceToFairValue,debtToMarketCap,effectiveTaxRate,enterpriseValueMultiple,dividendPerShare,sector
1999-03-31,NRG,1999,Q1,USD,0.4,-0.524731182795699,-0.4236559139784946,-0.04516129032258064,-0.27741935483870966,-0.01935483870967742,-0.01935483870967742,-0.01935483870967742,0.0,0.0,0.0,0.0,0.0,0.0,0.0,0.0,0.0,-789.6600000000001,0.0,0.0,0.0,61.13496774193548,2030.5542857142857,369.1916883116883,0.0,0.0,0.0,0.0,0.0,0.0,0.0,0.16559139784946236,0.18181818181818182,0.0,0.1826086956521739,0.0,0.0,1.2222222222222223,1.2222222222222223,0.0,0.0,0.0,0.15752032520325204,-0.003048780487804878,,,,,,0.0260840108401084,0.021341463414634148,0.0047425474254742545,0.06976744186046512,6.142857142857143,0.0,,0.9302325581395349,,0.0,Utilities
1999-06-30,NRG,1999,Q2,USD,0.38306905294108823,0.04434509968646394,0.1387209529095846,0.04434509968646394,-0.1642538891972577,0.045485230801542174,0.03511903868944929,0.03511903868944929,0.0,0.0,0.0,0.0,0.0,0.0,0.0,0.0,0.0,303.59593122597187,-0.7006059951368581,-0.7006059951368581,0.0,42.64798901873716,-93.51553618421053,256.1146216216216,0.0,0.0,0.0,0.0,0.0,0.0,0.0,0.16651914970221576,-2.7387387387387387,0.0,0.0,0.0,0.0,0.2674698795180723,0.2674698795180723,0.0,0.0,0.0,0.22580197147793096,0.007929948172487381,,,,,,0.03760035229158904,0.14057789370278784,-0.1029775414111988,-0.21380948031783725,-3.7039918809201624,0.0,,1.2138094803178372,,0.0,Utilities
1999-09-30,NRG,1999,Q3,USD,0.5355441059105206,0.3400544575372048,0.4143643490915919,0.3400544575372048,0.17019154030327216,0.164246983709685,0.1620053049152622,0.1620053049152622,0.0,0.0,0.0,0.0,0.0,0.0,0.0,0.0,0.0,25.744125584090995,0.030287206569518818,0.030287206569518818,0.0,16.682739660109853,-63.75153723678604,-93.96682422159054,0.0,0.0,0.0,0.0,0.0,0.0,0.0,-0.1775386132106474,1.4739538573411781,0.0,0.0,0.0,0.0,-2.1099100355673337,-2.1099100355673337,0.0,0.0,0.0,0.5772433183157752,0.09351647979404491,,,,,,-0.10248297821889503,0.04857220283865723,-0.15105518105755225,0.9518998689745535,0.5004831918271554,0.0,,0.048100131025446524,,0.0,Utilities
1999-12-31,NRG,1999,Q4,USD,0.43776248977762583,0.23453014041037346,0.2961554632525862,0.23453014041037346,0.12010423356450145,0.13447793122248045,0.13023189195932303,0.13023189195932303,1.7087626220759022,1.799733786881609,1.0210436227250987,0.11276736640992684,0.06307020110243251,0.6178447807306119,0.39055410933432505,0.016454296285113232,0.060041384176750486,25.21439227303367,47.907345318763824,47.907345318763824,3.1811778384027827,13.13487204128684,-86.94596751995596,49874.952631578955,0.6841031983131314,2.6269965780939826,0.7242897867509133,0.6847839122527558,3.8400589042291537,0.0,0.00010870498040449695,0.0002633560805222767,-573.6315789473684,0.16318668334039013,0.0,0.00014031529092036984,2.427984696029095e-05,0.0017402454662026011,0.0017402454662026011,0.0,0.0,0.0,0.7331628332373564,0.09548118288675858,7.952393211612073,0.10664611632397276,3.0758680261508755,2.8875749466481486,3.027180651061956,0.00019308289014599776,0.11095152603231598,-0.11075844314216998,1.0843239084439316,0.512105750477729,3.1811778384027827,0.8257936876024997,-0.08432390844393152,80.48511365231907,0.0,Utilities
2000-03-31,NRG,2000,Q1,USD,0.3346593318824742,0.2246901961755519,0.2575357477857888,0.19483510666291054,0.03204995248075238,0.03264123432406579,0.027075136134131202,0.027075136134131202,2.0957271500493073,1.8054839170355934,1.298620552141679,0.08802655509211495,0.06101978009024883,0.6247920555625059,0.41978825898945504,0.006516883952833845,0.17084330991803615,81.26207123256347,-1.1848134049938643,-1.1848134049938643,3.2597260698069075,8.800726564652491,25.065,18.129406925578724,0.77435468003373,4.700368068614411,0.8245727314511693,0.7991717434836513,6.070045406595423,-1.2836538557063182,0.19423837524015028,0.4854392976438502,0.7232957081818762,0.12974781683521816,0.0,0.24938413362829184,0.03825301241557979,3.613966351693939,3.613966351693939,0.0,0.0,0.0,1.0942278378103723,0.029626367670471866,13.885996409335727,0.4672030080281833,2.997185054706819,2.997185054706819,2.954235967616273,0.531181193049016,0.14698011584973408,0.38420107719928187,0.8447792910267555,0.16449783116449784,3.2597260698069075,1.4419518597441046,0.15522070897324447,81.79050979072255,0.0,Utilities
2000-06-30,NRG,2000,Q2,USD,0.4139794524615476,0.20297542762672674,0.35432147721591006,0.2952592771388999,0.1341375340271911,0.0878605541283771,0.0834870663149486,0.0834870663149486,1.9621521656599221,1.9175578261142106,1.5413777813608514,0.14143300593872912,0.09508436861789056,1.03269630705241,0.6838044374438551,0.018083300358989196,0.12453392072652991,17.183454601776006,0.04686396709575274,0.04686396709575274,2.2010858437785195,5.7383848554335275,-67.29015500044929,48.55396861931469,0.6604249651545477,2.6641683456853262,0.7270867750447297,0.709223620738687,4.034021253363548,-3.6721243435839175,0.10845561413470547,0.1181857017790881,-0.7215612539306901,0.5174593018890713,0.0,0.2013899543319373,0.01701572991066011,0.5808680915168063,0.5808680915168063,0.0,0.0,0.0,1.6781725594583647,0.1401057037594275,11.656038423702332,0.22773887827993494,4.4143503783860245,4.4143503783860245,4.37511332291727,0.19833600164599527,0.34144757569327905,-0.14311157404728378,0.622398994587338,0.45430421467870863,2.2010858437785195,1.2103882059919346,0.3776010054126619,35.41515979217016,0.0,Utilities
2000-09-30,NRG,2000,Q3,USD,0.48873395881548914,0.2169773270721097,0.4213953949916613,0.3636519323045208,0.229238890009251,0.1467370254066114,0.14181223371393634,0.14181223371393634,2.300459872531729,1.57280367895776,1.5001103581709658,0.15608368590505844,0.10444572791700484,1.3692698393388028,0.9644937233403539,0.027401109079986965,0.31440894471521225,9.781725430003162,0.12449468729094935,0.12449468729094935,2.4688808352662264,5.548673331220651,146.85474647350364,146.85474647350364,0.6497069977022869,2.76781994574843,0.7345945362573947,0.7255706500708646,4.260104871175667,5.8704236997505435,0.044873744477984166,0.03778341159862868,1.0,1.1993987572784282,0.0,0.1356934696763291,0.0060739932639834095,0.0,0.0,0.0,0.0,0.0,1.73555,0.24612222222222221,10.796027777777777,0.45945277777777777,3.9420944444444443,3.9420944444444443,3.900552777777778,0.065575,0.0,0.065575,0.6186220571396654,0.6303799585403748,2.4688808352662264,1.121082842967578,0.38137794286033455,27.300880787885465,0.0,Utilities
2000-12-31,NRG,2000,Q4,USD,0.34723433194991804,0.18716649809925714,0.23901114869970588,0.18716649809925714,0.07566787570187981,0.06710872016647484,0.061038840256222464,0.061038840256222464,1.9097191001881546,1.7072913024309408,2.5688649464726874,0.1702643562014495,0.11509498591066855,1.194795644682854,0.8841968773868097,0.0172539363367264,0.16917351995594948,21.083679530520907,-0.37649427733073043,-0.37649427733073043,2.4228333041513235,5.147693387507412,-2333.593873517787,29.55123755975074,0.6364480835565594,2.6026600314071384,0.7224273200129248,0.7140414599280218,4.089351666931129,4.528328705105089,0.2129220767686815,0.17419552656971135,-0.012663402100556422,0.662796287870333,1.6408142986356167,0.7760327314865766,0.031501440878265626,0.9874949543211605,0.9874949543211605,0.0,0.0,0.0,1.870740791083322,0.11418784830773412,10.558148701916542,0.25891803724344165,4.0146064972135385,3.8478211227402475,3.9746853336958,0.3258746771781976,0.33000135924969415,-0.004126682071496534,0.8066678189395249,0.4042810891388908,2.4228333041513235,1.0742216672305505,0.19333218106047512,44.09439979085094,0.0,Utilities
2001-03-31,NRG,2001,Q1,USD,0.3210238649797681,0.173196510439527,0.2342157619717362,0.20347866761071473,0.06416376457320805,0.05964963428816747,0.05635133966187274,0.05635133966187274,1.5063437751856803,1.7693303111133374,1.9863859182124077,0.11728154770716868,0.0815445368300561,0.7271507767908119,0.5620744128618796,0.01288008286004991,0.09793087869190314,25.17479319461027,-1.8461515009380867,-1.8461515009380867,1.8350672662000946,5.674533288907543,-13.928562160376842,-46.32156680701938,0.638970054495653,2.5340050456125445,0.7170349257872463,0.6749750177001804,3.965764949051746,-5.1374514451247615,-0.05916173742443677,-0.12250305160333322,3.3256531631665665,0.16009800601040097,0.0,-0.0866263481207019,-0.01563368194327521,-0.42998673053999953,-0.42998673053999953,0.0,0.0,0.0,1.6970558651624303,0.09563137148294142,13.297860540981379,0.34412940057088487,5.346866929454941,5.346866929454941,5.247764034253092,-0.2078945222237325,0.48349055321462553,-0.691385075438358,0.878242416677069,0.3153341100894319,1.8350672662000946,1.3808785608495717,0.12175758332293098,56.81767228408065,0.0,Utilities
2001-06-30,NRG,2001,Q2,USD,0.27524489567550076,0.13876413499429913,0.20771901491300496,0.23191068528448425,0.0859818963196845,0.07819876546570251,0.07426863974402013,0.07426863974402013,1.1974403499781807,1.0500691235657682,1.6318871766236065,0.08804375307296798,0.05969975438586038,0.6530607656606179,0.5095150399017803,0.01054401408391906,0.11072792890014975,19.461858635012423,0.5282504486646229,0.5282504486646229,1.8655312818370957,5.78162307085114,-5.097464199482975,-367.6698624867776,0.6766217714677203,3.6570103088759383,0.7852699621269746,0.7504772231341851,5.404807328240699,-1.2447592462575456,-0.005082540576259125,-0.01572503939198732,72.12799307625733,0.09739484439021055,0.0,-0.007813738624845119,-0.0013874531222565147,-0.014059162317821701,-0.014059162317821701,0.0,0.0,0.0,1.6656222451703901,0.12370349847618568,18.87773719870035,0.5706168299624713,5.275178198121049,5.275178198121049,5.162068357554845,-0.02619197541747475,1.8629826461476462,-1.889174621565121,0.8637706647907141,0.37075435404889057,1.8655312818370957,1.9603050050571493,0.13622933520928596,80.74746041568085,0.0,Utilities
2001-09-30,NRG,2001,Q3,USD,0.38358778178063063,0.2326272926763439,0.30152082330990293,0.3630378915005222,0.2334193881502517,0.17010690355210814,0.16614055880868842,0.16614055880868842,1.8444359792390839,1.0910314460183608,1.8679164770141101,0.09675808140659094,0.06899965280341808,0.5414625664079765,0.41345306911709884,0.019837727784882644,0.08602549938843893,6.751950911145642,0.038163200802127546,0.038163200802127546,1.7595057067813238,4.48709158970628,-98.6752558643648,9.815422866926614,0.6889035227497969,3.915049392509861,0.7965432450131794,0.7667684253624382,5.683015492332979,-0.992523780295345,0.17733086250823343,0.4571470481242006,-0.0994719778626013,0.14638643013764932,0.0,0.28568798996780603,0.04578723516287403,0.909527500595352,0.909527500595352,0.0,0.0,0.0,2.146156325868617,0.3565636112706136,21.4275665629061,0.47594870400032235,5.676569252621717,5.676569252621717,5.473128028448528,0.9811090291839181,1.078701884815699,-0.09759285563178095,0.7117684615887347,0.6429615024081198,1.7595057067813238,2.2250847936558773,0.28823153841126525,47.258702533985605,0.0,Utilities
2001-12-31,NRG,2001,Q4,USD,0.5094740419746793,0.3636431486291287,0.44412485388779044,0.14360332802851283,0.003192078134724069,0.043469674109490576,0.04516216445862125,0.04516216445862125,2.510604195554223,1.2299316515900938,1.2893822644368185,0.09233309786382186,0.06754065381911498,0.6087124808520847,0.4388558620816937,0.010333142423024822,0.09540993456385817,23.71410759686769,-0.32709113926714056,-0.32709113926714056,1.6677147898042537,4.283921709116713,-1251.97755704698,-139.8385727136432,0.711629762818308,4.101749161536952,0.8039887951490856,0.7780837561022208,5.763880849070393,-0.9837527723981816,-0.013677814666636591,-0.030634764256992145,0.11169415292353824,0.31775112398766053,0.0,-0.020025369471069046,-0.002907540009733938,-1.1257383966244725,-1.1257383966244725,0.0,0.0,0.0,2.247940241182787,0.10152184686544974,23.685011770050384,0.4803703436028744,5.949373296440076,5.949373296440076,5.774368650367556,-0.06886511935244073,0.06117328818039151,-0.007691831172049228,14.14820143884892,0.022228441210570504,1.6677147898042537,2.4595027798598528,-13.14820143884892,32.88837672024427,0.0,Utilities
2002-03-31,NRG,2002,Q1,USD,0.280401805636086,0.07591989387182656,0.17702549686867244,0.10367228980034182,-0.08312513470931626,-0.037251110308336347,-0.040166902945542524,-0.040166902945542524,1.5491618443421848,1.339751995116768,1.4172755210637713,0.06740494747931508,0.04883504693998389,0.555619396637399,0.4210268382006793,0.003588559834283403,0.10885159282158,-36.13660866114953,0.21603407351774176,0.21603407351774176,1.712907126029332,5.805982611493779,-8.842069458121248,-139.49645527150727,0.7240349825407514,4.374072991053336,0.8139213959942891,0.780381075379134,6.041245376989982,-0.7055008799673178,-0.011033106965732628,-0.04162100463551833,15.776448707195215,0.07907653560629291,0.0,-0.014961310436415659,-0.0028072728032176603,-0.06767525944938732,-0.06767525944938732,0.0,0.0,0.0,1.658633971954382,-0.06662218977367136,24.59113063618741,0.6810830543037688,5.798114347574331,5.798114347574331,5.62202109715264,-0.0690340122353415,1.0200775408474108,-1.0891115530827522,0.4832100794302931,-0.8018066820883722,1.712907126029332,2.5535961200609973,0.516789920569707,114.22924229822772,0.0,Utilities
2002-06-30,NRG,2002,Q2,USD,0.32543090262907615,0.07338554035940532,0.18244742682024728,0.10743922312385634,-0.07534886566516683,-0.03871171376608064,-0.05749817850130981,-0.05749817850130981,1.4252776979557864,1.3155322956776399,1.5154578310618532,0.07030899814751469,0.04945495154303468,0.24293070208626177,0.19381590046232158,0.0031157277395985044,0.05654502457358682,-23.12543710098665,-0.4611239853070992,-0.4611239853070992,1.373023022915231,5.318682041413372,-9.029588406645548,177.53329156223893,0.39874950876014326,2.0814413192051457,0.6754765395766327,0.607897558395526,5.219921964736963,-0.23818139246371167,0.0033056284053910004,0.029958786854063193,-19.661282836721433,0.09750680418189536,0.5666918467778014,0.014562368584863004,0.003715641824268732,0.04839970527980448,0.04839970527980448,0.0,0.0,0.0,1.810598927519448,-0.10410614032879334,14.941919891241408,0.9278693889881926,7.2008836635532845,6.9469550112031415,7.013720701895723,0.05424334734775056,1.1207371415623977,-1.066493794214647,0.7630928215537922,-0.701316181133443,1.373023022915231,1.5159551474860096,0.4862336224395645,70.53593595195635,0.0,Utilities
2002-09-30,NRG,2002,Q3,USD,0.32617746776087514,-3.8674545355858245,-3.768787787722854,-3.8674545355858245,-4.00475395534115,-3.863742452384325,-3.872685077928594,-3.872685077928594,2.0739814339411278,0.8829465204184831,1.9410277433501764,0.10531707106916546,0.06470291408135595,0.1695739276561587,0.14117917513853034,-0.24297666716814126,0.03764534003914031,-0.32689929183670546,-4.502745066621288e-05,-4.502745066621288e-05,-28.341241192291452,5.063912037925735,-31.110018299377824,9.157365499113025,0.8277678325087835,-71.60072462157416,1.01416416057144,1.0885361010581667,-86.49855890699207,-0.11986660559381512,0.04523138704887428,0.552987869536956,-0.2943542305565331,-0.3423539407813687,0.0,0.05218557085100969,0.04322459173394138,0.7725860327817914,0.7725860327817914,0.0,0.0,0.0,1.9016918003071424,-7.364653457868633,24.329032501699352,0.8752397975881775,-0.2621912842073462,-0.2621912842073462,-0.33978751793761486,1.051612497167745,1.3611590846151909,-0.30954658744744595,0.9670219746617853,1.0355012369226282,-28.341241192291452,2.5263792836655607,0.035211027825756386,-4.616081554485282,0.0,Utilities
2002-12-31,NRG,2002,Q4,USD,0.38020163688369063,0.6977768967177367,0.9211407210217779,0.6977768967177367,0.28048200277533913,0.2925235762227068,-1.3342952620996291,-1.3342952620996291,1.2304599022907998,0.3622422716672211,0.8168652933865327,0.05194381459510715,0.032443965685161134,0.15170654604267603,0.12435863215007704,-0.03396358767748631,0.039304020124866855,-2.0296656818485714,0.024211247031451354,0.024211247031451354,-5.494308811130152,10.83269321174705,-125.3853967941784,210.09130004943157,0.8651415770095577,-13.524769498376182,1.0798417887155247,2.4024083910956406,-15.633012974738545,-0.044195209379982926,0.001858457348725379,0.05156183625499136,-1.6755643433844125,0.04007101284508496,0.0,0.002214074372323231,0.0019336377889770007,0.3737529252370982,0.3737529252370982,0.0,0.0,0.0,0.8889756048437853,-1.1861559376652149,23.7051710682007,0.9693990584325671,-1.6775962337302686,-1.6775962337302686,-1.7527227411193071,0.04583721457163717,0.12264041690793283,-0.07680320233629566,-4.757151078846134,0.4019651612065327,-5.494308811130152,2.4615961649221907,-0.042931715148271925,39.52484228196173,0.0,Utilities
2003-03-31,NRG,2003,Q1,USD,0.31690458146387945,0.031819413778400016,0.10237558025718621,0.0003711574415340714,-0.29216305377985013,-0.30069276968040753,-0.02180679442538786,-0.02180679442538786,1.5894115871643961,0.6565650531960788,1.6819518830230384,0.08844020264317988,0.05661073992427847,0.15560531194250327,0.13033275320818943,0.005318580391408742,0.03578205871771682,-75.70321999683344,0.777817577242547,0.777817577242547,-5.080686885108723,6.603378223243434,-36.44440919224833,-43.236490335707025,0.914546240100042,-12.429770068683197,1.0874908238740457,2.298793804793729,-13.591188202056909,-0.07164300309208109,-0.009503796953263383,-0.15272697140706648,1.1863682604272634,0.003081413742158313,0.0,-0.011023561414021268,-0.009453854248859382,-5.365720524017467,-5.365720524017467,0.0,0.0,0.0,1.458344452556582,-0.031801817678306185,23.559547846227435,0.8385790891467989,-1.820351954885325,-1.820351954885325,-1.8954130057148613,-0.22272853150726316,0.04150952896452758,-0.2642380604717907,0.07463912408931642,-787.1674418604651,-5.080686885108723,2.4464743350184253,-0.2042826501852388,216.6859737281419,0.0,Utilities
2003-06-30,NRG,2003,Q2,USD,0.25105222863331655,-0.08059492465408101,-1.1757697981438948,-0.914817097081396,-1.123432860904151,-0.9505536571247176,-1.1360726756670962,-1.1360726756670962,1.559761286883885,1.269582613209757,1.534198577816539,0.08564107509270068,0.05349393200028529,0.6840396451130323,0.5644745321173255,-0.047438997613127726,0.15216197217561042,-0.7915612729104654,-8.367677840088027e-05,-8.367677840088027e-05,-1.5069055482631464,3.59708453307938,26.612511984527185,17.12277719507209,0.29098649271474436,-2.2787868073275934,1.7819911765353587,82.99255981014689,-7.831246000691519,-0.12525198094031254,0.05145303062109793,0.21007599947715347,0.6434107838082879,-0.39215547009185736,0.0,0.06948252190513365,0.038619631880780395,2.8043472841937334,2.8043472841937334,0.0,0.0,0.0,2.6771681097402467,-3.041457537643224,14.562768701633706,1.663210622088024,-6.23490771661101,-6.23490771661101,-6.3905796956547825,0.5624087664220441,0.2005489011977844,0.3618598652242596,1.0112510637732035,1.2280409542938324,-1.5069055482631464,1.5122293563482558,-0.008801061113770544,-7.15739078232697,0.0,Utilities
2003-09-30,NRG,2003,Q3,USD,0.4022026543280683,-0.44782289384028445,-0.34953320591525755,-0.36010850895526614,-0.415174867156973,-0.4238821000445417,-0.4242545223237363,-0.4242545223237363,1.6600991191061474,1.1922255332170688,1.568746261771754,0.11088620123978676,0.06597504101320403,0.7867636430470214,0.6643292078805115,-0.018743964067344434,0.14006756310468643,-1.691000056180959,0.03173234673327231,0.03173234673327231,-1.2580494338816772,2.869657684337856,28.22361918157444,19.80147281642219,0.9046941788965885,-6.011595351932482,1.199537259051531,1.2465569442478655,-6.644892265433312,-1.1814552216149241,0.04656235132622986,0.14492142634753552,0.7015922617517963,-0.15913449789083337,-5.705714353152217,0.06647551899939937,0.01056842994019483,3.3511195315191182,3.3511195315191182,0.0,0.0,0.0,3.355800955827951,-1.4237137315283248,46.22879881621308,1.462956667799796,-7.493981083404987,-7.856035913535564,-7.654707152712512,0.48632746105700975,0.14512387770201363,0.3412035833549961,1.0218694720827846,1.152916015124062,-1.2580494338816772,4.778504874314731,-0.01790820921495951,-46.19412994651267,0.0,Utilities
2003-12-31,NRG,2003,Q4,USD,-0.05501637648681262,1.5698988680112624,1.7380882606447163,10.669893121875539,10.607754410159169,10.690768832959835,10.582362236396024,10.582362236396024,0.3746689917974553,1.9243636706651783,1.7827756631840603,0.07881102810962898,0.03758498492486405,1.0432626700181278,0.9416054143237944,0.5513997868279854,0.27792827985258967,0.14864400019873497,-0.00010644199711659286,-0.00010644199711659286,0.898551485769242,6.292018617479745,-4.293200080767051,-4.642958603465894,0.4899780392507494,1.861723594074648,0.6505602420616186,0.6003552316318814,3.7996061964766934,-1.9452408497225155,-0.23279361518047992,-1.355174395219215,1.0814680229476639,0.6741374304302186,57.985869531274396,-0.5383287091829806,-0.10395202465147635,-12.274754729747313,-12.274754729747313,0.0,0.0,0.0,1.7403,18.416485,23.007715,2.815665,12.37272,9.965235,12.18628,-2.35841,0.192135,-2.550545,0.9976062630429278,0.9941762573432931,0.898551485769242,2.0719164383561646,-0.007825824353659874,10.189721948098962,0.0,Utilities
2004-03-31,NRG,2004,Q1,USD,1.0,0.19177773449008076,0.33844360695271963,0.20191349508264284,0.06769838062871981,0.05062406727981364,0.04867451104131417,0.04867451104131417,0.8620746125523733,0.0,0.0,0.14381991826464133,0.06795232320244414,1.3031674671342617,1.1931437180555622,0.020426668348821262,0.5013114983115513,18.359513808500083,-0.18510331282282944,-0.18510331282282944,0.9078214366755183,3.574561430339989,6.968823579259241,6.28390675455006,0.4888186672716918,1.826926780205695,0.6462589668037892,0.6116164683744805,3.7374325133746686,2.1016363657894157,0.21277042878407607,0.5688438052890769,0.9017170090590836,0.2726655631442044,1.2274373177271927,0.5729381510163314,0.07907688616815244,10.174700529831837,10.174700529831837,0.0,0.0,0.0,3.1052760503109442,0.1511477933971885,22.848787218300707,4.16188086144494,12.2547191505529,12.2547191505529,12.227074126657202,1.7664170449319123,0.17360875042492352,1.5928082945069888,0.7189907733282602,0.3352840809427373,0.9078214366755183,2.0124296545540723,0.3378674022638638,27.856498121105457,0.0,Utilities
2004-06-30,NRG,2004,Q2,USD,1.0,0.20358426562821394,0.35831848750335554,0.20265690967343822,0.18336372225340525,0.12097463019066577,0.1447233097543204,0.1447233097543204,1.8290318158195946,0.0,0.0,0.14629980143944923,0.06707068345166033,2.6390841265194562,2.360469920029329,0.02602983868982308,1.1229217338013564,7.473694353439969,0.04152052418577761,0.04152052418577761,0.9786702144019229,4.326471131688032,-45.032005225342914,-98.61665607120152,0.4719394617851057,1.5916813284134006,0.6141500928232603,0.6073267843359792,3.372638775305807,0.674248634722734,-0.03442870079806516,-0.043871606522171126,2.189923712650985,1.4817837161044032,0.0,-0.2203640630061903,-0.006234906956994799,-0.8403900093495392,-0.8403900093495392,0.0,0.0,0.0,2.8660771382893686,0.4147881694644285,20.167006394884094,4.101099120703437,12.698596123101519,12.698596123101519,12.670253796962431,-0.12573940847322143,0.1496203037569944,-0.2753597122302158,0.7892690439296137,0.9047987682674029,0.9786702144019229,1.6263714834583947,0.3452957002024888,27.71838605162533,0.0,Utilities
2004-09-30,NRG,2004,Q3,USD,1.0,0.1965143745374285,0.29734300591926655,0.13021727054394286,0.09493573862259608,0.07145812419745394,0.08937581490877143,0.08937581490877143,2.5043365188135978,0.0,0.0,0.18103987745714625,0.07411358798590302,2.886792607499887,2.593076396545576,0.021524703999272057,1.509408673768429,12.433932148060716,-0.34815010014570014,-0.34815010014570014,1.0383381405239818,4.445171273013188,11.669166068075016,11.019843246225202,0.4411824495356715,1.3904990506905452,0.5816773072086645,0.5748217776818804,3.1517551347611286,0.4704268994828633,0.3343416250985407,0.4033788116301802,0.9443556790552275,1.6594875380850107,0.0,2.4445831876529645,0.0677630106974261,17.971285892634207,17.971285892634207,0.0,0.0,0.0,3.0302544430125575,0.27083146022517257,18.038461154234223,5.518341475110139,13.000584409746157,13.000584409746157,12.972652620852939,1.222340436159479,0.06801630353343123,1.1543241326260476,0.9414348716880231,0.7290564318084002,1.0383381405239818,1.3391582148651984,0.24766468729381533,28.845060564231346,0.0,Utilities
2004-12-31,NRG,2004,Q4,USD,1.0,-0.007335510516068056,0.09889080745705171,-0.007335510516068056,0.03135797325749346,0.030934472767713425,0.031223692614392475,0.031223692614392475,2.134769809739766,0.0,0.0,0.17213341863850923,0.07418530304106193,1.9470614674876672,1.7190987378911173,0.015558210048794176,1.0203172782347572,43.240747091580744,-0.6867648067486354,-0.6867648067486354,1.1652446582006148,5.40054318241681,68.34040738078122,38.270461388312796,0.48098397604708437,1.3989184908497403,0.583145486678965,0.5750835457654652,2.9084513424887932,0.4817826038453994,0.07534415928804963,0.14111518352548663,0.5599975600829572,0.11193150684931506,0.0,0.16041095890410959,0.021765117290536304,2.2727146699198713,2.2727146699198713,0.0,0.0,0.0,3.3367014004572453,0.10418413887388991,21.633663821329687,6.376417402892823,15.499626621325092,15.499626621325092,15.464563491607596,0.47085923049527245,0.20717921027538114,0.26368002021989134,0.9957178149876476,-4.27481811781272,1.1652446582006148,1.3243690276546056,0.01350535273126544,100.84958515397872,0.0,Utilities
2005-03-31,NRG,2005,Q1,USD,1.0,0.07319402071390786,0.1796580508432284,0.08301200049239614,0.045619836910413845,0.03659701035695393,0.03160650894464203,0.03160650894464203,2.614854607538224,0.0,0.0,0.1803912695645285,0.0824238910846643,2.244579076083683,1.9651406381557548,0.017744393828721183,1.021371805975164,39.081315789473685,3.908131578947374,3.908131578947374,1.137960759973794,4.940895828273519,57.05411168097735,46.52464717031375,0.4426613309918229,1.2369155852863312,0.5529558618225652,0.5463442078930257,2.79427069564651,0.61337233772813,0.08545643650635358,0.106199533554468,0.8154477530113877,1.2127814600667512,0.0,0.7502585436938842,0.019774437417704595,5.418519775929384,4.045178050944114,0.21052631578947367,0.0013467197274239272,0.1346719727423927,3.45483908045977,0.10919540229885058,18.55437356321839,4.385201149425288,15.038310344827586,15.038310344827586,15.00051724137931,0.36690229885057474,0.06771264367816092,0.2991896551724138,0.6928238039673279,0.5495571319786782,1.137960759973794,1.0869580294796948,0.17510210035005835,50.32977777777778,0.022988505747126436,Utilities
2005-06-30,NRG,2005,Q2,USD,1.0,0.09408673428366637,0.19159480435946608,0.07955461050658008,0.0533950770399287,0.03934536160953321,0.034213357921333225,0.034213357921333225,1.8636963591149653,0.0,0.0,0.1766784035784988,0.08027931527738714,2.3803782635179043,2.0891779196650995,0.016475432125734046,1.0467685593406775,40.89,4.497900000000004,4.497900000000004,1.2578389026439918,5.595936821613263,709.8958333333334,111.40551033613733,0.440963906052243,1.234672010969561,0.5525070367860704,0.5454088434652361,2.799938938365817,0.5801347703544917,0.037339311760300004,0.05023034143220537,0.1569321935769506,0.7354233749690386,0.9197982594936709,0.3235770565871398,0.009144642817657448,1.1861442132902444,1.0211441488436794,0.2,0.001222792858889704,0.1222792858889704,3.359580459770115,0.11494252873563218,18.744316091954023,4.730810344827586,14.98698275862069,13.401614942528736,14.946270114942529,0.1687528735632184,0.14227011494252872,0.026482758620689655,0.6407586582513696,0.6711751424578002,1.2578389026439918,0.9815819882611886,0.2588985358664659,50.52669642857143,0.022988505747126436,Utilities
2005-09-30,NRG,2005,Q3,USD,1.0,-0.01045319841738576,0.06271919050431456,-0.0010244134449038044,-0.036891950514558694,-0.04834604268040914,-0.035124053332218325,-0.040506143867369816,0.7318044775591346,0.0,0.0,0.23718123143234882,0.09817574977547561,1.2966715502635644,1.1876757720045665,0.005313485517365362,0.31906380590701033,-33.28001190431903,0.14262862244708155,0.14262862244708155,1.7722150905719583,4.67571565209665,-17.209141274238227,-17.985976728405923,0.3902828436428971,1.506758229131999,0.6010784014275424,0.5867054259281774,3.8606827168417883,0.9335780371605817,-0.10653684438247131,-0.259964511391373,1.0451408609987183,0.22433872653729037,0.0,-1.130272008362496,-0.06539413975423333,-22.15287829863044,-15.32663123025961,-0.14880398794687696,0.0011178180192264698,0.11178180192264699,4.555452380952381,-0.1600059523809524,18.109511904761906,3.5466904761904763,13.48945238095238,11.888875,12.018857142857144,-1.1842559523809524,0.05345833333333333,-1.2377142857142858,0.952079053623291,36.01275510204081,1.7722150905719583,0.8502118265146434,-0.3014450662322023,125.519875,0.023809523809523808,Utilities
2005-12-31,NRG,2005,Q4,USD,1.0,0.21239407610315067,0.30224446268290006,0.21239407610315067,0.11998348083829519,0.09149446137600435,0.0740604726780384,0.0740604726780384,2.6942676056338026,0.0,0.0,0.2517841395195788,0.10297025972278294,1.6202064896755162,1.4284660766961652,0.02532202705431052,0.37315634218289084,24.321233831548113,-0.0884408502965386,-0.0884408502965386,2.22569236980218,7.204968294710209,45.46124730969992,30.332928016902244,0.3609204683084376,1.082761404925313,0.5198681915099825,0.4931450787804379,3.0,1.0969995562809896,0.13403466076696166,0.23752960118770683,0.6672260400217881,1.4210797682528054,3.502392138269902,1.7995148514851484,0.06776696495152872,3.005042822657981,2.6645799736109077,0.13637085531772222,0.0014017674459100606,0.14017674459100604,3.269965811965812,0.24217521367521366,11.659837606837607,2.1623931623931623,10.58974358974359,10.58974358974359,10.585470085470085,0.7767136752136752,0.2584700854700855,0.5182435897435897,0.6172555768560474,0.5649097330757208,2.22569236980218,0.45546558704453444,0.23744118159637503,33.247171043244016,0.033025641025641025,Utilities
2006-03-31,NRG,2006,Q1,USD,1.0,0.18006993006993008,0.34965034965034963,0.18793706293706294,0.015734265734265736,0.013111888111888112,0.022727272727272728,0.013986013986013986,1.2882882882882882,0.0,0.0,0.09989521480964024,0.058645614394832624,1.8066176470588236,1.5036764705882353,0.012636961285609934,0.6014705882352941,50.8725,-0.8379,-0.8379,0.9096870701513067,4.6247727272727275,15.984108761329304,14.455573770491803,0.40795611831650175,1.3682943603851445,0.5777551909394512,0.5735445079923742,3.3540233837689133,1.1805985552115583,0.2691176470588235,0.31993006993006995,0.9043715846994536,3.0,0.0,2.6911764705882355,0.04599145513948228,10.457142857142857,8.133333333333333,0.38461538461538464,0.0018900947693517355,0.18900947693517353,4.888888888888889,0.1111111111111111,34.00854700854701,3.4957264957264957,24.858974358974358,7.047008547008547,24.854700854700855,1.564102564102564,0.14957264957264957,1.4145299145299146,1.4444444444444444,0.08372093023255814,0.9096870701513067,1.504137417450111,-0.4444444444444444,31.07685,0.042735042735042736,Utilities
2006-06-30,NRG,2006,Q2,USD,1.0,0.29796205200281095,0.2241742796907941,0.3021784961349262,0.20660576247364723,0.14195361911454674,0.13352073085031624,0.13352073085031624,1.4931794333683106,0.0,0.0,0.12044011849344054,0.07319205843020266,1.7852760736196318,1.5386503067484663,0.012370670265407108,0.587116564417178,8.685078947368421,0.016471701451905626,0.016471701451905626,1.08154350319515,4.638552354181307,33.0033,27.617824267782428,0.3989301512190104,1.2708504014419137,0.5596363373980807,0.555628367554973,3.18564640340816,1.197307530500631,0.14662576687116563,0.1679550245959241,0.8368200836820083,1.832,0.0,1.912,0.03081485301701908,6.128205128205129,4.596153846153846,0.06842105263157895,0.0019695000196950003,0.1969500019695,5.193430656934306,0.6934306569343066,28.306569343065693,3.4927007299270074,22.277372262773724,12.627737226277372,22.273722627737225,0.8722627737226277,0.14233576642335766,0.7299270072992701,0.6462585034013606,0.6837209302325581,1.08154350319515,1.1750340117503402,0.30612244897959184,42.00520376175549,0.04744525547445255,Utilities
2006-09-30,NRG,2006,Q3,USD,1.0,0.358,0.408,0.3575,0.304,0.1855,0.204,0.204,2.2197558268590454,0.0,0.0,0.17114495978093444,0.10141473556107702,2.045125348189415,1.8239554317548747,0.03062340503098797,0.7732590529247911,3.775,0.0321574074074074,0.0321574074074074,1.0259450457951707,3.0804,16.561290322580646,13.480962800875272,0.4030728664875006,1.3237302248126561,0.5696574458936505,0.5658303810281252,3.284096586178185,1.267427122940431,0.2545961002785515,0.2285,0.8140043763676149,4.723577235772358,0.0,3.7154471544715446,0.05749150836583218,5.376470588235295,4.616161616161616,0.03431372549019608,0.0022724321516686143,0.22724321516686144,7.352941176470588,1.5,29.22426470588235,5.102941176470588,22.080882352941178,12.713235294117647,22.077205882352942,1.6801470588235294,0.3125,1.3676470588235294,0.6710526315789473,0.8503496503496504,1.0259450457951707,1.290254512400987,0.38651315789473684,15.590441176470588,0.051470588235294115,Utilities
2006-12-31,NRG,2006,Q4,USD,1.0,0.08741258741258741,0.21853146853146854,0.08741258741258741,-0.027972027972027972,-0.028846153846153848,-0.026223776223776224,-0.037587412587412584,3.075268817204301,0.0,0.0,0.09862068965517241,0.0588628762541806,1.517224409448819,1.31003937007874,0.006750871080139373,0.391240157480315,-56.93333333333334,0.5271604938271606,0.5271604938271606,1.2074938140685756,5.972027972027972,-9.718349928876245,-10.658346333853354,0.4516079238487265,1.5512548603746907,0.6080360235538621,0.6044739601537924,3.434959349593496,0.7816877348821318,-0.3154527559055118,-0.5603146853146853,1.0967238689547583,0.8058252427184466,0.5586592178770949,-4.930769230769231,-0.07303178762675173,-10.338709677419354,-8.546666666666667,-0.43333333333333335,0.0019028103044496487,0.19028103044496486,4.688524590163935,-0.12295081967213115,36.704918032786885,3.2581967213114753,23.192622950819672,11.84016393442623,23.188524590163933,-2.627049180327869,0.2540983606557377,-2.8811475409836067,0.9375,-0.32,1.2074938140685756,1.2846896955503513,-0.03125,59.256,0.05327868852459016,Utilities
2007-03-31,NRG,2007,Q1,USD,1.0,0.19083969465648856,0.3137404580152672,0.19541984732824427,0.09236641221374046,0.046564885496183206,0.038931297709923665,0.038931297709923665,1.4802259887005649,0.0,0.0,0.11370540751670861,0.07001229223451445,1.7021683673469388,1.4470663265306123,0.015839808726838017,0.4177295918367347,43.08274509803922,-0.15666452762923352,-0.15666452762923352,1.6501840030041308,6.709068702290076,-8788.88,82.91396226415095,0.4684944684944685,1.6458880961321818,0.6220550667045132,0.6185633459858196,3.51314307172362,1.2174721189591078,0.06760204081632654,0.08091603053435115,-0.009433962264150943,2.751937984496124,0.0,0.8217054263565892,0.012092174309833448,0.9906542056074766,0.8760330578512396,0.27450980392156865,0.001592921965028536,0.1592921965028536,5.368852459016393,0.20901639344262296,35.92622950819672,2.6844262295081966,21.831967213114755,10.581967213114755,21.827868852459016,0.4344262295081967,0.4385245901639344,-0.004098360655737705,0.4214876033057851,0.47265625,1.6501840030041308,0.9973967103885819,0.4628099173553719,41.118929440389294,0.05737704918032787,Utilities
2007-06-30,NRG,2007,Q2,USD,1.0,0.25387596899224807,0.3695090439276486,0.28294573643410853,0.16149870801033592,0.09237726098191215,0.0872093023255814,0.0872093023255814,1.4913294797687862,0.0,0.0,0.13514929282346777,0.0817490494296578,1.8218844984802431,1.5604863221884497,0.023084840464637553,0.48328267477203646,18.475555555555555,0.11085333333333332,0.11085333333333332,1.870766922932683,6.444961240310078,39.12470588235294,28.262889518413594,0.461290663286861,1.637914869679355,0.6209127096957634,0.617486730741644,3.5507219201200075,1.2621280065226255,0.21458966565349544,0.2280361757105943,0.7223796033994334,1.57,2.5172413793103448,2.8015873015873014,0.04041213508872352,3.6020408163265305,3.1517857142857144,0.1037037037037037,0.001403255552882688,0.1403255552882688,6.45,0.5625,37.12083333333333,3.3125,22.225,10.908333333333333,22.220833333333335,1.4708333333333334,0.4083333333333333,1.0625,0.54,0.5707762557077626,1.870766922932683,0.8755312324593056,0.404,31.323076923076922,0.058333333333333334,Utilities
2007-09-30,NRG,2007,Q3,USD,1.0,0.3101903695408735,0.40033594624860025,0.3101903695408735,0.23236282194848823,0.15005599104143338,0.1427771556550952,0.1427771556550952,1.7407407407407407,0.0,0.0,0.15648821519320075,0.09300145802957717,2.0801242236024846,1.8167701863354038,0.02989910891818249,0.7273291925465839,10.059088235294118,0.11045273356401386,0.11045273356401386,1.8243723328591748,5.7448320268757,24.84326876513317,19.8457833655706,0.45553009789627164,1.5554765291607398,0.608683551349847,0.6051393667064523,3.414651493598862,1.1556130702038174,0.32111801242236027,0.2894736842105263,0.7988394584139265,4.403100775193798,0.0,4.007751937984496,0.05909922267946959,4.971153846153846,4.418803418803419,0.050980392156862744,0.0012670231874989646,0.12670231874989646,7.472803347280335,1.0669456066945606,36.60251046025105,4.899581589958159,23.535564853556487,12.309623430962343,23.531380753138077,2.1631799163179917,0.4351464435146444,1.7280334728033473,0.6144578313253012,0.7490974729241877,1.8243723328591748,0.8526091418646877,0.3542168674698795,24.94723076923077,0.05439330543933055,Utilities
2007-12-31,NRG,2007,Q4,USD,1.0,0.28773234200743497,-0.39851301115241633,0.2319702602230483,0.11895910780669144,0.06468401486988848,0.06691449814126393,0.10111524163568773,2.626953125,0.0,0.0,0.11881625441696113,0.0697831275293141,1.5643390425999122,1.3662714097496707,0.011764705882352941,0.4971453667105841,28.411777777777782,-0.48254924162257506,-0.48254924162257506,1.8583284883720934,7.604639405204461,49.17423076923077,18.90617375231054,0.433796824737989,1.519077034883721,0.6030292102416156,0.5892230763489813,3.5018168604651163,0.8895502645502645,0.2375933245498463,0.40223048327137545,0.3844731977818854,-1.3068669527896997,0.0,1.1609442060085837,0.06470517880636288,1.6246246246246245,1.559077809798271,0.15555555555555556,0.001368759434663246,0.1368759434663246,5.6991525423728815,0.3813559322033898,35.42796610169491,4.796610169491525,23.322033898305083,12.055084745762711,23.322033898305083,2.292372881355932,1.4110169491525424,0.8813559322033898,0.5625,0.5128205128205128,1.8583284883720934,0.8174426880871001,0.45625,-32.5694776119403,0.059322033898305086,Utilities
2008-03-31,NRG,2008,Q1,USD,0.3824884792626728,0.195852534562212,0.3118279569892473,0.19201228878648233,0.07834101382488479,0.03456221198156682,0.039938556067588324,0.026881720430107527,1.3218274111675128,2.303724928366762,1.7709251101321586,0.11543576558205515,0.06207685706112329,1.4375905010136114,1.3061106284390385,0.011243806377842714,0.24152910512597742,44.23865384615385,-0.884773076923077,-0.884773076923077,1.758723241590214,7.067311827956989,-83.65127272727273,170.40074074074076,0.3924382568894822,1.573203363914373,0.6113793359578102,0.6075901897547439,4.008792048929664,0.9313304721030042,0.015638575152041704,0.041474654377880185,-2.037037037037037,1.2307692307692308,1.6025641025641026,0.4153846153846154,0.006560563722512453,0.32926829268292684,0.30337078651685395,0.2692307692307692,0.0015214679122417308,0.15214679122417307,5.516949152542373,0.22033898305084745,35.53813559322034,3.5338983050847457,22.16949152542373,10.991525423728813,22.16949152542373,0.2288135593220339,0.6949152542372882,-0.4661016949152542,0.5098039215686274,0.408,1.758723241590214,0.8945144561186918,0.5294117647058824,40.88334975369458,0.059322033898305086,Utilities
2008-06-30,NRG,2008,Q2,USD,0.2317629179331307,0.037993920972644375,0.16033434650455927,0.04331306990881459,-0.06990881458966565,-0.03115501519756839,0.0858662613981763,0.0858662613981763,1.0831275720164608,2.063265306122449,2.2268722466960353,0.11513560804899388,0.049124640710739485,1.2984599044078597,1.2381837493361656,0.010007245064299945,0.16768454593733403,22.399115044247786,0.18953097345132747,0.18953097345132747,2.155044699872286,7.693313069908815,56.24666666666667,23.82211764705882,0.30602112807495613,1.744997871434653,0.6357009925558312,0.631991226695911,5.702213707960834,0.7001862197392924,0.0564259160913436,0.3229483282674772,0.4235294117647059,0.9635036496350365,0.3958333333333333,3.269230769230769,0.05184191266162479,1.7346938775510203,1.640926640926641,0.12389380530973451,0.0013827979929674846,0.13827979929674847,5.576271186440678,0.4788135593220339,35.347457627118644,5.351694915254237,19.9364406779661,8.834745762711865,19.906779661016948,1.8008474576271187,1.0381355932203389,0.7627118644067796,-1.2282608695652173,-1.6140350877192982,2.155044699872286,0.8097269961676742,0.5760869565217391,80.85023696682464,0.059322033898305086,Utilities
2008-09-30,NRG,2008,Q3,USD,1.0,0.5386617100371747,0.5776951672862454,0.5386617100371747,0.4884758364312268,0.29144981412639404,0.2799256505576208,0.2799256505576208,2.7420998980632008,0.0,0.0,0.2344839609483961,0.11358358316091711,1.4009416195856874,1.315065913370998,0.04880863093521029,0.2792843691148776,1.9310258964143427,0.0033103301081388735,0.0033103301081388735,0.916955699195964,2.162174721189591,15.934931506849315,9.613636363636365,0.3454376557024026,1.2897682484628725,0.5632745800055081,0.5595750590195806,3.7337222134636607,1.2291523874800092,0.11393596986817325,0.22490706319702602,0.6033057851239669,3.324675324675325,7.790322580645161,4.959016393442623,0.07395183962840729,2.5208333333333335,2.391304347826087,0.017264276228419653,0.00223511712873415,0.22351171287341498,11.446808510638299,3.204255319148936,35.60425531914893,6.31063829787234,27.02127659574468,15.923404255319149,26.99148936170213,2.574468085106383,1.0212765957446808,1.553191489361702,0.5730593607305936,0.906832298136646,0.916955699195964,1.4065764023210832,0.4033485540334855,8.052927927927929,0.05531914893617021,Utilities
2008-12-31,NRG,2008,Q4,USD,1.0,0.3760304375396322,0.4844641724793913,0.3278376664552949,0.2568167406467977,0.14140773620798985,0.13253012048192772,0.1616994292961319,2.9642857142857144,0.0,0.0,0.13659592897358164,0.06356820380522413,1.2903814010028871,1.2212429721926759,0.01700661054296853,0.22701717064275945,6.474354066985645,-0.0907516296568928,-0.0907516296568928,0.7613672809115205,3.4321876981610653,58.832173913043476,15.464457142857142,0.3292486294743631,1.148966099310733,0.5346599463245402,0.5200837102545062,3.4896609931073286,0.7806930693069307,0.05318340677708555,0.2219403931515536,0.26285714285714284,1.2543103448275863,0.0,0.7543103448275862,0.04285014691478942,1.3565891472868217,1.286764705882353,0.06698564593301436,0.0025865764074670767,0.25865764074670766,6.797413793103448,0.9008620689655172,35.206896551724135,9.689655172413794,30.642241379310345,19.724137931034484,30.642241379310345,1.5086206896551724,1.1120689655172413,0.39655172413793105,0.5160493827160494,0.7833655705996132,0.7613672809115205,1.5090825782993629,0.44938271604938274,15.820104712041886,0.0603448275862069,Utilities
2009-03-31,NRG,2009,Q1,USD,0.5379975874547648,0.3823884197828709,0.47285886610373945,0.3709288299155609,0.2991556091676719,0.11942098914354644,0.11097708082026538,0.11097708082026538,4.155388471177945,2.1396648044692737,1.569672131147541,0.14362439362439364,0.06851805934374741,1.3724261414503134,1.2850492390331245,0.01966409658717351,0.21271262309758282,5.667391304347827,-0.332959239130435,-0.332959239130435,0.5591420911528151,2.515802171290712,-44.374468085106386,30.00863309352518,0.3284568972642367,1.0654155495978552,0.5158359293873312,0.5074281941234731,3.2436997319034853,0.8308694562766225,0.024888093106535364,0.08383594692400483,-0.6762589928057554,1.2119700748129676,4.456521739130435,0.5285171102661597,0.017488676396577755,0.5965665236051502,0.562753036437247,0.07608695652173914,0.0033563482930571535,0.33563482930571537,6.9957805907173,0.7763713080168776,34.118143459915615,26.68776371308017,31.50632911392405,20.81856540084388,31.476793248945146,0.5864978902953587,0.9831223628691983,-0.39662447257383965,0.3709677419354839,0.8065040650406504,0.5591420911528151,1.905446873801304,0.6008064516129032,13.942857142857143,0.05907172995780591,Utilities
2009-06-30,NRG,2009,Q2,USD,0.44479213232007153,0.33124720607957087,0.3719266875279392,0.27670987930263746,0.2601698703620921,0.19311578006258381,0.19669199821189093,0.19669199821189093,1.8861720067453627,1.4492415402567094,2.3433962264150945,0.19269532259453873,0.08192638710858817,1.405845134076529,1.3260018077734257,0.033573264781491,0.34377824645977706,3.7317500000000003,0.03234183333333334,0.03234183333333334,0.8374193548387097,2.936021457308896,14.85945701357466,11.265660377358492,0.32034425929316973,1.115262017085299,0.5272453285111512,0.5139740967961827,3.4814484253474434,0.9371596145789695,0.08782765893341368,0.26061689763075546,0.758147512864494,1.1143790849673203,3.893081761006289,1.2869757174392935,0.06665142334514691,4.134751773049645,3.939189189189189,0.015909090909090907,0.0010657929194808674,0.10657929194808674,8.84189723320158,1.7391304347826086,35.201581027667984,28.23715415019763,31.047430830039527,15.91304347826087,31.0,2.3043478260869565,0.5573122529644269,1.7470355731225296,0.7560137457044673,0.9402261712439418,0.8374193548387097,1.3317843809570211,0.25773195876288657,15.664519230769232,0.02766798418972332,Utilities
2009-09-30,NRG,2009,Q3,USD,0.3508230452674897,0.21330589849108367,0.311042524005487,0.20953360768175583,0.1522633744855967,0.0953360768175583,0.09327846364883402,0.09327846364883402,2.6058981233243967,2.6110344827586207,3.551594746716698,0.25116279069767444,0.11235262387300608,1.5766129032258065,1.4742703533026114,0.030736121840856417,0.43202764976958524,6.45157169117647,-0.1837057701894317,-0.1837057701894317,0.8976099744245525,2.407170781893004,23.089835526315788,12.579408602150538,0.33775140633428374,1.1209718670076727,0.5285180272518992,0.5127422269300268,3.318925831202046,1.0236966824644549,0.10714285714285714,0.19135802469135801,0.5448028673835126,1.0363636363636364,3.432584269662921,1.0391061452513966,0.06365503080082136,2.1968503937007875,2.146153846153846,0.022058823529411766,0.000854784872017335,0.08547848720173351,11.710843373493976,1.0923694779116466,35.91967871485944,10.21285140562249,31.453815261044177,16.755020080321284,31.40562248995984,2.2409638554216866,1.0200803212851406,1.2208835341365463,0.6126126126126126,0.7266775777414075,0.8976099744245525,1.2488406980173266,0.3738738738738739,14.92316427783903,0.024096385542168676,Utilities
2009-12-31,NRG,2009,Q4,USD,0.33582438113031293,0.14292386735170481,0.2933208780943484,0.1466604390471742,0.06865950490425035,0.015413358243811303,0.012610929472209247,0.012610929472209247,2.357929515418502,2.051948051948052,2.6284658040665434,0.18514354894500173,0.09158182907006587,1.6501860712387029,1.5063795853269537,0.021235890568203557,0.6124401913875598,53.1225,-0.6031617187499999,-0.6031617187499999,0.7465491216655823,2.6796964035497433,7.968375,6.945799031476998,0.36008212849687743,1.0953806115810019,0.5227597342110166,0.5052150399175895,3.0420299284320103,0.7858322628005139,0.21956406166932482,0.38580102755721624,0.8716707021791767,0.7041095890410959,1.9748427672955975,1.446584938704028,0.09812306961273462,7.7924528301886795,7.375,0.2222222222222222,0.0010458008481444877,0.10458008481444878,8.810699588477366,0.1111111111111111,35.2962962962963,16.94238683127572,31.674897119341562,17.292181069958847,31.625514403292183,3.39917695473251,0.43621399176954734,2.962962962962963,0.1836734693877551,0.4681528662420382,0.7465491216655823,1.4672585899467165,0.7755102040816326,18.871385350318473,0.024691358024691357,Utilities
2010-03-31,NRG,2010,Q1,USD,0.2600451467268623,0.12460496613995485,0.2203160270880361,0.11647855530474041,0.05553047404063206,0.02618510158013544,0.02528216704288939,0.02528216704288939,3.164285714285714,2.754621848739496,2.9854280510018216,0.19050485937903155,0.09012124664333958,1.6335773101555353,1.5080054894784996,0.01618650721749109,0.4146843549862763,23.69910714285714,0.3423204365079365,0.3423204365079365,0.6628293170183543,2.3966591422121897,-74.76901408450705,46.56666666666666,0.32541297094962973,0.9986265451367212,0.49965640032485786,0.49485966572059287,3.068797602696966,0.8493098159509203,0.02607502287282708,0.05146726862302483,-0.6228070175438597,1.3868852459016394,1.6862745098039216,0.75,0.014253563390847712,0.6162162162162163,0.6096256684491979,0.03571428571428571,0.00037674716497758355,0.03767471649775835,8.720472440944881,0.2204724409448819,32.09055118110236,19.866141732283463,31.578740157480315,18.19685039370079,31.531496062992126,0.44881889763779526,0.7283464566929134,-0.2795275590551181,0.45528455284552843,0.47674418604651164,0.6628293170183543,1.5066119127453566,0.5284552845528455,23.552459016393442,0.007874015748031496,Utilities
2010-06-30,NRG,2010,Q2,USD,0.3769338959212377,0.2222222222222222,0.3244256915142991,0.20815752461322082,0.15330520393811534,0.09845288326300984,0.09751523675574308,0.09751523675574308,2.3465346534653464,1.9260869565217391,2.4841121495327103,0.1808700076316459,0.08496992391347648,1.8042492917847026,1.6526912181303117,0.024951678088209455,0.6141643059490085,6.500661057692308,0.023835757211538466,0.023835757211538466,0.6749719206289779,2.5356540084388186,15.631647398843931,11.015376782077393,0.3772457475202167,1.1818295270185948,0.5416690499342218,0.499312671832042,3.132784225633346,0.7605633802816901,0.13909348441926345,0.2301922175339897,0.7046843177189409,1.7638036809815951,3.020408163265306,2.7430167597765363,0.05184794086589229,3.386206896551724,3.3175675675675675,0.014423076923076924,0.0005546773164711429,0.05546773164711429,8.364705882352942,0.8156862745098039,37.713725490196076,16.776470588235295,31.49019607843137,18.384313725490195,31.423529411764704,1.9254901960784314,0.5686274509803921,1.3568627450980393,0.636085626911315,0.7364864864864865,0.6749719206289779,1.5105712251897458,0.3577981651376147,18.36784682080925,0.011764705882352941,Utilities
2010-09-30,NRG,2010,Q3,USD,0.3165735567970205,0.1787709497206704,0.2569832402234637,0.1690875232774674,0.11620111731843576,0.08305400372439478,0.08230912476722532,0.08230912476722532,2.9701327433628317,2.3986928104575163,3.963282937365011,0.2266970618034448,0.09792479667383931,1.895582329317269,1.7922802320392681,0.022450255234920304,0.7690763052208835,5.935113122171946,0.8111321266968319,0.8111321266968319,0.6395221843003412,1.9540558659217877,16.39575,9.788507462686567,0.38367555344833876,1.2823013164310093,0.5618457594531083,0.5248740371807494,3.342150170648464,0.7835984240478623,0.11958946898705936,0.19962756052141528,0.5970149253731343,1.843558282208589,2.6863905325443787,3.4140127388535033,0.05095057034220532,2.4814814814814814,2.458715596330275,0.00904977375565611,0.00038119634661421404,0.0381196346614214,10.654761904761905,0.876984126984127,42.416666666666664,25.32936507936508,32.62301587301587,19.71031746031746,32.55555555555556,2.126984126984127,0.8571428571428571,1.2698412698412698,0.7083333333333334,0.6872246696035242,0.6395221843003412,1.7573151578915267,0.28525641025641024,17.854550724637683,0.007936507936507936,Utilities
2010-12-31,NRG,2010,Q4,USD,0.30066079295154186,0.08480176211453745,0.22191629955947137,0.08370044052863436,-0.004955947136563877,-0.008259911894273128,-0.008259911894273128,-0.009361233480176211,1.6243291592128801,1.6219667943805876,2.803532008830022,0.1450826875449389,0.06751933372992266,1.6912322274881517,1.5838862559241706,0.012430939226519336,0.6992890995260663,-80.114,0.7492063761955366,0.7492063761955366,0.5967523277467411,2.6469383259911896,19.150756972111555,9.972697095435684,0.3424672813801309,1.1435133457479827,0.5334761959921233,0.5206213176218533,3.339044072004966,0.5240225075746645,0.11421800947867299,0.2654185022026432,0.520746887966805,0.634185303514377,0.9325153374233128,1.041036717062635,0.052328737379220495,2.0865800865800868,2.0686695278969958,-0.13333333333333333,0.0004160737615564488,0.04160737615564488,7.382113821138211,-0.06097560975609756,38.10569105691057,13.654471544715447,32.8130081300813,18.0,32.74390243902439,1.9593495934959348,0.9390243902439024,1.0203252032520325,1.6666666666666667,-0.05921052631578947,0.5967523277467411,1.9162277088482247,-0.6666666666666666,27.461141439205957,0.008130081300813009,Utilities
2011-03-31,NRG,2011,Q1,USD,0.33634085213032583,-0.0962406015037594,-0.16691729323308271,0.1573934837092732,-0.18295739348370926,-0.13032581453634084,-0.13032581453634084,-0.13132832080200502,2.903930131004367,2.3309859154929575,3.1674641148325358,0.17229467138785734,0.07966297967495907,2.127418278852568,1.9879919946631088,0.00022933149868134388,0.9042695130086724,-5.11575,-0.0031553159757330635,-0.0031553159757330635,0.6999579002762795,2.666857142857143,-532.038,24.631388888888885,0.3574651599249291,1.1777397710827522,0.5408083126925632,0.5366091568615498,3.2946980660439418,0.6336350643163411,0.07204803202134756,0.10827067669172932,-0.046296296296296294,-0.7058823529411765,1.8150289017341041,1.44,0.024128686327077747,0.9557522123893806,0.9473684210526315,-0.007692307692307693,0.0003759129986955819,0.03759129986955819,8.076923076923077,-1.0526315789473684,36.94331983805668,12.259109311740891,30.77327935222672,16.40485829959514,30.77327935222672,0.8744939271255061,0.9149797570850202,-0.04048582995951417,0.7123287671232876,-1.1624203821656052,0.6999579002762795,1.6825865821614245,0.2876712328767123,-34.71885885885886,0.008097165991902834,Utilities
2011-06-30,NRG,2011,Q2,USD,0.29411764705882354,0.06935908691834942,0.2440737489025461,0.11808604038630377,-0.003950834064969272,0.2726075504828797,0.2712906057945566,0.2712906057945566,2.259920634920635,1.9097387173396674,4.16580310880829,0.1854595782789221,0.08991158825386801,1.944927536231884,1.8206119162640901,0.05250470366886171,0.6244766505636071,2.4162378640776696,-0.007066990967358087,-0.007066990967358087,0.7310820073439412,2.6220105355575067,-11.122793296089386,64.22516129032257,0.35522576570887276,1.1015911872705018,0.52417006406523,0.5216627634660421,3.1011015911872706,0.7215711118150142,0.02995169082125604,0.040825285338015806,-5.774193548387097,4.614785992217898,1.6107784431137724,1.0333333333333334,0.010333333333333333,0.14761904761904762,0.14691943127962084,0.0048543689320388345,0.0005022652161247225,0.05022652161247225,9.37448559670782,2.54320987654321,37.724279835390945,9.049382716049383,34.27160493827161,20.06584362139918,33.62139917695473,0.38271604938271603,2.5925925925925926,-2.2098765432098766,-68.66666666666667,-0.03345724907063197,0.7310820073439412,1.5067956483741676,70.0,23.442338129496402,0.012345679012345678,Utilities
2011-09-30,NRG,2011,Q3,USD,0.23223635003739715,0.010845175766641735,0.11368735976065819,0.016080777860882575,-0.05048616305160808,-0.02056843679880329,-0.02056843679880329,-0.02131637995512341,2.566218809980806,2.1078028747433266,6.415625,0.2082068052635677,0.1079967689822294,1.58648310387985,1.5063829787234042,0.010874732588542905,0.2821026282853567,-23.13818181818182,0.21216960945191993,0.21216960945191993,0.6551351351351352,1.9036649214659687,-30.481437125748503,14.179387186629526,0.37516155088852987,1.1954954954954955,0.5445219532211736,0.542348922134527,3.1866151866151866,1.013454614364222,0.08986232790988737,0.1342557965594615,-0.46518105849582175,1.5673469387755101,0.2621951219512195,4.432098765432099,0.03864786306383895,0.6825095057034221,0.6799242424242424,-0.03636363636363636,0.00039289643250039287,0.03928964325003929,11.141666666666667,-0.22916666666666666,39.3875,5.775,33.05,18.8,32.375,1.4958333333333333,2.191666666666667,-0.6958333333333333,0.4074074074074074,-3.13953488372093,0.6551351351351352,1.8248074807480748,0.5925925925925926,43.59342105263158,0.008333333333333333,Utilities
2011-12-31,NRG,2011,Q4,USD,0.2073170731707317,0.01125703564727955,0.14634146341463414,0.004221388367729831,-0.06425891181988742,-0.05112570356472795,-0.05112570356472795,-0.052063789868667915,1.8129251700680271,2.0915841584158414,5.487012987012987,0.15652301593128257,0.07980535279805352,1.3396226415094339,1.2853112325868454,0.008978263152367952,0.19485099629694938,-9.47559633027523,-0.08717548623853213,-0.08717548623853213,0.5518781725888324,1.9377861163227017,-9.201247216035634,8.295903614457831,0.36803294029571404,1.3133849853059043,0.5677329945721215,0.5655504613777494,3.5686615014694096,0.9988287655188569,0.0878152001410686,0.23358348968105067,-0.9016064257028112,1.3709677419354838,0.055900621118012424,5.724137931034483,0.05065093572009764,0.5258711721224921,0.5247629083245522,-0.01834862385321101,0.000484102087448201,0.048410208744820105,9.350877192982455,-0.4780701754385965,43.828947368421055,5.978070175438597,33.6359649122807,19.140350877192983,32.833333333333336,2.1842105263157894,4.1535087719298245,-1.969298245614035,0.7956204379562044,-15.222222222222221,0.5518781725888324,2.3798458618953564,0.20437956204379562,41.21269230769231,0.008771929824561403,Utilities
2012-03-31,NRG,2012,Q1,USD,0.1552094522019334,-0.08646616541353383,0.06283566058002148,-0.09129967776584318,-0.17508055853920515,-0.11063372717508056,-0.11117078410311493,-0.11224489795918367,2.600558659217877,1.4564814814814815,4.012755102040816,0.1295214245965498,0.06526463371889239,1.2284676833696442,1.171532316630356,0.003110494329329569,0.14727668845315905,-4.314927536231884,-0.04816663296258846,-0.04816663296258846,0.4892181295358072,1.9187755102040815,-4.996867132867133,-47.010000000000005,0.35825446898002106,1.399561823907983,0.5832572472038348,0.5815619091273706,3.906613720388881,1.0643040868819662,-0.01103848946986202,-0.04081632653061224,9.407894736842104,1.0042372881355932,-1.0303030303030303,-1.0704225352112675,-0.007435671656393699,-0.1189358372456964,-0.11856474258970359,-0.00966183574879227,0.0005597913097997066,0.05597913097997066,8.166666666666666,-0.9078947368421053,45.55263157894737,5.3201754385964914,33.478070175438596,19.32894736842105,32.030701754385966,-0.3333333333333333,2.8026315789473686,-3.1359649122807016,0.6349693251533742,1.9176470588235295,0.4892181295358072,2.860813488731401,0.36809815950920244,109.22871794871794,0.008771929824561403,Utilities
2012-06-30,NRG,2012,Q2,USD,0.3910433979686057,0.19067405355494,0.32132963988919666,0.18328716528162511,0.11357340720221606,0.11957525392428439,0.11449676823638043,0.11449676823638043,2.166,0.977037037037037,3.170673076923077,0.14140227183705445,0.07775703618609994,1.2732537732537732,1.2002457002457003,0.026612539467749212,0.20164970164970164,3.9899999999999998,-0.018154499999999997,-0.018154499999999997,0.529650742673625,1.8273684210526315,-13.508805460750853,5.988018154311649,0.3789488799540494,1.4125518533386858,0.5855011370569638,0.5838623454727698,3.727552522414024,1.3840255591054313,0.116005616005616,0.3051708217913204,-0.443267776096823,2.9789915966386555,2.377245508982036,9.309859154929578,0.06261841606669193,0.6928721174004193,0.690700104493208,0.012096774193548387,0.0007579432452097987,0.07579432452097987,9.5,1.087719298245614,47.030701754385966,5.631578947368421,34.66228070175438,20.88157894736842,32.776315789473685,2.8991228070175437,4.184210526315789,-1.2850877192982457,1.008130081300813,0.6196473551637279,0.529650742673625,2.6669496321448785,-0.052845528455284556,19.202701149425287,0.013157894736842105,Utilities
2012-09-30,NRG,2012,Q3,USD,0.25954525954525953,0.024882024882024883,0.1583011583011583,0.03689403689403689,-0.04504504504504504,0.003432003432003432,-0.000429000429000429,-0.001287001287001287,2.168372093023256,1.3852327447833066,4.391857506361323,0.146917937728476,0.08563556208670095,1.3361942641825413,1.253925057567511,0.01438178996378686,0.3370316097969437,-1232.91,12.279531250000002,12.279531250000002,0.6659878460499662,2.115675675675676,-11.854903846153846,10.42630021141649,0.41667891256429096,1.5316677920324104,0.6050034672214221,0.5969629347411963,3.675894665766374,1.4739171672462852,0.09901611890307725,0.20291720291720292,-0.879492600422833,0.8975791433891993,0.5276073619631901,1.2647058823529411,0.04170340327984483,0.532058492688414,0.518640350877193,-23.0,0.004663762967288772,0.4663762967288772,10.223684210526315,-0.0043859649122807015,50.46052631578947,7.394736842105263,34.60526315789474,21.12280701754386,32.478070175438596,2.074561403508772,3.8991228070175437,-1.8245614035087718,0.009523809523809525,-1.2209302325581395,0.6659878460499662,2.2998434597821413,1.0761904761904761,39.73886178861789,0.10087719298245613,Utilities
2012-12-31,NRG,2012,Q4,USD,0.2879301987396995,0.2922927775084828,0.435288414929714,0.01793504604944256,0.21182743577314592,0.25109064469219583,0.2491517207949588,0.2491517207949588,1.7220367278797997,1.2534129692832765,1.5778732545649838,0.10178606670613775,0.05872808016397176,1.717981612144537,1.5189223861449648,0.033229277910128974,0.4462262133846483,3.6117558365758753,-9.905089554309307e-05,-9.905089554309307e-05,0.7234772018706157,3.599500727096461,-9.011856796116504,81.60186813186813,0.45206103393304486,1.5471551052221357,0.607405140758874,0.6051852136785013,3.42244738893219,0.8311845286059629,0.019456916827025873,0.04411051866214251,-9.054945054945055,3.1277955271565494,0.22289156626506024,0.6190476190476191,0.005730478589420655,0.0994535519125683,0.09711846318036287,0.042801556420233464,0.0029626557245915237,0.29626557245915236,6.386996904024768,1.5913312693498451,49.6780185758514,6.461300309597523,33.38080495356037,23.609907120743035,31.777089783281735,0.28173374613003094,2.8328173374613,-2.5510835913312695,1.1762013729977117,11.81081081081081,0.7234772018706157,2.138498768477882,-0.1853546910755149,23.62891982182628,0.06811145510835913,Utilities
2013-03-31,NRG,2013,Q1,USD,0.15185007208073042,-0.13791446419990389,0.05766458433445459,-0.12445939452186448,-0.22873618452666988,-0.15905814512253724,-0.15761653051417587,-0.1604997597308986,1.948501872659176,1.674573055028463,1.9524336283185841,0.10198980592040777,0.05883350767577959,1.5724525377760559,1.3973266175900814,0.00028083126053117226,0.33068578070515303,-6.524009146341464,0.039841277229566194,0.039841277229566194,0.8646833013435701,4.1131667467563675,-9.135005336179296,-69.02822580645162,0.46563569025472845,1.6638044246893626,0.6245970647351056,0.6165110603184442,3.5731892110314174,0.6592745129098685,-0.02402169701666021,-0.05958673714560307,7.556451612903226,0.35771276595744683,-1.3214285714285714,-0.22302158273381295,-0.007528840315725561,-0.15252152521525214,-0.14691943127962084,-0.09451219512195122,0.0036217068754016003,0.3621706875401601,6.442724458204334,-1.0154798761609907,51.59752321981424,5.284829721362229,32.3374613003096,22.647058823529413,30.647058823529413,-0.38390092879256965,2.51702786377709,-2.9009287925696596,0.6890756302521008,1.837837837837838,0.8646833013435701,1.9241778141246568,0.3130252100840336,194.35416666666666,0.09597523219814241,Utilities
2013-06-30,NRG,2013,Q2,USD,0.297029702970297,0.09354728576305907,0.23557528166609765,0.10071696824854899,0.025947422328439742,0.044725162171389554,0.04131102765448959,0.04131102765448959,1.7178885630498533,1.721571906354515,2.3558352402745997,0.14319937420553436,0.08491824191116781,1.5898889140784402,1.391747902969848,0.0220969089390142,0.3101337565177964,17.524752066115703,-0.1285989000535109,-0.1285989000535109,0.8494722083124688,2.8958620689655175,-20.099478672985786,184.3908695652174,0.4820248173489505,1.6650976464697045,0.6247792266356018,0.6140913658498879,3.4543815723585376,1.054165916861616,0.010428474268873271,0.015705018777739842,-9.173913043478262,0.7963944856839873,1.4320388349514563,0.06241519674355495,0.0027667508721279923,0.09829059829059829,0.09019607843137255,0.34710743801652894,0.004951674019509596,0.4951674019509596,9.06811145510836,0.3746130030959752,52.11145510835913,4.235294117647059,32.6687306501548,23.151702786377708,30.91331269349845,0.14241486068111456,1.4489164086687307,-1.306501547987616,1.5921052631578947,0.2576271186440678,0.8494722083124688,1.9601555297230127,-0.8026315789473685,34.40576811594203,0.13003095975232198,Utilities
2013-09-30,NRG,2013,Q3,USD,0.32521489971346706,0.1507163323782235,0.24126074498567335,0.15329512893982808,0.08767908309455587,0.03954154727793696,0.0335243553008596,0.0335243553008596,1.952993844432009,2.0657894736842106,2.735191637630662,0.16941747572815535,0.10010612970771304,1.6716111364673665,1.4751255134641716,0.01672776303037964,0.485851209493382,18.86237179487179,-6.979077564102548,-6.979077564102548,0.8572972710498203,2.5293954154727794,14.688169717138104,9.79754716981132,0.4793907581103175,1.6230941050791492,0.6187708256201407,0.6054638108739798,3.385743420413713,1.2587917042380523,0.20561387494294842,0.2581661891117478,0.6670366259711432,0.5961369622475856,2.3464912280701755,0.9890230515916575,0.05391012983904745,3.0033333333333334,2.65,0.3418803418803419,0.0045312480529793525,0.4531248052979353,10.804953560371517,0.3622291021671827,52.44891640866873,6.591331269349845,34.45820433436533,24.879256965944272,31.879256965944272,2.789473684210526,0.9287925696594427,1.8606811145510835,0.38235294117647056,0.5719626168224299,0.8572972710498203,1.8932687177360978,0.5326797385620915,27.804738717339667,0.1238390092879257,Utilities
2013-12-31,NRG,2013,Q4,USD,0.30518783542039357,-0.11520572450805008,0.004651162790697674,-0.0815742397137746,-0.19320214669051877,-0.10912343470483005,-0.11162790697674418,-0.11234347048300537,1.5306681270536693,1.8709055876685934,2.162583518930958,0.14079895219384414,0.08244351365701139,1.8242150333016176,1.6106089438629876,0.0002587991718426501,0.5361560418648906,-7.433141025641025,0.02011978021978022,0.02011978021978022,0.9416871383615877,3.318983899821109,226.25756097560975,20.752930648769574,0.49604743083003955,1.70713633133692,0.630605969701515,0.6154656881879929,3.441478022535783,0.8723470661672909,0.10632730732635585,0.1599284436493739,0.09172259507829977,0.19558359621451105,-1.0458715596330275,0.4257142857142857,0.02658024617946126,1.1009852216748768,1.0,-0.13141025641025642,0.004419741800839967,0.44197418008399664,8.653250773993808,-0.9659442724458205,52.73993808049536,7.173374613003096,33.18266253869969,23.507739938080494,30.4984520123839,1.3839009287925697,1.256965944272446,0.12693498452012383,0.5777777777777777,2.3684210526315788,0.9416871383615877,1.8128487284079444,0.4351851851851852,1833.8123076923077,0.12693498452012383,Utilities
2014-03-31,NRG,2014,Q1,USD,0.21600688468158347,0.045037292025243834,0.15777395295467583,0.05163511187607573,-0.028112449799196786,-0.019219736087205966,-0.01606425702811245,-0.01663798049340218,2.613193403298351,2.5258780036968576,3.499359795134443,0.17745876603543068,0.09971110666170876,2.000473372781065,1.815621301775148,0.012459906242289662,0.7543195266272189,-45.996428571428574,0.5577066964285715,0.5577066964285715,1.0557639102367047,2.955593803786575,66.9038961038961,26.35089514066496,0.5002145247561569,1.7919868839020392,0.6418321283077036,0.6325954370905805,3.5824367250742903,0.906396255850234,0.09254437869822485,0.11216293746414228,0.3938618925831202,0.6180851063829788,0.7058823529411765,0.5708029197080292,0.022358188472095152,1.649789029535865,1.4064748201438848,-0.7321428571428571,0.0039793462225328055,0.3979346222532805,10.75925925925926,-0.1728395061728395,54.76234567901235,9.83641975308642,32.848765432098766,22.546296296296298,30.12037037037037,1.2067901234567902,0.7314814814814815,0.47530864197530864,0.5714285714285714,-0.5444444444444444,1.0557639102367047,1.6973367497476513,0.3163265306122449,44.73490909090909,0.12654320987654322,Utilities
2014-06-30,NRG,2014,Q2,USD,0.22203811101905552,0.018779342723004695,0.13035073184203258,0.024578845622756144,-0.056890361778514226,-0.022093344380005524,-0.026788180060756697,-0.027616680475006903,1.6602475928473177,2.5539437896645514,2.8283132530120483,0.16782536151279198,0.09622897233516703,1.652338811630847,1.4424778761061947,0.011627466575767905,0.31205225453013063,-32.310309278350516,-0.4577293814432991,-0.4577293814432991,1.2454202265050667,3.462137531068766,-43.080412371134024,-596.9714285714286,0.5048765579739031,1.8873435326842838,0.6536608863198459,0.643441606744359,3.73822769719849,0.9889389594428513,-0.004424778761061947,-0.00579950289975145,13.857142857142858,0.5401987353206865,0.3248175182481752,-0.025210084033613446,-0.001105379513633014,-0.07777777777777778,-0.065625,-0.5154639175257731,0.003988385820490731,0.398838582049073,10.74480712166172,-0.2878338278931751,57.18694362017804,4.394658753709199,33.311572700296736,22.777448071216618,29.869436201780417,-0.06231454005934718,0.8011869436201781,-0.8635014836795252,0.470873786407767,-2.3146067415730336,1.2454202265050667,1.515427076353658,0.6116504854368932,63.672457627118646,0.14836795252225518,Utilities
2014-09-30,NRG,2014,Q3,USD,0.28255635806522217,0.12059531626176406,0.21208141825344715,0.12015758371634931,0.05931275990369884,0.03983366163274239,0.03633180126942438,0.03633180126942438,2.032473309608541,2.9854280510018216,3.1189343482397716,0.2059871060817817,0.1140283011804637,1.7503852080123266,1.5190402817521462,0.02078143904348445,0.42989214175654855,15.515421686746988,-0.0576855421686747,-0.0576855421686747,1.011312457053107,2.2548128693368352,17.885833333333334,13.847096774193547,0.5184307070303726,2.0391675665063316,0.6709625322997416,0.6616289111804956,3.9333464219102776,1.4047655649500383,0.16376843495487564,0.16283650689428758,0.7741935483870968,0.7760141093474426,1.9607142857142856,0.8711943793911007,0.03581572233187311,4.428571428571429,3.4285714285714284,0.29518072289156627,0.004756247185078197,0.4756247185078196,13.517751479289942,0.4911242603550296,62.28698224852071,5.77810650887574,35.405325443786985,19.630177514792898,30.13905325443787,2.201183431952663,0.4970414201183432,1.7041420118343196,0.6125461254612546,0.4936247723132969,1.011312457053107,2.0163576076659058,0.3284132841328413,30.053911248710012,0.14497041420118342,Utilities
2014-12-31,NRG,2014,Q4,USD,0.29604007633587787,0.11402671755725191,0.22185114503816794,0.10806297709923664,0.04007633587786259,0.023139312977099237,0.02838740458015267,0.016698473282442748,2.7416612164813605,2.7839622641509436,2.366479550922213,0.18741896544015738,0.10308619205705152,1.7810249022432598,1.524387734101667,0.01991003870427839,0.43548055155381765,19.023529411764706,-0.6658235294117647,-0.6658235294117647,0.9007460459564309,2.1601145038167937,62.02191780821918,22.866666666666667,0.5010205336284274,2.0266587088431316,0.6696026555362014,0.6632837620578779,4.045061175768427,1.1637978900610773,0.0814982506688619,0.09446564885496184,0.3686868686868687,1.0956632653061225,1.461290322580645,0.8354430379746836,0.019436536762540493,1.584,1.2941176470588236,0.47058823529411764,0.006184291898577613,0.6184291898577612,12.476190476190476,0.3541666666666667,61.55952380952381,6.2976190476190474,35.67261904761905,20.37202380952381,29.919642857142858,1.1785714285714286,0.7440476190476191,0.43452380952380953,0.7083333333333334,0.3708609271523179,0.9007460459564309,2.239265836204612,0.4226190476190476,29.369032258064514,0.16666666666666666,Utilities
2015-03-31,NRG,2015,Q1,USD,0.19968635650810246,0.024046001045478306,0.1356508102456874,0.01986408782017773,-0.05462624150548876,-0.03554626241505489,-0.03136434918975431,-0.032671197072660745,2.9117199391171993,2.9301435406698566,2.7610459873760145,0.17175435446220147,0.09486734440862882,1.8161454868041695,1.5701929474384564,0.010718899479766768,0.4799290308272344,-17.633,0.08692323943661973,0.08692323943661973,0.8617226634086744,2.212190277051751,1057.98,32.55323076923077,0.508678403173816,2.0886784768886173,0.6762369383920624,0.6711971076593466,4.106088373040114,1.0236789297658864,0.05766245287203371,0.06795608991113435,0.03076923076923077,0.7728459530026109,0.25249169435215946,0.5591397849462365,0.012673653424323665,1.0317460317460319,0.858085808580858,-0.425,0.006025633754891396,0.6025633754891396,11.386904761904763,-0.35714285714285715,61.95238095238095,6.440476190476191,34.788690476190474,19.875,29.232142857142858,0.7738095238095238,0.75,0.023809523809523808,0.5741626794258373,-2.75,0.8617226634086744,2.4238407153254315,0.3492822966507177,51.66635838150289,0.15178571428571427,Utilities
2015-06-30,NRG,2015,Q2,USD,0.2834854283191051,0.06976744186046512,0.19311156903149837,0.06829555490138357,-0.007653812187224021,-0.0026493965263467765,-0.004121283485428319,-0.005593170444509862,2.2692050768203074,2.2537037037037035,2.111014744145707,0.1523045193687231,0.08415706676576241,1.8068919221302304,1.5488923696576415,0.014454477318962133,0.48019691206086373,-136.0542857142857,1.5402371967654986,1.5402371967654986,0.7874976744186046,2.2428731233441273,-57.286015037593984,38.48,0.5028366158800941,2.0978811369509045,0.6771987188042172,0.6702004363239705,4.1720930232558135,0.9324732363436729,0.04430521369433878,0.058286723579629086,-0.6717171717171717,0.7486095661846496,0.8821292775665399,0.3113207547169811,0.009755136227028624,0.5981873111782477,0.518324607329843,-3.642857142857143,0.006693756693756694,0.6693756693756693,10.2012012012012,-0.042042042042042045,61.74174174174174,6.444444444444445,37.07507507507508,22.11111111111111,29.054054054054053,0.5945945945945946,0.993993993993994,-0.3993993993993994,0.5384615384615384,-0.11206896551724138,0.7874976744186046,2.663983913983914,0.6538461538461539,39.28359756097561,0.15315315315315314,Utilities
2015-09-30,NRG,2015,Q3,USD,0.31527871812232,0.09140148950575491,0.18867072895508916,0.08553373956217558,0.025727826675693975,0.015120740239223652,0.01263823064770932,0.013766644098397653,2.8044303797468353,2.586530264279625,2.640557006092254,0.20154650898339777,0.11080824247274182,1.8761531365313653,1.6111623616236161,0.017504762589410878,0.522370848708487,21.943526785714283,-0.041514780405405405,-0.041514780405405405,0.5160472440944882,1.1093094109681787,7.826990445859873,5.2626873661670235,0.5015254576372912,2.105511811023622,0.6779918864097363,0.6729389142602067,4.198215223097113,1.1967589466576638,0.2154059040590406,0.21078763258858046,0.6723768736616702,1.054812834224599,1.302405498281787,2.0437636761487963,0.04657192720019945,3.052287581699346,2.6235955056179776,0.8928571428571429,0.010172215610282075,1.0172215610282076,13.386706948640484,0.1691842900302115,61.468277945619334,6.842900302114804,36.7583081570997,22.033232628398792,28.77643504531722,2.821752265861027,0.9244712990936556,1.8972809667673716,0.49122807017543857,0.3007915567282322,0.5160472440944882,4.08007568128414,0.41228070175438597,27.15950956937799,0.1510574018126888,Utilities
2015-12-31,NRG,2015,Q4,USD,0.2632450331125828,-1.5562913907284768,-1.4188741721854305,-1.5652317880794702,-1.6466887417218543,-2.105298013245033,-2.0907284768211922,-2.092384105960265,2.610198789974071,2.5604142692750287,1.7771565495207668,0.1612214392483451,0.09184356182713947,1.7014857142857143,1.4153142857142857,-0.21753881329055574,0.3469714285714286,-0.1463327526132404,1.2981712898168198e-05,1.2981712898168198e-05,1.2282419408441343,1.2237682119205298,-7.747966457023061,-44.52746987951807,0.5919347971534579,6.468594217347956,0.8661059938592979,0.8631775190978538,10.927883017613825,0.8794408852649971,-0.018971428571428573,-0.02748344370860927,5.746987951807229,-7.519893899204244,-17.315018315018314,-0.17255717255717257,-0.004264282778462803,-0.21065989847715735,-0.1873589164785553,-0.007760532150776054,0.013258364945965398,1.3258364945965397,9.617834394904458,-20.10828025477707,62.85668789808917,4.834394904458598,18.35987261146497,7.821656050955414,9.5828025477707,-0.2643312101910828,1.2547770700636942,-1.519108280254777,1.269656143173135,1.0520414639306115,1.2282419408441343,5.266547251189194,-0.2785039211743414,-5.050590431738623,0.15605095541401273,Utilities
2016-03-31,NRG,2016,Q1,USD,0.32208113967172497,0.10901207804273769,0.21802415608547537,0.1474140600805203,0.021059151440074326,0.014555589965933726,0.023846392071848868,0.023846392071848868,2.9542543458371453,2.590532544378698,1.8854435831180016,0.17209401481639397,0.09880660954712363,1.702627939142462,1.4349930843706777,0.015905383360522024,0.3824343015214384,13.305681818181819,-0.13148759772168864,-0.13148759772168864,1.3529712776493892,1.2691700216785382,15.58231939163498,7.397382671480145,0.5857405140758873,6.319577418289865,0.8633800911100086,0.8604533308762554,10.789039286893365,1.0557462808566291,0.12770862148455508,0.17157014555589967,0.4747292418772563,0.9118825100133512,1.676056338028169,1.1913978494623656,0.02894159439974924,1.9037800687285222,1.6342182890855457,0.6233766233766234,0.011712602027744228,1.1712602027744228,10.250793650793652,0.24444444444444444,61.66984126984127,5.266666666666667,18.12063492063492,7.787301587301587,9.615873015873015,1.7587301587301587,0.9238095238095239,0.834920634920635,1.1323529411764706,0.14285714285714285,1.3529712776493892,4.670888083647499,0.3088235294117647,30.655042613636365,0.1523809523809524,Utilities
2016-06-30,NRG,2016,Q2,USD,0.33434420015163,0.03752843062926459,0.2422289613343442,0.032979529946929494,-0.09514783927217589,-0.06178923426838514,-0.10272934040940106,-0.0731614859742229,2.010670731707317,1.955456570155902,1.5622775800711743,0.1435099553911435,0.08395391763732417,1.4153743907842269,1.166371289322109,0.002511606667174062,0.30770934869295524,-4.355950184501845,0.009503891311640388,0.009503891311640388,1.8722640761300555,1.7899355572403335,-121.07307692307693,14.80203761755486,0.6081089682388136,7.576526566217288,0.8834026814609339,0.8764633847661033,12.459159397303727,1.0717042453788341,0.07066902968542313,0.12092494313874147,-0.12225705329153605,0.41152815013404825,0.3140794223826715,0.2625514403292181,0.016694578187146744,0.8910614525139665,0.8692098092643051,-0.033210332103321034,0.001906032593157343,0.1906032593157343,8.374603174603175,-0.8603174603174604,61.53968253968254,4.40952380952381,16.33015873015873,6.238095238095238,8.006349206349206,1.0126984126984127,1.1365079365079365,-0.12380952380952381,1.0796812749003983,-2.8850574712643677,1.8722640761300555,4.046718976672279,-0.099601593625498,35.11870109546166,0.02857142857142857,Utilities
2016-09-30,NRG,2016,Q3,USD,0.2932692307692308,0.18496963562753035,0.2866902834008097,0.19104251012145748,0.1118421052631579,0.09944331983805668,0.10172064777327935,0.10172064777327935,2.7889908256880735,2.9555555555555557,2.746312684365782,0.21710707026314344,0.12549617350989173,1.6356661241571728,1.3992094861660078,0.030948073443935485,0.5661474075796327,2.2029601990049756,-0.008894581085184409,-0.008894581085184409,1.1644838921762,0.896346153846154,6.118065630397237,4.119023255813954,0.6109364580356292,6.324457593688363,0.8634711188905345,0.8555555555555555,10.35207100591716,1.7149056194402257,0.19995349918623576,0.21761133603238866,0.6732558139534883,0.7221852098600933,2.6964285714285716,0.7043407043407044,0.04470086802848381,3.0604982206405693,2.9655172413793105,0.022388059701492536,0.002540679095292404,0.25406790952924035,12.50632911392405,1.2721518987341771,61.76898734177215,7.705696202531645,17.443037974683545,7.617088607594937,9.626582278481013,2.721518987341772,0.8892405063291139,1.8322784810126582,0.9095022624434389,0.5854304635761589,1.1644838921762,5.4311250127033945,0.11085972850678733,17.957952338923214,0.028481012658227847,Utilities
2016-12-31,NRG,2016,Q4,USD,0.2823854660347551,-0.3609794628751975,-0.27093206951026855,-0.31240126382306477,-0.44786729857819907,-0.4166666666666667,-0.38981042654028436,-0.38981042654028436,2.393194706994329,2.323529411764706,1.6354635463546354,0.1413577489950871,0.08341294679624445,1.463258785942492,1.2097215883158374,-0.02207787186327959,0.45025102692834323,-0.9812968591691995,0.0028388314604667047,0.0028388314604667047,1.8981675649191572,1.5300789889415483,161.42333333333335,11.428200589970501,0.6333717674188766,9.419892209701127,0.9040297174025486,0.8981892552501621,14.872611464968152,1.0629722921914357,0.07736193518941123,0.1338862559241706,0.07079646017699115,-0.4215277777777778,-3.5954545454545452,0.2778688524590164,0.01763237282846146,1.0761904761904761,1.043076923076923,-0.010131712259371834,0.0025812046998575176,0.2581204699857518,8.012658227848101,-3.1234177215189876,61.537974683544306,6.243670886075949,14.215189873417721,5.677215189873418,6.458860759493671,1.0727848101265822,0.9968354430379747,0.0759493670886076,0.8703703703703703,1.4336283185840708,1.8981675649191572,4.962624155946063,0.06966490299823633,-30.797609329446065,0.03164556962025317,Utilities
2017-03-31,NRG,2017,Q1,USD,0.22979340340703153,0.024284160927872417,0.14099311344690105,0.01703515766582095,-0.07502718376223269,-0.0612540775643349,-0.05907937658571946,-0.05907937658571946,2.795339412360689,2.436926605504587,1.8640350877192982,0.1537732694236986,0.09377974167233175,1.2992613771741721,1.0276387896116272,0.006268974490399401,0.3604955920895878,-9.024016150613496,0.10828819380736195,0.10828819380736195,3.6207129416615382,2.132532993910837,-17.054082696231884,-86.52439015,0.6580557443915703,11.913846153846153,0.9225637360019061,0.9157900191739649,18.104615384615386,1.679245283018868,-0.016202049082678104,-0.02464661109097499,5.073529411764706,0.200817577925396,0.17472118959107807,-0.04028436018957346,-0.0035123966942148762,-0.24548736462093862,-0.23776223776223776,-0.05521472392638037,0.001529660491648904,0.15296604916489043,8.768914738198822,-0.5180620160661138,62.38674425375306,4.8182945788725675,12.894341099265176,4.570387601859335,5.164728687775675,-0.21612403124230514,0.8803875978546842,-1.0965116290969894,0.7874396135265701,-4.404255319148936,3.6207129416615382,3.2904696798136426,0.01932367149758454,61.00426357377892,0.028604651193834506,Utilities
2017-06-30,NRG,2017,Q2,USD,0.3198815253609774,0.12069603850425768,0.2365790447982229,0.12699000370233246,0.0381340244353943,0.036653091447611995,-0.2317660125879304,-0.2317660125879304,2.3065755764304012,2.4266842800528403,2.576437587657784,0.1765128741341001,0.10716127752430073,1.272159090909091,1.0696022727272727,-0.016427483734022426,0.21363636363636362,-2.1731309904153355,-0.007739918595999825,-0.007739918595999825,5.329598432908913,2.014631617919289,-35.56549019607843,38.32056338028168,0.6698670898631224,16.536728697355535,0.9429768221167272,0.9394532408231039,24.686581782566112,2.4399277326106596,0.040340909090909094,0.05257312106627175,-1.0774647887323943,0.4926299456943367,1.388663967611336,0.1362763915547025,0.008410329305851694,0.48135593220338985,0.46557377049180326,-0.01597444089456869,0.001837721813022832,0.1837721813022832,8.54746835443038,-1.981012658227848,54.212025316455694,2.392405063291139,11.183544303797468,3.098101265822785,3.231012658227848,0.44936708860759494,0.9335443037974683,-0.48417721518987344,-6.077669902912621,0.30029154518950435,5.329598432908913,3.1028095091077494,0.038834951456310676,33.761377151799685,0.03164556962025317,Utilities
2017-09-30,NRG,2017,Q3,USD,0.292882912430305,0.10659232535257461,0.24303050180387012,0.12331912102328632,0.064283371597245,0.06231551328304362,0.05608396195473926,0.05608396195473926,2.3838936669272868,2.366630076838639,3.422222222222222,0.19886511870597443,0.11970946211228897,1.2860998650472335,1.116059379217274,0.022309287854344318,0.3300944669365722,11.85969298245614,-0.09318330200501254,-0.09318330200501254,6.8571682163989855,2.6605542800918336,16.321991951710263,11.082008196721311,0.6637220259128387,14.289940828402367,0.9345975232198143,0.9297547651564634,21.530008453085376,3.0218037661050543,0.19757085020242915,0.24007871433256806,0.6789617486338798,0.5006811989100818,1.7013574660633484,0.58700882117081,0.04330079858030168,3.1148936170212767,3.0,0.05263157894736842,0.001109463352576359,0.11094633525763589,9.618296529968454,0.5394321766561514,54.02523659305994,3.9558359621451102,11.908517350157728,4.022082018927445,3.7318611987381702,2.309148264984227,0.7413249211356467,1.5678233438485805,0.8724489795918368,0.5212765957446809,6.8571682163989855,2.0839419972559274,0.030612244897959183,32.110701754385964,0.028391167192429023,Utilities
2017-12-31,NRG,2017,Q4,USD,0.32559070885062075,-0.5875050060072087,-0.4681617941529836,-0.5386463756507809,-0.6668001601922307,-0.6680016019223067,-0.6143372046455747,-0.6195434521425711,2.312037037037037,2.461988304093567,3.1654135338345863,0.17953695714696577,0.10708465563084313,1.331624962315345,1.1712390714501055,-0.057540428732606244,0.2987639433222792,-1.4713428943937419,0.0014768125705810794,0.0014768125705810794,-26.092947976878612,3.6156027232679215,32.59263537906137,15.539001721170397,0.7034908654258513,-47.410404624277454,1.0215468925146345,1.0225113858165258,-67.39306358381504,2.312037037037037,0.17515827555019595,0.23267921505806968,0.47676419965576594,-1.3227990970654628,-6.792929292929293,0.8444767441860465,0.03541819068519873,1.9111842105263157,1.8503184713375795,-0.00651890482398957,0.0011076454116896465,0.11076454116896466,7.8769716088328074,-4.839116719242902,52.37223974763407,3.1514195583596214,6.454258675078864,-0.7539432176656151,-1.0914826498422714,1.832807570977918,0.9589905362776026,0.8738170347003155,0.9213213213213213,1.237918215613383,-26.092947976878612,1.8169815333356962,-0.0018018018018018018,-20.907750213857998,0.031545741324921134,Utilities
2018-03-31,NRG,2018,Q1,USD,0.35646427096241223,0.1449814126394052,0.25650557620817843,0.16769929781082196,0.09582817017761255,0.09624122263527468,0.11524163568773234,0.11524163568773234,2.480532786885246,1.9796696315120712,2.9507575757575757,0.174034936381281,0.10192825867295385,1.2289644012944985,1.0865695792880259,0.02563743345474923,0.20604099244875945,8.699408602150537,-0.07361038047973531,-0.07361038047973531,-72.45179104477612,4.010136307311028,-539.3633333333333,27.194789915966386,0.6888683058268777,-122.1044776119403,1.0082573330046833,1.0087742273441593,-177.2537313432836,2.48435094920472,0.09627831715210355,0.14745972738537794,-0.05042016806722689,0.553873552983081,2.431137724550898,0.37343096234309625,0.02181884855152182,0.952,0.9272727272727272,0.035842293906810034,0.0010300209918278134,0.10300209918278135,7.613207547169812,0.8773584905660378,51.977987421383645,2.449685534591195,7.352201257861635,0.22955974842767296,-0.42138364779874216,1.1226415094339623,1.179245283018868,-0.05660377358490566,1.2025862068965518,0.5714285714285714,-72.45179104477612,1.6853203468286684,-0.004310344827586207,40.75127214170693,0.031446540880503145,Utilities
2018-06-30,NRG,2018,Q2,USD,0.29808350444900755,0.10882956878850103,0.20704996577686516,0.11430527036276524,0.044147843942505136,0.04140999315537303,0.024640657084188913,0.024640657084188913,2.046218487394958,2.1035897435897435,4.228865979381443,0.2287458900892438,0.12733690678520068,1.3016653016653017,1.1692601692601692,0.017253808814341326,0.26754026754026755,33.045138888888886,-0.44738034188034187,-0.44738034188034187,-26.002732240437158,3.257015742642026,-55.654970760233915,56.98802395209581,0.6873665402884909,-43.095628415300546,1.0237554358408516,1.0253199584918713,-62.69672131147541,2.9907881269191403,0.04559104559104559,0.05715263518138262,-1.0239520958083832,0.5173310225303293,1.6534653465346534,0.17542016806722688,0.010587713180751917,0.4940828402366864,0.4812680115273775,0.125,0.0009456761584532942,0.09456761584532941,9.425806451612903,0.23225806451612904,51.53225806451613,3.2225806451612904,6.903225806451613,-0.8354838709677419,-1.1806451612903226,0.5387096774193548,1.0903225806451613,-0.5516129032258065,0.5581395348837209,0.38622754491017963,-26.002732240437158,1.6573500052537564,0.06201550387596899,40.18181818181818,0.02903225806451613,Utilities
2018-09-30,NRG,2018,Q3,USD,0.2463247304802352,0.13622999019928128,0.09931394968964391,0.1359032995753022,0.10225416530545574,0.09376020908199935,-0.02352172492649461,-0.02352172492649461,2.3242217160212606,2.799757281553398,5.654411764705882,0.8505140316754654,0.2673362445414847,1.577304443628351,1.42746970253397,-0.01350367914611466,0.4990818949687844,-39.056875,0.19112938829787232,0.19112938829787232,-12.017499999999998,3.6747402809539365,52.809295774647886,20.15838709677419,0.6332751091703057,-7.746794871794871,1.1482185273159145,1.1635791681230339,-12.232905982905983,2.286888307807247,0.20492104296731545,0.18229336818033323,0.3817204301075269,0.41596638655462187,3.43801652892562,0.9409780775716695,0.07695490277203144,1.617391304347826,1.576271186440678,-0.125,0.0008001152165911892,0.08001152165911893,10.237458193979933,-0.2408026755852843,24.65551839464883,4.60200668896321,-3.0668896321070234,-6.882943143812709,-3.130434782608696,1.8662207357859533,1.1538461538461537,0.7123745819397993,-0.23003194888178913,0.7524038461538461,-12.017499999999998,0.6446261595003013,0.022364217252396165,56.382828947368424,0.030100334448160536,Utilities
2018-12-31,NRG,2018,Q4,USD,0.18122400475341652,-0.0285204991087344,0.0106951871657754,0.0005941770647653001,-0.09090909090909091,-0.08377896613190731,-0.0071301247771836,-0.0071301247771836,1.6435546875,1.5967555040556198,3.3446601941747574,0.5521653543307087,0.15835528791870532,1.5012510425354462,1.329441201000834,0.006586169045005488,0.2347789824854045,-229.35,2.796951219512195,2.796951219512195,-8.921231766612642,6.541176470588235,39.03829787234042,37.317966101694914,0.6135679337598796,-5.284440842787682,1.2334026858331757,1.2366251198465963,-8.612641815235008,1.213410237923576,0.12301918265221018,0.17528223410576352,0.9559322033898305,0.15463917525773196,0.00819672131147541,4.097222222222222,0.04523846035884067,22.692307692307693,13.409090909090908,-0.75,0.0008175277959450621,0.0817527795945062,6.053956834532374,-0.04316546762589928,23.89568345323741,2.0863309352517985,-4.370503597122302,-8.557553956834532,-4.438848920863309,1.0611510791366907,0.046762589928057555,1.014388489208633,0.0784313725490196,-153.0,-8.921231766612642,0.5923443063730833,0.0784313725490196,942.6,0.03237410071942446,Utilities
2019-03-31,NRG,2019,Q1,USD,0.2374133949191686,0.09792147806004618,0.14595842956120092,0.10207852193995381,0.045265588914549654,0.04341801385681293,0.22263279445727482,0.22263279445727482,2.410913140311804,2.3687230989956958,4.2225063938618925,0.683612251341964,0.22717733473242394,1.777892030848329,1.5768637532133676,0.053031674208144794,0.4416452442159383,6.0242946058091285,-0.0014676828726085858,-0.0014676828726085858,-7.551911573472042,5.364822170900693,-65.9934090909091,-91.45543307086615,0.7442812172088142,-4.611833550065019,1.2768676867686768,1.2871009893597163,-6.196358907672302,1.594843462246777,-0.06529562982005141,-0.058660508083140876,1.3858267716535433,1.0,1.9385964912280702,-0.6414141414141414,-0.01790497673762865,-2.5918367346938775,-2.2280701754385963,0.016597510373443983,0.0006887740166889944,0.06887740166889945,7.787769784172662,1.7338129496402879,25.924460431654676,3.143884892086331,-5.467625899280575,-9.615107913669064,-5.532374100719425,-0.4568345323741007,0.17625899280575538,-0.6330935251798561,4.918367346938775,0.4434389140271493,-7.551911573472042,0.6106842625468797,0.04081632653061224,56.48367088607595,0.02877697841726619,Utilities
2019-06-30,NRG,2019,Q2,USD,0.2515212981744422,0.10709939148073022,0.15334685598377282,0.12981744421906694,0.07626774847870182,0.07667342799188641,0.08154158215010142,0.08154158215010142,2.3498570066730218,2.5518672199170123,4.986486486486487,0.7928594403345127,0.26878203031294295,1.3273757628596339,1.1660854402789886,0.02851851851851852,0.12816041848299914,11.677798507462686,-0.20827413832897368,-0.20827413832897368,-5.697178398058252,3.8089046653144014,20.544748358862144,18.19563953488372,0.7052666012430487,-3.924757281553398,1.341908713692946,1.3537239751019532,-5.564927184466019,2.1775618374558303,0.22493461203138623,0.20933062880324543,0.8856589147286822,1.4248120300751879,3.0476190476190474,3.2049689440993787,0.07977736549165121,8.745762711864407,7.701492537313433,0.03980099502487562,0.000852065459928959,0.08520654599289591,9.30188679245283,0.7584905660377359,24.80377358490566,1.109433962264151,-6.1471698113207545,-10.426415094339623,-6.218867924528302,1.9471698113207547,0.22264150943396227,1.7245283018867925,1.0691489361702127,0.5875,-5.697178398058252,0.6888949243525634,-0.005319148936170213,41.1718253968254,0.03018867924528302,Utilities
2019-09-30,NRG,2019,Q3,USD,0.28137516688918557,0.15987983978638184,0.20393858477970628,0.1802403204272363,0.1268357810413885,0.12483311081441922,0.12416555407209613,0.12416555407209613,2.177325581395349,2.4861431870669746,5.914835164835165,0.9673877946399742,0.3144746509919177,1.2429797191887675,1.1010140405616224,0.044227818395162016,0.09477379095163807,6.759677419354839,0.07339078341013824,0.07339078341013824,-6.402546148949714,3.3572763684913216,25.3360201511335,21.310169491525425,0.7004303558307967,-4.247612985359644,1.3079184633477068,1.3323460968902052,-6.064290260980267,4.36098981077147,0.18408736349453977,0.157543391188251,0.8411016949152542,1.2763713080168777,5.454545454545454,1.2586666666666666,0.07073280383635547,6.293333333333333,5.686746987951807,0.021505376344086023,0.0007953551260637874,0.07953551260637874,11.795275590551181,1.4645669291338583,26.661417322834644,0.9566929133858267,-6.110236220472441,-11.696850393700787,-6.18503937007874,1.858267716535433,0.2952755905511811,1.562992125984252,0.9789473684210527,0.7037037037037037,-6.402546148949714,0.6634255945279567,0.015789473684210527,26.98592471358429,0.031496062992125984,Utilities
2019-12-31,NRG,2019,Q4,USD,0.24646924829157174,0.0979498861047836,0.1694760820045558,0.09521640091116174,0.05466970387243736,1.5776765375854214,1.5412300683371298,1.5767653758542142,2.1414634146341465,2.290858725761773,4.318537859007833,0.7180242067386327,0.17516558933844067,1.3090292496820686,1.1466723187791437,0.32147793236893024,0.14624841034336583,0.7284954182678096,0.0008732375292865369,0.0008732375292865369,5.945717732207479,4.491116173120729,19.443786982248522,17.858695652173914,0.5144840794828824,3.888419782870929,0.7954349167180753,0.7777777777777778,7.557901085645356,3.247041420118343,0.23399745654938534,0.25148063781321184,0.9184782608695652,20.30054644808743,2.2,6.2727272727272725,0.08562121917170777,12.266666666666667,10.415094339622641,0.0023647650014779783,0.0008115236356258876,0.08115236356258876,8.850806451612904,13.641129032258064,26.379032258064516,1.3911290322580645,6.766129032258065,1.25,6.685483870967742,2.225806451612903,0.1814516129032258,2.0443548387096775,28.191666666666666,0.5741626794258373,5.945717732207479,0.597585717184013,-27.858333333333334,42.903225806451616,0.03225806451612903,Utilities
2020-03-31,NRG,2020,Q1,USD,0.27835562159484895,0.11986131748390293,0.1892025755324418,0.12085190688459634,0.0713224368499257,0.05993065874195146,0.05993065874195146,0.05993065874195146,2.2065573770491804,2.0579096045197742,3.9166666666666665,0.6687644915534945,0.15746373420683202,1.2198457223001402,1.0894109396914446,0.022151337940811627,0.2661290322580645,13.967933884297521,-0.14488412029035605,-0.14488412029035605,4.401354166666667,3.348429915799901,50.45134328358209,32.502307692307696,0.5452347527686788,4.551432291666667,0.819866307024745,0.8034800409416581,8.34765625,2.97787610619469,0.0729312762973352,0.1030212976721149,0.6442307692307693,0.4437577255871446,2.489795918367347,0.29254571026722925,0.029752538978686884,2.810810810810811,1.4054054054054055,0.6115702479338843,0.010945968333609448,1.0945968333609448,8.141129032258064,0.4879032258064516,28.58467741935484,3.060483870967742,6.193548387096774,0.7580645161290323,6.193548387096774,0.8387096774193549,0.29838709677419356,0.5403225806451613,0.8402777777777778,0.5901639344262295,4.401354166666667,1.0340981705441035,0.1597222222222222,34.0117277486911,0.29838709677419356,Utilities
2020-06-30,NRG,2020,Q2,USD,0.35924932975871315,0.22788203753351208,0.2971403038427167,0.2162645218945487,0.18498659517426275,0.13985701519213584,0.13985701519213584,0.13985701519213584,2.204926108374384,1.9483695652173914,3.695876288659794,0.7555705604321404,0.18140552808624463,1.426054705609643,1.2461752433936022,0.04354396901860773,0.19378766805748726,6.371565495207668,0.03951983661584502,0.03951983661584502,4.5584,3.5644325290437897,18.212785388127855,16.481818181818184,0.5142255005268704,3.625142857142857,0.7837904620706696,0.7817410825642305,7.049714285714286,2.8952134540750323,0.22438572090866946,0.2162645218945487,0.9049586776859504,3.2790697674418605,5.041666666666667,6.368421052631579,0.07629255989911728,10.521739130434783,4.033333333333333,0.2364217252396166,0.00927643784786642,0.9276437847866419,9.13469387755102,1.2775510204081633,26.285714285714285,1.7061224489795919,7.142857142857143,1.7877551020408162,7.142857142857143,1.9755102040816326,0.18775510204081633,1.7877551020408162,0.7560386473429952,0.8553719008264463,4.5584,0.7952665095522238,0.24396135265700483,20.907067669172932,0.3020408163265306,Utilities
2020-09-30,NRG,2020,Q3,USD,0.2758988964044144,0.15663937344250622,0.19188323246707012,0.13990744037023853,0.12139551441794233,0.0886436454254183,0.0886436454254183,0.0886436454254183,2.494671403197158,2.701195219123506,6.163636363636364,0.9626456477039068,0.2297750511247444,1.554380664652568,1.3882175226586102,0.037897191720921194,0.350956696878147,7.530682730923695,-0.3707413036762434,-0.3707413036762434,3.8782626680455015,2.670188679245283,11.867974683544304,10.80772334293948,0.5039672801635992,3.185625646328852,0.7610870907967882,0.7589430387635547,6.321096173733196,2.781188118811881,0.34944612286002014,0.247063011747953,0.9106628242074928,2.6140350877192984,3.9696969696969697,9.63888888888889,0.11264405129037494,11.193548387096774,5.140740740740741,0.2931726907630522,0.009732606632038142,0.9732606632038141,11.512295081967213,1.0204918032786885,25.65573770491803,2.8565573770491803,7.926229508196721,2.598360655737705,7.926229508196721,2.8442622950819674,0.2540983606557377,2.5901639344262297,0.7302052785923754,0.8676844783715013,3.8782626680455015,0.8214053350683149,0.2697947214076246,24.052987012987014,0.29918032786885246,Utilities
2020-12-31,NRG,2020,Q4,USD,0.20325604341391218,-0.014306857424765663,0.05476073014306857,-0.007893438579181056,-0.06808090774543661,-0.08534780463739516,-0.08534780463739516,-0.08534780463739516,2.2422566371681416,2.4884437596302003,4.938837920489297,0.7117275280898876,0.13602201046839352,3.147780678851175,2.9770234986945168,-0.002420208743004084,2.039164490861619,-13.131647398843931,0.07742358581977347,0.07742358581977347,5.408988095238095,4.483029107054761,22.54863523573201,20.148780487804878,0.6065628774661119,5.380357142857143,0.8432689616568709,0.8380098351171537,8.870238095238095,0.7775220560030687,0.23550913838120105,0.222496299950666,0.893569844789357,0.6909090909090909,-0.14678899082568808,451.0,0.04989489987830512,9.395833333333334,3.69672131147541,-0.4277456647398844,0.00814341208966557,0.8143412089665569,8.37603305785124,-0.7148760330578512,37.80165289256198,16.136363636363637,6.9421487603305785,1.7892561983471074,6.9421487603305785,1.8636363636363635,0.19834710743801653,1.665289256198347,1.2536231884057971,8.625,5.408988095238095,0.9565207822077451,-0.2536231884057971,128.118018018018,0.30578512396694213,Utilities
2021-03-31,NRG,2021,Q1,USD,0.15164998146088246,-0.004943764676801384,0.03707823507601038,-0.006921270547521938,-0.02064021752564578,-0.010134717587442837,-0.010134717587442837,-0.010134717587442837,2.6641422456371417,3.0974729241877257,21.72151898734177,3.0647727272727274,0.42050828958993813,1.130629853321829,1.076100086281277,0.014556533513879486,0.08645383951682485,-28.18246951219512,0.52656719351733,0.52656719351733,6.093506921555702,1.1424854776912619,-9.384619289340101,-10.080534351145037,0.5142664102697365,6.522742254449572,0.8670697511391517,0.8555513235574176,12.68358602504944,3.322792607802875,-0.15823986194995687,-0.11333580521567173,1.074154852780807,0.3712632594021215,-0.4409448818897638,-1.0076923076923077,-0.09267306720565942,-13.485294117647058,-6.195945945945946,-0.975609756097561,0.008654402656901615,0.8654402656901616,33.02448979591837,-0.3346938775510204,40.906122448979595,2.0448979591836736,6.191836734693878,-12.689795918367347,6.191836734693878,-3.742857142857143,0.27755102040816326,-4.020408163265306,0.49101796407185627,2.982142857142857,6.093506921555702,1.0704414286255186,0.5089820359281437,62.12616666666667,0.32653061224489793,Utilities
2021-06-30,NRG,2021,Q2,USD,0.43600991798588595,0.30192637802784666,0.3356856761396147,0.2969673850848751,0.27808506580202175,0.205607476635514,0.205607476635514,0.205607476635514,1.8579021970233878,1.3651892890120036,8.101369863013698,2.256995264743866,0.2425181553263333,1.2442648968402827,1.1916029432982254,0.06579292267365662,0.052084836242966386,2.289772717926716,-0.0015975158497163132,-0.0015975158497163132,3.881092751454402,1.8831775624070186,8.099671829122231,7.630216352163832,0.4228687728387067,3.5935534591194966,0.7823036111586513,0.7793199167244969,8.498034591194969,4.28,0.18669744625595153,0.24680526416173945,0.9420401854714064,4.876325088339223,12.456,8.189873417721518,0.14154451979873114,17.253333333333334,8.402597402597403,0.07328385899814471,0.008001215407145287,0.8001215407145287,21.40000008734694,4.400000017959184,37.82448995030404,1.473469393769263,10.383673511770096,-8.85714289329446,10.383673511770096,5.281632674618909,0.30612245022907125,4.975510224389837,0.7393689986282579,0.9364161849710982,3.881092751454402,0.9259128006597749,0.2606310013717421,10.599147704374998,0.32244898090795504,Utilities
2021-09-30,NRG,2021,Q3,USD,0.4413678317445907,0.3457406566802845,0.37948252383113934,0.35088515660463004,0.32728098048116205,0.24481767287032835,0.24481767287032835,0.24481767287032835,2.13468992248062,1.876970005083884,8.296629213483145,2.912736888497135,0.23633112819595922,1.2134232658839204,1.1763677242068449,0.07707121028174321,0.02156715796485969,1.545635043263288,0.030912700865265774,0.030912700865265774,2.4530039234919077,1.5135950975941896,7.135057061340942,6.76816644113667,0.314571786161273,2.157184894556155,0.6832621359223301,0.668239505369346,6.857528200098088,3.105733082706767,0.12307436089599467,0.22363443788772885,0.9485791610284168,2.7843971631205675,19.008196721311474,2.53516295025729,0.16801182221211777,19.44736842105263,9.474358974358974,0.049443757725587144,0.007997320897499337,0.7997320897499338,26.975510204081633,6.604081632653061,36.40408163265306,1.0571428571428572,16.644897959183673,-2.6040816326530614,16.644897959183673,6.03265306122449,0.31020408163265306,5.722448979591837,0.7480351363846509,0.9327296248382924,2.4530039234919077,0.8794053991912709,0.25196486361534903,7.3928827751196176,0.32653061224489793,Utilities
2021-12-31,NRG,2021,Q4,USD,0.008515469770082317,-0.06869145614533069,-0.035764973034345726,-0.0679818336644905,-0.08444507521998297,-0.060601759863752484,-0.060601759863752484,-0.060601759863752484,1.7910523640061007,3.0721196130167105,14.028112449799197,3.59673302705462,0.3039427141747908,1.3696778269109287,1.3067593177511054,-0.0099581248084976,0.03158559696778269,-6.148078436135831,0.04859559003412753,0.04859559003412753,2.916921658033333,1.4903374920408743,-7.43691074286119,-7.709925087312776,0.35747562764213614,2.3019444444444446,0.6971481450323883,0.688742867024036,6.439444444444445,2.567316451083986,-0.1720783322804801,-0.1933011637808686,1.0367107195301029,-0.7304347826086957,-4.315315315315315,-340.5,-0.16435380716785328,-27.24,-10.476923076923077,-0.1873536299765808,0.007618381577380121,0.7618381577380121,28.90620428598765,-1.7517668507119961,34.4527822301624,1.0256246198547987,14.768994525909102,-2.8963639264699514,14.768994525909102,-5.587602928968943,0.20512492397095974,-5.792727852939903,0.7176470588235294,1.2421711899791232,2.916921658033333,0.7589812646464945,0.2823529411764706,-73.56316654333332,0.3281998783535356,Utilities
2022-03-31,NRG,2022,Q1,USD,0.37563323201621074,0.3052178318135765,0.3496707193515704,0.3071175278622087,0.29217325227963525,0.2198581560283688,0.2198581560283688,0.2198581560283688,1.9839195979899498,2.2247292418772564,13.926553672316384,4.1579778830963665,0.267869864640228,1.376359028856372,1.3474209106515165,0.08536834785454248,0.03163573939344396,1.3368548387096775,-0.00262275332706495,-0.00262275332706495,1.8455506958250498,1.1756737588652482,5.809211514392992,5.538854415274463,0.2826610577738576,1.6564612326043737,0.6235593474030834,0.621120819523953,5.8602385685884695,2.0972111553784862,0.1370064579416333,0.21225937183383992,0.9534606205250596,11.587301587301587,23.54368932038835,19.488372093023255,0.20115218434949592,21.487179487179485,10.282208588957054,0.048963133640553,0.009156404312343264,0.9156404312343265,32.62809917355372,7.1735537190082646,34.85537190082645,1.5991735537190082,20.785123966942148,3.4834710743801653,20.785123966942148,6.925619834710743,0.32231404958677684,6.603305785123967,0.7524924143909839,0.951340206185567,1.8455506958250498,0.8975430674169891,0.24750758560901603,6.239811662441144,0.3512396694214876,Utilities
2022-06-30,NRG,2022,Q2,USD,0.1915682504806372,0.10574018126888217,0.12784949189783026,0.10354298269706125,0.09132106564130733,0.07044767920900852,0.07044767920900852,0.07044767920900852,1.8855515277058519,2.007159904534606,9.746688741721854,3.9683923705722073,0.21208679190330568,1.286609478615319,1.2498631137068807,0.02321336318236611,0.035286244448500335,4.4085233918128655,-0.06309204135588473,-0.06309204135588473,1.7068471698113208,1.2422809667673715,6.361666666666666,5.979041639127561,0.2421727100626183,1.568867924528302,0.6107234667645979,0.6065622448222107,6.478301886792453,1.5634997316156736,0.09204842732858794,0.20777258994781653,0.9398545935228024,3.1285140562248994,7.180952380952381,10.506944444444445,0.1819603126879134,16.626373626373628,8.695402298850574,0.1617933723196881,0.009175031974433718,0.9175031974433717,30.72573839662447,2.1645569620253164,35.527426160337555,2.4472573839662446,22.362869198312236,5.033755274261603,22.362869198312236,6.383966244725738,0.38396624472573837,6.0,0.7714285714285715,0.8819628647214854,1.7068471698113208,0.9191613357520044,0.22857142857142856,18.025016111707842,0.350210970464135,Utilities
2022-09-30,NRG,2022,Q3,USD,0.08319623971797885,0.02209165687426557,0.04054054054054054,0.025499412455934196,0.009753231492361927,0.007873090481786135,0.007873090481786135,0.007873090481786135,2.0955429697118935,2.7175200278648552,10.106217616580311,4.6401308615049075,0.26393325683094004,1.3199916469441737,1.266253654461924,0.00826171947036477,0.023179729917861616,33.55764925373134,-0.3876177667810679,-0.3876177667810679,1.7531091617933725,1.0568096357226793,-5.948048941798942,-6.284730957372467,0.2578854324969761,1.6208576998050683,0.6184455187802157,0.6143147131794602,6.285185185185185,1.8285345938977224,-0.09961019072810803,-0.1681551116333725,1.0566037735849056,1.321285140562249,2.066666666666667,-9.9375,-0.17209861695730608,-17.666666666666668,-8.672727272727272,1.2537313432835822,0.009340130873024256,0.9340130873024257,36.212765957446805,0.2851063829787234,35.829787234042556,1.4170212765957446,21.829787234042552,5.3319148936170215,21.829787234042552,-6.089361702127659,0.3446808510638298,-6.43404255319149,0.8072289156626506,0.3824884792626728,1.7531091617933725,0.9245617643951988,0.1927710843373494,49.204202898550726,0.3574468085106383,Utilities
2022-12-31,NRG,2022,Q4,USD,-0.12374283895607893,-0.16397199236155316,-0.13443666454487588,-0.1676639083386378,-0.17721196690006366,-0.1394016549968173,-0.1394016549968173,-0.1394016549968173,1.6457154829247853,2.423003019489432,11.753661784287617,4.0975482524778295,0.2695052494338846,1.25026960406717,1.1924202742258512,-0.03408642072833557,0.03312278539516253,-1.6677241951141555,0.0009558103094527769,0.0009558103094527769,1.9082110696447232,0.9299340515085933,-4.80251937843524,-5.225058637052933,0.2848418307829548,2.168756530825496,0.6844187963726298,0.6757031514740766,7.6138975966562175,2.0022941626306396,-0.10768756740101679,-0.17797581158497772,1.0879828326180256,-4.544910179640719,-12.663461538461538,-22.19047619047619,-0.16839315827511442,-11.365853658536585,-6.886699507389163,-0.0730593607305936,0.010951954907267013,1.0951954907267014,34.21748020559065,-4.769973370480172,36.61771338105601,1.8731402276771454,16.67530416639096,0.2003824429608109,16.67530416639096,-6.089883809982905,0.5358052279169508,-6.625689037899856,0.7866379310344828,1.0569476082004556,1.9082110696447232,1.1005345687439938,0.21336206896551724,-14.371810582007576,0.34849120514923637,Utilities
2023-03-31,NRG,2023,Q1,USD,-0.13675213675213677,-0.19722869722869724,-0.1554001554001554,-0.19994819994819996,-0.21639471639471639,-0.1728826728826729,-0.1728826728826729,-0.1734006734006734,2.1943734015345266,3.767381974248927,12.157894736842104,3.7089337175792507,0.26003502155172414,0.9885725353476661,0.9186519465427078,-0.03783438533213105,0.039415068758473754,-1.4769101123595507,-0.06839671102868984,-0.06839671102868984,2.5606168831168827,1.0213286713286713,-4.48617747440273,-4.935356695869837,0.4240638469827586,4.088636363636364,0.8034836980794998,0.7862892034415765,9.641558441558441,4.9326093899712555,-0.1547549874104203,-0.20694120694120693,1.100125156445557,-0.7122835943940643,-10.432432432432432,-1.5004694835680752,-0.12689589454458827,-9.9875,-6.469635627530365,-0.0651685393258427,0.011031229791928183,1.103122979192818,33.573913043478264,-5.804347826086956,55.39565217391304,1.8130434782608695,13.391304347826088,-29.05217391304348,13.391304347826088,-6.947826086956522,0.6956521739130435,-7.643478260869565,0.7989228007181328,1.0822538860103628,2.5606168831168827,1.5718868474773986,0.20107719928186715,-16.72725,0.3782608695652174,Utilities
2023-06-30,NRG,2023,Q2,USD,0.21833648393194707,0.08632640201638311,0.13689350976685571,0.08349086326402017,0.06253938248267171,0.048519218651543794,0.048519218651543794,0.045841209829867675,1.9389126450824679,2.3550071191267206,7.233236151603498,3.2942397509081474,0.21896450622607017,1.024807614418793,0.9553462940461726,0.02447484313496239,0.0427298501417578,7.010625,-0.057594369688385265,-0.057594369688385265,2.5921638655462185,1.3606001890359167,22.66952755905512,15.15278947368421,0.42468352247249147,3.695078031212485,0.7870109946305293,0.7631672471391001,8.70078031212485,99.96850393700787,0.057715674362089915,0.08979206049149338,0.6684210526315789,0.5306122448979592,3.5099337748344372,0.43214556482183475,0.046296296296296294,3.015873015873016,2.0652173913043477,0.2824675324675325,0.010072837031917,1.0072837031917,27.48051948051948,1.3333333333333333,53.95238095238095,1.826839826839827,14.424242424242424,-26.64069264069264,14.424242424242424,2.4675324675324677,0.8181818181818182,1.6493506493506493,0.7758186397984886,0.7490566037735849,2.5921638655462185,1.3958404972044982,0.22418136020151133,23.62150747986191,0.37662337662337664,Utilities
2023-09-30,NRG,2023,Q3,USD,0.19192046312610117,0.07311855021394412,0.11464887993959225,0.07060156053360181,0.051346589478983136,0.04316637301787063,0.04316637301787063,0.04102693178957966,2.111613074674462,3.0663636363636364,10.707936507936507,4.003022670025189,0.2847008240773916,1.060246360582307,0.9896976483762598,0.027673007543456873,0.04490481522956327,6.457434402332362,0.5085229591836735,0.5085229591836735,2.518362706083002,1.1149760885980367,22.316372795969773,15.653003533568906,0.42637047653170906,3.3826037521318932,0.7718251394473992,0.7532786310400449,7.933484934621944,20.296296296296298,0.06338185890257558,0.07123080795368739,0.7014134275618374,0.7740164684354987,3.2427745664739884,0.6152173913043478,0.047563025210084035,3.3491124260355027,1.9517241379310344,0.35276967930029157,0.013657501467334866,1.3657501467334865,34.54782608695652,1.491304347826087,52.49130434782609,1.7434782608695651,15.295652173913043,-25.35217391304348,15.295652173913043,2.4608695652173913,0.7347826086956522,1.7260869565217392,0.8406862745098039,0.7272727272727273,2.518362706083002,1.3161993769470406,0.15931372549019607,22.34753018660812,0.5260869565217391,Utilities
2023-12-31,NRG,2023,Q4,USD,0.06573468173706128,0.12611540749553837,0.17519333729922665,0.05800118976799524,0.09711481261154074,0.07168352171326592,0.07168352171326592,0.06930398572278405,1.8983625070581593,2.4520430107526883,9.392092257001648,3.462409886714727,0.25823795990475457,1.0238947368421052,0.96,0.03631333218052914,0.05694736842105263,5.953008566908714,0.10308868493915088,0.10308868493915088,3.949552827598073,1.706930475461035,83.77664610948905,47.624068535269714,0.4213457254781473,3.775292498279422,0.7905887439648339,0.777130148017486,8.960082587749485,17.579084967320263,0.02536842105263158,0.03584176085663296,0.5684647302904564,1.112707182320442,2.0,0.33943661971830985,0.021967003919423935,2.3173076923076925,1.268421052631579,0.17842323651452283,0.007492985878868584,0.7492985878868584,30.288286923951038,2.1711710733706724,50.29729503165338,2.436936827165008,13.09008950044642,-27.477476239753322,13.09008950044642,1.0855855366853362,0.4684684473662862,0.6171170893190501,0.7381316998468607,1.6743589743589744,3.949552827598073,0.9447261149368845,0.26186830015313933,18.597114191001697,0.38738736993750583,Utilities
2024-03-31,NRG,2024,Q1,USD,0.23475568717189393,0.11401265311616637,0.1627406111185893,0.05599676941714901,0.09355229505990038,0.06878449320231525,0.06878449320231525,0.06649616368286446,2.2342857142857144,2.804637395165269,9.78485370051635,3.815613764766307,0.29246880044092755,1.0100261551874454,0.9467088055797733,0.03895222584147666,0.03029642545771578,7.172871819960861,1.3389360730593654,1.3389360730593654,4.446875947831362,1.9735294117647062,76.76099476439792,54.911423220973795,0.42825085626550136,3.299363057324841,0.7674074074074074,0.7435438705662726,7.70427661510464,46.57680250783699,0.029097646033129903,0.03594023421725669,0.7153558052434457,0.8180367118914605,2.736842105263158,0.24250681198910082,0.024544953116381687,3.513157894736842,1.3762886597938144,0.2309197651663405,0.008048372080333665,0.8048372080333664,35.54545454545455,2.444976076555024,52.77511961722488,1.430622009569378,15.775119617224881,-26.339712918660286,15.775119617224881,1.277511961722488,0.36363636363636365,0.9138755980861244,0.7352517985611511,1.6706730769230769,4.446875947831362,0.7270817489521769,0.2647482014388489,20.89441687344913,0.5645933014354066,Utilities
2024-06-30,NRG,2024,Q2,USD,0.34584772488361615,0.18245982880312359,0.2261600840967112,0.2117435050307854,0.1579816789307704,0.1108274515693047,0.1108274515693047,0.10827451569304701,1.9573780129335685,2.065433854907539,6.991974317817014,3.344550477147162,0.25848148435680457,1.1811611659841001,1.10611900746808,0.046208049144044444,0.04529029149602505,5.485365853658537,0.11662579652823553,0.11662579652823553,4.46944521115098,2.4317164739450363,17.063013698630137,15.334090909090909,0.4239577672540952,3.014628760695556,0.7509109659676865,0.7420985193621867,7.110681755451283,8.344611528822055,0.127198265478198,0.15858236972518397,0.8986742424242424,2.804705882352941,8.650306748466258,4.030534351145038,0.09668558872001465,9.869158878504672,5.471502590673575,0.11653116531165311,0.00531100242082901,0.5311002420829011,32.01442307692308,3.548076923076923,53.29326923076923,1.8076923076923077,17.41826923076923,-23.317307692307693,17.41826923076923,5.076923076923077,0.5144230769230769,4.5625,0.7015209125475285,0.7460992907801418,4.46944521115098,0.6599846845511587,0.2984790874524715,17.75484727755644,0.41346153846153844,Utilities
2024-09-30,NRG,2024,Q3,USD,0.1726429461442614,-0.11089574968849508,-0.06534680880520559,-0.11241866260556556,-0.14038488162813237,-0.10618856430845909,-0.10618856430845909,-0.1085421569984771,2.2170042971147943,3.630391173520562,13.405555555555555,3.6296482412060302,0.304459618951273,1.171883505715841,1.0983941208492107,-0.018345595170722505,0.1502449646162221,-6.146577574967405,0.02937827022746129,0.02937827022746129,7.4832142857142845,2.6107849923854354,-214.29204545454544,608.3129032258064,0.458691620300118,4.318253968253968,0.8119683629309058,0.8052851182197497,9.414285714285715,5.220816769063968,0.004218835057158411,0.004291845493562232,-2.838709677419355,-0.533175355450237,-4.951219512195122,0.12015503875968993,0.002848741040249954,0.2605042016806723,0.1308016877637131,-0.15384615384615385,0.006257390880117936,0.6257390880117936,34.893719806763286,-3.7053140096618358,53.36231884057971,5.333333333333333,12.173913043478262,-26.980676328502415,12.173913043478262,0.1497584541062802,0.5748792270531401,-0.4251207729468599,0.7564102564102564,1.248768472906404,7.4832142857142845,0.5663469033869454,0.24358974358974358,-60.66885593220339,0.5700483091787439,Utilities
2024-12-31,NRG,2024,Q4,USD,0.285672385980349,0.12289191963631031,0.17539228625898226,0.13990321161460625,0.10485408417656548,0.09429535122451972,0.09429535122451972,0.09194896612406511,1.9549885321100917,1.9383207321925986,10.190376569037657,3.139502762430939,0.28386479060860875,1.017133779643708,0.962895722228526,0.04177497215001857,0.1096108022239873,7.243557542768273,-0.03978707693781414,-0.03978707693781414,7.5183333333333335,2.7321352104414136,24.38537958115183,19.569779411764706,0.4575389226542336,4.43543179983858,0.8160219763902294,0.7982413287738154,9.69410815173527,9.644978783592645,0.10802223987291501,0.13960991347704943,0.8025210084033614,1.0044682752457552,7.7560975609756095,0.9558232931726908,0.08661632244563734,5.6,3.7628458498023716,0.1290824261275272,0.004455076989634699,0.44550769896347,33.02179176755448,3.1138014527845037,53.82082324455206,4.677966101694915,12.0,-26.34866828087167,12.0,4.610169491525424,0.8232445520581114,3.6997578692493946,0.8993006993006993,0.749475890985325,7.5183333333333335,0.5796967649163224,0.1006993006993007,23.959389632107023,0.4019370460048426,Utilities
2025-03-31,NRG,2025,Q1,USD,0.2357600465928946,0.13372160745486314,0.17169481654047758,0.13209085614443797,0.1147350029120559,0.08736167734420501,0.08736167734420501,0.08538147932440303,2.444476082004556,2.784804753820034,17.589812332439678,3.633093525179856,0.34352366852066746,1.0618279569892473,1.021720430107527,0.04843792203115153,0.07451612903225806,6.3003599999999995,0.3321037220338981,0.3321037220338981,6.806294562477493,2.2016400698893417,29.62551724137931,22.10652631578947,0.4395982553719339,3.9560676989557075,0.7982271307127806,0.7794105965525459,8.999279798343537,23.650137741046834,0.09193548387096774,0.09959231217239371,0.7461988304093568,1.068103448275862,6.957055214723926,0.8575727181544633,0.07782632441288913,3.9400921658986174,2.529585798816568,0.16133333333333333,0.0064017505877971,0.64017505877971,43.35858585858586,3.787878787878788,56.30808080808081,3.5,14.025252525252526,-25.681818181818183,14.025252525252526,4.318181818181818,1.095959595959596,3.2222222222222223,0.7614213197969543,0.8686067019400353,6.806294562477493,0.5718720834999905,0.23857868020304568,19.806024423337856,0.6111111111111112,Utilities
