date,symbol,fiscalYear,period,reportedCurrency,marketCap,enterpriseValue,evToSales,evToOperatingCashFlow,evToFreeCashFlow,evToEBITDA,netDebtToEBITDA,currentRatio,incomeQuality,grahamNumber,grahamNetNet,taxBurden,interestBurden,workingCapital,investedCapital,returnOnAssets,operatingReturnOnAssets,returnOnTangibleAssets,returnOnEquity,returnOnInvestedCapital,returnOnCapitalEmployed,earningsYield,freeCashFlowYield,capexToOperatingCashFlow,capexToDepreciation,capexToRevenue,salesGeneralAndAdministrativeToRevenue,researchAndDevelopementToRevenue,stockBasedCompensationToRevenue,intangiblesToTotalAssets,averageReceivables,averagePayables,averageInventory,daysOfSalesOutstanding,daysOfPayablesOutstanding,daysOfInventoryOutstanding,operatingCycle,cashConversionCycle,freeCashFlowToEquity,freeCashFlowToFirm,tangibleAssetValue,netCurrentAssetValue,sector
1985-09-30,EFX,1985,Q3,USD,216997328.26,,,0.0,0.0,,,0.0,0.0,,,0.0,0.0,,,0.0,0.0,0.0,0.0,0.0,0.0,0.0,,0.0,0.0,,0.0,0,,0.0,,,,,0.0,0.0,,,,,,,Industrials
1985-12-31,EFX,1985,Q4,USD,281925662.7,309525662.7,2.0376936319947334,0.0,0.0,-0.8349761605071486,-0.07445373617480443,1.312579415501906,0.0,3.412654870214067,-0.640567794611058,0.0,0.0,24600000.0,100500000.0,0.1791044776119403,0.0,0.20162932790224034,0.41509433962264153,,-2.6032303370786516,0.14046255889141518,,0.0,0.0,,0.0,0,,0.1117141564902759,,,,54.094799210006585,0.0,0.0,54.094799210006585,54.094799210006585,,,70700000.0,-22400000.0,Industrials
1986-03-31,EFX,1986,Q1,USD,351289998.09000003,,,0.0,0.0,,,0.0,0.0,,,0.0,0.0,,,0.0,0.0,0.0,0.0,0.0,0.0,0.017364570677122403,,0.0,0.0,,0.0,0,,0.0,,,,,0.0,0.0,,,,,,,Industrials
1986-06-30,EFX,1986,Q2,USD,383129685.12000006,,,0.0,0.0,,,0.0,0.0,,,0.0,0.0,,,0.0,0.0,0.0,0.0,0.0,0.0,0.0211416664241587,,0.0,0.0,,0.0,0,,0.0,,,,,0.0,0.0,,,,,,,Industrials
1986-09-30,EFX,1986,Q3,USD,310437668.96999997,,,0.0,0.0,,,0.0,0.0,,,0.0,0.0,,,0.0,0.0,0.0,0.0,0.0,0.0,0.021904558240505075,,0.0,0.0,,0.0,0,,0.0,,,,,0.0,0.0,,,,,,,Industrials
1986-12-31,EFX,1986,Q4,USD,312148069.34999996,338948069.34999996,2.0974509241955444,0.0,0.0,-0.7979003515772127,-0.06308851224105462,1.6794682422451994,0.0,1.241413106072389,-0.6711878770747233,0.0,0.0,46000000.0,141600000.0,0.018540910923014912,0.0,0.02060931899641577,0.04224058769513315,,-2.354767184035477,0.014736596031424406,,0.0,0.0,,0.0,0,,0.1003627569528416,,,,55.693069306930695,0.0,0.0,55.693069306930695,55.693069306930695,,,84000000.0,-25500000.0,Industrials
1987-03-31,EFX,1987,Q1,USD,360056119.99,,,0.0,0.0,,,0.0,0.0,,,0.0,0.0,,,0.0,0.0,0.0,0.0,0.0,0.0,0.015830865477743605,,0.0,0.0,,0.0,0,,0.0,,,,,0.0,0.0,,,,,,,Industrials
1987-06-30,EFX,1987,Q2,USD,361766600.37000006,,,0.0,0.0,,,0.0,0.0,,,0.0,0.0,,,0.0,0.0,0.0,0.0,0.0,0.0,0.024325075866593878,,0.0,0.0,,0.0,0,,0.0,,,,,0.0,0.0,,,,,,,Industrials
1987-09-30,EFX,1987,Q3,USD,429430975.37999994,,,0.0,0.0,,,0.0,0.0,,,0.0,0.0,,,0.0,0.0,0.0,0.0,0.0,0.0,0.016766373207309462,,0.0,0.0,,0.0,0,,0.0,,,,,0.0,0.0,,,,,,,Industrials
1987-12-31,EFX,1987,Q4,USD,396068807.96999997,417868807.96999997,2.3688707934807254,0.0,0.0,-0.9595150584845005,-0.050057405281285876,1.9042553191489362,0.0,1.8517064852227858,-0.665739120814513,0.0,0.0,59500000.0,165800000.0,0.03251735476799415,0.0,0.035988677719369186,0.0710295291300878,,-2.0947570947570946,0.02247084299724538,,0.0,0.0,,0.0,0,,0.09645597369382536,,,,56.42857142857143,0.0,0.0,56.42857142857143,56.42857142857143,,,98900000.0,-23100000.0,Industrials
1988-03-31,EFX,1988,Q1,USD,448185138.99,,,0.0,0.0,,,0.0,0.0,,,0.0,0.0,,,0.0,0.0,0.0,0.0,0.0,0.0,0.014279813057663203,,0.0,0.0,,0.0,0,,0.0,,,,,0.0,0.0,,,,,,,Industrials
1988-06-30,EFX,1988,Q2,USD,408905288.73,,,0.0,0.0,,,0.0,0.0,,,0.0,0.0,,,0.0,0.0,0.0,0.0,0.0,0.0,0.023232763825348432,,0.0,0.0,,0.0,0,,0.0,,,,,0.0,0.0,,,,,,,Industrials
1988-09-30,EFX,1988,Q3,USD,433955615.4,,,0.0,0.0,,,0.0,0.0,,,0.0,0.0,,,0.0,0.0,0.0,0.0,0.0,0.0,0.02212207806356226,,0.0,0.0,,0.0,0,,0.0,,,,,0.0,0.0,,,,,,,Industrials
1988-12-31,EFX,1988,Q4,USD,411211610.4,479411610.4,2.399457509509509,0.0,0.0,-0.9921597897350993,-0.14114238410596028,1.2678571428571428,0.0,2.2796517966349357,-1.025544973279772,0.0,0.0,31500000.0,228500000.0,0.020209224916785545,0.0,0.024977960622979724,0.0377945753668297,,-1.5947194719471947,0.020670622582207133,,0.0,0.0,,0.0,0,,0.19091773656680933,,,,57.83783783783784,0.0,0.0,57.83783783783784,57.83783783783784,,,144600000.0,-46600000.0,Industrials
1989-03-31,EFX,1989,Q1,USD,444556899.88,,,0.0,0.0,,,0.0,0.0,,,0.0,0.0,,,0.0,0.0,0.0,0.0,0.0,0.0,0.019120162126140476,,0.0,0.0,,0.0,0,,0.0,,,,,0.0,0.0,,,,,,,Industrials
1989-06-30,EFX,1989,Q2,USD,547529442.98,,,0.0,0.0,,,0.0,0.0,,,0.0,0.0,,,0.0,0.0,0.0,0.0,0.0,0.0,0.021916629605685575,,0.0,0.0,,0.0,0,,0.0,,,,,0.0,0.0,,,,,,,Industrials
1989-09-30,EFX,1989,Q3,USD,628363635.2,763963635.2,3.610414155009452,0.0,0.0,24.330052076433123,4.318471337579618,1.2657039711191336,0.0,2.4947820592291468,-1.721041669853781,0.5869565217391305,0.8761904761904762,36800000.0,263300000.0,0.01993723463171497,0.0,0.024188129899216124,0.04374240583232078,0.026691396614382284,0.052083333333333336,0.017187500031828704,,0.0,0.0,,0.0,0,,0.17574303119808013,,,,64.6077504725898,6.267978803936412,0.0,64.6077504725898,58.339771668653384,,,151700000.0,-119500000.0,Industrials
1989-12-31,EFX,1989,Q4,USD,494329054.34,615729054.3399999,2.784844207779285,23.323070240151512,36.65053894880952,30.481636353465344,6.00990099009901,1.3016800584368151,5.866666666666666,1.692674391004585,-1.870867677876577,0.5921052631578947,0.9047619047619048,41300000.0,269900000.0,0.008165487207403375,0.015373352855051245,0.009991119005328597,0.018211250505868068,0.010784224220568767,0.020280057943022695,0.009103248050042586,0.03398545938682565,0.36363636363636365,0.8135593220338984,0.04341926729986431,0.0,0,0.0,0.18272545817455996,152400000.0,8600000.0,0.0,62.23880597014926,5.365126676602086,0.0,62.23880597014926,56.87367929354717,-104600000.0,2673684.2105263155,146400000.0,-125800000.0,Industrials
1990-03-31,EFX,1990,Q1,USD,547820000.0,690920000.0,3.1693577981651377,46.68378378378378,-143.94166666666666,22.727631578947367,4.707236842105263,1.2451569806279226,1.510204081632653,2.400573910972294,-1.8706632653061224,0.5798816568047337,0.898936170212766,36700000.0,262300000.0,0.017293100405858478,0.033637502236536054,0.02099400171379606,0.03904382470119522,0.022580313065304464,0.04508393285371703,0.01788908765652952,-0.008762002117483845,1.3243243243243243,1.6896551724137931,0.08990825688073395,0.0,0,0.0,0.17628374801482266,157500000.0,10200000.0,0.0,66.92201834862387,8.303571428571429,0.0,66.92201834862387,58.618446920052435,-147900000.0,7501775.147928994,151100000.0,-129300000.0,Industrials
1990-06-30,EFX,1990,Q2,USD,636071429.5,799571429.5,3.424288777301927,43.45496899456522,-55.91408597902098,20.397230344387754,4.170918367346939,1.155917345021916,1.3430656934306568,2.8913121773649797,-2.0307664203930416,0.5805084745762712,0.8872180451127819,24900000.0,267000000.0,0.02327556914712878,0.04604864537349606,0.028637123745819396,0.05275317674239507,0.030325069567417155,0.062019118675681974,0.02153846150701853,-0.02248175179199744,1.7771739130434783,2.5952380952380953,0.14004282655246253,0.0,0,0.0,0.1872239211688753,164500000.0,11350000.0,0.0,64.32976445396146,6.509831460674158,0.0,64.32976445396146,57.8199329932873,-177800000.0,7141525.423728816,149500000.0,-144300000.0,Industrials
1990-09-30,EFX,1990,Q3,USD,543369231.66,693769231.66,3.053561759066901,19.653519310481585,37.09995891229946,18.80133419132791,4.075880758807588,1.7902163687676387,2.8934426229508197,2.8815211099700004,-2.083196717896399,0.5727699530516432,0.8838174273858921,84000000.0,330000000.0,0.020391108139729233,0.04060999241722133,0.02497441146366428,0.0457957957957958,0.026970996226152018,0.04898373983739837,0.02245250428098191,0.034414904102816536,0.4702549575070821,1.296875,0.07306338028169014,0.0,0,0.0,0.18351997325756308,166050000.0,9950000.0,0.0,65.44014084507042,6.206896551724138,0.0,65.44014084507042,59.23324429334628,-131700000.0,-49096244.1314554,156600000.0,-141600000.0,Industrials
1990-12-31,EFX,1990,Q4,USD,508646154.68,599646154.6800001,1.4991153867000002,9.154903124885497,6.707451394630874,9.703012211650487,1.4724919093851132,2.1140065146579805,2.3226950354609928,5.185950046178088,-1.812807374077365,0.5529411764705883,1.1233480176211454,171000000.0,431900000.0,0.03738565557470502,0.06712997190595889,0.04370060437006044,0.07554245914813823,0.04070622573660566,0.0755659121171771,0.05544129202695185,0.17576069174501754,0.3648854961832061,1.4573170731707317,0.05975,0.0,0,0.0,0.14450483892350524,177850000.0,24150000.0,0.0,42.862500000000004,14.554951943167572,0.0,42.862500000000004,28.30754805683243,-1600000.0,-21596470.58823529,264300000.0,-56500000.0,Industrials
1991-03-31,EFX,1991,Q1,USD,1013200000.0,1071800000.0,4.236363636363636,104.05825242718447,315.2352941176471,60.21348314606742,3.292134831460674,2.256509161041466,6.0588235294117645,0.7014900108298889,-0.7569117647058824,0.5666666666666667,0.9375,130300000.0,388200000.0,0.0025820170109356016,0.004530331988391025,0.0030909090909090908,0.00457235072619688,0.003263738900887929,0.005768884081485488,0.0016778523489932886,0.003355704697986577,0.6699029126213593,0.4726027397260274,0.02727272727272727,0.0,0,0.0,0.1646415552855407,177600000.0,32050000.0,0.0,58.58893280632411,14.495878249841471,0.0,58.58893280632411,44.09305455648264,-55200000.0,50213333.333333336,263400000.0,-52600000.0,Industrials
1991-06-30,EFX,1991,Q2,USD,988823075.49,1021823075.49,3.7103234404139434,23.54431049516129,26.679453668146213,20.4364615098,0.66,2.230246389124894,2.0966183574879227,2.657994507723213,-0.7150000010362318,0.5914285714285714,0.9915014164305949,144800000.0,398900000.0,0.030117852466171977,0.052463401946942115,0.035751295336787565,0.05382215288611544,0.03659496682108426,0.061973314606741575,0.020933977486055685,0.038732914865503995,0.1175115207373272,0.3469387755102041,0.018518518518518517,0.0,0,0.0,0.15757311217808817,168250000.0,27100000.0,0.0,56.1437908496732,15.901840490797547,0.0,56.1437908496732,40.241950358875656,5300000.0,15977428.571428567,276300000.0,-40200000.0,Industrials
1991-09-30,EFX,1991,Q3,USD,852500000.0,865300000.0,3.197708795269771,21.156479217603913,23.449864498644985,19.143805309734514,0.2831858407079646,2.0184094256259204,2.1989247311827955,2.623098389555817,-0.6293548387096775,0.5904761904761905,1.0260586319218241,138300000.0,387200000.0,0.02664756446991404,0.044322529416010975,0.03151474076584209,0.04708860759493671,0.031357237584533904,0.05460690145855567,0.021818181818181816,0.04328445747800586,0.097799511002445,0.27586206896551724,0.014781966001478197,0.0,0,0.0,0.15444126074498568,169400000.0,28200000.0,0.0,55.54323725055433,15.054545454545455,0.0,55.54323725055433,40.48869179600887,24100000.0,35127619.047619045,287200000.0,-28900000.0,Industrials
1991-12-31,EFX,1991,Q4,USD,819950000.0,835350000.0,2.8336160108548167,24.861607142857142,32.128846153846155,23.399159663865547,0.43137254901960786,1.987573577501635,2.564885496183206,2.073076255541586,-0.8458064516129032,0.5435684647302904,1.021186440677966,151000000.0,400800000.0,0.01829353442256668,0.033378120359239094,0.021496553987528717,0.037396517270910645,0.021147734532863262,0.04190340909090909,0.015976583938045002,0.03170925056405879,0.2261904761904762,0.628099173553719,0.025780189959294438,0.0,0,0.0,0.1490015360983103,169900000.0,27550000.0,0.0,52.75440976933514,14.372822299651569,0.0,52.75440976933514,38.38158746968357,10600000.0,4628215.767634854,243600000.0,-61900000.0,Industrials
1992-03-31,EFX,1992,Q1,USD,911040000.0,915740000.0,3.3142960550126674,53.240697674418605,71.5421875,23.066498740554156,0.11838790931989925,2.0615615615615615,1.1025641025641026,2.2557618532242136,-0.8641025641025641,0.5777777777777777,1.0384615384615385,141400000.0,386600000.0,0.022968197879858657,0.03726797104565326,0.027225130890052355,0.04421768707482993,0.02672993277975484,0.047619047619047616,0.01712328767123288,0.014049877063575694,0.2558139534883721,0.32116788321167883,0.015924719507781397,0.0,0,0.0,0.15636042402826855,169200000.0,27350000.0,0.0,53.9413680781759,14.374633000587199,0.0,53.9413680781759,39.5667350775887,8100000.0,33922222.222222224,246600000.0,-51800000.0,Industrials
1992-06-30,EFX,1992,Q2,USD,898800002.1,883800002.1,3.1975398049927644,20.458333381944446,22.83720935658915,17.782696219315895,-0.30181086519114686,2.058951965065502,2.0093023255813955,2.547376324358315,-0.7485630823631704,0.5846994535519126,1.0082644628099173,145500000.0,386600000.0,0.03137369887113327,0.05333137442150885,0.037114117238987165,0.05859802847754655,0.03784698674025397,0.06664218836056544,0.02380952375389408,0.04305740977923836,0.10416666666666667,0.3358208955223881,0.016280752532561504,0.0,0,0.0,0.15466940331329718,163050000.0,29500000.0,0.0,52.26121562952243,17.230583985550872,0.0,52.26121562952243,35.03063164397156,53700000.0,26024590.163934425,259700000.0,-34000000.0,Industrials
1992-09-30,EFX,1992,Q3,USD,842621427.0600001,815721427.0600001,2.931086694430471,24.869555703048782,46.61265297485715,16.217125786481116,-0.5347912524850894,2.29222972972973,1.4774774774774775,2.7159469323730883,-0.6557399114901165,0.5853018372703412,1.0214477211796247,153000000.0,400200000.0,0.03313521545319465,0.055051287727842964,0.03919845315521181,0.05978552278820375,0.039265752752129,0.06725567976920303,0.02646502840285843,0.02076852004708621,0.46646341463414637,1.176923076923077,0.054976643909450236,0.0,0,0.0,0.15468053491827638,160550000.0,30250000.0,0.0,51.93675889328063,15.522836538461538,0.0,51.93675889328063,36.41392235481909,44400000.0,12031758.530183733,268900000.0,-28600000.0,Industrials
1992-12-31,EFX,1992,Q4,USD,1095885712.32,1204785712.32,3.97094829373764,29.601614553316953,39.7619046970297,21.707850672432432,1.962162162162162,2.1661490683229814,1.5653846153846154,2.4389952776073325,-1.5283856529657143,0.6032482598607889,1.0311004784688995,150200000.0,408500000.0,0.03667654112004514,0.06049641797525147,0.04352192835621024,0.10077519379844961,0.04337825092410283,0.07205654197552146,0.023725101721563432,0.02764886854474508,0.25552825552825553,0.7591240875912408,0.034278180619644036,0.0,0,0.0,0.15728593595711665,162600000.0,30450000.0,0.0,48.82663150955834,16.363636363636363,0.0,48.82663150955834,32.46299514592198,-78600000.0,31315777.262180977,146500000.0,-171900000.0,Industrials
1993-03-31,EFX,1993,Q1,USD,993991664.47,1117791664.47,4.051437711018485,35.37315393892405,64.24090025689655,25.175487938513513,2.7882882882882885,2.1185897435897436,1.7458563535911602,2.10994488624506,-1.6756906114379904,0.5915032679738562,0.9807692307692307,139600000.0,404500000.0,0.025846065971726402,0.04428044280442804,0.030714406923468524,0.072778447929232,0.03199532240080498,0.05421372719374457,0.018209408234475474,0.017505176976788578,0.44936708860759494,1.0757575757575757,0.05146792316056542,0.0,0,0.0,0.15850349850064258,162800000.0,33500000.0,0.0,52.51902863356288,18.87884267631103,0.0,52.51902863356288,33.64018595725185,-106400000.0,28054901.960784316,137700000.0,-187200000.0,Industrials
1993-06-30,EFX,1993,Q2,USD,1003400000.0,1213800000.0,4.066331658291458,73.56363636363636,122.60606060606061,22.730337078651687,3.940074906367041,2.2833052276559864,0.7081545064377682,2.5411916835244432,-1.7029310344827586,0.5918367346938775,0.9607843137254902,152200000.0,415500000.0,0.03296391020176186,0.058115518837689624,0.03906381545714767,0.08919646289888504,0.04117125110913931,0.06971975393028025,0.023121387283236997,0.00986645405620889,0.4,0.5196850393700787,0.022110552763819097,0.0,0,0.0,0.1561523159988633,163150000.0,34100000.0,0.0,49.8391959798995,16.935211267605634,0.0,49.8391959798995,32.90398471229386,-200500000.0,17646938.775510207,150200000.0,-172900000.0,Industrials
1993-09-30,EFX,1993,Q3,USD,1089400000.0,1297600000.0,4.161642078255292,25.05019305019305,33.703896103896106,119.04587155963303,19.10091743119266,1.9114688128772637,-7.969230769230769,,-1.874423076923077,1.1206896551724137,1.8125,135900000.0,384700000.0,-0.009226401703335699,-0.0045444862600298236,-0.011111111111111112,-0.026848409748038,-0.006322649676572151,-0.005761613251710479,-0.0059665871121718375,0.035340554433633195,0.25675675675675674,0.9432624113475178,0.042655548428479795,0.0,0,0.0,0.16962384669978708,171000000.0,33550000.0,0.0,51.00384862091084,16.38573743922204,0.0,51.00384862091084,34.618111181688796,-169700000.0,13513793.103448275,122600000.0,-177400000.0,Industrials
1993-12-31,EFX,1993,Q4,USD,1186900000.0,1303000000.0,3.9353669586227724,35.994475138121544,42.721311475409834,20.01536098310292,1.7834101382488479,1.9694408322496748,1.2657342657342658,3.109909719194186,-1.9057692307692307,0.5970772442588727,0.954183266932271,149100000.0,398700000.0,0.03911378555798687,0.06993104408999094,0.04692370795734208,0.1125984251968504,0.051767318932289134,0.08694146172497402,0.024096385542168672,0.02569719437189317,0.1574585635359116,0.3825503355704698,0.017215342796738146,0.0,0,0.0,0.1664387308533917,184250000.0,36200000.0,0.0,52.13530655391121,17.62651821862348,0.0,52.13530655391121,34.508788335287726,-85600000.0,25973277.661795408,132300000.0,-174300000.0,Industrials
1994-03-31,EFX,1994,Q1,USD,1132094113.92,1245394113.92,3.8991675451471512,52.54827484894515,64.19557288247422,21.288788272136753,1.9367521367521368,2.027724049000645,0.9753086419753086,2.4367764913357934,-1.68198560224522,0.5855421686746988,0.9453302961275627,159400000.0,359700000.0,0.03495899870522227,0.0615578770244689,0.04287983059820011,0.10950878774222622,0.04754078269801975,0.0812962962962963,0.02146464653531197,0.017136384476751115,0.18143459915611815,0.2945205479452055,0.013462742642454603,0.0,0,0.0,0.18472162278808804,192550000.0,36050000.0,0.0,54.46775203506574,15.77124868835257,0.0,54.46775203506574,38.69650334671317,-93900000.0,25705301.204819277,93500000.0,-158700000.0,Industrials
1994-06-30,EFX,1994,Q2,USD,1351770000.0,1463370000.0,4.270119638167493,31.335546038543896,35.347101449275364,22.138729198184567,1.6883509833585477,2.044812768569675,1.627177700348432,2.8244823151211365,-1.6890243902439024,0.5845213849287169,0.9646365422396856,170200000.0,396000000.0,0.03861159693259787,0.07077308120133481,0.04861934609520583,0.11281446540880503,0.05117326882158874,0.08769813921433495,0.021231422505307858,0.030626511906611333,0.11349036402569593,0.34868421052631576,0.015465421651590313,0.0,0,0.0,0.2058388268532221,196600000.0,41600000.0,0.0,52.497811496936094,21.631274131274132,0.0,52.497811496936094,30.866537365661962,-70200000.0,28852138.492871687,101400000.0,-155800000.0,Industrials
1994-09-30,EFX,1994,Q3,USD,1458476194.24,1589876194.24,4.424926786084052,46.623935314956015,54.26198615153584,22.08161380888889,1.825,1.8004190675746463,1.1,3.097227290008365,-1.7590887051378357,0.5762081784386617,0.9676258992805755,152800000.0,421900000.0,0.03781410100024396,0.0711406819781204,0.049735279961495266,0.10343677010343677,0.04918958194563118,0.0884083320082684,0.02125506067389317,0.02008946057242161,0.14076246334310852,0.2926829268292683,0.013359309768995268,0.0,0,0.0,0.2396926079531593,207900000.0,46200000.0,0.0,54.08015585861398,18.03386641580433,0.0,54.08015585861398,36.04628944280965,-102100000.0,61037174.72118959,103200000.0,-176400000.0,Industrials
1994-12-31,EFX,1994,Q4,USD,1299047622.4,1495347622.4,3.731838338906913,25.73748059208262,28.591732741873805,17.780590040428063,2.3341260404280617,1.253,1.600550964187328,3.682955427616854,-2.695790315623767,0.5761904761904761,0.987460815047022,75900000.0,491500000.0,0.03554641598119859,0.06931015752308528,0.05262394897071615,0.10030395136778116,0.04683520496999921,0.0884636716583472,0.027943548314984388,0.04026026382572131,0.09982788296041308,0.2857142857142857,0.014474669328674819,0.0,0,0.0,0.3245201723462593,229250000.0,48100000.0,0.0,54.48964312453207,16.30280500168976,0.0,54.48964312453207,38.18683812284232,-144000000.0,128160952.38095239,30500000.0,-283400000.0,Industrials
1995-03-31,EFX,1995,Q1,USD,1660850000.0,1872650000.0,4.874154086413326,64.1318493150685,87.50700934579439,25.93698060941828,2.9335180055401664,1.275647328744674,0.9898305084745763,3.458225272288997,-2.6259322033898305,0.5841584158415841,0.9474671669793621,84100000.0,506300000.0,0.028025840775223257,0.051403221139936346,0.04122414756847401,0.07525510204081633,0.03689057294355028,0.07130434782608695,0.017761989342806397,0.012884968540205316,0.2671232876712329,0.4126984126984127,0.02030192608016658,0.20510150963040083,0,0.0,0.32015960478814365,239350000.0,56700000.0,0.0,55.307131702238415,23.078902229845628,0.0,55.307131702238415,32.22822947239278,-190400000.0,34035643.56435643,55000000.0,-271400000.0,Industrials
1995-06-30,EFX,1995,Q2,USD,1654258337.03,1881558337.03,4.6184544355179185,102.81739546612022,163.61376843739131,22.806767721575756,2.7551515151515154,1.561211611274716,0.5111731843575419,3.8572865010756323,-2.503240217869854,0.5907590759075908,0.9543307086614173,133400000.0,551300000.0,0.034632872206636356,0.06087331639745003,0.05109905795032829,0.08710462287104623,0.04441534610482123,0.07977386934673367,0.02164111807607639,0.0069517558065608515,0.37158469945355194,0.35789473684210527,0.016691212567501227,0.19906725576828668,0,0.0,0.3222404953081165,241250000.0,59650000.0,0.0,54.43298969072165,21.96472518457752,0.0,54.43298969072165,32.46826450614412,-215800000.0,413201.32013201714,77900000.0,-251600000.0,Industrials
1995-09-30,EFX,1995,Q3,USD,2123440000.0,2391240000.0,5.803980582524272,49.921503131524005,55.73986013986014,27.74060324825986,3.1067285382830625,1.294811320754717,1.2605263157894737,3.754930968599472,-2.8651315789473686,0.6031746031746031,0.9531013615733737,87500000.0,528500000.0,0.035221058485494484,0.06257691943576635,0.0525224602626123,0.09973753280839895,0.045980672667329345,0.084516046541363,0.017895490336435216,0.020203066721922916,0.10438413361169102,0.24875621890547264,0.012135922330097087,0.19781553398058252,0,0.0,0.3294095838353879,247800000.0,59100000.0,0.0,54.43689320388349,21.625051166598443,0.0,54.43689320388349,32.81184203728505,-224900000.0,100869841.26984127,25600000.0,-313600000.0,Industrials
1995-12-31,EFX,1995,Q4,USD,2097957566.74,2394957566.74,5.710437688936575,37.131125065736434,45.705297075190835,20.17655911322662,2.502106149957877,1.463288108539505,1.4527027027027026,4.03867440710742,-3.2658303526351142,0.5896414342629482,0.7552657973921765,116100000.0,557500000.0,0.04213723071082851,0.09350089093125762,0.06341951149835738,0.12563667232597622,0.07138706860475523,0.12414394222388246,0.021163440435543614,0.02497667294645237,0.1875968992248062,0.6368421052631579,0.028850739151168335,0.1435383881735813,0,0.0,0.3355793869222739,253750000.0,60450000.0,0.0,55.42918454935622,23.276507276507278,0.0,55.42918454935622,32.15267727284895,-244600000.0,37087250.996015936,-200000.0,-333600000.0,Industrials
1996-03-31,EFX,1996,Q1,USD,1975424000.0,2213024000.0,5.231735224586289,17.370675039246468,18.802242990654207,26.035576470588236,2.795294117647059,1.3293072824156305,3.4619565217391304,3.693528601839804,-3.283627717391304,0.602291325695581,0.9271623672230652,92700000.0,543900000.0,0.03412146499768197,0.061814088734640275,0.051111111111111114,0.1030812324929972,0.04788971810248406,0.08268506900878293,0.018628912071535022,0.05958214540270848,0.076138147566719,0.5078534031413613,0.02293144208037825,0.2049645390070922,0,0.0,0.33240611961057026,258050000.0,66250000.0,0.0,54.851063829787236,25.177079188221253,0.0,54.851063829787236,29.673984641565983,-119900000.0,72490998.36333878,-1500000.0,-347300000.0,Industrials
1996-06-30,EFX,1996,Q2,USD,2545264280.7599998,2803164280.7599998,6.290763646229802,61.7437066246696,92.82000929668874,36.7869328183727,3.384514435695538,1.3697011813759554,1.1019417475728155,3.8885232669420704,-3.3235523179047246,0.6026392961876833,1.0964630225080385,106400000.0,565900000.0,0.03737382922615259,0.06886419979799835,0.05559312863519546,0.11666193585012773,0.05274588308329589,0.0923759083630989,0.016147635556229077,0.011865172598494358,0.33480176211453744,0.7136150234741784,0.03411131059245961,0.20848294434470377,0,0.0,0.3277257433845594,266200000.0,71900000.0,0.0,55.46229802513465,25.79953198127925,0.0,55.46229802513465,29.6627660438554,-227700000.0,29884164.222873904,-8100000.0,-353200000.0,Industrials
1996-09-30,EFX,1996,Q3,USD,2517568750.0,2879768750.0,6.329162087912088,40.05241655076495,54.335259433962264,26.203537306642403,3.2957233848953593,1.2192103712433706,1.5698689956331877,4.27563831134397,-4.343231441048035,0.6026315789473684,0.93711467324291,74400000.0,614500000.0,0.0365260387590717,0.06891570360299117,0.05492265259623456,0.12603192074848651,0.050172899140367086,0.08868234007654456,0.018192154633314382,0.02105205667173935,0.26286509040333794,0.8790697674418605,0.04153846153846154,0.19648351648351647,0,0.0,0.3349549405853736,278150000.0,82900000.0,0.0,55.72087912087912,31.58555133079848,0.0,55.72087912087912,24.135327790080638,-309200000.0,83473421.05263159,-56600000.0,-476700000.0,Industrials
1996-12-31,EFX,1996,Q4,USD,2945874185.64,3262474185.64,6.690882251107465,50.89663316131045,62.860774289788054,27.932142000342466,2.710616438356164,1.1662663464104617,1.191449814126394,4.973703985826013,-4.5589765223059775,0.5484199796126402,1.0571120689655173,62300000.0,618400000.0,0.041295670862757136,0.07259357765870067,0.0619102416570771,0.1266180277712403,0.05148024894603783,0.09998922529899795,0.01826283018543502,0.017617860346172447,0.19032761310452417,0.5083333333333333,0.02502050861361772,0.20652173913043478,0,0.0,0.3329751304881793,254600000.0,82050000.0,0.0,41.99138638228056,23.924472417623104,0.0,41.99138638228056,18.066913964657456,-264700000.0,74793374.10805301,-8900000.0,-440900000.0,Industrials
1997-03-31,EFX,1997,Q1,USD,2608461283.32,2968161283.32,6.206945385445421,49.80136381409396,69.83908901929412,34.43342556055685,4.172853828306264,1.1571836840737855,1.3333333333333333,4.6965788045581345,-4.398081667287915,0.596,1.0932944606413995,60500000.0,668000000.0,0.032675438596491226,0.06050621536618242,0.049849447975911676,0.09802631578947368,0.04545667358882386,0.08218899399857593,0.017136539570603362,0.016293130464220196,0.28691275167785235,0.7154811715481172,0.035759096612296114,0.19615223755750733,0,0.0,0.3445175438596491,266700000.0,79250000.0,0.0,57.572145545796744,27.897747586700035,0.0,57.572145545796744,29.67439795909671,-317200000.0,49485600.0,-15300000.0,-466600000.0,Industrials
1997-06-30,EFX,1997,Q2,USD,3592820516.0,3920320516.0,11.429505877551021,132.44326067567567,139.5131856227758,40.457384066047474,3.3797729618163053,1.2021753039027512,0.524822695035461,5.305968916688205,-4.213380527244796,0.4904513888888889,1.480719794344473,63200000.0,493800000.0,0.04293639334295919,0.05797533440143075,0.05769427141836005,0.12155765920826161,0.040926081790276264,0.07754410445529752,0.01572580643769626,0.007821153290252476,0.05067567567567568,0.1171875,0.004373177842565598,0.20174927113702623,0,0.0,0.2557945132608861,272150000.0,81850000.0,0.0,62.55393586005831,37.80687397708674,0.0,62.55393586005831,24.747061882971572,-299400000.0,49931250.0,128200000.0,-475300000.0,Industrials
1997-09-30,EFX,1997,Q3,USD,2999345453.91,3236145453.91,9.404665660883463,23.033063728896796,24.204528451084517,27.448222679474128,2.0084817642069552,1.200920245398773,2.970401691331924,4.321200509425356,-3.5158633482025134,0.5974683544303797,0.9552599758162031,65500000.0,492600000.0,0.04220692121970849,0.06794840193903541,0.06015037593984962,0.13122046149569086,0.06072340286517441,0.10437965417139972,0.015736766813062245,0.044576392434458094,0.048398576512455514,0.3487179487179487,0.01976169718105202,0.1755303690787562,0,0.0,0.2983099347223464,250950000.0,92550000.0,0.0,68.91891891891892,59.214850882531955,0.0,68.91891891891892,9.704068036386964,-103100000.0,59810632.911392406,26100000.0,-367100000.0,Industrials
1997-12-31,EFX,1997,Q4,USD,3302212500.0,3602212500.0,9.815292915531336,57.087361331220286,66.83140074211502,31.13407519446845,2.592912705272256,1.2237484737484738,1.638961038961039,3.771225634506768,-4.097539149888143,0.5481366459627329,0.679324894514768,73300000.0,533400000.0,0.029988955908588907,0.08259998257384334,0.043488973758777874,0.10103033772180882,0.06570888468809073,0.11159505591524427,0.010689802670179462,0.016322389912823598,0.14580031695721077,0.44019138755980863,0.025068119891008173,0.1986376021798365,0,0.0,0.3104239232010874,267100000.0,101400000.0,0.0,66.3841961852861,47.77466367713004,0.0,66.3841961852861,18.609532508156057,-246100000.0,60573913.04347825,-16000000.0,-426800000.0,Industrials
1998-03-31,EFX,1998,Q1,USD,3401390625.0,3759290625.0,10.646532497875956,57.569534839203676,67.85723149819495,36.42723473837209,3.4680232558139537,1.2970149253731342,1.4608501118568233,4.100430489758641,-4.542818791946309,0.599195710455764,0.9209876543209876,99500000.0,603300000.0,0.03596427709389331,0.06694214876033058,0.05339225991399905,0.13703249540159412,0.053119024348163395,0.08921687410507766,0.013141683778234086,0.016287455957811375,0.15160796324655437,0.44594594594594594,0.028037383177570093,0.19852732936845086,0,0.0,0.32641403170005634,272700000.0,93250000.0,0.0,70.01699235344095,45.951056729699665,0.0,70.01699235344095,24.06593562374129,-302500000.0,34634852.54691689,-79500000.0,-482200000.0,Industrials
1998-06-30,EFX,1998,Q2,USD,3404255566.3199997,3829355566.3199997,9.73152621682338,78.79332440987653,-71.57673955738318,33.154593647792204,3.6805194805194805,1.5665150653780557,0.9585798816568047,4.563021139953292,-4.875474292883876,0.5981087470449172,0.9175704989154013,199300000.0,746700000.0,0.03548138279223056,0.06908954664668415,0.05119902863502985,0.14004982009410463,0.05082077824858665,0.08582332681746253,0.014863748920795214,-0.015715623858943557,2.10082304526749,4.381974248927039,0.25946632782719187,0.19771283354510802,0,0.0,0.306991094593647,295900000.0,106550000.0,0.0,72.52604828462516,54.53046953046953,0.0,72.52604828462516,17.99557875415563,-478600000.0,-123454373.52245863,-76500000.0,-513700000.0,Industrials
1998-09-30,EFX,1998,Q3,USD,3350789481.2000003,4164289481.2000003,9.789114906440997,44.97072873866091,-13.648933075057359,32.94532817405064,6.4359177215189876,1.2302943969610636,1.7308411214953272,4.920634208400161,-7.800476618017623,0.592469545957918,0.9066265060240963,97000000.0,959800000.0,0.029223794177090732,0.061164333087693444,0.049114109978885524,0.13418610484073237,0.04042055399507408,0.07066335579992905,0.015966386518809394,-0.09105316872689244,4.294816414686825,14.83955223880597,0.9348848142924306,0.1864127879642689,0,0.0,0.40498170098869285,323800000.0,113650000.0,0.0,69.92242595204513,43.42284934000911,0.0,69.92242595204513,26.499576612036023,-1118600000.0,-209590033.22259137,-342700000.0,-913800000.0,Industrials
1998-12-31,EFX,1998,Q4,USD,3127875000.0,3954175000.0,8.80662583518931,47.87136803874092,57.390058055152394,31.811544650040226,6.647626709573612,1.241412213740458,1.8561797752808988,4.4156405416779,-8.068337129840547,0.5734536082474226,0.8362068965517241,101200000.0,940200000.0,0.024332895888014,0.050717311108074876,0.040122621945721755,0.12141882673942701,0.03652470476689144,0.06583427922814983,0.014226911241657673,0.022027734484274468,0.16585956416464892,0.43492063492063493,0.030512249443207125,0.20690423162583518,0,0.0,0.39353674540682415,341800000.0,106650000.0,0.0,70.77728285077951,41.660914581535806,0.0,70.77728285077951,29.116368269243708,-757400000.0,66816494.845360816,-353200000.0,-941900000.0,Industrials
1999-03-31,EFX,1999,Q1,USD,3145709375.0,4011709375.0,9.517697212336891,57.722437050359716,72.41352662454874,33.85408755274262,7.30801687763713,1.341553637484587,1.5831435079726652,3.4126176166869464,-8.24382687927107,0.5916442048517521,0.8355855855855856,138500000.0,874200000.0,0.025336180527500432,0.04986662922925734,0.03947841726618705,0.1978368634520054,0.03829858972943256,0.06690777576853527,0.013955516790231139,0.017611289981293965,0.20287769784172663,0.47474747474747475,0.03345195729537367,0.19905100830367733,0,0.0,0.35822704449702775,351450000.0,115450000.0,0.0,74.69039145907473,50.77133728890917,0.0,74.69039145907473,23.91905417016556,-810600000.0,30838005.390835583,-398800000.0,-966800000.0,Industrials
1999-06-30,EFX,1999,Q2,USD,3286947337.8,4117347337.8,9.302637455490284,46.262329638202246,55.48985630458221,32.36908284433962,6.528301886792453,1.4068051038278708,1.7082533589251438,3.7161725234938547,-8.050640086528253,0.5782463928967814,0.9300165152766309,162600000.0,886900000.0,0.02998216032686885,0.05584370677731674,0.046216623791359886,0.23186470850022253,0.04062945070821414,0.07242152466367713,0.015850573387911734,0.022574137147467383,0.1662921348314607,0.4884488448844885,0.033438770899231814,0.20108450067781292,0,0.0,0.35126891868561894,340800000.0,127950000.0,0.0,67.46949841843652,52.592756183745585,0.0,67.46949841843652,14.87674223469093,-756200000.0,47420510.54384017,-385700000.0,-950700000.0,Industrials
1999-09-30,EFX,1999,Q3,USD,2595133327.0800004,3440633327.0800004,7.742199205850586,34.68380370040323,37.23629141861473,23.67869878586422,5.8187949485564845,1.3504637753823012,1.7074010327022375,3.677774348919629,-8.172650622102772,0.5922528032619776,0.8743315508021391,139800000.0,854100000.0,0.03392898855407615,0.06504159299730443,0.05249841872232764,0.29343434343434344,0.048965267501285006,0.08542063189950513,0.022388059755439668,0.03560510708094019,0.06854838709677419,0.2054380664652568,0.0153015301530153,0.18024302430243025,0,0.0,0.35371408549404343,330400000.0,135150000.0,0.0,66.62916291629162,56.71232876712328,0.0,66.62916291629162,9.916834149168338,-753100000.0,115550764.52599388,-407700000.0,-975700000.0,Industrials
1999-12-31,EFX,1999,Q4,USD,2105175240.0,2982175240.0,6.424332701421801,44.51007820895522,71.8596443373494,20.041500268817206,5.893817204301075,1.2072107765451665,1.0841423948220066,4.0885956584369545,-8.92036485285662,0.5971014492753624,0.8876500857632933,104600000.0,832700000.0,0.03359060767474725,0.06564945667473679,0.05035853976531943,0.28664192949907236,0.04920632481836684,0.08734082397003745,0.0293562259453517,0.019713323248092163,0.3805970149253731,0.7919254658385093,0.05493321844032745,0.15682895303748384,0,0.0,0.3329709751059898,359841000.0,157713500.0,0.0,75.74618698836709,65.82205276174773,0.0,75.74618698836709,9.924134226619358,-835500000.0,111522028.98550725,-397000000.0,-1014800000.0,Industrials
2000-03-31,EFX,2000,Q1,USD,2255162280.0,3138160280.0,6.956977305628036,52.75016859693063,58.186273339143014,25.54797759577967,7.1885471449273,1.1874707912335947,1.4088379472849124,3.644458635450516,-9.354594636976636,0.5849992380477398,0.8239692251495365,91862000.0,823166000.0,0.022990802481201247,0.04765631141215904,0.03485669192023417,0.16843234705192536,0.03596667881967363,0.06505163794921452,0.01872459484379102,0.023915352113817723,0.09342589635407036,0.15776326994039172,0.012321512100930875,0.20703598688483887,0,0.0,0.3404192648627341,345143500.0,177364500.0,0.0,59.77740139797509,67.94423840890414,0.0,59.77740139797509,-8.16683701092905,-829065000.0,93658273.2499342,-374539000.0,-1004116000.0,Industrials
2000-06-30,EFX,2000,Q2,USD,2347898915.3,3470979915.3,6.966859386045728,62.15047835732703,70.34534302014511,23.556821848722386,7.622118158064406,1.34337275915864,1.0521873469233958,4.19800290344425,-10.329219325398952,0.5850040228808235,0.8326542224180019,160455000.0,1037658000.0,0.025537410010676272,0.05566402358847671,0.04047010528113601,0.2000505044794458,0.03776996947809326,0.06763243645843031,0.0226065950514816,0.021015385150725444,0.11649477152270449,0.16951978946819876,0.013058671692629458,0.2252952050628948,0,0.0,0.3689808851923148,360700500.0,165860000.0,0.0,76.19560308542732,58.2409072050892,0.0,76.19560308542732,17.95469588033812,-1073739000.0,27025548.357231826,-501582000.0,-1185372000.0,Industrials
2000-09-30,EFX,2000,Q3,USD,2414359889.1,3508998889.1,6.77535863477156,48.32466485477807,55.112280337678655,30.72328797159693,9.584189190372374,1.475665553480123,1.128986115645941,4.958860433536275,-9.873126819293628,0.601903496294078,1.2466720334138346,201686000.0,1070726000.0,0.031168646136012515,0.06080845358848486,0.049388944561549006,0.20968262506724045,0.044251300546374044,0.0768114580715678,0.026639359065882853,0.02637137913342913,0.12315976478041123,0.2304659313472838,0.017267612269407963,0.2130927233899588,0,0.0,0.3689145128993427,415208500.0,137975000.0,0.0,71.00881240997401,45.04763042251665,0.0,71.00881240997401,25.961181987457365,-1030969000.0,40220954.37785432,-454526000.0,-1131087000.0,Industrials
2000-12-31,EFX,2000,Q4,USD,2587082088.2999997,3545847088.2999997,7.110451547783051,36.854137053204866,44.274386778293874,20.946391750451905,5.663714984463794,1.419227917714629,1.406622807017544,5.68134177363875,-9.313751696929485,0.59170062024758,0.8697408811845432,178685000.0,995435000.0,0.03304927385816933,0.06431506406852106,0.0506030193134857,0.17832096731303673,0.04631513186421988,0.08087559244085327,0.02643905282686503,0.030956883959034603,0.16759689439057093,0.4433599120153973,0.03233530052277909,0.1510404446931004,0,0.0,0.34689126643947704,429032500.0,69164500.0,0.0,81.11389846414842,5.9498657892458215,0.0,81.11389846414842,75.1640326749026,-878677000.0,121890112.83834636,-334361000.0,-1081150000.0,Industrials
2001-03-31,EFX,2001,Q1,USD,2834240000.0,3823372000.0,7.969642015916889,144.41442870632673,186.36049912263599,39.375612770339856,10.186735324407827,1.45012267368799,0.550392915055507,4.7678392439242305,-9.044,0.5949977734896839,1.149985775248933,180528000.0,964804000.0,0.02371134681258315,0.04830214387185277,0.03593496117168503,0.12381913376543814,0.03489220379475863,0.060812799331524926,0.016971745512024388,0.007238624816529299,0.2250802644003777,0.1603951335055986,0.012421259760454578,0.22449775087442833,0,0.0,0.34015938686288266,457012000.0,26616000.0,11586000.0,87.15559613292145,13.899945318361585,8.84011343260806,95.99570956552951,82.09576424716792,-968616000.0,71178343.47632477,-301578000.0,-1058571000.0,Industrials
2001-06-30,EFX,2001,Q2,USD,3340155000.0,4389747000.0,15.16079310368646,-310.16371087401967,-331.0268456375839,42.868623046875,10.249921875,1.2022680463229036,-0.4797952403552783,4.147249006212025,-9.282483516483516,0.44867290288234846,0.8627952755905511,65602000.0,661344000.0,0.014594170445741132,0.03764963145703303,0.019869499059334345,0.06109168931009345,0.02506438692329158,0.04492818020774525,0.00883132668992906,-0.003970175036787215,-0.0630255069596552,0.056395018018587595,0.0030806849343454927,0.30674918665773315,0,0.0,0.2654988229869316,381357000.0,28419500.0,23957500.0,92.66942040297569,14.751064342517472,17.887942806651136,110.55736320962683,95.80629886710936,-1062853000.0,176734922.42756104,-53783000.0,-1148436000.0,Industrials
2001-09-30,EFX,2001,Q3,USD,2995320000.0,3743648000.0,13.256919459474773,11.980823759080872,12.143661606331905,34.824632558139534,6.961190697674419,1.426168809565745,8.731138929250028,3.3536362338821006,-6.8208278748180495,0.5652551608674364,0.7864968944099379,108884000.0,688160000.0,0.02469137506011054,0.0464146145182245,0.03859451601562416,0.13572254773688303,0.03633506704451134,0.06746191949530872,0.011947972169918407,0.10292055606746525,0.013409287291579992,0.15531173548817556,0.014837530808238193,0.2831206266466472,0,0.0,0.3602361783701402,291360500.0,18109000.0,20794500.0,90.69955947760559,11.675923115417115,12.437877880505674,103.13743735811127,91.46151424269415,-440048000.0,25009040.449828625,-258446000.0,-821349000.0,Industrials
2001-12-31,EFX,2001,Q4,USD,3294060000.0,4016460000.0,14.250143691414705,-57.63157894736842,-37.35025805551681,35.4188308538876,6.370426546971314,1.2975715839072128,-7.6483757682177345,1.6380729058881272,-6.840542521994135,0.56463006568348,0.18518348518578018,82100000.0,653800000.0,0.006405173625755658,0.01862526388285847,0.010056285178236398,0.03742094455852156,0.01247762701288956,0.023324321967384667,0.0027661912654900036,-0.03264512486111364,-0.5430035011192103,1.4414733554260466,0.13426454831224677,0.2799605469498393,0,0.0,0.36306762266273024,275393500.0,14507000.0,21623000.0,85.00145465382788,10.259067357512953,20.518134715025905,105.51958936885379,95.26052201134084,-829935000.0,64334451.10918328,-273000000.0,-821100000.0,Industrials
2002-03-31,EFX,2002,Q1,USD,3948780000.0,4672980000.0,17.876740627390973,124.2813829787234,127.32915531335149,47.393306288032456,7.344827586206897,1.4191919191919191,0.9016786570743405,3.7334809145884655,-6.628115835777126,0.5991379310344828,0.8776796973518285,99600000.0,671900000.0,0.02947204749452258,0.05547136563876652,0.04672792469744509,0.1508683068017366,0.038282175182604364,0.06684787225006371,0.010560223664017748,0.009294009795430488,0.023936170212765957,0.046632124352331605,0.0034429992348890587,0.2697016067329763,0,0.0,0.36928404834263906,260950000.0,11650000.0,26250000.0,88.03749043611323,8.101604278074866,20.935828877005346,108.97331931311858,100.8717150350437,-687500000.0,48411637.93103448,-246100000.0,-801300000.0,Industrials
2002-06-30,EFX,2002,Q2,USD,3614060000.0,4389660000.0,16.239955604883463,81.29,85.07093023255814,41.02485981308411,7.248598130841121,0.768075768075768,1.1368421052631579,4.012205325155711,-6.937773722627737,0.61003861003861,0.886986301369863,-100400000.0,500100000.0,0.03264462809917355,0.0603439254944365,0.05285459411239964,0.16731380162372045,0.04137070934405313,0.08487881464036895,0.013115443573155952,0.014277571484701415,0.044444444444444446,0.12435233160621761,0.008879023307436182,0.2097669256381798,0,0.0,0.38236914600550964,246000000.0,10500000.0,25850000.0,78.67924528301886,9.100185528756958,21.37291280148423,100.05215808450309,90.95197255574614,-724000000.0,270339382.23938227,-271900000.0,-836200000.0,Industrials
2002-09-30,EFX,2002,Q3,USD,2954466000.0,3819366000.0,13.183866068346566,65.2883076923077,144.67295454545456,34.658493647912884,7.848457350272232,0.7150401836969001,1.1607142857142858,3.5397886173472934,-7.803899926416483,0.47730061349693254,0.9085841694537347,-124100000.0,533100000.0,0.025448122465000653,0.060189223646245724,0.042416312288736234,0.14712556732223903,0.040897563213118514,0.08206019577348825,0.01316650792393617,0.008935624914959252,0.5487179487179488,1.646153846153846,0.11080428028995512,0.2288574387297204,0,0.0,0.40003925160277376,225450000.0,10600000.0,25400000.0,66.66896789782534,8.18904593639576,20.035335689045937,86.70430358687128,78.51525765047552,-838500000.0,65800490.797546014,-347100000.0,-952800000.0,Industrials
2002-12-31,EFX,2002,Q4,USD,3133156000.0,4027156000.0,13.76334928229665,40.92638211382114,33.28228099173554,34.39074295473954,7.634500426985483,0.6674456648749708,2.5625,3.6789086520864576,-8.083456425406204,0.5884433962264151,0.8954593453009504,-142300000.0,558800000.0,0.0331143406994492,0.06239499258771208,0.05826716487622606,0.2257918552036199,0.04397572635545394,0.08776645041705283,0.015926433283245393,0.03861920695937259,0.22967479674796748,1.0089285714285714,0.07723855092276145,0.0,0,0.0,0.43168093436857125,207600000.0,13400000.0,23050000.0,61.70198222829802,14.196940726577438,17.982791586998086,79.68477381529611,65.48783308871867,-773000000.0,120935731.13207547,-429500000.0,-1000300000.0,Industrials
2003-03-31,EFX,2003,Q1,USD,2706646000.0,3617646000.0,11.9948474801061,125.61270833333333,144.70584,44.82832713754647,11.288723667905824,0.6691125888557671,0.6575342465753424,3.701643308597991,-8.163589364844904,0.6066481994459834,0.8946716232961586,-144300000.0,571500000.0,0.028156338390331704,0.05270204081632653,0.04924114671163575,0.17183209101608474,0.03699783984345218,0.07208575256811077,0.016182389569969622,0.009236523727151611,0.13194444444444445,0.16379310344827586,0.012599469496021221,0.0,0,0.0,0.4281949087168938,206500000.0,15350000.0,20700000.0,63.38196286472149,10.062992125984252,14.527559055118111,77.90952191983959,67.84652979385534,-886000000.0,71809556.7867036,-411200000.0,-1008900000.0,Industrials
2003-07-30,EFX,2003,Q2,USD,3186338000.0,4071138000.0,12.842706624605679,55.69272229822161,59.34603498542274,47.72729191090269,10.372801875732709,1.3916628492899679,1.7446300715990453,4.108297269222239,-8.029280948851001,0.5317258883248731,0.9237983587338804,85500000.0,837000000.0,0.02601676497981993,0.05388332649000348,0.04617079889807162,0.12860650705954574,0.0376909558340859,0.06126993248096538,0.01314989181938639,0.021529417155367696,0.06155950752393981,0.18672199170124482,0.014195583596214511,0.0,0,0.0,0.43651040049674017,212900000.0,13350000.0,20950000.0,60.586750788643535,8.169934640522875,13.986928104575163,74.5736788932187,66.40374425269582,-816200000.0,-156833375.63451776,-377200000.0,-980900000.0,Industrials
2003-09-30,EFX,2003,Q3,USD,2995315000.0,3830415000.0,12.364154293092318,41.8167576419214,43.281525423728816,43.08678290213723,9.393700787401574,1.3259493670886076,1.7890625,4.69873417480234,-7.827509293680297,0.6213592233009708,0.9268841394825647,72100000.0,822500000.0,0.032132546755365886,0.055494865632510375,0.05746997418341004,0.14767810787424285,0.04070967522596249,0.06478647427488704,0.017093360798446908,0.029546141223877956,0.03384279475982533,0.12301587301587301,0.010006455777921239,0.0,0,0.0,0.4408811346805573,207100000.0,11650000.0,20500000.0,58.33440929632021,7.534883720930233,13.674418604651164,72.00882790097137,64.47394418004113,-746600000.0,92465048.54368933,-355800000.0,-953400000.0,Industrials
2003-12-31,EFX,2003,Q4,USD,3265850000.0,4050050000.0,13.636531986531987,40.37936191425723,41.710092687950564,36.61889692585895,7.090415913200723,0.8058060879368658,3.5821428571428573,3.62927213568939,-7.451050262565642,0.5633802816901409,0.5660592255125285,-68900000.0,702400000.0,0.018026137899954935,0.036355547081069056,0.033775633293124246,0.07537012113055182,0.02650724064771262,0.04772632457238214,0.008573571964419676,0.02973192277661252,0.031904287138584245,0.14035087719298245,0.010774410774410775,0.0,0,0.0,0.4662975600334771,194750000.0,12100000.0,17550000.0,57.18181818181818,10.11744966442953,11.703020134228188,68.88483831604637,58.76738865161684,-687100000.0,215894567.40442657,-352800000.0,-895900000.0,Industrials
2004-03-31,EFX,2004,Q1,USD,3431478000.0,4219678000.0,13.45560586734694,129.83624615384616,144.50952054794521,39.73331450094162,7.421845574387947,0.860296172115116,0.639763779527559,5.072491431801888,-7.471407072987208,0.6202686202686203,0.9264705882352942,-50000000.0,719600000.0,0.031937633597384635,0.0558541938356818,0.058694396302715196,0.12776659959758552,0.039267706745171334,0.07122576458181228,0.014804116476923354,0.008509452778074054,0.10153846153846154,0.15207373271889402,0.010522959183673469,0.0,0,0.0,0.45586571105243306,198550000.0,11300000.0,14500000.0,59.808673469387756,6.216216216216216,9.121621621621621,68.93029509100938,62.71407887479317,-759000000.0,54763492.06349206,-327500000.0,-885100000.0,Industrials
2004-06-30,EFX,2004,Q2,USD,3264525000.0,3965525000.0,12.435010975227344,48.18377885783718,60.63493883792049,35.1553634751773,6.214539007092198,1.1151162790697675,1.1243169398907105,6.345263991304153,-8.029188779378316,0.6251067463706234,1.2728260869565218,29700000.0,791100000.0,0.04793713163064833,0.05536309982037465,0.09060527292981804,0.17211380202210205,0.040355110870575105,0.06800630417651694,0.0224228639694902,0.020033542398970754,0.20534629404617255,0.8284313725490197,0.05299466917529006,0.0,0,0.0,0.47092337917485266,110700000.0,11100000.0,14750000.0,3.6688617121354654,8.757485029940119,10.778443113772454,14.447304825907919,5.6898197959678,-635600000.0,-18690179.333902657,-293800000.0,-814000000.0,Industrials
2004-09-30,EFX,2004,Q3,USD,3445252000.0,4103352000.0,12.703876160990712,43.7924439701174,39.68425531914894,43.01207547169811,6.89832285115304,0.5791139240506329,1.7612781954887218,5.685428666457879,-7.7821346595256315,0.6073059360730594,0.9182389937106918,-199500000.0,562600000.0,0.035194495898385816,0.06279207529783452,0.06696035242290749,0.11532625189681335,0.043945226457446133,0.09194294525828836,0.015441540996130328,0.030012318402253303,0.10352187833511206,0.5052083333333334,0.030030959752321982,0.0,0,0.0,0.47439798888594864,10350000.0,10200000.0,12700000.0,2.1455108359133126,4.850691915513474,6.161689730517116,8.307200566430428,3.4565086509169536,-554700000.0,315492465.75342464,-255800000.0,-775800000.0,Industrials
2004-12-31,EFX,2004,Q4,USD,3647380000.0,4249480000.0,13.39262527576426,41.58003913894325,44.17338877338877,33.06988326848249,4.685603112840467,0.6557233530312979,1.777391304347826,6.340891294231825,-6.332049306625578,0.5831643002028397,0.9070837166513339,-157300000.0,1013300000.0,0.036925250449524785,0.06927789363920751,0.10881907645722937,0.109816653934301,0.04786225445320026,0.09661001545033172,0.015764740717994833,0.026375096644714838,0.05870841487279843,0.30303030303030304,0.018909549322407817,0.0,0,0.0,0.6606730028255844,105850000.0,8550000.0,11300000.0,57.86322092656792,6.85243328100471,9.324960753532183,67.1881816801001,60.335748399095394,-505900000.0,37966531.44016227,-505200000.0,-734000000.0,Industrials
2005-03-31,EFX,2005,Q1,USD,3983562000.0,4647062000.0,13.532504368083867,115.88683291770573,121.33321148825065,38.12191960623462,5.44298605414274,0.6374831633634789,0.6843003412969283,6.6536272014953814,-6.799114021571649,0.6214209968186638,0.9245098039215687,-188400000.0,1049700000.0,0.03507721776607207,0.0632009418179565,0.10287921348314606,0.10358847445642566,0.043160112811864174,0.08862629246676514,0.014710452604980166,0.009614510832265194,0.04488778054862843,0.09045226130653267,0.0052417006406523005,0.0,0,0.0,0.6590446546151083,209050000.0,8350000.0,15500000.0,56.112405358182876,4.421052631578948,11.242105263157896,67.35451062134078,62.933457989761834,-625200000.0,112584941.6755037,-535300000.0,-773600000.0,Industrials
2005-06-30,EFX,2005,Q2,USD,4635158000.0,5253058000.0,14.455305448541552,59.42373303167421,77.13741556534508,41.42790220820189,4.8730283911671926,0.6754213175749617,1.4121405750798721,7.211056951427929,-6.450308166409862,0.6387755102040816,0.9184629803186504,-148300000.0,1107900000.0,0.03745587267396638,0.06385589036177025,0.11342634535241891,0.10064308681672025,0.04610522014393256,0.08786231884057971,0.01350547273685169,0.014692055804785942,0.22963800904977374,1.0099502487562189,0.05586130985140341,0.0,0,0.0,0.6697780171124275,214850000.0,6750000.0,14550000.0,53.39570720968629,3.9580514208389714,6.880920162381597,60.27662737206789,56.31857595122892,-549800000.0,27857346.93877551,-497400000.0,-740700000.0,Industrials
2005-09-30,EFX,2005,Q3,USD,4538706000.0,5104806000.0,13.60193445243805,49.4172894482091,55.42677524429968,39.943708920187795,4.429577464788732,1.0283496456294297,1.6528,7.625291984217187,-6.148190916089299,0.6097560975609756,0.9552656104380243,8400000.0,1311100000.0,0.036485697606538234,0.06341045415595545,0.11398869232172168,0.08958004873154651,0.043458538205441835,0.07573939436719136,0.013770444703842902,0.0202921273155829,0.10842207163601161,0.5463414634146342,0.02984279243272049,0.0,0,0.0,0.6799182720373613,219800000.0,5800000.0,12800000.0,53.71702637889688,3.0,8.411764705882353,62.12879108477924,59.12879108477924,-474000000.0,-81973170.73170732,-467000000.0,-710600000.0,Industrials
2005-12-31,EFX,2005,Q4,USD,4904580000.0,5423180000.0,15.01018544146139,51.16207547169812,38.93165829145729,42.46812842599844,4.061080657791699,0.9521222410865874,1.6878980891719746,8.34579526107316,-6.216279069767442,0.6548488008342023,0.9047169811320754,-14100000.0,1272500000.0,0.03428883428883429,0.05981097474961208,0.09209561519284352,0.0765573570644886,0.042603555446158126,0.06896551724137931,0.012804358375232945,0.028402024230413207,0.3141509433962264,1.5345622119815667,0.09216717409355106,0.0,0,0.022695820647661222,0.6276822276822277,220000000.0,5500000.0,16950000.0,53.805701632991976,3.518886679920477,11.689860834990059,65.49556246798204,61.97667578806156,-379300000.0,146913972.88842544,-329300000.0,-730800000.0,Industrials
2006-03-31,EFX,2006,Q1,USD,4803960000.0,5308760000.0,14.194545454545455,81.2980091883614,97.23003663003664,40.742594013814276,3.874136607828089,1.0217948717948717,1.0381558028616853,8.5392280306626,-6.064147286821705,0.6233894945490585,0.923992673992674,6800000.0,1292500000.0,0.03347525279403938,0.05885999191483628,0.086223440712817,0.07336132493585258,0.041023341451583206,0.06968730057434588,0.013093364640837974,0.0113656233607274,0.1638591117917305,0.5071090047393365,0.0286096256684492,0.0,0,0.011229946524064172,0.6117615753060138,221450000.0,13900000.0,22550000.0,54.601604278074866,13.044341495698212,15.188616810059562,69.79022108813443,56.74587959243622,-450200000.0,57574132.80475718,-292100000.0,-702800000.0,Industrials
2006-06-30,EFX,2006,Q2,USD,4398954000.0,4880154000.0,12.587449058550426,53.80544652701213,65.15559412550067,41.746398631308814,4.11633875106929,1.0316698656429943,1.3031609195402298,9.229953572760648,-5.863387978142076,0.6816846229187071,1.0591286307053942,9900000.0,1318500000.0,0.03694855868768912,0.05123980120658038,0.0949004635942187,0.0779657219670662,0.03942785003261737,0.06135828400483737,0.015821943125570306,0.017026775001511722,0.17420066152149946,0.7707317073170732,0.040753159659530566,0.0,0,0.0,0.6106598715294368,232950000.0,19350000.0,25200000.0,55.48104204281661,9.344870210135971,13.8504326328801,69.33147467569671,59.98660446556074,-406300000.0,67314397.64936337,-257600000.0,-668500000.0,Industrials
2006-09-30,EFX,2006,Q3,USD,4640144000.0,5093044000.0,12.906852508869742,51.23786720321932,55.479782135076256,36.120879432624115,3.2120567375886524,1.0654205607476634,1.2598225602027884,10.1001466686791,-5.707871835443038,0.7032085561497327,0.9303482587064676,21000000.0,1324100000.0,0.041655667599387575,0.06384668325480439,0.10553772070626004,0.08593835094216316,0.05094122529532541,0.07666391202085054,0.017003782641228374,0.019783868776486246,0.07645875251509054,0.37254901960784315,0.01926001013684744,0.0,0,0.0,0.6053006705031413,243750000.0,19050000.0,24900000.0,56.67764825139382,12.14059531348955,14.192526915769474,70.8701751671633,58.72957985367375,-361100000.0,86506951.87165776,-228400000.0,-634000000.0,Industrials
2006-12-31,EFX,2006,Q4,USD,5070940000.0,5507040000.0,14.120615384615384,46.316568544995796,54.52514851485149,42.13496557000765,3.3366488140780413,0.5930252533928878,1.884310618066561,8.733562260586744,-5.527221777421937,0.6266137040714995,0.916287534121929,-236900000.0,1104400000.0,0.03523958449681671,0.05965207479577713,0.10323952879581152,0.07528934494690372,0.04476103092457446,0.09093918080264791,0.01244345229878484,0.01991741176192185,0.1505466778805719,0.8605769230769231,0.0458974358974359,0.0,0,0.04461538461538461,0.658661901038758,246650000.0,22400000.0,23200000.0,56.4923076923077,13.22701688555347,12.101313320825515,68.59362101313322,55.36660412757975,-335100000.0,329664846.0774578,-341300000.0,-607300000.0,Industrials
2007-03-31,EFX,2007,Q1,USD,4552605000.0,4938905000.0,12.191816835349297,76.1002311248074,98.1889662027833,15.957689822294023,1.2481421647819062,0.6578389830508474,0.9405797101449276,9.608016407454285,-5.041232986389112,0.6365313653136532,0.37625824366539395,-193800000.0,1149300000.0,0.03766581145259021,0.15906142167011733,0.10595823095823095,0.07438551099611902,0.1166198323350483,0.22765705254839985,0.01515615784808917,0.01104861941679544,0.22496147919876733,0.6822429906542056,0.036040483831152804,0.0,0,0.009874105159219946,0.6445220808996124,248500000.0,22450000.0,26650000.0,56.030609725993585,11.376255168340226,16.904902539870054,72.93551226586364,61.559257097523414,-336000000.0,147084686.34686348,-253100000.0,-531700000.0,Industrials
2007-06-30,EFX,2007,Q2,USD,5992258000.0,6933858000.0,15.256013201320132,78.61517006802721,97.65997183098591,46.41136546184739,6.302543507362785,0.8732905386547586,1.2582025677603423,12.235159436760366,-10.24759080800593,0.641941391941392,0.9115191986644408,-90800000.0,2771900000.0,0.019398400531311397,0.043998824739239016,0.07467774581868541,0.04058591940713293,0.023134066947802172,0.04135169652411032,0.0116984282051941,0.011848622005260788,0.19501133786848074,0.581081081081081,0.03784378437843784,0.0,0,0.0,0.7402385366798572,274200000.0,27650000.0,33650000.0,58.65346534653465,16.066350710900473,16.824644549763033,75.47810989629768,59.41175918539721,-870600000.0,-13695421.245421246,-947800000.0,-1260700000.0,Industrials
2007-09-30,EFX,2007,Q3,USD,5250054000.0,6572154000.0,13.344475126903554,55.36776748104465,100.79990797546013,39.09669244497323,7.864961332540155,0.9429238277105877,1.748159057437408,10.558086535954317,-12.908842794759826,0.6240808823529411,0.8421052631578947,-26900000.0,2879300000.0,0.019507570316315684,0.036423094271538115,0.08346650276582668,0.04929219600725953,0.025374889853977844,0.042932145942712836,0.012933200306130184,0.01241891988158598,0.45071609098567816,1.3753213367609254,0.10862944162436548,0.0,0,0.0,0.7662826442956876,299450000.0,27850000.0,33250000.0,55.31573604060914,10.097786927431805,14.359238291302109,69.67497433191124,59.57718740447944,-1256900000.0,2131250.0,-1289700000.0,-1658800000.0,Industrials
2007-12-31,EFX,2007,Q4,USD,4712256000.0,6017956000.0,12.261524042379788,33.78975856260528,41.531787439613524,38.088329113924054,8.26392405063291,0.7771073322362406,2.710806697108067,11.097083158633607,-13.953317901234568,0.6690427698574338,0.8169717138103162,-121900000.0,2832400000.0,0.018644115894321633,0.03432030380035976,0.07924255216499819,0.04695540308747856,0.02513798910220485,0.04037621766879409,0.013942366458868108,0.030749602738051583,0.18641212801796744,0.8783068783068783,0.06764466177669112,0.0,0,0.035859820700896494,0.7647209058145804,299250000.0,26450000.0,28400000.0,54.24205378973105,14.100755667506297,11.697732997481108,65.93978678721216,51.83903111970586,-1160800000.0,180018940.93686354,-1295600000.0,-1699700000.0,Industrials
2008-03-31,EFX,2008,Q1,USD,4468608000.0,5770708000.0,11.470300139137349,76.84031957390147,127.95361419068736,35.23020757020757,7.9493284493284495,1.3526731470230862,1.143074581430746,11.269434088539048,-13.703510802469136,0.6251189343482397,0.8308300395256917,116100000.0,3074000000.0,0.01850756359334066,0.03568096355565608,0.0759801087082225,0.04553014553014553,0.024318745226494406,0.039184028316825534,0.014702565094096417,0.010092628397926155,0.3994673768308921,0.7915567282321899,0.05963029218843172,0.0,0,0.01212482607831445,0.7564156736809488,300450000.0,30850000.0,30000000.0,54.57960644007156,13.579881656804734,15.177514792899407,69.75712123297096,56.17723957616623,-1257000000.0,-151022454.80494767,-1242200000.0,-1661600000.0,Industrials
2008-06-30,EFX,2008,Q2,USD,4336980000.0,5604880000.0,11.167324168160988,50.17797672336616,67.28547418967587,34.01019417475728,7.693567961165049,0.997697444163021,1.5776836158192091,11.910836946941892,-13.540503875968993,0.6465753424657534,0.8514774494556765,-1000000.0,2958900000.0,0.019962781255286752,0.03598957232438526,0.08119266055045872,0.04777327935222672,0.025486995688627213,0.04103074896378884,0.01632472365563134,0.0192069135665832,0.25425246195165624,0.7473684210526316,0.05658497708706914,0.0,0,0.0,0.754130716742796,305500000.0,31100000.0,32950000.0,54.85355648535565,14.149253731343283,14.194029850746269,69.04758633610192,54.898332604758636,-1184600000.0,209849589.0410959,-1192600000.0,-1631300000.0,Industrials
2008-09-30,EFX,2008,Q3,USD,4392375000.0,5631475000.0,11.632875438958893,40.807789855072464,52.581465919701216,38.283310673011556,8.423521414004078,1.0887541345093716,1.9087136929460582,11.994143899806827,-13.519411764705882,0.8006644518272426,0.8307267709291628,32200000.0,2935400000.0,0.020952877760389496,0.030640827759675297,0.08621512043882662,0.050292153589315526,0.02730869527072237,0.03471727443487273,0.01646034320840092,0.024383164005805515,0.22391304347826088,0.7463768115942029,0.06382978723404255,0.0,0,0.0,0.756969802353214,289800000.0,29050000.0,30850000.0,50.88411485230324,12.312854930304596,13.939081053175014,64.82319590547826,52.51034097517366,-1132000000.0,64332225.91362126,-1174400000.0,-1618000000.0,Industrials
2008-12-31,EFX,2008,Q4,USD,3346824000.0,4507924000.0,10.093873712494402,37.597364470391994,45.672988855116515,29.23426718547341,7.529831387808041,1.1125786163522013,1.8734375,10.893188076033994,-13.377179080824089,0.6336633663366337,0.8699397071490095,35800000.0,2859400000.0,0.019630095389994787,0.03460042617234648,0.08852005532503458,0.0487656202377324,0.024735497556211142,0.03945892669000442,0.019122606985010268,0.02949064545969552,0.176814011676397,0.5564304461942258,0.04746977160770264,0.0,0,0.04455888938647559,0.7782412661411526,263550000.0,28200000.0,26450000.0,51.06583072100314,14.842801985659127,11.367898510755653,62.43372923175879,47.59092724609966,-1062400000.0,86868316.83168317,-1224900000.0,-1594100000.0,Industrials
2009-03-31,EFX,2009,Q1,USD,3085590000.0,4255590000.0,9.396312651799514,95.63123595505618,144.25728813559323,30.053601694915255,8.26271186440678,0.6324259544598527,0.7932263814616756,10.237050607996439,-12.956022187004754,0.5991189427312775,0.8781431334622823,-214700000.0,2618100000.0,0.01657576403912368,0.03139616642719575,0.0715507036696041,0.0398943971839249,0.02100026899729618,0.038068055452591,0.017630339740535846,0.009560570263709696,0.33707865168539325,0.39267015706806285,0.03311989401633915,0.0,0,0.008169573857363657,0.7683354154605564,258600000.0,31100000.0,25050000.0,52.422168249061606,15.380952380952381,12.952380952380953,65.37454920144256,49.99359682049018,-1140500000.0,337584801.7621145,-1146200000.0,-1537100000.0,Industrials
2009-06-30,EFX,2009,Q2,USD,3296430000.0,4386830000.0,9.632916117698727,43.390999010880314,53.432764920828255,30.421844660194175,7.561719833564494,0.6026328620185275,1.6546644844517184,11.138450813313904,-12.329374505146477,0.6221294363256785,0.9115128449096099,-244500000.0,2613600000.0,0.017974546112552024,0.032496172908740927,0.07703244151479902,0.04038487599945792,0.022320048459972815,0.039696352527309756,0.01808016551238764,0.024905731351795732,0.18793273986152326,0.4859335038363171,0.041721563460693896,0.0,0,0.01339481774264383,0.7666626455154111,259100000.0,31650000.0,30300000.0,50.276679841897234,14.5010395010395,15.623700623700623,65.90038046559786,51.39934096455836,-1008300000.0,116931419.62421712,-1054600000.0,-1457500000.0,Industrials
2009-09-30,EFX,2009,Q3,USD,3683296000.0,4674696000.0,10.344536401858818,37.94396103896104,44.10090566037736,33.43845493562232,7.091559370529327,0.6663210644548125,2.006514657980456,11.418136856793401,-11.682950949367088,0.6461038961038961,0.9221556886227545,-193100000.0,2658400000.0,0.017946790921388848,0.0320069855321199,0.07546454304133485,0.038498742503385565,0.022960045534399506,0.038685493849625156,0.01620830907969384,0.028778572235302294,0.1396103896103896,0.43434343434343436,0.038061518034963486,0.0,0,0.008187652135428191,0.7621824740718472,253050000.0,28300000.0,36500000.0,50.12834697942023,12.107199159222281,18.728323699421964,68.85667067884219,56.74947151961991,-885400000.0,37583116.88311687,-971900000.0,-1377400000.0,Industrials
2009-12-31,EFX,2009,Q4,USD,3901407000.0,4972407000.0,10.709470170148611,33.23801470588235,38.21988470407379,37.218615269461075,8.016467065868264,0.8468102397399431,2.4168012924071083,11.660279074280966,-12.862826603325416,0.7757731958762887,0.8462377317339149,-75400000.0,2969600000.0,0.016955358400225322,0.02658135815035626,0.07298739088263821,0.03759680239820135,0.022492052966441974,0.02988588431481542,0.015430330647379266,0.03334694380770835,0.1303475935828877,0.46539379474940334,0.04199870773206978,0.0,0,0.013138057290544906,0.7676946908886072,255200000.0,30750000.0,33600000.0,50.14645703209132,16.47628760836308,12.66700662927078,62.8134636613621,46.33717605299902,-940900000.0,-22152706.185567006,-1110700000.0,-1518700000.0,Industrials
2010-03-31,EFX,2010,Q1,USD,4521540000.0,5592240000.0,12.12278343810969,148.33527851458885,-454.65365853658534,38.22447026657553,7.318523581681476,1.04052165812762,0.643344709897611,11.480078686858961,-12.292755344418053,0.6096774193548387,0.8959537572254336,17400000.0,2984400000.0,0.016174121405750797,0.030526778248607587,0.06685532366466218,0.03440742763517204,0.020773100122312076,0.03501072752096743,0.012539975318143819,-0.0027203121060523625,1.3262599469496021,1.1764705882352942,0.10838933448948623,0.0,0,0.009538261435074788,0.7580727978092195,258600000.0,30950000.0,32650000.0,50.43355733795794,11.682476285571642,16.93959061407888,67.37314795203682,55.69067166646518,-1083000000.0,-35564516.129032254,-994300000.0,-1395600000.0,Industrials
2010-06-30,EFX,2010,Q2,USD,3527142000.0,4523942000.0,9.819713479487737,44.70298418972332,53.66479240806643,30.484784366576818,6.716981132075472,1.2794157424939139,1.3787465940054495,12.996854427299493,-11.707438345266507,0.7708108108108108,0.8677298311444653,103300000.0,2965600000.0,0.020774452958829872,0.030500021620998314,0.08188813598254278,0.042856284185850815,0.02171442594059185,0.03454806687565308,0.02021466671883355,0.02390037032815804,0.16699604743083005,0.4043062200956938,0.036683308009550684,0.0,0,0.014108964619057956,0.7463069257888756,259500000.0,26100000.0,34950000.0,50.88995007597135,12.522570366436538,15.390334572490707,66.28028464846206,53.75771428202552,-912500000.0,7915459.459459454,-882500000.0,-1280200000.0,Industrials
2010-09-30,EFX,2010,Q3,USD,3878160000.0,4769960000.0,10.067454622203462,69.63445255474453,89.99924528301887,31.319500984898227,5.855548260013132,1.4317065181788404,0.8692893401015228,13.808270931480818,-10.780370072405471,0.7894736842105263,0.8737601442741209,131800000.0,2987700000.0,0.0225,0.03225948097949386,0.09060760393225156,0.044697633654688866,0.023214498111084468,0.03560926745726565,0.01972584937186707,0.013666274728221631,0.22627737226277372,0.3743961352657005,0.03271422541156606,0.0,0,0.008653440270156184,0.7516764705882353,263350000.0,22950000.0,32450000.0,50.56563951034192,9.420828905419766,15.637619553666314,66.20325906400824,56.78243015858847,-838800000.0,70188854.48916408,-827300000.0,-1234500000.0,Industrials
2010-12-31,EFX,2010,Q4,USD,4371680000.0,5251880000.0,10.896016597510373,36.169972451790635,41.09452269170579,34.52912557527942,5.78698224852071,1.3433489827856024,2.26875,12.528851095916904,-11.366449511400651,0.6465696465696466,0.8745454545454545,109700000.0,3012300000.0,0.018115097856477167,0.03210606415359401,0.07499397154569569,0.03677426983563912,0.023281003247827288,0.035226871327189234,0.014227939830911685,0.029233612707242982,0.11983471074380166,0.41330166270783847,0.03609958506224066,0.0,0,0.014107883817427386,0.7584459459459459,264400000.0,22150000.0,29400000.0,49.03319502074688,11.453698913605793,12.152095188825658,61.18529020957254,49.73159129596675,-752400000.0,119980873.18087319,-895800000.0,-1296000000.0,Industrials
2011-03-31,EFX,2011,Q1,USD,4770780000.0,5699380000.0,12.059627592044011,246.72640692640692,-1838.5096774193548,37.47126890203813,6.105193951347798,1.4075782537067545,0.38954468802698144,12.233864479610084,-11.256311074918568,0.5993723849372385,0.8738574040219378,123700000.0,3058500000.0,0.016518680811808118,0.03161219286045434,0.06818181818181818,0.03273163486804524,0.02110853211943088,0.03446750702934951,0.012010614616477807,-0.0006497889234045585,1.1341991341991342,0.6135831381733021,0.05543800253914515,0.0,0,0.009944985188319933,0.7577260147601476,273050000.0,23500000.0,30250000.0,53.98857384680491,10.375707668553781,15.934122490993309,69.92269633779821,59.546988669244435,-931700000.0,70360041.8410042,-858600000.0,-1271800000.0,Industrials
2011-06-30,EFX,2011,Q2,USD,4263616000.0,5136416000.0,10.544890166290289,41.456142050040356,48.365499058380415,32.98918432883751,5.6056518946692355,1.4613324405758286,3.339622641509434,9.583769888587867,-11.048045602605864,0.3778751369112815,0.8695238095238095,137800000.0,3013300000.0,0.009887369959590749,0.032940026731435305,0.037717284355526404,0.01933531356834613,0.014515309994590123,0.03591800915188366,0.008091723082003633,0.024908434530689444,0.14285714285714285,0.4338235294117647,0.03633750769862451,0.0,0,0.014576062410182713,0.73785573037572,278250000.0,24550000.0,33750000.0,50.441387805378774,12.587742273441593,15.605028810895758,66.04641661627453,53.458674342832936,-766600000.0,51667031.7634173,-772000000.0,-1250200000.0,Industrials
2011-09-30,EFX,2011,Q3,USD,3744132000.0,4677632000.0,9.538401305057096,41.76457142857143,48.37261633919338,28.7500430239705,5.737553779963123,1.2498547356188263,1.6161616161616161,13.3664024436538,-11.522577996715928,0.6147465437788019,0.8878887070376432,86000000.0,2998900000.0,0.01898932384341637,0.03473392556199834,0.07447521214828048,0.03776683087027915,0.024000956975955976,0.03838020389483319,0.017814542863339222,0.025827080882832122,0.13660714285714284,0.37965260545905705,0.031199021207177813,0.0,0,0.011215334420880914,0.7450249110320285,274400000.0,24300000.0,32650000.0,50.615823817292004,10.423056583818086,15.325224748810154,65.94104856610215,55.517991982284066,-836800000.0,154850322.58064514,-832800000.0,-1298200000.0,Industrials
2011-12-31,EFX,2011,Q4,USD,4648800000.0,5534300000.0,10.85795566019227,36.96927187708751,41.33159073935773,32.9618820726623,5.273972602739726,1.2466923925027564,1.9697368421052632,14.067835654428153,-11.943333333333333,0.6595744680851063,0.8902920284135754,89500000.0,2989400000.0,0.021205039046913298,0.03580635512953811,0.08251996450754215,0.043703007518796994,0.026017721272528323,0.03995803929048255,0.01600413009808983,0.028803131991051455,0.10554442217768871,0.3844282238442822,0.030998626643123407,0.0,0,0.013929762605454189,0.7430314085390184,280100000.0,24700000.0,28400000.0,50.21777516185992,12.744593202883625,11.400617919670442,61.61839308153036,48.873799878646736,-751600000.0,105480407.80141845,-884900000.0,-1334200000.0,Industrials
2012-03-31,EFX,2012,Q1,USD,5311200000.0,6160800000.0,11.786493208341305,127.5527950310559,219.2455516014235,36.0491515506144,4.971328262141603,1.7409307438622206,0.655359565807327,14.190597128908987,-11.024583333333334,0.6132075471698113,0.8996913580246914,202200000.0,3087200000.0,0.020321737153251477,0.036715525828945494,0.07731401384083045,0.039667128987517335,0.024992409455649532,0.03974734247419504,0.013462117788823618,0.005290706431691519,0.41821946169772256,0.4891041162227603,0.03864549454754161,0.0,0,0.017792232638224603,0.7371532514779445,291100000.0,25300000.0,27100000.0,51.27606657738664,10.33300198807157,13.240556660039761,64.5166232374264,54.18362124935483,-821500000.0,-9683018.867924526,-769000000.0,-1218700000.0,Industrials
2012-06-30,EFX,2012,Q2,USD,5605980000.0,6391680000.0,11.92922732362822,42.02287968441814,46.383744557329464,37.0962275101567,4.560069645966338,1.7597004765146358,1.9302030456852792,14.643571162949822,-10.594970906068163,0.6303630363036303,0.9237804878048781,223200000.0,3074700000.0,0.021697764903013263,0.037701541302649334,0.0797245121569446,0.04231983603833158,0.026593378445202036,0.04111796238341648,0.013628304061020552,0.024580893973934977,0.09401709401709402,0.34793187347931875,0.026689063083240015,0.0,0,0.010638297872340425,0.7278407315895601,295850000.0,26650000.0,29900000.0,49.36730123180291,13.349705304518665,13.349705304518665,62.71700653632158,49.36730123180291,-647900000.0,91101650.1650165,-734900000.0,-1176200000.0,Industrials
2012-09-30,EFX,2012,Q3,USD,5637870000.0,6338970000.0,11.652518382352941,41.78622280817403,46.3036523009496,36.68385416666667,4.057291666666667,1.8608294930875575,1.8938826466916354,15.07933430063253,-10.17314118629908,0.6470099667774086,0.9093655589123867,280200000.0,3124200000.0,0.021603483180343327,0.03707029605724709,0.07432496899150845,0.041908758338713145,0.02675308792364396,0.04026947933178881,0.013817274963771779,0.024282220058284423,0.0975609756097561,0.36633663366336633,0.027205882352941177,0.0,0,0.009191176470588236,0.7093374746942511,295400000.0,29400000.0,30200000.0,49.11948529411765,12.345323741007196,13.035971223021583,62.155456517139235,49.810132776132036,-564200000.0,57013289.03654486,-674600000.0,-1117000000.0,Industrials
2012-12-31,EFX,2012,Q4,USD,6472752000.0,8056652000.0,14.435857373230604,55.87137309292649,63.18942745098039,58.85063550036523,11.569758948137327,0.8193348801237432,2.991701244813278,11.865579901006814,-18.012123745819398,0.5646341463414634,0.8515057113187954,-116800000.0,3699500000.0,0.010263572077763738,0.023456942220032032,0.04731732243229433,0.023949927581212498,0.013490928997864922,0.024633856026496922,0.007153062561334036,0.019697958457237354,0.1158113730929265,0.41133004926108374,0.029922952875828704,0.2827450277728006,0,0.014334348683031715,0.7830905987453171,306950000.0,26850000.0,28200000.0,51.119870990861855,10.46802594995366,10.926784059314178,62.046655050176035,51.57862910022237,-1456400000.0,477505609.75609756,-1573400000.0,-2022200000.0,Industrials
2013-03-31,EFX,2013,Q1,USD,6837170000.0,8351870000.0,14.742930273609884,125.9708898944193,175.4594537815126,42.352281947261666,7.681034482758621,1.0780520346897933,0.6424418604651163,17.782555254023748,-16.483402489626556,0.769406392694064,0.8812877263581489,35100000.0,3769800000.0,0.023044310722100655,0.03348954294640549,0.10829048843187661,0.05008669804310131,0.02320692479334483,0.03784126984126984,0.014786819692943133,0.006961944781247212,0.28205128205128205,0.3887733887733888,0.03300970873786408,0.0,0,0.018358340688437776,0.787199124726477,313700000.0,26650000.0,29150000.0,49.31332744924978,13.008713480266529,14.807790876473602,64.12111832572339,51.11240484545686,-1467100000.0,-26957990.867579907,-1409100000.0,-1857900000.0,Industrials
2013-06-30,EFX,2013,Q2,USD,7188610000.0,8589310000.0,14.635048560231725,61.13387900355872,69.83178861788618,41.73620019436346,6.8061224489795915,1.3640234167110166,1.5222101841820153,17.07484993513431,-15.643595041322314,0.6284722222222222,0.8910891089108911,136800000.0,3837100000.0,0.020692335833180902,0.036092594283627065,0.0950031492756666,0.043171301817487955,0.02487242184751573,0.03954675071289209,0.012589360112733894,0.017110401037196344,0.12455516014234876,0.39592760180995473,0.02981768614755495,0.0,0,0.010734367013119781,0.7821931589537223,314450000.0,23000000.0,33000000.0,48.84136990969501,8.08274470232089,15.39354187689203,64.23491178658705,56.15216708426616,-1277700000.0,28581111.111111104,-1301000000.0,-1741000000.0,Industrials
2013-09-30,EFX,2013,Q3,USD,7277760000.0,8590060000.0,15.017587412587412,51.25334128878281,60.365846802529866,42.46198714780029,6.486900642609985,1.5836341756919374,1.8560354374307864,17.110263010338553,-14.972450657894736,0.6271306818181818,0.9349269588313412,194000000.0,3905400000.0,0.020076851367636026,0.03595654206140201,0.09080625257095845,0.04052503556840607,0.024940736970275993,0.03878790860122488,0.012132854064987028,0.01955271951809348,0.1509546539379475,0.5672645739910314,0.04423076923076923,0.0,0,0.011188811188811189,0.7789045269548214,312350000.0,18850000.0,34550000.0,48.17832167832167,9.100609756097562,16.097560975609756,64.27588265393143,55.17527289783387,-1170000000.0,59326846.59090909,-1227400000.0,-1673400000.0,Industrials
2013-12-31,EFX,2013,Q4,USD,8415162000.0,9621262000.0,16.631394987035435,50.136852527358,56.56238683127572,46.01273075083692,5.76805356288857,0.9787169811320755,2.58974358974359,16.35956113352214,-14.067939244663382,0.6292042657916325,0.8750897343862168,-14100000.0,3738600000.0,0.016894645256503447,0.03448198702170508,0.07127590372641948,0.03333767983657148,0.023896477978380477,0.03974312683757157,0.009114500707175927,0.020213514606135925,0.11360083376758728,0.40823970037453183,0.03768366464995678,0.21417458945548834,0,0.015730337078651686,0.7629683473204255,307950000.0,19900000.0,34850000.0,48.181503889369054,9.082150101419879,15.745436105476674,63.926939994845725,54.84478989342585,-1036000000.0,329862182.11648893,-1122800000.0,-1550500000.0,Industrials
2014-03-31,EFX,2014,Q1,USD,8299660000.0,9832260000.0,16.821659538066722,151.26553846153845,211.44645161290322,48.48254437869822,7.557199211045365,0.660080543669771,0.7531865585168018,17.283285542707613,-16.24344262295082,0.6332075471698113,0.8845126835781041,-270100000.0,3810800000.0,0.017662786046609546,0.032701829924650164,0.0873776296604874,0.035623301630434784,0.02226324234152646,0.038402224750347616,0.010108847832320841,0.005602639144254102,0.2846153846153846,0.36633663366336633,0.03165098374679213,0.0,0,0.018990590248075277,0.7978568872234268,323450000.0,23700000.0,35850000.0,51.9213002566296,11.968085106382977,16.189555125725338,68.11085538235494,56.14277027597196,-1486100000.0,385567849.0566038,-1394400000.0,-1830100000.0,Industrials
2014-06-30,EFX,2014,Q2,USD,8849880000.0,10313580000.0,16.80009773578759,67.49725130890053,77.19745508982037,47.223351648351645,6.701923076923077,0.7294024743353514,1.6169312169312169,18.36117095295867,-15.983401639344262,0.6166112956810631,0.8963668850506253,-205600000.0,3858800000.0,0.019470029163082474,0.03518137110672103,0.09334138000402334,0.03861517976031957,0.023800835067132382,0.04178210408086859,0.010486017889508105,0.015096249892653912,0.1256544502617801,0.378698224852071,0.03127545202801759,0.0,0,0.013845903241570288,0.7914105280825798,341250000.0,34200000.0,40250000.0,50.622251180974104,17.338671691003295,18.35609985869053,68.97835103966463,51.63967934866133,-1330100000.0,72425581.39534885,-1330900000.0,-1770900000.0,Industrials
2014-09-30,EFX,2014,Q3,USD,9051014000.0,10490614000.0,17.10240299967395,53.63299591002045,61.92806375442739,51.17372682926829,7.022439024390244,0.7184440673541314,2.0720338983050848,18.219540040511756,-16.13996696944674,0.6630901287553648,0.8910133843212237,-215700000.0,3793900000.0,0.019693654266958426,0.03244875124031499,0.09312839059674503,0.0397172236503856,0.023859394462260673,0.039000253742704896,0.010241946371975561,0.018716135009845307,0.13394683026584867,0.5147347740667977,0.04271274861428106,0.0,0,0.015324421258558853,0.7885322172887765,334650000.0,38000000.0,44000000.0,47.538311053146394,14.971563981042653,19.066350710900473,66.60466176404687,51.63309778300422,-1270200000.0,140746781.11587983,-1340700000.0,-1785700000.0,Industrials
2014-12-31,EFX,2014,Q4,USD,9655878000.0,11053678000.0,17.697211015049632,54.50531558185404,61.3071436494731,50.17556967771221,6.344984112573763,0.7351476126837565,2.0526315789473686,18.446806008161136,-17.09003350083752,0.6472919418758256,0.9001189060642093,-218000000.0,3738500000.0,0.020966154636087458,0.03521899949900334,0.096238829421585,0.044543429844097995,0.025476910839334666,0.042896834670613594,0.010149258306701887,0.01867256400712602,0.11094674556213018,0.43186180422264875,0.03602305475504323,0.22078130003202048,0,0.014569324367595261,0.782144538102777,330600000.0,27700000.0,40200000.0,48.5878962536023,8.513513513513514,14.972041006523765,63.55993726012607,55.046423746612554,-1217500000.0,141663276.08982825,-1421300000.0,-1834500000.0,Industrials
2015-03-31,EFX,2015,Q1,USD,11104200000.0,12532500000.0,19.227523780300707,121.7930029154519,154.15129151291512,55.65053285968028,6.342362344582593,0.7397572078907435,1.1484375,17.298707131677933,-16.87709380234506,0.6417151162790697,0.8952504879635654,-205800000.0,3703300000.0,0.019216539717083786,0.03327147973935183,0.08920092938680675,0.04112140828016579,0.024011598709993878,0.0405341464696914,0.00795194611048072,0.0073215540065921,0.2099125364431487,0.4294234592445328,0.03313899969315741,0.0,0,0.027922675667382633,0.7845701849836779,349950000.0,31200000.0,41000000.0,50.081313286284136,17.615062761506277,19.372384937238493,69.45369822352262,51.83863546201634,-1347000000.0,116583720.93023258,-1415400000.0,-1820300000.0,Industrials
2015-06-30,EFX,2015,Q2,USD,11514874000.0,12911574000.0,19.04081108980976,69.15679700053562,84.33425212279556,54.02332217573222,5.843933054393306,0.7536010197578075,1.6595555555555555,19.618131017319786,-16.82504215851602,0.7007575757575758,0.9072164948453608,-193300000.0,3713200000.0,0.024206738632646385,0.041065301454169166,0.11160265433340036,0.051208710094113305,0.032368134452525545,0.04959221257563799,0.009639706001125153,0.013295846745696045,0.17996786288162828,0.6653465346534654,0.04955021383276803,0.0,0,0.009290665093644006,0.7830988987024315,365450000.0,38950000.0,46250000.0,48.86889839256747,14.592391304347824,18.831521739130434,67.70042013169791,53.10802882735008,-1243600000.0,128405681.81818181,-1384300000.0,-1787700000.0,Industrials
2015-09-30,EFX,2015,Q3,USD,11506112000.0,12730312000.0,19.074486065328138,51.498025889967636,60.968927203065135,56.85713264850379,5.467619472979009,0.842768206167656,2.0651629072681703,20.53261698759827,-15.82495777027027,0.681897050318103,0.9162692103868575,-108600000.0,3765900000.0,0.025961157352358304,0.03819478683890477,0.11720847002684164,0.0529197899367117,0.029887115979995237,0.04526449736411561,0.010246727999866504,0.018146877068465874,0.1553398058252427,0.7741935483870968,0.05753670961941864,0.0,0,0.011537308960143842,0.7785044259479456,362950000.0,39600000.0,46550000.0,48.236439916092294,17.24503311258278,18.635761589403973,66.87220150549626,49.62716839291348,-1015400000.0,57138461.538461536,-1268000000.0,-1691800000.0,Industrials
2015-12-31,EFX,2015,Q4,USD,13208482000.0,14310382000.0,21.477385562059133,69.70473453482708,93.71566470203012,63.1804944812362,4.864900662251656,0.9301093077177873,1.8168141592920355,20.338184819263812,-15.036256323777403,0.667262969588551,0.9143947655398037,-42200000.0,3818200000.0,0.02481703260146374,0.03909219482011845,0.11020287571400433,0.048422692457484096,0.03014266409809315,0.04529857625729796,0.008471828935376525,0.011560753158462873,0.25621042377009257,1.060483870967742,0.07894341888038421,0.22572414828155485,0,0.009305117814798139,0.7748059436682191,353750000.0,42000000.0,43100000.0,47.248986942818554,16.24,15.72,62.96898694281855,46.72898694281855,-949200000.0,54179010.13714969,-1143200000.0,-1597000000.0,Industrials
2016-03-31,EFX,2016,Q1,USD,13577652000.0,16550052000.0,22.72422353425786,183.27853820598006,330.34035928143715,71.0302660944206,12.757081545064377,0.3643460159592922,0.8818359375,20.12110254434992,-31.623947811447813,0.662987012987013,0.8845491097070649,-1099300000.0,4887100000.0,0.015164342259650373,0.03134701429473666,0.08925605385086109,0.04104852651469465,0.018930918005066882,0.03521534925552113,0.00751970959338183,0.0036898868817671865,0.44518272425249167,0.7077464788732394,0.055197034189207746,0.0,0,0.022380886997116572,0.8301029274161208,387250000.0,48250000.0,47500000.0,52.48249347796238,19.861823924200554,19.790761942360838,72.27325542032321,52.41143149612266,-2922300000.0,1189465194.8051949,-3056200000.0,-3570000000.0,Industrials
2016-06-30,EFX,2016,Q2,USD,15305280000.0,18154680000.0,22.377271046468632,95.95496828752643,123.83819918144611,61.83474114441417,9.705040871934605,0.6520428318952074,1.4225563909774437,22.95249407457477,-30.361996644295303,0.6502732240437158,0.8950644730991552,-334700000.0,5554900000.0,0.01971148054451271,0.03375281335755999,0.11193774585257397,0.05150501672240803,0.024340756744778685,0.039743612319287185,0.008552604068661273,0.009578393861464802,0.2251585623678647,0.6273932253313697,0.052508319980278564,0.0,0,0.007272279058301492,0.823906758221901,421350000.0,49650000.0,55800000.0,46.37002341920375,13.666899930020994,17.60321903428971,63.973242453493455,50.30634252347246,-2702800000.0,-590707352.2106309,-2888000000.0,-3430200000.0,Industrials
2016-09-30,EFX,2016,Q3,USD,16082310000.000002,18813810000.0,23.39735107573685,76.7910612244898,95.59862804878048,66.52690947666196,9.658769448373409,0.5099791939585421,1.8161601186063752,23.970691650998976,-29.69205020920502,0.6982124079915878,0.8867132867132868,-635900000.0,5380200000.0,0.01951047512708254,0.031545131400865595,0.10763494893823959,0.04835949164269327,0.024202434172448564,0.038501334204650656,0.008257520219421215,0.012237048036009751,0.19673469387755102,0.6817538896746818,0.05994279318492725,0.0,0,0.009949011317000373,0.818734757441307,427200000.0,44700000.0,60150000.0,48.84467106081333,14.375,20.125,68.96967106081334,54.59467106081334,-2534700000.0,475834858.04416406,-2785400000.0,-3357400000.0,Industrials
2016-12-31,EFX,2016,Q4,USD,14163954000.0,16706854000.0,20.85489202346773,61.58073719130114,73.01946678321679,60.16151962549514,9.15700396110911,0.5342172118132741,2.1738782051282053,22.659384863989015,-28.867487479131885,0.6736035049288062,0.8829787234042553,-586700000.0,5273100000.0,0.01845738295318127,0.030273336005820082,0.09676658012744867,0.046193713148308106,0.023265838892162678,0.03772851750425579,0.008684015776950419,0.016153681380213464,0.1566531514928124,0.5798090040927695,0.05305205342653851,0.22019722881038573,0,0.008613156909249782,0.8092587034813925,434850000.0,63500000.0,62300000.0,48.679315940581695,25.462801257422285,18.924205378973106,67.6035213195548,42.140720062132516,-2314100000.0,120539759.03614458,-2671600000.0,-3269800000.0,Industrials
2017-03-31,EFX,2017,Q1,USD,16408800000.000002,18954800000.0,22.776736361451576,182.78495660559307,354.95880149812734,65.61024575977846,8.812737971616476,0.5870307167235495,0.6673101673101673,26.301904933388382,-27.75604166666667,0.7833418497700562,0.889949977262392,-496100000.0,5447500000.0,0.02258064516129032,0.0322307292053817,0.11575052854122622,0.05307987950555729,0.027679866712253805,0.038799506057948706,0.009342547901126225,0.0032543513236799764,0.485053037608486,0.6976421636615812,0.060442201393895695,0.0,0,0.022470559961547704,0.8049197230814553,446500000.0,80300000.0,68200000.0,49.71521268925739,23.81648936170213,22.799202127659576,72.51441481691697,48.69792545521484,-2492600000.0,105816555.95298928,-2512400000.0,-3131600000.0,Industrials
2017-06-30,EFX,2017,Q2,USD,16531625999.999998,18960026000.0,22.13146492354383,84.11724046140195,107.84997724687145,56.1445839502517,7.190997927154279,0.7449009974691082,1.3448687350835322,27.87203938156378,-26.521197007481298,0.6817807089859852,0.9079341317365269,-342700000.0,5586900000.0,0.023433404644177775,0.03814462025087923,0.10167199409884435,0.05475008275405495,0.028030489067477512,0.04621253215279358,0.010005065442443471,0.010634162664942942,0.22005323868677906,0.6946778711484594,0.0578965798996148,0.0,0,0.007703980389868099,0.7695195727016421,461050000.0,73050000.0,73800000.0,48.57709816738649,20.377936670071502,21.87946884576098,70.45656701314746,50.07863034307596,-2252600000.0,52994888.70568836,-2350100000.0,-2976200000.0,Industrials
2017-09-30,EFX,2017,Q3,USD,12729399000.0,15120499000.0,18.112720412074747,54.07903791130186,68.11035585585586,66.87527200353826,10.575409111012826,0.6729776247848537,2.782089552238806,21.580935131186187,-27.08097418817652,0.7080882352941177,0.8640406607369758,-437000000.0,5641900000.0,0.013533454192841183,0.02157471426555665,0.061513893324816354,0.0310605083215069,0.017525220706845836,0.02645603349828702,0.007565164702591223,0.017439943551144872,0.20600858369098712,0.7868852459016393,0.0689985625299473,0.0,0,0.011140392908481074,0.7799935354216732,460350000.0,74500000.0,74150000.0,49.409439386679445,24.974772956609485,23.279515640766903,72.68895502744635,47.71418207083687,-2169100000.0,226213970.58823532,-2384500000.0,-3050700000.0,Industrials
2017-12-31,EFX,2017,Q4,USD,14162192000.0,16530092000.0,19.716235687022902,79.73995176073323,112.75642564802183,76.84840539284053,11.00836820083682,0.5965939647445474,1.1879656160458452,29.209338092303053,-27.28767693588676,1.0,0.8835897435897436,-675100000.0,5417900000.0,0.023820056958000387,0.026594002411301058,0.10091366990746163,0.05427797379032258,0.02961383802833563,0.034317163977769384,0.012166195741450194,0.010351504908279735,0.2928123492522914,0.8180592991913747,0.07239980916030535,0.23926526717557253,0,0.004413167938931298,0.7639560925705754,451550000.0,96400000.0,85600000.0,47.74809160305343,31.138644918444168,26.62170639899624,74.36979800204966,43.23115308360549,-2221300000.0,449089843.2965757,-2287000000.0,-2996000000.0,Industrials
2018-03-31,EFX,2018,Q1,USD,14160762000.0,16539562000.0,19.105419891417352,138.29065217391303,260.87637223974764,74.83964705882353,10.763800904977376,0.5961401000714797,1.275053304904051,21.530518709798148,-26.58465058236273,0.7378246753246753,0.8375254928619986,-621500000.0,5504900000.0,0.012631842247884271,0.019986832530579715,0.054739250873178366,0.027758267932940422,0.016772634915079573,0.02548964151877254,0.006419146088324908,0.004477160198017593,0.4698996655518395,0.7113924050632912,0.06491856301259097,0.0,0,0.014785722536675523,0.7692361140061978,466150000.0,108500000.0,95950000.0,50.681529398174895,28.013418903150523,25.624270711785297,76.30580010996019,48.292381206809665,-2315400000.0,81196590.9090909,-2198600000.0,-2941800000.0,Industrials
2018-06-30,EFX,2018,Q2,USD,15050733000.0,17355733000.0,19.79214619682974,73.79138180272109,100.49642733063115,73.88562366964666,9.812686249467859,1.4002361275088548,1.6087551299589604,26.934760240177344,-25.85889443059019,0.8547815820543093,0.8651685393258427,271200000.0,6293300000.0,0.02034593713555059,0.027052330049605253,0.08363657367296251,0.044932663067088686,0.025913961568051862,0.030065379777304987,0.009620793884257996,0.011474524197592238,0.2657312925170068,0.7961783439490446,0.07127380545102065,0.0,0,0.009009009009009009,0.7567339712515281,480500000.0,114050000.0,92650000.0,48.59733150872391,31.34251290877797,22.64199655765921,71.23932806638312,39.896815157605154,-2132300000.0,-707831168.8311689,-2105900000.0,-2888400000.0,Industrials
2018-09-30,EFX,2018,Q3,USD,15760194999.999998,18139295000.0,21.744539678734117,118.868250327654,287.0141613924051,114.66052465233881,15.038558786346396,1.192555764579414,3.8535353535353534,13.765451193570051,-26.91182572614108,0.9922480620155039,0.591743119266055,143300000.0,6229000000.0,0.005382674516400336,0.008995923064508207,0.022024663034126757,0.012058407913330193,0.010259928619940654,0.010031612883032334,0.002436518076077104,0.0040101026668769016,0.5858453473132372,1.1491002570694087,0.10716854471349796,0.0,0,0.014504914888515944,0.7556069526212503,470700000.0,130500000.0,89150000.0,50.4807000719252,33.35280063711176,21.64587204672153,72.12657211864672,38.77377148153496,-2315900000.0,183220930.23255813,-2149000000.0,-3005000000.0,Industrials
2018-12-31,EFX,2018,Q4,USD,11240791000.0,13652691000.0,16.344655812283012,82.84399878640777,267.6998235294118,97.38010699001427,17.203281027104136,1.091315916787615,6.1722846441947565,11.08486741147294,-27.93765534382767,1.024,0.4854368932038835,75500000.0,6164000000.0,0.003578817871721747,0.006453328853799205,0.013992894233397103,0.008237338310058562,0.0077764124271476635,0.007286924633282752,0.0022774198007951578,0.004537047259396603,0.6905339805825242,1.411910669975186,0.13623847719382257,0.35292709206273193,0,0.011612594277505089,0.7442403399876978,468500000.0,157650000.0,95300000.0,50.54351729917394,42.48522299838796,24.18054809242343,74.72406539159738,32.23884239320942,-2360900000.0,89602000.0,-2168000000.0,-3095200000.0,Industrials
2019-03-31,EFX,2019,Q1,USD,14426064000.0,17019464000.0,20.1151920576764,549.0149677419355,-203.0962291169451,-31.622935711631364,-4.8186547751765145,0.5677609980302035,-0.05591630591630592,,-34.4043082021541,0.8652140077821011,1.043358233192595,-658300000.0,5508400000.0,-0.07578008915304606,-0.08529287937662625,-0.2797544159830909,-0.2170043330600773,-0.09031781669831705,-0.10630171865054105,-0.03853441936761129,-0.005808930280636493,3.703225806451613,1.4494949494949494,0.13568136154118898,0.0,0,0.021392270417208367,0.7291192387911174,491550000.0,173200000.0,103500000.0,54.674388370169005,39.64645161290322,24.851612903225803,79.52600127339481,39.87954966049159,-2677200000.0,166838879.37743193,-2737700000.0,-3860100000.0,Industrials
2019-06-30,EFX,2019,Q2,USD,16408264000.000002,19138064000.0,21.7478,88.19384331797235,155.2154420113544,96.12287292817679,13.710698141637367,0.5432939448561319,3.177159590043924,16.185267795840968,-35.79387417218543,0.750561797752809,0.7632933104631218,-684100000.0,5669900000.0,0.008938248477955442,0.01536882478459336,0.03353413654618474,0.026264055988047496,0.014435742286784395,0.019044112725082,0.004071119284770162,0.007514506104972469,0.43179723502304146,1.1168057210965434,0.10647727272727273,0.0,0,0.013295454545454546,0.7334582190406101,508300000.0,163800000.0,102450000.0,51.402272727272724,37.46617139824887,23.37755372777925,74.77982645505197,37.31365505680311,-2606500000.0,104080674.1573034,-2893600000.0,-4071800000.0,Industrials
2019-09-30,EFX,2019,Q3,USD,17021069999.999998,20060270000.0,22.90769669978303,-121.6511218920558,-76.53670354826401,97.66441090555014,14.79649464459591,0.5717924654779462,-1.9987878787878788,17.707382646161555,-35.291735537190085,0.8404145077720208,0.7751004016064257,-638800000.0,5639800000.0,0.010914180359858425,0.016317548073697348,0.039434017310123505,0.03223626679386279,0.016419260715912175,0.02047517216993046,0.004764682831337866,-0.015398561900045064,-0.5894481503941783,1.134189031505251,0.11099691675231244,0.0,0,0.012332990750256937,0.7232293054490155,509600000.0,146150000.0,95300000.0,53.093525179856115,32.539385847797064,22.27770360480641,75.37122878466252,42.831842936865456,-3301300000.0,49637823.834196895,-2815000000.0,-4018600000.0,Industrials
2019-12-31,EFX,2019,Q4,USD,16968532000.0,19949832000.0,22.024544049459042,86.47521456436931,145.8321052631579,75.65351535836177,11.305650360257868,0.8898535795747186,21.36111111111111,6.032995741327206,-36.67774566473989,0.38493723849372385,0.4492481203007519,-149700000.0,6245700000.0,0.0011632317612846124,0.006127890375952593,0.003738013976921827,0.0035678275032963625,0.003241033682870345,0.007175682071482007,0.0005421800778051984,0.00806198202649469,0.4070221066319896,1.0610169491525423,0.10366526827114153,0.3721572090969309,0,0.010046367851622875,0.6888102162093818,524350000.0,141850000.0,90400000.0,52.869286818282184,34.85766518673283,20.707756594411077,73.57704341269326,38.719378225960426,-2844500000.0,-470459832.6359832,-2824900000.0,-4076700000.0,Industrials
2020-03-31,EFX,2020,Q1,USD,14489285000.0,17627585000.0,18.402322789435225,572.3241883116883,-308.17456293706294,76.57508688097306,13.632927888792354,1.004546249344291,0.2689956331877729,20.271242675583267,-35.52370156636439,0.748172757475083,0.8048128342245989,5200000.0,6220000000.0,0.014771475048538594,0.01749958150375359,0.047508543943293534,0.04718206578671695,0.015950441801883142,0.020975459175798735,0.007771259934496423,-0.003947744833509728,2.857142857142857,0.9331919406150583,0.09186762710094999,0.0,0,0.01962626578974841,0.689077504329118,568800000.0,159600000.0,104000000.0,56.89007203257125,37.14320212509056,26.05892296546728,82.94899499803853,45.80579287294797,-3195500000.0,-6330897.009966791,-2822900000.0,-4044000000.0,Industrials
2020-06-30,EFX,2020,Q2,USD,20866232000.0,23894632000.0,24.312812372812374,95.12194267515923,163.2146994535519,90.30473167044596,11.44520030234316,1.2707679304515818,2.6139438085327784,19.860433870481565,-34.97672981878089,0.7815810920945395,0.7436363636363637,448500000.0,6896100000.0,0.010857259306222262,0.020272733902136658,0.0281859863625676,0.035596303032552616,0.017010144243168185,0.023242851569031827,0.004595942381930768,0.007016120591393789,0.4171974522292994,1.0715746421267893,0.10663410663410663,0.0,0,0.013125763125763126,0.6147993841137578,599000000.0,160150000.0,120500000.0,54.25824175824176,32.851209381871485,26.628389934033716,80.88663169227547,48.03542231040399,-2882000000.0,-321070171.14914423,-2696100000.0,-3993600000.0,Industrials
2020-09-30,EFX,2020,Q3,USD,19063350000.0,21905150000.0,20.504680333239726,59.687057220708446,87.51558130243707,71.23626016260162,9.241626016260163,0.9667921371810958,1.6311111111111112,31.636794323506056,-34.82572016460905,0.7463382157123835,0.8745269286754003,-79400000.0,6453400000.0,0.024238361910527795,0.02260736840941015,0.05919315661632696,0.07654489586889723,0.019230975413639086,0.02980113139324663,0.011760787059986833,0.013129906338602606,0.317983651226158,1.1319107662463628,0.10923897781522045,0.0,0,0.01142001310493307,0.5905208761270514,599200000.0,154450000.0,122200000.0,51.04465037910699,33.13711911357341,25.61634349030471,76.6609938694117,43.523874755838285,-2591500000.0,771581957.3901465,-2495400000.0,-3971400000.0,Industrials
2020-12-31,EFX,2020,Q4,USD,23468628000.0,26162428000.0,23.390637460885113,88.02970390309555,141.11341963322545,90.3086917500863,9.298584742837418,0.9980669324634529,3.280353200883002,18.936461076153503,-34.44453574363188,0.7883597883597884,0.6363636363636364,-4800000.0,6723100000.0,0.007750889531617387,0.017973024557831785,0.01851713767305446,0.023513445272061607,0.016934392897356758,0.023777126264255755,0.0031744505899535327,0.00789990791110584,0.37617765814266485,1.0739673390970221,0.09995529727313367,0.2749217702279839,0,0.009655789003129191,0.5814207536569633,618250000.0,159300000.0,113700000.0,50.7411712114439,29.775421085464757,19.482220835932626,70.22339204737652,40.447970961911764,-2508400000.0,39800000.0,-2378200000.0,-3923200000.0,Industrials
2021-03-31,EFX,2021,Q1,USD,22061634000.0,25675434000.0,21.16688705688376,179.0476569037657,844.5866447368421,60.78464488636364,8.555397727272727,0.7110219071614639,0.7067520946278956,31.851319279325487,-40.60344827586207,0.7508379888268156,0.87573385518591,-676700000.0,6948100000.0,0.020849277100957662,0.03180299981328963,0.06262036404298937,0.060759493670886074,0.02748969503316739,0.04184123258321165,0.009138035741142293,0.0013779577704897108,0.7880055788005579,0.9682947729220223,0.09315746084089035,0.0,0,0.01706512778235779,0.6670527643907584,669700000.0,166050000.0,121450000.0,52.59027205276175,32.21601489757914,25.84729981378026,78.43757186654202,46.22155696896287,-3583400000.0,907291396.6480447,-3093000000.0,-4647400000.0,Industrials
2021-06-30,EFX,2021,Q2,USD,29172318000.0,32595818000.0,26.397649821833497,79.95049791513368,114.29108695652174,75.50571693305537,7.9302756543896225,0.7089910409556314,1.88837424733673,33.599560973106165,-39.39449917898194,0.776254059906171,0.9055555555555556,-545700000.0,7072100000.0,0.023029238889543162,0.032194090385434804,0.07321057826486504,0.062158647594278284,0.029559024264686755,0.04099074359352185,0.007373428467357308,0.009776391440680168,0.3004660289428501,1.023391812865497,0.0992063492063492,0.0,0,0.010689990281827016,0.6854383692172629,701400000.0,172150000.0,134250000.0,50.583090379008745,31.919254658385093,24.167701863354036,74.75079224236278,42.831537583977685,-3138300000.0,104617177.91411042,-2903600000.0,-4512200000.0,Industrials
2021-09-30,EFX,2021,Q3,USD,30891898000.0,34336398000.0,28.077846103524408,86.18573795180723,114.07441196013289,81.96800668417283,8.22272618763428,1.5317716890137263,1.9274310595065312,33.17724544594103,-40.37325676784249,0.7739261492087415,0.9714494875549048,1003400000.0,8792100000.0,0.018532386563568613,0.02675336375565522,0.045167674546454095,0.05803571428571429,0.021931720272718537,0.02970727676047149,0.006648992561091585,0.009743655116302662,0.24447791164658633,0.8219409282700422,0.0796467413525227,0.0,0,0.008913239021996892,0.5896980141293658,694300000.0,181900000.0,125100000.0,51.119470112028786,35.42944785276074,22.177914110429448,73.29738422245823,37.867936369697496,-3143500000.0,-1315328108.5154483,-2980700000.0,-4637900000.0,Industrials
2021-12-31,EFX,2021,Q4,USD,35720380000.0,40790580000.0,32.54913820619215,105.86706462496755,163.68611556982344,105.37478687677603,13.097907517437354,0.48919827172347574,3.132520325203252,25.72157124590636,-54.222131147540985,0.8835021707670043,0.7821165817770233,-1170400000.0,8396500000.0,0.011058881069478032,0.022798564467867766,0.043765009498548335,0.034064278540341476,0.023443939023116152,0.028824174819420317,0.003418216715499667,0.00697640954547516,0.3532312483778874,1.0103934669636228,0.10860197893392914,0.21776252792850304,0,0.008059368017874243,0.7473122662101821,711100000.0,202050000.0,114450000.0,52.25343121608682,36.22598440175005,18.558112992200876,70.8115442082877,34.58555980653765,-4821000000.0,2327165557.1635313,-4649800000.0,-6318800000.0,Industrials
2022-03-31,EFX,2022,Q1,USD,28973620000.0,34586720000.0,25.371713615023474,-174.24040302267002,-97.42738028169013,71.63777961888981,11.626139188069594,0.5394725612358112,-0.8909335727109515,35.795838662356424,-54.20008183306056,0.7300855826201448,0.9139590854392299,-1079200000.0,8685000000.0,0.01947031610734131,0.0296354412774266,0.07366812807227315,0.05784929970527634,0.023461521071863976,0.03673618248731806,0.007655239490267353,-0.01225252488297976,-0.7884130982367759,1.1234745154343144,0.11480340375586855,0.0,0,0.01635856807511737,0.7357023095762705,792200000.0,199350000.0,128050000.0,56.566901408450704,30.42826165522226,24.02059992771955,80.58750133617025,50.15923968094799,-5968100000.0,135374588.54509544,-4529800000.0,-6276400000.0,Industrials
2022-06-30,EFX,2022,Q2,USD,22372272000.0,27833872000.0,21.139114452798662,101.10378496185979,239.1226116838488,62.08760205219719,12.182913227749275,0.5139374145526355,1.3669314796425025,33.857324513354776,-52.53247549019608,0.7575528700906344,0.8693368351936966,-1279900000.0,8315000000.0,0.017876875913449542,0.02694037474185089,0.0655512711587478,0.05272010512483574,0.02271349607551694,0.03546809501630182,0.008966456334877387,0.005202868979958763,0.577188521612786,1.1198026779422128,0.12068048910154174,0.0,0,0.010936431989063569,0.7272840694399886,874850000.0,188750000.0,150800000.0,61.03212576896787,31.610403984504707,25.550636413945767,86.58276218291364,54.972358198408934,-5345200000.0,415370845.92145014,-4340000000.0,-6046900000.0,Industrials
2022-09-30,EFX,2022,Q3,USD,20983032000.0,26623432000.0,21.396312786305554,75.0167145674838,131.86444774640913,64.98274835245302,13.767146692701978,0.6414524198741764,2.126423007789095,30.584913622906406,-53.810049019607845,0.7542102867546655,0.9044874433923425,-723800000.0,9019700000.0,0.014653342766183233,0.02156312696411768,0.054301163362280844,0.044080872572492685,0.01782465532977244,0.026148364247036912,0.007896856850811646,0.00962206033903966,0.43110735418427726,1.0706787963610918,0.12296070079562807,0.0,0,0.011010206541830748,0.7301467987265653,868950000.0,181650000.0,147550000.0,61.11870127782689,28.683870967741935,23.424884792626727,84.54358607045361,55.859715102711675,-5438500000.0,-381675603.0951297,-4480900000.0,-6237500000.0,Industrials
2022-12-31,EFX,2022,Q4,USD,23897445366.2,29399545366.2,24.542570637114952,90.34894089182545,173.65354616774957,86.36764208636897,16.163631022326676,0.6800813815005955,2.982584784601283,25.241542297883917,-54.05351221461557,0.7652050919377652,0.7217968351199592,-644700000.0,9239500000.0,0.00936966894413703,0.015400837420534741,0.033285138585535425,0.027347403007708833,0.012933106266668425,0.018462765008864224,0.004527680609452741,0.007084439253053134,0.47971727105101414,1.0802768166089964,0.13031137824526254,0.2330745471241339,0,0.010184489523332499,0.7185029312688888,851350000.0,211850000.0,70600000.0,64.44027047332833,41.862017804154306,0.0,64.44027047332833,22.57825266917402,-5332800000.0,60450565.77086282,-4323900000.0,-6204100000.0,Industrials
2023-03-31,EFX,2023,Q1,USD,24868184000.0,30438684000.0,23.378405529953916,201.71427435387673,-4113.335675675676,84.57539316476799,15.477910530702973,0.772055130852073,1.3295154185022027,26.149343746555946,-52.999388254486135,0.7385019710906702,0.7254528122020972,-408500000.0,9497000000.0,0.009703122437175735,0.017759102188329486,0.03372438416994209,0.02765748031496063,0.014440863866799124,0.020976735635940276,0.004519831444065236,-0.00029756897407546927,1.049039098740888,1.040078843626807,0.12158218125960062,0.0,0,0.030491551459293394,0.7122817013268415,888600000.0,198600000.0,81850000.0,63.55990783410139,22.70158511371468,25.3842177808408,88.94412561494218,66.2425405012275,-5577900000.0,-87945992.1156373,-4168800000.0,-6118100000.0,Industrials
2023-06-30,EFX,2023,Q2,USD,28871310000.0,34379310000.0,26.092372495446266,131.16867607783288,346.91533804238145,85.43566103379722,13.687872763419483,1.2043581761582127,1.8802008608321377,29.432488235845874,-52.07192339038305,0.7199375325351379,0.7598892405063291,223200000.0,10140400000.0,0.011986583347056223,0.020491484227006546,0.04137373979118677,0.032997709486543236,0.01619528719460323,0.022679188565629876,0.00479022254272494,0.0034324732753726796,0.6219000381533766,1.0716633793556871,0.12370977534911962,0.0,0,0.009486945962355798,0.7102852338813822,927700000.0,147350000.0,156200000.0,63.927595628415304,22.698979591836736,22.760204081632654,86.68779971004795,63.98882011821122,-5408900000.0,-461652212.3893805,-3986900000.0,-6014200000.0,Industrials
2023-09-30,EFX,2023,Q3,USD,22531140000.0,28119940000.0,21.31751952088545,73.6702646057113,113.66184316895715,68.93831821524884,13.701397401323854,1.0098621823239347,2.3231892878880096,32.18156726857763,-54.103861788617884,0.8505506030414264,0.7522682445759369,15600000.0,10509000000.0,0.013134773137688377,0.02063064119095065,0.04481777237434721,0.03777979642699089,0.018839825736153955,0.02288452786729946,0.007198925575891853,0.010980358739060695,0.35184700026198584,0.8570516911295469,0.10181184140701993,0.0,0,0.006898643014176332,0.7069293621294205,951900000.0,169500000.0,145350000.0,66.0382078690016,29.328434723171565,21.838687628161313,87.8768954971629,58.54846077399134,-5341400000.0,446106135.291033,-4245200000.0,-6266900000.0,Industrials
2023-12-31,EFX,2023,Q4,USD,30490857000.0,35985257000.0,27.127973614775726,111.72076063334369,203.99805555555557,90.07573717146433,13.753191489361702,0.6732248520710059,2.4327794561933533,29.806962566390176,-54.36780210867802,0.7242888402625821,0.7519539284245167,-662700000.0,9954800000.0,0.010773862804133779,0.019896176216317136,0.03776921979746113,0.0292009439580071,0.01602115215187737,0.023886560764058085,0.004342285295555976,0.00578534083184346,0.45234399254889784,0.9315856777493606,0.10983791933660007,0.2083678854127403,0,0.0079155672823219,0.7147448938074701,938050000.0,194150000.0,71000000.0,61.61929890689785,24.097560975609756,0.0,61.61929890689785,37.5217379312881,-5318000000.0,867867341.356674,-4096000000.0,-6236200000.0,Industrials
2024-03-31,EFX,2024,Q1,USD,32200155000.000004,37624455000.0,27.079642291636677,148.8898100514444,311.4607201986755,95.76089335708832,13.80580300330873,0.7343702502786503,2.023218574859888,28.990743952726547,-53.30789473684211,0.7496998799519808,0.7361908970393283,-524300000.0,9955500000.0,0.010194836466334185,0.01831273456314715,0.03448656708175719,0.027381343856187658,0.015243204160445268,0.0218632936025298,0.0038788633160306216,0.003751534736401113,0.5219628017411951,0.8023114355231143,0.09493306463221535,0.0,0,0.029653087663739745,0.704382392072678,957150000.0,197850000.0,0.0,65.17129696271772,28.40369603313685,0.0,65.17129696271772,36.767600929580865,-5303500000.0,67587094.83793521,-3917400000.0,-6089600000.0,Industrials
2024-06-30,EFX,2024,Q2,USD,29245154000.0,34575554000.0,24.170257951765116,129.25440747663552,264.33909785932724,77.04000445632799,11.877005347593583,0.7933292293916839,1.6320927394752898,33.64147897241633,-51.55618431689572,0.7297417631344613,0.7967364313586378,-369300000.0,10047600000.0,0.01348715880944348,0.02312773525217591,0.04526748971193416,0.034902044293015334,0.018640908689238886,0.027225191502498698,0.005604347304856046,0.004472535860129169,0.5110280373831776,0.8294902912621359,0.09556099265990912,0.0,0,0.013351974833974135,0.7020564008459304,1009250000.0,200000000.0,0.0,63.6952114645229,28.801711840228247,0.0,63.6952114645229,34.89349962429465,-5199600000.0,82545859.3054319,-3698000000.0,-5901100000.0,Industrials
2024-09-30,EFX,2024,Q3,USD,36409254000.0,41412654000.0,28.722883895131087,86.36632742440042,116.4912911392405,97.78666824085006,11.814403778040141,0.8819355527102006,3.304617505168849,31.885082839796663,-49.34866828087167,0.7291021671826625,0.774890043982407,-221300000.0,10151500000.0,0.011446578582827702,0.02017422826024836,0.03634820188300664,0.0287838663678957,0.016215659123609404,0.023600989503242627,0.0038808814923810297,0.009764001206945904,0.2586027111574557,0.6978052898142938,0.08600360660285754,0.0,0,0.008045498682202803,0.6850854240418655,983000000.0,177350000.0,0.0,59.52559300873908,21.314321140731554,0.0,59.52559300873908,38.21127186800753,-4647900000.0,85555159.95872033,-3410300000.0,-5644600000.0,Industrials
2024-12-31,EFX,2024,Q4,USD,31601400000.0,36442000000.0,25.674228547273497,112.19827586206897,176.98882952889753,80.0923076923077,10.638681318681318,0.7510902566933481,1.873125720876586,34.948177313768895,-47.99758064516129,0.7712765957446809,0.8019907571987203,-450900000.0,9523700000.0,0.014796673299658145,0.023905043624007933,0.03400496394301237,0.036273426588004754,0.02082050508008831,0.02896088621719157,0.005506085173441684,0.006515534121905991,0.36607142857142855,0.6845135290731146,0.08376778920670706,0.0,0,0.006833873467662392,0.5648672551320646,955600000.0,145500000.0,0.0,60.718613498661405,20.22439024390244,0.0,60.718613498661405,40.494223254758964,-4634700000.0,500611968.0851064,-1722900000.0,-5479200000.0,Industrials
2025-03-31,EFX,2025,Q1,USD,30225796000.0,34994696000.0,24.26816643550624,156.29609647163912,299.86886032562126,84.38557029177719,11.499638292741741,0.8525622508521579,1.6733931240657698,31.122573052213625,-46.60556003223207,0.7179072276159655,0.7780109106168694,-255200000.0,9793400000.0,0.011227519654485946,0.019971034377620246,0.03601580257603637,0.026720468963302015,0.015810027828419913,0.02329141931469098,0.00440352340100489,0.003860940502609096,0.4787851719517642,0.6077097505668935,0.07434119278779473,0.0,0,0.023231622746185853,0.688261295002868,987700000.0,155250000.0,0.0,63.5242718446602,23.613522156235724,0.0,63.5242718446602,39.910749688424474,-4652200000.0,45477022.65372169,-3046700000.0,-5266600000.0,Industrials
2025-06-30,EFX,2025,Q2,USD,32161880000.0,36870880000.0,23.98886141834743,102.1071171420659,154.33604018417748,74.68276281142394,9.538181081628519,0.7719352351580571,1.8748701973001038,37.79732965736293,-46.08004032258064,0.732108687332568,0.8311068702290076,-443700000.0,9644600000.0,0.016051485580513346,0.0261476399399311,0.051116930312099185,0.03748407955324777,0.021173600077608604,0.03116601821026032,0.0059480353760414505,0.007428048360357044,0.33841041262808086,0.6815393195761293,0.07950553025374106,0.0,0,0.00852309694209499,0.685984947012477,1028350000.0,172200000.0,0.0,60.8334417696812,23.305747818236533,0.0,60.8334417696812,37.52769395144467,-4470100000.0,477339150.401837,-2939700000.0,-5180300000.0,Industrials
