date,symbol,fiscalYear,period,reportedCurrency,grossProfitMargin,ebitMargin,ebitdaMargin,operatingProfitMargin,pretaxProfitMargin,continuousOperationsProfitMargin,netProfitMargin,bottomLineProfitMargin,receivablesTurnover,payablesTurnover,inventoryTurnover,fixedAssetTurnover,assetTurnover,currentRatio,quickRatio,solvencyRatio,cashRatio,priceToEarningsRatio,priceToEarningsGrowthRatio,forwardPriceToEarningsGrowthRatio,priceToBookRatio,priceToSalesRatio,priceToFreeCashFlowRatio,priceToOperatingCashFlowRatio,debtToAssetsRatio,debtToEquityRatio,debtToCapitalRatio,longTermDebtToCapitalRatio,financialLeverageRatio,workingCapitalTurnoverRatio,operatingCashFlowRatio,operatingCashFlowSalesRatio,freeCashFlowOperatingCashFlowRatio,debtServiceCoverageRatio,interestCoverageRatio,shortTermOperatingCashFlowCoverageRatio,operatingCashFlowCoverageRatio,capitalExpenditureCoverageRatio,dividendPaidAndCapexCoverageRatio,dividendPayoutRatio,dividendYield,dividendYieldPercentage,revenuePerShare,netIncomePerShare,interestDebtPerShare,cashPerShare,bookValuePerShare,tangibleBookValuePerShare,shareholdersEquityPerShare,operatingCashFlowPerShare,capexPerShare,freeCashFlowPerShare,netIncomePerEBT,ebtPerEbit,priceToFairValue,debtToMarketCap,effectiveTaxRate,enterpriseValueMultiple,dividendPerShare,sector
1999-03-31,AKAM,1999,Q1,USD,0.0,1.0,1.0,1.0,0.0,-29.0,-29.0,-29.0,0.0,0.0,0.0,0.0,0.0,0.0,0.0,0.0,0.0,-213.51102278556036,0.0,0.0,0.0,24767.278643125,0.0,0.0,0.0,0.0,0.0,0.0,0.0,0.0,0.0,,0.0,0.0,0.0,0.0,0.0,0.0,0.0,,,,0.005862069147443525,-0.17000000527586223,,,,,,,,,0.0,0.0,0.0,,0.0,,,Technology
1999-06-30,AKAM,1999,Q2,USD,0.0,1.0,1.0,1.0,0.0,-17.25,-17.25,-17.25,0.0,0.0,0.0,0.0,0.0,0.0,0.0,0.0,0.0,-106.75551656249999,-1.067555165625,-1.067555165625,0.0,7366.1306428125,0.0,0.0,0.0,0.0,0.0,0.0,0.0,0.0,0.0,,0.0,0.0,0.0,0.0,0.0,0.0,0.0,,,,0.019710144584751108,-0.33999999408695664,,,,,,,,,0.0,0.0,0.0,,0.0,,,Technology
1999-09-30,AKAM,1999,Q3,USD,-2.539071347678369,-21.149490373725936,-21.134767836919593,-21.149490373725936,-20.998867497168742,-20.998867497168742,-20.998867497168742,-22.5277463193658,1.4716666666666667,0.5040322580645161,0.0,0.068984375,0.008034576888080073,9.649484536082474,9.649484536082474,-0.8422272727272727,9.463917525773196,-48.64313507594245,-0.41346664814551093,-0.41346664814551093,41.04395952573948,4085.8029924263874,0.0,0.0,0.1164695177434031,0.14562002275312855,0.12711022840119166,0.12275449101796407,1.2502844141069398,0.0,,,0.0,-37.324,0.0,,,0.0,0.0,,,,0.035534630590149725,-0.7461869993233933,0.5151112928130425,3.702362417093743,3.537365831114565,3.521268603214158,3.537365831114565,,,,1.0,0.9928781793842035,41.04395952573948,0.0035479038678470427,0.0,-189.08820288889186,,Technology
1999-12-31,AKAM,1999,Q4,USD,0.9629629629629629,-6.703703703703703,-5.074074074074074,-6.703703703703703,0.0,-10.851851851851851,-10.851851851851851,-11.074074074074074,1.7002518891687657,0.011127183709803048,0.0,0.11297071129707113,0.008976063829787235,14.71505376344086,14.71505376344086,-1.2835051546391754,14.494623655913978,-209.73870134279008,4.434475399818991,4.434475399818991,87.35385855499288,9104.213258287036,-811.2665279661716,-1412.7227469755746,0.013297872340425532,0.014214641080312722,0.01401541695865452,0.0024813895781637717,1.0689410092395166,0.01592920353982301,-0.9354838709677419,-6.444444444444445,1.7413793103448276,-4.2089093701996925,0.0,-5.345622119815668,-4.35,-1.3488372093023255,-1.3488372093023255,0.0,0.0,0.0,0.035986085859948634,-0.3905156724801833,0.05331271979251649,3.5932773140156113,3.7505498374035353,3.7452185654242833,3.7505498374035353,-0.23191033109744674,0.17193352133086567,-0.40384385242831244,0.0,0.0,87.35385855499288,0.00016089416770652631,0.0,-1774.8741457937956,0.0,Technology
2000-03-31,AKAM,2000,Q1,USD,0.08114095818332871,-5.4032124065355855,-3.4297978399335363,-5.4032124065355855,0.0,-4.901273885350318,-4.901273885350318,-4.901273885350318,2.3029336734693877,0.3887294241696444,0.0,0.16611845888441634,0.015306911848550167,7.3705154510974324,7.3705154510974324,-0.6437226010716025,0.8273332089784244,-85.21626763346823,-4.154293047131578,-4.154293047131578,27.486475918780542,1670.6730686357657,-328.25314638538237,-822.4676824599522,0.002827391360560222,0.00303896666021209,0.0030297593226421135,0.0,1.0748305673573064,0.03139904437691027,-0.4560716284275322,-2.031293270562171,2.5055896387184733,-37.99079754601227,0.0,-22.5,-10.997001499250375,-0.6641916059220356,-0.6641916059220356,0.0,0.0,0.0,0.09625611558538852,-0.4717775856239266,0.01777979205080425,3.001052966200442,5.8506045109305,3.3599142113038187,5.8506045109305,-0.19552439983905423,0.2943795105143279,-0.48990391035338215,0.0,0.0,27.486475918780542,5.4037921966141864e-05,0.0,-486.08489712101334,0.0,Technology
2000-06-30,AKAM,2000,Q2,USD,1.224812610229277,-13.535989858906525,-2.1930665784832453,-13.535989858906525,-13.402006172839506,-13.405864197530864,-13.405864197530864,-13.405864197530864,1.5574248927038628,-0.13963439682322334,0.0,0.19601784730399835,0.005439153813478153,10.826052822288428,10.826052822288428,-0.13967530618057533,7.137048071503342,-10.66278959787575,-0.021694853294379233,-0.021694853294379233,3.475810626521084,571.7756372638682,-151.76197958594517,-297.92364489448124,0.09050986970792428,0.10115679463988665,0.09186411520347394,0.09133218031529695,1.1176327506195738,0.05236114297587561,-0.70098236572993,-1.9192019400352733,1.9630980414680375,-38.96480938416422,0.0,-34.039100684261975,-0.11533366012638942,-1.038315889912634,-1.038315889912634,0.0,0.0,0.0,0.207659031378431,-2.7838487740500466,3.4555360113481814,5.901904524250973,34.16019678806278,3.761290587145954,34.16019678806278,-0.3985396158873305,0.38383272350851194,-0.7823723393958425,1.000287869192239,0.9901016706230125,3.475810626521084,0.02901623071755215,-0.00028786919223904657,-259.3973803753518,0.0,Technology
2000-09-30,AKAM,2000,Q3,USD,0.33046103991751363,-11.330055972897334,-1.1774930033878332,-11.330055972897334,-11.196604801885403,-11.197341287376638,-11.197341287376638,-11.197341287376638,1.741662390969728,0.6295052453000035,0.0,0.22293370111319083,0.008879367340172369,8.685532055276566,8.685532055276566,-0.07968968994272971,6.803178035995748,-4.019692608204699,-0.2280560296083482,-0.2280560296083482,1.8092592109149352,180.03948001765264,-54.3245160430602,-98.54975951622372,0.09866704857493937,0.11166656490131537,0.10044969276486984,0.0999235584777645,1.1317513446903464,0.059850769788540946,-0.9092591913786151,-1.82688908528502,1.814093648585999,-29.98687910028116,0.0,-46.495782567947515,-0.1644076671217805,-1.2283599088838268,-1.2283599088838268,0.0,0.0,0.0,0.29168949496438734,-3.266146825058774,3.2412378569183113,4.712650025377824,29.026037111312014,2.9762726020287285,29.026037111312014,-0.532884354642739,0.43381776854550286,-0.9667021231882418,1.0000657775731365,0.9882214905794675,1.8092592109149352,0.06157857081351127,-6.577757313643914e-05,-150.72908179132395,0.0,Technology
2000-12-31,AKAM,2000,Q4,USD,0.354607453549565,-8.214853399205241,-1.7888787455697561,-8.214853399205241,-8.136129309418967,-8.137606057351519,-8.137606057351519,-8.137606057351519,1.642876047640053,0.460373094307822,0.0,0.2603729000776001,0.01334538732403198,4.1830767057494,4.1830767057494,-0.17505396269973963,1.7673164759617648,-1.669699844377419,0.4549932075928466,0.4549932075928466,0.8418696226946942,54.3494382702583,-33.95267333586333,-85.15377892968323,0.10803478744450022,0.1253955770236138,0.11142355593333086,0.11093037676762933,1.160696290424343,0.10799525614222294,-0.2798300136554127,-0.638250456449361,2.5080139665979555,-61.74074074074074,0.0,-22.010185185185186,-0.0788421928948826,-0.6631238318408793,-0.6631238318408793,0.0,0.0,0.0,0.3875385039908693,-3.1536356775330443,3.13723677617203,3.222051144822808,25.018719564416877,2.2708940550954595,25.018719564416877,-0.24734662706387484,0.3730021682032191,-0.620348795267094,1.0001815049732363,0.9904168600508573,0.8418696226946942,0.148740942679484,-0.00018150497323626667,-32.65383082833021,0.0,Technology
2001-03-31,AKAM,2001,Q1,USD,0.5980999278768435,-54.95294585789251,-1.028948742818772,-54.95294585789251,-55.27657987017832,-55.28065855902907,-55.28065855902907,-55.28065855902907,1.6848522941546198,0.32954707669718786,0.0,0.266127911363501,0.06972824211440849,4.523217247097844,4.523217247097844,-5.160556609541503,1.6853359465299764,-0.09512904352179477,-0.000154861233640131,-0.000154861233640131,4.325034472476478,21.035184695901414,-12.417655094291838,-19.3180855911541,0.5225672978376944,1.540908161178155,0.6064399275508151,0.6053757365404795,2.94872673348333,0.14599422689396002,-0.5500653299160762,-1.088885572881693,1.555695132814106,-37.38703870387039,0.0,-39.40864086408641,-0.14529435189486958,-1.7995478832716811,-1.7995478832716811,0.0,0.0,0.0,0.4070560883484115,-22.50232863436251,3.0506175647966955,3.1698117348634516,1.9797530064765438,1.6162887387759541,1.9797530064765438,-0.4432375019562412,0.24630492251776598,-0.6895424244740072,1.000073786924957,1.0058892932350292,4.325034472476478,0.35600575552934033,-7.378692495689764e-05,-24.484512639583787,0.0,Technology
2001-06-30,AKAM,2001,Q2,USD,0.6189471732226884,-1.4668181080642544,-0.8620106163510349,-2.073989939964303,-2.138661598015809,-2.146635451194919,-2.146635451194919,-2.146635451194919,1.710179973043685,0.43133396305625527,0.0,0.28603537898477693,0.08302812767636332,3.6138123474014647,3.6138123474014647,-0.1652349746866259,1.398139751191722,-2.5185572812823946,0.02624712312591657,0.02624712312591657,7.971174296357686,21.625697383463525,-19.09873714548916,-30.45784371453756,0.5794628508742385,2.5724831469314173,0.7200826543131632,0.7193537326066262,4.439427209268547,0.17077158148077776,-0.3561330077897919,-0.7100206300271203,1.5947569455780093,-41.01857923497268,0.0,-33.47650273224044,-0.1017350524434879,-1.6813590954001536,-1.6813590954001536,0.0,0.0,0.0,0.4244949810043883,-0.9112359750783336,2.9625992872369036,2.6282163814286905,1.1516496388988344,0.8484782970262258,1.1516496388988344,-0.3014001938560863,0.17925985869446573,-0.48066005255055205,1.0037284314575565,1.0311822428862016,7.971174296357686,0.3225399451657089,-0.0037284314575565768,-29.950150877164674,0.0,Technology
2001-09-30,AKAM,2001,Q3,USD,0.686532254291996,-1.2551106329232353,-0.5833138419796978,-1.2551106329232353,-1.2883472891425363,-1.2948262150909857,-1.2948262150909857,-1.2948262150909857,2.179769552360559,0.33413113936674144,0.0,0.29206943429223337,0.09121670635022232,3.098372554578962,3.098372554578962,-0.06678249620169383,1.1415253756733768,-1.2465899734008923,0.029852549363021372,0.029852549363021372,3.9521217729003806,6.456469508116199,-10.622639011390747,-24.55215666192297,0.6417641687361855,4.306617415456862,0.8115560399950357,0.8111484239386123,6.710591873550382,0.20863853522611372,-0.12750779699461298,-0.26296954670907985,2.3113048118829496,-37.082352941176474,0.0,-16.533823529411766,-0.03737699468085107,-0.7625991996201588,-0.7625991996201588,0.0,0.0,0.0,0.4104410307628308,-0.531449806380679,2.8876985089923632,2.3002323435692293,0.6705258978027946,0.4461628597254657,0.6705258978027946,-0.10793349181050911,0.14153370717444952,-0.24946719898495862,1.0050288660542464,1.0264810570060192,3.9521217729003806,1.0892628307956442,-0.005028866054246396,-19.09402531577048,0.0,Technology
2001-12-31,AKAM,2001,Q4,USD,0.6780382646187012,-1.2626785233090811,-0.5700619779035301,-1.648073295607653,-1.7377526273241715,-1.745216922662355,-1.745216922662355,-1.745216922662355,1.8493048288234415,0.3724903354532984,0.0,0.28063250073731255,0.08804730021495784,2.4973055269556834,2.4973055269556834,-0.09662975826481036,0.8628228438739074,-2.484523176329808,-0.1881138976363998,-0.1881138976363998,37.347137870488574,17.34412756831043,-15.75233906167401,-19.14172710959108,0.7130099317164834,17.43750725310433,0.9457627332007351,0.945674171116589,24.45619124985494,0.2306939156111586,-0.36829941510219283,-0.9060900026946914,1.215167286245353,-52.91851851851852,0.0,-83.0246913580247,-0.11189013636454388,-4.647546648237733,-4.647546648237733,0.0,0.0,0.0,0.3424790308192275,-0.5977002002427181,2.7734064506529936,1.778196164328988,0.15904833244781907,-0.01953727049971179,0.15904833244781907,-0.31031682595786914,0.06677002931762627,-0.3770868552754954,1.0042953727825332,1.0544146500981033,37.347137870488574,0.4667278790475945,-0.0042953727825331845,-40.90685767241787,0.0,Technology
2002-03-31,AKAM,2002,Q1,USD,0.7035884725920848,-1.0183774092335276,-0.3107548711999367,-1.3455585730482242,-1.5539061882036544,-1.5571492604213357,-1.5571492604213357,-1.5571492604213357,2.193072741991442,0.3985252933460952,0.0,0.33061359693855313,0.10811419449551746,2.5222205234054482,2.5222205234054482,-0.08353945956036776,0.812998496547155,-1.8852381385248398,0.18852381385248423,0.18852381385248423,-12.767798398555087,11.7423886924882,-11.490623250425717,-12.381594593677887,0.8558914496657687,-8.607866746939594,1.1314428910577683,1.1315673339142045,-10.05719446116797,0.2961034297001257,-0.4582855541115613,-0.9483745089250402,1.0775389919097,-69.23837209302326,0.0,-209.12209302325581,-0.11979643698105918,-12.896737181785586,-12.896737181785586,0.0,0.0,0.0,0.3457558854781607,-0.538393521358642,2.737193829480403,1.4961939366795869,-0.317987477031237,-0.44656450681961934,-0.317987477031237,-0.32790606809829315,0.025425505961415094,-0.3533315740597082,1.0020870450496309,1.1548409852448416,-12.767798398555087,0.6740082851393575,-0.002087045049630949,-57.847919221109784,0.0,Technology
2002-06-30,AKAM,2002,Q2,USD,0.698639942734431,-1.0193546610869446,-0.3468971972908981,-1.035928638290843,-1.1596002422774077,-1.162986619679533,-1.162986619679533,-1.162986619679533,2.132573978393612,0.49361894024802705,0.0,0.3726938783886392,0.11634134310478472,2.4387439067086802,2.4387439067086802,-0.04653270373891332,1.1868923540976541,-0.9300826109085744,0.03139028811816439,0.03139028811816439,-2.2231461111897017,4.326694526733109,-13.459592206235012,-19.617301036075393,0.9701475326871705,-4.28465129438393,1.3044463202866594,1.3082726440190136,-4.416494553685104,0.32098339939111953,-0.10787482157765749,-0.22055503551566544,1.4574959430782675,-9.69002284843869,0.0,-6.101294744859102,-0.026449244260140913,-2.18581173260573,-2.18581173260573,0.0,0.0,0.0,0.3235726468207767,-0.3763106587468545,2.698208535167956,1.344543142228209,-0.6297381863267635,-0.7354992805136547,-0.6297381863267635,-0.07136557661145428,0.03264946177518162,-0.1040150383866359,1.0029202972530211,1.119382358412842,-2.2231461111897017,1.917307985941395,-0.0029202972530212017,-29.515491952380955,0.0,Technology
2002-09-30,AKAM,2002,Q3,USD,0.7291872791519435,-1.0179787985865725,-0.30891872791519437,-1.1914911660777385,-1.3402120141342757,-1.3436890459363957,-1.3436890459363957,-1.3436890459363957,2.20281462108475,0.3770762811934189,0.0,0.43526140292594095,0.13279701483572587,2.248867775577192,2.248867775577192,-0.059204367146191275,1.7103721452017229,-0.4987499693370921,-0.0473812470870238,-0.0473812470870238,-0.8405947041511909,2.680659481837456,-5.196072831232877,-8.317544879396543,1.1355862213946784,-2.6814938259566885,1.5947092903722369,1.6026582758602268,-2.361330012144206,0.35910788971454094,-0.15790202623159702,-0.3222897526501767,1.60073677747566,-9.216847372810676,0.0,-9.508757297748124,-0.037689007014829655,-1.6646225726383415,-1.6646225726383415,0.0,0.0,0.0,0.30962530139452,-0.4160401258285715,2.6476967610585183,1.1983265021603882,-0.9873961802294613,-1.1149924387094419,-0.9873961802294613,-0.09978906180067625,0.059946959413457734,-0.15973602121413397,1.0025943893693314,1.124819094165935,-0.8405947041511909,3.1762554780442938,-0.002594389369331365,-25.058229243228407,0.0,Technology
2002-12-31,AKAM,2002,Q4,USD,-0.5143697669155918,-0.7086444897035529,-0.11193143245078072,-1.4631986874858565,-1.51847137361394,-1.572867164516859,-1.572867164516859,-1.572867164516859,2.01160805735746,3.1777764587166857,0.0,0.5597302047214173,0.1537959567220475,1.7470375713633954,1.7470375713633954,-0.08671627051435722,1.3719281372150087,-0.893452711450615,-0.06254168980154308,-0.06254168980154308,-1.18221297084895,5.6211297315569135,-45.999578303240746,-19.15171340304549,1.314752700521615,-1.797923731334404,2.2532526114089304,2.274277916761428,-1.3674995538104586,0.46899625885536894,-0.12794239139816768,-0.2935053179452365,0.4163454124903624,-3.380281690140845,0.0,-8.596520298260149,-0.03433340061479817,-1.7133421400264202,-1.7133421400264202,0.0,0.0,0.0,0.30776731415534025,-0.4840771027464794,2.631004845916153,1.0005223564894952,-1.4633573160322229,-1.5708477841210435,-1.4633573160322229,-0.09033134339431462,0.05272230296800013,-0.037609040426314494,1.0358227305750638,1.037775243103215,-1.18221297084895,1.515749603897574,-0.0022913135001210857,-98.47591060652009,0.0,Technology
2003-03-31,AKAM,2003,Q1,USD,0.5108576742150749,-0.38702001969149985,0.09957882069795428,-0.1184498413740291,-0.23449294387922548,-0.23648944316814352,-0.23648944316814352,-0.23648944316814352,1.7356878382227285,1.1754847190272757,0.0,0.7317922545782047,0.18325614963613399,2.0361498586951594,2.0361498586951594,0.02451236607992452,1.4906073841224743,-4.745032340407077,0.05614038756212465,0.05614038756212465,-0.9456545181587179,4.488600223990811,-10.795315305531803,-12.62373498884701,1.513131252380666,-1.7395608257996116,2.352153825777348,2.3725355287195424,-1.149643048521201,0.5662472414727632,-0.19648173616043765,-0.35556831856470844,1.1693715868010153,1.8818565400843883,0.0,-6.857067510548523,-0.04306307261200506,-5.904178019981835,-5.904178019981835,0.0,0.0,0.0,0.31412911144632305,-0.07428821864884465,2.5937387463164208,0.9169487527014962,-1.4910307865343975,-1.5782230070810754,-1.4910307865343975,-0.11169435996919501,0.01891785098470636,-0.13061221095390135,1.0085141124329369,1.9796813668898638,-0.9456545181587179,1.8394700951678074,-0.008514112432936786,100.90502021148038,0.0,Technology
2003-06-30,AKAM,2003,Q2,USD,0.5807092348843984,-0.23718848486453561,0.12680420561985223,-0.27159087899573614,-0.38462353346222095,-0.3878810349850367,-0.3878810349850367,-0.3878810349850367,1.7160061806944191,1.1615553925165076,0.0,0.9899326219751986,0.21330237655419412,2.375156114900567,2.375156114900567,-0.0025211798674563755,1.7430877125564415,-9.555185976034414,-0.12745966212196713,-0.12745966212196713,-3.0970246709230533,14.825101703434944,-35.43366345233574,-40.15357687540349,1.700668282294191,-1.6656007258724854,2.502402207703689,2.5156810787240467,-0.9793801314537367,0.5389100199099414,-0.26786434816024596,-0.3692099896713366,1.1332042177749087,4.425996204933586,0.0,-13.226755218216319,-0.046307306994758414,-7.5072697899838445,-7.5072697899838445,0.0,0.0,0.0,0.3224261185940117,-0.12506297658645343,2.570716192356832,0.7883851863510506,-1.543416829991007,-1.6299772146459897,-1.543416829991007,-0.11904294391586423,0.015857022225935002,-0.13489996614179922,1.0084693245197274,1.4161872257435397,-3.0970246709230533,0.5378067348026844,-0.00846932451972733,160.84294386382624,0.0,Technology
2003-09-30,AKAM,2003,Q3,USD,0.6582229990183638,-0.02683937079512534,0.24366126367706561,-0.02683937079512534,-0.09162736131395599,-0.09359063375392056,-0.09359063375392056,-0.09359063375392056,1.6476784094047103,1.0705714714264287,0.0,1.4261276334209718,0.2451014336265529,2.476216604060271,2.476216604060271,0.020933078740559007,1.7704807327058625,-32.53881016308519,0.4360871465155747,0.4360871465155747,-2.7866730697521565,12.181311459046615,-339.18455714,834.060386409836,1.783817566179793,-1.664932219635766,2.5039126853377267,2.5548222269533745,-0.9333534164042174,0.5902545187320699,0.012873000464272148,0.01460483156559006,-2.459016393442623,2.539622641509434,0.0,0.15345911949685534,0.002006743975655893,0.2890995260663507,0.2890995260663507,0.0,0.0,0.0,0.35217882856233623,-0.03296063975986239,2.563113448709176,0.7253448744084529,-1.5394701468807561,-1.6248440219302844,-1.5394701468807561,0.0051435124721197385,0.017791493960938768,-0.012647981488819028,1.0214267049908545,3.4139161462979484,-2.7866730697521565,0.5974623423564513,-0.021426704990854455,71.61794592807311,0.0,Technology
2003-12-31,AKAM,2003,Q4,USD,0.7094688835263123,0.10077708162677942,0.2852398769067281,0.10077708162677942,-0.03825632624144878,-0.046027142509243064,-0.046027142509243064,-0.046027142509243064,2.179234814493173,1.1150480074772708,0.0,1.891657592763213,0.16193030067290215,3.2303862112990744,3.2303862112990744,0.013764184065420047,2.554644111075646,-157.98930125541125,3.258529338392857,3.258529338392857,-7.492495347924769,29.08718433527419,100.46177009022786,157.704840864242,1.3865835427563535,-2.2056810794164945,1.8294067287544757,-494.3502824858757,-1.5907307503678274,0.430779941633128,0.13295563357804022,0.1844406562022626,1.5697995438722843,16.171612903225807,0.0,10.749677419354839,0.021539654838084156,1.7550031598904572,1.7550031598904572,0.0,0.0,0.0,0.3699223642953741,-0.017026469378779316,3.167586673389788,1.3511760577145389,-1.4361036611094122,-1.5189265013343256,-1.4361036611094122,0.06822872361453125,0.03887669559454805,0.1071054192090793,1.203125,-0.37961335676625657,-7.492495347924769,0.1337873179956287,-0.203125,119.5700115833592,0.0,Technology
2004-03-31,AKAM,2004,Q1,USD,0.7488783674819608,0.17177000847685406,0.3060971323422995,0.17177000847685406,0.06212913763516447,0.06039241631691029,0.06039241631691029,0.06039241631691029,1.9737604570495817,0.9461712238061852,0.0,2.3165381483787537,0.1972850715646325,3.755599188711,3.755599188711,0.02269955507136694,2.8665472748457255,137.3199714875043,-0.630929598726371,-0.630929598726371,-9.452655886293341,33.17233954679844,286.8156143832678,185.78584377721168,1.483792415658154,-2.143170235956049,1.874760353748789,1.8776733267146521,-1.4443868383067724,0.3616670467758639,0.18633754800845811,0.17855149171956086,0.6477535896248263,29.442,0.0,17.272,0.023740210187178198,2.838921761998685,2.838921761998685,0.0,0.0,0.0,0.3961131526904373,0.02392223042588474,2.9791898953284894,1.1493972445570764,-1.3900855122689306,-1.472810075614313,-1.3900855122689306,0.07072659430261576,0.02491318896115761,0.04581340534145815,0.9720465890183029,0.36169956668271547,-9.452655886293341,0.22663702989148515,0.027953410981697173,123.96923653225262,0.0,Technology
2004-06-30,AKAM,2004,Q2,USD,0.7804316150120112,0.24863151262158864,0.35080534005434566,0.24863151262158864,0.14242113968416492,0.1339542393573032,0.1339542393573032,0.1339542393573032,1.9420289855072463,0.8057080924855491,0.0,2.4658186055544764,0.26670237682620707,2.1672348484848483,2.1672348484848483,0.03454673257971215,0.9276515151515151,81.56062516720564,0.40780312583602824,0.40780312583602824,-14.163365700820666,43.7015660231166,280.83357358598,177.86726495031255,1.5497894150885927,-1.8832816428635244,2.1321417218160277,4.619151000046192,-1.2151855113527588,0.5544989027066569,0.2625841750841751,0.24569763320600166,0.633354704279532,34.090196078431376,0.0,24.466666666666665,0.042281965613288425,2.7274316939890713,2.7274316939890713,0.0,0.0,0.0,0.41074042954216045,0.05502042181261209,2.386784765957255,0.5455376322984159,-1.2673541288960664,-1.3489506356824024,-1.2673541288960664,0.1009179514005253,0.03700109213474942,0.06391685926577588,0.9405502557721555,0.5728201473033975,-14.163365700820666,0.09034310831774489,0.0594497442278446,138.6652296839919,0.0,Technology
2004-09-30,AKAM,2004,Q3,USD,0.7795293322824006,0.2526930150508576,0.33656119806328116,0.2526930150508576,0.21243853920354314,0.21110610666966934,0.21110610666966934,0.21110610666966934,1.868045574057844,1.2344226121677,0.0,2.4430791802301592,0.28195590172869034,2.371157046509591,2.371157046509591,0.047258251703257384,1.0060217219935184,39.224217395990756,0.7844843479198151,0.7844843479198151,-12.28967757309677,33.121887286529294,119.48635068377226,121.31790527563928,1.491430627503479,-1.9626699904603409,2.0387775768535263,3.546791040805831,-1.3159646545181078,0.9025024346868781,0.3185600420425681,0.27301730285628495,1.0153285675006873,48.01881720430107,0.0,39.10752688172043,0.0516140934716048,65.23766816143498,65.23766816143498,0.0,0.0,0.0,0.42419080405826237,0.08954926912981634,2.243794696968545,0.5777197581375262,-1.143235851098058,-1.2234552470462454,-1.143235851098058,0.11581142922042564,0.0017752233101563733,0.11758665253058202,0.9937279151943463,0.8406981062012625,-12.28967757309677,0.11352952942012123,0.00627208480565371,111.56746325136612,0.0,Technology
2004-12-31,AKAM,2004,Q4,USD,0.8059434486591636,0.15025357787967208,0.22061275531471447,0.25300472419063497,0.2358274280950396,0.23257954703348618,0.23257954703348618,0.23257954703348618,1.898130748689546,1.079621219441492,0.0,2.280960304254813,0.31506541974247987,2.3237250080188177,2.3237250080188177,0.056506216914932905,0.7552229231262696,30.90647668153984,1.3907914506692922,1.3907914506692922,-13.145885579960455,28.752857387974156,155.7800430008469,106.29049868186196,1.4055039043903186,-2.0395772287998986,1.961929496238017,2.700184962669943,-1.4511359395224368,0.924752252613996,0.33304821982251687,0.2705120188967625,0.6823113964686999,53.94396551724138,0.0,67.13362068965517,0.060639449319825886,3.1477364591754244,3.1477364591754244,0.0,0.0,0.0,0.4531723516790293,0.10539862028160833,2.0215976420618307,0.5559184938010602,-0.9911846501891732,-1.0704048064982157,-0.9911846501891732,0.12258856776088789,0.038944990900858636,0.08364357686002925,0.9862277213138901,0.9321068167776481,-13.145885579960455,0.12095142386515427,0.013772278686109883,147.77220256416314,0.0,Technology
2005-03-31,AKAM,2005,Q1,USD,0.8082401490947817,0.2720147763578275,0.34090455271565495,0.2720147763578275,0.24307774227902024,0.23427515974440893,0.23427515974440893,0.23427515974440893,1.7528365174274465,0.8728980457506439,0.0,1.9381429999677493,0.29808045235851394,2.4809420821841703,2.4809420821841703,0.05837308923370702,0.7913053830433143,28.71935537449393,0.0,0.0,-14.636337631286029,26.912926272464055,145.65554910572766,86.48054845845364,1.2733098556619216,-2.323122449164276,1.7557879473903795,2.234711778048426,-1.8244753536103093,0.8802566243353693,0.3710787912458581,0.3112020766773163,0.5937332905571596,203.6530612244898,0.0,190.83673469387756,0.07285206768674624,2.461437220321137,2.461437220321137,0.0,0.0,0.0,0.4730069064628134,0.11081376857178431,2.020542947482058,0.664418230981403,-0.8697530981240061,-0.9488788041721734,-0.8697530981240061,0.14720073157394065,0.05980275684412367,0.08739797472981696,0.9637869660460022,0.8936196243959136,-14.636337631286029,0.12371895981014827,0.03621303395399781,89.52946831014789,0.0,Technology
2005-06-30,AKAM,2005,Q2,USD,0.8027502358891863,0.26552614889634796,0.3440115082986589,0.26552614889634796,0.2548067255487324,0.2459434794041671,0.2459434794041671,0.2459434794041671,1.6015706287469653,0.703908147493928,0.0,1.6446779281571182,0.17725117963649922,2.503904267683795,2.503904267683795,0.06477175168460907,0.8353332132859692,26.86261724638365,2.954887897102204,2.954887897102204,41.75434310604395,26.426742205911925,341.8292230632253,100.94909340995038,0.7051882071992783,6.285993596793509,0.8627503597532545,0.8301614248890696,8.913923308160422,0.7765319175770388,0.27704748964591486,0.2617828582035298,0.29532025525880407,36.72372881355932,0.0,28.684745762711863,0.06579990979922552,1.4190843535133322,1.4190843535133322,0.0,0.0,0.0,0.49684519937015503,0.12219583705835302,1.9766828977834359,0.7984460439939289,0.3144583059695994,-1.5083884867574182,0.3144583059695994,0.1300655563758218,0.09165456306653573,0.038410993309286066,0.9652158076853032,0.9596295001747641,41.75434310604395,0.11740966223366256,0.034784192314696774,86.08985867221223,0.0,Technology
2005-09-30,AKAM,2005,Q3,USD,0.7979871356306051,0.24827968776828285,0.35119464292789876,0.24827968776828285,0.22150753503361378,3.5959478557183044,3.5959478557183044,3.5959478557183044,1.7232957778536475,1.1890694239290989,0.0,1.7802675821204355,0.1170145849013738,2.074802673621306,2.074802673621306,1.0393583895905316,0.5886802880878772,2.0387715639921398,0.001329633628690526,0.001329633628690526,5.880166380776076,29.325264935347956,124.01160545408845,113.86757187804501,0.3097494895979995,0.5307845505201382,0.3467402060856868,0.3462651837283065,1.7135929786648023,0.9826540081376258,0.33677611012280007,0.2575383355566415,0.918200933381199,671.6166666666667,0.0,46.42619047619048,0.09729068955194092,12.225078369905956,12.225078369905956,0.0,0.0,0.0,0.5438996044934025,1.9558346165040847,1.4397574885761724,0.4816384621249279,2.7125082807427106,0.999604903591886,2.7125082807427106,0.14007499885114652,0.011458004162653402,0.1286169946884931,16.233975314531037,0.892169379721247,5.880166380776076,0.09026692718345909,-15.233975314531035,89.75704340165474,0.0,Technology
2005-12-31,AKAM,2005,Q4,USD,0.8054127297143617,0.2548362510132233,0.3536058652019793,0.2548362510132233,0.2728383560980921,0.3116372479039888,0.3116372479039888,0.3116372479039888,1.5846209884590314,1.0038696791911121,0.0,1.8415283502283615,0.09271687349060402,5.737248690930247,5.737248690930247,0.12691696129599492,1.4834830952227034,29.752830564754067,-0.3257851838375306,-0.3257851838375306,4.911156510539654,37.08836093821455,140.33475166262303,110.77991725038846,0.22630311419306134,0.32320486243499824,0.2442591254087653,0.24265542686729416,1.42819449739993,0.46521195884643957,0.4472331760294783,0.33479318146073533,0.7893976077765331,18.544882790165808,0.0,15.822184105202973,0.13716548780910934,4.748284145504461,4.748284145504461,0.0,0.0,0.0,0.5373653484768809,0.16746305831830305,1.311600005926446,1.9009875366566389,4.058107282313026,2.5283547710513967,4.058107282313026,0.17990625462333168,0.03788868759963781,0.14201756702369386,1.1422046825115288,1.0706418533991644,4.911156510539654,0.06581033647398124,-0.1422046825115289,108.64820206890653,0.0,Technology
2006-03-31,AKAM,2006,Q1,USD,0.787327277731902,0.19431874483897604,0.29234241673548034,0.19431874483897604,0.2284613267272227,0.12656206991467106,0.12656206991467106,0.12656206991467106,1.627746514211979,1.0491553962305145,0.0,1.6531971823294926,0.09752852568439092,4.94303258670016,4.94303258670016,0.0738362412220372,0.9074314423278208,110.02842272966507,-1.8704831864043066,-1.8704831864043066,7.723756541329392,55.701699720451415,297.8222686236534,152.56195160308798,0.2147614108106599,0.30534071443620364,0.2339164871357628,0.2339164871357628,1.421767128850728,0.31555084598547756,0.4627869653199358,0.3651087255711533,0.512258375802901,0.0,0.0,0.0,0.165805,2.0502658587857057,2.0502658587857057,0.0,0.0,0.0,0.590466721214328,0.07473069045261438,1.3002294989580578,1.8524694729030189,4.258290615972609,3.385069486767366,4.258290615972609,0.21558455207474078,0.10514955958073814,0.11043499249400264,0.5539759036144578,1.175704005892685,7.723756541329392,0.039532669472729036,0.4460240963855422,195.61934607976798,0.0,Technology
2006-06-30,AKAM,2006,Q2,USD,0.7894166857097438,0.17181492116166083,0.2689644209083051,0.17181492116166083,0.20969905314508838,0.11191368021540204,0.11191368021540204,0.11191368021540204,1.5735503337867205,1.240852409109537,0.0,1.591464668026501,0.10381783167625432,4.764037480390633,4.764037480390633,0.07641327518148244,1.0387947482227906,124.26015056396484,0.0,0.0,8.066009145303456,55.62564301493308,414.13309740439377,201.78279189108338,0.206296797139076,0.2881404281190481,0.22368712434543556,0.22368712434543556,1.396727589157852,0.3667498679104342,0.39213081391240445,0.2756708958857018,0.4872414041663663,0.0,0.0,0.0,0.13873,1.950235467772545,1.950235467772545,0.0,0.0,0.0,0.650599220763786,0.0728109531409481,1.2928081168492205,1.6758736259122289,4.486729353768725,3.6329976576450056,4.486729353768725,0.17935127005049237,0.0919639053920693,0.08738736465842306,0.5336871031934047,1.2204938414387325,8.066009145303456,0.035722799581354533,0.46631289680659527,211.4869544460862,0.0,Technology
2006-09-30,AKAM,2006,Q3,USD,0.7759182026099826,0.19517467150993317,0.2914301089734966,0.19517467150993317,0.22676353199695054,0.12573658011570027,0.12573658011570027,0.12573658011570027,1.6548423005565862,1.2538392050587173,0.0,1.5501995189299669,0.10849035949381869,4.404219605729058,4.404219605729058,0.08654195804195804,1.2144598684129921,138.83644625169416,4.859275618809297,4.859275618809297,10.496757508153621,69.82727978842101,242.99736446237398,160.55666240482574,0.19461026861082326,0.2696526200122692,0.21238299024631116,0.21238299024631116,1.385603246617545,0.4097717487380118,0.5941018635366765,0.4349073949504462,0.6607341719942256,0.0,0.0,0.0,0.24245,2.9475411829068143,2.9475411829068143,0.0,0.0,0.0,0.7159093144036452,0.09001598886608998,1.2841998554260645,1.7831564462540304,4.762423058851175,3.934069205106423,4.762423058851175,0.31135425494804936,0.10563185910807094,0.2057223958399784,0.5544832496143653,1.1618491797251964,10.496757508153621,0.025689134935508392,0.4455167503856346,242.70672329455576,0.0,Technology
2006-12-31,AKAM,2006,Q4,USD,0.7724397985728264,0.21004271974415886,0.30560925355798985,0.21004271974415886,0.2492382838913948,0.16406131914115016,0.16406131914115016,0.16406131914115016,1.4577303089340383,1.2640300486080425,0.0,1.4511503873105296,0.10072904613392396,4.1973583975622875,4.1973583975622875,0.11129488233147705,0.902883581286969,104.0409400533385,2.3409211512001153,2.3409211512001153,8.989848283039679,68.27637547934417,91303.67262638298,380.263412799291,0.16026514265200348,0.20949142813448932,0.17320621152115756,0.17320621152115756,1.3071552844736476,0.44634252864584256,0.25284549202366013,0.17955020962109097,0.004164820558263181,0.0,0.0,0.0,0.11285,1.0041822388325325,1.0041822388325325,0.0,0.0,0.0,0.778014351626948,0.12764206083866372,1.2378612310397492,1.6701285622249848,5.908887261225156,4.062846239457112,5.908887261225156,0.1396926399228357,0.13911084514424701,0.0005817947785886821,0.6582508777529524,1.1866075824716888,8.989848283039679,0.023303110524091664,0.34174912224704757,226.51890428154934,0.0,Technology
2007-03-31,AKAM,2007,Q1,USD,0.7524304608182432,0.19494665192354638,0.3030716429484326,0.19494665192354638,0.2274509240777173,0.13770696612433045,0.13770696612433045,0.13770696612433045,1.603190864825665,0.9740388146557812,0.0,1.2713629766219066,0.0949614662660222,4.565890300463804,4.565890300463804,0.11213845191422742,1.2527223230490019,105.13484058188644,-13.667529275645226,-13.667529275645226,6.945147177672266,57.911199721986875,326.0773976179503,143.31576157788123,0.1363391214049557,0.17218367406687918,0.1468913770736029,0.1468913770736029,1.2629073173756025,0.4358618876687207,0.5674329501915709,0.4040811637491563,0.43951455275596146,0.0,0.0,0.0,0.2814462892578516,1.7841676441682783,1.7841676441682783,0.0,0.0,0.0,0.8620094254591502,0.11870470275055675,1.2376136587935411,2.1179310518597694,7.187752645543097,4.379082648150837,7.187752645543097,0.348321771802275,0.19522928405343404,0.153092487748841,0.6054359492392196,1.166734190269235,6.945147177672266,0.024791940280319336,0.3945640507607803,192.87466074579484,0.0,Technology
2007-06-30,AKAM,2007,Q2,USD,0.7395482594625755,0.20164555137762522,0.3181705032295256,0.20281158698756666,0.23341019560574894,0.14179779108310298,0.14179779108310298,0.14179779108310298,1.5395181379025182,1.508937720596607,0.0,1.2136877171501943,0.10043191499860195,5.7837133864724395,5.7837133864724395,0.13613234187396867,1.2078333956371266,92.57801292802365,11.109361551362818,11.109361551362818,6.51529558324345,52.509430944226814,1049.5973119497185,214.7331745120416,0.1315547953091334,0.16252933225283894,0.13980665067424758,0.13980665067424758,1.2354496988948234,0.40687986097414053,0.4501428967646243,0.2445333892331678,0.204586246617911,0.0,0.0,0.0,0.18668233646729346,1.2572073285733532,1.2572073285733532,0.0,0.0,0.0,0.9263097909338086,0.13134868221306498,1.2133642472200163,2.1631512649616575,7.465509335462259,4.625201790223193,7.465509335462259,0.22651367265691133,0.1801720905603957,0.04634158209651563,0.6075047009626449,1.1508720930232559,6.51529558324345,0.024945811003700993,0.39249529903735514,167.09023412312126,0.0,Technology
2007-09-30,AKAM,2007,Q3,USD,0.7282870255519722,0.22184941701810965,0.3385822376581493,0.22184941701810965,0.2664103200198462,0.15048375093029026,0.15048375093029026,0.15048375093029026,1.4901344669839656,1.5952155549082436,0.0,1.2016246227223608,0.10239930903964131,6.039922525745372,6.039922525745372,0.14228113452412797,1.617264481441106,49.01683019339351,3.18609396257058,3.18609396257058,3.7406736069121096,29.504945864859835,88.05881483109671,61.50376169991338,0.1269226861083944,0.15714378945696522,0.13580316542226015,0.13580316542226015,1.2381063959106682,0.3694411412257729,0.8186763756442959,0.47972587447283555,0.6984395806130496,0.0,0.0,0.0,0.3870356008105877,3.316085055303095,3.316085055303095,0.0,0.0,0.0,0.9744129045917359,0.14663330883784345,1.2077728296153645,2.640058272840798,7.685781498518084,4.916506550373512,7.685781498518084,0.46745108275288616,0.1409647445578444,0.32648633819504175,0.5648570630412515,1.200861032680104,3.7406736069121096,0.04200948972575181,0.4351429369587485,88.00447806953272,0.0,Technology
2007-12-31,AKAM,2007,Q4,USD,0.7304380095831651,0.27857758761828877,0.3901046726115762,0.27857758761828877,0.31620078804614765,0.19579999781704668,0.19579999781704668,0.19579999781704668,1.5405400860909335,2.664185544768069,0.0,1.3618985328437858,0.11064782581653781,7.864690240452616,7.864690240452616,0.18929393771323888,1.6416181046676097,40.01185521350131,0.8573968974321707,0.8573968974321707,4.226692364664731,31.337284653838182,118.32230301669073,89.12140686005183,0.12068196132114607,0.1471088335227507,0.12824313545819546,0.12824313545819546,1.2189794722616434,0.3384352830575498,0.729063649222065,0.35162466300658163,0.7532088590895687,0.0,0.0,0.0,0.32238873183057715,4.052009307590717,4.052009307590717,0.0,0.0,0.0,1.1041160835153025,0.21618592674206236,1.2042432239543697,3.2909875528955195,8.186070102772794,5.479757081446364,8.186070102772794,0.38823444578621497,0.09581282181630899,0.29242162396990595,0.619226786330687,1.1350546565842574,4.226692364664731,0.0348047174553286,0.3807732136693131,81.09675674155733,0.0,Technology
2008-03-31,AKAM,2008,Q1,USD,0.7242258807928607,0.2852116629861137,0.4074291916864062,0.2852116629861137,0.3280682711382266,0.19736497361230676,0.19736497361230676,0.19736497361230676,1.5240978583303453,2.227573100678098,0.0,1.2812855400720735,0.11006446061828756,5.290722545284406,5.290722545284406,0.1981973617015632,2.3226500011140074,31.65320237761101,0.0,0.0,3.343833628363667,24.988933808008813,78.15451296620232,53.101448850003976,0.11906940830766895,0.1447604819339176,0.12645482109005407,0.12510688749863846,1.2157655269426073,0.37711982319515075,0.9804268876857608,0.47058854982648823,0.6794418752627572,0.0,0.0,0.0,0.434999011466983,3.1195590528852972,3.1195590528852972,0.0,0.0,0.0,1.1268988191474931,0.22241035570478465,1.2190962901626081,1.9418410688292955,8.421471619023203,5.7367422419799,8.421471619023203,0.5303056811038008,0.16999379467214068,0.3603118864316601,0.6015972618368511,1.150262467191601,3.343833628363667,0.04276431903247051,0.39840273816314886,61.252154439676104,0.0,Technology
2008-06-30,AKAM,2008,Q2,USD,0.7232634378672604,0.2696593884662172,0.39141461000804106,0.2696593884662172,0.28962804890620814,0.17697573245912454,0.17697573245912454,0.17697573245912454,1.542591340993122,2.076744545876528,0.0,1.227352957922906,0.11051733007029099,5.584040225221902,5.584040225221902,0.19792022402841336,2.0335988788079957,42.41012840922992,-9.330228250030569,-9.330228250030569,3.9822571735139616,30.022254155635967,147.51386372226725,83.45183533269335,0.11385044123419108,0.13664392857362623,0.12021700476164124,0.12021700476164124,1.200205524830148,0.5118595950588098,0.8580315212313442,0.3597554689594029,0.5657219818322492,0.0,0.0,0.0,0.34922318681043757,2.3026723853513693,2.3026723853513693,0.0,0.0,0.0,1.158807057579619,0.20508072779395597,1.1937557189159747,1.7423380047566137,8.736251448396827,6.095754947799536,8.736251448396827,0.4168871764330216,0.1810449367808821,0.23584223965213952,0.6110448664329318,1.0740514192870114,3.9822571735139616,0.03431318536694379,0.3889551335670683,77.15543872748104,0.0,Technology
2008-09-30,AKAM,2008,Q3,USD,0.7128965730413941,0.29188181223935505,0.41425509381951586,0.26232473764485903,0.2884158360654076,0.16904234672936502,0.16904234672936502,0.16904234672936502,1.5547213512534073,2.1593429627653493,0.0,1.131129312370679,0.10958504756346561,5.556168722107587,5.556168722107587,0.19513171645335975,1.7038005662459812,22.018784041966427,-4.623944648812956,-4.623944648812956,1.9508147969402438,14.888427706324395,51.737745070611034,31.51951921903495,0.11097771783101046,0.1326941246224603,0.11714912414389785,0.11714912414389785,1.1956825858008555,0.5243994956547388,1.1183118191851815,0.47235579968279223,0.609217103992791,85.07894736842105,75.68567251461988,0.0,0.4664281604163018,2.5589656308334248,2.5589656308334248,0.0,0.0,0.0,1.1713795670036895,0.19801275091713114,1.1903261107964795,1.78908912822803,8.93985427389303,6.334757923090554,8.93985427389303,0.5533079321041107,0.21622327609140446,0.33708465601270615,0.586106328402263,1.0994610674341787,1.9508147969402438,0.0680198473123048,0.4138936715977371,36.64766051668461,0.0,Technology
2008-12-31,AKAM,2008,Q4,USD,0.7144819669354611,0.2698090838092908,0.3989621460899348,0.258005024605512,0.28262465067700443,0.19069507042916153,0.19069507042916153,0.19069507042916153,1.522462252528436,2.867375383888495,0.0,1.2181931764126017,0.11300347536964014,4.996306840805925,4.996306840805925,0.21777430400953293,1.553655331687505,15.870597383058248,0.7935298691529126,0.7935298691529126,1.6402224002944983,12.105778742860638,35.7195843095909,27.825762059303795,0.10625210332432902,0.1273959853898277,0.11300021202911867,0.11300021202911867,1.1989973036200334,0.5441472946109823,0.9205323723819384,0.4350565032885761,0.7790057638445816,0.0,0.0,0.0,0.46270045783192815,4.525004893325504,4.525004893325504,0.0,0.0,0.0,1.2465121261942196,0.2377037176954106,1.1720394863448618,1.9389686893482174,9.199971904596977,6.06687234892811,9.199971904596977,0.5423032069288655,0.11984588297987839,0.42245732394898705,0.6747290796197959,1.0954230488694383,1.6402224002944983,0.07766994607984505,0.3252709203802041,30.859455606773505,0.0,Technology
2009-03-31,AKAM,2009,Q1,USD,0.713064724672954,0.2968512321265592,0.4331742470337694,0.2667658579251597,0.29347619409796166,0.1762673030118649,0.1762673030118649,0.1762673030118649,1.4092175777063236,3.4708757403254555,0.0,1.2045049842256843,0.1084755830933857,7.018830590640768,7.018830590640768,0.21352404454979382,2.365750970110697,22.302989270785574,-2.6763587124942716,-2.6763587124942716,2.027820396091071,15.725151071455734,49.07967984036082,36.565769275663484,0.10305458843136123,0.1225095657440316,0.10913899487602918,0.10913899487602918,1.1887832226473665,0.44335602436300026,0.9945036221130276,0.4300511484636447,0.7450286838585592,93.61830985915493,79.04084507042253,0.0,0.4526731880613445,3.9220097975462784,3.9220097975462784,0.0,0.0,0.0,1.2336924403362233,0.21745963920419215,1.1762032452465898,2.6624833752396118,9.56692221727152,6.456858217892775,9.56692221727152,0.5305508508175092,0.13527524871290147,0.3952756021046077,0.6006187437234767,1.1001265168659455,2.027820396091071,0.06041440651262174,0.3993812562765234,36.13363453460044,0.0,Technology
2009-06-30,AKAM,2009,Q2,USD,0.7067008797653959,0.2871065493646139,0.4321603128054741,0.2658553274682307,0.28363636363636363,0.17598729227761487,0.17598729227761487,0.17598729227761487,1.4155544946968597,3.1126614450957,18.02072072072072,1.1708690526604937,0.10286731323247711,8.921203629570323,8.884174005871364,0.21320830046838635,3.5704452450849566,22.9796981199489,-5.0555335863887505,-5.0555335863887505,1.9690271176536729,16.176539397947217,41.10023793984701,31.466899542883223,0.1004816563346858,0.11889825098712528,0.10626368472935739,0.10626368472935739,1.1832831516142333,0.3247967044088057,1.1696134685526198,0.5140811339198436,0.7656135613846607,93.51408450704226,76.6112676056338,0.0,0.5262865577543719,4.266458443191498,4.266458443191498,0.0,0.0,0.0,1.185667683808437,0.20866244521451802,1.1622846481086957,3.5737855226487185,9.740851117812548,6.690376195608372,9.740851117812548,0.6095293873443558,0.14286542233103322,0.46666396501332263,0.620468017645437,1.0668823767327278,1.9690271176536729,0.06038426282762754,0.379531982354563,36.06075504207193,0.0,Technology
2009-09-30,AKAM,2009,Q3,USD,0.6998208232445521,0.2595786924939467,0.4124358353510896,0.24573849878934625,0.25614043583535107,0.15857142857142856,0.15857142857142856,0.15857142857142856,1.3573738595430285,2.5676000331372713,31.93560020607934,1.1483322767564201,0.10179077829771313,7.0402248311499935,7.022628167354155,0.1947460065107124,1.8385567290693985,25.796155598717363,-2.7085963378653233,-2.7085963378653233,1.9893364053493605,16.36213297975787,46.46926778049787,32.52173351736883,0.09846594149568856,0.1176104509651764,0.10523385036674199,0.10523385036674199,1.194427729818905,0.2995781968003888,0.941870268800145,0.5031138014527845,0.6998546581579125,91.5774647887324,71.47183098591549,0.0,0.5201021251032515,3.331719205977616,3.331719205977616,0.0,0.0,0.0,1.202777169965968,0.19072609409460348,1.1676257887517083,3.3790117038023584,9.892746117288224,6.8506226882251475,9.892746117288224,0.6051337942822,0.1816280895450304,0.42350570473716964,0.6190800294935057,1.0423292935264559,1.9893364053493605,0.0591204437062127,0.38091997050649423,39.63617157054293,0.0,Technology
2009-12-31,AKAM,2009,Q4,USD,0.716413839407482,0.2739262709552884,0.4106124504311701,0.2611023688130757,0.2709510920878706,0.16818782652483164,0.16818782652483164,0.16818782652483164,1.5447367909301286,2.816185356502896,0.0,1.3064680599109668,0.11415753696988278,2.3256623270280756,2.3256623270280756,0.20830131770588436,0.5539531856776649,27.044032651322357,1.284591550937812,1.284591550937812,2.493612730879347,18.193908288369947,45.34064642781699,34.72198315562709,0.09569055956618172,0.11488610600199457,0.10304739236008474,0.10304739236008474,1.200600210959544,0.433223923712013,0.3815205335891693,0.5239881664253793,0.765802561084016,0.3659609705483279,87.76022566995769,0.6251107606818352,0.6251107606818352,4.269901518260156,4.269901518260156,0.0,0.0,0.0,1.3927738668550964,0.2342476095069439,1.1716120956137726,3.312318474540292,10.161962876674963,7.136732147309087,10.161962876674963,0.7297970247385873,0.17091659412228213,0.5588804306163052,0.6207313106908888,1.0377197775706342,2.493612730879347,0.09214430499116129,0.3792686893091112,44.49774978957803,0.0,Technology
2010-03-31,AKAM,2010,Q1,USD,0.7188923005136879,0.2889067571001837,0.4262234979939924,0.27517508301080285,0.28595294735219495,0.17030442154906283,0.17030442154906283,0.17030442154906283,1.6142263409910151,2.5998535814742034,112.08305647840531,1.2619091430043479,0.11339865251433492,2.762813693376749,2.760867104918531,0.2196030145672359,0.5601259785487245,32.878280423332846,7.562004497366559,7.562004497366559,3.019459354679634,22.397266116094304,102.27714149839241,61.26278746686723,0.09435753960323771,0.11217675990719195,0.10086234846028683,0.10086234846028683,1.1888478692734248,0.4903324256470074,0.2837524534451705,0.36559332413999973,0.5989880687839731,0.37192791642136563,93.15937940761636,0.43936913255726623,0.43936913255726623,2.493691389599318,2.493691389599318,0.0,0.0,0.0,1.4028497869845868,0.23891152149263606,1.1714367605767164,3.5331178867050332,10.405836379716288,7.404614861424625,10.405836379716288,0.5128725168927857,0.2056679984668003,0.30720451842598534,0.5955679881113685,1.0391672975018924,3.019459354679634,0.07430254673462491,0.4044320118886315,52.807209631693155,0.0,Technology
2010-06-30,AKAM,2010,Q2,USD,0.7071556102691201,0.24480877880954516,0.386151851882047,0.23169518747095608,0.24228959962171548,0.155402375691959,0.155402375691959,0.155402375691959,1.4906242784400938,2.1426228041397,119.33554817275747,1.0764849399705119,0.11135643336943565,3.8940670756728086,3.8910545752974968,0.31663259536340305,0.603030515327722,46.11042316600215,-5.533250779920263,-5.533250779920263,3.5636883146772975,28.662677216633107,346.66817775624907,81.40160511032646,0.02885250009305501,0.032214478016185794,0.031209093364102818,0.0,1.1165229325808073,0.4367035484677779,0.43225877478306995,0.35211439845425124,0.23481129891178515,118.79449838187702,91.97249190938511,0.0,1.3589880746357887,1.3068671800535576,1.3068671800535576,0.0,0.0,0.0,1.4154295390263478,0.21996111298926888,0.3703041269483324,2.9055776577345425,11.384272814462937,8.362047625807323,11.384272814462937,0.4983931206886406,0.3813647846510428,0.11702833603759778,0.6413910293078502,1.0457256461232605,3.5636883146772975,0.0,0.3586089706921498,73.62532090604877,0.0,Technology
2010-09-30,AKAM,2010,Q3,USD,0.6931110506367555,0.23874486789639954,0.38261730381658915,0.23286045016584433,0.23786930440029816,0.15661149039049344,0.15661149039049344,0.15661149039049344,1.6035859975334408,2.6244392728253905,129.25581395348837,1.0586326970289093,0.11205425959185983,4.254258941664802,4.25126637337509,0.3332735504472781,0.9821141848731141,57.32650161059206,0.0,0.0,4.476329493306039,35.911955424431376,119.95932033225742,77.18956121682221,0.025906506766981093,0.028817976281950125,0.028010762784390235,0.0,1.1123837166143844,0.41128294468018844,0.5863992245171874,0.46524367878651635,0.643464476149301,344.18918918918916,265.9549549549549,0.0,2.0123336745138176,2.804769603880356,2.804769603880356,0.0,0.0,0.0,1.3973062565638485,0.2188342153724255,0.3242751744174938,3.3451120835520927,11.210077380371533,8.346186745874707,11.210077380371533,0.6500879031951807,0.2317794311146962,0.4183084720804845,0.6583930229473405,1.0215101114460892,4.476329493306039,0.0,0.3416069770526595,92.42642954882335,0.0,Technology
2010-12-31,AKAM,2010,Q4,USD,0.6969419153599731,0.2604008598887203,0.39784606305850617,0.25412381273534534,0.25988099252515034,0.18444753554768728,0.18444753554768728,0.18444753554768728,1.6233933601724393,3.271165876777251,0.0,1.1123710091470682,0.12100603738041277,5.914303036148563,5.914303036148563,0.5234390618663285,1.5974123498976927,41.85510094720053,1.534687034730685,1.534687034730685,4.0371166501500495,30.880280879243237,142.5784622350346,79.66043007774626,0.0,0.0,0.0,0.0,1.080396123263861,0.41622300083555136,0.7603047860503889,0.38764893497442815,0.5587129278083346,620.1824324324324,488.8243243243243,0.0,0.0,2.2660985626283368,2.2660985626283368,0.0,0.0,0.0,1.5236260377290005,0.28102906775540176,0.0007920834513006944,3.247922136312863,11.654357324119248,8.896140781573038,11.654357324119248,0.590632010824955,0.2606382707996204,0.32999374002533455,0.7097384604987498,1.022655018936776,4.0371166501500495,0.0,0.2902615395012503,75.57150150050325,0.0,Technology
2011-03-31,AKAM,2011,Q1,USD,0.6772348914489061,0.26362460274032173,0.4126862183052911,0.26362460274032173,0.2706004283338105,0.18342616315097135,0.18342616315097135,0.18342616315097135,1.626544301409912,3.1199383494465462,1746.4313725490197,1.0336557190374875,0.11620057107991034,6.091308400760655,6.090928073380812,0.5573807339728207,1.619553301763675,35.068563733528265,-9.819197845387919,-9.819197845387919,3.212514936285963,25.729968371425567,167.95018360298988,80.21897800273413,0.0,0.0,0.0,0.0,1.0744782796757562,0.39533822576081545,0.6600618964167195,0.320746648885861,0.477635548123962,0.0,0.0,0.0,0.0,1.9143722288309721,1.9143722288309721,0.0,0.0,0.0,1.476877058356625,0.27089789226004896,0.0,3.015900556149086,11.828738777455264,9.093412376268605,11.828738777455264,0.4737033672842957,0.24744579980329465,0.22625756748100107,0.6778487539003388,1.0264612085555616,3.212514936285963,0.0,0.32215124609966117,60.44052582497673,0.0,Technology
2011-06-30,AKAM,2011,Q2,USD,0.6763517684817809,0.2643859503445985,0.41360848264732536,0.2643859503445985,0.2751769925881533,0.17300687030892922,0.17300687030892922,0.17300687030892922,1.5538483114551778,3.0856365951881046,0.0,1.0095197483754106,0.11521290901687042,5.413912679874268,5.413912679874268,0.5076037626397625,1.4824595553248552,30.63729684548528,-8.272070148281014,-8.272070148281014,2.635479996557937,21.201851367852154,84.97828917824275,52.50589736544239,0.0,0.0,0.0,0.0,1.078908951382547,0.42779413172875846,0.806355797791043,0.4037994288581857,0.6178742579214649,0.0,0.0,0.0,0.0,2.61693963500234,2.61693963500234,0.0,0.0,0.0,1.4843043399368976,0.25679484843844363,0.0,2.6647589794051774,11.940898827197065,9.225098113867801,11.940898827197065,0.5993612447182456,0.2290313604110741,0.37032988430717145,0.6287112475564477,1.0408154904959581,2.635479996557937,0.0,0.3712887524435523,49.46581074961812,0.0,Technology
2011-09-30,AKAM,2011,Q3,USD,0.6690366712079927,0.23235623864668484,0.3805205495004541,0.2317956687102634,0.24177949023614895,0.15002341621253407,0.15002341621253407,0.15002341621253407,1.5430213779322803,3.0737091831691323,0.0,0.9873194243999496,0.12244190486616388,6.65677069082216,6.65677069082216,0.46706234092449955,2.56051354426187,21.5190361837531,-1.8649831359252682,-1.8649831359252682,1.7152266317752358,12.913437287551089,52.771121326335326,31.299003174160926,0.0,0.0,0.0,0.0,1.0847997489174184,0.40327189118114587,0.8373464479615201,0.4125830211171662,0.5931085485299555,0.0,0.0,0.0,0.0,2.4576579242132848,2.4576579242132848,0.0,0.0,0.0,1.5394816699318987,0.23095829931976022,0.0,3.7554469440721356,11.590305112872738,8.845044699702568,11.590305112872738,0.6351639983350028,0.2584428012040462,0.37672119713095664,0.6204968670667821,1.0430716483247364,1.7152266317752358,0.0,0.3795031329332179,30.620694999813523,0.0,Technology
2011-12-31,AKAM,2011,Q4,USD,0.6832519923395317,0.2722987582628035,0.4071291777352196,0.24506085130042626,0.2722987582628035,0.18558411070612219,0.18558411070612219,0.18558411070612219,1.5347783213865818,2.6810991711768244,0.0,1.104752544848367,0.13802594840078944,7.561189282441102,7.561189282441102,0.5481133521091038,3.768377001455604,24.03175899086234,0.5024822334453034,0.5024822334453034,2.6784502945947826,17.839650484092175,64.64744112428221,42.49529787074985,0.0,0.0,0.0,0.0,1.0877685797101448,0.36804759357650424,0.9158647366434848,0.41980292827577687,0.6573392099008881,0.0,0.0,0.0,0.0,2.9183379858277863,2.9183379858277863,0.0,0.0,0.0,1.8094524906070586,0.33580563133428887,0.0,4.7465067671225984,12.051745020298604,9.266639144998988,12.051745020298604,0.7596134541327408,0.2602897463630405,0.49932370776970036,0.6815459309844136,1.1111475244529596,2.6784502945947826,0.0,0.31845406901558637,39.57551703832964,0.0,Technology
2012-03-31,AKAM,2012,Q1,USD,0.6090130475069495,0.22433698129272997,0.3671896521499587,0.22407089729783877,0.22784302922541383,0.13531779820189827,0.13531779820189827,0.13531779820189827,1.4799193903314725,3.791282175813502,0.0,1.0524845313951725,0.13232493192130626,4.574862998020708,4.574862998020708,0.41732494246935614,0.9743230688443362,37.80625513741412,-1.2854126746720798,-1.2854126746720798,2.969761766509721,20.463436813816333,132.97674817022315,70.66802118093467,0.0,0.0,0.0,0.0,1.0967341272076714,0.42461972403865134,0.6227564663587769,0.2895713856402294,0.5314314130352529,0.0,0.0,0.0,0.0,2.1341592838685863,2.1341592838685863,0.0,0.0,0.0,1.793442633019552,0.24268470830162087,0.0,2.271176747536362,12.357893624286401,7.871328362179027,12.357893624286401,0.5193296683097332,0.24334156884876246,0.2759880994609707,0.5939080017586282,1.0168345464451864,2.969761766509721,0.0,0.4060919982413717,54.49606952633464,0.0,Technology
2012-06-30,AKAM,2012,Q2,USD,0.6036896403928694,0.20319885543877866,0.35445479405745745,0.20226316456689586,0.21058477661135022,0.13352912413297677,0.13352912413297677,0.13352912413297677,1.605818259369123,2.947514928388632,0.0,1.048881487719476,0.1354715617097976,4.56192870752237,4.56192870752237,0.40854669766998786,1.1033692689868075,32.03546202587084,7.688510886208989,7.688510886208989,2.5597321173530783,17.11066874203908,60.29875887643198,37.90565969194661,0.0,0.0,0.0,0.0,1.1042804834932018,0.5906917368839569,0.9017196054313484,0.4514014234574683,0.6286308441211084,0.0,0.0,0.0,0.0,2.692738436053944,2.692738436053944,0.0,0.0,0.0,1.8555674520186138,0.2477722966377049,0.0,2.781116472307664,12.403641687643264,7.958179123469894,12.403641687643264,0.8376057891625499,0.311060954880569,0.5265448342819808,0.6340872606352482,1.0411424989927027,2.5597321173530783,0.0,0.36591273936475177,46.714903121354304,0.0,Technology
2012-09-30,AKAM,2012,Q3,USD,0.6113760819643173,0.23306720413759952,0.3878709953926926,0.23212894669018103,0.23604414443372979,0.13967004613099115,0.13967004613099115,0.13967004613099115,1.4617875647668395,2.5441240592238716,0.0,1.0425792076517582,0.13598238046446204,3.539775502536164,3.539775502536164,0.36380028334692827,0.8578339282359572,35.14165286224109,4.392706607780132,4.392706607780132,2.999935501237202,19.63294510555396,83.49139475376222,47.91420419513626,0.0,0.0,0.0,0.0,1.1236830390922228,0.6103655076967129,0.6645500657523953,0.4097520857405139,0.5738819471928535,0.0,0.0,0.0,0.0,2.3467675058878164,2.3467675058878164,0.0,0.0,0.0,1.9459637764276227,0.2717928504228838,0.0,2.6216731149963266,12.735273803134731,8.204682923584475,12.735273803134731,0.7973627161667054,0.33977064799397394,0.4575920681727315,0.5917115481346076,1.016866477875223,2.999935501237202,0.0,0.4082884518653924,49.25353319990294,0.0,Technology
2012-12-31,AKAM,2012,Q4,USD,0.7039156116356862,0.2721238938053097,0.41756997078375746,0.2533609264512851,0.2580979802684507,0.18072786552059958,0.18072786552059958,0.18072786552059958,1.7272016711080231,2.584417084382435,0.0,1.0949923353550224,0.1453003448783697,3.5890886155786816,3.5890886155786816,0.4835820192801905,0.9952942683695994,26.57948899245153,0.6524056389056284,0.6524056389056284,3.095237543702366,19.214617248936147,84.24512211046004,49.44138974144388,,,0.0,0.0,1.108652910748527,0.7088141255607484,0.7236183380637023,0.3886342465173392,0.5868754000571996,0.0,0.0,0.0,0.0,2.420577230546078,2.420577230546078,0.0,0.0,0.0,2.1291082445196796,0.3847891884943525,,2.465536781622258,13.21707927820801,8.662991163253068,13.21707927820801,0.8274443783627605,0.34183762778603455,0.485606750576726,0.7002296776310393,1.0186968601809103,3.095237543702366,,0.29977032236896073,,0.0,Technology
2013-03-31,AKAM,2013,Q1,USD,0.6728887149975818,0.278943392945447,0.3940784575841063,0.2749330246762633,0.278943392945447,0.19423387293979558,0.19423387293979558,0.19423387293979558,1.5841654901690714,2.091082780421718,5.895211046910195,0.9959167106384706,0.13906018399745793,3.924576115219269,3.8282045595043157,0.434770323418229,0.7799338395254567,21.7126018195616,4.125394345716709,4.125394345716709,2.60346148302336,16.869290972052404,156.92738512536647,60.25499869079968,0.0,0.0,0.0,0.0,1.109817395924231,0.6427718165814402,0.48624645484618395,0.2799650043744532,0.3839673913043478,0.0,0.0,0.0,0.0,1.623290692545214,1.623290692545214,0.0,0.0,0.0,2.0688480658623605,0.40184037235645154,0.0,2.884929105194122,13.405230009191902,8.887138257590758,13.405230009191902,0.5792050578092348,0.35680920273193895,0.22239585507729587,0.6963200342866048,1.0145867098865478,2.60346148302336,0.0,0.3036799657133952,41.667414041051025,0.0,Technology
2013-06-30,AKAM,2013,Q2,USD,0.6701850803742866,0.2626803065806943,0.37938303015556485,0.2578721310955129,0.2626803065806943,0.16369748165858253,0.16369748165858253,0.16369748165858253,1.593461055435213,2.4757792336708357,6.10640485750661,0.932092206886181,0.1387407486230722,3.7929506474705836,3.702816739784794,0.38219951910078337,0.9041858289124083,30.874772707932788,-2.469981816634621,-2.469981816634621,3.1227013113139446,20.216490156278926,133.5799005142947,58.92582774725952,0.0,0.0,0.0,0.0,1.1133216469972094,0.6037360465097712,0.5725370077767087,0.3430836855273389,0.44112795054038634,0.0,0.0,0.0,0.0,1.7893183260227867,1.7893183260227867,0.0,0.0,0.0,2.1254925888633633,0.3479377840809135,0.0,2.984647919145139,13.76052196997331,9.274921211724715,13.76052196997331,0.7292218309482876,0.4075416991727614,0.3216801317755262,0.6231814017176629,1.0186455801359957,3.1227013113139446,0.0,0.37681859828233705,51.859650093971986,0.0,Technology
2013-09-30,AKAM,2013,Q3,USD,0.666391268096718,0.25436216175244447,0.37552237297556784,0.2514490007327118,0.25436216175244447,0.20151090224614063,0.20151090224614063,0.20151090224614063,1.5433237279345533,2.690664927760683,6.465527372441485,0.9321369272618081,0.13718296434296606,3.1904885363529347,3.1189388418633333,0.37342651208351,0.8233890632883009,28.88418880178294,1.0109466080624026,1.0109466080624026,3.62338907106597,23.281915784380608,94.51122009764204,58.27067320298223,0.0,0.0,0.0,0.0,1.1344779857891654,0.6292228789820259,0.5540424070855989,0.39954773996311177,0.6165476770142345,0.0,0.0,0.0,0.0,2.607886144002111,2.607886144002111,0.0,0.0,0.0,2.2206076372239325,0.4474766485116652,0.0,3.177350145467221,14.26840976389828,9.605610624207426,14.26840976389828,0.8872387627976478,0.34021376463777464,0.5470249981598732,0.7922204342729999,1.0115854945187448,3.62338907106597,0.0,0.20777956572700002,60.41751519431064,0.0,Technology
2013-12-31,AKAM,2013,Q4,USD,0.6926762695536492,0.2705376393412542,0.38516675076838386,0.26550759209138036,0.2681200972521675,0.18429515115372264,0.18429515115372264,0.18429515115372264,1.6029383649278646,1.817758784425451,6.16485690622987,0.9682269308241188,0.14740582584014186,3.9127926859852717,3.8302060296542866,0.3970248648912123,1.268746722600944,26.241155436968725,0.0,0.0,3.207462904643628,19.344470830817926,77.09354363300639,49.11025547259684,0.0,0.0,0.0,0.0,1.1248384156115905,0.6265133650340646,0.6525615011057659,0.39389880269737143,0.6370216383667575,0.0,0.0,0.0,0.0,2.754985160824577,2.754985160824577,0.0,0.0,0.0,2.4389398093452592,0.449484780818116,0.0,3.769878851687079,14.709445253971545,10.039461227130877,14.709445253971545,0.9606954707520529,0.3487116680020568,0.6119838027499961,0.6873604516874118,1.0098396627388646,3.207462904643628,0.0,0.3126395483125882,48.23529190305196,0.0,Technology
2014-03-31,AKAM,2014,Q1,USD,0.6921468924062076,0.26375848397581486,0.3817645787670176,0.26647512028612885,0.26386653201088417,0.1605285092458247,0.1605285092458247,0.1605285092458247,1.5018910165124488,2.262498582008524,3.6722605081803357,0.9005184660078117,0.12419635590054695,4.616562784107197,4.460869992546665,0.134472138623959,1.0185923844937874,35.7225892575206,-4.018791291471062,-4.018791291471062,3.83549478062198,22.93797599964278,2073.433923019733,116.85090360682071,0.16177332443833917,0.2178032516698038,0.17884929389961848,0.17884929389961848,1.3463483700170897,0.5498120220990724,0.3645704503943715,0.19630122910152545,0.056356222549228854,0.0,0.0,0.0,0.15070406321841026,1.0597219246244316,1.0597219246244316,0.0,0.0,0.0,2.53771300488354,0.407375285567697,3.3055258851488536,3.9066058806782458,15.176659943351668,8.414672272262512,15.176659943351668,0.4981561819655644,0.4700819813104389,0.02807420065512549,0.6083701029549405,0.9902107623689459,3.83549478062198,0.05678622032552574,0.3916298970450595,62.059400060012365,0.0,Technology
2014-06-30,AKAM,2014,Q2,USD,0.6863297866753495,0.2279685317256084,0.3513040007562469,0.23601415862279035,0.22829413803606877,0.15311059060783347,0.15311059060783347,0.15311059060783347,1.4629899964657251,2.1169648680069186,5.06815559025185,0.8870707759621494,0.12631422811892937,4.234736596868249,4.130737895881282,0.13213804820300568,0.8971838244638042,37.29668866085394,0.0,0.0,3.921611875795241,22.842072114319325,83.83351296357118,54.307304813309095,0.1579833346467986,0.21472772098686355,0.176770248407944,0.176770248407944,1.3591795708511136,0.5290779771368428,0.7067760473292575,0.4206077284233302,0.6477994645996484,0.0,0.0,0.0,0.336293322807931,2.8392915384506305,2.8392915384506305,0.0,0.0,0.0,2.673137519854097,0.40928566444082,3.3433381626526026,4.249599925031867,15.570128287521568,8.841364372624616,15.570128287521568,1.1243422999890067,0.3959939600293909,0.7283483399596158,0.6706724575803306,0.9672900107698196,3.921611875795241,0.05475496499594829,0.3293275424196695,67.06120083320876,0.0,Technology
2014-09-30,AKAM,2014,Q3,USD,0.681127294485204,0.23562069062448548,0.37098076065873964,0.24142341408957477,0.2360824990663438,0.18302673268519523,0.18302673268519523,0.18302673268519523,1.5242435278671265,2.1231266961671635,6.392368378682982,0.8906426034614106,0.12921753962012728,3.821857354584368,3.7394836224017824,0.15763820059627542,0.7106707205877965,29.223637595853212,1.1981691414299818,1.1981691414299818,3.7409063187496048,21.39482762538099,104.98051960788176,61.49238086010087,0.15569608003132093,0.21068045696150092,0.17401821905199918,0.17401821905199918,1.3531519670830436,0.5635712467113638,0.5745405353430526,0.34792648009605615,0.5857503953093801,0.0,0.0,0.0,0.28875616982559515,2.4140035106294055,2.4140035106294055,0.0,0.0,0.0,2.7950680906191736,0.5115721802586746,3.367817917051945,3.9897186310356516,15.985431043883532,9.307790787759929,15.985431043883532,0.9724782023979336,0.40284871091358865,0.5696294914843449,0.775265991376011,0.9778773941899052,3.7409063187496048,0.05631802536876163,0.22473400862398898,59.75883689571561,0.0,Technology
2014-12-31,AKAM,2014,Q4,USD,0.6956880075331674,0.2763833337994947,0.4027372994340801,0.2537446741066018,0.24959583811148714,0.18107011998993092,0.18107011998993092,0.18107011998993092,1.6272172293053542,2.108213196920374,3.5708253106949064,0.8914611422045875,0.1340219505161255,3.7799803000499983,3.643146483199655,0.15609570436210188,0.714497426731455,28.87522572275943,3.6815912796518195,3.6815912796518195,3.8080375159497986,20.91376234542556,108.65953804981545,57.358539523885014,0.15115432885189875,0.20535898293402957,0.1703716368663501,0.1703716368663501,1.3586047088022246,0.6027076582122353,0.5854328150869282,0.3646146244138021,0.5278739497087568,12.476402617290825,9.472504524571907,0.0,0.32328788412352794,2.1180784228769496,2.1180784228769496,0.0,0.0,0.0,3.010457848765369,0.5451039639005746,3.475935218003049,4.2566238787532775,16.533450559847374,9.88879226855124,16.533450559847374,1.0976569578411677,0.5182324440802522,0.5794245137609154,0.7254532822340258,0.9836495642333299,3.8080375159497986,0.05392777305210163,0.2745467177659741,53.62452740936913,0.0,Technology
2015-03-31,AKAM,2015,Q1,USD,0.6784759256726985,0.2359211905738639,0.36973920111825215,0.23079333606818908,0.2272304267894313,0.14765562088822037,0.14765562088822037,0.14765562088822037,1.4764250804056878,2.5029791386371363,4.067220834134154,0.790484211664137,0.13206608722086485,4.609862956733536,4.4553170633904005,0.14743476872480057,1.2347520337428666,40.789009897470606,-2.0394504948735297,-2.0394504948735297,4.254219415066731,24.090906327307156,-339.70887664582216,127.19198481840789,0.15291203996676125,0.20446412461154476,0.16975526330224827,0.16975526330224827,1.3371355496662622,0.5540174832385658,0.37028414850128655,0.18940585259127582,-0.37441466373873195,33.38767482517483,26.556162587412587,0.0,0.16358482859753268,0.7275824584698217,0.7275824584698217,0.0,0.0,0.0,2.949038074149587,0.435442047861559,3.440157962643356,3.994987280489441,16.69989087736924,10.008686941716022,16.69989087736924,0.5585650707584366,0.7677000239026577,-0.2091349531442211,0.6498056751222366,0.9845623390195933,4.254219415066731,0.04806149017312441,0.35019432487776336,66.57978669698122,0.0,Technology
2015-06-30,AKAM,2015,Q2,USD,0.6672788100376718,0.19824568216998353,0.335079144034931,0.19651466647433158,0.1895943024432103,0.12427804994424133,0.12427804994424133,0.12427804994424133,1.5767736855918117,2.108872243907585,3.9386575594378037,0.7674499802007179,0.13089064548105167,3.30653970514757,3.17537229857398,0.13003307260223634,0.7392790071272276,46.41211744858631,-3.403555279562996,-3.403555279562996,4.09664992295699,23.07202980117361,74.2549679791679,47.251857490370156,0.1487456745834347,0.20178031019481749,0.16790116170409497,0.16790116170409497,1.3565457332450666,0.6090999514498034,0.7581595557112583,0.4882777318516135,0.6363460759100533,31.181487815305687,22.71483539974348,0.0,0.42966619147121815,2.749867205482591,2.749867205482591,0.0,0.0,0.0,3.0261750093807716,0.37608712895583846,3.4651615913475426,3.6013868414355494,17.04319414962444,9.758313706799306,17.04319414962444,1.4776138697664782,0.5373400820303113,0.940273787736167,0.6554946448428569,0.9647844908714474,4.09664992295699,0.049254955631935236,0.34450535515714314,70.82602406479565,0.0,Technology
2015-09-30,AKAM,2015,Q3,USD,0.6675244542039453,0.21526232691504998,0.3509808903326498,0.20995045641798088,0.20685988058726384,0.15977351505362686,0.15977351505362686,0.15977351505362686,1.505723350011067,3.0081770713605462,2.975346737259233,0.750170174530999,0.1316738708982895,3.6474792624229684,3.462018758697132,0.14813773602414965,0.7724890514026855,35.013788479497954,1.2095672383826566,1.2095672383826566,3.9960474461857953,22.37710424285429,248.87889050016148,67.5241815853632,0.14800317051507011,0.20072347498738521,0.16716877713204867,0.16716877713204867,1.3562106425750318,0.6551251238695694,0.550014156370668,0.3313939349944649,0.27131341452729346,36.16738660907127,24.98682505399568,0.0,0.2948309962623009,1.3723321108639452,1.3723321108639452,0.0,0.0,0.0,3.0861902081031336,0.4930914576727218,3.494850115066902,3.740488519776241,17.28207708492485,10.032008434933147,17.28207708492485,1.022744717204684,0.7452603557901301,0.27748436141455396,0.7723755548927062,0.9852794993473882,3.9960474461857953,0.05023050343883544,0.22762444510729388,65.63228603233696,0.0,Technology
2015-12-31,AKAM,2015,Q4,USD,0.6663921306584202,0.23790876080661788,0.37660815078415427,0.21182438674008347,0.20801714209742056,0.15266964685000148,0.15266964685000148,0.15266964685000148,1.522504002376452,3.1172275822012843,0.0,0.7689516450250936,0.13829259119969914,3.7696667067741547,3.7696667067741547,0.1581457986386729,0.8707526170135964,26.456068727013122,12.963473676236415,12.963473676236415,2.9981890953026684,16.156154678369845,67.33870480425178,42.96312697664275,0.14906857214491664,0.2000360155058929,0.16669167668402415,0.16669167668402415,1.3419060277268127,0.6436076138214296,0.6551287450366984,0.3760469922767323,0.6380153449867074,10.747516173752311,7.08641404805915,0.0,0.34886302475780406,2.7625480421629436,2.7625480421629436,0.0,0.0,0.0,3.2575820823541637,0.49733390609790257,3.6087925147298607,4.21603822651719,17.55392949779473,10.206195076192966,17.55392949779473,1.2250039441638578,0.44343263011807676,0.7815713140457811,0.7339282008715501,0.9820264101728073,2.9981890953026684,0.06671894571936571,0.26607179912844986,44.434142325047226,0.0,Technology
2016-03-31,AKAM,2016,Q1,USD,0.6569888590426703,0.20652604694174115,0.34861772865383767,0.20101105288652077,0.19833017746268,0.13185609229820777,0.13185609229820777,0.13185609229820777,1.5549721585415623,3.0512362508226003,0.0,0.7371166078289061,0.13569757480844946,3.9936860995159544,3.9936860995159544,0.14532924675518843,0.9390186446120282,32.73769889133426,-2.046106180708391,-2.046106180708391,3.1483720854083814,17.266660186586815,90.85168079510278,51.528688560802784,0.14902532463683316,0.20024685394507033,0.16683805776027028,0.16683805776027028,1.3437102347071637,0.5918910226169147,0.5708858366368277,0.3350882909859527,0.5671737507753446,34.42510208467655,24.52589727057812,0.0,0.3051204118783932,2.3103959193587564,2.3103959193587564,0.0,0.0,0.0,3.2183409761644697,0.4243578648002464,3.560812478023687,4.749749180851511,17.650391533309477,10.270953500059258,17.650391533309477,1.078428377513015,0.466772109696389,0.611656267816626,0.6648312121992593,0.9866630447164801,3.1483720854083814,0.06360329990001672,0.3351687878007407,51.0981141498795,0.0,Technology
2016-06-30,AKAM,2016,Q2,USD,0.63938056577556,0.19923269857638495,0.34799828711755093,0.1925769267742753,0.1911244723710313,0.12870214197698096,0.12870214197698096,0.12870214197698096,1.5700697857579973,3.0230919134346292,0.0,0.727134659744419,0.13399818536195096,3.6266445708579655,3.6266445708579655,0.1418352841950272,0.8674835742095172,33.325385394411626,0.0,0.0,3.115614389988424,17.15619392987669,59.5859857226023,40.41494702588195,0.14730935644053642,0.1996430377279856,0.1664187024384281,0.1664187024384281,1.3552637968965295,0.5759834333096585,0.6450064003484339,0.4245012103786694,0.6782626239335946,35.220521664151754,23.750808363871524,0.0,0.38614242332702675,3.1081250559885336,3.1081250559885336,0.0,0.0,0.0,3.2600470843711196,0.4195750427043746,3.6103282845505005,4.949919970768608,17.951515495538523,10.585063223067158,17.951515495538523,1.3838939332069922,0.4452504028242349,0.9386435303827574,0.6733943611738562,0.9924577963332728,3.115614389988424,0.0640782243044934,0.3266056388261438,50.81809833186005,0.0,Technology
2016-09-30,AKAM,2016,Q3,USD,0.6499242378844821,0.19921070428805013,0.34390521602903784,0.19135712634723875,0.19122186742913888,0.1301225034884816,0.1301225034884816,0.1301225034884816,1.6314801520683133,2.7508745022064365,0.0,0.7319816573779675,0.13415571126196846,3.214016907048311,3.214016907048311,0.13548616363243476,0.8847535315709466,30.40458110858553,6.384962032802954,6.384962032802954,2.916754153690945,15.825280845470967,53.88557486742844,36.76608057680986,0.1457412024664447,0.20022651171641162,0.16682393678346022,0.16682393678346022,1.3738497303980428,0.6007446759271163,0.5825701679581773,0.43043154443426673,0.6822991249005569,35.40012858979854,23.953064723531934,0.0,0.3962149962805593,3.147614874170527,3.147614874170527,0.0,0.0,0.0,3.348439785519838,0.43570736767227564,3.664356292040637,5.224010945565307,18.167455057172003,10.771402752818641,18.167455057172003,1.4412741083264486,0.4578940454734823,0.9833800628529663,0.6804792006160127,0.9992931597548428,2.916754153690945,0.06864703062582056,0.31952079938398725,47.274478908559566,0.0,Technology
2016-12-31,AKAM,2016,Q4,USD,0.6697499204705546,0.21179827437334042,0.34814745083781834,0.20049535483117034,0.20420240081542027,0.14873467029364218,0.14873467029364218,0.14873467029364218,1.6715428273773996,2.6730819758276407,0.0,0.7691771835054687,0.14088804718616757,3.4969539867801425,3.4969539867801425,0.15289925973383844,0.8654014543978985,31.531637985246462,1.5415467459453822,1.5415467459453822,3.584610666058796,18.759391118216467,109.19330272385453,63.58016532070324,0.14636762641814383,0.1985153688937684,0.16563439572493627,0.16563439572493627,1.3562792111327173,0.6517220351425381,0.4853011842344122,0.295050996228032,0.5822716570950778,38.531410256410254,26.395299145299145,0.0,0.28400514305086655,2.393900287076299,2.393900287076299,0.0,0.0,0.0,3.5544863679104077,0.5286753579944002,3.719730950228347,4.828847879153602,18.6017412243303,10.652105497684312,18.6017412243303,1.048754743930925,0.4380945812959413,0.6106601626349837,0.7283688619708458,1.0184894357645915,3.584610666058796,0.05537989683884745,0.2716311380291542,55.356262847525905,0.0,Technology
2017-03-31,AKAM,2017,Q1,USD,0.657289023860015,0.18203443984854062,0.32618571264365903,0.17547097833891118,0.17437651280291458,0.12424432735347572,0.12424432735347572,0.12424432735347572,1.497766921495439,2.2813182670022956,0.0,0.7278713848511744,0.13489745494096061,3.6620814086247893,3.6620814086247893,0.13522693795538038,1.3677712136924027,34.651101927718116,-1.8365084021690594,-1.8365084021690594,3.1724371975414805,17.220811404264253,200.97463966211095,72.48406610876607,0.14510555629837787,0.19816169543102966,0.16538810762076858,0.16538810762076858,1.3656382325122922,0.6150814021519391,0.37346677979239334,0.23758064811683627,0.3606627494425669,36.04807483141179,22.913639329997824,0.0,0.22086697154644666,1.5641197179236903,1.5641197179236903,0.0,0.0,0.0,3.4667356025522102,0.4307222330514457,3.7556220547455044,4.880334751385063,18.818339428835742,10.898416538065907,18.818339428835742,0.823629291304065,0.5265768865809081,0.2970524047231569,0.7125060901630731,0.9937626977044449,3.1724371975414805,0.062463551866242625,0.2874939098369269,53.42471178405267,0.0,Technology
2017-06-30,AKAM,2017,Q2,USD,0.645644337043933,0.14927735741921852,0.2965227983995563,0.14128174147288358,0.14160856475062394,0.09367613463798545,0.09367613463798545,0.09367613463798545,1.530400515327195,2.3400660555258828,0.0,0.7077154195077561,0.13495806117968678,3.1031538800793856,3.1031538800793856,0.12144272203163911,0.8833194675540765,37.88805632484318,-1.6291864219682568,-1.6291864219682568,2.616501932417896,14.196826661830343,67.3903210125521,38.288639203456306,0.14510900885467914,0.19816425790923017,0.16538989258035652,0.16538989258035652,1.365623399079817,0.6528791224423157,0.5628996852635166,0.37078430984167227,0.568162291381943,32.415841584158414,18.42294446835988,0.0,0.344846484494934,2.315684758517602,2.315684758517602,0.0,0.0,0.0,3.5085305460493794,0.32866557981320627,3.7993328688704313,3.9561312296937072,19.03686727032945,10.11448168290815,19.03686727032945,1.3009080770753447,0.5617811631269396,0.7391269139484051,0.6615146110897413,1.0023132732816935,2.616501932417896,0.07573633157079597,0.33848538891025864,49.54154011116493,0.0,Technology
2017-09-30,AKAM,2017,Q3,USD,0.6388924476330793,0.15413970917942477,0.3097639484978541,0.14613573762090834,0.14653929921209405,0.10234930497725962,0.10234930497725962,0.10234930497725962,1.5578324464435847,2.552553232434146,0.0,0.7065767170502198,0.13848335400988304,3.0113059078888047,3.0113059078888047,0.13028041721695233,0.8555586024828843,32.584182188042746,2.688195030513529,2.688195030513529,2.545318914239356,13.339873600794311,71.47043501368499,35.25293249120787,0.1457333048873686,0.20079446198881337,0.1672180113624508,0.1672180113624508,1.3778213713330614,0.7325797614927527,0.5491231821076165,0.378404650566908,0.4932519647383946,34.94205646860514,19.22734934681837,0.0,0.35957974893894823,1.9733672958075832,1.9733672958075832,0.0,0.0,0.0,3.6522085184599504,0.37380100349640305,3.8711690756080914,4.398283995404524,19.141019904203045,10.16285917416982,19.141019904203045,1.3820126882253223,0.7003322144647917,0.6816804737605305,0.6984427080487405,1.0027615530448315,2.545318914239356,0.07888774206858823,0.3015572919512595,44.558621878208534,0.0,Technology
2017-12-31,AKAM,2017,Q4,USD,0.6534233071872569,0.049533349812797306,0.19934976456473114,0.04205730030205652,0.04222309978717375,0.02879937056486377,0.02879937056486377,0.02879937056486377,1.4450293709583624,2.8642591992824933,0.0,0.7691884966986847,0.14413957979023403,2.8214285714285716,2.8214285714285716,0.09171199910844263,0.6755320066220597,144.18357270843148,-2.0518431500815253,-2.0518431500815253,3.32847601413951,16.609584559184388,121.64459365883276,55.81243052334622,0.1440224782764743,0.20023209431897504,0.16682781210961448,0.16682781210961448,1.3902836329103945,0.7757653709999445,0.425607453266193,0.2975965103730187,0.4588155448969566,25.43360824742268,5.75319587628866,0.0,0.2978384795591578,1.8477988245423576,1.8477988245423576,0.0,0.0,0.0,3.9158113659161735,0.11277290258912526,3.941255652463602,4.201972532458862,19.540474296256686,9.507085619977016,19.540474296256686,1.165331797775657,0.630659453993469,0.5346723437821881,0.6820761789169314,1.0039422284342185,3.32847601413951,0.06015728924239816,0.3179238210830686,85.96158367264232,0.0,Technology
2018-03-31,AKAM,2018,Q1,USD,0.6488461607479319,0.10847973154844151,0.26414185822551606,0.10251912597723425,0.10122711312888426,0.08032312284290678,0.08032312284290678,0.08032312284290678,1.3799020669931101,2.8905451815014955,0.0,0.7912788510006886,0.14267926119246307,1.2911130864721674,1.2911130864721674,0.12133115288006661,0.3216916756221282,56.19965748696802,0.2943791582650706,0.2943791582650706,3.565834964392838,18.056527968220074,152.97185797200228,62.886483042654035,0.1426837417621526,0.19748796384917033,0.1649185376480702,0.0,1.3840957730024626,1.1391271093834505,0.16983092973168995,0.28712892015240965,0.4110983802926931,0.2414789302177124,14.135463917525772,0.28711990370021456,0.28711990370021456,1.6980764978996241,1.6980764978996241,0.0,0.0,0.0,3.930988289937386,0.3157492553066687,3.959621693195359,4.77058598115748,19.90557631207868,9.958634167030933,19.90557631207868,1.128700422821489,0.6646935071638971,0.46400691565759195,0.7934941574461171,0.9873973481920154,3.565834964392838,0.05538337186695823,0.20650584255388296,70.08614006623716,0.0,Technology
2018-06-30,AKAM,2018,Q2,USD,0.6446868318649766,0.09167284035373341,0.25205994939336923,0.0861806478674752,0.07778543935276624,0.06497233534361661,0.06497233534361661,0.06497233534361661,1.3811363612682734,2.797854265923699,0.0,0.7770197549680521,0.11825049101611788,2.186129357016636,2.186129357016636,0.06916606542664579,0.8602164163868179,72.38224511025058,-3.308902633611455,-3.308902633611455,3.618694174104383,18.811374008908217,95.1369159673247,56.75232462875715,0.2729862272833677,0.4440881113222213,0.30752147866906115,0.19889477326249763,1.6267784486476853,0.7904276957810041,0.19332534268274654,0.3314643784543099,0.5965331548927764,0.231873863940465,6.205671447196871,0.32563231049954866,0.14358169603145607,2.478518401516348,2.478518401516348,0.0,0.0,0.0,3.8928575852737595,0.2529280484753483,9.040886984087441,10.907318713112005,20.236581616661272,10.373174803954036,20.236581616661272,1.2903436199139127,0.5206108694309008,0.7697327504830117,0.8352763175760868,0.9025859201288583,3.618694174104383,0.12272054226083692,0.16472368242391325,77.93796310658166,0.0,Technology
2018-09-30,AKAM,2018,Q3,USD,0.6427180464377237,0.187172579402295,0.3482067655474383,0.17403244786657668,0.16542020345624736,0.16066084452860394,0.16066084452860394,0.16066084452860394,1.4358483931006683,2.4908225838356706,0.0,0.7570840818873851,0.12484006467697772,2.03170147616348,2.03170147616348,0.09754582252778876,0.5898357607166926,27.579969996351654,0.17237481247719783,0.17237481247719783,3.76118865878949,17.724085086749657,53.03594843428678,38.22631223318013,0.28808269078002574,0.4896936489274385,0.3287210422626236,0.21508309642608134,1.6998371113568878,0.5187530769656847,0.2596129565245021,0.4636619137789937,0.720762301074784,0.33084746738020226,8.000617877248386,0.456211318847309,0.20092697394519826,3.5811783432143764,3.5811783432143764,0.0,0.0,0.0,4.035751332150571,0.6483872173307491,9.400743770646462,10.858224312686678,19.017923983377475,8.980147591548826,19.017923983377475,1.871224186201057,0.5225163359279932,1.3487078502730638,0.9712286720231109,0.9505135707972575,3.76118865878949,0.13019651321745787,0.028771327976889048,54.5028698003165,0.0,Technology
2018-12-31,AKAM,2018,Q4,USD,0.658060482531334,0.17894816523985685,0.3419703573075699,0.16862102463962947,0.15850695929001082,0.13179124793408126,0.13179124793408126,0.13179124793408126,1.4865166736474476,2.4616960510248362,0.0,0.7833833726106886,0.13061022342573927,2.0941068415283937,2.0941068415283937,0.0926508099440066,0.8560727639754887,26.467783276392066,-2.457722732807833,-2.457722732807833,3.1183932186624728,13.952888752178064,58.958746713501284,34.78350746595377,0.28573740747047205,0.4889412442901631,0.32838182578739744,0.21497611868350247,1.7111558777640623,0.557642458694483,0.23635324425605161,0.4011351864338352,0.5899634813300484,0.32075323689908064,8.249074201069812,0.41680018410841424,0.1833584086447029,2.4388071658683756,2.4388071658683756,0.0,0.0,0.0,4.377588117046037,0.5769278008869021,9.666380353627195,11.6109979970974,19.58701027005124,9.426404407432617,19.58701027005124,1.7560046254618038,0.7200260233926903,1.0359786020691135,0.8314540164318626,0.9400189545091779,3.1183932186624728,0.15679268456717516,0.1685459835681374,42.95017228568266,0.0,Technology
2019-03-31,AKAM,2019,Q1,USD,0.6592494352505562,0.20335367752382139,0.3565083481008,0.19040831809406264,0.1862045440391333,0.15163310252679374,0.15163310252679374,0.15163310252679374,1.3346809081394777,2.3516718601947817,0.0,0.5393960817307509,0.13631881996510742,3.191853341899155,3.191853341899155,0.11336135758826456,1.2088656254278523,27.807868773919537,2.0160704861091654,2.0160704861091654,3.629436594352429,16.86637366738947,646.8827928451224,74.08285935343488,0.24668506869503173,0.3894077059177021,0.280268854317674,0.263882729449157,1.5785621236732144,0.5490944319035408,0.2823386097390584,0.22766904267184518,0.11452284737332918,2.0011349539419854,11.103086827335755,1.584026786153922,0.12581051380122174,1.1293346158436834,1.1293346158436834,0.0,0.0,0.0,4.328138427357558,0.6562890579056645,7.906503515808422,6.852838876551979,20.113314588162627,9.258668487702888,20.113314588162627,0.9853831323077209,0.8725342502421908,0.11284888206553016,0.8143362091900725,0.9779223192715109,3.629436594352429,0.10729150263256793,0.1856637908099274,49.65157429449412,0.0,Technology
2019-06-30,AKAM,2019,Q2,USD,0.6564998851184415,0.2008498398749635,0.3512808584630833,0.19257836766069944,0.18887095538907972,0.16156460172974751,0.16156460172974751,0.16156460172974751,1.3471498828771338,1.9139790894506832,0.0,0.5114661579140174,0.1319563650192505,2.9532035462937576,2.9532035462937576,0.11289872269142179,0.873195286503028,28.825559802528197,4.756217367417157,4.756217367417157,3.869092101724892,18.628760356529952,71.15968457915267,41.31316922841263,0.24112971989258944,0.37952947539210385,0.27511516220719395,0.2599190279870338,1.5739639044127958,0.5869033567348624,0.5381202882802371,0.4509157903993056,0.5805698756640634,2.1836797124447926,16.076485910490174,3.30625,0.24676016153205532,2.3841873579854367,2.3841873579854367,0.0,0.0,0.0,4.314833540269594,0.6971243624638135,7.93637364333458,6.379726733736784,20.77489961124615,9.987889196839115,20.77489961124615,1.945626576252098,0.8160543967887202,1.1295721794633777,0.8554232247987504,0.9807485528273262,3.869092101724892,0.09809264432420843,0.14457677520124956,56.14998275840907,0.0,Technology
2019-09-30,AKAM,2019,Q3,USD,0.6521568870507894,0.21192063241641218,0.3677202244785269,0.20184050980966656,0.1948382334711908,0.19423534184518645,0.19423534184518645,0.19423534184518645,1.3740489338187618,2.2825108377161767,0.0,0.49676537661932346,0.11166643648994233,3.7407833393911933,3.7407833393911933,0.08701276054560594,1.2256162835277657,26.913162681521502,1.2559475918043361,1.2559475918043361,4.239268908104866,20.909949414321773,102.54935343636011,50.52080159762306,0.3471773360132406,0.63032813570939,0.3866265458487723,0.37713877304022664,1.8155797349782956,0.5061102565976263,0.4876560728802054,0.41388791850257495,0.4926486604225659,2.6442585228992996,11.815700503009813,3.378879701928495,0.13312328937180273,1.9710207148223677,1.9710207148223677,0.0,0.0,0.0,4.370168391579725,0.8488411514595164,13.661756370844017,9.666108588544484,21.555603567703553,10.783428303631558,21.555603567703553,1.8087598990966782,0.9176767577806443,0.8910831413160339,0.9969056811116412,0.9653078742960032,4.239268908104866,0.1486879340219004,-0.00694052834772047,62.48987358166474,0.0,Technology
2019-12-31,AKAM,2019,Q4,USD,0.6661801293317257,0.18923798410356898,0.3392140889469683,0.17525964127477098,0.1676416840322073,0.15425003529230447,0.15425003529230447,0.15425003529230447,1.3989180042142033,1.8550372086997826,0.0,0.40412529447509504,0.11019488543127431,3.2186602166914744,3.2186602166914744,0.07014184837655513,0.7842445798285391,29.32586476410579,-2.2660895499536298,-2.2660895499536298,3.8193008158158186,18.094062699362667,94.0962186889287,49.51740970305522,0.3812585219739553,0.7303077290663261,0.4220681193283463,0.3346444153780029,1.9155184395228158,0.48414095286585224,0.40693112718797236,0.3654081020770007,0.5262422910611753,15.06944527736132,8.115262368815593,0.0,0.10561364959282184,2.110783594930648,2.110783594930648,0.0,0.0,0.0,4.773941675522247,0.7363806719327097,16.620253971696357,9.503045125747635,22.61670503729329,11.613063254623638,22.61670503729329,1.7444369670788809,0.8264404609114826,0.9179965061673984,0.9201174289245982,0.9565333057448161,3.8193008158158186,0.13168791139960837,0.08213844252163165,61.464719369337374,0.0,Technology
2020-03-31,AKAM,2020,Q1,USD,0.6485917870161272,0.20314613856826227,0.3551907492064655,0.1993060334789128,0.18063540328299546,0.16112217421909142,0.16112217421909142,0.16112217421909142,1.245178874861724,2.353917616126205,0.0,0.3983382723744818,0.11000386300661662,3.1964991503331235,3.1964991503331235,0.07306872527656363,0.6094483591353866,30.087554772383996,11.132395265782101,11.132395265782101,4.035884601622235,19.391088967450038,1896.6787919119529,66.38796325080742,0.38445724181327573,0.7274056169867911,0.42109717013404463,0.40785328275229965,1.892032553622906,0.5230263045342286,0.35421509344748964,0.292087420940937,0.035002217314764626,1.6166669809719576,8.853821563498983,1.573507851927035,0.08357429941389462,1.0362718111303493,1.0362718111303493,0.0,0.0,0.0,4.718146575139513,0.7601980344708381,16.59586275865475,7.711930218776236,22.66913180897822,11.559428860684479,22.66913180897822,1.378111264753815,1.3298743147809768,0.048236949972838165,0.8919745038389106,0.9063218013523272,4.035884601622235,0.18023449349726411,0.10352020860495437,63.018189948908365,0.0,Technology
2020-06-30,AKAM,2020,Q2,USD,0.6516940035106925,0.2495586468104918,0.39499443196617656,0.23961923456836728,0.2278540105572438,0.20373970542899025,0.20373970542899025,0.20373970542899025,1.2327680215431724,1.797918912950285,0.0,0.3938410898294577,0.10999823109241255,3.3357554204148934,3.3357554204148934,0.08357016994112036,0.8705032688288497,26.85484385325634,0.8504033886864505,0.8504033886864505,4.4547884240304585,21.885591904015904,97.46491028399794,58.23010458969303,0.3716495603060459,0.6877280021104962,0.4074874631756394,0.39476833501009934,1.8504744134344357,0.5443413744377403,0.4543367882425596,0.37584668717716413,0.5974468597982531,1.8958626313998215,11.040002318975013,2.1569563396351765,0.11124046727618,2.484144079707915,2.484144079707915,0.0,0.0,0.0,4.893173576006847,0.9969337429885539,16.638705029769785,8.451349337799314,24.039301041172813,13.016445727866612,24.039301041172813,1.839083078325011,0.7403286682716285,1.0987544100533824,0.8941677389426714,0.9509003355581346,4.4547884240304585,0.15437949833951398,0.10310969245467448,62.137993201829836,0.0,Technology
2020-09-30,AKAM,2020,Q3,USD,0.6425038942037851,0.23372412009913665,0.3836815518796234,0.2284910669803051,0.21187369536290196,0.20006810915122122,0.20006810915122122,0.20006810915122122,1.2576736262027963,2.4679059643012624,0.0,0.37247794175335636,0.10551018558651377,3.128079662652484,3.128079662652484,0.08146000793712296,1.0354150746593336,28.35521768595979,-9.451739228653254,-9.451739228653254,4.379950414072198,22.69189914800497,103.86665500479177,44.75713239446431,0.360462648147362,0.6594232130210776,0.3973809742124548,0.385085710547467,1.8293801491229587,0.517916015878895,0.5605348586855272,0.5070007378491382,0.4309095387003605,1.9229702635142172,10.45705379819903,2.949351392598245,0.14840300990379737,1.7571898810538602,1.7571898810538602,0.0,0.0,0.0,4.871341939209988,0.9746001708067856,16.74878499849469,8.872343432233329,25.237728638399577,14.280307452214037,25.237728638399577,2.469773957494916,1.405524800776618,1.064249156718298,0.9442800759600674,0.9272734298236898,4.379950414072198,0.15055494941276928,0.05239220635421441,65.60583754109139,0.0,Technology
2020-12-31,AKAM,2020,Q4,USD,0.6409645900267876,0.1728751593726478,0.32377904895147863,0.1590677866964753,0.15238329313814344,0.13396164658088805,0.13396164658088805,0.13396164658088805,1.2821520122657002,2.5631147402696,0.0,0.3724499024520985,0.1089995917121429,2.5449846340530486,2.5449846340530486,0.06862778030501868,0.46548531332023163,37.691104392696474,-1.3540878244783547,-1.3540878244783547,4.020459177624893,20.19664962359105,138.23241799301243,58.7171866723006,0.3576591324462625,0.6531918737250947,0.3951095357451003,0.30963073580834566,1.8262972044289554,0.6274700106544754,0.38394159621193136,0.343964872436892,0.4247714647896033,15.560604313228001,7.762484142544112,0.0,0.10482615221512241,1.738439487592941,1.738439487592941,0.0,0.0,0.0,5.198386958070738,0.6963844764677699,17.1639332178528,6.745003009864986,26.113932603594638,14.387160775930909,26.113932603594638,1.7880625069104044,1.0285445767147017,0.7595179301957027,0.8791098014888338,0.957977075703663,4.020459177624893,0.11155446559475102,0.03224255583126551,71.22425101273676,0.0,Technology
2021-03-31,AKAM,2021,Q1,USD,0.6360696706332443,0.22086535312350186,0.37687550135990167,0.21640236001082225,0.19970262534590866,0.18475557369812556,0.18475557369812556,0.18475557369812556,1.2643098047217254,2.5672347692153155,0.0,0.36054193297757237,0.10779184233146412,3.0223861082794623,3.0223861082794623,0.08212821927398867,0.638762688234743,26.68023362985324,0.7470465416358906,0.7470465416358906,3.8450636755116383,19.717287482734232,195.3113277852223,66.51874111764542,0.3599459958659081,0.6511901453314614,0.3943762304860055,0.38078141944329175,1.8091329055207812,0.6438704905807997,0.3492968421170387,0.2964170270129155,0.34057799858282656,1.7519514012264312,10.225636424806549,1.5945319681340007,0.08876703118553504,1.5164795803762772,1.5164795803762772,0.0,0.0,0.0,5.168053673165257,0.9548267212883522,17.366893371192376,7.8992462943315696,26.501511704208855,14.790992328024481,26.501511704208855,1.5318991052428232,1.0101679739483997,0.5217311312944236,0.925153454433095,0.9228301638481279,3.8450636755116383,0.16935744119889293,0.07069896785924382,59.739876761672065,0.0,Technology
2021-06-30,AKAM,2021,Q2,USD,0.6247760381977994,0.23845365515041791,0.39993480483663685,0.23385129874393779,0.21730392202846074,0.18350445109424687,0.18350445109424687,0.18350445109424687,1.2988308110306133,3.4237415075161826,0.0,0.3600777556910782,0.10766704650383578,3.4801999848636727,3.4801999848636727,0.08542044043444771,0.8974730055958076,30.375068531665143,28.856315105081794,28.856315105081794,4.247461532120956,22.295841111413374,85.05138752214131,50.28502775478469,0.35766294345442423,0.6328441066626279,0.38757166350442285,0.3740073298632849,1.7693868437988436,0.5588488352510457,0.5840351904165425,0.44338925733797363,0.5912311276720096,1.8311539616952053,11.056938515274158,2.387353999621188,0.13347318379711307,2.4463702294768033,2.4463702294768033,0.0,0.0,0.0,5.229674871530716,0.9596686167016201,17.48324686951936,8.686167016201233,27.451690643511533,15.77982388363565,27.451690643511533,2.3187816574070665,0.9478457632731153,1.3709358941339516,0.8444599130162636,0.9292397484882217,4.247461532120956,0.14899348749289776,0.09717680577589277,62.35123873411635,0.0,Technology
2021-09-30,AKAM,2021,Q3,USD,0.6316937743873593,0.2461511995936457,0.4085848154144965,0.23858784912353706,0.22506169122886138,0.20796133590133123,0.20796133590133123,0.20796133590133123,1.3033531689522067,3.223294847667972,0.0,0.3638796379868496,0.10601141646052757,3.775948813299792,3.775948813299792,0.09019538469812032,1.728904626490211,23.78742053533502,1.631137408137257,1.631137408137257,3.7150037872794983,19.78745500870012,62.2465191780321,43.68022674264953,0.3506154599699956,0.6209372943919677,0.383072989029405,0.3690957426083499,1.7709923414247197,0.4731988483717947,0.5328352291370447,0.45300714955720633,0.7017296279285775,1.849290925710032,11.313106261022927,2.3683724378490387,0.1369703708884235,3.3526628644180065,3.3526628644180065,0.0,0.0,0.0,5.285672157132589,1.0992154429337642,17.592970319536516,11.77932258995988,28.153403331142062,16.57801028464001,28.153403331142062,2.394447277396524,0.7141926803344658,1.680254597062058,0.9240192534137625,0.9433074318563808,3.7150037872794983,0.16714311207921562,0.07048567355960915,52.926361107080986,0.0,Technology
2021-12-31,AKAM,2021,Q4,USD,0.640580853098995,0.2201306002708321,0.3766421680705312,0.21658283242650975,0.1998988245533811,0.17731549287685092,0.17731549287685092,0.17731549287685092,1.339433606637413,2.960146641438032,0.0,0.3852451168745955,0.1112414763438708,2.4298802668721478,2.4298802668721478,0.08375216389245978,0.67910560125313,29.482912155680417,-2.948291215568039,-2.948291215568039,4.179245203215708,20.911108401317488,68.29616810663589,48.93264223313518,0.35127802775710487,0.6311099700795627,0.38692055205129927,0.3037368619163838,1.7966110038512022,0.5729147583651238,0.4895355296005142,0.42734476306610203,0.7164771258723184,17.57820603810668,10.705082710050773,0.0,0.13533001951424603,3.5270522813254934,3.5270522813254934,0.0,0.0,0.0,5.597025167380701,0.992439276198248,17.78750842312852,6.665522975821757,28.0050569681683,12.738459541163598,28.0050569681683,2.3918593940293156,0.6781468499044864,1.7137125441248293,0.8870261907393082,0.9229670806027999,4.179245203215708,0.10438215190519085,0.10507238368880539,62.32991378197985,0.0,Technology
2022-03-31,AKAM,2022,Q1,USD,0.6317677146053714,0.18121456719272017,0.33901401764184463,0.1917994526623781,0.17799870967313564,0.14759745785688438,0.14759745785688438,0.14759745785688438,1.2571727882714494,2.7067532171734427,0.0,0.37656461418511294,0.10882358502074778,1.684737105485669,1.684737105485669,0.0689366183585016,0.43463270694207173,35.916091838111804,-1.4222772367892276,-1.4222772367892276,4.455593683743508,21.204495405838784,210.35193716242918,86.13752538761345,0.39070090858631956,0.7543953966518483,0.4300030643557113,0.409759795905987,1.9308769958623628,1.0475178098325462,0.25590700189240334,0.24617024125571157,0.40949242754584153,3.6776628244294405,59.6417756366139,2.966013333333333,0.0685668438187168,1.6934583850364269,1.6934583850364269,0.0,0.0,0.0,5.630409859558613,0.8310341819631887,20.23253205727317,3.1581803681134497,26.795531297120142,6.495270851246776,26.795531297120142,1.3860393534960809,0.8184667339589019,0.567572619537179,0.8292052123744156,0.9280459730323853,4.455593683743508,0.15972399764683737,0.12332761364766737,71.90446732321634,0.0,Technology
2022-06-30,AKAM,2022,Q2,USD,0.6162551531441375,0.1933829422626454,0.3601034835475772,0.19377371774718485,0.18885083225215094,0.15259063113008284,0.15259063113008284,0.15259063113008284,1.351433593896099,2.6331305213104543,0.0,0.3861733216825668,0.11001413460440036,1.916763759907182,1.916763759907182,0.07338466423241784,0.5222351679876243,26.509486614915843,19.617020095037603,19.617020095037603,3.414635127198411,16.18039717401797,65.46631136233339,42.80885607926638,0.39264301513545036,0.7531899474778284,0.42961114884407214,0.34783755350601014,1.9182563255785918,1.3439530577828758,0.4178652378458029,0.3779684545659846,0.6539066458523098,3.6986117783902697,42.75574010747435,4.552413333333333,0.1059024886065906,2.8893938239948547,2.8893938239948547,0.0,0.0,0.0,5.6444844349467,0.861295442332446,20.17087816643547,4.315781251952661,26.74663517414614,6.498100451142854,26.74663517414614,2.133437058698559,0.7383683875079669,1.3950686711905922,0.8079955450042499,0.9745946687080815,3.414635127198411,0.16132959454648957,0.19200445499575017,53.53196515141734,0.0,Technology
2022-09-30,AKAM,2022,Q3,USD,0.6071532244164844,0.18117215635403722,0.352377151047289,0.18192394568066983,0.17934087466095774,0.14025916888159148,0.14025916888159148,0.14025916888159148,1.4177776848914918,2.910097353235168,0.0,0.379500755648429,0.10877708909018449,2.251724078399917,2.251724078399917,0.0708998150578767,0.607980494308848,25.76517211829191,-2.760554155531278,-2.760554155531278,3.01144216740874,14.45520650961111,46.98714671148657,34.51970451886833,0.3889461550350058,0.7449073794099194,0.42690367878541896,0.41195470650550137,1.9151940950357933,1.0426551827078536,0.4904257706726728,0.4187523245371336,0.7346627095879728,1.4588549614290014,99.34241486068112,1.9666837082481254,0.11711302020403827,3.7687880148589623,3.7687880148589623,0.0,0.0,0.0,5.556475443404845,0.779346627602936,19.87805185395205,5.444652364300791,26.67160633840532,6.4567621207825345,26.67160633840532,2.3267870081592794,0.6173833601108906,1.7094036480483885,0.7820814365199797,0.9858013687530386,3.01144216740874,0.2473590187026208,0.21791856348002023,49.69591581928175,0.0,Technology
2022-12-31,AKAM,2022,Q4,USD,0.6141667358282522,0.18250466975432728,0.34263978813920126,0.1805117382480095,0.18150874292261412,0.1905820243829619,0.1905820243829619,0.1905820243829619,1.3659758600483505,2.4616146334754503,0.0,0.39420340472323984,0.11173483151480117,2.40522526219122,2.40522526219122,0.08251849443588262,0.6623008836589047,18.95002359516565,0.29967479173750333,0.29967479173750333,3.0739096942860478,14.446135435486251,58.093802124745345,39.24714372617117,0.38232735987667704,0.7280919373412196,0.42132708428779303,0.34388336672713415,1.904367863121467,0.8864458050042613,0.41703668967403784,0.36808119174932824,0.675582287451171,353.1515151515151,181.25,0.0,0.10757140152654635,3.0824457522475357,3.0824457522475357,0.0,0.0,0.0,5.8354706957073805,1.1121358184153636,19.97326566835131,6.9521288232396925,27.42435802740122,7.262318974450488,27.42435802740122,2.147927008094254,0.696825566687788,1.451101441406466,1.0499881235154394,1.0055232124197642,3.0739096942860478,0.17050574539206287,-0.04998812351543943,50.441660076000176,0.0,Technology
2023-03-31,AKAM,2023,Q1,USD,0.6054201275966531,0.1414953401667362,0.28942293201470354,0.13829668733578102,0.13856751898551706,0.10604587975511577,0.10604587975511577,0.10604587975511577,1.2973589471491902,1.7875515141320641,0.0,0.3655641565098667,0.11189792716488502,2.03014040009423,2.03014040009423,0.057966965038813635,0.35730813521745214,31.5725805151072,-0.7152155994238569,-0.7152155994238569,2.9399533660758013,13.392568307455077,1089.705705882353,52.520773168193436,0.3943664519090204,0.773667748572941,0.43619654763155,0.35405259759264507,1.9617990953029254,0.9101678203237131,0.2792205229757023,0.25499564266821595,0.048197208553355686,87.74487131667289,47.23535994032078,0.0,0.07235271588779486,1.0506378096245135,1.0506378096245135,0.0,0.0,0.0,5.846526088383936,0.6200000025539102,20.622269151740444,4.800795645174533,26.6330755118451,6.111819892125388,26.6330755118451,1.4908386772839524,1.4189844146354886,0.07185426264846359,0.7653011364531942,1.001958337939639,2.9399533660758013,0.186436176332485,0.2346988635468058,57.32303494777832,0.0,Technology
2023-06-30,AKAM,2023,Q2,USD,0.6010830151295098,0.16243837639638312,0.311120515623781,0.16007442389344687,0.16031167409943775,0.13766496637352374,0.13766496637352374,0.13766496637352374,1.3397203788415695,1.919220743162993,0.0,0.35568358745430995,0.11211657369758919,1.9964264719891633,1.9964264719891633,0.06604740980448127,0.34691103588166,26.5223102720159,0.7149492334195593,0.7149492334195593,3.18616451166392,14.604771806980928,71.91794465903948,37.30707426203417,0.39336457797270896,0.7654183201540066,0.4335620127059943,0.4152425033572144,1.9458242124869467,1.088581838995414,0.4255600192384993,0.3914745955258031,0.5187450008326259,12.275170532060027,75.26884422110552,18.31555,0.11157789185341366,2.0779004929405693,2.0779004929405693,0.0,0.0,0.0,6.153468276515151,0.8471170033670034,21.602726483585858,5.198857060185185,28.206327598905723,6.598820233585859,28.206327598905723,2.4089265046296298,1.159307922979798,1.2496185816498318,0.8587332591145747,1.0014821243782754,3.18616451166392,0.2243366651895986,0.14126674088542535,57.19384546684895,0.0,Technology
2023-09-30,AKAM,2023,Q3,USD,0.6032300897788052,0.1893889489623857,0.3432599608072221,0.1824256020814431,0.18580628990226664,0.1662813676870875,0.1662813676870875,0.1662813676870875,1.3533899089127563,2.6516619827502663,0.0,0.3615989417390969,0.10075924996723053,2.3040120124714525,2.3040120124714525,0.058788288216324286,0.5674424515509734,25.111478398176178,1.0164169827833214,1.0164169827833214,3.729192207398171,16.702283890773955,99.65447301581416,44.86414232297266,0.46984383779401734,1.041136125862702,0.510076771789367,0.4984219712362515,2.215919507960309,1.0085553654363237,0.4434793230276462,0.3722858172688517,0.45019697526124264,1.491668624639773,50.91905174906042,1.7525769174508752,0.0798376752104858,1.8188332093573998,1.8188332093573998,0.0,0.0,0.0,6.378768358670445,1.0606703268388402,29.7672685469645,6.205524613666845,28.56918980701511,6.712392391598781,28.56918980701511,2.3747249915763184,1.3056309832913802,1.0690940082849385,0.894917861900966,1.018531871525984,3.729192207398171,0.27918542889723963,0.11330430953270194,60.85466386250347,0.0,Technology
2023-12-31,AKAM,2023,Q4,USD,0.6046328856692901,0.208022576498693,0.3563959208737137,0.18571139990573024,0.1972237660261081,0.16197210700922698,0.16197210700922698,0.16197210700922698,1.3737598405085172,2.677499710740708,0.0,0.3638649180970519,0.1005063920468176,2.158819335963198,2.158819335963198,0.05823229707921089,0.5854614263944941,27.717501706325812,29.38055180870502,29.38055180870502,3.886831018314588,17.957848609621745,69.9880325961787,45.91132073290116,0.45817798458733033,0.9866926392518851,0.49665087581108525,0.4349184992374054,2.1535138580274102,0.9823898520368444,0.4655207059966174,0.39114206088941195,0.6559881601159322,29.73885528152629,17.19739413680782,0.0,0.08580132315427386,2.9068766945259807,2.9068766945259807,0.0,0.0,0.0,6.590433106590983,1.0674663363779069,30.114943137787375,5.725557859039999,30.448969724266288,8.017949516157877,30.448969724266288,2.5777955874658063,0.8867922028891435,1.691003384576663,0.8212605928424743,1.0619906269955517,3.886831018314588,0.19801638646321224,0.1787394071575257,61.79819426428289,0.0,Technology
2024-03-31,AKAM,2024,Q1,USD,0.6000455940910058,0.19765545052027925,0.35590038197716245,0.16892914678257698,0.19074743913188852,0.17773387235680924,0.17773387235680924,0.17773387235680924,1.3772225307616957,2.931034994839505,0.0,0.3510654644947136,0.0993366685434185,3.186171251690488,3.186171251690488,0.06254452464512784,0.5781864617560307,23.6256958236897,2.8088327257053347,2.8088327257053347,3.577540528041224,16.796345623473865,93.06712874177539,47.111468292987915,0.4602595956401653,0.9868769836722476,0.4966975770428681,0.4331011671680805,2.1441747071011554,0.7211282383258795,0.43498760102752004,0.3565235012209084,0.5062095385332417,1.4127339291752419,24.45409210912291,1.5119515664006944,0.07694756872903709,2.025150500132371,2.025150500132371,0.0,0.0,0.0,6.509153982114121,1.1568971430078878,30.20402564170206,11.04471469649405,30.56010103674783,8.406613554224814,30.56010103674783,2.320666367689345,1.1459229166117075,1.1747434510776373,0.931775929290032,1.129156470418886,3.577540528041224,0.22758880704904622,0.06822407070996803,58.88103853807546,0.0,Technology
2024-06-30,AKAM,2024,Q2,USD,0.5887135302884909,0.17529553482104576,0.3371495947242696,0.15107086710631087,0.17031380795851284,0.13443312440025318,0.13443312440025318,0.13443312440025318,1.4008849380343165,3.2358662565156977,0.0,0.3378406108845804,0.09710799430425598,1.2935618713628207,1.2935618713628207,0.054424308475608564,0.23025208183871942,25.87989309959905,-1.0006891998511633,-1.0006891998511633,2.8671323661170605,13.916459554094612,50.975916515222906,31.632148119444132,0.457545016957567,0.9707286048513085,0.49257345859885665,0.3349045855263977,2.121602397303202,0.8373509218228569,0.22147505802014106,0.43994671185610157,0.6205312288990006,0.2560210495998112,30.325,0.3754602178378953,0.09337298234210811,2.635262968013355,2.635262968013355,0.0,0.0,0.0,6.4333891570617014,0.8648606048665156,30.344333891570617,10.75279282829278,31.22632252980002,6.405247430466621,31.22632252980002,2.8303484057399926,1.0740288313138278,1.7563195744261648,0.7893260447385456,1.1273769140324084,2.8671323661170605,0.25982532518052576,0.21067395526145435,53.89533692640758,0.0,Technology
2024-09-30,AKAM,2024,Q3,USD,0.5930978949495311,0.0782229946082281,0.24318016003121395,0.0703080287335557,0.0734622700384899,0.057637315003100494,0.057637315003100494,0.057637315003100494,1.442482551870586,3.8339100995038873,0.0,0.3400008325067489,0.09859018098992027,1.3284919035230554,1.3284919035230554,0.04144232392488287,0.28731335945170583,66.1482515067263,-1.1851561728288462,-1.1851561728288462,3.1959420442215056,15.250430435990003,73.86663709774618,39.03222381299326,0.4563334107587128,0.969985845213467,0.4923821394809868,0.33318218860442,2.1256077734933787,1.6434557294776395,0.19795130969232327,0.39071384989633506,0.5284147938309786,0.19806478017852094,14.768346226217854,0.3417953087191579,0.08441316867967845,2.1205075708876007,2.1205075708876007,0.0,0.0,0.0,6.619485294117647,0.38152935905545016,30.670389257853678,11.195478863588447,31.58693074003795,6.941413662239089,31.58693074003795,2.5863245835968796,1.2196724119755429,1.3666521716213367,0.7845839091672764,1.0448631736908418,3.1959420442215056,0.2312987351762724,0.21541609083272362,79.41405954534663,0.0,Technology
2024-12-31,AKAM,2024,Q4,USD,0.5937443317688607,0.1673541260800891,0.3320198560894328,0.14516554421391867,0.15501809421936016,0.13716996800789066,0.13716996800789066,0.13716996800789066,1.4016177285014024,3.176431807554026,0.0,0.33977478247283555,0.09836629846216312,1.2327588803833744,1.2327588803833744,0.05607103854198616,0.24754999586386225,25.678953575640612,0.17741822470442603,0.17741822470442603,2.945757352321694,14.08952496178693,79.42594056232002,41.80034207127649,0.4469766708442696,0.9500339971018931,0.4871884277473199,0.3294402569218749,2.1254666273911482,1.792226368213843,0.1643878061877577,0.3370672167649242,0.5262807311482658,0.2758341668833036,11.76760451438563,0.2991760622948423,0.0741784898605167,2.110954875075986,2.110954875075986,0.0,0.0,0.0,6.78873136315229,0.9312100638977636,30.931755857294995,10.626883652822151,32.47042731629393,6.653986954206602,32.47042731629393,2.288258785942492,1.0839922790202343,1.2042665069222578,0.8848642392273685,1.067871133324328,2.945757352321694,0.24674310961322313,0.11513576077263155,54.592942357665954,0.0,Technology
2025-03-31,AKAM,2025,Q1,USD,0.587302822569126,0.17744663538687805,0.3488734055139247,0.1522776683784191,0.17079729968014232,0.12133412271619945,0.12133412271619945,0.12133412271619945,1.336697663272051,2.686974480011801,0.0,0.32879283478754306,0.10169501882853361,1.177751968853411,1.177751968853411,0.055059916122430795,0.5440169717370789,24.353715566164112,-2.26489554765326,-2.26489554765326,2.6171940999367225,11.819746852401494,89.92899328456649,47.76546974522293,0.4627016716772572,1.0074630918860061,0.5018588366371893,0.34342258390029723,2.1773491507692886,2.4020818347026087,0.12457048720846564,0.2474537969677059,0.5311464968152866,0.26281029752419127,22.901185185185184,0.21848018849134734,0.05438670331706928,2.13286238282842,2.13286238282842,0.0,0.0,0.0,6.810636556369589,0.8263626117059818,31.032968360035422,8.864221882296112,30.75813139038725,4.873701795346591,30.75813139038725,1.685317875640716,0.7901671899739688,0.8951506856667472,0.7103983666218718,1.1216175129218608,2.6171940999367225,0.295675209768803,0.28960163337812816,43.82385113862574,0.0,Technology
