date,symbol,fiscalYear,period,reportedCurrency,grossProfitMargin,ebitMargin,ebitdaMargin,operatingProfitMargin,pretaxProfitMargin,continuousOperationsProfitMargin,netProfitMargin,bottomLineProfitMargin,receivablesTurnover,payablesTurnover,inventoryTurnover,fixedAssetTurnover,assetTurnover,currentRatio,quickRatio,solvencyRatio,cashRatio,priceToEarningsRatio,priceToEarningsGrowthRatio,forwardPriceToEarningsGrowthRatio,priceToBookRatio,priceToSalesRatio,priceToFreeCashFlowRatio,priceToOperatingCashFlowRatio,debtToAssetsRatio,debtToEquityRatio,debtToCapitalRatio,longTermDebtToCapitalRatio,financialLeverageRatio,workingCapitalTurnoverRatio,operatingCashFlowRatio,operatingCashFlowSalesRatio,freeCashFlowOperatingCashFlowRatio,debtServiceCoverageRatio,interestCoverageRatio,shortTermOperatingCashFlowCoverageRatio,operatingCashFlowCoverageRatio,capitalExpenditureCoverageRatio,dividendPaidAndCapexCoverageRatio,dividendPayoutRatio,dividendYield,dividendYieldPercentage,revenuePerShare,netIncomePerShare,interestDebtPerShare,cashPerShare,bookValuePerShare,tangibleBookValuePerShare,shareholdersEquityPerShare,operatingCashFlowPerShare,capexPerShare,freeCashFlowPerShare,netIncomePerEBT,ebtPerEbit,priceToFairValue,debtToMarketCap,effectiveTaxRate,enterpriseValueMultiple,dividendPerShare,sector
1985-09-30,DAL,1985,Q3,USD,0.0,1.0,1.0,1.0,0.0,0.026264245014245013,0.026264245014245013,0.026264245014245013,0.0,0.0,0.0,0.0,0.0,0.0,0.0,0.0,0.0,15.398648700847456,0.0,0.0,0.0,1.6177355294693732,0.0,0.0,0.0,0.0,0.0,0.0,0.0,0.0,0.0,,0.0,0.0,0.0,0.0,0.0,0.0,0.0,,,,14.08759317258443,0.3699999987457627,,,,,,,,,0.0,0.0,0.0,,0.0,,,Industrials
1985-12-31,DAL,1985,Q4,USD,0.0,1.0,1.0,1.0,0.0,0.0016965800517903383,0.0016965800517903383,0.0016965800517903383,0.0,0.0,0.0,0.0,0.0,0.0,0.0,0.0,0.0,189.91666566710526,-2.0667401852008513,-2.0667401852008513,0.0,1.2888353058933832,0.0,0.0,0.0,0.0,0.0,0.0,0.0,0.0,0.0,,0.0,0.0,0.0,0.0,0.0,0.0,0.0,,,,17.68263167201385,0.030000000157894738,,,,,,,,,0.0,0.0,0.0,,0.0,,,Industrials
1986-03-31,DAL,1986,Q1,USD,0.0,1.0,1.0,1.0,0.0,-0.005766804829699045,-0.005766804829699045,-0.005766804829699045,0.0,0.0,0.0,0.0,0.0,0.0,0.0,0.0,0.0,-71.21875,0.19423295454545453,0.19423295454545453,0.0,1.6428185258605155,0.0,0.0,0.0,0.0,0.0,0.0,0.0,0.0,0.0,,0.0,0.0,0.0,0.0,0.0,0.0,0.0,,,,13.8725,-0.08,,,,,,,,,0.0,0.0,0.0,,0.0,,,Industrials
1986-06-30,DAL,1986,Q2,USD,0.0,-3.34042761867399,-3.34042761867399,-3.34042761867399,0.0,0.02177324440957238,0.02177324440957238,0.02177324440957238,2.3939891993425686,0.0,0.0,0.32528313925665975,0.26934354774798575,0.7813672922252011,0.7337801608579089,0.008938637461749074,0.082171581769437,20.531531531531527,-0.04562562562562562,-0.04562562562562562,1.4004147784007988,1.788152216555512,0.0,0.0,0.2455686170915335,0.7140333358936938,0.4165807752632758,0.40018428933425476,2.9076734004147786,0.0,,,0.0,-55.834426229508196,0.0,,,0.0,0.0,,,,12.745,0.2775,11.62,0.76625,16.27375,16.27375,16.27375,,,,0.0,0.0,1.4004147784007988,0.5098727512066696,0.0,-0.7902463372383217,,Industrials
1986-09-30,DAL,1986,Q3,USD,0.0,1.0,1.0,1.0,0.0,0.04809000998094547,0.04809000998094547,0.04809000998094547,0.0,0.0,0.0,0.0,0.0,0.0,0.0,0.0,0.0,8.632575725,0.06360845271052631,0.06360845271052631,0.0,1.6605626111060703,0.0,0.0,0.0,0.0,0.0,0.0,0.0,0.0,0.0,,0.0,0.0,0.0,0.0,0.0,0.0,0.0,,,,13.724264202733073,0.660000002490566,,,,,,,,,0.0,0.0,0.0,,0.0,,,Industrials
1986-12-31,DAL,1986,Q4,USD,0.0,1.0,1.0,1.0,0.0,0.10479291917167669,0.10479291917167669,0.10479291917167669,0.0,0.0,0.0,0.0,0.0,0.0,0.0,0.0,0.0,3.773178817868526,0.029297623762273267,0.029297623762273267,0.0,1.581609691524716,0.0,0.0,0.0,0.0,0.0,0.0,0.0,0.0,0.0,,0.0,0.0,0.0,0.0,0.0,0.0,0.0,,,,14.409370480039106,1.509999996029482,,,,,,,,,0.0,0.0,0.0,,0.0,,,Industrials
1987-03-31,DAL,1987,Q1,USD,0.0,1.0,1.0,1.0,0.0,0.018170555440842454,0.018170555440842454,0.018170555440842454,0.0,0.0,0.0,0.0,0.0,0.0,0.0,0.0,0.0,21.101851899810605,-0.2569660997476937,-0.2569660997476937,0.0,1.533729479399821,0.0,0.0,0.0,0.0,0.0,0.0,0.0,0.0,0.0,,0.0,0.0,0.0,0.0,0.0,0.0,0.0,,,,14.859204511683625,0.26999999938636365,,,,,,,,,0.0,0.0,0.0,,0.0,,,Industrials
1987-06-30,DAL,1987,Q2,USD,0.0,-2.1372749329587535,-2.1372749329587535,-2.1372749329587535,0.0,0.037543097944068446,0.037543097944068446,0.037543097944068446,2.50151732950008,0.0,0.0,0.42630447208688316,0.29316412099430966,0.9987299974599949,0.9629159258318517,0.01727125862828609,0.3216493099652866,9.407969744047618,0.07697429790584417,0.07697429790584417,1.14183109747665,1.412817318222449,0.0,0.0,0.19946091644204852,0.5498735744878477,0.3547860829032795,0.3444846598789027,2.756798596418804,0.0,,,0.0,-70.91949152542372,0.0,,,0.0,0.0,,,,16.130889468904215,0.6056035632560132,10.975019676966115,3.912734586410874,19.959169136629725,16.129859530871464,19.959169136629725,,,,0.0,0.0,1.14183109747665,0.4815717278177322,0.0,-0.8658823217422477,,Industrials
1987-09-30,DAL,1987,Q3,USD,0.0,1.0,1.0,1.0,0.0,0.03685917425470874,0.03685917425470874,0.03685917425470874,0.0,0.0,0.0,0.0,0.0,0.0,0.0,0.0,0.0,9.340163943908628,5.604098366345196,5.604098366345196,0.0,1.3770829215043034,0.0,0.0,0.0,0.0,0.0,0.0,0.0,0.0,0.0,,0.0,0.0,0.0,0.0,0.0,0.0,0.0,,,,16.54947544851153,0.6099999993807107,,,,,,,,,0.0,0.0,0.0,,0.0,,,Industrials
1987-12-31,DAL,1987,Q4,USD,0.0,1.0,1.0,1.0,0.0,0.05305852661939671,0.05305852661939671,0.05305852661939671,0.0,0.0,0.0,0.0,0.0,0.0,0.0,0.0,0.0,6.260989008861834,0.12730677651352393,0.12730677651352393,0.0,1.3287954079617834,0.0,0.0,0.0,0.0,0.0,0.0,0.0,0.0,0.0,,0.0,0.0,0.0,0.0,0.0,0.0,0.0,,,,17.15087203300709,0.9100000003091733,,,,,,,,,0.0,0.0,0.0,,0.0,,,Industrials
1988-03-31,DAL,1988,Q1,USD,0.0,1.0,1.0,1.0,0.0,0.033404787424080026,0.033404787424080026,0.033404787424080026,0.0,0.0,0.0,0.0,0.0,0.0,0.0,0.0,0.0,9.823275869073083,-0.2708842739653486,-0.2708842739653486,0.0,1.3125777688579254,0.0,0.0,0.0,0.0,0.0,0.0,0.0,0.0,0.0,,0.0,0.0,0.0,0.0,0.0,0.0,0.0,,,,17.362780736283224,0.5799999995864528,,,,,,,,,0.0,0.0,0.0,,0.0,,,Industrials
1988-06-30,DAL,1988,Q2,USD,0.0,-2.2606685633001424,-2.2606685633001424,-2.2606685633001424,0.0,0.05247917090022353,0.05247917090022353,0.05247917090022353,3.0541505042668735,0.0,0.0,0.5519600695418092,0.34242571846078906,1.1862921186866873,1.1486457360442561,0.029184088597581648,0.5911344205761908,5.334809063455953,0.06314671952662147,0.06314671952662147,0.9979822098062296,1.1198654262446657,0.0,0.0,0.1332370746642544,0.34674936617167695,0.25747134164789726,0.24827281080897118,2.602499094530967,0.0,,,0.0,-122.25,0.0,,,0.0,0.0,,,,20.350659522031616,1.0679857389889584,7.9183957162792185,8.506666660601308,22.83607841509014,19.462566831042732,22.83607841509014,,,,0.0,0.0,0.9979822098062296,0.3474504482790355,0.0,-0.4825823288208724,,Industrials
1988-09-30,DAL,1988,Q3,USD,0.0,1.0,1.0,1.0,0.0,0.05314625850340136,0.05314625850340136,0.05314625850340136,0.0,0.0,0.0,0.0,0.0,0.0,0.0,0.0,0.0,5.585784331599999,-1.1953578469623996,-1.1953578469623996,0.0,1.1874541521258504,0.0,0.0,0.0,0.0,0.0,0.0,0.0,0.0,0.0,,0.0,0.0,0.0,0.0,0.0,0.0,0.0,,,,19.192319938584575,1.019999996736,,,,,,,,,0.0,0.0,0.0,,0.0,,,Industrials
1988-12-31,DAL,1988,Q4,USD,0.0,1.0,1.0,1.0,0.0,0.045853290996178894,0.045853290996178894,0.045853290996178894,0.0,0.0,0.0,0.0,0.0,0.0,0.0,0.0,0.0,6.5488505424295775,-0.4453218368852112,-0.4453218368852112,0.0,1.2011453984500298,0.0,0.0,0.0,0.0,0.0,0.0,0.0,0.0,0.0,,0.0,0.0,0.0,0.0,0.0,0.0,0.0,,,,18.973556431559786,0.8700000042887324,,,,,,,,,0.0,0.0,0.0,,0.0,,,Industrials
1989-03-31,DAL,1989,Q1,USD,0.0,1.0,1.0,1.0,0.0,0.04170551003385506,0.04170551003385506,0.04170551003385506,0.0,0.0,0.0,0.0,0.0,0.0,0.0,0.0,0.0,6.548850546205882,0.0,0.0,0.0,1.0924926086600266,0.0,0.0,0.0,0.0,0.0,0.0,0.0,0.0,0.0,,0.0,0.0,0.0,0.0,0.0,0.0,0.0,,,,20.86055303198123,0.8700000037870589,,,,,,,,,0.0,0.0,0.0,,0.0,,,Industrials
1989-06-30,DAL,1989,Q2,USD,0.0,-2.205952329454514,-2.205952329454514,-2.205952329454514,0.0,0.08253666133148765,0.08253666133148765,0.08253666133148765,3.0732517947354427,0.0,0.0,0.5162464548114072,0.3565237507711289,0.8365760962051165,0.8042430086788814,0.049375048521077554,0.30047081513415397,2.917464865972222,0.023501800309220684,0.023501800309220684,0.8499481565484597,0.9631912383570532,0.0,0.0,0.11102714373843306,0.27480245829675154,0.21556473829201103,0.21157492400758418,2.4750925678512807,0.0,,,0.0,-301.7455621301775,0.0,,,0.0,0.0,,,,23.66092951475934,1.952894126147892,7.368388267368278,5.421635317717707,26.813400116717155,23.559600102553553,26.813400116717155,,,,0.0,0.0,0.8499481565484597,0.32331672959053437,0.0,-0.47393061784684776,,Industrials
1989-09-30,DAL,1989,Q3,USD,0.424772246250115,0.0876966964203552,0.03625655654734517,0.0876966964203552,0.09473635778043618,0.06124045274684826,0.06124045274684826,0.05811171436459004,2.881728984354283,1.3218439416367096,20.0032,0.46173783726364986,0.32640494998948727,0.7963847792297507,0.7604052731564102,0.005541103017689906,0.251798975303667,4.257022135631104,-0.13608513384394513,-0.13608513384394513,0.8052435816847865,1.0428078517576147,-19.863615994829097,9.607624353582025,0.10904694680563481,0.2579762666098202,0.2050724433021719,0.1996473967071402,2.3657358061536273,-6.772826425677781,0.13580104772321686,0.10853961534922242,-0.4836795252225519,0.25,0.0,9.829166666666667,0.32488637928659964,0.674,0.6470104223806912,0.10969196093163035,0.0064418246744310445,0.6441824674431045,21.85445761804371,1.3383768790658037,7.301243064535537,4.398242275757945,28.301995220275064,25.12749799472229,28.301995220275064,2.372074423528348,3.5193982544930975,-1.1473238309647498,0.6464303059737737,1.0802728226652676,0.8052435816847865,0.32037047233591653,0.35356969402622634,32.425616561040606,0.1468091843302835,Industrials
1989-12-31,DAL,1989,Q4,USD,0.37723323245143026,0.034462559796934494,-0.020941130528165576,0.034462559796934494,0.04788636141755345,0.0313384750561359,0.0313384750561359,0.029093039148686908,3.3810859877867636,1.4046020037432567,19.903276131045242,0.41525956256461194,0.312591552734375,0.5755470423998441,0.5339263684176352,-0.013500561382369856,0.04707486526848906,9.279417434423676,-0.17033451180996884,-0.17033451180996884,0.8211704046176642,1.1632111672166356,-11.130099940028023,19.140195961124498,0.1146240234375,0.25886488162927734,0.20563357148723002,0.1926383440447375,2.25838243909163,-4.0671034345840775,0.0808389065645088,0.060773210973347654,-1.7196787148594377,-1.3061224489795917,0.0,2.11734693877551,0.16573482428115016,0.367690490253987,0.3167133045026711,0.8489096573208723,0.022870769186751114,2.2870769186751114,19.592315344197175,0.6139932857060718,7.1842952682617005,0.693372479964022,27.753070339415107,24.7538757226328,27.753070339415107,1.1906879138692514,3.2382885753905906,-2.047600661521339,0.654434250764526,1.3895184135977336,0.8211704046176642,0.3152389323502282,0.345565749235474,-71.36723536503496,0.5212248297660579,Industrials
1990-03-31,DAL,1990,Q1,USD,0.3629503867194869,0.02268439916996793,-0.0313148462554235,0.02268439916996793,0.02244859460479155,0.014761365780041502,0.014761365780041502,0.011224297302395774,2.698053187428426,1.520144046815215,20.4357034795764,0.41152838427947597,0.3015272603168283,0.5815713331849544,0.5447918985087915,-0.01929454326198372,0.023870465168039173,18.051184831709264,-0.37969733611526385,-0.37969733611526385,0.83085487332451,1.0658405682559893,-7.806591851226251,21.3611374379017,0.18044139813998464,0.46649020256608215,0.31809977437954373,0.29649553860080174,2.5852726002720487,-3.016859927438287,0.058869352325840195,0.04989624599132239,-2.7362948960302456,-0.6751020408163265,0.0,0.8636734693877551,0.08337930490976436,0.2676448267138882,0.2578601023641238,0.4792332268370607,0.006637143646039579,0.6637143646039579,21.38218480207669,0.31563025103989834,12.79563020909032,0.4326050405626721,27.429579739732507,24.288403279702845,27.429579739732507,1.0668907527163336,3.9862184739959043,-2.9193277212795707,0.657563025210084,0.9896049896049897,0.83085487332451,0.5614581048306415,0.34243697478991597,-52.50012561641566,0.151260503693242,Industrials
1990-06-30,DAL,1990,Q2,USD,0.3980088396803429,0.04924326978882986,-0.004062681369704005,0.04924326978882986,0.05187731595160498,0.0330818340104469,0.0330818340104469,0.0322782267065494,3.084836799338934,1.433095971941758,19.742313323572475,0.4148808090536961,0.3099349660993497,0.5554949252428244,0.5182254720069847,-0.009829022739107794,0.037378587798755865,7.624859449831309,0.05674314009176788,0.05674314009176788,0.8631916358299594,1.0089773386892271,-8.432866943768657,6.694337502754738,0.19656842396568425,0.5425865098159041,0.35173814004159654,0.334367214115015,2.7602933312963103,-2.859568492276267,0.18421914220233548,0.1507210143309969,-0.7938388625592417,-0.4857685009487666,0.0,3.20303605313093,0.2376460650429396,0.5574636723910171,0.5315698315225948,0.398110661268556,0.013053049170544506,1.3053049170544506,22.58722681483285,0.7472268882446155,14.325378103107973,0.6907563001991385,26.402016717976416,23.28201672846381,26.402016717976416,3.4043697364559002,6.106890735775157,-2.702520999319257,0.6376936316695353,1.0534904805077063,0.8631916358299594,0.628581750904255,0.3623063683304647,-396.9349825197802,0.2974789905967093,Industrials
1990-09-30,DAL,1990,Q3,USD,0.609695603156708,-0.033190529875986474,-0.08428410372040586,-0.033190529875986474,-0.035084554678692224,-0.023269447576099212,-0.023269447576099212,-0.025388951521984216,2.9733172432287476,0.8113048368953881,10.580684596577017,0.40531895448729666,0.3063522325375774,0.4745436628970954,0.43615972971704753,-0.03337853976479161,0.015250340199896767,-9.713216145833334,0.05436501574160448,0.05436501574160448,0.8723762292763587,0.9040846956031567,-6.601276959170233,12.79392350031908,0.21684350132625996,0.68299899917323,0.4058225818962174,0.36268338001608474,3.1497323876245593,-2.2927005789909014,0.07353010182534842,0.0706651634723788,-1.9380982769623485,-0.6138273491214667,0.0,0.5985485103132162,0.09983435270132518,0.3403562119895743,0.33059071729957806,-0.26356589147286824,0.006783692638867348,0.6783692638867348,25.207815275310836,-0.5865719360568383,17.842699822380105,0.369449378330373,26.12404973357016,22.63190053285968,26.12404973357016,1.7813143872113677,5.2336767317939605,-3.452362344582593,0.6632390745501285,1.0570652173913044,0.8723762292763587,0.7829179386739845,0.33676092544987146,-18.95081761637239,0.15460035523978685,Industrials
1990-12-31,DAL,1990,Q4,USD,0.5036390101892285,-0.14645255200262947,-0.19937080339953983,-0.14645255200262947,-0.15377752735127012,-0.09757242804150819,-0.09757242804150819,-0.0997793116401371,3.8303956834532373,1.063587886105242,12.277584204413472,0.3756482167425124,0.2906765665306345,0.37606036062918285,0.3393580289014877,-0.06109649624461474,0.025192889722494564,-2.3212611651227144,-0.0073631402549591465,-0.0073631402549591465,0.9272104764524964,0.9059643519979339,-3.4276643816841355,-13.587551270774647,0.28531262369142996,1.0045653323081358,0.5011387337280944,0.4178975047555108,3.520928444423086,-1.6486936326688602,-0.06053113943475851,-0.06667605766070339,3.9640845070422537,-0.5111483654652137,0.0,-0.23805532271584243,-0.06792958285495598,-0.3373722974578285,-0.31654034774855105,-0.1333012512030799,0.01435655466152953,1.4356554661529528,25.155515169819807,-2.4544846937543108,24.691312819172335,0.6980752906683338,24.579101055020914,20.975331661063066,24.579101055020914,-1.6772705799476042,4.971571740140469,-6.6488423200880735,0.6345038167938931,1.0500160307790958,0.9272104764524964,1.0834275041321781,0.3654961832061069,-9.328149506476683,0.327185880736258,Industrials
1991-03-31,DAL,1991,Q1,USD,0.5882225025007611,-0.050058713521506544,-0.10046535902231114,-0.050058713521506544,-0.057191319097116514,-0.036576349323707215,-0.036576349323707215,-0.03857695820467099,2.749043519846963,0.8839510783306881,14.047477744807122,0.39700600870225844,0.29539936020144664,0.43638710657200347,0.41079767644937165,-0.03470113646221914,0.017768328334409052,-5.722985642390012,0.09669872292314158,0.09669872292314158,0.9529810761805761,0.837303688122472,-2.420737294228593,-15.8584215,0.3076172000462505,1.1852291852291852,0.5423820957731165,0.4594782608695652,3.852935352935353,-1.5597991995115663,-0.04609134743156536,-0.052798677858478665,6.551070840197694,-0.2711564023039433,0.0,-0.17929404814650715,-0.050701637153357834,-0.18014542216946133,-0.17681328284299447,-0.15101070154577884,0.0065966748381843885,0.6596674838184389,27.218320333812404,-0.9955467925340856,28.344081332266523,0.5540022579143307,23.914430799968606,20.327621309625826,23.914430799968606,-1.4370913271538406,7.977395760864689,-9.414487088018529,0.6395437262357414,1.1424847958297133,0.9529810761805761,1.2437069474447795,0.36045627376425854,-18.497023247186146,0.1503382195622222,Industrials
1991-06-30,DAL,1991,Q2,USD,0.6256883641694069,0.02004674933639713,-0.029079671962283588,0.02004674933639713,0.014539835981141794,0.0076066716849570145,0.0076066716849570145,0.005744621845410245,3.267020450427129,1.3530001432049263,13.439544807965861,0.4474799227046289,0.3001058175894991,0.8778937601484574,0.845279517513338,-0.017748873759441793,0.3543029459522153,25.06786940234375,-0.20380381627921748,-0.20380381627921748,0.7682105143849008,0.7627322095400341,-12.115873946507236,4.472038025783973,0.2541524486665795,0.852958780575396,0.460322587591791,0.4509825399259535,3.356091137624197,-2.888482004920753,0.19972164231036882,0.17055584168614557,-0.36910569105691055,-1.150632911392405,0.0,5.449367088607595,0.2013940868263473,0.7304038004750594,0.6952519379844961,1.5520833333333333,0.015478811825031084,1.5478811825031082,29.879425196614573,0.22728297760587923,25.30417150678789,9.04041718737552,29.66634740510906,26.104396990441924,29.66634740510906,5.096110513506823,6.977113906297147,-1.8810033927903236,0.5231607629427792,0.7252964426877471,0.7682105143849008,1.1103190656773976,0.4768392370572207,-44.947035014986376,0.3527621214924584,Industrials
1991-09-30,DAL,1991,Q3,USD,0.6318305479984454,0.010376991838321026,-0.03839875631558492,0.010376991838321026,0.008705790905557715,0.005091333074232414,0.005091333074232414,0.003303536727555383,3.144323597702554,0.9647621957429473,11.510328068043743,0.4509762680968907,0.30374217919962226,0.757478033277248,0.7190128996074032,-0.01889456697149005,0.20779584969153111,41.076123640458015,-1.0497231597005938,-1.0497231597005938,0.8533775587820157,0.8365289074076953,-6.428879566188769,17.219111030079997,0.24553181442568764,0.824637221473317,0.45194585080724015,0.4481687305824181,3.358575846483229,-6.579721263265567,0.058422134978500656,0.04858142246404975,-2.6784,-3.4317460317460315,0.0,3.9682539682539684,0.06009904322323189,0.27185732927359724,0.2633796881584492,1.1297709923664123,0.006876080872767909,0.6876080872767909,27.24352953996955,0.13870588300567474,22.02247069187045,4.707529433917785,26.705647184497163,23.5429412872609,26.705647184497163,1.3235294179930797,4.868470611145744,-3.5449411931526646,0.5848214285714286,0.8389513108614233,0.8533775587820157,0.9663216626533766,0.41517857142857145,-38.336931971255055,0.15670588309038064,Industrials
1991-12-31,DAL,1991,Q4,USD,0.5647301006404392,-0.09027142421469961,-0.14276456236657517,-0.09027142421469961,-0.11184812442817932,-0.07151570600792925,-0.07151570600792925,-0.07326928941750534,3.888526534242514,1.052738336713996,12.492341356673961,0.40491479377624107,0.2888159778037126,0.4815210932857992,0.44531590413943356,-0.04815620790217762,0.04373143196672608,-2.9934380428704688,0.0020543202254993415,0.0020543202254993415,0.9651024306638023,0.8563113401075022,-2.997032564869913,295.56261939078945,0.31803668553057496,1.2410741138560688,0.55378539521865,0.5172664108679872,3.902298603651987,-2.870335922967502,0.003010497128144187,0.0028972247636474533,-98.61842105263158,-0.6809427268119614,0.0,0.01926001013684744,0.002631032334002631,0.010038304054946507,0.009658152242978777,-0.15884861407249468,0.013266402360558921,1.326640236055892,26.61415180737758,-1.903329856306814,29.306815687248733,1.1200832416645643,23.61407377694088,20.604864633121046,23.61407377694088,0.07710717967980696,7.681295491523928,-7.60418831184412,0.6394001363326517,1.2390202702702702,0.9651024306638023,1.2859506663996811,0.3605998636673483,-13.416491074419225,0.3023413097971378,Industrials
1992-03-31,DAL,1992,Q1,USD,0.5893910324735309,-0.07080935123996306,-0.12371207276344774,-0.07080935123996306,-0.08356427201023237,-0.05386200525829603,-0.05386200525829603,-0.05549634051019683,3.0421530479896237,0.9936376923738286,13.957729468599034,0.4101839167565362,0.2893565399759435,0.4595674292312974,0.43372553915296025,-0.039708758391035465,0.01694703660934428,-3.715429910306728,0.1907923467454807,0.1907923467454807,1.0433140530724705,0.8004820214630853,-3.7942686049343215,212.55063185,0.3434117054414985,1.546839546191248,0.6073564973908616,0.5402482382746802,4.504329705950451,-1.8514060187469166,0.003308261290221903,0.003766076884814894,-56.0188679245283,-0.3295964125560538,0.0,0.013203786746387643,0.003173272661956652,0.01753805426869623,0.017116098821249797,-0.09828496042216359,0.0066132966301906135,0.6613296630190614,28.47034585279686,-1.5334699180288511,33.78893742865154,0.5492573650987244,21.843854142370077,18.86491686757129,21.843854142370077,0.10722151141890383,6.113649198262781,-6.006427686843877,0.6445578231292517,1.1801304565980932,1.0433140530724705,1.4826212123146794,0.3554421768707483,-15.907916994859278,0.15071703020204408,Industrials
1992-06-30,DAL,1992,Q2,USD,0.5679405520169851,-0.09394904458598727,-0.1521585279547063,-0.09394904458598727,-0.09907997169143666,-0.06372965322009908,-0.06372965322009908,-0.0653927813163482,2.5909966076831394,1.2762621511445593,13.796610169491526,0.39840412783894663,0.2781058101086443,0.479394828948854,0.45441458733205375,-0.042042335143048865,0.0142260359038049,-3.1274801465991113,-0.16500153876884965,-0.16500153876884965,1.146525213785558,0.7972529007820242,-3.4481737031068262,357.6248726365079,0.35969729176507637,1.860007124319373,0.6503505213337604,0.5904079037872314,5.171034552948959,-1.580536912751678,0.0017782544879756126,0.0022292993630573248,-103.71428571428571,-0.4013373860182371,0.0,0.007659574468085106,0.001723619052830292,0.009549795361527967,0.009135730858468678,-0.1660188784008884,0.013270977801523445,1.3270977801523445,28.585659553756816,-1.821754170428734,36.972202489361834,0.5098079410861088,19.877452083895086,16.83984643492369,19.877452083895086,0.0637259926357636,6.673021800287817,-6.609295807652053,0.6432142857142857,1.054613935969868,1.146525213785558,1.6222993632892422,0.35678571428571426,-13.622643482813954,0.3024455840967193,Industrials
1992-09-30,DAL,1992,Q3,USD,0.5839425587467363,-0.05303524804177546,-0.11024804177545693,-0.05303524804177546,-0.05362271540469974,-0.03482375979112272,-0.03482375979112272,-0.0429177545691906,2.8260468548238333,1.049390846229832,13.390756302521009,0.4341173136865968,0.30317422623288215,0.5629696123412461,0.5313185717135448,-0.03929054101124378,0.009774586076201875,-5.319511296813495,0.12908680746934081,0.12908680746934081,0.7751075147587996,0.7409815344255875,-7.530240203913764,-202.71137691785714,0.2667121823794823,0.9202485405073231,0.4792340788678306,0.44210807001504676,3.4503431088047525,-1.9399157934724114,-0.003723651838553095,-0.0036553524804177544,26.919642857142858,-0.7485973817793214,0.0,-0.029922522041143467,-0.004155073270265257,-0.038580778504994834,-0.03515379786566227,-0.26522961574507964,0.012464942780738055,1.2464942780738055,30.756501938563044,-1.0710570355237197,27.05749052721824,0.2951178710815122,29.402372659348895,26.410038054947574,29.402372659348895,-0.1124258556500999,2.914038026359286,-3.0264638820093857,0.6494217894096166,1.011076923076923,0.7751075147587996,1.187252765564644,0.35057821059038347,-14.613580288573118,0.2840760459730203,Industrials
1992-12-31,DAL,1992,Q4,USD,0.5778396242824839,-0.06780309619064186,-0.1287180379196382,-0.06780309619064186,-0.06752478691946426,-0.043938076187162986,-0.043938076187162986,-0.05256566359366847,3.621645457981605,0.9728234728234728,13.528428093645484,0.39459414938158055,0.28303744621353105,0.48900848010437054,0.4597521200260926,-0.04087555603775632,0.10130463144161775,-4.484374360748219,-0.23991402830002964,-0.23991402830002964,0.814256524116738,0.788139129257262,-6.896517281735159,10.283730944394007,0.30947528037889305,1.1296409445422853,0.5304372774374293,0.47234970604968707,3.6501815045106567,-1.9953491600721922,0.0718525766470972,0.07663941555053053,-1.4911484339536996,-0.46328376513873987,0.0,0.33772803924574585,0.07009226853324849,0.4014212827988338,0.36790247160988643,-0.39588281868566905,0.02207012544218186,2.207012544218186,28.916214350982887,-1.2705228291978217,31.61720706388562,3.12450032263534,27.9887226261053,25.012097882165193,27.9887226261053,2.216121767793192,5.520688271288714,-3.304566503495522,0.6506955177743431,0.995895330938943,0.814256524116738,1.3873280852955516,0.34930448222565685,-13.77812412716216,0.5029781588273246,Industrials
1993-03-31,DAL,1993,Q1,USD,0.621198660561744,-0.061026447071687286,-0.14047017016332947,-0.061026447071687286,-0.0704913551561539,-0.04575275063213285,-0.04575275063213285,-0.054226747761908015,3.0825784706130186,0.7728128267689091,12.583427922814982,0.40730380081555395,0.2889527363920895,0.5844948057229472,0.551924285555843,-0.048874838262168686,0.06606528892010795,-4.247012706478715,-0.7705294481754223,-0.7705294481754223,0.8643790870915032,0.7772500531640812,-13.357017061597181,28.866751339974616,0.29842125529457064,1.1485408116735065,0.5345678357298244,0.5318020887078122,3.848723210214318,-2.1754255556381477,0.029132315427557395,0.026925442492995284,-2.1611675126903553,-10.140718562874252,0.0,2.3592814371257487,0.02607113316790736,0.31633881975110395,0.29002576370997424,-0.16878267363704258,0.00993537606913494,0.9935376069134941,29.32132317936159,-1.3415311876295075,30.282136031442764,1.7903780674338534,26.365746627078504,23.422192759075898,26.365746627078504,0.7894896010844301,2.495708878554969,-1.7062192774705387,0.649054774600097,1.1550951847704367,0.8643790870915032,1.3287466446442635,0.350945225399903,-12.450741925541232,0.2264272206155853,Industrials
1993-06-30,DAL,1993,Q2,USD,0.596167970621108,0.013731438607695993,-0.015775187609771674,0.013731438607695993,-0.027622545106179147,-0.015232316781095321,-0.20271435414338176,-0.2142423758582149,3.055420040979608,1.0520798668885192,13.958057395143488,0.43854243981682467,0.26379412012467357,0.9492397739504844,0.91876345532831,-0.07363603224107902,0.39706673842841766,-0.895833335534814,-0.0023912682661686273,-0.0023912682661686273,1.1399719382529818,0.726393104132205,35.486739556786276,5.847557854987146,0.3170668014489091,1.8862884634659718,0.6535342836803084,0.6506713818035399,5.949183121178711,-4.9129275180420455,0.13085306781485467,0.12422161903241258,0.1647814910025707,-0.2245762711864407,0.0,8.241525423728813,0.1033502484125508,1.1972914742997844,1.0731034482758621,-0.05923125393824827,0.016529652221215652,1.6529652221215654,31.374196520252447,-6.359999984370511,37.71015113606201,11.826313770559153,19.99172017771411,17.070207897559037,19.99172017771411,3.897353487586844,3.255141768938215,0.642211718648629,7.338728323699422,-2.011627906976744,1.1399719382529818,1.6546797339211061,0.4485549132947977,-98.34412966781377,0.3767107741215047,Industrials
1993-09-30,DAL,1993,Q3,USD,0.6254736319026026,0.03773526305981738,-0.009099944095906578,0.03773526305981738,0.02450462761662215,0.018758929126032674,0.018758929126032674,0.01018696813466675,3.2249599358974357,0.8115620162864258,14.304863582443653,0.45390850778882075,0.2745067948914693,0.9009646725710335,0.8732097586672374,-0.00933922889375594,0.3806341158265565,9.37577760682947,-0.08555228921009388,-0.08555228921009388,1.105077505029759,0.7035181905118331,-42.10386375111524,7.056660030560747,0.3013623885279724,1.7244609230168797,0.6329549117215199,0.6283092768550084,5.722216801639184,-14.256364843922958,0.10568597109274684,0.09969563326914715,-0.167601246105919,-0.6848137535816619,0.0,4.598853868194842,0.09081136132171551,0.8564567769477054,0.8077503774534474,0.3741721854304636,0.009977097397177767,0.9977097397177765,32.39432939668484,0.6076829292377677,35.563536726318894,11.631493948539458,20.6229878866155,17.711341533612025,20.6229878866155,3.229573183531845,3.770853673482042,-0.5412804899501971,0.7655259822560203,0.6493827160493827,1.105077505029759,1.5604886672364588,0.23447401774397972,-158.49446654641636,0.2273780496816813,Industrials
1993-12-31,DAL,1993,Q4,USD,0.7022357723577236,0.7560975609756098,0.7029132791327913,0.7560975609756098,-0.07621951219512195,-0.047764227642276426,-0.047764227642276426,-0.05724932249322493,3.071480595151389,0.6889794638658097,10.919254658385093,0.4218468661579354,0.2544761773402412,0.9001853600531599,0.8720316161298219,-0.030684322164789224,0.38345049487636834,-4.064832400744681,0.01233605852962316,0.01233605852962316,1.2139610664654488,0.7766143204674797,-3.953380710501811,-96.3262804210084,0.306336905080041,1.8817050569234843,0.6529832233880304,0.6390757587340418,6.142599947047922,-10.07164790174002,-0.008323715594725983,-0.008062330623306233,24.365546218487395,10.295660467334287,0.0,-0.11349546971864569,-0.0066974335884736605,-0.04279805790325481,-0.04008758632305878,-0.26666666666666666,0.016400840205478898,1.64008402054789,29.345325471569538,-1.4016568060607402,35.32572784409536,10.899124270673727,18.77325445564332,13.198437882318048,18.77325445564332,-0.23659171620032352,5.528094679789912,-5.7646863959902355,0.6266666666666667,-0.10080645161290322,1.2139610664654488,1.5500538764412182,0.37333333333333335,2.2890436019373497,0.37377514828286407,Industrials
1994-03-31,DAL,1994,Q1,USD,0.702223766504517,0.7821403752605977,0.7285267546907574,0.7821403752605977,-0.042738012508686585,-0.027102154273801252,-0.027102154273801252,-0.03648366921473245,3.4737477368738685,0.5677376614773104,12.070422535211268,0.41841734149426457,0.2458316249829165,0.912091902419701,0.8886541445218368,-0.023413798316786777,0.4666094477271977,-7.304487179487179,0.16494003308519437,0.16494003308519437,1.27625021000168,0.7918693537178596,4.5489021956087825,3.9614114375108636,0.29017186005193385,1.902391219129753,0.6554565099945975,0.6523440542013862,6.556084448675589,-10.43320645278231,0.1899118608259334,0.19989576094510075,0.8708499913088823,46.1573275862069,0.0,12.398706896551724,0.16935032822112978,7.742934051144011,5.937048503611971,-0.28974358974358977,0.009916630100921458,0.9916630100921457,28.78,-0.78,33.971,14.135,17.857,12.431,17.857,5.753,0.743,5.01,0.6341463414634146,-0.054642381163927146,1.27625021000168,1.490609916630101,0.36585365853658536,2.033004244765584,0.226,Industrials
1994-06-30,DAL,1994,Q2,USD,1.9462477196955401,-1.0889790526514436,-0.7303893816443354,-1.0889790526514436,-0.12275901113417625,-0.07875699817575643,-0.07875699817575643,-0.0873435239353337,3.588487584650113,-1.938466494845361,-5.3723214285714285,0.4815084052703317,0.26726630800268997,0.9114819004524887,0.7531108597285068,0.08531019273180554,0.36821266968325794,-1.1514203349840255,-0.002153735878387386,-0.002153735878387386,0.7861367467757328,0.362729636887463,4.581893553913389,2.5542914895238096,0.2913584398117014,2.3626448534423994,0.7026150415568619,0.6817096984161424,8.10906612133606,-10.976696012428793,0.1276866515837104,0.14200792602377807,0.5574750830564784,-9.169327731092437,0.0,1.8970588235294117,0.13026543566070398,2.25975975975976,1.9050632911392404,-0.1485623003194888,0.03225631331271171,3.2256313312711713,62.82916443100182,-4.948236388476712,68.49276087244522,33.79186990533218,28.989867339837602,23.397411677142276,28.989867339837602,8.922239334653495,3.9483132205177593,4.973926114135736,0.64155777606969,0.112728533056061,0.7861367467757328,2.930815564434559,0.35844222393031,-1.4284999601756954,0.7351213803966999,Industrials
1994-09-30,DAL,1994,Q3,USD,0.7161862527716186,0.7849223946784922,0.7374089325308838,0.7849223946784922,0.03832752613240418,0.022806461830852075,0.05891669306303453,0.05194805194805195,3.5753114382785958,0.5283018867924528,11.946666666666667,0.4837572785779957,0.26440536013400334,0.966152916288909,0.9434874584466606,0.0035457500246232642,0.23632517376851012,1.5500841498924731,-0.00889098092927896,-0.00889098092927896,0.6453623992837157,0.3653033283243586,7.8453238606802715,4.94962492497854,0.26566164154103855,1.7750419697817572,0.6396450897358338,0.6369362047947988,6.6815892557358705,-14.856470588235295,0.07041402236325174,0.07380424453595186,0.630901287553648,61.5945945945946,0.0,6.297297297297297,0.07345523329129887,2.7093023255813953,2.1574074074074074,0.11827956989247312,0.019076314324721982,1.9076314324721981,62.3865106965694,3.6756069019834996,62.68293060801968,33.357120701871764,35.31349211744362,25.907100260754667,35.31349211744362,4.6043892911943844,1.6994741589816182,2.904915132212766,1.537190082644628,0.048829701372074256,0.6453623992837157,2.7504576835462786,0.4049586776859504,1.522020020412371,0.43474920346041396,Industrials
1994-12-31,DAL,1994,Q4,USD,0.697841726618705,0.7697841726618705,0.7218225419664268,0.7697841726618705,-0.0075368276807125725,-0.006166495375128468,-0.006166495375128468,-0.013703323055841042,3.7567567567567566,0.57421875,11.164556962025317,0.4534016775396086,0.2564125087842586,0.9371816638370118,0.9103565365025467,-0.016376451077943614,0.1592529711375212,-31.65277777777778,0.30176741508347726,0.30176741508347726,1.3127880184331797,0.7807468311065433,-18.834710743801654,569.75,0.26625087842586087,1.7459677419354838,0.6358296622613803,0.6314225053078556,6.557603686635945,-19.656565656565657,0.0013582342954159593,0.0013703323055841042,-30.25,37.03508771929825,0.0,0.07017543859649122,0.0013196964698119432,0.032,0.024539877300613498,-2.111111111111111,0.016673979815708645,1.6673979815708644,29.19,-0.18,30.31,13.8,17.36,12.71,17.36,0.04,1.25,-1.21,0.8181818181818182,-0.009790832220738763,1.3127880184331797,1.3299692847740237,0.18181818181818182,2.297579496915045,0.38,Industrials
1995-03-31,DAL,1995,Q1,USD,0.7160578911095796,0.7808407994486561,0.7350103376981392,0.7808407994486561,0.0,-0.003790489317711923,-0.003790489317711923,-0.011371467953135768,4.38368580060423,0.5089561457689932,12.484848484848484,0.45628930817610064,0.25239172029918244,0.8754282155091871,0.854873871068203,-0.014725432048266695,0.23855496729990658,-51.79545454545455,1.3318831168831171,1.3318831168831171,1.3257707969749852,0.7853204686423156,11.994736842105263,6.56772334293948,0.2505653157070795,1.6759744037230948,0.6263043478260869,0.6218653761548614,6.688772542175683,-9.921367521367522,0.10806602304578013,0.11957270847691247,0.547550432276657,39.5,0.0,6.425925925925926,0.12044429017702186,2.210191082802548,1.9277777777777778,-2.090909090909091,0.010092145677928916,1.0092145677928916,29.02,-0.11,28.81,15.27,17.19,12.61,17.19,3.47,1.57,1.9,0.0,0.0,1.3257707969749852,1.2641509433962264,0.0,2.060009376465073,0.23,Industrials
1995-06-30,DAL,1995,Q2,USD,0.0,-1.9685945273631842,-1.6436567164179106,-1.9685945273631842,0.12624378109452736,0.07804726368159204,0.07804726368159204,0.07120646766169154,4.259602649006623,0.0,0.0,0.46366782006920415,0.26484394301243513,0.8759081662307469,0.8192385934321418,0.12263436790310371,0.3583260680034874,1.1609302723306774,-0.0002543871114668815,-0.0002543871114668815,0.7400469799492063,0.36242972432213927,4.285198505220587,2.1991962139999996,0.27447912377501443,2.1161904761904764,0.6790953545232273,0.6301080319398779,7.70984126984127,-7.777509068923821,0.15402499273467016,0.16480099502487564,0.5132075471698113,-25.66509433962264,0.0,2.5,0.15901590159015902,2.054263565891473,1.7966101694915255,0.14741035856573706,0.031744016432140414,3.174401643214041,62.8811559058095,4.907702155584013,65.16880989865146,34.45167808023518,30.795342211333946,25.437930296473308,30.795342211333946,10.36287706159174,5.044570343189942,5.318306718401799,0.6182266009852216,-0.0641288895909019,0.7400469799492063,2.483754799217473,0.3817733990147783,-0.617777902652289,0.7234461344884799,Industrials
1995-09-30,DAL,1995,Q3,USD,0.7258469259723965,0.7797992471769134,0.7340025094102886,0.7797992471769134,0.10570890840652447,0.06304893350062735,0.06304893350062735,0.05614805520702635,3.140886699507389,0.5017221584385764,13.242424242424242,0.4536786679948769,0.2594189925950037,0.8786013986013986,0.8601398601398601,0.00542781012533307,0.31580419580419583,1.4497188972885573,-0.0726338753641512,-0.0726338753641512,0.5406187353525046,0.3656129213989962,-27.106371939999995,5.857155745829146,0.23028724875905282,1.3126159554730983,0.5675892498997193,0.5489539748953974,5.699907235621521,-7.4053426248548195,0.055664335664335665,0.06242158092848181,-0.21608040201005024,10.699029126213592,0.0,0.9660194174757282,0.07031802120141342,0.8223140495867769,0.7537878787878788,0.10945273631840796,0.018874820581272676,1.8874820581272678,62.33368315538579,3.9300722441130937,55.33385298925401,31.909840310410793,42.15540178262602,33.47404816876426,42.15540178262602,3.8909670476542573,4.731728771519247,-0.8407617238649903,0.5964391691394659,0.13555913113435236,0.5406187353525046,2.427988283863713,0.4035608308605341,1.2250316211196581,0.4301571610472043,Industrials
1995-12-31,DAL,1995,Q4,USD,0.7061820652173914,0.7567934782608695,0.7075407608695652,0.7567934782608695,0.041779891304347824,0.02377717391304348,0.02377717391304348,0.016304347826086956,3.484023668639053,0.49400342661336377,12.91044776119403,0.4133670317326594,0.24537422903817302,0.8241824182418241,0.804080408040804,-0.007671849427168576,0.26432643264326433,8.312462040714285,-0.10082708586421958,-0.10082708586421958,1.0474749646264625,0.7905874223505435,-14.54680857125,20.41657343333333,0.2321220203367228,1.2533753375337533,0.5562212901937288,0.5369868722650553,5.3996399639964,-5.772549019607843,0.034203420342034205,0.03872282608695652,-1.4035087719298245,9.759615384615385,0.0,0.5480769230769231,0.04093357271095153,0.41605839416058393,0.36538461538461536,0.5428571428571428,0.016326605168187194,1.6326605168187196,28.826666546555558,0.6854166638107639,27.269791553042534,13.551666610201389,21.75708324267882,17.47812492717448,21.75708324267882,1.1162499953489584,2.682916655487847,-1.566666660138889,0.5691056910569106,0.055206463195691204,1.0474749646264625,1.1965682998263507,0.43089430894308944,2.0314399286605855,0.37208333178298614,Industrials
1996-03-31,DAL,1996,Q1,USD,0.7020917678812416,0.7425775978407557,0.6946693657219973,0.7425775978407557,-0.150472334682861,-0.0931174089068826,-0.0931174089068826,-0.10053981106612686,2.8015122873345937,0.5068886337543054,14.716666666666667,0.45011389521640094,0.24473619024027743,0.8383297644539615,0.8222698072805139,-0.041226945458131964,0.2826552462526767,-2.1285981175090583,0.004358257273238131,0.004358257273238131,1.1916695343458417,0.7928381652260459,7.730172110953948,6.791827519450867,0.221121294690777,1.3580121703853956,0.5759139784946237,0.5552548488949031,6.141480730223123,-4.981512605042017,0.09261241970021414,0.11673414304993253,0.8786127167630058,10.319444444444445,0.0,1.6018518518518519,0.12920089619118746,8.238095238095237,5.323076923076923,-0.08333333333333333,0.009787349317828513,0.9787349317828513,28.74483217328766,-2.6766442914397413,25.971208016216043,15.128859038572452,19.12442950260569,15.119161052009265,19.12442950260569,3.355503350862864,0.4073154356538737,2.9481879152089907,0.6188340807174888,-0.20263516583371194,1.1916695343458417,1.1395878901367285,0.3811659192825112,1.9290783495531811,0.2230536909533118,Industrials
1996-06-30,DAL,1996,Q2,USD,1.7148809523809523,-1.681547619047619,-1.3639880952380952,-1.681547619047619,0.07827380952380952,0.048214285714285716,0.048214285714285716,0.04345238095238095,3.4710743801652892,-1.5597402597402596,-4.078098471986418,0.547945205479452,0.2748241452641911,0.9021440351841671,0.740241891148983,0.12688416270906464,0.3147333699835074,2.7096598867592596,-0.015192235348357355,-0.015192235348357355,0.6912833096929134,0.5225772638749999,4.960055385932203,2.398715309590164,0.1859152625552102,0.8948818897637796,0.47226262206524,0.4146116616731966,4.813385826771653,-7.0,0.20120945574491478,0.21785714285714286,0.48360655737704916,-47.795918367346935,0.0,7.469387755102041,0.3220413550373955,1.9365079365079365,1.763855421686747,0.22839506172839505,0.021072299778696076,2.1072299778696073,43.61077600469688,2.102662414512171,29.502170791272622,21.441964868975965,32.96766995593157,29.52812958651351,32.96766995593157,9.500919058166106,4.906212300528399,4.594706757637707,0.6159695817490495,-0.04654867256637168,0.6912833096929134,1.080382504869904,0.3840304182509506,-0.6292514960986253,0.4802377119564835,Industrials
1996-09-30,DAL,1996,Q3,USD,0.7147435897435898,0.7456293706293706,0.7013403263403264,0.7456293706293706,0.11596736596736597,0.06934731934731934,0.06934731934731934,0.06876456876456877,3.1631336405529953,0.5897590361445784,14.397058823529411,0.4920430107526882,0.2827251009144081,0.8403996759384283,0.8220361868755064,0.009078433442415285,0.2381852551984877,1.8443903430882351,0.03912343152005348,0.03912343152005348,0.658612005483871,0.5116141044930069,23.72783252189189,4.045759462258065,0.14894142845374414,0.6781695423855963,0.40411265087170317,0.38951225097320813,4.553263315828957,-7.2481520591341075,0.11720226843100189,0.12645687645687645,0.17050691244239632,21.0,0.0,4.05607476635514,0.24004424778761063,1.2055555555555555,1.1923076923076923,0.01680672268907563,0.002278086462561738,0.22780864625617378,44.54529263336896,3.089096633666029,23.466750897765465,18.002424499557907,34.6030740561077,29.437273803170395,34.6030740561077,5.633058567273347,4.67258314336038,0.960475423912967,0.5979899497487438,0.15552950371238766,0.658612005483871,1.0296950810779055,0.4020100502512563,1.1141917767428333,0.051917590481782,Industrials
1996-12-31,DAL,1996,Q4,USD,0.6834532374100719,0.7256803253049734,0.6668751954957773,0.7256803253049734,0.06412261495151705,0.0390991554582421,0.0390991554582421,0.03847356897091023,3.3617245005257623,0.5594250967385296,11.632183908045977,0.43884694577899797,0.265840678529852,0.7266089778258518,0.7030827474310438,-0.006704267319357242,0.14223904813412655,6.75462650218,-0.09276353729660533,-0.09276353729660533,1.2846379806352224,1.0564007666843915,-18.86767179379888,10.929816346569579,0.15059038749376352,0.6888550779764169,0.4078828828828829,0.3927003927003927,4.574362875618106,-3.9912609238451937,0.08355868036776636,0.09665311229277447,-0.5792880258899676,18.486486486486488,0.0,2.7837837837837838,0.1706239646604086,0.6331967213114754,0.6106719367588933,0.144,0.0053296803292352726,0.5329680329235273,21.573252044797787,0.843495935439388,12.220569112645853,6.950406508020556,17.740406514161208,15.095203260623286,17.740406514161208,2.085121952406167,3.2930081319553706,-1.2078861795492035,0.6097560975609756,0.08836206896551724,1.2846379806352224,0.5362250597913933,0.3902439024390244,2.186826102762664,0.12146341470327186,Industrials
1997-03-31,DAL,1997,Q1,USD,0.7064327485380117,0.7441520467836257,0.6915204678362573,0.7441520467836257,0.09269005847953217,0.05526315789473684,0.05526315789473684,0.054678362573099416,3.3075435203094776,0.5714285714285714,10.91304347826087,0.4501777017243649,0.2737752161383285,0.7239031770045385,0.7007060010085728,0.0009291761304976255,0.17196167423096317,4.404069527116402,0.08220929783950615,0.08220929783950615,1.1865561519957233,0.973531158625731,56.4318061440678,5.780341254340278,0.1452129362792187,0.6464718460441911,0.3926406926406926,0.37727474478473144,4.451888809693514,-3.247863247863248,0.14523449319213314,0.16842105263157894,0.10243055555555555,19.62280701754386,0.0,5.052631578947368,0.3175303197353914,1.114119922630561,1.1055662188099808,0.021164021164021163,0.0012013900458264601,0.12013900458264601,23.4096256684492,1.2936898395721925,12.416684491978609,7.419893048128342,19.206844919786096,16.564705882352943,19.206844919786096,3.942673796791444,3.538823529411765,0.40385026737967916,0.5962145110410094,0.12455795677799607,1.1865561519957233,0.5448303857822997,0.4037854889589905,1.886459434460888,0.027379679144385025,Industrials
1997-06-30,DAL,1997,Q2,USD,0.0,-1.6498164360350183,-1.3024569330697544,-1.6498164360350183,0.1397910194860209,0.08528664219147133,0.08528664219147133,0.08443942389155605,3.7550371155885474,0.0,0.0,0.4403133548868441,0.27792167019857156,0.7021797697771247,0.6186627479794269,0.1573864803780563,0.1621356845456772,1.39083577955298,0.0063849756427877035,0.0063849756427877035,0.5587394817758563,0.4744788539113245,12.263719866423358,2.3335133634722225,0.1644297935797818,0.696707682075158,0.41062328498627987,0.3290941543953592,4.237113402061856,-3.064474253569883,0.1763409257898604,0.20333239197966677,0.19027777777777777,-16.124161073825505,0.0,2.4161073825503356,0.3436754176610978,1.234991423670669,1.1980033277870217,0.059602649006622516,0.010713459109057978,1.071345910905798,48.031645271717906,4.096457744156681,28.417480046384924,15.870382651203036,40.788239856553446,37.30218144513534,40.788239856553446,9.766389323817252,7.908062466368692,1.8583268574485605,0.6101010101010101,-0.08473125641903458,0.5587394817758563,1.055275722242211,0.3898989898989899,-0.675006422745013,0.24415973309543132,Industrials
1997-09-30,DAL,1997,Q3,USD,0.7230509428651843,0.7545735997748382,0.6988460455952716,0.7545735997748382,0.11764705882352941,0.07148888263439347,0.07148888263439347,0.07064452575288488,3.4528668610301265,0.4265279583875163,11.576470588235294,0.427711568556639,0.2625046176579239,0.758313410128233,0.7398391653988263,0.005530317993284614,0.2501630080417301,1.6536708875,-0.10430847136538467,-0.10430847136538467,0.4928511650630683,0.47287633596960316,3.2879248956947165,1.7179239485685072,0.12995936461026966,0.5159870929891464,0.34036377708978327,0.3017206063088898,3.9703725432678203,-3.0524054982817868,0.2125624864159965,0.2752603433717985,0.5224948875255624,8.108391608391608,0.0,3.4195804195804196,0.5559977259806709,2.0942184154175587,2.0764331210191083,0.015748031496062992,0.002380768690901773,0.23807686909017728,48.19441842711486,3.445365122568864,23.859831695270206,22.449131015163267,46.24114056235141,41.00527073041605,46.24114056235141,13.266012164851768,6.334588630864801,6.931423533986967,0.6076555023923444,0.15591197314434913,0.4928511650630683,1.0469430318240547,0.3923444976076555,0.9215181722513088,0.0542577184656514,Industrials
1997-12-31,DAL,1997,Q4,USD,0.7117064647641235,0.737914967967385,0.6764705882352942,0.737914967967385,0.09114735002912056,0.0553290623179965,0.0553290623179965,0.054455445544554455,4.530343007915567,0.5268759978712081,11.0,0.4002331002331002,0.2613991017736165,0.6984165651644336,0.6764920828258222,-0.002198262325970899,0.20706455542021923,4.450428141342106,-0.07075565478170628,-0.07075565478170628,0.9437291817578124,0.9849520638963308,-14.15198906870293,13.160799172840466,0.13404886960493265,0.49135044642857145,0.329466791393826,0.28205128205128205,3.6654575892857144,-2.922553191489362,0.06260657734470158,0.07483983692486895,-0.9299610894941635,6.232294617563739,0.0,0.7280453257790368,0.1459398069278819,0.5181451612903226,0.5009746588693957,0.08947368421052632,0.005026127901008191,0.502612790100819,23.138181882523288,1.2802139073032686,11.865561530321347,9.116470613585907,24.148877072499552,21.581711289959838,24.148877072499552,1.7316577588260003,3.3420320948548485,-1.6103743360288485,0.6070287539936102,0.12352012628255722,0.9437291817578124,0.5206477196279661,0.3929712460063898,1.848181397942316,0.11454545486397667,Industrials
1998-03-31,DAL,1998,Q1,USD,0.7256637168141593,0.7519174041297935,0.6876106194690266,0.7519174041297935,0.09498525073746313,0.05752212389380531,0.05752212389380531,0.05693215339233038,3.4948453608247423,0.4424357754519505,10.108695652173912,0.38305084745762713,0.24441240086517663,0.7261559079740898,0.7056064328791601,-0.002298161470823341,0.22023676569131115,4.371367518423077,2.7976752117907693,2.7976752117907693,0.8828758840937337,1.005801375920354,10.79008438091772,4.178513069080882,0.11247296322999278,0.40393578456758156,0.28771670970121727,0.2671726755218216,3.591403417918177,-2.7516233766233764,0.1822649095376368,0.2407079646017699,0.3872549019607843,14.5,0.0,5.368421052631579,0.5230769230769231,1.632,1.615841584158416,0.02564102564102564,0.0014664190057780454,0.14664190057780455,22.658549238060164,1.3033678765255845,10.426943012204676,9.959067364221134,25.81336789303491,23.30020726958045,25.81336789303491,5.454093267922446,3.3419689141681657,2.1121243537542806,0.6055900621118012,0.12632404864652805,0.8828758840937337,0.4575227298027502,0.3944099378881988,1.7089947080094379,0.033419689141681655,Industrials
1998-06-30,DAL,1998,Q2,USD,0.0,-1.5794367693942615,-1.1841126461211477,-1.5794367693942615,0.15807651434643996,0.09617428267800213,0.09617428267800213,0.09537725823591924,4.0127931769722816,0.0,0.0,0.40381933268962555,0.2577552557693625,0.7345422766003933,0.7345422766003933,0.17485822306238186,0.2353069696307625,1.1565442286395027,0.004141893931766814,0.004141893931766814,0.4162754270618941,0.4449192462991498,45.26151467756757,1.9360416682890174,0.13093200027391633,0.4752672135222471,0.32215669755686605,0.2759179265658747,3.629878200347999,-3.0839819746005737,0.18898842036268299,0.2298087141339001,0.04277456647398844,-70.0,0.0,12.91044776119403,0.4524058577405858,1.0446859903381642,1.0236686390532543,0.04696132596685083,0.010151217049021471,1.015121704902147,51.2227784919799,4.926313978240362,26.019647310485006,22.236455912830806,54.74740644878723,51.141126879080886,54.74740644878723,11.771440859607495,11.26792258006359,0.5035182795439044,0.6084033613445378,-0.10008410428931876,0.4162754270618941,0.955408663437315,0.3915966386554622,-0.5630863906371999,0.23134623654719932,Industrials
1998-09-30,DAL,1998,Q3,USD,0.6806943713834824,0.14518674381904262,0.08784850078905838,0.14518674381904262,0.14150447133087848,0.08600736454497633,0.08600736454497633,0.08521830615465545,3.9236326109391126,0.5797516714422158,2.5557894736842104,0.3909109603125643,0.2633146339774223,0.6398656215005599,0.5334826427771556,0.010541586073500968,0.11959686450167974,1.2803333662614678,-0.13150090615977175,-0.13150090615977175,0.4085572195828251,0.44047239428458707,-24.995164821940296,3.118577361396648,0.11510492416372325,0.4054647474993901,0.28849158132268704,0.2710296994486929,3.522566479629178,-2.6935883811548,0.12026875699888018,0.1412414518674382,-0.12476722532588454,0.8913043478260869,0.0,3.891304347826087,0.3231046931407942,0.8890728476821192,0.8832236842105263,0.012232415902140673,0.0023885216585932873,0.23885216585932872,51.739905373673636,4.450012902996129,22.617496773026193,15.472980644362686,55.78166021217471,50.36543655654028,55.78166021217471,7.3078193544615315,8.219595698500495,-0.9117763440389621,0.6078066914498141,0.9746376811594203,0.4085572195828251,0.992430749145511,0.39219330855018586,8.39124563793413,0.05443440859934102,Industrials
1998-12-31,DAL,1998,Q4,USD,0.7154872389791184,0.7366589327146171,0.6690835266821346,0.7366589327146171,0.09280742459396751,0.05626450116009281,0.05626450116009281,0.055394431554524365,4.466321243523316,0.48636588993554786,2.0102459016393444,0.3355064707599494,0.2341277924899844,0.553411131059246,0.44389587073608616,-0.0037324145851277634,0.13868940754039497,4.1861151588530925,-0.06028547720678402,-0.06028547720678402,0.7593327169869097,0.9421187248462877,-8.526050822230971,7.903711346155718,0.12541590276363143,0.4317438055165965,0.3015510204081633,0.2626680455015512,3.4424964936886395,-1.916620344635909,0.09223518850987433,0.11919953596287702,-0.927007299270073,6.752321981424148,0.0,1.2724458204334366,0.22252301028695182,0.5189393939393939,0.5080346106304079,0.08762886597938144,0.005233304785826168,0.5233304785826168,24.190157141519848,1.361047124551871,12.958010510553121,5.640628289379919,30.01319380841703,27.263036732002938,30.01319380841703,2.8834555061382416,5.556439807448875,-2.672984301310633,0.60625,0.12598425196850394,0.7593327169869097,0.5685831729071137,0.39375,1.9407998973862162,0.11926701606897837,Industrials
1999-03-31,DAL,1999,Q1,USD,0.7334474885844748,0.7534246575342466,0.6846461187214612,0.7534246575342466,0.1021689497716895,0.06164383561643835,0.06164383561643835,0.06107305936073059,3.6198347107438016,0.44603629417383,2.223809523809524,0.31496629213483146,0.21676461490875348,0.5233002291825821,0.4430863254392666,-0.00212874659400545,0.1869747899159664,3.738241959097222,0.3177505665232638,0.3177505665232638,0.7305679829586066,0.9217582912842466,-6.975898601857451,3.8132716088075562,0.1607794618001856,0.5878760461434065,0.3702279202279202,0.29791964427505163,3.6564125763401947,-1.5621934908604547,0.16176470588235295,0.24172374429223745,-0.5466351829988194,3.1217150760719226,0.0,1.1715076071922546,0.32589457483647555,0.6465648854961832,0.6445966514459666,0.018518518518518517,0.001238451036686688,0.12384510366866879,24.724486034454504,1.5241121528088393,18.338738357176727,7.147803753682195,31.194906609110546,25.50771033520349,31.194906609110546,5.976495339949476,9.243457963794349,-3.266962623844873,0.6033519553072626,0.13560606060606062,0.7305679829586066,0.8046835610871754,0.39664804469273746,2.0216094425427262,0.028224299126089616,Industrials
1999-06-30,DAL,1999,Q2,USD,0.0,-1.573161485974223,-1.155420773313116,-1.573161485974223,0.15415718979024515,0.09198888046499874,0.09198888046499874,0.09123073035127621,6.573089700996678,0.0,0.0,0.34507717798901194,0.2391803675048356,0.5015956448282335,0.5015956448282335,0.16674933862433863,0.2110005631687629,2.1591750635714284,0.029303090148469383,0.029303090148469383,0.7067803265647482,0.7944803873035128,3.0790978379627814,2.7722741556966493,0.16023936170212766,0.595998201438849,0.3734328778701225,0.283043197936815,3.7194244604316546,-1.5364006988934187,0.21287779237844942,0.28658074298711145,0.900352733686067,-7.3,0.0,1.7181818181818183,0.4277631082610336,10.035398230088495,8.65648854961832,0.04945054945054945,0.00572562992747271,0.5725629927472711,28.685415479354823,2.6387392556191953,19.217851007270568,8.285931233991045,32.244813760973024,26.575873931593325,32.244813760973024,8.220687680967492,0.8191690546290359,7.401518626338457,0.5967213114754099,-0.09799196787148594,0.7067803265647482,0.7685067724874483,0.40327868852459015,-1.0216008076465442,0.13048710604710306,Industrials
1999-09-30,DAL,1999,Q3,USD,0.7184643510054844,0.781927396186994,0.6785061373726822,0.781927396186994,0.14860276834682684,0.08984068947505876,0.0726038130060068,0.07182031862104989,3.891260162601626,0.4873417721518987,2.5913461538461537,0.3241344281723525,0.21984268243669977,0.658105341522427,0.5806811836962591,-0.009262893476725018,0.28122091941187416,2.834424087131295,-0.8314310655585112,-0.8314310655585112,0.6737664781722958,0.8231599856072082,-14.867356532499999,8.495632304285714,0.1709249583740024,0.6363830696879008,0.38889614630960156,0.3272936439459304,3.7231722958529287,-1.7048085485307214,0.06904894844593337,0.09689213893967093,-0.5714285714285714,3.385164051355207,0.0,0.5292439372325249,0.12462210278804166,0.6363636363636364,0.6320272572402045,0.014388489208633094,0.001269084015511208,0.1269084015511208,27.685991056998283,2.0101085175882796,21.52551459302269,11.597892310113671,33.82477570243875,27.389536203684905,33.82477570243875,2.6825548921771647,4.215443401992687,-1.5328885098155225,0.48857644991212656,0.19004676018704075,0.6737664781722958,0.9445157785442164,0.3954305799648506,1.7774748209738258,0.028922424713500428,Industrials
1999-12-31,DAL,1999,Q4,USD,0.7174791273902504,0.7336385671963372,0.8103959062752492,0.7336385671963372,0.15620791812550497,0.09480204686237544,0.09480204686237544,0.0939940748720711,7.546747967479675,0.0,0.0,0.29536234189801924,0.18685521614412964,0.7140234948604993,0.7140234948604993,0.04279188499261051,0.3054331864904552,2.156084643842329,0.6108906490886582,0.6108906490886582,0.6089803768365095,0.8176049497791542,-3.9120711063530926,11.120026294981685,0.2523778370489658,1.0060180541624875,0.5015,0.453937999780918,3.986158475426279,-2.1873343151693665,0.05011013215859031,0.07352545111769458,-2.8424908424908426,4.150746268656716,0.0,0.40746268656716417,0.05443668993020937,0.26024785510009535,0.25585754451733833,0.05113636363636364,0.005929308455306538,0.5929308455306538,27.874097394048157,2.6425214873969707,37.64842403209036,17.3940974042579,37.4232091325963,21.958452700670847,37.4232091325963,2.049455585395946,7.875014318975631,-5.825558733579685,0.6068965517241379,0.21292217327459617,0.6089803768365095,1.5857606057692042,0.3931034482758621,2.122554728657361,0.135128939696436,Industrials
2000-03-31,DAL,2000,Q1,USD,0.7121212121212122,0.7330808080808081,0.8080808080808081,0.7330808080808081,0.09494949494949495,0.056313131313131315,0.056313131313131315,0.05555555555555555,5.409836065573771,0.0,0.0,0.3130682267372915,0.1961950059453032,0.65144727773949,0.65144727773949,0.033810143042912875,0.20503101309441765,3.2417835551233183,-0.09725350665369954,-0.09725350665369954,0.6019298357972522,0.7302199321136363,9.44990500382353,3.9076634204999996,0.24796868806975822,1.0418401332223148,0.5102456927311653,0.46294019005030745,4.201498751040799,-2.2116727171181236,0.12749827705031014,0.18686868686868688,0.4135135135135135,4.554559043348281,0.0,1.1061285500747384,0.14785214785214784,1.705069124423963,1.6933638443935928,0.013452914798206279,0.0010374624469410734,0.10374624469410733,31.209775298838917,1.757520174656838,39.44568822492141,15.817681571911542,37.86155569081368,20.286353944245295,37.86155569081368,5.832129727560808,3.420465272650528,2.41166445491028,0.5930851063829787,0.12952118498105408,0.6019298357972522,1.6633981232621875,0.40691489361702127,2.095834665990625,0.02364376916578706,Industrials
2000-06-30,DAL,2000,Q2,USD,0.0,0.13278008298755187,0.20216689718764408,0.13278008298755187,0.1715076071922545,0.10189027201475334,0.08667588750576302,0.08598432457353619,5.870094722598106,0.0,0.0,0.32154769846564374,0.2109306622580959,0.5632996632996633,0.4781144781144781,0.04314025361626203,0.21077441077441078,1.9226535446609043,0.028198918655026595,0.028198918655026595,0.5934067168417813,0.6665908093983403,-12.627383978908297,2.90912568528169,0.2476903627346105,1.045351939257131,0.5110865857329187,0.48148542243030434,4.2203981120459675,-1.8791423001949317,0.16734006734006734,0.22913785154449054,-0.23038229376257546,1.0105448154657293,0.0,1.7469244288224957,0.1951315272870043,0.812755519215045,0.8016129032258065,0.04521276595744681,0.0058789538659994155,0.5878953865999416,34.18889021372809,2.963352402111978,40.147120043506426,13.752792398099473,38.40536238162678,21.200579685322396,38.40536238162678,7.833968850264112,9.638776563252524,-1.8048077129884121,0.5053763440860215,1.2916666666666667,0.5934067168417813,1.7616112349059423,0.40591397849462363,7.678074037822121,0.13398135860612667,Industrials
2000-09-30,DAL,2000,Q3,USD,0.7085144464331373,0.7652774226540526,0.8371260547174636,0.7652774226540526,0.0930708258757351,0.05548453081053439,0.05548453081053439,0.054717463564305804,5.587142857142857,0.0,2.2093023255813953,0.2790183348790754,0.1793625315294657,0.641995435278774,0.5578741441147701,0.030496019595835883,0.22611672644277797,3.2275059369585253,-0.050816050922325724,-0.050816050922325724,0.5116849595031963,0.7163066104014318,-32.95853121505882,2.7792412234920634,0.23719330428800733,0.9446575342465754,0.48577063961679345,0.44825153683361885,3.982648401826484,-1.6329853862212944,0.16432996413433323,0.2577345947328049,-0.08432539682539683,5.944866920152092,0.0,1.9163498098859315,0.19489559164733178,0.9222323879231473,0.9197080291970803,0.013824884792626729,0.001070864396740255,0.1070864396740255,31.815984480763134,1.765294971190386,42.07421931334874,15.171774752396637,44.539124273121494,26.910579560819343,44.539124273121494,8.200079866174697,8.891554854889824,-0.6914749887151281,0.5961538461538461,0.12161710658202472,0.5116849595031963,1.7754931697953427,0.40384615384615385,2.011751726719609,0.024404999601710407,Industrials
2001-03-31,DAL,2001,Q1,USD,0.6564289432587194,0.7201978136387298,0.8045288912024987,0.7201978136387298,-0.05778240499739719,-0.03461738677771994,-0.03461738677771994,-0.035398230088495575,6.511864406779661,0.0,2.299651567944251,0.2505053139466649,0.17384615384615384,0.5275477133597407,0.424198775657184,0.01156594404747487,0.2110190853438963,-5.270440374755639,0.0,0.0,0.5019467023576799,0.7297954917673086,-5.350905113301526,9.472548241114865,0.27570135746606333,1.0907626208378087,0.5217056254816337,0.5134993903501133,3.9563193698532046,0.0,0.053294922578321934,0.07704320666319625,-1.7702702702702702,50.476190476190474,0.0,4.698412698412699,0.048580338092893485,0.36097560975609755,0.3596597812879708,-0.022556390977443608,0.0010699481150324855,0.10699481150324855,31.2279265315967,-1.0810292110105053,49.524142726969984,9.566702115483945,45.40322686244122,27.245187333136943,45.40322686244122,2.405899597436914,6.664992128034694,-4.25909253059778,0.5990990990990991,-0.08023129743404409,0.5019467023576799,2.1252736058261936,0.4009009009009009,2.499150527133614,0.024384117541590342,Industrials
2001-06-30,DAL,2001,Q2,USD,0.6684322033898306,0.7280190677966102,0.815677966101695,0.7280190677966102,-0.02621822033898305,-0.023834745762711863,-0.023834745762711863,-0.02489406779661017,6.346218487394958,0.0,1.3743139407244787,0.2401424573899771,0.16502775228355404,0.5070861236567513,0.3652079115402585,0.013500644221612235,0.23438716710792712,-7.7899321339166665,0.2403750487037142,0.2403750487037142,0.5575299340377734,0.742684207682733,-5.916404152341772,10.997551247882352,0.2989816878632927,1.3600397614314115,0.5762783253306377,0.5381083562901745,4.5489065606361825,-1.3045430989808258,0.039713440274100606,0.06753177966101695,-1.8588235294117648,3.6298472385428906,0.0,0.299647473560517,0.03727525215611752,0.3497942386831276,0.3497942386831276,0.0,0.0,0.0,30.685989770952084,-0.7313927646678198,55.593976701028396,12.271145273871198,40.87672895865704,22.860087189006414,40.87672895865704,2.072279499892156,5.92428139380934,-3.8520018939171843,0.9090909090909091,-0.03601309567115315,0.5575299340377734,2.3930460941376523,0.09090909090909091,2.6429790805876623,0.0,Industrials
2001-09-30,DAL,2001,Q3,USD,0.6883460859329017,0.6983519717480872,0.7919364331959976,0.6983519717480872,-0.12007062978222484,-0.07622130665097115,-0.07622130665097115,-0.07710417892878163,7.9392523364485985,0.0,1.1624588364434687,0.21217608492038714,0.13939369077409033,0.5934430764974409,0.4674228800663992,0.002988552324992402,0.3853921704246784,-2.7089500465347487,-0.014434551342849388,-0.014434551342849388,0.6054956306817691,0.8259188487963508,-4.4689048538375795,-165.08660283588233,0.3720310128399721,1.9566343042071197,0.6617775831873906,0.6163714616785301,5.259331175836031,-1.1133682830930538,-0.0023516392308756398,-0.005002942907592701,36.94117647058823,1.8857901726427624,0.0,-0.011288180610889775,-0.0018745175873855994,-0.027823240589198037,-0.027823240589198037,0.0,0.0,0.0,27.593509983714387,-2.103213386045329,73.64495057160265,22.664357376264526,37.63858704370694,19.757213004819633,37.63858704370694,-0.1380487550686123,4.961634667466007,-5.0996834225346195,0.6348039215686274,-0.17193426042983564,0.6054956306817691,3.190125968895764,0.36519607843137253,3.377730304054255,0.0,Industrials
2001-12-31,DAL,2001,Q4,USD,0.0,-0.3918966119455117,-0.28361858190709044,-0.3918966119455117,-0.39643730352776807,-0.25637443241355223,-0.25637443241355223,-0.25777156828501574,7.779891304347826,0.0,0.0,0.17785922842765733,0.12128786274094472,0.5570826175230361,0.5288146181477432,-0.02137527727364388,0.34515071060440417,-0.9566534081743868,-0.0052045910807414835,-0.0052045910807414835,0.7452200600689838,0.981045898148795,-3.0169005439312566,-9.42528324295302,0.398347807667867,2.4948262138498274,0.7138627391436381,0.687167994687915,6.262934465375431,-0.9915151515151515,-0.046540684054349524,-0.10408662242403073,3.1241610738255035,-0.4009756097560976,0.0,-0.29073170731707315,-0.031692013187280654,-0.4707740916271722,-0.4707740916271722,0.0,0.0,0.0,23.230309655240458,-5.955657452653335,76.29570439686555,17.972454029464764,30.581570761649072,12.844421999387233,30.581570761649072,-2.417964469878329,5.136146004808666,-7.554110474686995,0.6466960352422908,1.0115864527629232,0.7452200600689838,3.312523953421814,0.35330396475770925,-12.317406904433497,0.0,Industrials
2002-03-31,DAL,2002,Q1,USD,0.6509829197550757,0.7318723815662262,0.822429906542056,0.7318723815662262,-0.1940058008378988,-0.1279407025459233,-0.1279407025459233,-0.1292297776345472,5.5213523131672595,0.0,5.885869565217392,0.18706293706293706,0.13090065387049146,0.5700193764312137,0.5376078914919852,-0.005715975165073421,0.26651400387528623,-1.768724437279597,0.03847298411016934,0.03847298411016934,0.8234343026678393,0.905167388462778,-3.87411642262069,73.91406332631578,0.39784855515713985,2.764878334799179,0.7343871671079271,0.7283803153368371,6.9495749047200235,-1.1760469963994693,0.006693676237449357,0.012246213341927168,-19.07894736842105,14.587301587301587,0.0,0.20105820105820105,0.004029265189269431,0.04980340760157274,0.04960835509138381,-0.007556675062972292,0.0010680967175693726,0.10680967175693726,25.17766359071294,-3.221247968260727,76.52289568933733,12.27644376820776,27.67676780790262,9.955846995103053,27.67676780790262,0.3083310397831427,6.190962719856259,-5.882631680073117,0.659468438538206,-0.2650814619110524,0.8234343026678393,3.323916985075887,0.34053156146179403,4.20326583322884,0.024341924193406,Industrials
2002-06-30,DAL,2002,Q2,USD,0.681922855497985,0.7512953367875648,0.8350604490500864,0.7512953367875648,-0.08261370178468624,-0.0535405872193437,-0.0535405872193437,-0.054404145077720206,6.203571428571428,0.0,6.104972375690608,0.2085234093637455,0.14435902763349262,0.5936127069956066,0.5630280500168976,0.00502729100833094,0.2952010814464346,-3.775159701666667,0.07108780256939573,0.07108780256939573,0.8835227486756841,0.8084970690961427,-13.973725462885572,75.91131940648648,0.41678786619571995,3.1550802139037435,0.7593307593307593,0.7511935509117946,7.569990563070148,-1.433759801898473,0.006252112200067591,0.010650546919976972,-5.4324324324324325,8.803519061583577,0.0,0.10850439882697947,0.0036889332003988036,0.15546218487394958,0.15546218487394958,0.0,0.0,0.0,28.18810465878129,-1.5092076760314679,81.38361822900873,14.175192527026745,25.794468828516326,8.081563684555602,25.794468828516326,0.30021873125357157,1.9311367037391902,-1.6309179724856186,0.6480836236933798,-0.10996168582375479,0.8835227486756841,3.538624064524801,0.3519163763066202,3.8234122089072735,0.0,Industrials
2002-09-30,DAL,2002,Q3,USD,0.6681286549707602,0.7228070175438597,0.8073099415204679,0.7228070175438597,-0.15409356725146198,-0.09532163742690059,-0.09532163742690059,-0.09649122807017543,4.206642066420664,0.6522988505747126,7.1835443037974684,0.2089442815249267,0.14228065066356035,0.5836623139993926,0.559672031582144,-0.001745941864854662,0.25159429092013363,-2.1546618496165646,-0.02879238400815055,-0.02879238400815055,0.9875849040070299,0.8215435824269006,-29.890202679787237,936.5596839666666,0.42501144069559427,3.5908611599297013,0.7821759436490314,0.7630746169220519,8.448857644991213,-1.3289294734796968,0.00045551169146674765,0.0008771929824561404,-31.333333333333332,3.0286298568507157,0.0,0.003067484662576687,0.00029365700861393895,0.030927835051546393,0.030927835051546393,0.0,0.0,0.0,27.740463789731827,-2.6442664314188815,82.86449651342116,13.440335818592292,23.076496924499136,5.272310369393476,23.076496924499136,0.024333740166431427,0.7867909320479495,-0.7624571918815181,0.618595825426945,-0.21318770226537218,0.9875849040070299,3.6093090394585503,0.38140417457305503,4.117594730858385,0.0,Industrials
2002-12-31,DAL,2002,Q4,USD,0.0,-0.1094316807738815,-0.02267230955259976,-0.1094316807738815,-0.17714631197097944,-0.10973397823458284,-0.10973397823458284,-0.11094316807738815,5.414075286415712,0.0,0.0,0.20019365770999759,0.1338187702265372,0.6044926413632843,0.5790859798605732,-0.003189658790447811,0.3050348567002324,-1.935732264235537,-0.1703444392527274,-0.1703444392527274,3.147461643527435,0.8496624086064087,147.93069724578947,13.578179940434783,0.43960355987055016,12.16909294512878,0.9240646258503401,0.91930965934761,27.681970884658455,-1.249480642115203,0.03206816421378776,0.06257557436517533,0.09178743961352658,0.2222222222222222,0.0,0.3108108108108108,0.019048495444925,1.101063829787234,1.101063829787234,0.0,0.0,0.0,26.82241766748218,-2.9433305965223795,88.11342587440413,15.965338690227453,7.240755434420069,-10.548961724726214,7.240755434420069,1.6784281914053238,1.5243695651410671,0.1540586262642568,0.6194539249146758,1.6187845303867403,3.147461643527435,3.856713490922943,0.38054607508532423,-156.1157766356,0.0,Industrials
2003-03-31,DAL,2003,Q1,USD,0.0,-0.16957210776545167,-0.0751188589540412,-0.16957210776545167,-0.2294770206022187,-0.14770206022187005,-0.14770206022187005,-0.14896988906497624,8.596730245231608,0.0,0.0,0.18966035467388037,0.12895973840179847,0.5521545319465082,0.5258543833580981,-0.007011686143572621,0.2759286775631501,-1.508253179302575,-0.052788861275590154,-0.052788861275590154,5.56709688360396,0.8910884076767036,-7.853027726871508,-17.038690461939396,0.4664214183527488,22.596039603960396,0.9576200067136623,0.952812558400299,48.445544554455445,-1.133465061972337,-0.02451708766716196,-0.05229793977812995,2.16969696969697,0.0192131747483989,0.0,-0.15096065873741996,-0.014459731837700465,-0.8549222797927462,-0.8549222797927462,0.0,0.0,0.0,25.575464570815576,-3.777548808240906,92.50130783441412,15.053450937560862,4.093695596913428,-13.675375192065253,4.093695596913428,-1.337544105922209,1.5645212875332508,-2.90206539345546,0.643646408839779,1.3532710280373832,5.56709688360396,4.015815803279414,0.356353591160221,-52.17461572244726,0.0,Industrials
2003-06-30,DAL,2003,Q2,USD,0.0,0.05606407322654462,0.1415903890160183,0.05606407322654462,0.08609839816933638,0.05263157894736842,0.05263157894736842,0.05148741418764302,4.54025974025974,0.0,0.0,0.21065316943841889,0.13679226826309818,0.7982112035148282,0.7683979287619646,0.019414743950478333,0.4417072022595324,3.819889215611413,-0.027398825872886418,-0.027398825872886418,4.140557382459499,0.8041872032866133,12.551064565580358,8.39235361997015,0.4811597605352741,18.110456553755522,0.9476726263871763,0.943520212942938,37.63917525773196,-1.626046511627907,0.05256551074847011,0.09582379862700229,0.6686567164179105,0.44733727810650886,0.0,0.39644970414201186,0.027242416849638122,3.018018018018018,3.018018018018018,0.0,0.0,0.0,28.339172653904587,1.4915354028370835,99.68158069938922,22.818870429273858,5.504089883295542,-12.248423878732789,5.504089883295542,2.715567173643603,0.8997849441028059,1.8157822295407973,0.6112956810631229,1.5357142857142858,4.140557382459499,4.3351473495665465,0.38870431893687707,24.835229217555558,0.0,Industrials
2003-09-30,DAL,2003,Q3,USD,0.0,-0.022149302707136997,0.059338255400601586,-0.022149302707136997,-0.0694558381186765,-0.04484550177741318,-0.04484550177741318,-0.04593929450369155,4.548507462686567,0.0,0.0,0.21709706144256455,0.14195877489227904,0.7512490537471612,0.7214231642694928,0.005303989867004433,0.4128690386071158,-4.2866691386890245,0.022649422044846265,0.022649422044846265,5.6580582595171025,0.7689513139130435,-48.48370612034483,13.990323159104477,0.4868988005124025,25.2374245472837,0.9618865030674847,0.9583542818836936,51.83299798792756,-2.497097985660635,0.030431491294473884,0.054963084495488104,-0.2885572139303483,0.3054726368159204,0.0,0.2,0.016024874431954078,0.7760617760617761,0.7760617760617761,0.0,0.0,0.0,29.637767161130306,-1.329120539903027,101.65340812197358,22.100681172655822,4.027883587389051,-13.712633862901962,4.027883587389051,1.6289831007348075,2.0990379258224636,-0.4700548250876559,0.6456692913385826,3.1358024691358026,5.6580582595171025,4.42452235080466,0.3543307086614173,58.19380163585253,0.0,Industrials
2003-12-31,DAL,2003,Q4,USD,0.0,-0.10771041789287816,-0.017363154796939378,-0.10771041789287816,-0.15067686874632136,-0.09623307828134196,-0.09623307828134196,-0.09770453207769277,5.132930513595166,0.0,0.0,0.2028414517669532,0.1289269995446957,0.7498490338164251,0.7193538647342995,-0.0007403294466037387,0.4091183574879227,-2.154187916620795,-0.021870762817600444,-0.021870762817600444,-4.275687093990895,0.8292165376515598,-28.46139186808081,34.36192432853658,0.47651388678099865,-19.057663125948405,1.0553781512605043,1.0605754205349756,-39.99393019726859,-2.0593939393939396,0.012379227053140096,0.02413184226015303,-1.2073170731707317,0.12574850299401197,0.0,0.08183632734530938,0.006529182259734055,0.4530386740331492,0.4530386740331492,0.0,0.0,0.0,27.483774099035703,-2.6448481843392213,101.57996436426997,21.919078224951956,-5.330137472414517,-23.019076246573164,-5.330137472414517,0.6632341012716091,1.4639679552458686,-0.8007338539742597,0.638671875,1.3989071038251366,-4.275687093990895,4.4504733729738,0.361328125,-214.68945415152544,0.0,Industrials
2004-03-31,DAL,2004,Q1,USD,0.0,-0.1099461603853783,-0.02295267781241145,-0.1099461603853783,-0.16945310286200058,-0.1085293284216492,-0.1085293284216492,-0.10966279399263247,4.287970838396112,0.0,0.0,0.2106111243733588,0.1348284557194162,0.6871057649992666,0.6565938095936629,-0.0027939122123373282,0.31978876338565354,-1.8428226362793731,-0.10811226132838993,-0.10811226132838993,-2.746307664182879,0.8000012124624539,-5.336870092211719,-10.082872424214285,0.48040039734087264,-12.231517509727626,1.089035163693054,1.095521278572756,-25.461089494163424,-1.862269129287599,-0.041073786122927974,-0.0793425899688297,1.8892857142857142,0.17091836734693877,0.0,-0.35714285714285715,-0.022268172419277876,-1.1244979919678715,-1.1244979919678715,0.0,0.0,0.0,28.48745682503524,-3.0917245576618013,101.50220519070362,17.597805576247328,-8.298414739624887,-25.93658225526728,-8.298414739624887,-2.26026860612351,2.0100245818741214,-4.270293187997631,0.6404682274247492,1.541237113402062,-2.746307664182879,4.453804527893973,0.3595317725752508,-163.17536146641973,0.0,Industrials
2004-06-30,DAL,2004,Q2,USD,0.0,-0.06084322140873517,0.017672304973491544,-0.06084322140873517,-0.10830598333754103,-0.49558192375662713,-0.49558192375662713,-0.49684423125473365,4.812879708383961,0.0,0.0,0.23671786290563557,0.163846949327818,0.6267038922647397,0.5913943176219412,-0.06089873557710031,0.32287731975693873,-0.3619080647134488,-0.0008840283952288985,-0.0008840283952288985,-0.9626362209112466,0.7174203797349155,-13.217219182000001,50.74468078803571,0.5192140641158222,-4.252032520325203,1.3075,1.3243599604439074,-8.189363143631436,-1.7980027235587834,0.009196912465101003,0.014137843978793235,-3.8392857142857144,-2.9338677354709417,0.0,0.11222444889779559,0.004461440407903123,0.2066420664206642,0.2066420664206642,0.0,0.0,0.0,31.766591309297393,-15.742948432252154,100.66504774408,15.767007956091561,-23.67457145797675,-41.18990481306524,-23.67457145797675,0.44911111166893564,2.1733769868264563,-1.7242658751575206,4.575757575757576,1.7800829875518671,-0.9626362209112466,4.417070984821413,-3.5757575757575757,191.824316059,0.0,Industrials
2004-09-30,DAL,2004,Q3,USD,0.0,-0.10927408938258848,-0.028933092224231464,-0.10927408938258848,-0.16843192973391888,-0.1668819426504779,-0.1668819426504779,-0.16817359855334538,4.863065326633166,0.0,0.0,0.23507621303212486,0.16454135849698207,0.5590418353576249,0.5237854251012146,-0.012360255322289045,0.24392712550607287,-1.1126046337422602,0.016490015946424835,0.016490015946424835,-0.8037378735225049,0.7426944907233273,-4.667159697386363,-6.236378250737527,0.5426336818838732,-3.5689124965054515,1.389269779083687,1.4141484311682297,-6.577019849035505,-1.5842029875179047,-0.07776653171390013,-0.1190906742443813,1.3362255965292842,-0.19202898550724637,0.0,-0.8351449275362319,-0.036111546294845684,-2.9741935483870967,-2.9741935483870967,0.0,0.0,0.0,30.685564905435466,-5.120866682746399,101.19656977080578,11.462497249615005,-28.355015672111254,-45.651813043245376,-28.355015672111254,-3.6543646141580344,1.2286909223307925,-4.883055536488826,0.99079754601227,1.541371158392435,-0.8037378735225049,4.440393583624651,0.009202453987730062,-126.74080690705357,0.0,Industrials
2004-12-31,DAL,2004,Q4,USD,0.0,-0.10464158198297172,-0.01812688821752266,-0.10464158198297172,-0.6352650370777259,-0.605877506179621,-0.605877506179621,-0.6072507552870091,5.23132183908046,0.0,0.0,0.2199202705967625,0.1670106875831384,0.6069685238175392,0.5727991920552096,-0.06852194079066565,0.24625483925265107,-0.36396850597688124,-0.001769723409878093,-0.001769723409878093,-0.5541163037853691,0.8820813229167811,-6.140837661070745,-7.332552732283104,0.6374936929498647,-2.3978605935127675,1.715378918785485,1.8039950062421972,-3.7613871635610767,-1.4714083653263286,-0.07372496212758795,-0.12029662180719583,1.1940639269406392,0.04591265397536394,0.0,-0.49048152295632697,-0.031515325946179305,-5.152941176470589,-5.152941176470589,0.0,0.0,0.0,25.836620057479774,-15.65382692853622,98.62052885439547,12.765745532382892,-41.128549808611034,-43.29993287304081,-41.128549808611034,-3.1080581118308546,0.6031619623416041,-3.711220074172459,0.9537397319498487,6.070866141732283,-0.5541163037853691,4.327359756665006,0.04626026805015132,-237.07057722333332,0.0,Industrials
2005-03-31,DAL,2005,Q1,USD,0.0,-0.2582298974635726,-0.1737722611980572,-0.2582298974635726,-0.32784673502428496,-0.2889908256880734,-0.2889908256880734,-0.29033998920669185,4.154708520179372,0.0,0.0,0.22548065222681918,0.17049270828541196,0.5641063298575415,0.531502423263328,-0.026722132130014807,0.24173887501835806,-0.749227612474323,0.014565729360525657,0.014565729360525657,-0.4841893335103334,0.8660796254290339,-25.884605579354837,19.452673283878788,0.6474214473018356,-2.122944637200181,1.8905158516926384,2.033520424072342,-3.2790767838286317,-1.397699415425231,0.024232633279483037,0.044522396114409064,-0.7515151515151515,-0.4854368932038835,0.0,0.16019417475728157,0.0117245789810275,0.5709342560553633,0.5612244897959183,-0.004668534080298786,0.0015577823089304463,0.15577823089304463,26.31397775777303,-7.604498159356427,99.9235318362493,12.887174751850527,-47.06836442425187,-49.22687744053978,-47.06836442425187,1.1715613410773207,2.0520074398263373,-0.8804460987490167,0.8814814814814815,1.2695924764890283,-0.4841893335103334,4.384534086715634,0.11851851851851852,-24.280576229565217,0.03550185882052487,Industrials
2005-06-30,DAL,2005,Q2,USD,0.0,-0.03036008472581784,0.04636385031772182,-0.03036008472581784,-0.09413979759943517,-0.08990350670746058,-0.08990350670746058,-0.09131560367145211,4.6034669555796315,0.0,0.0,0.25946507083536885,0.1970687815964009,0.5470307758994365,0.5153879497182489,-0.00196174595389897,0.19375812743823148,-2.192041488632199,0.033319030627209416,0.033319030627209416,-0.4795188825526127,0.788288866705107,-8.352716694837904,-32.83764112382353,0.6531236955614304,-2.016034359341446,1.9842186839509652,2.1696249162759544,-3.0867573371510377,-1.3924299524823858,-0.014737754659731253,-0.024005648387855967,3.9313725490196076,0.19111111111111112,0.0,-0.09066666666666667,-0.007243289305496378,-0.3411371237458194,-0.3355263157894737,-0.013089005235602094,0.0014927871237247247,0.14927871237247245,28.910721643523562,-2.5991752571960465,95.81567008333697,11.369690719305218,-47.526804113912,-49.588453598023,-47.526804113912,-0.694020618413604,2.034432989271251,-2.728453607684855,0.955,3.10077519379845,-0.4795188825526127,4.204285655258315,0.045,81.6773573331472,0.03402061854968647,Industrials
2005-09-30,DAL,2005,Q3,USD,0.0,-0.055710306406685235,0.01787372330547818,-0.055710306406685235,-0.25696378830083566,-0.26230269266480966,-0.26230269266480966,-0.26323119777158777,4.278053624627606,0.0,0.0,0.29651042742102,0.21310907741775909,0.863508064516129,0.8266129032258065,-0.028349257270381477,0.2743951612903226,-0.849579218369469,-0.005374467074843358,-0.005374467074843358,-0.4537513963169089,0.8913876664415041,-89.30460620999999,38.400980670299994,0.37556270096463024,-0.8970814132104454,-8.716417910447761,-3.686046511627907,-2.38863287250384,-2.260230849947534,0.020161290322580645,0.02321262766945218,-0.43,0.057754010695187166,0.0,0.10695187165775401,0.013171759747102213,0.6993006993006993,0.6993006993006993,0.0,0.0,0.0,25.566878315671147,-6.706261025234076,45.0565784987408,8.077186951631484,-50.22574075801414,-52.01803352758998,-50.22574075801414,0.5934744270118651,0.8486684306269671,-0.25519400361510197,1.020776874435411,4.6125,-0.4537513963169089,1.9770328432970954,-0.02077687443541102,130.79348138999998,0.0,Industrials
2005-12-31,DAL,2005,Q4,USD,0.0,-0.16292541636495295,-0.08641081342022688,-0.16292541636495295,-0.27443881245474294,-0.29809316920106205,-0.29809316920106205,-0.29881728216268405,5.058608058608058,0.0,0.0,0.2901260504201681,0.206746843654873,0.8509021842355176,0.8182336182336183,-0.030667468430547205,0.3813865147198481,-0.8741055967449393,0.3086972923241337,0.3086972923241337,-0.436390262548762,1.042259630200338,-60.81805137915493,359.84013732666665,0.38639652677279307,-0.7825164224355735,-3.5980483271375463,-1.964349910125824,-2.025164224355735,-5.667578659370725,0.002279202279202279,0.002896451846488052,-5.916666666666667,-0.3844856661045531,0.0,0.01011804384485666,0.0015497869043006587,0.14457831325301204,0.14457831325301204,0.0,0.0,0.0,21.86595291580028,-6.5180912022721085,40.86605682525744,10.597835736163882,-52.223896717799605,-53.81251651689588,-52.223896717799605,0.06333367969819052,0.4380579512458178,-0.3747242715476273,1.0861917326297275,1.6844444444444444,-0.436390262548762,1.793157385926171,-0.08619173262972735,-28.08123365340782,0.0,Industrials
2006-03-31,DAL,2006,Q1,USD,0.0,-0.13041140091422426,-0.049475665501478895,-0.13041140091422426,-0.5619790266200592,-0.5563323474052164,-0.5563323474052164,-0.5568701263780587,3.674901185770751,0.0,0.0,0.265150434906602,0.1809028115575445,0.8088375039594552,0.7817548305353184,-0.054871046832810896,0.38470066518847007,-0.5339894663871435,-0.008389424869504038,-0.008389424869504038,-0.37891595848580983,1.1883024532992739,7.256645030903119,6.304275069643366,0.38700262671466096,-0.6821572494212467,-2.1462098732128405,-1.3284088640447196,-1.7626682671696818,-3.7339357429718874,0.11102312321824517,0.18849152998117774,0.8687589158345221,-0.1251920122887865,0.0,0.5384024577572964,0.08810960281548517,7.619565217391305,7.619565217391305,0.0,0.0,0.0,19.178618992769458,-10.669686124237701,41.02852721335677,12.526180568280994,-60.14526305799145,-61.6820279033384,-60.14526305799145,3.6150072368731894,0.47443746903328593,3.1405697678399034,0.9899521531100478,4.309278350515464,-0.37891595848580983,1.8002864069046411,0.010047846889952153,-54.055960999021735,0.0,Industrials
2006-06-30,DAL,2006,Q2,USD,0.0,0.07783168107994094,0.1449061379455811,0.07783168107994094,-0.46424804893482385,-0.46509175279476905,-0.46509175279476905,-0.46509175279476905,4.6029126213592235,0.0,0.0,0.3482188762394418,0.22862516275256786,0.912210200927357,0.8856259659969088,-0.05453284397306592,0.3757341576506955,-0.509615383547619,-0.10661953220496294,-0.10661953220496294,-0.32416036945694504,0.9480716479413624,25.832228062586204,18.271575946707316,0.3812991271640064,-0.5702437617193135,-1.3269004866588354,-0.8844794781190541,-1.4955286311841915,-5.341971830985916,0.03802163833075734,0.05188778738662729,0.7073170731707317,0.4882058613295211,0.0,0.1758398856325947,0.031111673200961174,3.4166666666666665,3.4166666666666665,0.0,0.0,0.0,24.03826762406204,-11.180000023424762,40.09082094567782,14.678503432115503,-70.3047076302983,-71.81058518447388,-70.3047076302983,1.2472925196201776,0.3650612252546861,0.8822312943654914,1.0018173557473875,-5.964769647696477,-0.32416036945694504,1.7591408927458458,-0.001817355747387551,14.513548301149926,0.0,Industrials
2006-09-30,DAL,2006,Q3,USD,0.0,0.03536097663649758,0.09703220374657967,0.03536097663649758,0.006103978109871606,0.010945064197011155,0.010945064197011155,0.010945064197011155,4.7557557557557555,0.0,0.0,0.35532121756039187,0.22972776945022,0.9620480942254213,0.9329298216914772,0.009984950219958324,0.3734663831179454,21.913461538461537,-0.21415428321678318,-0.21415428321678318,-0.32859923581573064,0.9593769732687856,2279.0,46.98969072164948,0.3762390600067695,-0.5609545094081176,-1.2776683087027914,-0.8621291448516579,-1.4909523466224497,-11.8775,0.015867822672991985,0.02041675436750158,0.020618556701030927,0.3561442236938926,0.0,0.07137601177336277,0.012466263976352653,1.0210526315789474,1.0210526315789474,0.0,0.0,0.0,23.755,0.26,38.905,14.04,-69.355,-70.84,-69.355,0.485,0.475,0.01,1.793103448275862,0.17261904761904762,-0.32859923581573064,1.7071083808688021,-0.7931034482758621,21.81344902386117,0.0,Industrials
2006-12-31,DAL,2006,Q4,USD,0.0,0.0014499758337361043,0.08941517641372644,0.0014499758337361043,-0.6539391010149831,-0.4787336877718705,-0.4787336877718705,-0.4787336877718705,4.5224043715847,0.0,0.0,0.3189701688121483,0.21088574049536235,0.9334373374934998,0.9020627491766338,-0.04868282402528978,0.35257410296411856,-0.5664991664096416,0.00014272265820397946,0.00014272265820397946,-0.33023904911572133,1.084808940219913,-21.89726533965854,-88.01841950254901,0.4083171949852207,-0.5894210255278453,-1.4355850206056262,-0.9188311688311688,-1.4435371146913853,-13.435064935064934,-0.008840353614144566,-0.012324794586756888,4.019607843137255,0.7285429141716567,0.0,-0.033932135728542916,-0.0063654518222666,-0.33116883116883117,-0.33116883116883117,0.0,0.0,0.0,21.008307689075647,-10.057384613837325,40.676307686049796,13.443692305624047,-69.01061537399836,-70.61492306605925,-69.01061537399836,-0.2589230768832426,0.7818461537258699,-1.0407692306091125,0.7320768662232077,-451.0,-0.33023904911572133,1.7848314035124966,0.26792313377679233,28.289025390891894,0.0,Industrials
2007-03-31,DAL,2007,Q1,USD,0.7816552699834944,0.01650554114595614,0.08512143362414525,0.15916057533600567,-0.03065314784248998,-0.03065314784248998,-0.03065314784248998,-0.03065314784248998,4.301217038539554,1.0475113122171946,5.032608695652174,0.33852171136653897,0.21407298975316744,0.7668458557319665,0.7438429803725466,0.004807835876608833,0.2616577072134017,-8.647051923076923,0.09254185355973812,0.09254185355973812,-0.3287852442234571,1.0602374439990567,21.93398536585366,12.490186111111111,0.40437130886881023,-0.5857706931851419,-1.4141218005295675,-0.5393966681674921,-1.4485960807253584,-3.771453979546465,0.045005625703212905,0.08488564017920301,0.5694444444444444,0.10558642878034513,3.375,0.11183597390493942,0.04493820996130321,2.3225806451612905,2.3225806451612905,0.0,0.0,0.0,21.49518499746579,-0.6588950836289914,41.61682716675114,14.61226558540294,-69.31576279776989,-70.91231626964014,-69.31576279776989,1.8246325392802838,0.7856056766345666,1.039026862645717,1.0,-0.1925925925925926,-0.3287852442234571,1.7816209926593478,0.0,28.848939058171744,0.0,Industrials
2007-06-30,DAL,2007,Q2,USD,0.5566660003997601,0.37437537477513494,0.43194083549870077,0.19308414951029382,0.3379972016789926,0.3182090745552668,0.3182090745552668,0.3182090745552668,4.38859649122807,1.7220496894409938,9.016260162601625,0.43621937396460025,0.14830734570463033,0.8083042297244858,0.7764842840512224,0.07748742890116231,0.236709351959643,1.0208856783919598,-0.0012295338462384917,-0.0012295338462384917,0.6863386824324325,1.2994203477913253,23.0531914893617,14.287912087912087,0.246012924645758,0.8761613175675675,0.466996792527151,0.4436417033773862,3.5614442567567566,-2.9895428742157155,0.058853964558271896,0.09094543274035578,0.6197802197802198,1.3150510204081634,5.3076923076923075,0.3282828282828283,0.05482588263646222,2.6300578034682083,2.6300578034682083,0.0,0.0,0.0,15.16060606060606,4.824242424242424,25.7,10.23939393939394,28.703030303030303,-17.633333333333333,28.703030303030303,1.378787878787879,0.5242424242424243,0.8545454545454545,0.9414547604967475,1.7505175983436854,0.6863386824324325,1.375019227811106,0.058545239503252515,6.001850994909764,0.0,Industrials
2007-09-30,DAL,2007,Q3,USD,0.5297493782284293,0.09470059307442127,0.15152094891907403,0.17773101205280276,0.06944710158790894,0.04208915247752057,0.04208915247752057,0.04208915247752057,4.309150865622423,2.521025641025641,9.56420233463035,0.4522408721232047,0.15949104445732767,0.8420346062052506,0.8036992840095465,0.02245385450597177,0.24209427207637232,8.147238636363635,-0.09218237142552282,-0.09218237142552282,0.7354913828477636,1.3716414769466232,-24.808200692041524,597.4641666666666,0.2542946938028255,0.8549446040213378,0.4609003428824245,0.4325299802072418,3.36202297907263,-4.114128295946478,0.0017899761336515514,0.0022957719533193035,-24.083333333333332,0.6264478764478765,7.037878787878788,0.01327433628318584,0.0014398848092152627,0.03986710963455149,0.03986710963455149,0.0,0.0,0.0,13.283354510800509,0.5590851334180432,21.5146124523507,6.073697585768742,24.772554002541295,-13.42312579415502,24.772554002541295,0.030495552731893267,0.7649301143583227,-0.7344345616264295,0.6060606060606061,0.3907427341227126,0.7354913828477636,1.1624128085784782,0.3939393939393939,17.525972222222222,0.0,Industrials
2007-12-31,DAL,2007,Q4,USD,0.0,0.0204892326991428,0.08070248797825633,0.0204892326991428,-0.02195274932051014,-0.014635166213673426,-0.014635166213673426,-0.03554254651892118,4.48686679174484,0.0,0.0,0.4087684813263824,0.1475187366992567,0.79333838001514,0.7536714610143831,0.009771402958314657,0.40090840272520817,-20.330167857142857,0.15384991891891892,0.15384991891891892,0.56288410956195,1.1901415429646665,45.539576,10.700088345864662,0.27758072972889614,0.8899436369029962,0.47088369172814315,0.44123984750538703,3.206071393256205,-3.9463696369636962,0.08054504163512491,0.11122726322391804,0.2349624060150376,0.0,0.0,0.0,0.059111111111111114,1.307125307125307,1.2606635071090047,-0.21428571428571427,0.002635070647122406,0.2635070647122406,12.511116923881769,-0.18310227569971227,23.541721161391578,7.287470572848548,26.453047345017,-12.547737379021711,26.453047345017,1.3915772953178132,1.0646089458540413,0.3269683494637719,0.6666666666666666,-1.0714285714285714,0.56288410956195,1.402911612527969,0.3333333333333333,31.203230569948186,0.03923620193565263,Industrials
2008-03-31,DAL,2008,Q1,USD,0.4282417121275703,-1.3099034830046161,-1.2475870751154008,0.06651279899286613,-1.34074695761645,-1.34074695761645,-1.34074695761645,-1.34074695761645,3.596981132075472,8.462732919254659,10.361216730038024,0.39899539556299707,0.17813492805083161,0.7988307600059961,0.7594063858491981,-0.2671899666725136,0.37355718782791186,-0.13312840375586854,-1.5005079947436657e-05,-1.5005079947436657e-05,0.8612406985573272,0.7139660092320604,-11.230237623762376,12.02389399293286,0.340833489067464,2.308023285244242,0.6977046671767406,0.6797698168260659,6.7717033662363955,-3.5212412264499444,0.04242242542347474,0.05937893411665967,-1.0706713780918728,-6.764505119453925,2.1564625850340136,0.3866120218579235,0.031034104616734292,0.48293515358361777,0.48293515358361777,0.0,0.0,0.0,12.04539136148811,-16.149821821214648,23.418505320089974,6.558495716127076,9.985594055652438,-12.156595142416661,9.985594055652438,0.715242500063184,1.4810321732757095,-0.7657896732125256,1.0,-20.157728706624606,0.8612406985573272,2.679881813656083,0.0,-1.6868082744702322,0.0,Industrials
2008-06-30,DAL,2008,Q2,USD,0.44317148572467724,-0.18585197308601564,-0.1309328968903437,0.1260229132569558,-0.21149299872704128,-0.18985270049099837,-0.18985270049099837,-0.18985270049099837,3.8779971791255288,8.82420749279539,13.608888888888888,0.4582881906825569,0.19887165021156558,0.8813330054107231,0.8536645351697,-0.031007104053489346,0.39830300049188394,-0.5405172413793103,0.006461401516118329,0.006461401516118329,0.6066111260413867,0.4104746317512275,3.3739910313901347,2.282305358948433,0.3303316335756392,2.454716474066111,0.7105406456631661,0.6914337838958454,7.431066917495297,-4.767230169050715,0.12161829808165273,0.17985088197854154,0.6764408493427705,-0.6414087513340448,4.914893617021277,1.2424623115577889,0.1082767681191154,3.090625,3.090625,0.0,0.0,0.0,13.886363636363637,-2.6363636363636362,23.421717171717173,8.43939393939394,9.396464646464647,-9.570707070707071,9.396464646464647,2.4974747474747474,0.8080808080808081,1.6893939393939394,0.8976784178847808,-1.6782106782106783,0.6066111260413867,4.046606415027468,0.10232158211521926,-11.3225,0.0,Industrials
2008-09-30,DAL,2008,Q3,USD,0.42105263157894735,0.01573701696100717,0.06696974995628606,0.11418080083930757,-0.008742787200559538,-0.008742787200559538,-0.008742787200559538,-0.008742787200559538,4.612096774193549,9.54178674351585,13.62551440329218,0.474212271973466,0.22341589186655209,0.8084855627578079,0.7726870948733058,0.010470978584047917,0.3182086034177961,-14.739825000000002,0.15503242231075698,0.15503242231075698,1.2329422835633626,0.51546861339395,-2.2676653846153845,-2.977742424242424,0.3960856316899758,4.2404851526557925,0.8091779728651237,0.7950278611230176,10.705980761187787,-5.049889624724062,-0.14584560989982323,-0.17310718657107885,1.3131313131313131,0.38109452736318405,4.664285714285715,-1.1445086705202312,-0.09764276555873361,-3.193548387096774,-3.193548387096774,0.0,0.0,0.0,14.452868334596916,-0.12635835228708617,25.976750063179175,7.78620166793025,6.042456406368461,-12.807682587819055,6.042456406368461,-2.5018953752843065,0.7834217841799342,-3.2853171594642405,1.0,-0.07656967840735068,1.2329422835633626,3.4393217015805817,0.0,28.529934725848562,0.0,Industrials
2008-12-31,DAL,2008,Q4,USD,0.4608967674661105,-0.17294801132131685,-0.11723521525398481,0.10010427528675704,-0.21421123193803068,-0.21421123193803068,-0.21421123193803068,-0.21421123193803068,2.5999225406661504,2.256234413965087,9.327319587628866,0.32544722935957726,0.14913138134802506,0.8078388677191073,0.7726365450916349,-0.024105120072496603,0.386046089638904,-1.6478332406119611,-0.0013305485793761178,-0.0013305485793761178,10.844778947368422,1.411937553999702,-4.129994248366013,-4.765377978883862,0.46947616297151995,24.179633867276888,0.9602853637478984,0.9463309794289223,51.503432494279174,-3.928028086600351,-0.18045726728361458,-0.2962907790853568,1.1538461538461537,-0.13118853142190365,2.4259927797833933,-0.34760573226144703,-0.09411820375715706,-6.5,-6.5,0.0,0.0,0.0,8.116506262997534,-1.7386468056294433,25.886250423175508,5.400928567974077,1.0567296996662958,-16.686414857087584,1.0567296996662958,-2.404845964114717,0.3699763021714949,-2.7748222662862116,1.0,-2.1398809523809526,10.844778947368422,2.2296105789361693,0.0,-33.489627445997456,0.0,Industrials
2009-03-31,DAL,2009,Q1,USD,0.4980550568521843,-0.07271095152603231,-0.01526032315978456,0.07330939557151406,-0.11879114302812686,-0.11879114302812686,-0.11879114302812686,-0.11879114302812686,3.666483817882611,2.0358009708737863,8.828947368421053,0.3198698315467075,0.15055749521342493,0.698967641190249,0.6660015615511408,-0.00934451636429939,0.385269367571788,-1.4624527707808563,0.032623946425111405,0.032623946425111405,8.949421965317919,0.6949057450628366,22.330528846153847,7.223561430793157,0.47039080977587566,40.23699421965318,0.9757499299130923,0.9659939719564933,85.53949903660886,-2.39226914817466,0.05578207686301726,0.09619988031119091,0.3234836702954899,-0.015818858560794045,1.5909090909090908,0.10472312703583062,0.03079059522099315,1.4781609195402299,1.4781609195402299,0.0,0.0,0.0,8.101818181818182,-0.9624242424242424,25.686060606060607,5.464242424242424,0.6290909090909091,-17.124848484848485,0.6290909090909091,0.7793939393939394,0.5272727272727272,0.25212121212121213,1.0,-1.620408163265306,8.949421965317919,4.496043920555466,0.0,-206.7328431372549,0.0,Industrials
2009-06-30,DAL,2009,Q2,USD,0.4622857142857143,0.010142857142857143,0.06485714285714286,0.00842857142857143,-0.03614285714285714,-0.03671428571428571,-0.03671428571428571,-0.03671428571428571,4.964539007092198,2.382278481012658,10.118279569892474,0.33467202141900937,0.15737410071942445,0.7443716925284779,0.7110054713427213,0.002896551724137931,0.4351062875594224,-4.657908560311284,0.06879372642921282,0.06879372642921282,4.886051020408163,0.6840471428571429,7.27709726443769,5.741402877697841,0.4631294964028777,21.020408163265305,0.9545875810936052,0.9377935762346071,45.38775510204081,-2.2151898734177213,0.07480491523903489,0.11914285714285715,0.7889688249400479,0.07317073170731707,0.18209876543209877,0.1431513903192585,0.040485436893203886,4.738636363636363,4.738636363636363,0.0,0.0,0.0,8.464328899637243,-0.31076178960096734,25.301088270858525,5.975816203143894,1.185006045949214,-16.499395405078598,1.185006045949214,1.0084643288996373,0.21281741233373638,0.7956469165659008,1.0158102766798418,-4.288135593220339,4.886051020408163,4.302126211017202,-0.015810276679841896,45.23640969162996,0.0,Industrials
2009-09-30,DAL,2009,Q3,USD,0.4256667546870874,0.005017163982043834,0.055848956958014256,0.04396620015843676,-0.023633482968048587,-0.021256931608133085,-0.021256931608133085,-0.021256931608133085,5.155888359428182,2.933243425488874,12.219101123595506,0.3666376222286765,0.16886272936035493,0.9237023139462164,0.8865957890348134,0.005096352922439879,0.5624348551177819,-11.520000000000001,0.29760000000000003,0.29760000000000003,8.243200000000002,0.9795194085027727,-50.81424657534247,-296.75520000000006,0.4728111831984483,23.563333333333333,0.9592889130139775,0.9487325548276844,49.836666666666666,-4.22892238972641,-0.002605795288722118,-0.003300765777660417,5.84,0.09247221639756763,1.5345622119815667,-0.005492091388400703,-0.001178856038100627,-0.2066115702479339,-0.2066115702479339,0.0,0.0,0.0,9.147342995169081,-0.19444444444444445,25.8743961352657,6.628019323671498,1.0869565217391304,-16.596618357487923,1.0869565217391304,-0.030193236714975844,0.1461352657004831,-0.17632850241545894,0.8994413407821229,-0.5375375375375375,8.243200000000002,2.858517727743271,0.1005586592178771,54.91697399527187,0.0,Industrials
2009-12-31,DAL,2009,Q4,USD,0.5587068332108743,-0.00411462160176341,0.05231447465099192,0.13886847905951505,-0.05216752387950037,-0.0036737692872887582,-0.0036737692872887582,-0.0036737692872887582,5.029563932002956,2.4043234587670135,9.18348623853211,0.3330396906964225,0.15629665357495579,0.7901398387261407,0.7567622741655609,0.008292142098212224,0.4702459936715321,-94.45400000000001,1.1223427141963727,1.1223427141963727,38.55265306122449,1.3880088170462894,-17.394843462246776,-129.38904109589043,0.4687980890695698,83.31020408163265,0.9881390395042603,0.9846008799497171,177.71020408163264,-4.881635581061693,-0.007451260589976524,-0.010727406318883173,7.438356164383562,0.13522570471121625,2.889908256880734,-0.015381373788453435,-0.003576502866101612,-0.15531914893617021,-0.15531914893617021,0.0,0.0,0.0,8.198795180722891,-0.030120481927710843,24.985542168674698,5.636144578313253,0.29518072289156627,-17.314457831325303,0.29518072289156627,-0.08795180722891566,0.5662650602409639,-0.6542168674698795,0.07042253521126761,-0.37566137566137564,38.55265306122449,2.1609460689859614,0.9295774647887324,70.92528089887641,0.0,Industrials
2010-03-31,DAL,2010,Q1,USD,0.42625584112149534,0.0,0.056220794392523366,0.017815420560747662,-0.03592289719626168,-0.037383177570093455,-0.037383177570093455,-0.037383177570093455,4.467058056099152,2.61063122923588,12.316614420062695,0.3343586738928763,0.15444642414127518,0.7449215965787598,0.7165003563791874,0.002914134682720763,0.43772273699215963,-11.854375,-0.012748005984280098,-0.012748005984280098,168.59555555555556,1.7726168224299066,19.026457680250783,12.566128364389234,0.4715487494079704,290.3888888888889,0.9965681601525263,0.9953011812308294,615.8194444444445,-2.7843057532018705,0.0860655737704918,0.14106308411214954,0.660455486542443,0.06352702015924107,0.4959349593495935,0.1707618879264628,0.04620241056055099,2.9451219512195124,2.9451219512195124,0.0,0.0,0.0,8.23076923076923,-0.3076923076923077,25.42548076923077,5.905048076923077,0.08653846153846154,-17.46033653846154,0.08653846153846154,1.1610576923076923,0.3942307692307692,0.7668269230769231,1.0406504065040652,-2.0163934426229506,168.59555555555556,1.7223994305899721,-0.04065040650406504,73.07501298701298,0.0,Industrials
2010-06-30,DAL,2010,Q2,USD,0.47563663075416257,0.08851616062683644,0.13491674828599412,0.1143486777668952,0.05729676787463271,0.0571743388834476,0.0571743388834476,0.0571743388834476,4.965349544072948,2.6276073619631903,15.028070175438597,0.40047068052559326,0.1864457075030245,0.6616212579885637,0.6376555667675748,0.019399220362302225,0.37285570131180623,5.245985010706638,-0.018692590268035145,-0.018692590268035145,49.243718592964825,1.1997428991185113,11.693914081145584,9.477272727272727,0.3602684379921934,79.31155778894473,0.9875484920535602,0.986206418520829,220.14572864321607,-2.372005227239727,0.08694920955264043,0.12659157688540645,0.8104448742746615,0.6082872928176796,3.6627450980392156,0.6649517684887459,0.06551352721282393,5.275510204081633,5.275510204081633,0.0,0.0,0.0,9.793764988009592,0.5599520383693045,19.230215827338128,5.806954436450839,0.23860911270983212,-17.243405275779377,0.23860911270983212,1.2398081534772183,0.23501199040767387,1.0047961630695443,0.9978632478632479,0.5010706638115632,49.243718592964825,1.6105923771621,0.002136752136752137,19.191016333938293,0.0,Industrials
2010-09-30,DAL,2010,Q3,USD,0.4776536312849162,0.06871508379888268,0.1106145251396648,0.13508379888268157,0.04089385474860335,0.040558659217877095,0.040558659217877095,0.040558659217877095,5.919312169312169,2.814569536423841,16.81654676258993,0.44342053111375346,0.2074015711538016,0.6193739424703891,0.59585448392555,0.017390074932843207,0.2906937394247039,6.693801652892563,-0.28834837889383336,-0.28834837889383336,13.593566433566435,1.0859664804469273,83.07179487179488,18.90933852140078,0.3560586749472806,21.48951048951049,0.9555348258706468,0.9481056757149078,60.353846153846156,-2.1001994602839376,0.043485617597292726,0.05743016759776536,0.22762645914396887,0.38690709525676203,4.855421686746988,0.22328410078192876,0.03345265213146762,1.2947103274559193,1.2947103274559193,0.0,0.0,0.0,10.718562874251496,0.4347305389221557,18.69940119760479,4.640718562874252,0.8562874251497006,-16.580838323353294,0.8562874251497006,0.615568862275449,0.4754491017964072,0.14011976047904193,0.9918032786885246,0.3027295285359802,13.593566433566435,1.5808589007551908,0.00819672131147541,21.867070707070706,0.0,Industrials
2010-12-31,DAL,2010,Q4,USD,0.6248555655411477,0.03132622929772756,0.07908589035819746,0.26293490820387727,0.002567723712928489,0.0024393375272820646,0.0024393375272820646,0.0024393375272820646,5.349587912087912,1.7057793345008756,9.18867924528302,0.3835623184123701,0.18035102343243495,0.6418093983311375,0.6138779095300835,0.009245465938379323,0.25401844532279316,138.26842105263157,-1.4597451768384868,-1.4597451768384868,11.71505016722408,1.3491333932468865,-102.02330097087379,33.04528301886792,0.3531536537927202,17.00334448160535,0.9444547650009288,0.9362745098039216,48.147157190635454,-1.8162527690334616,0.02793148880105402,0.040826807035562976,-0.3238993710691824,0.2677405311275577,9.142857142857142,0.15340086830680175,0.020849724626278522,0.7553444180522565,0.7553444180522565,0.0,0.0,0.0,9.339328537170264,0.022781774580335732,18.556354916067146,4.328537170263789,1.0755395683453237,-16.362110311750598,1.0755395683453237,0.381294964028777,0.5047961630695443,-0.12350119904076738,0.95,0.009765625,11.71505016722408,1.4514103003311636,0.05,37.124025974025976,0.0,Industrials
2011-03-31,DAL,2011,Q1,USD,0.3634955466632245,-0.021685813863431005,0.026849102878533627,-0.010971989157093067,-0.05021298567187298,-0.04104814767006583,-0.04104814767006583,-0.04104814767006583,4.192099567099567,2.5857367593078133,14.12893982808023,0.3810062460040329,0.17654565757389304,0.6519575856443719,0.6234910277324633,0.0013449899125756557,0.23499184339314846,-6.448584905660378,0.003635035444710469,0.003635035444710469,10.821372031662271,1.058809861882019,18.309375000000003,10.409390862944164,0.34568492058066136,20.011873350923484,0.9524078608651975,0.9466347507744297,57.89050131926121,-1.8566806470940682,0.06427406199021207,0.10171679359752162,0.5685279187817259,0.14351851851851852,-0.38461538461538464,0.457341845618108,0.05194805194805195,2.3176470588235296,2.3176470588235296,0.0,0.0,0.0,9.255675029868579,-0.37992831541218636,18.387096774193548,4.586618876941458,0.9056152927120669,-16.448028673835125,0.9056152927120669,0.9414575866188769,0.4062126642771804,0.5352449223416965,0.8174807197943444,4.576470588235294,10.821372031662271,1.8492916880013652,0.18251928020565553,98.5125,0.0,Industrials
2011-06-30,DAL,2011,Q2,USD,0.393859936632798,0.04676062493171638,0.08838632142466951,0.06828362285589425,0.021304490331039004,0.021632251720747297,0.021632251720747297,0.021632251720747297,4.855702917771883,2.92,13.766749379652605,0.45055377799655427,0.2086011212908519,0.6298234650835807,0.598344008748633,0.013436056900192606,0.22301202937041087,9.702601010101011,-0.059467554578038456,-0.059467554578038456,9.789121019108281,0.8395564295859281,11.418216939078752,7.793569979716025,0.33413099958977166,18.67643312101911,0.9491777806551858,0.9431612482803562,55.89554140127389,-2.0326449033977347,0.07701921574753945,0.10772424341745876,0.6825557809330629,0.4346895074946467,2.6824034334763946,0.6030581039755352,0.06725325694018143,3.1501597444089455,3.1501597444089455,0.0,0.0,0.0,10.922434367541767,0.23627684964200477,17.77326968973747,4.5608591885441525,0.9367541766109785,-16.375894988066825,0.9367541766109785,1.1766109785202863,0.373508353221957,0.8031026252983293,1.0153846153846153,0.312,9.789121019108281,1.9078764155191126,-0.015384615384615385,24.09203955500618,0.0,Industrials
2011-09-30,DAL,2011,Q3,USD,0.4110635696821516,0.07905460472697637,0.11817440912795436,0.08791768541157294,0.055725346373268134,0.05592909535452323,0.05592909535452323,0.05592909535452323,5.405286343612334,3.5228519195612433,15.213157894736842,0.48459715639810425,0.22808811227809275,0.6101398601398601,0.5785048285048285,0.02231310087530492,0.19205794205794205,2.862021857923497,0.016354410616705693,0.016354410616705693,5.143207855973814,0.6402811735941321,-18.987915407854985,-64.13265306122449,0.33678780555813737,11.86088379705401,0.9222448460167981,0.9113143188910661,35.217675941080195,-2.0836340479728297,-0.008158508158508158,-0.009983700081499592,3.377551020408163,0.5364727608494921,3.7685589519650655,-0.05059370160041301,-0.006761418518007451,-0.4206008583690987,-0.4206008583690987,0.0,0.0,0.0,11.713603818615752,0.6551312649164678,17.569212410501194,3.89618138424821,1.458233890214797,-15.834128878281623,1.458233890214797,-0.11694510739856802,0.27804295942720764,-0.39498806682577564,1.0036563071297988,0.6338354577056778,5.143207855973814,2.3061256961018297,-0.003656307129798903,15.924137931034483,0.0,Industrials
2011-12-31,DAL,2011,Q4,USD,0.4467198476009049,0.07560423859983331,0.1210858435528039,0.09691629955947137,0.04964876771044172,0.05060126205500655,0.05060126205500655,0.05060126205500655,5.37364043506078,2.904375,12.662125340599456,0.4153191910201256,0.19308489850341387,0.26212747443985207,0.23551591617721704,0.01797527564316739,0.19266188093684286,3.9974117647058827,-0.1758861176470588,-0.1758861176470588,-4.867908309455587,0.8090963209905941,8.602025316455697,5.86839378238342,0.31704177107519715,-9.87893982808023,1.1126260588947157,1.1335757343794852,-31.15974212034384,-1.1304933037216502,0.08396780509027627,0.13787355637575902,0.6822107081174439,0.47409805735430155,3.7339449541284404,0.595679012345679,0.08396780509027627,3.1467391304347827,3.1467391304347827,0.0,0.0,0.0,9.998809523809523,0.5059523809523809,16.677380952380954,4.303571428571429,-1.661904761904762,-18.97738095238095,-1.661904761904762,1.3785714285714286,0.4380952380952381,0.9404761904761905,1.0191846522781776,0.5122850122850123,-4.867908309455587,2.0294013773618222,-0.019184652278177457,17.629891838741397,0.0,Industrials
2012-03-31,DAL,2012,Q1,USD,0.1835254962557946,0.04742660168786402,0.09330797575181267,0.04540591941043623,0.015095685249019376,0.014739094258885059,0.014739094258885059,0.014739094258885059,4.655783065855008,3.437937937937938,18.87087912087912,0.41378123155616764,0.19038674783317114,0.6081635644144804,0.5814890810493918,0.011283185840707964,0.21332258537300308,16.843004032258065,-0.23860922379032262,-0.23860922379032262,-8.263234421364984,0.9930024961369309,19.70313679245283,10.053104693140794,0.302699766910317,-13.230464886251236,1.0817630408410837,1.0961941008563274,-43.7082096933729,-1.083939960059267,0.06089696614392496,0.09877570426720551,0.5102286401925391,0.36765397273154676,1.4044117647058822,0.44797843665768194,0.06212619617224881,2.041769041769042,2.041769041769042,0.0,0.0,0.0,9.979833926453143,0.14709371293001186,16.18979833926453,4.590747330960854,-1.199288256227758,-18.43179122182681,-1.199288256227758,0.9857651245551602,0.48279952550415184,0.5029655990510083,0.9763779527559056,0.3324607329842932,-8.263234421364984,1.6011242343607293,0.023622047244094488,23.973414012738854,0.0,Industrials
2012-06-30,DAL,2012,Q2,USD,0.15546650226058364,0.009453349773941636,0.04932182490752158,0.013769009453349773,-0.01685162351006987,-0.01726263871763255,-0.01726263871763255,-0.01726263871763255,5.3238512035010945,3.7788505747126435,20.91348600508906,0.47222087437527294,0.21762075134168157,0.5755802082624379,0.5488327775131014,0.0047977319812452296,0.17280337575716329,-13.768973214285714,0.059009885204081625,0.059009885204081625,-8.152202643171806,0.9507552404438965,264.3642857142857,14.640427215189874,0.29069767441860467,-11.45374449339207,1.0956595027391487,1.1125322228832044,-39.40088105726872,-1.6803936803936803,0.04301367998366569,0.06494040279490342,0.055379746835443035,0.2339066339066339,0.5234375,0.3552557616638561,0.048615384615384616,1.0586264656616415,1.0586264656616415,0.0,0.0,0.0,11.51715976331361,-0.19881656804733727,15.687573964497041,4.139644970414201,-1.3431952662721893,-18.514792899408285,-1.3431952662721893,0.7479289940828402,0.7065088757396449,0.04142011834319527,1.024390243902439,-1.2238805970149254,-8.152202643171806,1.4049877063575693,-0.024390243902439025,41.0703125,0.0,Industrials
2012-09-30,DAL,2012,Q3,USD,0.2741106520205583,0.13050488763478788,0.1700090698377507,0.13181497530988612,0.10601632570795122,0.10551244583291343,0.10551244583291343,0.10551244583291343,5.559103641456582,3.0980645161290323,17.87344913151365,0.4817224137094034,0.22373286435786435,0.6172867513611615,0.5868118572292801,0.03240990990990991,0.17196007259528132,1.9129942693409745,-0.0026569364851957984,-0.0026569364851957984,-166.90875000000003,0.8073788168900535,216.5302702702703,17.303714902807776,0.28537608225108224,-263.6875,1.0038068046633357,1.0043387869474827,-924.0,-1.7567495795343897,0.03501209921355112,0.046659276428499444,0.07991360691144708,0.9401900503074343,5.382716049382716,0.29948253557567917,0.03658054831318638,1.0868544600938967,1.0868544600938967,0.0,0.0,0.0,11.729314420803783,1.2375886524822695,15.24822695035461,3.821513002364066,-0.05673758865248227,-17.185579196217493,-0.05673758865248227,0.5472813238770685,0.5035460992907801,0.04373522458628842,0.9952471482889734,0.8042813455657493,-166.90875000000003,1.5798302964943418,0.004752851711026616,10.903746295198577,0.0,Industrials
2012-12-31,DAL,2012,Q4,USD,-0.48105091839107184,0.045687049523366656,0.056614740757963265,0.054987212276214836,0.0012787723785166241,0.0006975122064636131,0.0006975122064636131,0.0006975122064636131,5.080921441228588,5.556040122110772,12.453567937438905,0.4152947424322889,0.1930864197530864,0.6233609645817634,0.5462697814619443,0.0021421991816799124,0.18206480783722684,418.41749999999996,-4.212370707152716,-4.212370707152716,-4.712351008916001,1.1674052545919553,836.835,18.25821818181818,0.2852749719416386,-5.963866729235101,1.20145585176782,1.238073958216959,-20.905678085405913,-1.7103091758624118,0.04144687264506405,0.0639386189258312,0.02181818181818182,0.23992035838725734,1.2382198952879582,0.33804548248309774,0.04327641828625384,1.0223048327137547,1.0223048327137547,0.0,0.0,0.0,10.167848699763594,0.0070921985815602835,15.473995271867611,3.9881796690307327,-2.5189125295508275,-19.62647754137116,-2.5189125295508275,0.6501182033096927,0.6359338061465721,0.014184397163120567,0.5454545454545454,0.023255813953488372,-4.712351008916001,1.2655820243337497,0.45454545454545453,41.75568788501027,0.0,Industrials
2013-03-31,DAL,2013,Q1,USD,0.1691764705882353,0.026235294117647058,0.03835294117647059,0.02611764705882353,0.00035294117647058826,0.0008235294117647059,0.0008235294117647059,0.0008235294117647059,4.262788365095286,2.936382536382536,7.097487437185929,0.40879142018948683,0.18860388745895093,0.6142308785897072,0.5435029854990049,0.0023398779009168066,0.18737560420813193,492.14285714285717,0.0,0.0,-7.092125579001545,1.6211764705882352,38.59943977591036,13.725099601593627,0.2732315611964143,-6.33762223365929,1.1873493395043873,1.2213488266119845,-23.195059186824498,-1.630695443645084,0.07136764287745237,0.11811764705882354,0.3555776892430279,0.18201875344732488,1.009090909090909,0.6302573760200879,0.0815332142277083,1.5517774343122102,1.5517774343122102,0.0,0.0,0.0,10.023584905660377,0.008254716981132075,14.78066037735849,4.238207547169812,-2.2912735849056602,-19.3938679245283,-2.2912735849056602,1.1839622641509433,0.7629716981132075,0.4209905660377358,2.3333333333333335,0.013513513513513514,-7.092125579001545,0.8936139332365748,-1.3333333333333333,71.95705521472392,0.0,Industrials
2013-06-30,DAL,2013,Q2,USD,0.2194292778407335,0.09261357783043164,0.09457092819614711,0.09415885443494386,0.0706706500463583,0.07056763160605749,0.07056763160605749,0.07056763160605749,4.657869481765835,2.9471022948269154,7.876299376299376,0.4611620504537033,0.21207288298523114,0.6020304568527919,0.5369204737732657,0.01499275917880569,0.20067681895093062,6.005839416058394,0.0006217845472531455,0.0006217845472531455,-13.89864864864865,1.6952714535901927,18.914942528735633,13.62251655629139,0.26699729092021324,-10.32179054054054,1.1072755277702273,1.126739456219225,-38.65878378378378,-1.716989475546122,0.08175972927241963,0.12444627588338313,0.7201986754966887,0.4806079664570231,4.291079812206573,0.7126843657817109,0.09884624826118976,3.57396449704142,3.57396449704142,0.0,0.0,0.0,11.42,0.8058823529411765,14.628235294117648,4.615294117647059,-1.3929411764705881,-18.435294117647057,-1.3929411764705881,1.4211764705882353,0.3976470588235294,1.0235294117647058,0.9985422740524781,0.75054704595186,-13.89864864864865,0.7426470588235294,0.0014577259475218659,28.00871459694989,0.0,Industrials
2013-09-30,DAL,2013,Q3,USD,0.2844613918017159,0.15023832221163014,0.161582459485224,0.1489990467111535,0.12993326978074357,0.13050524308865585,0.13050524308865585,0.13050524308865585,5.327577450482479,2.8958333333333335,7.273255813953488,0.49255763722590035,0.22805835163162816,0.29644828074147445,0.22343285694071036,0.0324465765372874,0.2135276637894439,3.6660135135135135,0.03711838682432433,0.03711838682432433,146.53350364963504,1.9137359389895139,37.87752830188679,17.29120585701981,0.25871252472987366,86.86131386861314,0.9886184265182354,0.9865870373996476,335.7445255474453,-1.325834175935288,0.08214235177585963,0.11067683508102955,0.45650301464254955,0.8354616895874263,7.338028169014085,0.6368623148656062,0.09756302521008403,1.8399366085578448,1.7023460410557185,0.03725346968590212,0.0025404618360366006,0.2540461836036601,12.326674500587544,1.608695652173913,14.233842538190364,4.673325499412456,0.1609870740305523,-16.841363102232666,0.1609870740305523,1.36427732079906,0.7414806110458284,0.6227967097532315,1.004402054292003,0.872040946896993,146.53350364963504,0.5927744284085401,-0.004402054292002935,17.083828908554572,0.05992949471210341,Industrials
2013-12-31,DAL,2013,Q4,USD,0.2245482591449978,0.0750330542089026,0.09045835169678272,0.07723666813574262,0.05233583076245042,0.9342221242838255,0.9342221242838255,0.9342221242838255,5.640770665009323,3.06,6.620884289746002,0.41530154662761964,0.17369670060476153,0.6819530808366309,0.606840022611645,0.2122435913221207,0.20096099491237987,0.685211109800684,0.0013117596751237828,0.0013117596751237828,1.9960164905952074,2.5605575143234907,129.83027932960894,20.54785145888594,0.2170634616856771,0.9741475564716997,0.4934522514683489,0.45689896445563954,4.487846774886198,-1.2566285912080304,0.07991803278688525,0.124614367562803,0.15826702033598586,5.034227039361095,3.4029126213592233,0.7310924369747899,0.09971786281079174,1.1880252100840336,1.127617148554337,0.006014860242953179,0.0021945281377234224,0.21945281377234221,10.728132387706856,10.022458628841608,13.650118203309693,4.495271867612293,13.76241134751773,-3.3203309692671397,13.76241134751773,1.3368794326241136,1.1252955082742317,0.2115839243498818,17.850526315789473,0.6776034236804565,1.9960164905952074,0.4880458458442952,-16.850526315789473,38.65727161997564,0.06028368794326241,Industrials
2014-03-31,DAL,2014,Q1,USD,0.2072678331090175,0.058434275459847466,0.05484522207267833,0.06953790937640197,0.03757290264692687,0.02388963660834455,0.02388963660834455,0.02388963660834455,4.366307541625857,3.019222554463904,7.455696202531645,0.4057891862370289,0.17091264592558514,0.6493004663557628,0.5861425716189207,0.004466268568326506,0.1798134576948701,34.32464788732394,-0.3520296538699958,-0.3520296538699958,2.5122068550811787,3.2800134589502017,86.77922848664689,30.75141955835962,0.21170471754174094,0.9487157460699253,0.4868415252369407,0.4484768086416829,4.4813160381410535,-1.8261136712749615,0.06335776149233845,0.1066621803499327,0.35436382754994744,0.20804988662131518,3.3333333333333335,0.6026615969581749,0.08611010503440783,1.5488599348534202,1.4300751879699247,0.23943661971830985,0.0017439116965183316,0.17439116965183316,10.563981042654028,0.2523696682464455,13.30568720379147,4.334123222748815,13.792654028436019,-3.311611374407583,13.792654028436019,1.1267772511848342,0.7274881516587678,0.39928909952606634,0.6358208955223881,0.5403225806451613,2.5122068550811787,0.3776423681636952,0.3641791044776119,76.87034764826176,0.06042654028436019,Industrials
2014-06-30,DAL,2014,Q2,USD,0.27276151021561057,0.1384991996987101,0.1416062517653705,0.1486677337350532,0.12221071462197533,0.07541662743621128,0.07541662743621128,0.07541662743621128,5.048003802281369,3.045741324921136,8.037460978147763,0.48172169811320753,0.20350251959150045,0.6914984548622526,0.6283121835755145,0.02085625687706312,0.22105332368992045,10.163395755305867,0.03629784198323524,0.03629784198323524,2.6684847988199625,3.065956124658695,21.17263979193758,15.838287937743189,0.19777356249161732,0.8458575760059002,0.4582463928967814,0.4268739432650761,4.276899123166435,-2.133587786259542,0.1351831152607009,0.1935787590622352,0.7480544747081712,0.7162162162162162,9.127167630057803,1.667477696674777,0.1991862042239876,3.969111969111969,3.619718309859155,0.062421972534332085,0.0015354605398924933,0.1535460539892493,12.629013079667063,0.9524375743162902,12.479191438763378,4.8525564803805,14.510107015457788,-2.6349583828775267,14.510107015457788,2.4447086801426874,0.6159334126040428,1.8287752675386444,0.6171032357473035,0.8220392653578215,2.6684847988199625,0.3169804738554063,0.3828967642526965,26.278936170212766,0.059453032104637336,Industrials
2014-09-30,DAL,2014,Q3,USD,0.25541241724816605,0.06557523707282162,0.11943102522812668,0.0747003041689032,0.051798174986580785,0.031937734836285564,0.031937734836285564,0.031937734836285564,5.23559718969555,3.2297244858362437,8.835456475583864,0.514593499677746,0.21520985752791683,0.7422534260446905,0.6786606359279012,0.0241902936131571,0.1694457571052454,21.112815126050418,-0.38571489172592116,-0.38571489172592116,2.4519437215354585,2.697181964573269,33.461820199778025,22.201104565537552,0.19520600693107432,0.8245770982433311,0.45192779139737016,0.4218000564281012,4.224137931034483,-2.627027027027027,0.09167623033821644,0.12148863839685095,0.6634756995581738,0.8412698412698413,5.422077922077922,1.1616766467065869,0.1339382582108689,2.9715536105032823,2.5526315789473686,0.21008403361344538,0.00248763644685911,0.248763644685911,13.402877697841726,0.42805755395683454,12.341726618705035,5.23021582733813,14.743405275779377,-2.5323741007194243,14.743405275779377,1.6282973621103118,0.5479616306954437,1.080335731414868,0.616580310880829,0.6934131736526946,2.4519437215354585,0.33629527912939355,0.38341968911917096,28.29820224719101,0.08992805755395683,Industrials
2014-12-31,DAL,2014,Q4,USD,0.05887840779516948,-0.1039701461594278,-0.11464704053073495,-0.08582979164507101,-0.11817145226495283,-0.07380532808126879,-0.07380532808126879,-0.07380532808126879,2.9941030415890753,3.4626239511823034,10.656103286384976,0.43991974098226094,0.1786415317951187,0.7384916168019432,0.6880146928135553,-0.0180353625882405,0.12370401090111974,-14.249209971910112,0.04749736657303371,0.04749736657303371,4.604760013616249,4.206670467502851,-520.2788461538462,69.72809278350515,0.18104885004259103,1.1093838647452627,0.5259279182356106,0.4927477840451249,6.127538863043232,-2.3437803692905734,0.03448071568220866,0.06032963615631803,-0.13402061855670103,-0.5011086474501109,-6.043795620437956,0.4786184210526316,0.05952746241178276,0.8818181818181818,0.7918367346938775,-0.10533707865168539,0.0018481213846125416,0.18481213846125416,11.693333333333333,-0.863030303030303,12.016969696969698,4.006060606060606,10.682424242424242,-6.7684848484848485,10.682424242424242,0.7054545454545454,0.8,-0.09454545454545454,0.624561403508772,1.3768115942028984,4.604760013616249,0.2409211036980909,0.37543859649122807,-43.644439421338156,0.09090909090909091,Industrials
2015-03-31,DAL,2015,Q1,USD,0.29047720494247975,0.14028547081380485,0.13272262462718365,0.14891350660417554,0.12633148700468683,0.07946314443971027,0.07946314443971027,0.07946314443971027,3.8475409836065575,2.672953451043339,8.31585518102372,0.42628161467556647,0.17465396636404226,0.7082395057451354,0.6619897222703389,0.015098644477251375,0.12252439517293147,12.324825737265416,-0.059883334090668115,-0.059883334090668115,4.065584788856953,3.9174776310183215,35.025980952380955,22.48,0.17796547105223992,1.0574839708158301,0.5139694820545885,0.478646763875281,5.942073844793279,-1.983310446815253,0.09446272879496506,0.17426501917341286,0.6418092909535452,0.5790229885057471,10.67175572519084,1.2973830293417923,0.17102237089692662,2.7918088737201363,2.4750378214826023,0.10053619302949061,0.0020393025259072993,0.20393025259072994,11.47677261613692,0.9119804400977995,11.854523227383863,4.363080684596577,11.058679706601467,-6.536674816625917,11.058679706601467,2.0,0.7163814180929096,1.2836185819070904,0.6290050590219224,0.8483547925608012,4.065584788856953,0.26010623950438966,0.37099494097807756,35.49059390048154,0.09168704156479218,Industrials
2015-06-30,DAL,2015,Q2,USD,0.36658260950779864,0.23283833006444382,0.23694779116465864,0.23106379004389652,0.2209769309797329,0.13869431213224992,0.13869431213224992,0.13869431213224992,5.098571428571429,2.4195504816268283,7.698070374574347,0.47629003558718863,0.2028570887251094,0.6697693478515396,0.6181945907973305,0.03537877736128465,0.13423486711157945,5.553407407407407,0.05376171000788023,0.05376171000788023,3.4494656488549618,3.080904081442047,18.065301204819278,12.017209471766849,0.17538508175290352,0.9680016731151312,0.4918703506907545,0.44274809160305345,5.519293108857053,-2.002431269870956,0.160695468914647,0.2563743345474923,0.6652094717668489,0.9272116461366181,19.480314960629922,1.654611211573237,0.29653235389435023,2.986942328618063,2.769929364278507,0.048484848484848485,0.0021826621445140606,0.21826621445140607,13.333748443337484,1.8493150684931507,11.686176836861769,4.716064757160647,11.909090909090908,-6.008717310087173,11.909090909090908,3.4184308841843087,1.1444582814445827,2.2739726027397262,0.6276415891800508,0.9563459983831851,3.4494656488549618,0.2806236593300925,0.3723584108199493,15.747433977138352,0.0896637608966376,Industrials
2015-09-30,DAL,2015,Q3,USD,0.3347438552264338,0.1974430539299541,0.1956423876834429,0.1992437201764653,0.18654902313856125,0.118393805708112,0.118393805708112,0.118393805708112,4.716348195329087,2.7488839285714284,10.631654676258993,0.4912862703467799,0.20704246355739478,0.6799750113584734,0.6405043162199,0.02990693055587631,0.13454111767378465,6.7219695817490495,-0.6908690959019849,-0.6908690959019849,3.4178405026582888,3.1833582425497435,23.493395348837208,17.10573778422835,0.16405696603661038,0.8507491541807637,0.45967826177791704,0.40685740496531164,5.185693571773804,-1.9700248315005322,0.11738982280781463,0.18609885657693345,0.7281083696178036,0.7754654983570646,18.289256198347108,1.212316715542522,0.23485967503692762,3.6779359430604983,3.0896860986547083,0.08136882129277566,0.0030262269228985257,0.30262269228985256,14.095177664974619,1.6687817258883249,11.32233502538071,4.836294416243655,13.128172588832488,-5.124365482233503,13.128172588832488,2.6230964467005076,0.7131979695431472,1.9098984771573604,0.6346525096525096,0.9362855851784907,3.4178405026582888,0.24891423503205537,0.36534749034749037,19.231274735388862,0.13578680203045684,Industrials
2015-12-31,DAL,2015,Q4,USD,0.31414439065459904,0.1720690380972427,0.21953272995158915,0.1806988002525784,0.1613344559040202,0.10313618185645128,0.10313618185645128,0.10313618185645128,4.703960396039604,2.3758658403208166,9.350071736011477,0.4124310950996137,0.17883088041555312,0.5167180189432843,0.4769485336072121,0.033842588213035665,0.11251854387766747,10.060413265306122,-0.40977780861124946,-0.40977780861124946,3.6347299539170503,4.150370448326668,65.61866888519135,26.66451656524679,0.15675462039372154,0.7676497695852534,0.4342770738828928,0.3840826521344233,4.897142857142857,-1.3473236440978376,0.0843889079082506,0.15565144180172596,0.40635564570655847,0.9207207207207208,16.833333333333332,0.946257197696737,0.1775723376155601,1.684510250569476,1.5045778229908444,0.10714285714285714,0.002662486478372242,0.26624864783722424,12.2133676092545,1.2596401028277635,10.836760925449871,4.417737789203085,13.946015424164525,-4.890745501285347,13.946015424164525,1.9010282776349614,1.1285347043701799,0.7724935732647815,0.639269406392694,0.8928363424577752,3.6347299539170503,0.21119857027011812,0.3607305936073059,21.95293384467881,0.13496143958868895,Industrials
2016-03-31,DAL,2016,Q1,USD,0.3131553345584261,0.16657658631499297,0.1666846827370014,0.16646848989298454,0.1550102691600908,0.10225921521997622,0.10225921521997622,0.10225921521997622,3.5134827193315608,2.3257686676427527,9.168831168831169,0.3949705405174622,0.17342806793895993,0.5139165009940357,0.47564612326043737,0.022499406034687575,0.0943229511817981,9.957272727272727,-3.1365409090909093,-3.1365409090909093,3.34858869534305,4.072891579288726,269.13085714285717,37.268367952522254,0.15843050504293052,0.751066477070743,0.42891945389027053,0.3808056350429232,4.740668325630999,-1.0712135247799908,0.05583167660702452,0.10928548265052426,0.13847675568743817,0.6434676434676435,14.392523364485982,0.6603527106466361,0.11963081292154774,1.1607347876004592,1.0337423312883436,0.113107822410148,0.002839829376681338,0.2839829376681338,11.95219638242894,1.2222222222222223,11.056847545219638,3.764857881136951,14.537467700258398,-4.390180878552972,14.537467700258398,1.306201550387597,1.1253229974160206,0.18087855297157623,0.6596931659693166,0.9311688311688312,3.34858869534305,0.2242934398348971,0.3403068340306834,28.807600518806744,0.13824289405684753,Industrials
2016-06-30,DAL,2016,Q2,USD,0.36651670335981623,0.23384703742701254,0.278836029482148,0.231932612233177,0.22494496027567723,0.14798506748348808,0.14798506748348808,0.14798506748348808,4.970028544243577,2.2388362652232745,8.324528301886792,0.4357455683003128,0.2023279234612852,0.47003076923076925,0.4211076923076923,0.05062274005624749,0.10227692307692307,4.465384864165589,0.06643621383270754,0.06643621383270754,2.3381828958509736,2.6432411218531637,12.731184877823882,8.589094867807153,0.15114072123019714,0.6607959356477562,0.3978790659732844,0.36158711281690903,4.372057578323455,-1.1998392098311703,0.19784615384615384,0.3077438499090648,0.6746500777604977,1.7458609271523178,26.053763440860216,2.883408071748879,0.4119682214249103,3.0736137667304013,2.7980852915578764,0.0666235446313066,0.003730000137611656,0.3730000137611656,13.782321899736148,2.0395778364116093,10.41820580474934,3.8931398416886545,15.580474934036939,-3.741424802110818,15.580474934036939,4.241424802110818,1.3799472295514512,2.861477572559367,0.6578723404255319,0.9698720594304581,2.3381828958509736,0.28261088421282876,0.3421276595744681,11.588032955715757,0.1358839050131926,Industrials
2016-09-30,DAL,2016,Q3,USD,0.33215682533625873,0.19030811790517982,0.2355241820089669,0.18782791185729275,0.18124582657636173,0.12009920824191549,0.12009920824191549,0.12009920824191549,5.252004008016032,2.7273081417997664,9.033548387096774,0.4348890271727857,0.20575881290727802,0.4838581897405427,0.4326929424968641,0.04508559238253811,0.1081402257872846,5.783637807783955,-0.34701826846703715,-0.34701826846703715,2.328249400479616,2.7784412858914433,24.80954003407155,15.710032362459547,0.14848472952814634,0.6047162270183853,0.3768368617683686,0.3409893062213559,4.072581934452438,-1.276080340839927,0.12240047534165181,0.17685776972240771,0.6332254584681769,1.540016849199663,20.726315789473684,1.6978021978021978,0.24507600793126239,2.726470588235294,2.233734939759036,0.11914217633042097,0.005149967040210943,0.5149967040210943,14.166216216216217,1.7013513513513514,10.35135135135135,4.2594594594594595,16.905405405405407,-2.881081081081081,16.905405405405407,2.5054054054054054,0.918918918918919,1.5864864864864865,0.6626315789473685,0.9649568308786186,2.328249400479616,0.25973000439463856,0.3373684210526316,14.19740785743216,0.20270270270270271,Industrials
2016-12-31,DAL,2016,Q4,USD,0.25703108479593995,0.11048847536477056,0.16039331782617888,0.10784521040389089,0.10065552971029816,0.0657644322266864,0.0657644322266864,0.0657644322266864,4.582364341085271,2.7321150855365475,7.886644219977553,0.3880205128205128,0.18452473856719212,0.48833847973194927,0.42980093292162147,0.028056317800630882,0.18145982524144275,14.472299035369772,-0.28944598070739547,-0.28944598070739547,2.936237462284922,3.807050116303658,108.78271903323262,32.00629333333333,0.14304666770719526,0.5978961102503466,0.3741770859913243,0.33584272097053725,4.1797276359781455,-1.2120979110598489,0.07391104395243414,0.11894692323958554,0.2942222222222222,0.9697712418300654,10.96774193548387,0.9946949602122016,0.1534369885433715,1.4168765743073048,1.1930010604453871,0.2395498392282958,0.004138075067458956,0.41380750674589556,12.920765027322405,0.8497267759562842,10.14344262295082,4.438524590163935,16.752732240437158,-3.2445355191256833,16.752732240437158,1.5368852459016393,1.0846994535519126,0.4521857923497268,0.6533613445378151,0.9333333333333333,2.936237462284922,0.20362662009804738,0.34663865546218486,26.748239947264338,0.20355191256830601,Industrials
2017-03-31,DAL,2017,Q1,USD,0.250302164597297,0.10361498736402593,0.16294912646961873,0.10976815734534666,0.09328645203823756,0.061641577848588064,0.061641577848588064,0.061641577848588064,3.94495015171218,2.899702507437314,7.980116959064327,0.3667244227747109,0.17685924716764803,0.431266846361186,0.37767191123926536,0.028587007322012775,0.11953864476900897,14.910374331550802,-6.336909090909083,-6.336909090909083,2.584695249130939,3.676396000439512,-20.872663755458515,-41.77138576779026,0.17930779844147768,0.7127848590189262,0.4161555114558903,0.3874219193639977,3.975202780996524,-1.0795326493090565,-0.050209991851062494,-0.08801230633996264,2.0012484394506864,1.0537918871252205,10.627659574468085,-0.7701923076923077,-0.08681044759943643,-0.9987531172069826,-0.8422712933753943,0.26559714795008915,0.004453227364454518,0.44532273644545184,12.501373626373626,0.7706043956043956,12.803571428571429,3.64010989010989,17.781593406593405,-2.340659340659341,17.781593406593405,-1.1002747252747254,1.1016483516483517,-2.201923076923077,0.6607773851590106,0.8498498498498499,2.584695249130939,0.2757713348444419,0.3392226148409894,27.497559002022925,0.20467032967032966,Industrials
2017-06-30,DAL,2017,Q2,USD,0.3164604075555969,0.17995719735740207,0.17679352377407648,0.18442356006327348,0.17037312738438634,0.11035637852423932,0.11035637852423932,0.11035637852423932,4.96626617375231,2.69479090242113,7.8315565031982945,0.42366066148933657,0.2074109813760494,0.43154350309662676,0.37514280560399255,0.03005008347245409,0.13474836149359629,8.246779089376055,0.08052737228449561,0.08052737228449561,2.9024942503153053,3.640338699171862,27.9847782546495,16.396781223805533,0.1739650680304931,0.6687439721047556,0.4007468990352554,0.36999298901612526,3.8441279026634025,-1.160144653748583,0.14346701942156215,0.22201544617102448,0.5859178541492037,1.04496253122398,19.24271844660194,2.1730418943533696,0.2646993565564677,2.41497975708502,2.1003521126760565,0.12478920741989882,0.0037829680553908315,0.3782968055390831,14.762362637362637,1.629120879120879,12.523351648351648,4.104395604395604,18.51510989010989,-1.6071428571428572,18.51510989010989,3.2774725274725274,1.3571428571428572,1.9203296703296704,0.6477334789732386,0.9238143289606459,2.9024942503153053,0.23040320304927675,0.3522665210267613,24.15564210526316,0.2032967032967033,Industrials
2017-09-30,DAL,2017,Q3,USD,0.2979839074224754,0.1696049181809963,0.175571828948558,0.16481330801916644,0.16056414429075128,0.1047825693879396,0.1047825693879396,0.1047825693879396,4.610671112963735,2.538411245505067,6.835387323943662,0.42706563706563705,0.21300647049761207,0.4293768186226964,0.360511639185257,0.03229888997284257,0.08959747817652765,7.447264883520276,-4.170468334771344,-4.170468334771344,2.4659324333976143,3.1213741976313174,49.041931818181816,20.988158054711246,0.169619473116623,0.6290979215770303,0.3861633565697751,0.35135510771369005,3.7088779372901937,-1.1725234536492288,0.0997211445198836,0.14872073049453033,0.4279635258358663,1.0007552870090635,18.23,1.3439542483660132,0.1867620345140781,1.7481402763018066,1.418103448275862,0.18895599654874892,0.006343134006381367,0.6343134006381367,15.44832402234637,1.6187150837988826,12.441340782122905,3.405027932960894,19.554469273743017,-0.8994413407821229,19.554469273743017,2.297486033519553,1.3142458100558658,0.9832402234636871,0.6525900900900901,0.9742183214481623,2.4659324333976143,0.2551156362018588,0.3474099099099099,21.552790937178166,0.3058659217877095,Industrials
2017-12-31,DAL,2017,Q4,USD,0.2781844802342606,0.1160566129819424,0.115568570034163,0.11654465592972181,0.1063933626159102,0.05583211322596388,0.05583211322596388,0.05583211322596388,4.310054690786706,2.03494771601541,5.564334085778781,0.38568685765914995,0.1922427381220446,0.4223334948581274,0.3507780110913692,0.014397440455030218,0.09766865880579335,17.309041444055943,-0.23219445839587244,-0.23219445839587244,2.847094667433501,3.8656014469497317,52.24681639050132,20.648116175182484,0.1657659686256849,0.6350826743350108,0.3884101301442139,0.32152960686762266,3.8312005751258087,-1.0172773309502532,0.1032681849997308,0.1872132747681796,0.39520333680917624,0.28449380606578384,12.06060606060606,0.855486173059768,0.21711568938193343,1.653448275862069,1.3949090909090909,0.3758741258741259,0.005428869748347676,0.5428869748347676,14.486749544288502,0.8088258408328964,12.631540622657804,3.7316283111154083,19.669173856618162,-1.0336568000853974,19.669173856618162,2.712111822932684,1.6402761807100696,1.0718356422226145,0.5247706422018349,0.9128978224455612,2.847094667433501,0.2230634202646668,0.47522935779816516,39.377607114864865,0.3040167059074698,Industrials
2018-03-31,DAL,2018,Q1,USD,0.22321428571428573,0.0826645264847512,0.14386035313001605,0.08467094703049759,0.07343499197431781,0.05587881219903692,0.05587881219903692,0.05587881219903692,3.8816199376947043,2.3106535362578335,6.7565445026178015,0.36787717744316506,0.18432634342986057,0.3859684189486308,0.3287027783330002,0.028106259483153102,0.07230661603038177,17.31877917414722,0.20205242369838422,0.20205242369838422,3.0728868360277137,3.871011235955056,494.6953846153846,28.73137751303053,0.15993564850771108,0.6887791669984868,0.4078562670942186,0.3362055294179838,4.306601895357171,-0.8661424164747795,0.0671097341595043,0.13473113964686997,0.058078927773641105,0.5287694246115078,9.173913043478262,0.5867190913062472,0.1552780668285351,1.0616600790513835,0.9062078272604588,0.3895870736086176,0.005623766399628468,0.5623766399628468,14.159090909090908,0.7911931818181818,12.416193181818182,2.7982954545454546,17.836647727272727,-2.9545454545454546,17.836647727272727,1.9076704545454546,1.796875,0.11079545454545454,0.7609289617486339,0.8672985781990521,3.0728868360277137,0.22414726078519182,0.2390710382513661,31.930432357043237,0.30823863636363635,Industrials
2018-06-30,DAL,2018,Q2,USD,0.2694692144373673,0.12441613588110403,0.12602972399150744,0.14301486199575372,0.11770700636942676,0.08798301486199575,0.08798301486199575,0.08798301486199575,4.851668726823238,2.294478527607362,5.413467589679043,0.41868155312188876,0.21103663345042656,0.3965436711816908,0.31407960973584514,0.02456916627852818,0.09787741968965696,8.308470077220077,0.09392183565553132,0.09392183565553132,2.678150280024891,2.9240169851380045,28.083442088091353,12.26587103669398,0.17750376371066026,0.7703795892968264,0.4351493848857645,0.39975721355868893,4.340074673304294,-0.9846964375313597,0.14567439929420312,0.2383864118895966,0.4367652297826861,0.7980295566502463,21.31645569620253,2.0916542473919524,0.28342084006462037,1.7754585705249841,1.564659977703456,0.2055984555984556,0.006186411387644023,0.6186411387644023,16.942446043165468,1.4906474820143885,14.364028776978417,3.4618705035971225,18.497841726618706,-2.5568345323741006,18.497841726618706,4.038848920863309,2.274820143884892,1.7640287769784173,0.7474747474747475,0.8230403800475059,2.678150280024891,0.2876536074329878,0.25252525252525254,28.603975741239893,0.3064748201438849,Industrials
2018-09-30,DAL,2018,Q3,USD,0.26746423492010374,0.14732703087091106,0.15284865724086003,0.13762235422069774,0.1412197774617251,0.11059984941018991,0.11059984941018991,0.11059984941018991,4.748907429479539,2.6817764165390505,7.483760683760684,0.4184491510589883,0.21731541915895497,0.3704152439696002,0.30598083489371075,0.03360856195065256,0.07599955942284392,7.342586989409985,0.24530915623710642,0.24530915623710642,2.8333041447752483,3.248356061239856,72.84727954971858,25.885066666666667,0.16891805901496282,0.6779772329246935,0.404044357469015,0.3719235528667675,4.013645650904845,-1.0366869037294015,0.08260821676396078,0.12549150840793105,0.35533333333333333,1.1697357886309048,22.534246575342465,1.2755102040816326,0.16144656118824668,1.5511892450879008,1.2427506213753108,0.1815431164901664,0.006181170095499077,0.6181170095499078,17.424198250728864,1.9271137026239067,13.650145772594753,2.7084548104956268,19.97667638483965,-1.348396501457726,19.97667638483965,2.186588921282799,1.4096209912536444,0.7769679300291545,0.783175355450237,1.0261398176291794,2.8333041447752483,0.23928854732200805,0.21682464454976302,25.58215654077723,0.3498542274052478,Industrials
2018-12-31,DAL,2018,Q4,USD,0.2344070005585552,0.13256376838577547,0.18562651275367714,0.10268106497858871,0.12911934462856078,0.09784025321169242,0.09784025321169242,0.09784025321169242,4.642178046672429,2.763440860215054,7.047129391602399,0.3128768240468354,0.1782312925170068,0.3463261170950197,0.284099392129679,0.03479063378619106,0.08344886424229497,8.071360608943863,-0.37600728690445806,-0.37600728690445806,2.4809534254587993,3.15881586296779,-287.5593220338983,27.254618473895583,0.27414965986394557,1.2080865686919646,0.5471192052980133,0.37633378932968536,4.406668128975652,-0.9068422607741337,0.0663858376879599,0.11590020480357476,-0.09477911646586346,0.6558544303797469,29.81081081081081,0.4997992773986351,0.07534951280033893,0.9134262655906089,0.7776389756402249,0.22645099904852523,0.0070140280561122245,0.7014028056112225,15.797058823529412,1.5455882352941177,24.352941176470587,2.6,20.113235294117647,-1.3720588235294118,20.113235294117647,1.8308823529411764,2.0044117647058823,-0.17352941176470588,0.7577505407354002,1.2574796010879419,2.4809534254587993,0.3166332665330661,0.24224945926459984,24.518555667001003,0.35,Industrials
2019-03-31,DAL,2019,Q1,USD,0.23949579831932774,0.0982620320855615,0.15699006875477464,0.09740259740259741,0.09033613445378151,0.06970970206264324,0.06970970206264324,0.06970970206264324,3.3202282815472417,2.477909147479776,7.436041083099907,0.29771144278606965,0.16933749454245564,0.33747596492050835,0.2872485109975144,0.027488248518291437,0.08957463771514328,11.883458904109588,-0.44562970890410963,-0.44562970890410963,2.687607466501433,3.3135695187165775,58.71353637901861,17.78559712967709,0.2831616565062014,1.3562853380838045,0.5756031819078299,0.3655216472553934,4.789791650530556,-0.7937542636246494,0.09149744407447358,0.18630634071810542,0.3029215786776012,0.35008580534444717,12.289156626506024,0.48823823823823825,0.11141568157158357,1.4345588235294118,1.2247332077840551,0.31917808219178084,0.006714755458980913,0.6714755458980913,15.74736842105263,1.0977443609022557,26.457142857142856,2.873684210526316,19.415037593984962,-2.5518796992481203,19.415037593984962,2.9338345864661655,2.045112781954887,0.8887218045112782,0.7716701902748414,0.9274509803921569,2.687607466501433,0.32951293527033376,0.22832980972515857,30.596532846715327,0.35037593984962406,Industrials
2019-06-30,DAL,2019,Q2,USD,0.29802169751116786,0.15810465858328016,0.21498085513720486,0.16975111678366306,0.15212188895979578,0.11510848755583919,0.11510848755583919,0.11510848755583919,4.40787623066104,2.6198273295623697,8.125577100646353,0.34753680241745444,0.2005182507437858,0.3370818370818371,0.2859100359100359,0.04439868204283361,0.09492534492534492,6.507882882882882,0.06391670688545688,0.06391670688545688,2.6911806849118785,2.9964502233567325,21.941296728971963,11.48028728606357,0.2618605841517643,1.1728757701676458,0.539780408190181,0.34057731374309064,4.479008453933228,-0.8904357708562702,0.1546021546021546,0.2610082961072112,0.5232273838630807,0.697841726618705,28.373333333333335,1.0480461242793082,0.1998656160283428,2.0974358974358975,1.8299776286353469,0.158004158004158,0.0060697219375191345,0.6069721937519135,19.286153846153844,2.22,25.301538461538463,3.103076923076923,21.473846153846154,-0.9953846153846154,21.473846153846154,5.033846153846154,2.4,2.6338461538461537,0.7566858940744625,0.8961466165413534,2.6911806849118785,0.27502761989697444,0.24331410592553748,19.26734693877551,0.3507692307692308,Industrials
2019-09-30,DAL,2019,Q3,USD,0.3002388535031847,0.1605891719745223,0.2109076433121019,0.16488853503184714,0.155015923566879,0.11902866242038217,0.11902866242038217,0.11902866242038217,4.428772919605078,2.5328530259365993,8.198694029850746,0.3430662915517194,0.1986744491371265,0.3435752807876899,0.29053485725594974,0.0441735374135532,0.09395873534214041,6.222341137123745,1.5348441471571894,1.5348441471571894,2.469445181842315,2.962547770700637,28.600768639508072,16.574432071269488,0.25947895411189675,1.0886647199362889,0.5212252160650738,0.3194218608852755,4.195580037164853,-0.9202476462614939,0.11107812577309387,0.1787420382165605,0.5795100222717149,0.7064308681672026,29.585714285714285,0.7384868421052632,0.13685686417946843,2.378177966101695,1.8646179401993355,0.17391304347826086,0.006987444100447196,0.6987444100447195,19.442724458204335,2.3142414860681115,25.5015479876161,2.9504643962848296,23.325077399380806,0.7213622291021672,23.325077399380806,3.475232198142415,1.4613003095975232,2.013931888544892,0.7678479712378018,0.9401255432158377,2.469445181842315,0.2717578259373925,0.23215202876219826,19.522310305775765,0.4024767801857585,Industrials
2019-12-31,DAL,2019,Q4,USD,0.26296004895532826,0.12859515691931112,0.18297053938281319,0.12230090042835912,0.12221348019931812,0.0959874114870181,0.0959874114870181,0.0959874114870181,4.008058864751226,2.5814451928965094,6.739408473221423,0.30968947126187835,0.1772691348076059,0.40828548802217385,0.3463670560285092,0.03503839964146754,0.1426450207879628,8.548306010928961,-0.32910978142076486,-0.32910978142076486,2.4316165803108807,3.282119066351954,-364.50640776699026,38.74526315789474,0.2673991538688032,1.1175518134715026,0.5277565376968956,0.342754980418866,4.179339378238342,-0.9070652604868765,0.04796079984161552,0.08471020194072909,-0.10629514963880289,0.567225561531161,19.164383561643834,0.31379533678756477,0.0561576354679803,0.9039179104477612,0.7280240420736288,0.23588342440801457,0.006898542942497581,0.6898542942497582,17.817757009345794,1.7102803738317758,26.990654205607477,4.507788161993769,24.049844236760123,0.7663551401869159,24.049844236760123,1.5093457943925233,1.6697819314641744,-0.16043613707165108,0.7854077253218884,0.9992852037169406,2.4316165803108807,0.29671725243020486,0.2145922746781116,24.80514094601051,0.40342679127725856,Industrials
2020-03-31,DAL,2020,Q1,USD,0.147695530726257,-0.061452513966480445,0.017458100558659217,-0.04771880819366853,-0.07064711359404097,-0.06215083798882681,-0.06215083798882681,-0.06215083798882681,3.768421052631579,2.194486065328139,7.518480492813142,0.23139071420876872,0.12499636300154209,0.5298576732673267,0.47963077557755773,0.0026456484594609493,0.30770420792079206,-8.491071419030899,0.0569401259864425,0.0569401259864425,1.267518942696904,2.1109088164629886,-31.324574354145078,50.66181159511173,0.33418196630684627,1.605353274163114,0.6161748927038626,0.45089988103918033,4.803829757495283,-0.8154897494305239,0.018461221122112213,0.041666666666666664,-1.6173184357541899,0.04301697530864197,-5.189873417721519,0.07012732615083252,0.01558486787688825,0.3820704375667022,0.29908103592314117,-0.4868913857677903,0.01433539307761941,1.4335393077619407,13.515505633163489,-0.8400000009438202,36.25842700703194,9.389438212797122,22.50853935113319,-2.3013483171925264,22.50853935113319,0.5631460680484788,1.473932585925767,-0.9107865178772883,0.8797364085667215,1.4804878048780488,1.267518942696904,0.929319424320289,0.12026359143327842,234.27285700700003,0.40898876450448174,Industrials
2020-06-30,DAL,2020,Q2,USD,-2.052452316076294,-4.645776566757493,-4.244550408719346,-3.2799727520435966,-4.777929155313352,-3.8944141689373297,-3.8944141689373297,-3.8944141689373297,1.0676363636363637,1.9215265866209263,5.290436835891382,0.043020836386015296,0.020315246121697734,0.9387096774193548,0.8966749379652605,-0.08066571235311698,0.5640694789081886,-0.7783018866603988,-0.000800212466089027,-0.000800212466089027,2.0481251489240506,12.124119580483653,-31.115747454807696,-61.373129462586206,0.4254715545038126,3.537974683544304,0.7796373779637378,0.6808549708031878,8.31542002301496,-0.2836166924265842,-0.014392059553349877,-0.19754768392370572,1.9724137931034482,-0.8014944769330734,-24.81958762886598,-0.04864139550486414,-0.0094324280370792,-1.0283687943262412,-1.0283687943262412,0.0,0.0,0.0,2.3135700546167857,-9.010000001528722,48.7599073023084,24.692789928975337,13.695452162547593,-11.158089909187222,13.695452162547593,-0.45704040588478734,0.44443239468796564,-0.9014728005727529,0.8150841174793271,1.4566978193146418,2.0481251489240506,1.3765992973856012,0.18491588252067295,-5.966491340739849,0.0,Industrials
2020-09-30,DAL,2020,Q3,USD,-0.5182887001959504,-2.1450032658393208,-1.967341606792946,-2.085564990202482,-2.2400391900718484,-1.7566949706074462,-1.7566949706074462,-1.7566949706074462,2.0372588157019296,1.9346650020807323,6.2319034852546915,0.094264692300588,0.03872224189387425,1.2689480354879594,1.231128010139417,-0.06385451471889486,0.8353358681875792,-0.9025051124744375,0.15058464932212398,0.15058464932212398,5.7844206136431335,6.341704768125409,-7.00263252794807,-7.541087378640777,0.52405280995498,12.344355078939529,0.9250619461124628,0.8959618185762543,23.555555555555557,1.5046683046683047,-0.13054499366286437,-0.840953625081646,1.076893203883495,-0.7510743801652893,-21.945017182130584,-0.4471262371939573,-0.06213803088803089,-13.005050505050505,-13.005050505050505,0.0,0.0,0.0,4.822047244094488,-8.470866141732284,65.71811023622047,33.89763779527559,5.2866141732283465,-19.543307086614174,5.2866141732283465,-4.05511811023622,0.31181102362204727,-4.366929133858267,0.7842251057005394,1.0740682743501409,5.7844206136431335,1.7853777107161801,0.21577489429946056,-7.367413678618858,0.0,Industrials
2020-12-31,DAL,2020,Q4,USD,-0.2781273596778253,-0.18701233324943367,-0.06141454820035238,-0.21595771457337026,-0.278882456581928,-0.19003272086584444,-0.19003272086584444,-0.19003272086584444,2.8459885386819486,1.7880281690140845,6.937158469945355,0.12314797594693447,0.05514149699518397,1.0927356062033027,1.0467759151127016,-0.003621035955755467,0.5215671501224336,-8.434196902784768,0.09812863704201508,0.09812863704201508,18.825775791877312,6.411093543017871,-13.88837221723555,-19.806589927223953,0.49337274985773966,26.273466371027347,0.9633343269830086,0.9514775498493759,53.252771618625275,1.1716307873783545,-0.08074339172474415,-0.32368487289202114,1.4261275272161742,0.03927927927927928,-2.350684931506849,-0.5336099585062241,-0.036176437492967256,-2.346715328467153,-2.346715328467153,0.0,0.0,0.0,6.27194093023202,-1.1918740000818462,56.693736377403106,22.252524377687024,2.1359013537890568,-22.74979631149601,2.1359013537890568,-2.030132402788416,0.865095300721658,-2.895227703510074,0.6814079422382672,1.2913752913752914,18.825775791877312,1.1362211118900183,0.3185920577617328,-216.0339124852869,0.0,Industrials
2021-03-31,DAL,2021,Q1,USD,-0.4040963855421687,-0.2780722891566265,-0.15951807228915663,-0.3368674698795181,-0.3650602409638554,-0.28361445783132533,-0.28361445783132533,-0.28361445783132533,2.2591181273816003,1.6978438228438228,7.03743961352657,0.12793242701686242,0.056784751583815664,0.8629640371229699,0.8229408352668214,-0.009435131747496592,0.40893271461716935,-6.522107051826678,-0.11759556654051127,-0.11759556654051127,63.7055601659751,7.399055421686747,121.36790513833992,44.43716353111433,0.48253355773572515,73.16390041493776,0.9865163510224634,0.98093656067078,151.62448132780082,-6.111929307805596,0.033401005413766435,0.16650602409638554,0.3661360347322721,-0.08106079559669753,-3.8725761772853184,0.19004400440044003,0.019594498794839075,1.5776255707762556,1.5776255707762556,0.0,0.0,0.0,6.5251572327044025,-1.85062893081761,56.015723270440255,22.06761006289308,0.7578616352201258,-24.0251572327044,0.7578616352201258,1.0864779874213837,0.6886792452830188,0.3977987421383648,0.7768976897689769,1.0836909871244635,63.7055601659751,0.926135801118215,0.22310231023102312,-86.87474320241692,0.0,Industrials
2021-06-30,DAL,2021,Q2,USD,0.06202638226213865,0.15632893628964356,0.22663485826550658,0.11451024417625597,0.10889699691271401,0.09149593039573393,0.09149593039573393,0.09149593039573393,3.1558901682905227,1.700763358778626,6.650746268656716,0.21489098639968637,0.0946234845768766,0.8342595342128707,0.7916260128112671,0.015575187766790944,0.4393585882153311,10.566188650306747,-0.06810957840790062,-0.06810957840790062,21.511803278688525,3.8670530451866405,24.938117647058824,14.767749196141478,0.46902760626219975,27.57377049180328,0.9650028686173264,0.9517095789195914,58.78922716627635,-2.1139127855235835,0.07915835913969371,0.2618579848442324,0.5921757770632369,0.4453405017921147,2.4142011834319526,0.6199335548172757,0.052828265670120604,2.45203679369251,2.45203679369251,0.0,0.0,0.0,11.186813186813186,1.0235478806907379,55.98116169544741,23.90894819466248,2.010989010989011,-22.728414442700156,2.010989010989011,2.9293563579277864,1.194662480376766,1.7346938775510203,0.8402061855670103,0.9509803921568627,21.511803278688525,1.0253797454114475,0.15979381443298968,32.52112693498452,0.0,Industrials
2021-09-30,DAL,2021,Q3,USD,0.18734979244046318,0.20166047629451606,0.2563906488966572,0.24087830456630982,0.1673585317893817,0.13240113611535942,0.13240113611535942,0.13240113611535942,4.193311956023821,1.8518795120736868,7.350790513833992,0.27209226287786464,0.1257711278732671,0.8349741923150449,0.7866086790288663,0.02440970688402183,0.41985280061173774,5.598714933993399,0.0648941958258326,0.0648941958258326,10.415414428242517,2.965104872187022,-39.974329896907214,179.75211920529802,0.46984872841185443,13.122409823484267,0.9291905551177894,0.9023348199227973,27.929009976976207,-2.4875,0.00721659338558593,0.016495521083679267,-4.496688741721854,0.6244608749229821,7.022292993630574,0.05150068212824011,0.004415592010995117,0.1819277108433735,0.1819277108433735,0.0,0.0,0.0,14.370486656200942,1.902668759811617,54.17739403453689,20.725274725274726,4.0910518053375196,-20.645211930926216,4.0910518053375196,0.2370486656200942,1.3029827315541602,-1.065934065934066,0.7911227154046997,0.6947845804988663,10.415414428242517,0.9950789479404493,0.20887728459530025,22.39223263740946,0.0,Industrials
2021-12-31,DAL,2021,Q4,USD,0.17486800422386484,-0.013727560718057022,0.03949313621964097,0.027771911298838436,-0.04171066525871172,-0.04308342133051742,-0.04308342133051742,-0.04308342133051742,3.9392678868552413,1.8429245283018867,7.116575591985428,0.26362674684037635,0.1306729588387079,0.7606413437678946,0.7082458484443596,0.00139459883492889,0.3785550677610231,-15.229705882352942,0.11392299675775822,0.11392299675775822,6.839537699504677,2.6245913410770854,-37.488506787330316,44.783567567567566,0.47763933159470684,9.525316455696203,0.9049909801563439,0.8736966495203671,19.94248761695102,-2.236391545637029,0.026484061843863333,0.05860612460401267,-1.1945945945945946,0.1259155912103244,0.9924528301886792,0.21329746348962336,0.016033511483460928,0.45566502463054187,0.45566502463054187,0.0,0.0,0.0,14.88993710691824,-0.6415094339622641,54.84276729559748,17.797169811320753,5.713836477987422,-19.056603773584907,5.713836477987422,0.8726415094339622,1.9150943396226414,-1.0424528301886793,1.0329113924050632,-1.5019011406844107,6.839537699504677,1.1160786131335174,-0.03291139240506329,137.79914438502675,0.0,Industrials
2022-03-31,DAL,2022,Q1,USD,0.07327770646127514,-0.09905862216516902,-0.044929396662387676,-0.08376123234916559,-0.12836970474967907,-0.10055626872058195,-0.10055626872058195,-0.10055626872058195,3.0760118460019745,1.801039501039501,6.705108359133127,0.24965281487020619,0.12675597982318165,0.6533665835411472,0.599667497921862,-0.00613366875362155,0.32024106400665003,-6.684121620199468,-0.05092664091580547,-0.05092664091580547,8.402640351705115,2.688521319207317,5026.45945839,14.191020492348954,0.4542496067689971,11.200267469073887,0.9180345838699954,0.8846509834168916,24.656636576395854,-1.3998203054806828,0.07360764754779717,0.1894522892597347,0.00282326369282891,-0.07497656982193064,-2.8576642335766422,0.9521505376344086,0.05286567164179105,1.0028312570781428,1.0028312570781428,0.0,0.0,0.0,14.718127662705985,-1.4800000003148936,53.17608511769704,15.6738297905689,4.709234043555156,-20.0917872383174,4.709234043555156,2.7883829793166774,2.7805106388894703,0.007872340427206881,0.7833333333333333,1.5325670498084292,8.402640351705115,0.9867382878660775,0.21666666666666667,-121.25546974273809,0.0,Industrials
2022-06-30,DAL,2022,Q2,USD,0.23668981481481483,0.09418402777777778,0.1310763888888889,0.10988136574074074,0.07472511574074074,0.053168402777777776,0.053168402777777776,0.053168402777777776,4.469447138700291,1.9712310853726882,6.085351787773933,0.3666065556380609,0.18480048125125326,0.6576888010940587,0.5918173529858685,0.017536693241682395,0.35028870992250416,6.286687074829931,-0.03537755464162851,-0.03537755464162851,4.849871424822881,1.3370124421296297,11.720266328471782,7.2910690335305715,0.43541207138560256,8.546575701915508,0.8952503985487329,0.8490991882795486,19.62870637627919,-1.5934528269264019,0.09629995441422276,0.1833767361111111,0.6220907297830375,0.5165472534971,5.646840148698884,0.9522915101427498,0.07782997144699272,2.6461377870563676,2.6461377870563676,0.0,0.0,0.0,21.66771159874608,1.152037617554859,51.47335423197492,16.88087774294671,5.9733542319749215,-18.713166144200628,5.9733542319749215,3.9733542319749215,1.5015673981191222,2.4717868338557993,0.7115198451113263,0.6800526662277815,4.849871424822881,1.3042353834850233,0.2884801548886738,23.08656732891832,0.0,Industrials
2022-09-30,DAL,2022,Q3,USD,0.24107334525939178,0.08658318425760286,0.12508050089445438,0.10418604651162791,0.06883720930232558,0.049731663685152055,0.049731663685152055,0.049731663685152055,4.512431385211495,2.139169019766035,7.2002715546503735,0.3632417539573207,0.1925037192131798,0.5720525705450329,0.5151140316969463,0.018130753168838044,0.27147274835717045,6.439669064748202,-1.2342699040767433,-1.2342699040767433,3.9002788671023962,1.281021824686941,-31.24307155322862,20.601012658227848,0.4247616948592209,6.718082788671024,0.8704341444137075,0.8118081180811808,15.816122004357299,-1.3917936460511902,0.03359103208349439,0.062182468694096604,-0.6593785960874569,0.49088498508452105,5.870967741935484,0.3138317081979054,0.02818134647814243,0.602635228848821,0.602635228848821,0.0,0.0,0.0,21.904388714733543,1.0893416927899686,48.72100313479624,13.115987460815047,7.19435736677116,-17.487460815047022,7.19435736677116,1.3620689655172413,2.260188087774295,-0.8981191222570533,0.7224532224532224,0.6607142857142857,3.9002788671023962,1.2606774109219607,0.27754677754677753,23.864576659038903,0.0,Industrials
2022-12-31,DAL,2022,Q4,USD,0.2434685522887979,0.10107927056196502,0.1423148492742836,0.10941570524748791,0.08336434685522888,0.061704503163379235,0.061704503163379235,0.061704503163379235,4.230163727959698,1.990599294947121,7.137640449438202,0.33466185079088306,0.18588723625043238,0.5015612351104429,0.44666743764696815,0.021012169738221485,0.12590108322732355,6.322279855247285,0.32815643058188304,0.32815643058188304,3.2473172242874844,1.5604525493114998,-20.736577645895153,17.63219512195122,0.42352127291594605,4.741325898389095,0.8258242054713214,0.7495927391203165,11.19501239157373,-1.1195366859714178,0.04583477892139856,0.08850018608113137,-0.8502943650126157,0.48958018725460584,6.176470588235294,0.38691832085909533,0.038843515191114016,0.5404545454545454,0.5404545454545454,0.0,0.0,0.0,21.057993730407524,1.2993730407523512,48.35109717868338,10.241379310344827,10.119122257053291,-14.559561128526646,10.119122257053291,1.8636363636363635,3.4482758620689653,-1.584639498432602,0.7401785714285715,0.7619047619047619,3.2473172242874844,1.0684160216134948,0.2598214285714286,25.266046025104604,0.0,Industrials
2023-03-31,DAL,2023,Q1,USD,0.14076338271024375,-0.02186691747002116,0.022337173759699035,-0.02171016537346187,-0.039658280429500745,-0.028450505525511403,-0.028450505525511403,-0.028450505525511403,3.957506203473945,2.30605805637358,7.9499637418419145,0.31647484869530706,0.1744605792107638,0.4715839110391667,0.4230566210367034,0.003005652420970781,0.11313650279762114,-15.367685950413223,0.1068341804039422,0.1068341804039422,3.564517571884984,1.7488737361862214,18.067919028340082,9.983838926174498,0.4041895698307217,4.722044728434505,0.8252372975991067,0.7470707070707071,11.682747603833866,-0.9131181564445717,0.07865010381109899,0.17517046790500823,0.5525727069351231,0.1386459345643019,-1.2202643171806167,0.7814685314685315,0.07560893098782138,2.235,2.235,0.0,0.0,0.0,19.96713615023474,-0.568075117370892,46.6150234741784,10.34585289514867,9.796557120500783,-14.84037558685446,9.796557120500783,3.4976525821596245,1.5649452269170578,1.9327073552425664,0.717391304347826,1.8267148014440433,3.564517571884984,0.9568035680034132,0.2826086956521739,170.73291228070175,0.0,Industrials
2023-06-30,DAL,2023,Q2,USD,0.29946077802028503,0.1617665939144948,0.1985492361021954,0.15990499422262164,0.14873539607138273,0.11728078058800873,0.11728078058800873,0.11728078058800873,4.989750160153748,2.1339460305044975,7.589012517385258,0.3806382250891854,0.21195422942433023,0.4592374131030124,0.4087493855768556,0.036698931143630445,0.09367319710694473,4.156822660098522,-0.0069078394059946275,-0.0069078394059946275,3.7503777777777776,1.9500616253691103,26.255885911840966,11.643564584131852,0.3748452317781678,3.4012345679012346,0.7727910238429172,0.6756107328794554,9.073703703703703,-1.0242619501610888,0.09160171336282565,0.16747977917576068,0.44346492909160595,0.8773171553758005,12.270935960591133,0.9439218523878437,0.0947005444646098,1.796831955922865,1.796831955922865,0.0,0.0,0.0,24.378716744913927,2.859154929577465,43.431924882629104,9.446009389671362,12.67605633802817,-11.95774647887324,12.67605633802817,4.082942097026604,2.272300469483568,1.810641627543036,0.7885196374622356,0.93014853472501,3.7503777777777776,0.6463217203468556,0.21148036253776434,17.866168768186228,0.0,Industrials
2023-09-30,DAL,2023,Q3,USD,0.270338326446281,0.11086002066115702,0.14921229338842976,0.128099173553719,0.09820506198347108,0.07153925619834711,0.07153925619834711,0.07153925619834711,4.818917237087741,2.1242481203007517,7.4990046449900465,0.37271086511851764,0.21144893306210494,0.4447307301495137,0.3900420960952243,0.02658502678808516,0.1028814051386268,5.334611913357401,-0.13501761125842623,-0.13501761125842623,2.5626490353349234,1.526536673553719,-122.50259067357513,21.973048327137544,0.36587163979412124,2.9047257749837416,0.7439000693962526,0.6392288742032612,7.939193583351398,-1.0088916392534932,0.03904775729423719,0.06947314049586777,-0.17936802973977695,0.653356282271945,10.122448979591837,0.39719453672942046,0.040150751893727375,0.8479117415287628,0.8072018004501126,0.05776173285198556,0.002706932284397073,0.27069322843970733,24.237871674491394,1.7339593114241,42.24569640062598,7.832550860719874,14.438184663536775,-10.19092331768388,14.438184663536775,1.6838810641627544,1.9859154929577465,-0.30203442879499215,0.7284681130834977,0.766633064516129,2.5626490353349234,0.8059890876792285,0.2715318869165023,20.60017308524448,0.10015649452269171,Industrials
2023-12-31,DAL,2023,Q4,USD,0.24523658862405961,0.1745060816986571,0.21739436124586936,0.09294804190395838,0.1599521901146031,0.1432187302256908,0.1432187302256908,0.1432187302256908,4.54408945686901,2.4145299145299144,8.169710806697108,0.33473758531419157,0.1931318233664657,0.3887122416534181,0.3389734272087213,0.04232558883256848,0.1037550155197214,3.155003681885125,0.03738463266891279,0.03738463266891279,2.3149004952723997,1.8074224847078673,-24.32069063386944,47.16875229357798,0.3704442996034979,2.456641152633949,0.7107018183712812,0.5900701365817644,6.631607384061233,-0.904483306836248,0.02062987357105004,0.03831821697250932,-1.9394495412844037,0.7227146112939985,6.386473429951691,0.1456440406199893,0.01997727356035336,0.34019975031210986,0.32713085234093636,0.031418753068237604,0.002489597179286396,0.24895971792863963,22.258215962441316,3.187793427230047,43.01721439749609,6.05320813771518,17.378716744913927,-7.247261345852895,17.378716744913927,0.8528951486697965,2.507042253521127,-1.65414710485133,0.8953846153846153,1.720877458396369,2.3149004952723997,0.7673794305591053,0.10461538461538461,16.250637128072444,0.10015649452269171,Industrials
2024-03-31,DAL,2024,Q1,USD,0.19806517311608962,0.023785277858597614,0.068519057317428,0.04466104160605179,0.00887401803898749,0.002691300552807681,0.002691300552807681,0.002691300552807681,3.6680896478121663,2.4278793217353005,7.5929752066115705,0.3219672131147541,0.18338246475209755,0.4065945642250158,0.35560783762904696,0.010216553323513742,0.14056464639370742,208.5189189189189,-2.3176841510500044,-2.3176841510500044,2.7675365438077306,2.244748327029386,25.399835390946503,12.815946843853819,0.35093171844362336,2.359339969509461,0.7023224773091298,0.5975240020212228,6.72307416375213,-0.8320019365771,0.08455649975419623,0.17515274949083504,0.5045681063122923,0.22816826411075614,2.995121951219512,0.6781188397634469,0.0915276141244441,2.0184409052808046,1.9156722354813047,1.7297297297297298,0.002073828287017835,0.20738282870178348,21.48125,0.0578125,41.428125,7.175,17.4234375,-7.1609375,17.4234375,3.7625,1.8640625,1.8984375,0.30327868852459017,0.1986970684039088,2.7675365438077306,0.6515061177934467,0.6967213114754098,56.440339702760085,0.1,Industrials
2024-06-30,DAL,2024,Q2,USD,0.276143594669228,0.11772121503181654,0.15494056909592988,0.13609076719894345,0.10643534638011766,0.07834073718333534,0.07834073718333534,0.07834073718333534,4.369884575026233,2.4729286300246103,8.114401076716016,0.3860755093053978,0.22152479487213586,0.40293473347473835,0.35126395215410827,0.03064749804970467,0.1468757606314545,5.761632183908046,0.010719315690991714,0.010719315690991714,2.428202809623769,1.8054820506663465,26.382210526315788,12.280816659861168,0.3299466734045241,2.0031487162925883,0.6670161572169798,0.5482694481928589,6.07112869368642,-0.9778690930437335,0.08515595118050001,0.1470164485532477,0.46549612086565945,0.5399948888320981,12.058510638297872,0.6574496644295302,0.09870621901575914,1.8708938120702827,1.7836853605243992,0.04904214559386973,0.002127962356345916,0.21279623563459163,25.98751950078003,2.0358814352574104,39.0,6.7831513260530425,19.32293291731669,-5.21996879875195,19.32293291731669,3.8205928237129485,2.0421216848673946,1.7784711388455539,0.7360406091370558,0.7820908689898545,2.428202809623769,0.6236924668802609,0.2639593908629442,19.629104998062765,0.0998439937597504,Industrials
2024-09-30,DAL,2024,Q3,USD,0.24411558333864897,0.11060789691905339,0.15162339733367353,0.08911143713720737,0.09957262231294253,0.08113797282643363,0.08113797282643363,0.08113797282643363,4.416056338028169,2.607260726072607,8.077709611451942,0.3599935703132176,0.20800605031313024,0.39341347179742514,0.3412404865210897,0.031026214315803116,0.1411551319439505,6.3986615566037734,-2.1755449292452824,-2.1755449292452824,2.385782646929503,2.0766977100210497,-602.8961111111112,25.554466248037677,0.32358560662350067,1.787190385460941,0.6412157543250776,0.5129733395196117,5.523083687527481,-0.9160604201361499,0.04530905469805818,0.08126554825540601,-0.0423861852433281,0.5970832141835859,8.07514450867052,0.3832731648616125,0.05223880597014925,0.9593373493975904,0.8940350877192983,0.07625786163522012,0.002979445816934863,0.2979445816934863,24.45709828393136,1.984399375975039,38.31669266770671,6.204368174726989,21.28861154446178,-3.2511700468018723,21.28861154446178,1.9875195007800313,2.0717628705148208,-0.0842433697347894,0.8148622677770659,1.117394416607015,2.385782646929503,0.5435799239411987,0.185137732222934,22.286659655027346,0.15132605304212168,Industrials
2024-12-31,DAL,2024,Q4,USD,0.2583070891445466,0.08882318915097372,0.12963558069284659,0.11035413586991452,0.07725432225721447,0.054180859952439105,0.054180859952439105,0.054180859952439105,4.825992555831266,2.481720430107527,8.081232492997199,0.35180662958440734,0.20642944329459215,0.3691038620172478,0.3155605549306337,0.024600942092911,0.11507311586051744,11.740441915332148,-0.33689963757040076,-0.33689963757040076,2.5886856822402406,2.544428956777428,67.78898996318493,20.902201762671595,0.30211484370853897,1.4889818871379061,0.59822929802438,0.4697111550331149,4.928529392532531,-0.9184227613482084,0.07101612298462692,0.12173018831544444,0.30834213305174235,0.5317511225144324,9.53888888888889,0.6446562287270252,0.08317596943480743,1.4458015267175572,1.3470839260312943,0.11387900355871886,0.002424930091643342,0.24249300916433417,23.777437306256925,1.2882820007182072,35.073974138177434,4.690080023966996,23.370933139956755,-0.664771850904413,23.370933139956755,2.894431920949329,2.001956608470761,0.8924753124785683,0.7013311148086523,0.7000582411182295,2.5886856822402406,0.4163807044859255,0.29866888519134777,29.39552312270699,0.14670827054442218,Industrials
2025-03-31,DAL,2025,Q1,USD,0.2146011396011396,0.035541310541310545,0.035541310541310545,0.040527065527065524,0.022792022792022793,0.017094017094017096,0.017094017094017096,0.017094017094017096,3.8444687842278205,2.2929923060927426,7.420592193808883,0.3140026390535191,0.18153138010395387,0.3783292366746355,0.32829388194888715,0.003877534534291946,0.12495370214485337,29.248333333333335,-0.41011250000000005,-0.41011250000000005,1.8177251246196673,1.9998860398860399,24.331369150779896,11.807569386038688,0.2880711644384681,1.4423512656179194,0.5905584859649587,0.45480535065118416,5.006926911374377,-0.7957153787299158,0.08007003602814909,0.16937321937321936,0.4852817493692178,0.1344241257619506,3.17877094972067,0.8093941456773315,0.10673249551166966,1.9428104575163399,1.7974300831443688,0.4125,0.003525841928315004,0.3525841928315004,21.801242236024844,0.37267080745341613,34.87422360248447,5.762422360248447,23.986024844720497,-0.43167701863354035,23.986024844720497,3.6925465838509317,1.9006211180124224,1.7919254658385093,0.75,0.562390158172232,1.8177251246196673,0.563564875491481,0.25,93.48176352705411,0.15372670807453417,Industrials
2025-06-30,DAL,2025,Q2,USD,0.23846708313310908,0.0,0.1324483421432004,0.1262614127823162,0.15467323402210476,0.0,0.12794329649207112,-0.014416146083613647,4.433555259653795,2.504048982816512,8.31344262295082,0.3678221868716997,0.212360482173608,0.3846046088113749,0.33119703018841495,0.05477811500287097,0.11665616025775723,3.7346784037558685,0.004732297977361888,0.004732297977361888,1.8245103211009175,1.9113082652570879,10.327640376501137,17.134873451803983,0.20155622169781237,0.9060206422018349,0.47534671038777415,0.4239661778306249,4.495126146788991,-0.923990564728736,0.06503467114940113,0.1115449303219606,1.6591276252019387,1.1535303776683088,-3.9735349716446127,0.6263069139966273,0.11752420732865008,1.517156862745098,1.4036281179138321,0.04647887323943662,0.003111303585918806,0.3111303585918806,25.731066460587325,3.2921174652241114,23.60432766615147,5.1483771251932,26.95517774343122,2.6537867078825346,26.95517774343122,2.8701700154559506,1.8918083462132922,4.761978361669243,0.8271844660194175,1.2250237868696479,1.8245103211009175,0.4965829086980106,-0.23495145631067962,20.08592290249433,0.15301391035548687,Industrials
