date,symbol,fiscalYear,period,reportedCurrency,marketCap,enterpriseValue,evToSales,evToOperatingCashFlow,evToFreeCashFlow,evToEBITDA,netDebtToEBITDA,currentRatio,incomeQuality,grahamNumber,grahamNetNet,taxBurden,interestBurden,workingCapital,investedCapital,returnOnAssets,operatingReturnOnAssets,returnOnTangibleAssets,returnOnEquity,returnOnInvestedCapital,returnOnCapitalEmployed,earningsYield,freeCashFlowYield,capexToOperatingCashFlow,capexToDepreciation,capexToRevenue,salesGeneralAndAdministrativeToRevenue,researchAndDevelopementToRevenue,stockBasedCompensationToRevenue,intangiblesToTotalAssets,averageReceivables,averagePayables,averageInventory,daysOfSalesOutstanding,daysOfPayablesOutstanding,daysOfInventoryOutstanding,operatingCycle,cashConversionCycle,freeCashFlowToEquity,freeCashFlowToFirm,tangibleAssetValue,netCurrentAssetValue,sector
1985-09-30,NTRS,1985,Q3,USD,341981680.0,,0.0,0.0,0.0,0.0,0.0,0.0,0.0,,,0.0,0,,,0.0,0.0,0.0,0.0,0.0,0.0,0.0,,0.0,0.0,0.0,0.0,0,0,0.0,,,,0.0,0,0,0.0,0.0,,,,,Financial Services
1985-12-31,NTRS,1985,Q4,USD,420847400.0,,0.0,0.0,0.0,0.0,0.0,0.0,0.0,,,0.0,0,,,0.0,0.0,0.0,0.0,0.0,0.0,0.0,,0.0,0.0,0.0,0.0,0,0,0.0,,,,0.0,0,0,0.0,0.0,,,,,Financial Services
1986-03-31,NTRS,1986,Q1,USD,509109760.0,,0.0,0.0,0.0,0.0,0.0,0.0,0.0,,,0.0,0,,,0.0,0.0,0.0,0.0,0.0,0.0,0.0,,0.0,0.0,0.0,0.0,0,0,0.0,,,,0.0,0,0,0.0,0.0,,,,,Financial Services
1986-06-30,NTRS,1986,Q2,USD,633056080.0,,0.0,0.0,0.0,0.0,0.0,0.0,0.0,,,0.0,0,,,0.0,0.0,0.0,0.0,0.0,0.0,0.0,,0.0,0.0,0.0,0.0,0,0,0.0,,,,0.0,0,0,0.0,0.0,,,,,Financial Services
1986-09-30,NTRS,1986,Q3,USD,547267600.0,,0.0,0.0,0.0,0.0,0.0,0.0,0.0,,,0.0,0,,,0.0,0.0,0.0,0.0,0.0,0.0,0.0,,0.0,0.0,0.0,0.0,0,0,0.0,,,,0.0,0,0,0.0,0.0,,,,,Financial Services
1986-12-31,NTRS,1986,Q4,USD,585065680.0,,0.0,0.0,0.0,0.0,0.0,0.0,0.0,,,0.0,0,,,0.0,0.0,0.0,0.0,0.0,0.0,0.0,,0.0,0.0,0.0,0.0,0,0,0.0,,,,0.0,0,0,0.0,0.0,,,,,Financial Services
1987-03-31,NTRS,1987,Q1,USD,625467360.0,,0.0,0.0,0.0,0.0,0.0,0.0,0.0,,,0.0,0,,,0.0,0.0,0.0,0.0,0.0,0.0,0.0,,0.0,0.0,0.0,0.0,0,0,0.0,,,,0.0,0,0,0.0,0.0,,,,,Financial Services
1987-06-30,NTRS,1987,Q2,USD,675792320.0,,0.0,0.0,0.0,0.0,0.0,0.0,0.0,,,0.0,0,,,0.0,0.0,0.0,0.0,0.0,0.0,0.0,,0.0,0.0,0.0,0.0,0,0,0.0,,,,0.0,0,0,0.0,0.0,,,,,Financial Services
1987-09-30,NTRS,1987,Q3,USD,666894760.0,,0.0,0.0,0.0,0.0,0.0,0.0,0.0,,,0.0,0,,,0.0,0.0,0.0,0.0,0.0,0.0,0.0,,0.0,0.0,0.0,0.0,0,0,0.0,,,,0.0,0,0,0.0,0.0,,,,,Financial Services
1987-12-31,NTRS,1987,Q4,USD,540408000.0,,0.0,0.0,0.0,0.0,0.0,0.0,0.0,,,0.0,0,,,0.0,0.0,0.0,0.0,0.0,0.0,0.0,,0.0,0.0,0.0,0.0,0,0,0.0,,,,0.0,0,0,0.0,0.0,,,,,Financial Services
1988-03-31,NTRS,1988,Q1,USD,646688240.0,,0.0,0.0,0.0,0.0,0.0,0.0,0.0,,,0.0,0,,,0.0,0.0,0.0,0.0,0.0,0.0,0.0,,0.0,0.0,0.0,0.0,0,0,0.0,,,,0.0,0,0,0.0,0.0,,,,,Financial Services
1988-06-30,NTRS,1988,Q2,USD,649310400.0,,0.0,0.0,0.0,0.0,0.0,0.0,0.0,,,0.0,0,,,0.0,0.0,0.0,0.0,0.0,0.0,0.0,,0.0,0.0,0.0,0.0,0,0,0.0,,,,0.0,0,0,0.0,0.0,,,,,Financial Services
1988-09-30,NTRS,1988,Q3,USD,639465600.0,,0.0,0.0,0.0,0.0,0.0,0.0,0.0,,,0.0,0,,,0.0,0.0,0.0,0.0,0.0,0.0,0.0,,0.0,0.0,0.0,0.0,0,0,0.0,,,,0.0,0,0,0.0,0.0,,,,,Financial Services
1988-12-31,NTRS,1988,Q4,USD,671866160.0,,0.0,0.0,0.0,0.0,0.0,0.0,0.0,,,0.0,0,,,0.0,0.0,0.0,0.0,0.0,0.0,0.0,,0.0,0.0,0.0,0.0,0,0,0.0,,,,0.0,0,0,0.0,0.0,,,,,Financial Services
1989-03-31,NTRS,1989,Q1,USD,799499999.9999999,2586100000.0,8.96084546084546,-22.72495606326889,-20.75521669341894,80.56386292834891,55.65732087227414,0.19437792591633768,-4.480314960629921,2.851491875695907,-41.134358974358975,0.8639455782312925,1,-7468600000.0,-7328900000.0,0.002450743906910326,0.0,0.002450743906910326,0.046950092421441776,0.006309461708522741,0.026883686905632774,0.031769856160100064,-0.15584740462789246,-0.09490333919156414,4.0,0.037422037422037424,0.20928620928620928,0,0,0.0,,,,0.0,0,0,0.0,0.0,-1911200000.0,,541000000.0,-8021200000.0,Financial Services
1989-06-30,NTRS,1989,Q2,USD,910757820.0,3013957820.0,9.59859178343949,12.765598559932233,13.65635623017671,69.28638666666667,48.34942528735632,0.21255540040070428,8.16955017301038,3.127371326208385,-43.318778201651895,0.8947368421052632,1,-7782000000.0,-7631900000.0,0.002632226098202982,0.00302668259657507,0.002632226098202982,0.05204394021249775,0.006708916591220373,0.029451992340658338,0.031731816477842595,0.24232567116470105,0.0652265988987717,1.375,0.04904458598726115,0.19299363057324842,0,0,0.0,0.0,0.0,0.0,0.0,0,0,0.0,0.0,-1882500000.0,338100000.0,555300000.0,-8323400000.0,Financial Services
1989-09-30,NTRS,1989,Q3,USD,1008601230.0,3094301230.0,9.845056411072225,31.769006468172485,42.62122906336088,78.13891994949495,52.66919191919192,0.17323846130686552,3.6754716981132076,3.078337298064214,-46.30055329200818,0.9363957597173145,1,-8238100000.0,-8069600000.0,0.0023967151436220246,0.0025685125770894125,0.0023967151436220246,0.046564751361799335,0.006156348007898711,0.025903890160183067,0.0262740111867601,0.07198087593052013,0.2546201232032854,2.1946902654867255,0.0789055042952593,0.1924912503977092,0,0,0.0,0.0,0.0,0.0,0.0,0,0,0.0,0.0,-2013100000.0,469100000.0,569100000.0,-8761500000.0,Financial Services
1989-12-31,NTRS,1989,Q4,USD,965078099.9999999,2206078100.0,7.0346878188775515,513.0414186046512,-97.18405726872247,84.52406513409962,47.547892720306514,0.20698092170465807,0.13271604938271606,3.4692747274312272,-44.08157225824522,0.9283667621776505,1,-7681500000.0,-7492200000.0,0.0029622315477659837,0.0031735206528904956,0.0029622315477659837,0.05480378890392422,0.00830897061086321,0.027890993366898424,0.033572412429626164,-0.02352141241211463,6.27906976744186,-3.0681818181818183,0.08609693877551021,0.20089285714285715,0,0,0.0,0.0,0.0,0.0,0.0,0,0,0.0,0.0,-1263700000.0,-560000000.0,591200000.0,-8341600000.0,Financial Services
1990-03-31,NTRS,1990,Q1,USD,1064475000.0,3150375000.0,10.0812,52.94747899159664,80.98650385604113,92.38636363636364,61.17008797653959,0.14362465190852577,2.2972972972972974,2.862964568397816,-46.82313253012048,0.8354838709677419,1,-9133500000.0,-8928900000.0,0.002185063948975804,0.0027203840129174364,0.002185063948975804,0.042767503302509904,0.005819047833022535,0.026096472767067936,0.02433124310105921,0.03654383616336692,0.346218487394958,6.645161290322581,0.06592,0.21184,0,0,0.0,0.0,0.0,0.0,0.0,0,0,0.0,0.0,-2047000000.0,1460400000.0,605600000.0,-9715800000.0,Financial Services
1990-06-30,NTRS,1990,Q2,USD,1062275760.0,2392175760.0,7.333463396689147,-498.36995,-74.7554925,57.22908516746411,31.81578947368421,0.2268422113253174,-0.16842105263157894,3.1378413286333413,-41.232818868049854,0.8236994219653179,1,-8057000000.0,-7833000000.0,0.002428301211594499,0.0029334712460470204,0.002428301211594499,0.04178272980501393,0.006654835847382432,0.026297788249600974,0.026829191696890454,-0.030124004712298057,-5.666666666666667,3.7777777777777777,0.08338442673206621,0.20294297976701411,0,0,0.0,0.0,0.0,0.0,0.0,0,0,0.0,0.0,-1361900000.0,-1068000000.0,682100000.0,-8690600000.0,Financial Services
1990-09-30,NTRS,1990,Q3,USD,738962730.0,1747562730.0,5.155052300884956,30.498476963350786,80.90568194444444,32.482578624535314,18.74721189591078,0.25574248384377635,1.8848684210526316,3.3720207095023014,-44.251391406438046,0.7958115183246073,1,-8476200000.0,-8221400000.0,0.002410823327887833,0.003138040942398055,0.002410823327887833,0.0441283205109595,0.007051401002041194,0.03128583128583129,0.04113874592836367,0.029230161580679447,0.6230366492146597,2.2884615384615383,0.10530973451327434,0.19616519174041297,0,0,0.0,0.0,0.0,0.0,0.0,0,0,0.0,0.0,-987000000.0,429500000.0,688900000.0,-9008300000.0,Financial Services
1990-12-31,NTRS,1990,Q4,USD,994356600.0,1542156600.0,4.467429316338355,79.90448704663213,93.46403636363637,33.16465806451613,11.780645161290323,0.22366279289851232,0.630718954248366,3.455770091637688,-43.13351970510378,0.8523676880222841,1,-8203400000.0,-7945300000.0,0.0025955519364853174,0.0029427194334240465,0.0025955519364853174,0.04318983768525053,0.008314539575578078,0.029363651235072796,0.03077366811866085,0.016593644573787713,0.14507772020725387,0.2641509433962264,0.008111239860950173,0.20625724217844726,0,0,0.0,0.0,0.0,0.0,0.0,0,0,0.0,0.0,-531300000.0,-234400000.0,708500000.0,-8717500000.0,Financial Services
1991-03-31,NTRS,1991,Q1,USD,1299666060.0,2288866060.0,6.986770634920635,47.68470958333333,60.07522467191601,50.75091042128603,21.933481152993348,0.24514164630421503,1.5483870967741935,3.423736535110365,-41.17762296570243,0.7654320987654321,1,-7908500000.0,-7648200000.0,0.0026001694303951417,0.003416035121901846,0.0026001694303951417,0.04211384322782231,0.006994111409426258,0.028017986855759253,0.023852280946691798,0.029315222711901855,0.20625,2.152173913043478,0.03021978021978022,0.22252747252747251,0,0,0.0,0.0,0.0,0.0,0.0,0,0,0.0,0.0,-951100000.0,-269200000.0,736100000.0,-8617900000.0,Financial Services
1991-06-30,NTRS,1991,Q2,USD,1342320000.0,2872320000.0,9.13006993006993,76.39148936170213,87.30455927051672,59.84,31.875,0.24295993847956643,1.1713395638629283,3.6420469298322264,-43.700980392156865,0.7624703087885986,1,-8269300000.0,-8011500000.0,0.002602730840333409,0.0034713776256931417,0.002602730840333409,0.04199921496794452,0.0064329946491913665,0.029858156028368794,0.02391382084748793,0.024509803921568627,0.125,0.7966101694915254,0.014939605848696759,0.2294977749523204,0,0,0.0,0.0,0.0,0.0,0.0,0,0,0.0,0.0,-1497100000.0,394100000.0,764300000.0,-8915000000.0,Financial Services
1991-09-30,NTRS,1991,Q3,USD,1747555970.0000002,3012055970.0,9.697540148100451,46.41072372881356,55.165860256410255,63.95023290870488,26.84713375796178,0.24919409983393573,2.0801282051282053,3.4994845859236547,-42.976270453872786,0.7878787878787878,1,-8454600000.0,-8192500000.0,0.0024481532920599797,0.003158209550393779,0.0024481532920599797,0.039473684210526314,0.006813565984582123,0.02669183068212456,0.017853505430215206,0.031243634502876604,0.15870570107858242,1.3733333333333333,0.03316162266580811,0.23599484867997425,0,0,0.0,0.0,0.0,0.0,0.0,0,0,0.0,0.0,-1209900000.0,213700000.0,790400000.0,-9147800000.0,Financial Services
1991-12-31,NTRS,1991,Q4,USD,1756958370.0,2770658370.0,9.013202244632401,32.59598082352941,37.34040929919137,51.30848833333334,18.772222222222222,0.24043467446587702,2.56797583081571,3.697745567518577,-45.2567552866947,0.7995169082125604,1,-8856000000.0,-8594200000.0,0.0025090013265112753,0.003192375312297585,0.0025090013265112753,0.04033142439381016,0.0071456327447001425,0.027002348030263502,0.01883937637065356,0.042232076335422794,0.12705882352941175,0.8571428571428571,0.03513337670787248,0.24105400130123616,0,0,0.0,0.0,0.0,0.0,0.0,0,0,0.0,0.0,-939500000.0,436300000.0,820700000.0,-9568500000.0,Financial Services
1992-03-31,NTRS,1992,Q1,USD,1892925000.0000002,2988725000.0,9.634832366215345,63.186575052854124,95.48642172523962,43.00323741007194,15.766906474820145,0.22409906900084636,1.3212290502793296,3.816927893933292,-43.50212290502793,0.7336065573770492,1,-8709100000.0,-8439700000.0,0.002721502147554069,0.003704406573803469,0.002721502147554069,0.03953616786305909,0.007600849256900213,0.02528497409326425,0.018912529550827423,0.016535256283265316,0.3382663847780127,0.7729468599033816,0.05157962604771115,0.25757575757575757,0,0,0.0,0.0,0.0,0.0,0.0,0,0,0.0,0.0,-1064500000.0,-106400000.0,905500000.0,-9733600000.0,Financial Services
1992-06-30,NTRS,1992,Q2,USD,1458772000.0,2072772000.0,6.649894128970163,19.83513875598086,23.50081632653061,44.38483940042826,13.147751605995717,0.2362331272616125,2.816711590296496,5.969091547995876,-63.74797843665768,0.7274509803921568,1,-7746200000.0,-7468500000.0,0.002899320886832707,0.003930544958498069,0.002899320886832707,0.03946808510638298,0.00861968820427035,0.01921627731725697,0.0254323499491353,0.060461813086623545,0.15598086124401914,-3.7906976744186047,0.05229387231312159,0.25954443375040104,0,0,0.0,0.0,0.0,0.0,0.0,0,0,0.0,0.0,-525800000.0,-946400000.0,940000000.0,-9460200000.0,Financial Services
1992-09-30,NTRS,1992,Q3,USD,2176185780.0,3384885780.0,11.145491537701679,58.56203771626298,70.22584605809129,55.85620099009901,19.945544554455445,0.3059107496911008,1.5170603674540681,4.072750444319315,-45.240453689574245,0.7175141242937854,1,-7246500000.0,-6966700000.0,0.0026634230228802717,0.003918674587653592,0.0026634230228802717,0.039201563946908116,0.006582584657912924,0.013740102468560783,0.017507696424705062,0.022148844295821105,0.16608996539792387,1.28,0.03161014158709253,0.2719789265722753,0,0,0.0,0.0,0.0,0.0,0.0,0,0,0.0,0.0,-1160500000.0,-463700000.0,971900000.0,-10139200000.0,Financial Services
1992-12-31,NTRS,1992,Q4,USD,2353239000.0,3083439000.0,10.08648675171737,21.96181623931624,24.51064387917329,48.40563579277865,11.463108320251177,0.30426346143480837,3.6467532467532466,4.174582464536791,-45.235657109201405,0.7182835820895522,1,-9035600000.0,-8753000000.0,0.0025735982245514584,0.0036631413487331066,0.0025735982245514584,0.03809995051954478,0.007565634334224179,0.027173637515842838,0.01636042917867671,0.05345823352409169,0.10398860398860399,1.4455445544554455,0.04775924108603206,0.27837749427543346,0,0,0.0,281050000.0,0.0,0.0,165.4857703631011,0,0,165.4857703631011,165.4857703631011,-604400000.0,1823100000.0,1010500000.0,-9997600000.0,Financial Services
1993-03-31,NTRS,1993,Q1,USD,2661250040.0,4401350040.0,14.276192150502757,-92.2714893081761,-69.5315962085308,52.45947604290822,20.740166865315853,0.22917237390801448,-1.1865671641791045,4.539508755549801,-52.55404674413833,0.7027972027972028,1,-10129600000.0,-9841300000.0,0.0026327853821468336,0.003784495477792554,0.0026327853821468336,0.03836976233654672,0.00702342890088579,0.026882225773098976,0.015105683192399312,-0.023785814579076532,-0.3270440251572327,0.5842696629213483,0.05060006487187804,0.2915990917937074,0,0,0.0,401450000.0,0.0,0.0,70.29516704508596,0,0,70.29516704508596,70.29516704508596,-1803400000.0,1145300000.0,1047700000.0,-11209700000.0,Financial Services
1993-06-30,NTRS,1993,Q2,USD,2216056500.0,4141256500.0,13.243544931244005,25.706123525760397,27.775026827632463,48.266392773892775,22.43822843822844,0.2608614808087021,3.8725961538461537,4.77024375268953,-55.19904952784372,0.736283185840708,1,-10335300000.0,-10044700000.0,0.002553902067678405,0.0035807312296801423,0.002553902067678405,0.03841536614645858,0.006482376040140867,0.024502363502320136,0.018772084556508375,0.06728167806190861,0.074487895716946,0.40955631399317405,0.03837543971858011,0.29165334186120884,0,0,0.0,303650000.0,0.0,0.0,105.48448992644707,0,0,105.48448992644707,105.48448992644707,-1776100000.0,264600000.0,1082900000.0,-11558300000.0,Financial Services
1993-09-30,NTRS,1993,Q3,USD,2250819960.0,4278819960.0,13.36296052467208,45.66510096051228,49.69593449477352,44.24839669079628,20.972078593588417,0.2806461098974962,2.189252336448598,4.780171253523276,-53.94250191383588,0.7169179229480737,1,-10274100000.0,-9985600000.0,0.0025571780226083217,0.0036153333737055653,0.0025571780226083217,0.03836156672940755,0.006665109398115706,0.02431970017924067,0.019015292542545248,0.03825272635311089,0.08110992529348986,0.20540540540540542,0.023735165521549032,0.27826358525921296,0,0,0.0,350850000.0,0.0,0.0,94.21611492816989,0,0,94.21611492816989,94.21611492816989,-1941900000.0,11000000.0,1115700000.0,-11613200000.0,Financial Services
1993-12-31,NTRS,1993,Q4,USD,2148904220.0,3553604220.0,11.18893016372796,32.96478868274583,37.76412561105207,40.98736124567474,16.201845444059977,0.321474850630748,2.489607390300231,4.884965337198471,-51.80995840289243,0.7145214521452146,1,-9687100000.0,-9395200000.0,0.0025617360642741353,0.003602875165726312,0.0025617360642741353,0.03759659633585135,0.0065913657675211595,0.023077801896492632,0.02014980453619287,0.04378975997357388,0.12708719851576994,0.524904214559387,0.0431360201511335,0.28746851385390426,0,0,0.0,314150000.0,0.0,0.0,83.0573047858942,0,0,83.0573047858942,83.0573047858942,-1310600000.0,-531300000.0,1151700000.0,-11161300000.0,Financial Services
1994-03-31,NTRS,1994,Q1,USD,2273220000.0,4503620000.0,13.508158368326335,326.34927536231885,-45036.2,47.25729275970619,23.40398740818468,0.2806361756397962,0.3039647577092511,5.021701824081465,-58.24246575342466,0.6858006042296072,1,-11027200000.0,-10732200000.0,0.0024990229590853797,0.003775338825253709,0.0024990229590853797,0.03834459459459459,0.006035147422433733,0.023326286116983792,0.01997167014191323,-4.399046286765029e-05,1.0072463768115942,0.47766323024054985,0.04169166166766647,0.28044391121775647,0,0,0.0,294350000.0,0.0,0.0,79.79604079184163,0,0,79.79604079184163,79.79604079184163,-2230500000.0,1400700000.0,1184000000.0,-12681200000.0,Financial Services
1994-06-30,NTRS,1994,Q2,USD,2197906420.0,4174406420.0,11.03756324695928,27.19483009771987,28.729569304886443,47.43643659090909,22.460227272727273,0.2628503842350523,3.1519507186858315,5.434227253854386,-62.15135424191536,0.6801675977653632,1,-11405400000.0,-11132400000.0,0.0026410837662830676,0.003911873574365209,0.0026410837662830676,0.039761593729588506,0.006813952512207748,0.024131306663071686,0.022157449269382453,0.06610836506860925,0.053420195439739415,0.5,0.02168164992067689,0.2633527234267583,0,0,0.0,351500000.0,0.0,0.0,96.94870438921207,0,0,96.94870438921207,96.94870438921207,-1831200000.0,435100000.0,1224800000.0,-13147700000.0,Financial Services
1994-09-30,NTRS,1994,Q3,USD,2046000000.0000002,4202000000.0,11.253347616497054,43.45398138572906,48.077803203661325,85.06072874493927,43.64372469635627,0.24267372031361728,2.0145833333333334,5.304317592675512,-61.939204545454544,0.6818181818181818,1,-11967800000.0,-11696000000.0,0.0025710107821764676,0.0037942175908335153,0.0025710107821764676,0.038068046633357125,0.006487713891817372,0.024555284269271015,0.023460410557184747,0.042717497556207226,0.09617373319544985,-0.44285714285714284,0.024906266738082484,0.26432779860739153,0,0,0.0,309150000.0,0.0,0.0,50.83288698446706,0,0,50.83288698446706,50.83288698446706,-2068600000.0,580100000.0,1260900000.0,-13573900000.0,Financial Services
1994-12-31,NTRS,1994,Q4,USD,1877268750.0,3758168750.0,9.550619440914867,30.381315683104283,34.07224614687217,53.53516737891738,26.793447293447294,0.26068750118067846,3.084788029925187,5.010357933727109,-61.250553496935375,0.7523452157598499,1,-11740800000.0,-11466100000.0,0.0021603741056805447,0.0028631823224007755,0.0021603741056805447,0.03131100179589287,0.005873564565268339,0.019881383117609758,0.02136082007437667,0.058755572424033585,0.10832659660468877,0.7928994082840237,0.03405336721728081,0.2531130876747141,0,0,0.0,105450000.0,0.0,0.0,0.0,0,0,0.0,0.0,-1770600000.0,-183400000.0,1280700000.0,-13141000000.0,Financial Services
1995-03-31,NTRS,1995,Q1,USD,1883705099.9999998,4084405100.0,9.660371570482498,256.8808238993711,1134.5569722222222,111.9015095890411,60.293150684931504,0.2082209114084219,0.3225152129817444,5.699770579973586,-65.39886737048171,0.6914446002805049,1,-12765300000.0,-12484500000.0,0.00263128399186597,0.0038232920528611684,0.00263128399186597,0.03656998738965952,0.006918133086357386,0.02727829214170939,0.02617182487853327,0.001911127171657602,0.7735849056603774,-0.35344827586206895,0.029091769157994322,0.24597918637653737,0,0,0.0,0.0,0.0,0.0,0.0,0,0,0.0,0.0,-2197100000.0,1026700000.0,1348100000.0,-14031000000.0,Financial Services
1995-06-30,NTRS,1995,Q2,USD,2217576100.0,5721776100.0,13.015869199272066,-794.691125,-378.92556953642384,128.29094394618835,78.5695067264574,0.20296091660911297,-0.13559322033898305,5.846719103854774,-65.65427450268787,0.688715953307393,1,-13502400000.0,-13224200000.0,0.002751138536145608,0.0040539261564994265,0.002751138536145608,0.03819319571315544,0.0065931609923266035,0.03266395526182003,0.0239450632607377,-0.006809236445143867,-1.0972222222222223,-0.24307692307692308,0.01797088262056415,0.23930846223839855,0,0,0.0,0.0,0.0,0.0,0.0,0,0,0.0,0.0,-3519300000.0,749800000.0,1390300000.0,-14472500000.0,Financial Services
1995-09-30,NTRS,1995,Q3,USD,2576000000.0,6401100000.0,13.939677700348431,-477.6940298507463,-243.38783269961976,122.6264367816092,73.27777777777777,0.1992004543128799,-0.2306368330464716,6.062241687243555,-67.97455357142857,0.6811254396248535,1,-14242300000.0,-13962300000.0,0.0028791310078940717,0.004321087718587263,0.0028791310078940717,0.04118814688784914,0.006585285683520917,0.03562181575210891,0.022554347826086958,-0.010209627329192547,-0.9626865671641791,-0.38972809667673713,0.02809233449477352,0.2273519163763066,0,0,0.0,0.0,0.0,0.0,0.0,0,0,0.0,0.0,-3851400000.0,752000000.0,1410600000.0,-15226300000.0,Financial Services
1995-12-31,NTRS,1995,Q4,USD,3121482000.0,5777982000.0,12.547192182410424,39.440150170648465,41.93020319303338,25.16542682926829,11.570121951219512,0.19047969393761036,2.46218487394958,6.254462062712739,-67.7924139879711,0.6839080459770115,1,-14303900000.0,-14022400000.0,0.0029849248752100736,0.004337724240399669,0.0029849248752100736,0.040961035384827205,0.007991618873651834,0.03842925924289942,0.01906145862766468,0.04414569746037299,0.059385665529010236,0.061009817671809255,0.018892508143322474,0.2290988056460369,0,0,0.0,0.0,0.0,0.0,0.0,0,0,0.0,0.0,-2518700000.0,255000000.0,1452600000.0,-15115200000.0,Financial Services
1996-03-31,NTRS,1996,Q1,USD,3052363470.0,6424663470.0,13.59429426576386,55.72127901127494,65.15885872210953,75.40684823943661,39.58098591549296,0.18492988946486602,1.8747967479674796,6.393634116830727,-69.71515453236636,0.6677524429967426,1,-14497000000.0,-14209100000.0,0.003029302964776349,0.00457808088439973,0.003029302964776349,0.04187661718643606,0.007498811164083743,0.036612999403697076,0.020148321326883132,0.032302837119198,0.1448395490026019,-2.420289855072464,0.03533643673296657,0.22873465933135845,0,0,0.0,0.0,0.0,0.0,0.0,0,0,0.0,0.0,-3273700000.0,231000000.0,1468600000.0,-15543900000.0,Financial Services
1996-06-30,NTRS,1996,Q2,USD,3227737790.0,6642937790.0,13.802073114481612,-47.17995589488636,-42.71985717041801,97.40377991202347,50.07624633431085,0.20132543740471473,-2.220820189274448,6.571052633424938,-73.71422912268224,0.6666666666666666,1,-15401800000.0,-15112600000.0,0.0029147817131928355,0.004522874760123558,0.0029147817131928355,0.04244493539532704,0.007473418676474056,0.03854884475070936,0.01964223989830351,-0.048176156217447884,-0.10440340909090909,-0.5464684014869888,0.03054228132142115,0.22522335341782673,0,0,0.0,0.0,0.0,0.0,0.0,0,0,0.0,0.0,-3570700000.0,926600000.0,1493700000.0,-16375100000.0,Financial Services
1996-09-30,NTRS,1996,Q3,USD,3701827680.0000005,7255827680.0,14.985187277984304,31.194444024075665,32.831799457013574,57.769328662420385,28.296178343949045,0.18397246017132335,3.4977443609022556,6.690396497518034,-72.81678006146413,0.6696878147029205,1,-15289500000.0,-15000700000.0,0.003113281304862805,0.004606680847016907,0.003113281304862805,0.043842299578059074,0.008394874708072965,0.03784875743253545,0.01796409929054288,0.05970023974751844,0.04987102321582115,0.44106463878326996,0.02395704254440314,0.22903758777364724,0,0,0.0,0.0,0.0,0.0,0.0,0,0,0.0,0.0,-3333000000.0,-31100000.0,1516800000.0,-16396300000.0,Financial Services
1996-12-31,NTRS,1996,Q4,USD,3994274690.0,6284774690.0,12.792132485243233,44.60450454222853,49.44747985837923,81.303682923674,29.63130659767141,0.25350682119488516,2.0905044510385755,6.945744352995146,-69.54650883061825,0.66798810703667,1,-13964200000.0,-13672700000.0,0.0031191717997251056,0.004696474618556893,0.0031191717997251056,0.04365002266692572,0.008627641735256845,0.03477032289189841,0.01687415243842431,0.03182054562201379,0.09794180269694819,-0.5847457627118644,0.028088744148178302,0.23183391003460208,0,0,0.0,0.0,0.0,0.0,0.0,0,0,0.0,0.0,-2163400000.0,-1295300000.0,1544100000.0,-15322000000.0,Financial Services
1997-03-31,NTRS,1997,Q1,USD,4130868750.0,6580068750.0,12.935067328484372,3655.59375,-614.9596962616822,70.14998667377398,26.11087420042644,0.24075441038775744,0.02510460251046025,7.276890861749309,-76.1593732553231,0.6614391143911439,1,-15325600000.0,-15033900000.0,0.003086286899852788,0.004834957995187343,0.003086286899852788,0.04500376600552348,0.008942491175993715,0.03558181519776793,0.017357123728513526,-0.0025902541686903028,6.944444444444445,-0.8561643835616438,0.024572439551798702,0.24080990760762727,0,0,0.0,0.0,0.0,0.0,0.0,0,0,0.0,0.0,-2459900000.0,1406000000.0,1593200000.0,-16778900000.0,Financial Services
1997-06-30,NTRS,1997,Q2,USD,5279104650.0,9316004650.0,16.785593963963965,101.48153213507625,117.77502718078382,109.8585454009434,47.60495283018868,0.2564759197683149,1.2175066312997347,7.663897506653314,-85.51973789722089,0.6562228024369017,1,-16636500000.0,-16324500000.0,0.0028943226747533686,0.0046628844140349165,0.0028943226747533686,0.045727454666747526,0.007421332887134716,0.03125850155068285,0.014282725007165752,0.01498360143324683,0.1383442265795207,-0.4219269102990033,0.02288288288288288,0.2308108108108108,0,0,0.0,0.0,0.0,0.0,0.0,0,0,0.0,0.0,-3957800000.0,1343500000.0,1648900000.0,-18663400000.0,Financial Services
1997-09-30,NTRS,1997,Q3,USD,6544258840.0,10634258840.0,17.905807105573327,226.74325884861406,315.5566421364985,91.35961202749141,35.13745704467354,0.32133326356548586,0.5790123456790124,7.944793642897237,-80.63860444737543,0.6500802568218299,1,-15564000000.0,-15251600000.0,0.0030090047252518647,0.004704531982133351,0.0030090047252518647,0.04771723122238586,0.007313241481427977,0.03125940792774712,0.012377261043666175,0.005149551816932718,0.2814498933901919,-1.6097560975609757,0.02222596396699781,0.22983667284054554,0,0,0.0,0.0,0.0,0.0,0.0,0,0,0.0,0.0,-4056300000.0,-1012900000.0,1697500000.0,-17852500000.0,Financial Services
1997-12-31,NTRS,1997,Q4,USD,7736523520.000001,9888723520.0,16.23497540633722,163.18025610561057,238.28249445783132,113.40279266055046,24.681192660550458,0.3438716659717114,0.7453874538745388,8.041127510963005,-73.20291789147176,0.6556451612903226,1,-14004600000.0,-13688200000.0,0.0032114839188794172,0.004747810838026902,0.0032114839188794172,0.04675100632547441,0.00907832145967796,0.0312256049960968,0.010508595984983188,0.005364166462199289,0.31518151815181517,-0.5190217391304348,0.03135774092923986,0.2301756690198654,0,0,0.0,0.0,0.0,0.0,0.0,0,0,0.0,0.0,-2110700000.0,-1534000000.0,1739000000.0,-16236700000.0,Financial Services
1998-03-31,NTRS,1998,Q1,USD,8351476980.000001,10638376980.0,17.32916921322691,171.0349996784566,283.6900528,131.66308143564356,28.303217821782177,0.24594207589176253,0.7326266195524146,8.300756529659708,-78.04100778351184,0.6530769230769231,1,-15376900000.0,-15049100000.0,0.003500771076786053,0.005245404218918962,0.003500771076786053,0.047153568453207444,0.010500148411991688,0.0336822468649601,0.01016586649323435,0.0044902237160929104,0.3971061093247588,-0.5020325203252033,0.040234565890210135,0.23652060596188304,0,0,0.0,0.0,0.0,0.0,0.0,0,0,0.0,0.0,-2249400000.0,1383300000.0,1800500000.0,-17436000000.0,Financial Services
1998-06-30,NTRS,1998,Q2,USD,8525486700.000001,15462486700.0,24.31208600628931,107.15513998613999,135.0435519650655,186.0708387484958,83.4777376654633,0.26909823933890414,1.6548165137614679,8.50033055473541,-93.7170714253768,0.6497764530551415,1,-18963100000.0,-18633600000.0,0.0029284346979212145,0.004967720919213456,0.0029284346979212145,0.047362989517136495,0.006891809653275585,0.0350190491101717,0.01022815506826138,0.013430318294907432,0.20651420651420652,-0.5831702544031311,0.04685534591194968,0.23270440251572327,0,0,0.0,0.0,0.0,0.0,0.0,0,0,0.0,0.0,-6822500000.0,3592500000.0,1841100000.0,-20954200000.0,Financial Services
1998-09-30,NTRS,1998,Q3,USD,7408701490.000001,12215101490.0,18.575275988442822,-1850.7729530303031,-1246.4389275510205,85.48006641007697,33.634709587123865,0.28345590074541,-0.07317073170731707,8.995336975876077,-89.76507902871384,0.6540971718636693,1,-17187600000.0,-16853200000.0,0.0032123879937889085,0.004767024222290591,0.0032123879937889085,0.048011923138340344,0.008172362555720654,0.033699902248289344,0.012174873035679563,-0.0013227689107501075,-0.48484848484848486,0.64,0.004866180048661801,0.22703771289537714,0,0,0.0,169350000.0,0.0,0.0,46.35492700729927,0,0,46.35492700729927,46.35492700729927,-4816200000.0,-1683500000.0,1878700000.0,-19400900000.0,Financial Services
1998-12-31,NTRS,1998,Q4,USD,9614412260.0,10507412260.0,15.748519574340527,45.48663316017316,51.45647531831538,82.41107654901961,7.003921568627451,0.30363289529461635,2.521834061135371,9.081015744183972,-85.60505605986985,0.65149359886202,1,-16427300000.0,-16087100000.0,0.0032866881951919627,0.0050260237931823385,0.0032866881951919627,0.0472091944544658,0.009475241277295625,0.032850467289719625,0.009527363454248218,0.021238947787745478,0.11601731601731602,-2.045801526717557,0.04016786570743405,0.25014988009592326,0,0,0.0,337700000.0,0.0,0.0,45.418165467625904,0,0,45.418165467625904,45.418165467625904,-688800000.0,-708600000.0,1940300000.0,-18767000000.0,Financial Services
1999-03-31,NTRS,1999,Q1,USD,9843165630.0,13781565630.0,20.998881045253697,-145.83667333333332,-120.04848109756098,103.00123789237668,29.434977578475337,0.21479640620558366,-0.9936908517350158,9.405512379994283,-93.05527357056167,0.6567679558011049,1,-18230700000.0,-17884500000.0,0.0034513293606149246,0.005225116644955489,0.0034513293606149246,0.046824224519940914,0.00867510764066263,0.03338867367644346,0.009661525933298758,-0.011662914586148238,-0.21481481481481482,-1.8454545454545455,0.030930976687490477,0.2463812280969069,0,0,0.0,345450000.0,0.0,0.0,48.57229925339022,0,0,48.57229925339022,48.57229925339022,-4053200000.0,1867200000.0,2031000000.0,-20536500000.0,Financial Services
1999-06-30,NTRS,1999,Q2,USD,10764526500.0,15441926500.0,22.968803361594528,90.56848387096774,101.39150689428759,310.0788453815261,93.92369477911646,0.19813350815626085,1.7101303911735206,9.72391504043259,-103.96419898264917,0.6550591327201051,1,-20793200000.0,-20443200000.0,0.0033023305112815826,0.005271415558641901,0.0033023305112815826,0.04801579657098825,0.008370765291129676,0.03572937696605474,0.009261902973623596,0.014148323198424009,0.10674486803519062,-0.177734375,0.02707124795478209,0.24468243343745352,0,0,0.0,373400000.0,0.0,0.0,52.55689424364123,0,0,52.55689424364123,52.55689424364123,-4525100000.0,2541600000.0,2076400000.0,-22976600000.0,Financial Services
1999-09-30,NTRS,1999,Q3,USD,9070855500.0,13939655500.0,19.61397987899254,2489.2241964285713,-882.2566772151898,105.9244338905775,36.99696048632219,0.2720854428185034,0.053742802303262956,10.268531668243423,-109.54958438043688,0.6590765338393422,1,-20991600000.0,-20634700000.0,0.003093374182497202,0.004950239292876634,0.003093374182497202,0.049081488459726805,0.007125419695425918,0.0326187872660876,0.011487339865572767,-0.0017418423212672719,3.8214285714285716,-0.8075471698113208,0.030111158013226398,0.23835654988039962,0,0,0.0,368100000.0,0.0,0.0,43.5120303925707,0,0,43.5120303925707,43.5120303925707,-4884600000.0,254700000.0,2123000000.0,-23715500000.0,Financial Services
1999-12-31,NTRS,1999,Q4,USD,11723547000.0,11485547000.0,15.023606278613473,26.779079039403126,29.533419902288507,34.22391835518474,-0.7091775923718713,0.23924058004775495,4.046226415094339,10.295814509064279,-94.3181253079806,0.6567534076827757,1,-18288200000.0,-17907800000.0,0.003692324840986199,0.005173649009265448,0.003692324840986199,0.048742355267393206,0.01444692798342692,0.034569910897875256,0.009041632195443922,0.03317255434724661,0.09326183259501049,0.2296211251435132,0.052321778940483975,0.24264224983649443,0,0,0.0,333350000.0,0.0,0.0,38.03662524525834,0,0,38.03662524525834,38.03662524525834,626900000.0,-2463200000.0,2174700000.0,-20782300000.0,Financial Services
2000-03-31,NTRS,2000,Q1,USD,14944204440.0,17827304440.0,22.33438291155099,-990.4058022222222,-451.3241630379747,106.75032598802395,17.264071856287426,0.22768672860033184,-0.1588702559576346,10.831002964674749,-111.18043029127618,0.6598718695398952,1,-22063600000.0,-21678700000.0,0.0034106576277717236,0.005545185022510157,0.0034106576277717236,0.05031977260614674,0.009630504815252407,0.036915204678362575,0.007581534397156573,-0.0026431651252222833,-1.1944444444444444,-4.574468085106383,0.026935605111500876,0.24304685542470558,0,0,0.0,421150000.0,0.0,0.0,58.54171886745177,0,0,58.54171886745177,58.54171886745177,-2922600000.0,3862500000.0,2251600000.0,-24463200000.0,Financial Services
2000-06-30,NTRS,2000,Q2,USD,14378975660.0,19819075660.0,22.198785461469534,123.48333744548286,148.1246312406577,114.36281396422389,31.391229082515867,0.21350806703185635,1.3048780487804879,11.42762470103145,-126.02675884910705,0.6630727762803235,1,-25212100000.0,-24817600000.0,0.0033380282836835548,0.005294894209155457,0.0033380282836835548,0.05336457113106859,0.008461808350360143,0.03871277417200576,0.008554155936306802,0.009305252555104471,0.16635514018691588,-2.1885245901639343,0.029905913978494625,0.22099014336917563,0,0,0.0,568400000.0,0.0,0.0,62.25806451612903,0,0,62.25806451612903,62.25806451612903,-5306300000.0,3232600000.0,2304900000.0,-27698900000.0,Financial Services
2000-09-30,NTRS,2000,Q3,USD,19620171120.0,25649071120.0,27.782789341421143,527.7586650205761,1573.562645398773,120.98618452830189,28.43820754716981,0.18564535669029283,0.39416058394160586,11.592471980237349,-123.50984602421755,0.6672077922077922,1,-23392500000.0,-22982700000.0,0.0035437449883168504,0.0051589993551250804,0.0035437449883168504,0.05223469603897479,0.00904018593602217,0.030452335832578066,0.0062843488594405295,0.0008307776675497211,0.6646090534979424,1.1875,0.034987001733102256,0.22454506065857885,0,0,0.0,637150000.0,0.0,0.0,64.01971403812824,0,0,64.01971403812824,64.01971403812824,-6012600000.0,-1701400000.0,2360500000.0,-27100500000.0,Financial Services
2000-12-31,NTRS,2000,Q4,USD,18015706840.0,19782506840.0,21.18268212870757,109.90281577777777,160.3120489465154,222.275357752809,19.85168539325843,0.31339400428265524,1.4342629482071714,11.937151242589124,-112.87388688436273,0.6671982987772461,1,-19238700000.0,-18790600000.0,0.0034839529957831675,0.005312358788974243,0.0034839529957831675,0.05097067663065551,0.009511610986479112,0.023505742099146496,0.006966143549880278,0.006849578598049612,0.31444444444444447,-0.5711402623612513,0.06060606060606061,0.21394153549630582,0,0,0.0,635950000.0,0.0,0.0,59.28686154834565,0,0,59.28686154834565,59.28686154834565,-1643400000.0,-4184000000.0,2462200000.0,-24778800000.0,Financial Services
2001-03-31,NTRS,2001,Q1,USD,13848000000.0,19462500000.0,22.04383282364934,169.2391304347826,253.41796875,120.66026038437694,34.80781153130812,0.2081441071238797,0.9040880503144654,12.246554226224696,-134.7848064702484,0.6659685863874345,1,-22353300000.0,-21886900000.0,0.0033300347140411226,0.005146853749860213,0.0033300347140411226,0.049444142113037395,0.00870880945371391,0.019159778508947917,0.009185441941074525,0.005545927209705373,0.33217391304347826,-1.2861952861952861,0.04326650809831238,0.23128327103862273,0,0,0.0,536600000.0,0.0,0.0,46.68705402650357,0,0,46.68705402650357,46.68705402650357,-5537700000.0,3173900000.0,2572600000.0,-29749500000.0,Financial Services
2001-06-30,NTRS,2001,Q2,USD,13856312500.0,17294812500.0,20.01714409722222,48.96606030577576,54.113931476846055,97.87669779286927,19.459535936615733,0.2611901936760574,2.69002284843869,12.646972305808179,-121.33966468351518,0.6651469098277609,1,-19115300000.0,-18634900000.0,0.0036286957146568354,0.00530776428579111,0.0036286957146568354,0.04934049829018075,0.00984434980806142,0.01914515988245221,0.009475825548824769,0.02306529966035336,0.09513023782559456,-1.6231884057971016,0.03888888888888889,0.23958333333333334,0,0,0.0,501450000.0,0.0,0.0,56.760416666666664,0,0,56.760416666666664,56.760416666666664,-3118900000.0,-3161000000.0,2661100000.0,-26764900000.0,Financial Services
2001-09-30,NTRS,2001,Q3,USD,11411524620.0,11823724620.0,14.891340831234256,126.0525012793177,167.7124059574468,46.84518470681458,1.633122028526149,0.4050815104109529,0.740916271721959,12.582634354316449,-105.41636186296026,0.6656151419558359,1,-13557300000.0,-13072700000.0,0.003604332031294485,0.005334589850816596,0.003604332031294485,0.04644508034338543,0.01026272910772623,0.015418412924877795,0.011094047834600386,0.006177965026376992,0.2484008528784648,0.3745980707395498,0.02934508816120907,0.25717884130982366,0,0,0.0,627400000.0,0.0,0.0,80.46725440806046,0,0,80.46725440806046,80.46725440806046,-341700000.0,-5392500000.0,2725800000.0,-23167400000.0,Financial Services
2001-12-31,NTRS,2001,Q4,USD,13299827880.0,14412927880.0,19.778959626732536,88.15246409785932,110.61341427475058,87.1925461584997,6.733817301875378,0.5014116194726789,1.5966796875,11.445902788956685,-105.55638566654895,0.6679712981082844,1,-13651300000.0,-13162600000.0,0.0025811785701682303,0.004099138726298929,0.0025811785701682303,0.03692085812150712,0.006988568503668316,0.012471627657237694,0.007699347760280939,0.00979711926918561,0.20305810397553517,2.7666666666666666,0.045560587347330865,0.26430629888843143,0,0,0.0,640650000.0,0.0,0.0,70.57225195553725,0,0,70.57225195553725,70.57225195553725,-982800000.0,175200000.0,2773500000.0,-23169700000.0,Financial Services
2002-03-31,NTRS,2002,Q1,USD,13156272780.0,16280872780.0,23.037884222442337,210.0757778064516,315.52079031007753,93.5144904078116,17.947156806433085,0.2899413207756506,0.6073667711598746,12.91025877040554,-116.69338114772656,0.6607975142413257,1,-23039700000.0,-22546000000.0,0.0033612914102672175,0.004974662967228023,0.0033612914102672175,0.04506127061482502,0.00796762994230337,0.035019949220166845,0.00969879555811399,0.003922083470209106,0.33419354838709675,-1.3631578947368421,0.03664921465968586,0.2804584689401443,0,0,0.0,386100000.0,0.0,0.0,25.572378661383897,0,0,25.572378661383897,25.572378661383897,-3073000000.0,9471100000.0,2831700000.0,-25722000000.0,Financial Services
2002-06-30,NTRS,2002,Q2,USD,9492734720.0,10214434720.0,14.356197779339423,42.34840265339967,47.31095284854099,45.397487644444446,3.2075555555555555,0.39231110166224054,1.9022082018927444,13.053247028518982,-109.5411656041727,0.6645702306079665,1,-16864400000.0,-16367100000.0,0.0033543731184559303,0.0050367593680292495,0.0033543731184559303,0.0435245254522363,0.008522708177901451,0.01898564136242873,0.013357583851242397,0.022743709412328336,0.10489220563847429,0.7397660818713451,0.03555867884750527,0.2823612087139845,0,0,0.0,486200000.0,0.0,0.0,97.60224877020379,0,0,97.60224877020379,97.60224877020379,-505800000.0,-6039600000.0,2913300000.0,-24000800000.0,Financial Services
2002-09-30,NTRS,2002,Q3,USD,8314695040.0,9855995040.0,14.52401273209549,79.54798256658596,106.20684310344828,56.74147979274611,8.873344847438112,0.4016772620877827,1.2852697095435686,11.465821009206007,-114.84460060245337,0.6731843575418994,1,-17279800000.0,-16773000000.0,0.0024300172672388804,0.0036968242678958436,0.0024300172672388804,0.03273233506502326,0.0063017244760547545,0.013271424731930196,0.011593930930267768,0.011160962555278516,0.2510088781275222,1.019672131147541,0.04582964927792514,0.3006189213085765,0,0,0.0,767050000.0,0.0,0.0,101.12732095490716,0,0,101.12732095490716,101.12732095490716,-1448500000.0,511200000.0,2945100000.0,-25124800000.0,Financial Services
2002-12-31,NTRS,2002,Q4,USD,7713208149.999999,5278208149.999999,7.961098265460029,20.609949824287384,23.15003574561403,34.29634925276153,-15.821962313190383,0.4286602224018586,2.659397715472482,11.585199686678083,-109.10432467066249,0.678646934460888,1,-16821500000.0,-16306500000.0,0.0024393209416842714,0.003585655860424745,0.0024393209416842714,0.03210214014267618,0.007177942919328269,0.014139099242726185,0.012485077302108074,0.029559684578199803,0.10972276454509958,2.341666666666667,0.042383107088989444,0.2923076923076923,0,0,0.0,685500000.0,0.0,0.0,82.60180995475113,0,0,82.60180995475113,82.60180995475113,2663000000.0,-378100000.0,2999800000.0,-23857700000.0,Financial Services
2003-03-31,NTRS,2003,Q1,USD,6710388300.0,6419988300.0,10.187223579815932,339.68192063492063,-682.9774787234043,32.24504419889503,-1.4585635359116023,0.3184793104681521,0.19957761351636746,11.522521621590368,-111.40413569658853,0.6678420310296191,1,-19056000000.0,-18534400000.0,0.002598100944589393,0.0037351223990127478,0.002598100944589393,0.03129440534020687,0.008071996189616706,0.016704560180004005,0.014112447114275043,-0.0014008131243314192,1.4973544973544974,0.493891797556719,0.04490637892732466,0.30545858457632497,0,0,0.0,368200000.0,0.0,0.0,18.265629958743258,0,0,18.265629958743258,18.265629958743258,281000000.0,2360100000.0,3026100000.0,-24518600000.0,Financial Services
2003-06-30,NTRS,2003,Q2,USD,9164355200.0,8006555200.0,11.926940563086548,70.48023943661971,86.37060625674218,61.30593568147014,-8.865237366003063,0.3717519576209001,1.7057057057057057,9.537697249318626,-113.81907152616695,0.5639288738357324,1,-18750000000.0,-18241100000.0,0.0017045890814158839,0.003127619314969273,0.0017045890814158839,0.022606157292692032,0.0059106718850977,0.01280064165790529,0.007267287064560745,0.01011527794121293,0.18397887323943662,1.672,0.031133621331744375,0.3153582600923581,0,0,0.0,151950000.0,0.0,0.0,23.596007746164158,0,0,23.596007746164158,23.596007746164158,1250500000.0,-233000000.0,2946100000.0,-25030000000.0,Financial Services
2003-09-30,NTRS,2003,Q3,USD,9328138050.0,9710738050.0,15.03442955565877,22.170634817351598,23.087822277698525,47.438876648754274,1.869076697606253,0.3509349063809848,3.8488576449912126,12.583550055919526,-122.07667651852559,0.65666474321985,1,-20223700000.0,-19719800000.0,0.002793035573161333,0.004342531247180988,0.002793035573161333,0.037929540379295405,0.00760758638056487,0.018078447736282078,0.01219964792437865,0.04508938415635905,0.03972602739726028,0.554140127388535,0.02693915466790525,0.2954017649790989,0,0,0.0,247150000.0,0.0,0.0,44.35206688341849,0,0,44.35206688341849,44.35206688341849,38000000.0,1602500000.0,3000300000.0,-26809400000.0,Financial Services
2003-12-31,NTRS,2003,Q4,USD,10176000120.0,9537000120.0,14.661030161414297,-161.37056040609136,-128.18548548387096,33.69964706713781,-2.2579505300353357,0.36732049433907255,-0.4556669236700077,13.580145528371434,-123.24301092873807,0.6553815058110156,1,-19530500000.0,-19032200000.0,0.0031290560721058043,0.004815413215498866,0.0031290560721058043,0.04245082315975518,0.008596724680834245,0.01870386647386279,0.012745675950326147,-0.007311320668498577,-0.25888324873096447,0.1797884841363102,0.023520368946963875,0.2923904688700999,0,0,0.0,244450000.0,0.0,0.0,23.60338201383551,0,0,23.60338201383551,23.60338201383551,564600000.0,-492900000.0,3055300000.0,-27055900000.0,Financial Services
2004-03-31,NTRS,2004,Q1,USD,10254598770.0,6034398770.0,8.862386209428697,23.710800667976425,25.059795556478406,27.566919917770672,-19.279122887163087,0.3833259633607075,1.996078431372549,13.588962504400786,-113.56308182987055,0.6623376623376623,1,-19523900000.0,-19032500000.0,0.0031733073827307366,0.004716455283716224,0.0031733073827307366,0.040886351975371986,0.010842788096800867,0.022596814142671003,0.012433445994299004,0.023482147415115298,0.05383104125736739,0.5189393939393939,0.020120428844176825,0.299309737112645,0,0,0.0,227650000.0,0.0,0.0,37.63107651637538,0,0,37.63107651637538,37.63107651637538,4461000000.0,133300000.0,3118400000.0,-24924400000.0,Financial Services
2004-06-30,NTRS,2004,Q2,USD,9294285560.0,6572785560.0,9.445014456100015,69.70080127253446,78.15440618311534,32.26698851251841,-13.36033382425135,0.4437717226125814,0.7209480122324159,13.912266141347436,-115.52254727581234,0.6728395061728395,1,-18484300000.0,-18004100000.0,0.003022230026825757,0.0046586195245044825,0.003022230026825757,0.04115666593247538,0.008493396189659875,0.019347518859849918,0.014073163467553282,0.009048570700468127,0.10816542948038176,1.096774193548387,0.01465727834458974,0.30133639890788905,0,0,0.0,224300000.0,0.0,0.0,21.197011064808162,0,0,21.197011064808162,21.197011064808162,2805600000.0,-909700000.0,3178100000.0,-25354000000.0,Financial Services
2004-09-30,NTRS,2004,Q3,USD,8944747200.0,3141547200.0,4.574846657929227,12.729121555915722,17.951698285714286,11.963241431835492,-22.099009900990097,0.4620800882387834,2.151700087183958,13.160233147614514,-107.33656732076228,0.6803084223013048,1,-16776700000.0,-16306900000.0,0.0027900754074434444,0.00399576723589365,0.0027900754074434444,0.035560378235932416,0.009181729399145067,0.01699271308922686,0.012823168440132105,0.019564555161491876,0.2909238249594814,0.7638297872340426,0.10455803116353575,0.28425804572593566,0,0,0.0,199400000.0,0.0,0.0,30.786369593709043,0,0,30.786369593709043,30.786369593709043,5978200000.0,-1570700000.0,3225500000.0,-23473100000.0,Financial Services
2004-12-31,NTRS,2004,Q4,USD,10612495320.0,5260895320.0,6.871597857889237,90.08382397260274,50.19938282442748,21.411865364265363,-21.78103378103378,0.43831909481824505,0.44042232277526394,14.35391158878763,-121.97911230739652,0.6663316582914572,1,-19697700000.0,-19232600000.0,0.0029286586699118974,0.004607190690233566,0.0029286586699118974,0.04023546546911033,0.009290320765730602,0.019495469017879012,0.01249470515667563,0.009875151586874858,0.0,0.0,0.0,0.2801724137931034,0,0,0.0,191900000.0,0.0,0.0,17.503918495297807,0,0,17.503918495297807,17.503918495297807,5410000000.0,3099800000.0,3295600000.0,-26609600000.0,Financial Services
2005-03-31,NTRS,2005,Q1,USD,9489641760.0,2054841760.0,2.5915522260058017,8.860895903406641,11.161552199891364,8.112284879589419,-29.351756810106593,0.4478203017760504,1.6671459381739755,14.847554245843614,-125.59726532816977,0.6567516525023607,1,-20998400000.0,-20517700000.0,0.0029123997881129703,0.00455297835293106,0.0029123997881129703,0.04138156720414113,0.010983370971053171,0.02176079563551181,0.014658087577797036,0.01940010009397868,0.2061233290211298,1.1518072289156627,0.060285029638037585,0.2832639677134569,0,0,0.0,208700000.0,0.0,0.0,30.476730987514188,0,0,30.476730987514188,30.476730987514188,7618900000.0,1433500000.0,3361400000.0,-27370100000.0,Financial Services
2005-06-30,NTRS,2005,Q2,USD,9943817260.0,5276617260.0,5.84731522606383,428.9932731707317,224.53690468085105,31.445871632896306,-27.814064362336115,0.41170548358950265,0.082,15.636152095476996,-128.96444061362408,0.6490696668109044,1,-21036000000.0,-20559500000.0,0.0032428505953873694,0.004916137417847217,0.0032428505953873694,0.043524939790499956,0.011364927832708262,0.02201371689845685,0.01508475026018328,0.0023632775407620476,0.0,0.0,0.0,0.27249556737588654,0,0,0.0,216750000.0,0.0,0.0,16.456117021276597,0,0,16.456117021276597,16.456117021276597,4679500000.0,124300000.0,3446300000.0,-28087700000.0,Financial Services
2005-09-30,NTRS,2005,Q3,USD,11020557150.0,5453757150.0,5.979996875,56.869209071949946,-1398.3992692307693,23.691386403127716,-24.182450043440486,0.4026901667211327,0.6492890995260664,15.70814656350376,-139.00937100081188,0.6535398230088496,1,-21750500000.0,-21275400000.0,0.003049926281402677,0.004773824234551081,0.003049926281402677,0.04185321620855766,0.009891508170372355,0.01881248283152839,0.01340222622047743,-0.0003538841046706972,1.040667361835245,23.761904761904763,0.1094298245614035,0.27028508771929827,0,0,0.0,224600000.0,0.0,0.0,28.046052631578945,0,0,28.046052631578945,28.046052631578945,5562900000.0,766600000.0,3529000000.0,-30234800000.0,Financial Services
2005-12-31,NTRS,2005,Q4,USD,11278415720.0,5958815720.0,6.291643670150987,24.562307172300084,27.87098091674462,39.125513591595535,-34.92843072882469,0.7376159606301878,1.6436314363143631,15.888512788319602,-90.39575733071133,0.6742804933759707,1,-10855300000.0,-10383800000.0,0.002763330824618357,0.004298849581505324,0.002763330824618357,0.040990890913130414,0.00990983127773712,0.018178043514366384,0.01308694444896734,0.0189565631652386,0.11871393239901072,-0.43243243243243246,0.030408615774469433,0.26142962728328584,0,0,0.0,897650000.0,0.0,0.0,143.59518530250236,0,0,143.59518530250236,143.59518530250236,5533400000.0,-10843000000.0,3600800000.0,-19296500000.0,Financial Services
2006-03-31,NTRS,2006,Q1,USD,11426415000.0,6176115000.0,5.9991403593977655,45.749,70.90832376578645,22.98516933382955,-19.53963528098251,0.4033274189343451,0.8282208588957055,16.933030181877196,-140.73208329121601,0.6509584664536742,1,-23573400000.0,-23112000000.0,0.003247335391971312,0.004833566260780938,0.003247335391971312,0.04401360911594751,0.010457969229189923,0.02343055516567012,0.01426519166335198,0.007622688305999738,0.3548148148148148,2.6174863387978142,0.04652744050509956,0.2642059252064109,0,0,0.0,901300000.0,0.0,0.0,25.483244293346285,0,0,25.483244293346285,25.483244293346285,5337400000.0,12851500000.0,3703400000.0,-30556900000.0,Financial Services
2006-06-30,NTRS,2006,Q2,USD,12043565800.0,4518365800.0,3.984098227669518,92.97048971193415,-525.3913720930233,15.198001345442314,-25.31180625630676,0.4416914500379276,0.28945801072066707,17.416381408354965,-143.44080886742032,0.5970839260312945,1,-23184600000.0,-22721400000.0,0.0031485638310839574,0.005432719383235656,0.0031485638310839574,0.04408675559289991,0.01146638621028765,0.02383172025696222,0.013941053902823367,-0.0007140742320683796,1.176954732510288,3.5527950310559007,0.0504364694471387,0.06877700379155277,0,0,0.0,273350000.0,0.0,0.0,20.252182347235692,0,0,20.252182347235692,20.252182347235692,7516600000.0,-262000000.0,3808400000.0,-31175600000.0,Financial Services
2006-09-30,NTRS,2006,Q3,USD,12715419740.0,5391619740.0,4.825147431537498,29.5431218630137,45.80815412064571,20.284498645598195,-27.55379984951091,0.4529988493855332,1.1148442272449604,17.49638509743491,-149.74577011092833,0.6534930139720558,1,-22629000000.0,-22157400000.0,0.00296553135909016,0.004616371255763554,0.00296553135909016,0.04159044715447154,0.009906202723146747,0.018110572091644555,0.012874132615932033,0.00925647775745388,0.35506849315068495,4.235294117647059,0.05799176660103812,0.24002147843207447,0,0,0.0,252950000.0,0.0,0.0,20.19241095400036,0,0,20.19241095400036,20.19241095400036,7441500000.0,-441400000.0,3936000000.0,-32524700000.0,Financial Services
2006-12-31,NTRS,2006,Q4,USD,13231330350.0,6534630350.0,5.482072441275168,293.0327511210762,-141.13672462203024,16.66997538265306,-17.08341836734694,0.671731744775911,0.13056206088992975,17.857134276605038,-103.36731417563011,0.7054935976869062,1,-16928400000.0,-16018700000.0,0.0028132731147940612,0.004177267280402301,0.0028329880560029326,0.043307386089911,0.010111295287710159,0.026478115361900388,0.012908754863036127,-0.003499270199991643,3.0762331838565022,0.45763842561707807,0.0575503355704698,0.23238255033557048,0,0,0.006959062593679689,940800000.0,0.0,0.0,123.13842281879195,0,0,123.13842281879195,123.13842281879195,6650400000.0,-5448500000.0,3521400000.0,-22127900000.0,Financial Services
2007-03-31,NTRS,2007,Q1,USD,13158632000.0,-240268000.0,-0.19059812787561478,-2.15874213836478,-4.795768463073852,-0.8938541666666666,-49.847098214285715,0.45326662051823874,0.5961435457953936,18.836033481773285,-151.57792504570384,0.6613531703861141,1,-27011800000.0,-26528800000.0,0.003136107396980468,0.004695429150248743,0.003136107396980468,0.046174011970124156,0.014920721181510133,0.027877076215116623,0.014188404995291304,0.003807386664510414,0.5498652291105122,-4.533333333333333,0.04854831032841504,0.23901316833254005,0,0,0.0,955950000.0,0.0,0.0,20.061875297477393,0,0,20.061875297477393,20.061875297477393,13449000000.0,10195400000.0,4043400000.0,-33095000000.0,Financial Services
2007-06-30,NTRS,2007,Q2,USD,14109223919.999998,2869123919.999998,2.1441775054181287,11.203139086294408,14.873633592534983,9.972623983315948,-39.06882168925964,0.403943288734901,1.2377960367327212,20.19762518860686,-163.35466437192954,0.6680658701969648,1,-28970800000.0,-28484700000.0,0.0034709116133783595,0.005198833997386314,0.0034709116133783595,0.048944928084784255,0.015049790146715451,0.028140219524605655,0.014664165879933105,0.013671907193035748,0.24677860210855135,-2.8727272727272726,0.04723114864359913,0.2317465062401913,0,0,0.0,398250000.0,0.0,0.0,34.67229653986996,0,0,34.67229653986996,34.67229653986996,11433000000.0,2080700000.0,4227200000.0,-35749200000.0,Financial Services
2007-09-30,NTRS,2007,Q3,USD,14883847200.000002,1820047200.000002,1.317538149703201,7.751478705281098,10.105759022765142,6.839711386696738,-49.09357384441939,0.43131551327486267,1.1272203552568412,20.55390766289651,-165.26919491621763,0.691796745267353,1,-29638300000.0,-29159600000.0,0.0033011668983135996,0.004907561491207625,0.0033011668983135996,0.047781804835527825,0.013499588466698206,0.02741859109783638,0.013995037519600441,0.012100366093519152,0.23296422487223167,-1.562857142857143,0.03959750977269437,0.22918778051252353,0,0,0.0,427100000.0,0.0,0.0,22.06674388301723,0,0,22.06674388301723,22.06674388301723,13243900000.0,786100000.0,4359400000.0,-36260500000.0,Financial Services
2007-12-31,NTRS,2007,Q4,USD,16872105600.0,2728305600.0,1.8961050802696504,9.796429443447037,13.367494365507104,6.068295373665481,-31.458629893238435,0.6802479178087036,2.228,16.163569543550405,-113.77212690631808,0.7453786523553966,1,-18082300000.0,-17164600000.0,0.0018488061149632014,0.0025659838069131613,0.0018605232684482044,0.02772171830298729,0.00762283435276038,0.015162474457966401,0.007408678143882647,0.012096889673331584,0.26714542190305207,0.2639233770840724,0.051706164431162695,0.2398359858225033,0,0,0.006297773150010649,1035100000.0,0.0,0.0,108.30148029744944,0,0,108.30148029744944,108.30148029744944,14347900000.0,-11223500000.0,4083300000.0,-24633400000.0,Financial Services
2008-03-31,NTRS,2008,Q1,USD,14644670400.0,-4213729600.0,-2.706313166345536,-15.54308225746957,-21.95794476289734,-6.6990931637519875,-29.981558028616853,0.5399582572799457,0.7037902388369678,29.148146845420417,-171.5921160130719,0.666320705760249,1,-29866600000.0,-28948900000.0,0.004971586325814433,0.007968764538239663,0.00499900071896324,0.08095158036314727,0.020180429384214004,0.04603146797464726,0.02630308429474794,0.013103743188375205,0.29214312061969755,1.5559921414538311,0.05086705202312139,0.220616570327553,0,0,0.0054839746361333135,1142100000.0,0.0,0.0,31.947976878612717,0,0,31.947976878612717,31.947976878612717,19108300000.0,12199200000.0,4333500000.0,-37667000000.0,Financial Services
2008-06-30,NTRS,2008,Q2,USD,15126816279.999998,-4835183720.000002,-3.3713455027192873,-16.074413962765963,-20.976935878524955,-10.054447327926807,-41.50966936993138,0.48613089670719717,1.3951762523191094,22.24449318517594,-179.8306014396838,0.5036206493809857,1,-32140200000.0,-31221800000.0,0.0028820870802024946,0.005622271602603502,0.0028985702089901386,0.04343184061562015,0.014835610971195796,0.034914446963642,0.01425283390828622,0.015237839591187262,0.23371010638297873,1.331439393939394,0.04901687351833775,0.2570771161623205,0,0,0.0056866412055572415,744050000.0,0.0,0.0,58.69892623065123,0,0,58.69892623065123,58.69892623065123,20241400000.0,2520600000.0,4538700000.0,-39437500000.0,Financial Services
2008-09-30,NTRS,2008,Q3,USD,16021107800.0,-5597292200.0,-4.260708076425363,-16.116591419522027,-20.368603347889373,28.34072,109.46025316455696,0.4729722655877127,-2.341874578556979,,-197.8460921410191,0.586629746835443,1,-34231400000.0,-33328500000.0,-0.0018714350613295643,-0.003282032107569641,-0.0018811680239490575,-0.03066583953680728,-0.00882480705032461,-0.017687969661773554,-0.0092565384273864,0.01715237194771263,0.20875323927440254,1.3110307414104883,0.05518763796909492,0.21519372763949152,0,0,0.005173893291605673,896200000.0,0.0,0.0,58.71203471112126,0,0,58.71203471112126,58.71203471112126,21943900000.0,1976400000.0,4426000000.0,-43687600000.0,Financial Services
2008-12-31,NTRS,2008,Q4,USD,11624143740.0,-7740156260.0,-6.449055374104316,121.12920594679186,51.63546537691794,-13.260504128833304,-33.17508994346411,0.6803299039811483,-0.1866783523225241,31.465511972937236,-138.6720029065986,0.6553704767375071,1,-21243900000.0,-20347900000.0,0.004171663400508936,0.006476227792601998,0.0041915551735032,0.05357310545591135,0.017422329899425874,0.03348527686419326,0.029447330285680036,-0.012895573502259531,-1.34585289514867,1.4006514657980456,0.07165472421263124,0.3012831194800866,0,0,0.004745678434584223,1355050000.0,0.0,0.0,138.95934010998167,0,0,138.95934010998167,138.95934010998167,19214400000.0,-12669800000.0,6000000000.0,-30452400000.0,Financial Services
2009-03-31,NTRS,2009,Q1,USD,13361215740.0,8351515740.0,8.266372107294863,18.69184364368845,24.498432795541213,27.80131737683089,-16.67676431424767,0.3358686862403583,2.761433868974042,21.82032545475217,-226.17502473618467,0.6601387188902489,1,-42706300000.0,-41783700000.0,0.0020620764013325756,0.003053859313149537,0.00207230792087831,0.024798075007280027,0.00644108280254777,0.01730858861912631,0.012109676480682289,0.025514145316839258,0.23701880035810205,1.9150090415913201,0.10482035039097298,0.3207958032267643,0,0,0.00493725833050828,1277700000.0,0.0,0.0,62.56260516678214,0,0,62.56260516678214,62.56260516678214,5406300000.0,21629300000.0,6137300000.0,-50342200000.0,Financial Services
2009-06-30,NTRS,2009,Q2,USD,12639224400.0,3117024400.0,2.7349516539440204,-30.087108108108108,-17.27840576496674,5.864580244590781,-17.915710253998117,0.3925290492101615,-0.3297262889879058,27.955715600491835,-192.79565097364676,0.664973544973545,1,-36851800000.0,-35898400000.0,0.004186810082456973,0.006155958772664677,0.004209544760912059,0.05126698973681205,0.014638055216495999,0.03285607993936402,0.0248591203112115,-0.014273027702554281,-0.7413127413127413,1.3016949152542372,0.06738615425111871,0.30692287444064226,0,0,0.005400745150922377,932550000.0,0.0,0.0,91.82416425375098,0,0,91.82416425375098,91.82416425375098,9381500000.0,-5518400000.0,5723400000.0,-45104000000.0,Financial Services
2009-09-30,NTRS,2009,Q3,USD,14040754560.0,150654560.0,0.14877993284613866,0.43130420841683365,0.5223805825242719,0.4688906318082789,-43.230936819172115,0.4369728758339342,1.8589675359233635,21.24706604034054,-182.4969140404944,0.7268858800773694,1,-35841800000.0,-34897700000.0,0.0024120203076962573,0.0033802625359030305,0.0024245130006283863,0.03019298442948275,0.008322481773809207,0.018150030893669605,0.013382471661124174,0.0205402066368718,0.1743486973947896,0.9697452229299363,0.06014220817697018,0.3389294884455856,0,0,0.005152660731821595,974950000.0,0.0,0.0,69.95753505826585,0,0,69.95753505826585,69.95753505826585,14220100000.0,-778600000.0,5821900000.0,-43860900000.0,Financial Services
2009-12-31,NTRS,2009,Q4,USD,12657429600.0,-1202270400.0,-1.0548082119670117,-3.7314413407821228,-4.77849920508744,-3.47778536303153,-40.09169800404975,0.7331884332717582,1.6085871193210184,22.080272834751565,-109.24265381653791,0.7176639197420279,1,-18155700000.0,-17210600000.0,0.002438475070457686,0.0034878126503502184,0.0024504556526249725,0.03173270385450167,0.008394732651025557,0.019801909951328876,0.015824697930771032,0.019877653516635004,0.2191185599006828,1.06006006006006,0.06194069134935953,0.35979996490612387,0,0,0.004889124255096388,1293150000.0,0.0,0.0,142.06702930338656,0,0,142.06702930338656,142.06702930338656,14155900000.0,-17445200000.0,5910500000.0,-25938200000.0,Financial Services
2010-03-31,NTRS,2010,Q1,USD,13357668240.0,-2273931760.0,-2.3160844978610715,-65.34286666666667,49.86692456140351,-7.6460381977135174,-52.56086079354405,0.42319153063593373,0.22137404580152673,19.755133138306576,-179.9554450530357,0.6599496221662469,1,-36275600000.0,-35341100000.0,0.002059786212011227,0.003006435058415336,0.0020704751819568363,0.02438305594763537,0.008324772021987566,0.017738524321587085,0.011768521060379322,-0.003413769467896292,2.310344827586207,1.3581081081081081,0.08189040537787737,0.3440619270727236,0,0,0.005162568495753329,1384900000.0,0.0,0.0,88.97331432063558,0,0,88.97331432063558,88.97331432063558,15647000000.0,18316900000.0,6053100000.0,-43256900000.0,Financial Services
2010-06-30,NTRS,2010,Q2,USD,11303548200.0,-3202451800.0,-3.0519887544077005,-4.371351078351078,-4.730357163958641,-8.913030336765933,-40.37294739771779,0.42633001789965125,3.6703406813627253,22.526280681404618,-189.71941283888185,0.6657771847898599,1,-37305300000.0,-36382800000.0,0.0024934758628788155,0.00383455641357699,0.002505777977525833,0.030152879328056076,0.00903298215126172,0.019960451939785746,0.017658172148104785,0.059892698117569844,0.07589407589407589,0.934453781512605,0.052987706089774135,0.3211664919470123,0,0,0.004909499068694261,916150000.0,0.0,0.0,73.90927284856572,0,0,73.90927284856572,73.90927284856572,15227700000.0,1277900000.0,6226600000.0,-45705400000.0,Financial Services
2010-09-30,NTRS,2010,Q3,USD,11680061760.0,-2118138240.0,-2.147777570472521,-13.93512,-27.615883181225556,-7.032331474103586,-45.810756972111555,0.42331873482362176,0.9768637532133676,20.105313447926477,-194.35020898382646,0.6554338668913227,1,-36882400000.0,-35950300000.0,0.0019275699487385318,0.002953245055273825,0.0019371617592317087,0.022988166117570583,0.006984594390778181,0.014158679795552003,0.013321847366670088,0.006566746099123367,0.4953947368421053,1.1802507836990597,0.0763536807949706,0.33796390184546743,0,0,0.004951476275776293,782950000.0,0.0,0.0,64.26485499898601,0,0,64.26485499898601,64.26485499898601,13921900000.0,-231800000.0,6369000000.0,-46880800000.0,Financial Services
2010-12-31,NTRS,2010,Q4,USD,13421077740.0,-5429022260.0,-5.382730775332144,42.02029613003096,23.7075207860262,-19.292900710732052,-66.98685145700071,0.7360611075379935,-0.8224061107574793,20.286167139036298,-109.5194745142725,0.7327425373134329,1,-18261800000.0,-17356400000.0,0.0018737200917419157,0.0026056209222609836,0.0018827223374039764,0.02300045386000615,0.007995643366822406,0.014630418167922262,0.011705468297212918,-0.01706271317671393,-0.7724458204334366,1.48955223880597,0.09894903827087051,0.4053142970454095,0,0,0.004781504677144074,1234600000.0,0.0,0.0,157.49553837001787,0,0,157.49553837001787,157.49553837001787,18689000000.0,-18428400000.0,6429400000.0,-26085900000.0,Financial Services
2011-03-31,NTRS,2011,Q1,USD,12287894500.0,-11273305500.0,-11.155061844448841,-154.6406790123457,2254.6611,-38.40989948892675,-80.27666098807495,0.4716478698740515,0.4827814569536424,20.037729678218362,-202.83819168532088,0.6565217391304348,1,-41408700000.0,-40508200000.0,0.0016292760403628862,0.002605891240296596,0.0016364412712656085,0.021794982823821484,0.0069895111045279075,0.01607728279940444,0.012288516962771775,-0.0004069045351911184,1.0685871056241427,1.226771653543307,0.07708292103700772,0.3451415000989511,0,0,0.004378544484630855,1534500000.0,0.0,0.0,116.12903225806453,0,0,116.12903225806453,116.12903225806453,23625200000.0,23352500000.0,6522400000.0,-48786400000.0,Financial Services
2011-06-30,NTRS,2011,Q2,USD,11098604640.0,-16325795360.0,-15.42497671957672,-33.2975634509484,-34.69882116896918,-55.00604905660377,-92.40026954177898,0.48099111428557156,3.225657894736842,20.29832586129274,-216.3616430074042,0.6623093681917211,1,-41564100000.0,-40633500000.0,0.0015606021871018283,0.002414804487643198,0.001567601796141637,0.021635778745694195,0.007639189039774041,0.013254633346231814,0.01369541531844313,0.04239271649557561,0.04038343871099327,0.29420505200594355,0.01870748299319728,0.3660241874527589,0,0,0.004465170336648587,1440950000.0,0.0,0.0,134.1751700680272,0,0,134.1751700680272,134.1751700680272,27898500000.0,358500000.0,6590500000.0,-51853400000.0,Financial Services
2011-09-30,NTRS,2011,Q3,USD,8429865179.999999,-14906734820.0,-14.039117366735733,21.289252813481863,16.989668133120585,-46.788244883866916,-73.24733207784055,0.3889291641904685,-4.109154929577465,21.730177379454794,-241.61545451904843,0.6740506329113924,1,-48635800000.0,-47609600000.0,0.0017731861783051087,0.002612967159612706,0.0017830963719639489,0.02382283860865675,0.00969051762377589,0.01531462219287458,0.020213846409344354,-0.10408232887064987,-0.2530705512710654,2.6930091185410334,0.16688641928800152,0.3558108871727256,0,0,0.0055578564426805085,1263050000.0,0.0,0.0,80.37106799773969,0,0,80.37106799773969,80.37106799773969,22606400000.0,7277900000.0,6618700000.0,-57990100000.0,Financial Services
2011-12-31,NTRS,2011,Q4,USD,9558853200.0,-16487446800.0,-15.874683997689196,-11.850389419966938,-12.73063608987723,-68.72633097123801,-108.57148812005002,0.5374227282123633,10.685867895545314,18.94529207588121,-197.20303294332422,0.7596266044340724,1,-39607300000.0,-38580800000.0,0.001299093926885557,0.001746111870351703,0.00130602647963672,0.01829345397833448,0.007420410117290353,0.011739243592729065,0.013620880797709083,0.13548696406384816,0.06914396607489398,1.4043795620437955,0.09262468707875987,0.4605237820142499,0,0,0.00530812572275819,1352650000.0,0.0,0.0,152.26169844020797,0,0,152.26169844020797,152.26169844020797,27395800000.0,-8871600000.0,6585300000.0,-47090600000.0,Financial Services
2012-03-31,NTRS,2012,Q1,USD,11439720500.0,-6393979500.0,-6.089504285714286,-8.439782866948258,-9.130343424246751,-20.73274805447471,-57.826523994811936,0.34498413195383326,4.699751861042183,21.23045983959813,-240.41779003691568,0.6807432432432432,1,-50628600000.0,-49610900000.0,0.0017597427195011589,0.0024688783702066434,0.0017701097424116976,0.022316978624432385,0.009122135892662113,0.016547174821461015,0.01409125336584928,0.061216530596180214,0.07563357972544879,0.8002793296089385,0.05457142857142857,0.38447619047619047,0,0,0.005856711966577988,1371200000.0,0.0,0.0,84.45428571428572,0,0,84.45428571428572,84.45428571428572,18581400000.0,11244200000.0,6686700000.0,-57716000000.0,Financial Services
2012-06-30,NTRS,2012,Q2,USD,11086264020.0,-12074535980.0,-11.435302566530922,55.31166275767293,43.8118141509434,-35.55517073027091,-68.20023557126031,0.3938893163956554,-1.215478841870824,22.684899346193,-232.55528204532152,0.6746806912096168,1,-48047000000.0,-47051800000.0,0.0019014164281955918,0.002861439469591025,0.0019122107861038917,0.02430212575944143,0.010286368843069873,0.017530573135154003,0.01620022756773566,-0.024859591969197934,-0.2624828218048557,0.7806539509536785,0.05426650250970736,0.37247845439909083,0,0,0.005644962358095153,855050000.0,0.0,0.0,61.77857751681031,0,0,61.77857751681031,61.77857751681031,22935500000.0,-2335600000.0,6857100000.0,-55841600000.0,Financial Services
2012-09-30,NTRS,2012,Q3,USD,11262310560.0,-11997989440.0,-11.426656609523809,-47.629969988090515,-63.41432050739958,-35.65524350668648,-69.12421991084696,0.39328059942558474,1.4088366890380313,22.913743222966886,-232.01276239713283,0.6719278466741826,1,-47256100000.0,-46264400000.0,0.0019095933570074494,0.00282952058712818,0.0019206290382353414,0.02373808449058708,0.010706009855756279,0.016901032735032965,0.015875960714050844,0.01679939467057282,0.24890829694323144,0.890625,0.05971428571428571,0.37485714285714283,0,0,0.005745868154753958,901500000.0,0.0,0.0,92.41714285714286,0,0,92.41714285714286,92.41714285714286,23501200000.0,-552700000.0,6994200000.0,-55468500000.0,Financial Services
2012-12-31,NTRS,2012,Q4,USD,12011112960.0,-12212987040.0,-11.770419275250578,-526.4218551724138,109.04452714285715,-41.09349609690444,-81.50773889636608,0.5164752834554663,0.1383422778771616,22.25579051545113,-200.02975494454097,0.7513440860215054,1,-40078300000.0,-39070600000.0,0.0017206388423188917,0.0023359949931003373,0.0017301859150279594,0.02227979274611399,0.010444693572496264,0.01531284302963776,0.013962070006208652,-0.009324697917086278,5.827586206896552,1.827027027027027,0.13030069390902083,0.431283731688512,0,0,0.00551794615026297,2081150000.0,0.0,0.0,267.51060138781804,0,0,267.51060138781804,267.51060138781804,24201900000.0,-6981500000.0,6989200000.0,-47127300000.0,Financial Services
2013-03-31,NTRS,2013,Q1,USD,13005955840.0,-8167444160.0,-7.876031012536162,-26.135821312,-34.00268176519567,-25.619335508155583,-66.4159347553325,0.743196174812708,1.9054878048780488,22.159622297453257,-118.49662162162163,0.6762886597938145,1,-19936400000.0,-18949700000.0,0.0017604726654414922,0.0025443210230164,0.0017705363321612526,0.02154464602409322,0.009460792514436362,0.015620973975779438,0.012609607630345451,0.018468461907371815,0.23136,0.9475753604193972,0.06972034715525555,0.38640308582449373,0,0,0.005683965099702867,2526650000.0,0.0,0.0,170.90453230472517,0,0,170.90453230472517,170.90453230472517,21474000000.0,-19913500000.0,7082600000.0,-27848300000.0,Financial Services
2013-06-30,NTRS,2013,Q2,USD,14087063640.0,-6481536360.0,-6.0254126243376405,4.065698381633421,3.848207777711809,-17.718798141060688,-56.229086932750135,0.7503992039790994,-8.342229199372056,24.039249944986373,-126.81051059694084,0.6686494051784465,1,-19867200000.0,-18882300000.0,0.001965321485869431,0.0030022143694509455,0.0019761006601479126,0.024739145069000337,0.009231393500828458,0.016201722212459115,0.01356563758662767,-0.11956359700239133,-0.05651737548613725,1.12625,0.08375941247559729,0.37575532211583157,0,0,0.005454769838331482,2222050000.0,0.0,0.0,207.06609649530537,0,0,207.06609649530537,207.06609649530537,18954600000.0,182100000.0,7194200000.0,-29782700000.0,Financial Services
2013-09-30,NTRS,2013,Q3,USD,13047393400.0,-8885606600.0,-8.068288931263053,-3.9621896905377687,-4.11866441086493,-23.218203814998695,-57.31120982492814,0.7427498265028368,10.86004842615012,25.11826088851844,-123.45256949943733,0.6849087893864013,1,-20498800000.0,-19516800000.0,0.0021517252877216197,0.003121029163248458,0.0021638489476254246,0.026416445996597204,0.011596042183762171,0.01851374253923808,0.01582691604899412,0.16535103478983013,0.03799161687327209,1.0492610837438423,0.07736311631707982,0.36502315445382727,0,0,0.005602821729820412,2543600000.0,0.0,0.0,213.4813402342686,0,0,213.4813402342686,213.4813402342686,24163500000.0,907200000.0,7279400000.0,-28966900000.0,Financial Services
2013-12-31,NTRS,2013,Q4,USD,14743930920.0,-13303469080.0,-12.490347460332362,109.40352861842105,51.38458509076864,-40.72075016835017,-85.85062748699113,0.5688324678270072,-0.7165586328815556,23.071855061743186,-196.0700463421596,0.6906796906796907,1,-37072000000.0,-36072500000.0,0.0016484162284974935,0.0024703795757824378,0.0016571197559532296,0.021448432760364004,0.009003034611548501,0.014481222151495863,0.011509820611666296,-0.01755976756841723,-1.129111842105263,1.6950617283950618,0.1289080837480049,0.3940475072763121,0,0,0.005252201854735384,2471300000.0,0.0,0.0,196.90827152380058,0,0,196.90827152380058,196.90827152380058,27877700000.0,16775800000.0,7371300000.0,-46126800000.0,Financial Services
2014-03-31,NTRS,2014,Q1,USD,15551356480.0,-11083643520.0,-10.166614859658779,-20.58243922005571,-24.62484674516774,-31.3984235694051,-75.45325779036827,0.7531408276924545,2.9685777287761854,24.011411685365637,-128.12774021112273,0.6730983302411874,1,-21728100000.0,-20737100000.0,0.0017470428362575915,0.0026066363316744035,0.0017562033478231405,0.02282249034384711,0.010327414331991643,0.01704143059490085,0.01166457731409421,0.028942812839436626,0.16415970287836584,1.058682634730539,0.08108603925885159,0.3889194643184737,0,0,0.005216088203512192,2762600000.0,0.0,0.0,263.75068794716566,0,0,263.75068794716566,263.75068794716566,27160000000.0,-15092500000.0,7406700000.0,-29594200000.0,Financial Services
2014-06-30,NTRS,2014,Q2,USD,15154394729.999998,-13721905270.0,-12.155111409336522,-13.70135324013979,-15.282219924267736,-38.47982408861469,-80.97672462142457,0.739806678964106,5.505772402418912,24.30915809303907,-132.24441026553623,0.6719615810860732,1,-23612700000.0,-22626200000.0,0.001719912406440169,0.0025830916754216965,0.0017288146547217835,0.02261706413348917,0.010764141620361328,0.01803392269462913,0.012003118781108853,0.05925013938184518,0.10344483275087368,1.2060535506402794,0.09177075028789086,0.3746124546018248,0,0,0.005149336429616911,2858850000.0,0.0,0.0,201.12676056338026,0,0,201.12676056338026,201.12676056338026,29858900000.0,2133500000.0,7498000000.0,-30580700000.0,Financial Services
2014-09-30,NTRS,2014,Q3,USD,16034739030.0,-16762360970.0,-14.921097534270963,62.89816499061914,46.47175206542833,-43.49341196159834,-85.09885832900882,0.762452115486149,-1.3031784841075795,26.59938073240834,-135.93228284988183,0.6722550953320184,1,-22181200000.0,-21206500000.0,0.0018397948066506107,0.0028047865775933326,0.0018487446616932874,0.0239388476576218,0.010524311416690682,0.0171110361120486,0.012753559606888095,-0.022494909291953722,-0.35347091932457786,1.1600985221674878,0.08385259035072103,0.3873954068007833,0,0,0.004841044427670874,2506950000.0,0.0,0.0,199.5718354993769,0,0,199.5718354993769,199.5718354993769,32512000000.0,-1164400000.0,8004500000.0,-31416600000.0,Financial Services
2014-12-31,NTRS,2014,Q4,USD,15800514600.000002,-12672185400.0,-10.830002051106742,37.547216,27.50040234375,-29.408645625435135,-66.07728011139476,0.5175166081555496,-1.3831967213114753,29.051925525365924,-231.24176189805868,0.7056101792943898,1,-44665900000.0,-43688400000.0,0.002219261186122341,0.0031279935522446384,0.0022300762338765033,0.028879499106392547,0.012715287005914693,0.01990616814897965,0.015442535017182289,-0.029163607114416384,-0.36533333333333334,1.4488836662749707,0.10537560892231433,0.3410819588069396,0,0,0.004849631411641116,2488100000.0,0.0,0.0,191.14520126484913,0,0,191.14520126484913,191.14520126484913,28104300000.0,22782900000.0,7915700000.0,-53588500000.0,Financial Services
2015-03-31,NTRS,2015,Q1,USD,16254986650.000002,-4984913349.999998,-4.25080016201927,-10.156710167074161,-12.559620433358523,-11.370696510036492,-48.44867700729927,0.7231302500900179,2.1274382314694407,28.641159666720444,-152.77454034390118,0.6591428571428571,1,-24298200000.0,-23328500000.0,0.002157042411549106,0.003227316002646399,0.0021677298597036214,0.026801895998884707,0.011412035319433108,0.018237145417786947,0.014192567792727161,0.024417122483456483,0.19132029339853301,1.0622171945701357,0.08007162957278076,0.3775901765157329,0,0,0.004930249083701099,2787500000.0,0.0,0.0,237.1373752877974,0,0,237.1373752877974,237.1373752877974,21705200000.0,-20074100000.0,8080300000.0,-34882200000.0,Financial Services
2015-06-30,NTRS,2015,Q2,USD,17826572540.0,-15624527460.0,-13.09025423927614,-15.075769451949055,-16.641311598679305,-31.062678846918487,-66.50318091451292,0.7590458003937903,3.849925705794948,31.22352157477005,-151.70309544540186,0.6543509965969859,1,-24353000000.0,-23382200000.0,0.0022444012942825294,0.0036263485869448804,0.0022544439847716163,0.030768175739773466,0.013980784211893015,0.021797296796104672,0.015101052061239363,0.05266856530571187,0.09407564646854497,1.064410480349345,0.08168565683646113,0.37717828418230565,0,0,0.004454619656519894,3328600000.0,0.0,0.0,268.9820710455764,0,0,268.9820710455764,268.9820710455764,34470400000.0,398500000.0,8215000000.0,-34477600000.0,Financial Services
2015-09-30,NTRS,2015,Q3,USD,15828933120.0,-16766466880.0,-14.062288752830664,16.069069273528847,14.75531715216052,-38.51703854812773,-74.88031242821043,0.7561170220684194,-4.447570332480819,29.321874065270197,-154.21453546453546,0.6642129105322764,1,-24574600000.0,-23617200000.0,0.0019550782031281253,0.002944092663899564,0.001963746855786817,0.026706130115544426,0.011695323366219158,0.0183658931013504,0.01482096097200517,-0.07178626578213756,-0.08903584435499329,1.1315468940316686,0.07791663172020465,0.37482177304369707,0,0,0.004414343240396282,3367950000.0,0.0,0.0,239.1797366434622,0,0,239.1797366434622,239.1797366434622,31539300000.0,525600000.0,8254800000.0,-35021400000.0,Financial Services
2015-12-31,NTRS,2015,Q4,USD,16608887190.0,-12278112810.0,-10.248842078464106,-9.090857996446024,-10.219837531213583,-27.911145283018868,-65.66719709024778,0.5374451502040566,5.643961554534058,29.716929622293893,-243.82310940965576,0.6829337899543378,1,-45222600000.0,-44249300000.0,0.0020496858233347267,0.002960149494307795,0.0020589692935661726,0.027487106445054504,0.012036799509071614,0.01845900983005489,0.014407949025271208,0.07233476790205112,0.11046942099807493,1.6670391061452514,0.12454090150250417,0.37929883138564274,0,0,0.004508794890946093,2935000000.0,0.0,0.0,202.94323873121868,0,0,202.94323873121868,202.94323873121868,30194400000.0,20933600000.0,8179500000.0,-55499300000.0,Financial Services
2016-03-31,NTRS,2016,Q1,USD,14899100230.0,-12096899770.0,-9.801409633770863,40.937055059221656,32.474898711409395,-26.911901601779757,-60.05784204671858,0.5301219140505943,-1.2041564792176038,30.546778509560525,-252.40356225860492,0.683184855233853,1,-46250100000.0,-45288700000.0,0.002083213071780018,0.003062907272017204,0.0020925140183090715,0.027782809528122454,0.012185191070151745,0.018545289331295692,0.0164707932836022,-0.025001509772379055,-0.26057529610829105,0.8527131782945736,0.062388591800356503,0.37400745422135795,0,0,0.004444867010529818,3187000000.0,0.0,0.0,267.81234807972777,0,0,267.81234807972777,267.81234807972777,26688500000.0,1351200000.0,8309200000.0,-56786100000.0,Financial Services
2016-06-30,NTRS,2016,Q2,USD,15076535360.000002,-10161564640.0,-8.154694358398203,47.99983297118564,31.70534989079563,-20.767554956059676,-51.58001226241569,0.5213798940359189,-0.8049429657794677,31.98651477053619,-268.49124973630546,0.6663288573600202,1,-47842100000.0,-46880300000.0,0.0021644380361716276,0.0032986723407953922,0.0021738806994109857,0.02938055074568508,0.011729185156114118,0.018314525409257952,0.017444326147887598,-0.02125819973535352,-0.5139348134152102,1.150105708245243,0.08731241473396999,0.37492978091645934,0,0,0.004343689716697282,3135550000.0,0.0,0.0,187.67755396838135,0,0,187.67755396838135,187.67755396838135,25006400000.0,1929600000.0,8423700000.0,-60441800000.0,Financial Services
2016-09-30,NTRS,2016,Q3,USD,15402454599.999998,-9697345400.0,-7.69752770280997,-8.227153134809535,-9.182222706183127,-20.83210612244898,-53.92008592910849,0.5137132107724689,4.575698757763975,32.89254771553949,-264.42692239781053,0.6893229863526893,1,-48702400000.0,-47739200000.0,0.0021451471874089187,0.0030936121916632243,0.0021545559323054584,0.026889914194450824,0.012496543560835755,0.018747428938364754,0.01672460699867929,0.0685669932115885,0.10401289556290828,1.3355119825708062,0.09731703444991269,0.37807588506112083,0,0,0.004366906774368156,2993800000.0,0.0,0.0,242.11700269884108,0,0,242.11700269884108,242.11700269884108,26252500000.0,1183700000.0,9055400000.0,-59056000000.0,Financial Services
2016-12-31,NTRS,2016,Q4,USD,20271163900.0,-7642736100.0,-5.968090035920662,-9.114771735241503,-11.347789309576838,-15.722559349927998,-57.42419255297264,0.5045157734471348,3.1463414634146343,33.624147062941134,-276.15644136743424,0.6842105263157895,1,-50703000000.0,-49717000000.0,0.002150461279996514,0.0031924672526216957,0.002159512185239957,0.02727626299844428,0.011963977876741848,0.01803516277949872,0.013146753749053355,0.033224535271997875,0.1967799642218247,1.7080745341614907,0.12884585350616898,0.37997813524910196,0,0,0.004191180445891893,2363350000.0,0.0,0.0,94.00593471810089,0,0,94.00593471810089,94.00593471810089,28699100000.0,2310400000.0,9251000000.0,-62529300000.0,Financial Services
2017-03-31,NTRS,2017,Q1,USD,19832014800.0,-8048685200.0,-6.001107366537429,-10.257022046642028,-11.656314554670528,-16.35246891507517,-56.64506298252743,0.4853333885971093,2.842086200651938,34.37086222191625,-274.0961975028377,0.7063187515988744,1,-52152300000.0,-51173100000.0,0.0022726393483509166,0.003185616562272325,0.0022823953826339553,0.02767170790863626,0.013173212718042676,0.01939324783568576,0.013921933942889153,0.03481744073728706,0.12004587740537785,0.9299111549851925,0.07023560990158068,0.3882344169400537,0,0,0.004274471617524922,1575550000.0,0.0,0.0,121.69325976737251,0,0,121.69325976737251,121.69325976737251,28651100000.0,1812400000.0,9458400000.0,-62331100000.0,Financial Services
2017-06-30,NTRS,2017,Q2,USD,22280240370.0,-9198559630.0,-6.5849807645500755,19.484345753018427,15.400233768625482,-18.54922288767897,-63.478120588828396,0.5035993916199073,-1.7622247107129525,33.98898015541316,-275.65849465743446,0.6855168884339816,1,-52089500000.0,-51103100000.0,0.0021328649894073277,0.0031631635520675497,0.0021417847086645145,0.02660932269887464,0.012581245068940901,0.018905438941914637,0.012024107260562737,-0.026808507901209866,-0.2651980512603262,1.1912464319695528,0.08962703128355645,0.3626601761042308,0,0,0.004164619917726663,1881150000.0,0.0,0.0,125.55802133295153,0,0,125.55802133295153,125.55802133295153,30980900000.0,284400000.0,9544800000.0,-62692900000.0,Financial Services
2017-09-30,NTRS,2017,Q3,USD,20961051230.0,-11890548770.0,-8.22989255952381,-21.34365243223838,-28.004118629298162,-22.805041752972766,-63.00652090525508,0.5335910845370481,1.8669571045576407,36.23204383075143,-279.5050458091934,0.7162746039366299,1,-50594500000.0,-49605500000.0,0.0022709250062024258,0.003241948920238796,0.0022800608525624325,0.029355054499665526,0.011660987276080908,0.018173490086592362,0.01423592723121263,0.020256617635297864,0.23783880811344463,1.2643129770992367,0.09170819490586933,0.3504983388704319,0,0,0.004006843216372578,1729250000.0,0.0,0.0,94.04277408637873,0,0,94.04277408637873,94.04277408637873,33385100000.0,-1115400000.0,9638700000.0,-63352800000.0,Financial Services
2017-12-31,NTRS,2017,Q4,USD,22654152990.0,-15559447010.0,-10.15232089912567,-18.29016928411896,-21.320152110167168,-28.491937392418972,-69.9754623695294,0.5690285505523721,2.385586090858104,39.92094430588356,-278.29300986370714,0.8186409550045913,1,-49781900000.0,-48711700000.0,0.0025730479361861023,0.00322677781123572,0.002584340750328478,0.03490534641060277,0.013610842872246629,0.018873810637965997,0.015741043161375774,0.0322148438002581,0.14211825555424945,1.0941176470588236,0.07888555396058984,0.36082474226804123,0,0,0.004369707880410274,1692950000.0,0.0,0.0,110.17747618426205,0,0,110.17747618426205,110.17747618426205,39036400000.0,-373400000.0,9610600000.0,-62645300000.0,Financial Services
2018-03-31,NTRS,2018,Q1,USD,23274481530.0,-5811118470.0,-3.636722241692221,12.16224041439933,10.310714105748758,-9.691658555703803,-48.50833889259506,0.5371178792900121,-1.2520964360587001,41.51961700541958,-277.0575502589939,0.7889187512921232,1,-49220200000.0,-48166000000.0,0.002942805011405683,0.0036061666418775325,0.0029567505497417493,0.03731664384901232,0.01558772589131074,0.020725854829034194,0.016395639125543177,-0.024215362188564293,-0.17957304311427374,0.7402933563416738,0.05369547531134614,0.3615370173352525,0,0,0.0047165082415506175,1326950000.0,0.0,0.0,43.803116590525065,0,0,43.803116590525065,43.803116590525065,28601800000.0,-70200000.0,9614400000.0,-62332200000.0,Financial Services
2018-06-30,NTRS,2018,Q2,USD,23068761120.0,-4378338880.0,-2.636759337548931,-13.17586181161601,-19.847411060743426,-7.01095096877502,-43.95052041633306,0.5470620853585627,0.8511782786885246,42.54265857982789,-288.6575189110112,0.7697160883280757,1,-50153000000.0,-49050700000.0,0.0028895787165947972,0.0038311282189181597,0.0029040553377266097,0.03769212945083803,0.013659280718511755,0.02080564443350562,0.016923318853977538,0.009562715520459644,0.3361420403250075,0.9522591645353794,0.06726889491117133,0.3380909364649202,0,0,0.004984967381215666,1480700000.0,0.0,0.0,118.35772357723577,0,0,118.35772357723577,118.35772357723577,27762100000.0,1423200000.0,9684100000.0,-64173400000.0,Financial Services
2018-09-30,NTRS,2018,Q3,USD,23058441380.0,-3916458620.0,-2.3518036509938147,-2.6937606575417843,-2.959615068389632,-6.585603867496217,-45.358836388094836,0.5464097910645467,3.8822429906542055,42.011927215605176,-286.35583048241574,0.7785862785862786,1,-48761900000.0,-47672000000.0,0.0028290092424374047,0.0035964673867327737,0.002843458678357369,0.036132953832794634,0.013624523414534765,0.01933559518258269,0.016241340593160247,0.05738896130021083,0.08982736089139556,1.148636763412489,0.07842430793250466,0.3242058487960127,0,0,0.005081640900901582,1939950000.0,0.0,0.0,91.66996937488742,0,0,91.66996937488742,91.66996937488742,28413100000.0,-918600000.0,9691800000.0,-63273800000.0,Financial Services
2018-12-31,NTRS,2018,Q4,USD,18417217520.0,-6443282480.0,-3.713279437528815,-14.034594815944239,-22.913522332859174,-10.740594232372063,-41.44107351225204,0.7338953358822965,1.1200292754330325,44.68139846365152,-197.07572346683128,0.8435892158880428,1,-28542200000.0,-27444700000.0,0.0031003119977309258,0.0036728384563344935,0.00311608657840162,0.039007260927076695,0.014789451466136522,0.019472452430950738,0.022256347874203747,0.015268321596062683,0.38749727728163796,1.5605263157894738,0.10252420470262794,0.3248040571692024,0,0,0.005062305001418172,1716500000.0,0.0,0.0,90.08298755186722,0,0,90.08298755186722,90.08298755186722,25261000000.0,-19754400000.0,9839000000.0,-42987100000.0,Financial Services
2019-03-31,NTRS,2019,Q1,USD,20230569900.0,-258530100.0,-0.15015978393448337,-0.8802522982635342,-1.27543216576221,-0.4566862745098039,-36.19342872284049,0.5162701466918456,0.8461538461538461,41.72292322844448,-283.883347003487,0.7675807164971251,1,-46697200000.0,-45602700000.0,0.002848130867961933,0.003559482198456482,0.002864182779585828,0.03269531470771086,0.01333707329818791,0.01784974164847614,0.017157203267911893,0.010019490355533681,0.3098399727613211,0.7989464442493416,0.05285473659754893,0.3364116861241796,0,0,0.005604360077263037,1946700000.0,0.0,0.0,112.73392577104025,0,0,112.73392577104025,112.73392577104025,20773700000.0,18606900000.0,9933200000.0,-61414700000.0,Financial Services
2019-06-30,NTRS,2019,Q2,USD,19809139350.0,-5035860650.0,-2.9119120215103504,-59.3851491745283,82.963107907743,-8.131536654287098,-40.11787502018408,0.5148366420580678,0.21777092963533642,45.0172051431304,-297.21197932811754,0.7681988557900966,1,-48867400000.0,-47777900000.0,0.003077022763172763,0.00408098694027823,0.0030936951065751745,0.03603720327610939,0.014794551775232234,0.019626519225780473,0.01965759304934164,-0.0030642421625450378,1.715801886792453,1.2944839857651245,0.08413322539609112,0.32132531513819823,0,0,0.0053891359129014495,1778100000.0,0.0,0.0,72.83682201919741,0,0,72.83682201919741,72.83682201919741,24911200000.0,2653400000.0,10123500000.0,-63889200000.0,Financial Services
2019-09-30,NTRS,2019,Q3,USD,19893677640.0,693677640.0,0.3984363239517519,1.2020059608386762,1.5109510781964715,1.1118410642731207,-30.774162526045842,0.4882237256779876,1.500520020800832,45.37268835061773,-311.37341270399713,0.7561934722768384,1,-50016100000.0,-48928400000.0,0.0030927387383620224,0.004054096602442263,0.0031099244270574745,0.035573890281464765,0.0141962822424663,0.019102060438528624,0.019332775314841184,0.023077683689660913,0.2044706290071045,1.023417172593235,0.06777713957495692,0.32142446869615166,0,0,0.005526079201774264,1794700000.0,0.0,0.0,113.20045950603102,0,0,113.20045950603102,113.20045950603102,19755000000.0,1626500000.0,10124100000.0,-65830200000.0,Financial Services
2019-12-31,NTRS,2019,Q4,USD,22379243520.0,-9056856480.0,-5.318177615971814,-5.534622635052554,-6.5105718352383,-15.254937645275392,-52.949469429004544,0.7599906320804043,4.409593101589868,45.68406584414755,-200.53465971668376,0.7789672544080605,1,-26440200000.0,-25260100000.0,0.0027121562482642493,0.003648000147022676,0.002726038627328262,0.03345956180687044,0.013393340503396155,0.017865982629044597,0.0165823299464235,0.06216027806108792,0.14990222439501344,2.0912190963341857,0.14403992953611275,0.33611274221961246,0,0,0.005092510034466529,1550550000.0,0.0,0.0,48.160305343511446,0,0,48.160305343511446,48.160305343511446,32964300000.0,-23195700000.0,10394200000.0,-42014400000.0,Financial Services
2020-03-31,NTRS,2020,Q1,USD,15762160259.999998,-25588639740.0,-14.974625316011236,9.529154932409787,9.081392532916919,-43.74874293041545,-70.6972131988374,0.5506582612131786,-7.44675540765391,44.979398391648886,-366.4417778543764,0.782042940793754,1,-61063700000.0,-59884200000.0,0.0022299287857462653,0.003089058128691327,0.002239474748152247,0.033144296258168886,0.011933284797140778,0.01786288463698946,0.022877574777304035,-0.17876356752637157,-0.049305477972666,1.0694668820678515,0.0774812734082397,0.3491924157303371,0,0,0.004262589883568777,1546500000.0,0.0,0.0,114.906952247191,0,0,114.906952247191,114.906952247191,38627900000.0,35070300000.0,10190400000.0,-75997300000.0,Financial Services
2020-06-30,NTRS,2020,Q2,USD,16508194460.0,-19647905540.0,-12.755895306109199,-6.1714060809749665,-6.438347655405184,-37.21194231060606,-68.47746212121213,0.5873915865194743,10.161825726141078,43.050399185427295,-328.959263513546,0.7770337301587301,1,-50670500000.0,-49478900000.0,0.002068903124750302,0.0025751887082573694,0.002078381449666086,0.027525434450282018,0.010664152381989735,0.014084310246056253,0.0189784534437814,0.184859707546721,0.0414611929515972,1.0576923076923077,0.08569759137830293,0.36733103940790757,0,0,0.00456043567811222,2151500000.0,0.0,0.0,123.94793222099591,0,0,123.94793222099591,123.94793222099591,39300800000.0,-9994100000.0,10691600000.0,-67915900000.0,Financial Services
2020-09-30,NTRS,2020,Q3,USD,16226024820.0,-17135975180.0,-11.33406652556386,219.97400744544288,84.16490756385069,-33.35145033086804,-64.93188010899182,0.5692309291506813,-0.2645161290322581,42.090754345511485,-335.86309380796325,0.7553218774044627,1,-53873100000.0,-52665100000.0,0.0019364553333070318,0.002569231362282379,0.0019453839243248957,0.025433755645948304,0.009985454126247333,0.014430372251049246,0.018149855141168212,-0.012547743656169263,-1.613607188703466,1.0145278450363195,0.08314041933990343,0.3797870229512534,0,0,0.004589629278941624,2224100000.0,0.0,0.0,138.51511343342816,0,0,138.51511343342816,138.51511343342816,33258100000.0,3595000000.0,10881100000.0,-69313400000.0,Financial Services
2020-12-31,NTRS,2020,Q4,USD,19394076500.0,-35270023500.0,-22.901125576261283,-23.89082401950823,-27.006143568147014,-70.37115622505986,-109.06644054269752,0.756400421700953,6.12826899128269,38.22543737315105,-237.97430663945252,0.6451526513122656,1,-35121700000.0,-33899600000.0,0.0014170263152786496,0.002318636115396545,0.001422945633317129,0.020610353943687276,0.009220734979464821,0.014458353823100066,0.012421318437101142,0.06734014893671271,0.11535595746122061,1.3325508607198748,0.11057723524446464,0.37939094863969874,0,0,0.00415990456689523,1749250000.0,0.0,0.0,68.46568404649048,0,0,68.46568404649048,68.46568404649048,56107200000.0,-18415900000.0,10981100000.0,-49259300000.0,Financial Services
2021-03-31,NTRS,2021,Q1,USD,21874757430.0,-24804742570.0,-15.56913292116495,-363.1733904831625,666.7941551075269,-39.92393782391759,-75.13198132947046,0.5555537784653501,0.18208477739269527,47.25177150641677,-367.7971823000005,0.7564025005041339,1,-61135000000.0,-59934300000.0,0.0022882541371280975,0.002970101339210848,0.0022981238217596976,0.032737238062821285,0.014172526231075276,0.018804818948158764,0.01714761871990276,-0.001700590286271348,1.5446559297218154,0.8413078149920256,0.06621893045443134,0.39687421541551593,0,0,0.004294670521296136,1576550000.0,0.0,0.0,111.93509917147877,0,0,111.93509917147877,111.93509917147877,46737100000.0,26503100000.0,10753900000.0,-76048000000.0,Financial Services
2021-06-30,NTRS,2021,Q2,USD,24091623780.0,-28639976220.0,-18.037521236931603,23.171501796116505,21.390676092314585,-46.57664046186372,-85.756383151732,0.5393339898255071,-3.3577832110839445,47.49029912872,-392.72708512302694,0.756628982528263,1,-67597900000.0,-66392000000.0,0.002136500376397852,0.002893979808170481,0.002145333680689724,0.03113422989089064,0.014113776748501778,0.01903990356768265,0.015279169364481914,-0.055575332415389395,-0.08325242718446602,0.8014018691588785,0.06480665071167653,0.3895956669605744,0,0,0.004117450059811563,2002050000.0,0.0,0.0,114.64542133769996,0,0,114.64542133769996,114.64542133769996,51467200000.0,6931000000.0,11113600000.0,-81326500000.0,Financial Services
2021-09-30,NTRS,2021,Q3,USD,22436985960.0,-24568114040.0,-14.99244159394642,-50.992349605645494,-70.90364802308802,-37.96648746716118,-72.63962293308607,0.5001691247059616,1.2175890826383624,49.456160420392905,-415.17675238809124,0.7637521713954835,1,-71225100000.0,-70026000000.0,0.0023402333846091064,0.0030353556539284452,0.0023500387812818847,0.03325545433152923,0.014568629400134751,0.019486747432044624,0.017636058635747347,0.0154432507386567,0.2808219178082192,1.0488372093023255,0.08256544822115092,0.37316165252944405,0,0,0.004172440366039233,1993950000.0,0.0,0.0,107.93738939403187,0,0,107.93738939403187,107.93738939403187,47461000000.0,4126000000.0,11193300000.0,-85913600000.0,Financial Services
2021-12-31,NTRS,2021,Q4,USD,24843953880.0,-36314246120.0,-21.763302241399977,-17.784537009647877,-19.41419199144614,-56.52902571606476,-95.20267745952677,0.6848757115885097,5.024360236220472,50.46721059992398,-299.08934658270266,0.7974882260596546,1,-50722500000.0,-49527600000.0,0.0022100192615359853,0.0028874525285749295,0.002218539214209132,0.03381931961919979,0.0169606116504044,0.022224645107830523,0.016358104751078375,0.07528994817148646,0.08394142710220873,1.2906626506024097,0.10272084382116745,0.37666307083782813,0,0,0.003840343510080494,1958750000.0,0.0,0.0,105.29665587918015,0,0,105.29665587918015,105.29665587918015,63169600000.0,-19993900000.0,11310600000.0,-61635200000.0,Financial Services
2022-03-31,NTRS,2022,Q1,USD,24224511250.0,-30730088750.0,-17.853874477108995,-41.14351151425894,-51.39670304398729,-47.888559685211156,-85.63908368396447,0.5067714949703086,1.9185717955304393,48.05703209482037,-412.01165725273404,0.7621378230227095,1,-73964300000.0,-72776300000.0,0.0022559615217454293,0.0028660015238958767,0.0022651763323112014,0.03411979175796245,0.016973761085483575,0.022596270819048463,0.016070499667975757,0.02468161251344132,0.19949123041906547,1.1382734912146677,0.08656751103881014,0.3932721357192656,0,0,0.004068032335641642,2073550000.0,0.0,0.0,114.76934696723217,0,0,114.76934696723217,114.76934696723217,55675700000.0,23736200000.0,10707800000.0,-85160000000.0,Financial Services
2022-06-30,NTRS,2022,Q2,USD,20104888320.0,-16371411680.0,-8.94514898918151,10.163528482741494,9.202592287802137,-24.282722752892315,-54.103085137941264,0.435682973561357,-4.065623422513882,47.67075717498209,-424.85471533323096,0.7328893821679615,1,-76105600000.0,-74939000000.0,0.0025109911316761975,0.0032728795073608003,0.0025220199329965124,0.03579139452740363,0.016431856733453053,0.023583197735035838,0.019706650128758336,-0.08848594290525261,-0.1044201638937174,1.2589820359281436,0.09190252431428259,0.3698502895858376,0,0,0.004373003232853549,2245300000.0,0.0,0.0,112.89094088077806,0,0,112.89094088077806,112.89094088077806,34844100000.0,2649700000.0,10379700000.0,-87959000000.0,Financial Services
2022-09-30,NTRS,2022,Q3,USD,17830704000.0,-11993796000.0,-5.876143256087404,13.39041643407391,11.16325018615041,-18.024941388638414,-44.82191163210099,0.44871195502331546,-2.268743667679838,47.49826512393284,-430.3614443378119,0.7527168732125834,1,-73582400000.0,-72434200000.0,0.0024699761510914692,0.0033026273990880467,0.002480513393390073,0.03579199303742385,0.012616562593873233,0.019893044071910795,0.022141582295348516,-0.06025561301449455,-0.19950876409512114,1.2682753726046843,0.0875508304345696,0.3305570525696928,0,0,0.0042480086286502215,2686500000.0,0.0,0.0,135.69006908039782,0,0,135.69006908039782,135.69006908039782,28905300000.0,-2011000000.0,10351400000.0,-88918000000.0,Financial Services
2022-12-31,NTRS,2022,Q4,USD,18443351270.0,-13335548730.0,-6.189338499025341,-3.211837362716763,-3.3981114896544695,-39.38437309509746,-93.85380980507973,0.603035534296126,26.666666666666668,30.133492880401118,-326.165418403919,0.8177521008403361,1,-50174800000.0,-48983000000.0,0.0010042783418377714,0.0012093638041351478,0.0010087764196406242,0.01382832274967805,0.005005690476649756,0.006647928632530857,0.008442066613634476,0.21278128592515821,0.054816955684007705,1.5357624831309042,0.10563445651164949,0.3150932887774993,0,0,0.0044589442370741895,2387800000.0,0.0,0.0,70.93984962406014,0,0,70.93984962406014,70.93984962406014,35873000000.0,-23161600000.0,10568200000.0,-67555800000.0,Financial Services
2023-03-31,NTRS,2023,Q1,USD,18347520310.0,-6299679690.0,-2.360491490557554,38.2030302607641,21.42748193877551,-10.518750525964268,-41.15411587911171,0.4880845960788547,-0.4928272564255828,44.8643227057991,-393.72979580857594,0.7536036036036036,1,-60701700000.0,-59525100000.0,0.0022143102946237127,0.0029005891658421654,0.0022245432406395992,0.02887519632717168,0.008951167182977266,0.01364877161055505,0.018236796817585863,-0.016023963730933184,-0.7828987265009096,0.8334409296320207,0.04837380095923261,0.2661121103117506,0,0,0.004600021176906583,1499400000.0,0.0,0.0,43.85678956834533,0,0,43.85678956834533,43.85678956834533,24470800000.0,11004900000.0,10892700000.0,-81644300000.0,Financial Services
2023-06-30,NTRS,2023,Q2,USD,15394355460.0,-6204644540.0,-2.0816763537542777,62.420971227364184,22.912276735598226,-10.447288331368917,-36.368075433574674,0.49836808967735774,-0.29957805907172996,44.886607089897694,-402.90179108934257,0.7528931245745405,1,-61969700000.0,-60797300000.0,0.0021167126521108117,0.002862985020812998,0.002126191176498859,0.02851568878537604,0.007619021375970461,0.013267582482094635,0.02155335446567634,-0.01759086313835188,-1.7243460764587526,1.1187989556135771,0.057505200295242566,0.2420318056767094,0,0,0.004457983126265929,865900000.0,0.0,0.0,13.023216801986178,0,0,13.023216801986178,13.023216801986178,21479500000.0,1732900000.0,10936900000.0,-83550300000.0,Financial Services
2023-09-30,NTRS,2023,Q3,USD,14383888560.0,-5305411440.0,-1.655199650578729,-61.19275017301038,67.75748965517242,-8.964872321730315,-33.270192632646165,0.42034268923046747,0.26449054301403296,45.15305025405707,-413.74829728241446,0.7547778033617315,1,-67385800000.0,-66228000000.0,0.002240132959203338,0.00286588067760954,0.0022507892868472335,0.02766898507664258,0.009064087355902303,0.014438404893698365,0.022789386794303694,-0.00544359056129951,1.9031141868512111,1.0476190476190477,0.05147724081989205,0.21158705893364116,0,0,0.004734484789920905,289450000.0,0.0,0.0,4.144385860917854,0,0,4.144385860917854,4.144385860917854,19754900000.0,5880300000.0,11154400000.0,-85618100000.0,Financial Services
2023-12-31,NTRS,2023,Q4,USD,17396624600.0,-6423975400.0,-1.9694571708872401,-2.2916578909817353,-2.4775253191407303,-20.406529224904702,-75.66899618805591,0.5428916921748652,24.785145888594165,26.68899668935584,-357.9305912596401,0.7757201646090535,1,-54850300000.0,-53645800000.0,0.0007500840611447835,0.000981442457887334,0.0007535940639975267,0.009505879188764403,0.003266982677192648,0.00473545746857644,0.006501261169939828,0.14904615462013246,0.07502140410958905,1.2443786982248521,0.06447360353179227,0.23428781654301306,0,0,0.004657683785517077,180100000.0,0.0,0.0,5.86608621006806,0,0,5.86608621006806,5.86608621006806,26560000000.0,-12317200000.0,11195600000.0,-73741400000.0,Financial Services
2024-03-31,NTRS,2024,Q1,USD,18097388760.0,-12402711240.0,-3.479704637656763,8.538283932259397,7.847830447987851,-26.909766196571926,-66.17509221089173,0.44064237455687993,-6.765719608756404,37.3650084683049,-430.3060661001129,0.7388162422573985,1,-71068400000.0,-69882900000.0,0.0013753034699668825,0.0018938128820332487,0.001381475869213421,0.017741162471698425,0.0066740650247285455,0.010000894780675491,0.011863589982359424,-0.0873275156409913,-0.08798017348203221,0.7504403992953611,0.035855567713155456,0.21002721431978227,0,0,0.004467974710302285,164500000.0,0.0,0.0,2.9391465364868274,0,0,2.9391465364868274,2.9391465364868274,29033200000.0,16588800000.0,11404300000.0,-88024000000.0,Financial Services
2024-06-30,NTRS,2024,Q2,USD,17043141980.0,-17435658020.0,-3.710424979251346,-5.830738728555663,-6.2092799216524215,-12.87619675060926,-25.46252123181449,0.48423228447985145,3.3370159580403973,78.57132978331825,-409.0560534366915,0.7635480572597138,1,-65000400000.0,-63822000000.0,0.005715029168269056,0.007501243975467558,0.005740561961361873,0.0708054804911582,0.026506972093876275,0.038140302756527335,0.052578333329122456,0.16475835284920862,0.060963782898036986,1.009972299168975,0.038794662807771704,0.14930518609946586,0,0,0.004447786342987211,154900000.0,0.0,0.0,3.7041135536592114,0,0,3.7041135536592114,3.7041135536592114,37448300000.0,-5012200000.0,11958400000.0,-83115200000.0,Financial Services
2024-09-30,NTRS,2024,Q3,USD,18000418140.0,-14592881860.0,-3.707164378620059,-23.879695401734576,-36.28265007458975,-18.608622621780157,-41.56248406018873,0.48701778980953303,1.314476231447623,57.758213161381946,-413.36139203152976,0.7734154050906671,1,-63669300000.0,-62481200000.0,0.002984838893176282,0.0038464134961697437,0.0029984649716858222,0.03646560514550161,0.013447881864595536,0.01899942473876186,0.025827177812437194,0.02234392539505752,0.341842578955981,1.1409066084107045,0.05306879382176608,0.1809521390102632,0,0,0.0045443514058726014,273800000.0,0.0,0.0,8.098262371710192,0,0,8.098262371710192,8.098262371710192,33178700000.0,-708800000.0,12041200000.0,-82558100000.0,Financial Services
2024-12-31,NTRS,2024,Q4,USD,20217202500.0,-9186597500.0,-2.4992103759725772,3.486639403370275,3.2106376472232903,-11.821641358898468,-37.83785870544332,0.452282177576772,-5.785682916117699,58.03616174455087,-436.7645418548882,0.7664086166273982,1,-68521800000.0,-67336600000.0,0.0029284591700512643,0.003818002956992529,0.0029416039298898354,0.035610396922210755,0.013789261090605196,0.019543352563132724,0.022525371648228782,-0.14152798835546115,-0.08596477911036891,1.2383816293056316,0.0616192393492573,0.17403014309810108,0,0,0.00446856890045811,197650000.0,0.0,0.0,1.0063115512269438,0,0,1.0063115512269438,1.0063115512269438,26728300000.0,5450100000.0,12093500000.0,-86137600000.0,Financial Services
2025-03-31,NTRS,2025,Q1,USD,19255789450.0,-23410410550.0,-6.6645060921798045,-8.513495726961962,-9.122242352803648,-32.87517279876422,-59.91602303047325,0.5183338579874667,7.014795918367347,54.60126376950938,-424.56081929167544,0.7518220176448025,1,-64417500000.0,-63239600000.0,0.0023747328425552127,0.0032528582604757134,0.0023848532615606067,0.030438327444966416,0.011513969499729774,0.0166409743300045,0.02035751382813339,0.13327420341106813,0.06673212597279803,0.9622443628736235,0.05223901841888006,0.21812281151251176,0,0,0.004243623357678384,20550000.0,0.0,0.0,0.0,0,0,0.0,0.0,45403600000.0,-3534000000.0,12178000000.0,-82871300000.0,Financial Services
