date,symbol,fiscalYear,period,reportedCurrency,grossProfitMargin,ebitMargin,ebitdaMargin,operatingProfitMargin,pretaxProfitMargin,continuousOperationsProfitMargin,netProfitMargin,bottomLineProfitMargin,receivablesTurnover,payablesTurnover,inventoryTurnover,fixedAssetTurnover,assetTurnover,currentRatio,quickRatio,solvencyRatio,cashRatio,priceToEarningsRatio,priceToEarningsGrowthRatio,forwardPriceToEarningsGrowthRatio,priceToBookRatio,priceToSalesRatio,priceToFreeCashFlowRatio,priceToOperatingCashFlowRatio,debtToAssetsRatio,debtToEquityRatio,debtToCapitalRatio,longTermDebtToCapitalRatio,financialLeverageRatio,workingCapitalTurnoverRatio,operatingCashFlowRatio,operatingCashFlowSalesRatio,freeCashFlowOperatingCashFlowRatio,debtServiceCoverageRatio,interestCoverageRatio,shortTermOperatingCashFlowCoverageRatio,operatingCashFlowCoverageRatio,capitalExpenditureCoverageRatio,dividendPaidAndCapexCoverageRatio,dividendPayoutRatio,dividendYield,dividendYieldPercentage,revenuePerShare,netIncomePerShare,interestDebtPerShare,cashPerShare,bookValuePerShare,tangibleBookValuePerShare,shareholdersEquityPerShare,operatingCashFlowPerShare,capexPerShare,freeCashFlowPerShare,netIncomePerEBT,ebtPerEbit,priceToFairValue,debtToMarketCap,effectiveTaxRate,enterpriseValueMultiple,dividendPerShare,sector
1985-09-30,HAL,1985,Q3,USD,1.0,1.0,1.0,1.0,0.0,0.052520831579833345,0.052520831579833345,0.052520831579833345,0.0,0.0,0.0,0.0,0.0,0.0,0.0,0.0,0.0,10.905301282051282,0.0,0.0,0.0,2.2910219678478243,0.0,0.0,0.0,0.0,0.0,0.0,0.0,0.0,0.0,,0.0,0.0,0.0,0.0,0.0,0.0,0.0,0.7330140128205128,0.016804075235109718,1.680407523510972,2.7847834239639977,0.14625914119632477,,,,,,,,,0.0,0.0,0.0,,0.0,,0.10721,Energy
1985-12-31,HAL,1985,Q4,USD,1.0,-2.906697767410863,-2.906697767410863,-2.906697767410863,0.0,0.04723425524825058,0.04723425524825058,0.04723425524825058,1.1187325256290774,0.0,0.0,0.7637103957246469,0.25748605748605746,2.0993186582809225,1.6857092941998602,0.03142841305914306,0.5439378057302585,12.94216578483245,-2.551592247460743,-2.551592247460743,1.0270769446096784,2.4452542485838054,0.0,0.0,0.13228228228228228,0.2157878162286994,0.17748805617912852,0.13543683446272992,1.6312677140557752,0.0,,,0.0,-20.646153846153847,0.0,,,0.0,0.0,0.8067032522045855,0.015582848837209302,1.5582848837209302,2.813613350834427,0.13289893118319895,1.4454809675604725,1.4595443465216575,6.698621788861804,6.698621788861804,6.698621788861804,,,,0.0,0.0,1.0270769446096784,0.21009897784309195,0.0,-0.839528602544996,0.10721,Energy
1986-03-31,HAL,1986,Q1,USD,1.0,1.0,1.0,1.0,0.0,0.011145387600756293,0.011145387600756293,0.011145387600756293,0.0,0.0,0.0,0.0,0.0,0.0,0.0,0.0,0.0,54.912107142857145,-0.7092163411339302,-0.7092163411339302,0.0,2.4480668723256045,0.0,0.0,0.0,0.0,0.0,0.0,0.0,0.0,0.0,,0.0,0.0,0.0,0.0,0.0,0.0,0.0,4.1605137857142855,0.018941696113074204,1.8941696113074205,2.3120283452972576,0.025768452052273145,,,,,,,,,0.0,0.0,0.0,,0.0,,0.10721,Energy
1986-06-30,HAL,1986,Q2,USD,1.0,1.0,1.0,1.0,0.0,-0.6136390221078488,-0.6136390221078488,-0.6136390221078488,0.0,0.0,0.0,0.0,0.0,0.0,0.0,0.0,0.0,-1.15153259626382,0.0002855039494868975,0.0002855039494868975,0.0,2.8265013451865717,0.0,0.0,0.0,0.0,0.0,0.0,0.0,0.0,0.0,,0.0,0.0,0.0,0.0,0.0,0.0,0.0,-0.04934192908882958,0.01071223021582734,1.0712230215827339,1.9670961803957663,-1.2070869765301426,,,,,,,,,0.0,0.0,0.0,,0.0,,0.05956,Energy
1986-09-30,HAL,1986,Q3,USD,1.0,1.0,1.0,1.0,0.0,-0.008557166627050155,-0.008557166627050155,-0.008557166627050155,0.0,0.0,0.0,0.0,0.0,0.0,0.0,0.0,0.0,-79.94986666666668,0.8132831264367817,0.8132831264367817,0.0,2.7365773235084383,0.0,0.0,0.0,0.0,0.0,0.0,0.0,0.0,0.0,,0.0,0.0,0.0,0.0,0.0,0.0,0.0,-3.5013338666666667,0.010948529411764706,1.0948529411764705,1.987884629923641,-0.017010660013608528,,,,,,,,,0.0,0.0,0.0,,0.0,,0.05956,Energy
1986-12-31,HAL,1986,Q4,USD,1.0,-4.078074733976738,-4.078074733976738,-4.078074733976738,0.0,0.0066815144766146995,0.0066815144766146995,0.0066815144766146995,1.0135440180586908,0.0,0.0,0.787872879703646,0.2428485576923077,2.262385568120625,1.9054927302100162,0.004584819154355578,0.6911685514270328,119.33693333333333,-0.7285972986645448,-0.7285972986645448,1.1988083713142963,3.1894057906458797,0.0,0.0,0.08305288461538461,0.12854618175053484,0.11390422813813567,0.10082381967967215,1.5477629987908101,0.0,,,0.0,-93.36827195467423,0.0,,,0.0,0.0,4.668445155555555,0.009779967159277505,0.9779967159277505,1.9094465865275572,0.012757995010206396,0.6530203371890829,1.2129545626370304,5.080044605730702,5.080044605730702,5.080044605730702,,,,0.0,0.0,1.1988083713142963,0.10722829838901198,0.0,-0.7101786340604994,0.05956,Energy
1987-03-31,HAL,1987,Q1,USD,1.0,1.0,1.0,1.0,0.0,-0.011712612483930867,-0.011712612483930867,-0.011712612483930867,0.0,0.0,0.0,0.0,0.0,0.0,0.0,0.0,0.0,-113.01371951219512,0.44014551820646763,0.44014551820646763,0.0,5.294743608055992,0.0,0.0,0.0,0.0,0.0,0.0,0.0,0.0,0.0,,0.0,0.0,0.0,0.0,0.0,0.0,0.0,-3.2289634146341464,0.007142857142857143,0.7142857142857143,1.6525823812671137,-0.019356057029553394,,,,,,,,,0.0,0.0,0.0,,0.0,,0.0625,Energy
1987-06-30,HAL,1987,Q2,USD,1.0,1.0,1.0,1.0,0.0,0.0019314962657738862,0.0019314962657738862,0.0019314962657738862,0.0,0.0,0.0,0.0,0.0,0.0,0.0,0.0,0.0,671.1623333333333,-5.369298666666666,-5.369298666666666,0.0,5.185390162245686,0.0,0.0,0.0,0.0,0.0,0.0,0.0,0.0,0.0,,0.0,0.0,0.0,0.0,0.0,0.0,0.0,17.662166666666668,0.006578947368421052,0.6578947368421053,1.8320704330348296,0.00353863720004152,,,,,,,,,0.0,0.0,0.0,,0.0,,0.0625,Energy
1987-09-30,HAL,1987,Q3,USD,1.0,1.0,1.0,1.0,0.0,0.0231935771632471,0.0231935771632471,0.0231935771632471,0.0,0.0,0.0,0.0,0.0,0.0,0.0,0.0,0.0,49.85025865384615,0.055389176282051276,0.055389176282051276,0.0,4.624823282783229,0.0,0.0,0.0,0.0,0.0,0.0,0.0,0.0,0.0,,0.0,0.0,0.0,0.0,0.0,0.0,0.0,1.2742908653846154,0.006390593047034765,0.6390593047034765,2.1146753944973167,0.04904688693749352,,,,,,,,,0.0,0.0,0.0,,0.0,,0.0625,Energy
1987-12-31,HAL,1987,Q4,USD,1.0,-2.3638009049773756,-2.3638009049773756,-2.3638009049773756,0.0,0.0342885872297637,0.0342885872297637,0.0342885872297637,1.0645472061657033,0.0,0.0,1.149312377210216,0.30407264722069344,2.243402865041468,1.9563960794169388,0.028677150786308975,0.6877356119628047,19.114756304985338,0.30871684394925014,0.30871684394925014,1.2525835983665627,2.6216719557566615,0.0,0.0,0.07017061089708311,0.11025702618304108,0.09930765902206837,0.08686115376178986,1.5712707182320442,0.0,,,0.0,-74.62857142857143,0.0,,,0.0,0.0,0.7720014662756598,0.010096930533117932,1.0096930533117932,2.3610886886164426,0.08095839545683327,0.5448666204499483,1.2993703763497022,4.9417859279588985,4.9417859279588985,4.9417859279588985,,,,0.0,0.0,1.2525835983665627,0.08802368666396579,0.0,-0.9739036753445636,0.0625,Energy
1988-03-31,HAL,1988,Q1,USD,1.0,1.0,1.0,1.0,0.0,0.021766109785202863,0.021766109785202863,0.021766109785202863,0.0,0.0,0.0,0.0,0.0,0.0,0.0,0.0,0.0,39.39218684210527,-1.2285536839027875,-1.2285536839027875,0.0,3.429658653937948,0.0,0.0,0.0,0.0,0.0,0.0,0.0,0.0,0.0,,0.0,0.0,0.0,0.0,0.0,0.0,0.0,1.1626973684210526,0.007378984651711924,0.7378984651711924,2.469633527603312,0.05375431449103152,,,,,,,,,0.0,0.0,0.0,,0.0,,0.0625,Energy
1988-06-30,HAL,1988,Q2,USD,1.0,1.0,1.0,1.0,0.0,0.020721476510067113,0.020721476510067113,0.020721476510067113,0.0,0.0,0.0,0.0,0.0,0.0,0.0,0.0,0.0,31.343880161943318,3.447826817813768,3.447826817813768,0.0,2.5979659060402684,0.0,0.0,0.0,0.0,0.0,0.0,0.0,0.0,0.0,,0.0,0.0,0.0,0.0,0.0,0.0,0.0,1.0675708502024293,0.0085149863760218,0.8514986376021798,2.8252872691417954,0.05854412378171338,,,,,,,,,0.0,0.0,0.0,,0.0,,0.0625,Energy
1988-09-30,HAL,1988,Q3,USD,1.0,1.0,1.0,1.0,0.0,0.02067162349865185,0.02067162349865185,0.02067162349865185,0.0,0.0,0.0,0.0,0.0,0.0,0.0,0.0,0.0,26.509232806324107,0.0,0.0,0.0,2.191955519241768,0.0,0.0,0.0,0.0,0.0,0.0,0.0,0.0,0.0,,0.0,0.0,0.0,0.0,0.0,0.0,0.0,1.0502865612648222,0.009904912836767038,0.9904912836767037,2.8787080506919813,0.059507568986442626,,,,,,,,,0.0,0.0,0.0,,0.0,,0.0625,Energy
1988-12-31,HAL,1988,Q4,USD,1.0,-2.2690805078833542,-2.2690805078833542,-2.2690805078833542,0.0,0.0082321752476629,0.0082321752476629,0.0082321752476629,0.0,0.0,0.0,0.0,0.30354495785862523,0.0,0.0,0.004512428298279159,0.0,63.052796610169494,-1.173239659375338,-1.173239659375338,1.4123443432042522,2.076246686200642,0.0,0.0,0.04226843420439626,0.09472285497342445,0.08652679035893879,0.08652679035893879,2.2409832953682614,0.0,0.0,,0.0,0.0,0.0,0.0,,0.0,0.0,2.2518855932203388,0.008928571428571428,0.8928571428571429,3.371468355144935,0.027754518341502884,0.46947473397999795,0.0,4.95629839400126,4.95629839400126,4.95629839400126,,,,0.0,0.0,1.4123443432042522,0.06706781913999971,0.0,-0.9763849346656418,0.0625,Energy
1989-03-31,HAL,1989,Q1,USD,1.0,1.0,1.0,1.0,0.0,0.010361828361326982,0.010361828361326982,0.010361828361326982,0.0,0.0,0.0,0.0,0.0,0.0,0.0,0.0,0.0,64.60800725806452,7.9856545692199745,7.9856545692199745,0.0,2.6778283279017296,0.0,0.0,0.0,0.0,0.0,0.0,0.0,0.0,0.0,,0.0,0.0,0.0,0.0,0.0,0.0,0.0,2.1450201612903226,0.008300132802124834,0.8300132802124833,2.811980111473499,0.029137255270553514,,,,,,,,,0.0,0.0,0.0,,0.0,,0.0625,Energy
1989-06-30,HAL,1989,Q2,USD,0.12872875793158778,0.04397928670410619,0.08256144701334694,0.04397928670410619,0.042739406316096566,0.02290132010794253,0.02290132010794253,0.02290132010794253,1.0330771549125979,2.838878326996198,2.9554675903018306,1.4906501413350728,0.33267821614014653,4.474598930481283,3.799131016042781,0.04181755047373382,0.45838903743315507,27.60000002197452,0.18400000014649678,0.18400000014649678,1.6677379018377751,2.528305741929837,0.0,0.0,0.04961906148396176,0.09838352737419417,0.08957119705663352,0.08761302782898779,1.9827768690464735,0.0,,,0.0,17.551020408163264,0.0,,,0.0,0.0,0.8333333339968153,0.007548309178743962,0.7548309178743962,3.2749203795581843,0.07499999994028662,0.4884554136238412,0.6551751587140325,5.029060505550111,5.029060505550111,4.964808913244579,,,,0.5358361774744027,0.9718076285240465,1.6677379018377751,0.05899219971302431,0.4641638225255973,30.00671380530035,0.0625,Energy
1989-09-30,HAL,1989,Q3,USD,0.13473196648729652,0.050200939990463864,0.10142360874599823,0.050200939990463864,0.05490089230978816,0.02888086642599278,0.02888086642599278,0.02888086642599278,1.0677867481271366,3.0223649773970975,3.203783102143758,1.618632855567806,0.3470193353188673,4.38397965670693,3.753814367450731,0.055898849700541875,0.48569612205975843,23.525,0.7057499999999997,0.7057499999999997,1.9012818680009533,2.7176895306859206,-255.75897435897437,28.437918745545257,0.04982744764336028,0.10045270431260424,0.09128307279262114,0.08685435794786998,2.016011436740529,0.6976998384184013,0.2229815638906548,0.09556569715959404,-0.11119030648610122,9.883928571428571,0.0,12.526785714285714,0.6655597722960152,0.8999358563181526,0.7683461117196057,0.6297169811320755,0.006691997674092194,0.6691997674092194,3.4625,0.1,0.4971698113207547,0.720754716981132,5.016037735849056,5.016037735849056,4.949292452830188,0.33089622641509436,0.36768867924528303,-0.03679245283018868,0.5260545905707196,1.0936227951153323,1.9012818680009533,0.0528341988651174,0.4739454094292804,26.158764271323037,0.06297169811320755,Energy
1989-12-31,HAL,1989,Q4,USD,0.11942410631883345,0.05186734756660309,0.09099858487663816,0.05186734756660309,0.052113455977358024,0.029225373777148834,0.029225373777148834,0.029225373777148834,1.167181328545781,3.3345759552656102,3.7822410147991543,1.760697649225436,0.38125733051841426,3.992294760437097,3.4621742785093863,0.05246505477899509,0.5629027738862427,23.922526315789476,2.392252631578951,2.392252631578951,2.1449105752442077,2.7965790930905063,26.456810244470315,26.41069145845439,0.04703260614590664,0.09461563871454863,0.08643731677875496,0.08576728935674532,2.011703081496862,0.7621392229959438,0.24110395068646678,0.10588814372731188,0.9982568274259151,65.11764705882354,0.0,101.23529411764706,0.858354114713217,573.6666666666666,6.397769516728625,0.56,0.005852224725429456,0.5852224725429456,3.833254716981132,0.11202830188679246,0.47287735849056606,0.9476415094339623,5.059905660377359,4.763207547169811,4.997877358490566,0.4058962264150943,0.0007075471698113207,0.405188679245283,0.5608028335301063,1.0047449584816133,2.1449105752442077,0.04411169388904534,0.43919716646989376,29.3710615280595,0.06273584905660377,Energy
1990-03-31,HAL,1990,Q1,USD,0.12130530279259491,0.042108566049576406,0.08051459052400377,0.042108566049576406,0.04085346721054283,0.022717288986507687,0.022717288986507687,0.022717288986507687,1.0946623617503606,3.3569887317190124,3.4142891977566445,1.7158393453214171,0.3756571347745114,4.154696947352898,3.549918891019024,0.04669223394055609,0.4087892641203362,33.35294118107735,-1.4675294119674038,-1.4675294119674038,2.266628752532032,3.0307536134421085,-51.93017078516129,-133.04423920165289,0.01876517598246069,0.037358614539822595,0.03601321087635163,0.034659296846683584,1.9908480780964002,0.7454796379032069,-0.05353192744432975,-0.022780043928459365,2.56198347107438,32.064516129032256,0.0,-11.709677419354838,-0.45603015075376885,-0.6402116402116402,-0.43577430972388953,0.7348066298342542,0.0055078098348575605,0.550780983485756,3.7416436458920384,0.08499999998825968,0.18690607732225054,0.6508839778106514,5.062196131897487,4.769157457904813,5.003024861187427,-0.08523480661806149,0.13313535909763324,-0.21837016571569473,0.5560675883256528,0.970193740685544,2.266628752532032,0.016482017400551194,0.44393241167434716,36.10215029633671,0.06245856352728473,Energy
1990-06-30,HAL,1990,Q2,USD,0.13373608149727553,0.05241648898365316,0.08860459606728263,0.05241648898365316,0.049928926794598434,0.027896233120113717,0.027896233120113717,0.027896233120113717,1.0841841649007897,3.4823809523809524,3.3316628701594535,1.754911131898971,0.391758318251427,4.139216263995285,3.492486741308191,0.05088256060249471,0.2072775486152033,27.34090907929936,0.9295909086961788,0.9295909086961788,2.3840726050819216,3.050833493567875,-45.70565457444543,-186.63142284565217,0.017750243630794933,0.0354068314357123,0.03419605739573555,0.030555929465607753,1.994723687864482,0.7908011521978408,-0.04065998821449617,-0.016346837242359632,4.083333333333333,13.380952380952381,0.0,-3.2857142857142856,-0.3607843137254902,-0.32432432432432434,-0.24686940966010734,0.5668789808917197,0.005183432080180183,0.5183432080180183,3.9431847150501844,0.11000000004670912,0.17866242045803074,0.32859872625418207,5.103673038260583,4.808704885269089,5.045987263289167,-0.0644585987534856,0.1987473461565806,-0.2632059449100662,0.5587188612099644,0.9525423728813559,2.3840726050819216,0.014851406521864568,0.4412811387900356,34.002856086497324,0.0623566879245676,Energy
1990-09-30,HAL,1990,Q3,USD,0.12071468453378001,0.041987716359575655,0.07872696817420435,0.041987716359575655,0.05505304299274148,0.030932439977666107,0.030932439977666107,0.030932439977666107,1.1007990165949602,3.6102705181109584,3.4279494993469743,1.8469629782406929,0.40175867560959194,4.066942719116632,3.4328502415458937,0.05432297969611403,0.262663906142167,23.807692299097475,1.3094230764503607,1.3094230764503607,2.3974300706534586,2.945720052194305,157.48610786507464,49.21440870783582,0.04551470423293479,0.09220212669272017,0.08441855627210318,0.08105399423727398,2.0257657002635643,0.822899676078017,0.1479641131815045,0.059854829704075935,0.3125,11.113636363636363,0.0,12.181818181818182,0.5283390832922622,1.4545454545454546,1.0677290836653386,0.48194945848375453,0.00506085861272267,0.506085861272267,4.20270758274466,0.1300000000469314,0.4761191337458914,0.4465523467316073,5.225342962175214,4.931317691310945,5.1638628177486865,0.25155234666121024,0.17294223832958203,0.0786101083316282,0.5618661257606491,1.3111702127659575,2.3974300706534586,0.03845873455136441,0.4381338742393509,37.50627385446809,0.06265342962550666,Energy
1990-12-31,HAL,1990,Q4,USD,0.12436575623448128,0.05667710245060995,0.08992766922163446,0.05667710245060995,0.055543560401597754,0.03168519917953147,0.03168519917953147,0.03168519917953147,1.1116711671167117,4.379589632829374,3.4588486140724948,1.8284642716146862,0.40771143731156056,3.2940586333742057,2.7712629584215804,0.05283963631572012,0.13755434176791884,20.70875376005111,2.692137988806638,2.692137988806638,2.1640550905069205,2.624643950588362,-250.63996818865976,47.025293838104446,0.04306872950549088,0.08709777916240154,0.08011954474740031,0.07789223129642549,2.0222973875116828,0.8657009345794393,0.11526028313454464,0.055813451365648276,-0.18762088974854932,20.74576271186441,0.0,17.52542372881356,0.5283597342871742,0.8420195439739414,0.691638795986622,0.454855195911414,0.0054910981266877,0.54910981266877,4.347256319258937,0.13774368236019627,0.4592238268805862,0.2895667871081469,5.320144406252759,5.028700362826245,5.272509027174191,0.24263537914896585,0.28815884486937143,-0.04552346572040558,0.5704567541302236,0.98,2.1640550905069205,0.04024748701845629,0.4295432458697765,29.62014035330132,0.06265342962550666,Energy
1991-03-31,HAL,1991,Q1,USD,0.11279150311706303,0.03215192796120988,0.06926806742091896,0.03215192796120988,0.02793812052643731,0.015816208727776494,0.015816208727776494,0.015816208727776494,1.0305157337457618,3.9849624060150375,3.0441671618142205,1.6535267729311827,0.3509013570994531,3.8819362455726094,3.285832349468713,0.034150156412930135,0.4116883116883117,43.76923081715329,-0.8170256419201947,-0.8170256419201947,2.150397927900305,2.769053161833295,-32.39100403484132,-88.83532773259259,0.13698602390115455,0.3031647839340147,0.2326373361769461,0.23118279569892472,2.213107405415098,0.7701266948210713,-0.06375442739079103,-0.03117063033941353,2.7425925925925925,18.0,0.0,-9.818181818181818,-0.07984622209078811,-0.5738575982996812,-0.4470198675496689,0.9744525547445255,0.005565853777596171,0.5565853777596171,4.1097080246974,0.06499999992883211,1.6043613121120133,0.8272080282913781,5.34186130801986,5.04983576089434,5.29204378982623,-0.12810218964076403,0.22322992676288694,-0.351332116403651,0.5661157024793388,0.8689407540394973,2.150397927900305,0.14098078313813822,0.43388429752066116,42.70589747966667,0.06333941598904444,Energy
1991-06-30,HAL,1991,Q2,USD,0.12177658443810482,0.0386530178441573,0.07697040890529731,0.0386530178441573,0.03317111372154165,0.01806790848576383,0.01806790848576383,0.01806790848576383,1.0598802395209581,4.245538128718226,3.042046115093974,1.605334051724138,0.3635088147379979,3.6865156914587884,3.0932291067938844,0.037665346386667665,0.08759627543395793,30.533333356965947,1.9846666682027878,1.9846666682027878,1.772912080230102,2.2066938914359233,-194.33037781871923,38.337285420019434,0.132068565851278,0.29189699339355535,0.22594447923189312,0.22391964005441037,2.210192800323581,0.7483047300125576,0.11828945855845499,0.05755999328746434,-0.19727891156462585,14.746666666666666,0.0,13.72,0.15842956120092377,0.8352272727272727,0.686457638425617,0.826625386996904,0.006768220958164038,0.6768220958164037,4.151006188737611,0.07499999994195046,1.5081269338172392,0.17693498438317726,5.20518575448515,4.921904020958278,5.166640862874117,0.23893188835995985,0.2860681112336934,-0.04713622287373358,0.5446880269814502,0.8581765557163531,1.772912080230102,0.16464267836432742,0.45531197301854975,32.83580428575581,0.061996903976782584,Energy
1991-09-30,HAL,1991,Q3,USD,0.11959612371612603,0.03481692102361748,0.07735159287413683,0.03481692102361748,0.029536354668368826,0.014274937619683166,0.014274937619683166,0.014274937619683166,0.9790920970399409,3.9613577023498694,2.8910060975609757,1.4677625415211653,0.34184999305707087,3.3526753620211562,2.8137003183732157,0.035137463211542604,0.11338194515764609,35.541666666666664,-1.7770833333333336,-1.7770833333333336,1.5648574880307842,2.0294202982649563,479.08219178082186,31.851548269581052,0.1325504354208407,0.2989842945993109,0.23016775171368536,0.2243700978690914,2.255626649961967,0.7447599291239898,0.11276573893396323,0.06371496547321999,0.06648451730418943,4.9308755760368665,0.0,5.059907834101383,0.1643220592636935,1.071219512195122,0.8491879350348028,1.089430894308943,0.007663054356217654,0.7663054356217655,4.203170731707317,0.06,1.6297560975609755,0.26926829268292685,5.499756097560976,5.177560975609756,5.450975609756098,0.2678048780487805,0.25,0.017804878048780486,0.48330058939096265,0.8483333333333334,1.5648574880307842,0.19106167615017303,0.5166994106090373,30.420855213803446,0.06536585365853659,Energy
1991-12-31,HAL,1991,Q4,USD,0.060099132589838906,-0.05007322293567647,-0.00028162667567872027,-0.05007322293567647,-0.03841387856257745,-0.03249971837332432,-0.03249971837332432,-0.03249971837332432,1.0016361071932298,4.077956989247312,3.503464203233256,1.4900545530843474,0.35386271226979193,3.215597711532671,2.7375288567700493,0.010832363007656751,0.13208872829469034,-12.665944540727905,0.03799783362218371,0.03799783362218371,1.3505035572392128,1.646558522023206,136.60280373831776,22.9278431372549,0.13234473411464562,0.30675413471311097,0.23474510358481226,0.23181205195542623,2.3178416335581633,0.7893824196345205,0.1279735019572418,0.07181480229807367,0.16784313725490196,0.9259259259259259,0.0,11.805555555555555,0.19201807228915663,1.2016965127238455,0.9608138658628486,-0.4610051993067591,0.009099305579311052,0.9099305579311053,4.330243902439024,-0.14073170731707316,1.6195121951219513,0.32097560975609757,5.324634146341463,4.414878048780488,5.279512195121951,0.31097560975609756,0.25878048780487806,0.05219512195121951,0.8460410557184751,0.7671541057367829,1.3505035572392128,0.22714056032565935,0.15395894428152493,-6911.4,0.06487804878048781,Energy
1992-03-31,HAL,1992,Q1,USD,0.10071727435744172,0.022235505080693364,0.0630005977286312,0.022235505080693364,0.013209802749551703,0.005618649133293485,0.005618649133293485,0.005618649133293485,0.9713754862683621,4.08720456397718,3.1640378548895898,1.3880361735667468,0.34609735410331205,3.45844170530363,2.9207282596403936,0.02900392450009344,0.1084473594933846,57.5,-0.48787878787878786,-0.48787878787878786,1.0106109475061937,1.2922893006575016,-85.11811023622047,39.309090909090905,0.13483936366081217,0.3046791006403964,0.23352799971337465,0.22949756888168557,2.259570887673538,0.7636828411010179,0.06219608730068981,0.0328750747160789,-0.4618181818181818,6.3493150684931505,0.0,3.767123287671233,0.08438171218165082,0.6840796019900498,0.5130597014925373,2.851063829787234,0.012395929694727106,1.2395929694727106,4.449468085106383,0.025,1.7335106382978724,0.2550531914893617,5.740425531914894,5.390425531914894,5.689627659574468,0.14627659574468085,0.21382978723404256,-0.0675531914893617,0.4253393665158371,0.5940860215053764,1.0106109475061937,0.3014801110083256,0.5746606334841629,25.786527514231498,0.07127659574468086,Energy
1992-06-30,HAL,1992,Q2,USD,0.11302953690571622,0.026083739285934514,0.07041992970339767,0.026083739285934514,0.01806746007276315,0.007892951840661034,0.007892951840661034,0.007892951840661034,0.9533243195579331,3.8184231483939475,3.111399524118538,1.3347325102880658,0.33677368442912325,3.2484848484848485,2.7481601731601732,0.03183971129990226,0.11255411255411256,55.50000004335938,2.7750000021679693,2.7750000021679693,1.3310225313691508,1.7522353099956838,137.94174768058252,28.819472639148074,0.13101715329982971,0.29551735444283106,0.22810759997107527,0.22174832312627588,2.255562321420207,0.7628657446608336,0.10670995670995671,0.060800394647592036,0.20892494929006086,4.323008849557522,0.0,4.3628318584070795,0.15628467268980822,1.264102564102564,0.941738299904489,2.0859375,0.00939611485752415,0.939611485752415,3.8008593720305788,0.0299999999765625,1.4786718738447875,0.24374999980957032,5.051249996053711,4.742578121294861,5.003671871090881,0.23109374981945802,0.18281249985717773,0.048281249962280275,0.43686006825938567,0.6926713947990544,1.3310225313691508,0.22202280388059872,0.5631399317406144,29.496497392469355,0.06257812495111084,Energy
1992-09-30,HAL,1992,Q3,USD,0.12839208724321582,0.03271620593456759,0.0815369008369262,0.03271620593456759,0.040261222419477556,0.02092315495815369,0.02092315495815369,0.02092315495815369,0.6748823277706462,3.705390835579515,3.0596483418651235,1.3177374885119892,0.32955139054305355,3.273983032412443,2.785294757450511,0.04110942249240122,0.19164672612573416,26.75,0.16049999999999998,0.16049999999999998,1.653399513017419,2.238777580522445,68.6964980544747,34.017341040462426,0.12986063227397146,0.2910189174002622,0.22541801167893802,0.22288126341836179,2.2410095523506275,0.7567593503346688,0.11289971720687404,0.06581283286837433,0.4951830443159923,10.9,0.0,11.533333333333333,0.16701528559935638,1.9809160305343512,1.3106060606060606,0.8121212121212121,0.007589917870291701,0.7589917870291701,3.8235151515151515,0.08,1.5066666666666666,0.42715151515151517,5.221575757575757,4.905454545454545,5.177212121212121,0.25163636363636366,0.12703030303030302,0.12460606060606061,0.5196850393700787,1.2306201550387597,1.653399513017419,0.17601246105919002,0.48031496062992124,30.9199066874028,0.06496969696969697,Energy
1992-12-31,HAL,1992,Q4,USD,-0.009808076527214386,-0.166374038869044,-0.07876733062904887,-0.166374038869044,-0.1480293031422171,-0.10819156021069201,-0.11654658836350427,-0.11654658836350427,0.7319418594345476,4.346885587698723,4.369662038249935,1.3392524122273575,0.34876895139152836,3.071754932502596,2.6753894080996883,-0.016970815877298873,0.242263759086189,-3.8517857142857146,0.005602597402597404,0.005602597402597404,1.555012321082158,1.7956499364291336,155.28141361256544,23.879830917874397,0.13881498374086743,0.34467571960362814,0.2563262759776972,0.2561232449297972,2.4829864205945578,0.8085075138283813,0.12897196261682242,0.07519525337531029,0.1537842190016103,-91.85714285714286,0.0,177.42857142857142,0.18892607240644965,1.181731684110371,0.9401968205904617,-0.14025974025974025,0.009103552914401316,0.9103552914401315,4.004121212121212,-0.4666666666666667,1.5936969696969696,0.5655757575757576,4.65260606060606,4.358303030303031,4.623757575757576,0.3010909090909091,0.2547878787878788,0.046303030303030304,0.787321063394683,0.8897379912663755,1.555012321082158,0.22165465503434906,0.269120654396728,-26.056687163720216,0.06545454545454546,Energy
1993-03-31,HAL,1993,Q1,USD,0.12010259698621353,0.02744469381211927,0.07534466175056108,0.02744469381211927,0.021032382173773647,0.012055145880089772,0.012055145880089772,0.012055145880089772,0.9657542729749814,3.9567474048442905,3.4408224674022065,1.1816184270343992,0.3217454095316691,3.039668508287293,2.5990055248618784,0.034682295337364145,0.14044198895027624,50.33333336010638,-0.45935275105339807,-0.45935275105339807,1.7644353294238302,2.4271027051490863,-64.92395658113207,1720.4848494,0.13455745822158036,0.30402759649449934,0.23314506327303924,0.23017297064523073,2.2594629871340666,0.8120281176776881,0.002430939226519337,0.001410708560436037,-26.5,9.583333333333334,0.0,0.2037037037037037,0.0033731984053971173,0.03636363636363636,0.02525832376578645,1.4148936170212767,0.007027617299347716,0.7027617299347716,3.732845742695295,0.04499999997606383,1.5611170204462144,0.30422872324243155,5.148909571729304,4.590478720962511,5.134787231311283,0.00526595744400747,0.1448138297102054,-0.13954787226619794,0.573170731707317,0.7663551401869159,1.7644353294238302,0.17230872190355564,0.4268292682926829,36.682269520680855,0.06367021273209031,Energy
1993-06-30,HAL,1993,Q2,USD,0.13134160090191657,0.036014029813353374,0.08367781535763498,0.036014029813353374,0.026619065514217714,0.01434297883001378,0.01434297883001378,0.01434297883001378,0.9771711855070689,4.550196850393701,3.4759398496240603,1.2231670880257413,0.32499440226352105,2.828548239829563,2.42375976463427,0.03575943651797002,0.12285685299786954,47.64999999999999,4.288499999999997,4.288499999999997,2.040551659654044,2.7337717650006264,-122.26162464985994,92.47330508474576,0.15185132411911983,0.3487611033193081,0.258578856152513,0.22277533519857565,2.2967274427302478,0.87525696899926,0.04788475195292685,0.029562820994613555,-0.7563559322033898,0.8577878103837472,0.0,0.3551542513167795,0.06327077747989276,0.5693606755126659,0.4236983842010772,1.244541484716157,0.006529598555698622,0.6529598555698621,3.4860262008733622,0.05,1.6288209606986899,0.264410480349345,4.681659388646288,4.13296943231441,4.670305676855895,0.10305676855895196,0.18100436681222706,-0.07794759825327512,0.5388235294117647,0.7391304347826086,2.040551659654044,0.17091510605442706,0.4611764705882353,37.34760479041916,0.06222707423580786,Energy
1993-09-30,HAL,1993,Q3,USD,-0.022187621642662515,-0.13656416244972103,-0.043207473725184894,-0.13656416244972103,-0.14798235370442456,-0.10425587128584404,-0.10425587128584404,-0.10425587128584404,0.9626530102423183,5.3068373189626135,4.08398133748056,1.2336134453781513,0.3179586616609596,2.736727846852181,2.356029208604697,-0.005810133148884662,0.17485691730807185,-6.535211262725576,0.007969769832592167,0.007969769832592167,2.151846019711095,2.7253365769300633,49.075161211214954,34.2087442970684,0.1603407731342052,0.39816617149882183,0.28477743176405934,0.24171683822101378,2.4832496670423114,0.8653716595553559,0.12117623840536806,0.07966783443622681,0.6970684039087948,0.005161290322580645,0.0,0.792258064516129,0.15798276083880097,3.3010752688172045,1.8691019786910197,-0.17734909769757312,0.006784367427764222,0.6784367427764222,3.405084010010019,-0.3550000002650902,1.7171219676792449,0.3914499069506782,4.321633481758531,3.6781269473638782,4.312576232218476,0.2712756691509215,0.08217797143659836,0.1890976977143231,0.7045155633494081,1.0836104513064133,2.151846019711095,0.18503469479302206,0.2954844366505918,-72.0860930882883,0.06295892972965197,Energy
1993-12-31,HAL,1993,Q4,USD,0.0777838262868203,-0.013548660255247081,0.08159438698360855,-0.013548660255247081,-0.021048811467973143,-0.02540373797858828,-0.02540373797858828,-0.02540373797858828,1.0624638519375362,5.1267652992602555,4.131978319783197,1.4341603053435115,0.3059910051637023,3.15638216070742,2.8017108804306035,0.0328312309576013,0.04690503652441369,-21.475167656666667,0.2893360911826347,0.2893360911826347,1.9112296266991575,2.1821981287848544,784.3104709391304,50.886151852186174,0.13249801040143622,0.37924458335540606,0.27496543247810723,0.24840738971173754,2.8622662499337816,0.8259273136005995,0.06814686658977316,0.04288392911147402,0.06488011283497884,1.3880434782608695,0.0,0.7706521739130435,0.09903617823718397,1.0693815987933635,0.7471022128556375,-0.680952380952381,0.007927206807405166,0.7927206807405166,3.652280649895916,-0.09278158065422396,1.581484133103784,0.10780336037919355,4.177822031744484,3.693590544139582,4.170090233356633,0.15662414448534473,0.14646235231845353,0.010161792166891195,1.206896551724138,1.5535714285714286,1.9112296266991575,0.19842962774200554,-0.20689655172413793,31.68960834929577,0.06317983825501917,Energy
1994-03-31,HAL,1994,Q1,USD,0.11429194216377243,0.029208748092712344,0.07730872629513914,0.029208748092712344,0.02172491462617162,0.012933226767419894,0.012933226767419894,0.012933226767419894,0.8806629127207576,3.9233987769552625,3.2368560807222515,1.2085528626624518,0.2644086682548221,3.027979157227005,2.6013819664703215,0.025225225225225224,0.09322609877661985,45.6875,-0.3192620481927711,-0.3192620481927711,1.7391734388366125,2.363547191745986,-102.94145569620254,146.52927927927928,0.13083070775378466,0.3640932420872541,0.2669122834522223,0.2633030052384891,2.782934131736527,0.6823838564133076,0.025147258722247396,0.01613020417060234,-1.4234234234234233,7.544,0.0,1.776,0.03259911894273128,0.41263940520446096,0.26974483596597815,1.601123595505618,0.008761278224380947,0.8761278224380946,3.092808988764045,0.04,1.5303370786516854,0.1849438202247191,4.213932584269663,3.5296629213483146,4.20314606741573,0.0498876404494382,0.12089887640449438,-0.07101123595505618,0.5953177257525084,0.7437810945273632,1.7391734388366125,0.20934843757205,0.40468227424749165,36.19971804511278,0.06404494382022471,Energy
1994-06-30,HAL,1994,Q2,USD,0.07618913989055703,-0.01045320611758103,0.03669145503016697,-0.01045320611758103,-0.022519994387540338,-0.013469903185070858,-0.013469903185070858,-0.013469903185070858,1.0577322647669931,4.501880341880342,3.812391430225825,1.275411596277738,0.2745589028430542,2.7144778126400717,2.327431645002241,0.014275517487508922,0.09861048857014791,-47.05555559231771,0.2214379086697304,0.2214379086697304,1.981829816007678,2.5353351125929566,74.35939649156379,37.7230341282881,0.12427767932814547,0.3538250616945435,0.26135212865070684,0.26135212865070684,2.8470523718124485,0.8585971147185495,0.10735096369341103,0.06720920443384314,0.5073068893528184,0.0,0.0,0.0,0.14848109113453192,2.0296610169491527,1.2638522427440633,-1.4895833333333333,0.007913961032778256,0.7913961032778256,3.3407812473900145,-0.04499999996484375,1.5121874988186035,0.2062499998388672,4.287187496650635,3.564374997215332,4.273828121661071,0.22453124982458497,0.11062499991357422,0.11390624991101074,0.5981308411214953,2.1543624161073827,1.981829816007678,0.1785345335086899,0.40186915887850466,79.75270878565966,0.06703124994763184,Energy
1994-09-30,HAL,1994,Q3,USD,0.14714671979507613,0.07015796214600825,0.1144869787960723,0.07015796214600825,0.061192543048242495,0.03678667994876903,0.03678667994876903,0.03678667994876903,0.9337585542488871,4.74129746835443,3.7538365173817727,1.269901508990693,0.27231684396132455,2.994343891402715,2.6331447963800905,0.03430661346874622,0.19705882352941176,17.130434767698258,-0.046719367548267984,-0.046719367548267984,1.916873497083491,2.520687284730326,28.25019066953748,19.835240257334828,0.1244162839814761,0.3474379092040474,0.25785077503814957,0.25785077503814957,2.792543693523078,0.8535681749164895,0.20203619909502263,0.1270812580048385,0.7021276595744681,0.0,0.0,0.0,0.2781498209001713,3.357142857142857,2.186046511627907,0.5512572533849129,0.008044997994218785,0.8044997994218785,3.126131530767426,0.11500000010009671,1.4282688600439477,0.38748549356744383,4.120647972638862,3.6426305640990013,4.11086073858779,0.3972727276185159,0.11833655716296218,0.27893617045555374,0.6011627906976744,0.8722109533468559,1.916873497083491,0.18125239340659235,0.3988372093023256,24.92525736457427,0.06339458419444403,Energy
1994-12-31,HAL,1994,Q4,USD,0.14458067040563455,0.07245337159253945,0.11575583670275205,0.07245337159253945,0.13492891613408112,0.08314855875831485,0.08314855875831485,0.08314855875831485,1.0503459141037057,4.321911037891269,4.878021569356638,1.424034175334324,0.29106163278476926,3.7465576592082614,3.4572934595524956,0.05838778644343401,0.46052065404475045,7.393257751058823,0.05544943313294117,0.05544943313294117,1.9413868051899905,2.458954906117125,68.18375141121156,25.685023522070843,0.12789704458743809,0.34692616620327466,0.25756880733944953,0.2487525625652729,2.7125424776027187,0.7105324127704926,0.1579173838209983,0.09573496804486761,0.37670299727520434,3.195439739413681,0.0,4.7817589576547235,0.21786880379934698,1.6043715846994535,1.224353628023353,0.2227450980392157,0.007532034778826537,0.7532034778826537,3.3672841984218174,0.2799848280284216,1.4796374676513764,0.9400902343448416,4.276411404725869,3.807793661186534,4.2649924156611805,0.32236684513390035,0.20093028834980847,0.12143655678409189,0.6162397293378443,1.8622862286228623,1.9413868051899905,0.17870017725258172,0.3837602706621556,22.626825087549292,0.06236524796868372,Energy
1995-03-31,HAL,1995,Q1,USD,0.12313743287194615,0.047122002874215266,0.09205052567884427,0.047122002874215266,0.04772710082444596,0.02957416231752515,0.02957416231752515,0.02957416231752515,0.9094723808213524,3.832396694214876,4.087799717912553,1.2538884673748103,0.259027056679924,1.7058457388868717,1.558742673375175,0.03135844131036898,0.1660874526687069,26.735294117647058,-0.38389140271493216,-0.38389140271493216,2.130866839932732,3.162695711368278,-66.2662440570523,-276.9139072847682,0.13024823181364,0.3387861183305305,0.25305469909786454,0.24697801143558848,2.6010803648779492,0.675574859478794,-0.007832356450023342,-0.011421223810604342,4.178807947019868,4.6084905660377355,0.0,-0.7122641509433962,-0.022713598074608904,-0.3145833333333333,-0.19738562091503267,0.7289002557544757,0.006815898981202468,0.6815898981202468,2.8741304347826087,0.085,1.4452173913043478,0.6960869565217391,4.267391304347826,3.8065217391304347,4.2658695652173915,-0.03282608695652174,0.10434782608695652,-0.13717391304347826,0.6196513470681458,1.0128410914927768,2.130866839932732,0.15898981202468074,0.3803486529318542,37.18981101068201,0.06195652173913044,Energy
1995-06-30,HAL,1995,Q2,USD,0.1421945309795777,0.06902042229145033,0.11138802353755625,0.06902042229145033,0.06306680512287989,0.03890619591554171,0.03890619591554171,0.03890619591554171,0.961269714513875,4.082701812191104,4.70246679316888,1.3455985095482068,0.2778953443632166,1.7022881312745248,1.5680069306426132,0.036764475620831114,0.18024766855220914,17.88,0.3377333333333334,0.3377333333333334,2.0065015974440894,2.782571131879543,73.2135519125683,29.99570149253731,0.12906887264332437,0.3349141373801917,0.2508881492838712,0.24330449892343142,2.5948482428115014,1.054803023111468,0.06828721398359068,0.0927656628591208,0.4097014925373134,4.701492537313433,0.0,5.0,0.19973170368162171,1.6940581542351454,1.244196843082637,0.5088967971530249,0.007115447387486367,0.7115447387486367,3.212855871886121,0.125,1.4922153024911031,0.7866992882562278,4.4588523131672595,3.9906583629893237,4.455516014234876,0.29804270462633453,0.17593416370106763,0.1221085409252669,0.6169045005488474,0.9137412236710131,2.0065015974440894,0.16691446336589522,0.38309549945115257,26.952293349906775,0.06361209964412812,Energy
1995-09-30,HAL,1995,Q3,USD,0.12182843334675796,0.07457376829104578,0.11625721573365552,0.07457376829104578,0.06960665861189422,0.04618069539535508,0.0007383541414955028,0.0007383541414955028,1.105520926090828,4.099968661861485,4.716294160057679,1.3865053513261982,0.3964131765206748,1.8894652833200318,1.612729449321628,0.03531515422440769,0.07063048683160415,1076.7662342181818,-10.97018890661157,-10.97018890661157,2.4066704412069493,3.180139233830044,27.16612058807339,20.2382376358821,0.07349262945026874,0.1403027532256426,0.12303991446899501,0.10522248988682333,1.9090724372650614,1.3127726131206767,0.23353950518754987,0.15713518593099746,0.7449807774455361,3.0939597315436242,0.0,5.237136465324385,0.8475742215785662,3.9212730318257956,2.65118912797282,26.0,0.006036593453099427,0.6036593453099426,3.282875129786831,0.0024239244480906926,0.6086253932387722,0.1560125917498373,4.337943335010307,4.337943335010307,4.337943335010307,0.5158551939073011,0.13155299050092215,0.38430220340637894,0.010607521697203472,0.9333933393339334,2.4066704412069493,0.05829745145965251,0.3365477338476374,28.54025075381062,0.06302203565035801,Energy
1995-12-31,HAL,1995,Q4,USD,0.12124365812410563,0.07376089501756211,0.11369845193183296,0.07376089501756211,0.07265513204110836,0.04676726941589697,0.04676726941589697,0.04676726941589697,1.1052480230050323,3.781136300027988,5.3717693836978135,1.3835493160547156,0.4215982010640048,1.773116512412421,1.5555747772684023,0.0702762547448334,0.15128449096098953,25.188919786230873,0.00473772785947916,0.00473772785947916,4.140092199405647,4.712067991752309,41.23126539852021,25.965352439139785,0.057587890089398346,0.12001371585324037,0.107153791203184,0.10257462303826033,2.0840096010972684,1.7221911056345918,0.24132860479197302,0.18147521790035123,0.6297491039426524,13.5,0.0,27.9,1.3285714285714285,2.7008712487899325,2.1152388172858227,0.39777468706536856,0.0039479133130870285,0.39479133130870286,2.6867184476453274,0.12565048548568952,0.36699029140465644,0.30565048555559243,3.0579029138088942,2.6952815544447697,3.0579029138088942,0.4875728157233292,0.18052427191476672,0.30704854380856256,0.6436884512085944,0.9850088183421517,4.140092199405647,0.028988174676513143,0.35631154879140553,41.64435543775744,0.04998058254368178,Energy
1996-03-31,HAL,1996,Q1,USD,0.08950282893944866,0.04863368243649934,0.08420609124834477,0.04863368243649934,0.04845311183339352,0.030997953533164802,0.030997953533164802,0.030997953533164802,1.0390243902439025,4.359365994236311,4.9924092409240926,1.5194805194805194,0.43519488683989943,1.719639833769432,1.486455287055564,0.054397009639976394,0.0761890103124519,40.52777776203884,-1.3171527772662621,-1.3171527772662621,4.67872798642681,5.025112687480438,-40.48846856925315,-50.72127715054678,0.09039710813076278,0.1933983411791078,0.16205682084996478,0.10078613182826043,2.1394306209370098,1.8168297883973974,-0.1266738494689857,-0.09907307090405681,1.2527339003645201,0.7643004824259132,0.0,-1.1343900758097865,-0.47696319907273255,-3.956730769230769,-2.341394025604552,0.5572815533980583,0.0034376518043387964,0.34376518043387966,2.903417476855696,0.09000000003495146,0.6030873788749854,0.17300970880505231,3.118368933249852,2.758368933110046,3.118368933249852,-0.2876504855486021,0.07269902915444622,-0.3603495147030484,0.639751552795031,0.9962871287128713,4.67872798642681,0.041335666818025044,0.36024844720496896,61.4354697568263,0.05015533982530304,Energy
1996-06-30,HAL,1996,Q2,USD,0.10074290859972986,0.06511706438541198,0.10383836109860423,0.061965330932012605,0.058081945069788386,0.04040972534894192,0.037764520486267446,0.04040972534894192,1.078286199781527,3.9578895219222194,5.2164544564152795,1.5797990575264516,0.4581743166580712,1.679847036328872,1.445583173996176,0.06233207952713595,0.010860420650095601,24.149802158196717,0.4346964388475407,0.4346964388475407,3.5402298865366757,3.6480227933701035,88.54927458005464,38.74361565606694,0.06433728726147499,0.13627177890654868,0.11992885983464718,0.09847850706583289,2.1180840024031897,1.9482456140350877,0.12795411089866157,0.09415803692030617,0.4375373580394501,2.997979797979798,0.0,3.3797979797979796,0.6705410821643286,1.7778958554729012,1.3623778501628665,0.4277198211624441,0.004427777693173265,0.44277776931732654,3.588245123848923,0.13550835648934192,0.5038649022964353,0.02867688021085924,3.6974999984550836,3.2845125334465823,3.6974999984550836,0.33786211685047546,0.19003481886210244,0.147827297988373,0.6501937984496124,0.9373297002724795,3.5402298865366757,0.03849235311661079,0.3498062015503876,36.40708346482385,0.05795961000363804,Energy
1996-09-30,HAL,1996,Q3,USD,0.11222632768984724,0.07218882700049634,0.11046158936745161,0.07174764241989742,0.03380576848839133,0.04163679479402195,0.045552307946837255,0.04163679479402195,1.080309800417039,3.40770533446232,5.154658981748319,1.541921768707483,0.44370763696870336,1.5617900172117039,1.3467814113597245,0.06681230657200073,0.02416523235800344,19.66717109270581,1.3767019764894073,1.3767019764894073,3.4390226668589574,3.5835401362322834,165.3443595173028,44.41581222850307,0.06371889299434752,0.1378142365705213,0.12112191264709987,0.0957166786312515,2.1628473141042606,2.127162883453575,0.10072289156626506,0.08068163017702532,0.2686261107313739,3.6688741721854305,0.0,2.422185430463576,0.5618279569892473,1.3672897196261682,1.077319587628866,0.3486682808716707,0.0044321102311580705,0.44321102311580707,3.60258278384277,0.1641059603735801,0.5173509937201,0.06973509938393053,3.75397351241985,3.329403975714837,3.75397351241985,0.2906622518481207,0.21258278159773694,0.07807947025038375,1.3474714518760196,0.4711760184473482,3.4390226668589574,0.04007366334005422,-0.3474714518760196,33.5663171693959,0.05721854308425069,Energy
1996-12-31,HAL,1996,Q4,USD,0.22356580427446568,0.08562992125984252,0.12504686914135732,0.08562992125984252,0.07438132733408324,0.046494188226471694,0.046494188226471694,0.046494188226471694,1.2533630969864302,3.664233576642336,5.669404517453799,1.6519046144317127,0.48090880403912906,1.5936731574400214,1.3994816242440353,0.080486519715465,0.14195520701801023,19.09182551204637,0.7636730204818548,0.7636730204818548,3.5085385157373103,3.5506357157761532,50.504242421200004,25.002100208514854,0.055538024613442726,0.1141163393849574,0.10242766877286331,0.084774499830451,2.054742497221193,2.4964605394020944,0.20136904366318867,0.1420134983127109,0.49504950495049505,4.467672413793103,0.0,6.530172413793103,1.2297077922077921,1.9803921568627452,1.6440586001085187,0.3155241935483871,0.004131666106906602,0.4131666106906602,4.241493976159126,0.19720481928898825,0.4898313253307127,0.4246265060496763,4.292385542427252,3.827403614688398,4.292385542427252,0.6023493976266475,0.3041566265243468,0.29819277110230075,0.6250787649653434,0.8686371100164204,3.5085385157373103,0.03252532040708584,0.3749212350346566,28.517377673088458,0.06222289157001343,Energy
1997-03-31,HAL,1997,Q1,USD,0.11393939393939394,0.0730961791831357,0.10977602108036891,0.0730961791831357,0.07151515151515152,0.043741765480895915,0.043741765480895915,0.043741765480895915,1.1174911660777385,5.202042079207921,5.24422956955708,1.367173427480366,0.423482937933805,1.8082885162923126,1.5547295159759569,0.06836917562724014,0.06754191711483708,25.666666665120484,-1.7111111110080321,-1.7111111110080321,3.789448718290568,4.490821255768116,-42.56410256153846,-96.8333333275,0.0881781864440824,0.1757015164317161,0.14944398214690974,0.142372234935164,1.9925734869035443,1.9814128334986687,-0.06959822840873141,-0.0463768115942029,2.275,7.137614678899083,0.0,-4.036697247706422,-0.22272842318400404,-0.7843137254901961,-0.6123869171885873,0.3795180722891566,0.0036966046004417445,0.36966046004417447,3.772138554444105,0.16500000000993975,0.7854397590834602,0.16977108434757657,4.470307229184958,4.009102409880066,4.470307229184958,-0.17493975904668313,0.22304819278452098,-0.3979879518312041,0.6116433308769345,0.9783705839942322,3.789448718290568,0.04636598341696931,0.3883566691230656,42.395743316466636,0.06262048193148316,Energy
1997-06-30,HAL,1997,Q2,USD,0.1203890457621801,0.0815741114248577,0.11675854959437049,0.0815741114248577,0.0763748823450316,0.04567253820985164,0.04567253820985164,0.04567253820985164,1.0524553044954952,3.6819887429643527,5.603940605368361,1.4996975196612221,0.4321408510720719,1.540072039621792,1.3429761368752815,0.06389459516894525,0.028365601080594327,24.762499999999996,1.4032083333333327,1.4032083333333327,4.314253045522547,4.5238649096858055,-121.89849033816425,157.2148753894081,0.1145867632532104,0.25287454584312885,0.20183548838320084,0.15373485259540604,2.206839068176961,2.251816713766653,0.03613237280504277,0.028775043700416836,-1.2897196261682242,1.1524609843937574,0.0,0.38535414165666265,0.10851926977687627,0.43673469387755104,0.35906040268456374,0.3120706575073602,0.0031506376325831417,0.31506376325831414,4.3789990186457315,0.2,1.1611383709519136,0.09892051030421982,4.591756624141315,3.9958783120706576,4.591756624141315,0.12600588812561334,0.2885181550539745,-0.16251226692836113,0.5980046948356808,0.9362637362637363,4.314253045522547,0.05861374916465995,0.40199530516431925,40.823013435700574,0.06241413150147203,Energy
1997-09-30,HAL,1997,Q3,USD,0.13580943289799105,0.15294832299214647,0.27062090510695536,0.09788692671497375,0.08777715103918081,0.08790731982470604,0.052544799757018264,0.08790731982470604,1.0155100242344128,3.261873566983295,5.764688856729378,1.4713355464759958,0.4204045894821328,1.581876079447323,1.3954015544041452,0.0658820435268591,0.046254317789291885,27.190253699421966,1.3595126849710986,1.3595126849710986,5.397270373314757,5.714825743914609,129.0005768070519,54.06797574712644,0.10311741850750625,0.23165184608449782,0.18808224647324992,0.18129969470258664,2.246486087776093,2.2620601658732884,0.13147668393782383,0.10569705384648762,0.4191297208538588,21.78714859437751,0.0,9.783132530120483,0.4309216345303379,1.7215547703180212,1.408092485549133,0.26011560693641617,0.0023916254130238765,0.23916254130238768,4.549570042041249,0.2390562468395866,1.1159248252553122,0.1691752300095175,4.817249869220835,4.177463497621249,4.817249869220835,0.48087614971200077,0.2793266633179315,0.2015494863940693,0.5986159169550173,0.8967198581560284,5.397270373314757,0.04292018558674278,0.4013840830449827,21.88641797659131,0.06218226073862079,Energy
1997-12-31,HAL,1997,Q4,USD,0.14757053620089716,0.10916865803043642,0.14358780866138432,0.10916865803043642,0.10313168154949064,0.062214396511969146,0.062214396511969146,0.062214396511969146,1.0813763713845317,1.795566937477923,6.219944937289691,1.4345943345161485,0.4257183651615206,1.6761238648541936,1.4917367025776975,0.07686920562929367,0.1248237351232444,21.998940869137467,1.3199364521482473,1.3199364521482473,5.052258018307734,5.474603320303526,85.91165328894736,39.76422442119367,0.09792968052828842,0.21228769296243277,0.17511329546179868,0.17252529133051608,2.167756412736488,2.0953092059030216,0.185233233684923,0.13767660252379155,0.4628501827040195,24.989795918367346,0.0,33.51020408163265,0.5985055585930381,1.8616780045351473,1.572044040210627,0.21900269541778974,0.0024887868093348853,0.24887868093348853,4.738242842873558,0.2947869189965355,1.0899567550768128,0.43959801330143733,5.173470699693915,4.531653627404288,5.134337934840602,0.6523451765395031,0.3504070923921082,0.3019380841473948,0.6032520325203252,0.9447004608294931,5.052258018307734,0.042018379147140045,0.3967479674796748,39.083127882978104,0.06455912983414692,Energy
1998-03-31,HAL,1998,Q1,USD,0.12703264976860698,0.130768904173566,0.19360591007514966,0.08661317029677748,0.08270708614613849,0.08618859593257759,0.05001486010274699,0.08618859593257759,0.9955196753878017,3.037972813238771,5.472717593824861,1.356974131474333,0.4057713842708244,1.6353921778157725,1.434654840777944,0.06556953856082608,0.049903825603761484,27.96381154499151,-1.3049778720996037,-1.3049778720996037,4.900348841533713,5.594424489449327,-72.27947339550192,-506.79030769230764,0.10715823929709709,0.2313213581762059,0.18786432692017277,0.166800941993059,2.1586894269031944,1.9726956740232002,-0.013891857234451806,-0.01103893346919713,7.0115384615384615,4.5280764635603346,0.0,-0.3106332138590203,-0.04180064308681672,-0.16634676903390916,-0.13720316622691292,0.28183361629881154,0.0025196280543280376,0.2519628054328038,4.47945987067326,0.22403955876759224,1.1829593001141119,0.17763408139977177,5.145492582731077,4.540509699505515,5.113921643210346,-0.049448459490300495,0.29726131608976797,-0.3467097755800685,0.6047227926078029,0.9549019607843138,4.900348841533713,0.047205079813013244,0.3952772073921971,30.055149122807016,0.06314187904146062,Energy
1998-06-30,HAL,1998,Q2,USD,0.13338180643076425,0.1761189206656972,0.23388269510421716,0.096299886896106,0.09080626918726774,0.09815802229762483,0.05513814832767814,0.09815802229762483,0.9735341539187542,3.0877950489349453,5.4437959908652624,1.3645684048065263,0.40019398642095055,1.5537687036778074,1.3700647928028713,0.06482525366403608,0.06777606861511211,21.306601564688645,1.1718630860578751,1.1718630860578751,4.160582402031401,4.699226229730166,-70.08074972481927,3061.4222248210526,0.13782735208535402,0.30492471656950754,0.23367226683476305,0.15818154448291435,2.212367225778763,2.082786471479051,0.0017713140353330537,0.0015349814186459848,-43.68421052631579,1.4996943765281174,0.0,0.011613691931540342,0.004456955195871452,0.02237926972909305,0.018746916625555006,0.24102564102564103,0.0028280629397169086,0.2828062939716909,4.728438026546318,0.26071731726594455,1.6284804739995922,0.2777164683550794,5.377461795095534,4.781154495092399,5.340598467452803,0.007258064509967687,0.32432088257697717,-0.3170628180670095,0.6072064056939501,0.9429530201342282,4.160582402031401,0.07328895022500415,0.3927935943060498,21.313651907288428,0.06283955852050971,Energy
1998-09-30,HAL,1998,Q3,USD,0.16716632689770955,0.05300395730902986,0.11871927089579086,0.07504496942079386,-0.14956229763760642,-0.12639405204460966,-0.12639405204460966,-0.12639405204460966,1.0436534755074967,3.093265633351149,2.416324542481386,1.403116166375017,0.3581429307679093,1.3398727578356064,1.034087282166947,-0.03408355795148248,0.048620124688809926,-5.99166666439279,0.018114341078396805,0.018114341078396805,3.1200892587979547,3.02924411285286,-220.42641062024435,37.61296405163788,0.16024738017522763,0.46085818038091947,0.31547085580939177,0.2409338083630227,2.8759170969096615,2.9939324309769146,0.07145136923633423,0.08053723468041732,-0.1706372840976772,1.0187704494575511,0.0,0.5782676080592388,0.17999571183533447,0.854235563469855,0.6380391411742352,-0.2527514231499051,0.010545956463664505,1.0545956463664505,4.747058825330952,-0.600000000227704,2.1240227712045625,0.26015180275527583,4.806831121368816,3.518937382739635,4.60884250649292,0.382314990657425,0.4475521823330369,-0.06523719167561184,0.8450930083386786,-1.992968999680409,3.1200892587979547,0.1477067295691629,0.15490699166132135,28.823299653616164,0.15165085394749558,Energy
1998-12-31,HAL,1998,Q4,USD,0.15467642042904586,0.08506866529036891,0.11771833767166323,0.08506866529036891,0.028273943093079616,0.014742841755677229,0.014742841755677229,0.014742841755677229,1.1545077720207253,3.7334985133795837,2.893762482716239,1.525328587075575,0.4010439164866811,1.5193695831355996,1.1942203461797838,0.030694997529285235,0.050603192047356194,49.914111779528156,-0.4442074616985597,-0.4442074616985597,3.2299390760514135,2.943503405363073,-138.07819553326317,93.3624809655516,0.17487401007919368,0.47847926721166156,0.32362933848511094,0.2522049752343074,2.7361371023342853,2.424130334267142,0.03509253940105402,0.03152769051252132,-0.6761565836298933,0.8095902353966871,0.0,0.24498692240627726,0.07230341704405105,0.5966029723991507,0.48381542699724517,0.8356164383561644,0.00418527150221115,0.41852715022111503,5.0314193532156715,0.07417741933091052,2.1939354831632465,0.22874193541008325,4.777387095233101,3.9078064503523207,4.585225804972508,0.15862903220689387,0.26588709668842353,-0.10725806448152966,0.5214285714285715,0.3323661303086257,3.2299390760514135,0.14813879022034077,0.4785714285714286,28.3225859238658,0.06198387094774714,Energy
1999-03-31,HAL,1999,Q1,USD,0.09625256673511294,0.018993839835728953,0.049794661190965095,0.03182751540041068,0.036190965092402466,0.013603696098562629,0.01591375770020534,0.01591375770020534,1.0694482569311008,3.290654205607477,2.7637362637362637,1.3476305776547908,0.3600739371534196,1.607181425485961,1.2632289416846652,0.03129747797022182,0.11312095032397408,68.30645161290323,-13.69821272885785,-13.69821272885785,4.178589047853972,4.348049281314168,546.4516129032259,97.35632183908046,0.19713493530499077,0.5261470152935372,0.3447551317278164,0.25189149289536816,2.6689689195855943,1.80020330838185,0.04697624190064795,0.044661190965092405,0.1781609195402299,0.17447916666666666,0.0,0.2265625,0.08157524613220815,1.2167832167832169,0.8787878787878788,0.8870967741935484,0.003246753246753247,0.3246753246753247,4.427272727272728,0.07045454545454545,2.4238636363636363,0.47613636363636364,4.8159090909090905,3.95,4.6068181818181815,0.19772727272727272,0.1625,0.035227272727272725,0.4397163120567376,1.1370967741935485,4.178589047853972,0.12591499409681228,0.425531914893617,96.15463917525773,0.0625,Energy
1999-06-30,HAL,1999,Q2,USD,0.11525885558583106,0.01634877384196185,0.05013623978201635,0.04059945504087194,0.037057220708446865,0.014986376021798364,0.022615803814713897,0.022615803814713897,1.0555076215127983,2.7540288379983036,2.654946852003271,1.28907622058307,0.34995708973014206,1.5127164502164503,1.1818181818181819,0.03672814755412991,0.09090909090909091,59.98313253012048,1.7768112787283585,1.7768112787283585,4.869046454767727,5.4262670299727525,-65.29311475409835,-110.02430939226518,0.19576618670735196,0.5019559902200489,0.3342015301969722,0.20644159875824603,2.5640586797066014,1.7712355212355213,-0.04897186147186147,-0.049318801089918256,1.6850828729281768,0.13245702730030334,0.0,-0.18301314459049545,-0.0881636629322942,-1.4596774193548387,-1.011173184357542,0.6626506024096386,0.002761820592134335,0.27618205921343353,4.170454545454546,0.09431818181818181,2.3329545454545455,0.38181818181818183,4.831818181818182,3.9681818181818183,4.6477272727272725,-0.2056818181818182,0.1409090909090909,-0.3465909090909091,0.6102941176470589,0.912751677852349,4.869046454767727,0.10309123046639618,0.3897058823529412,117.56195652173913,0.0625,Energy
1999-09-30,HAL,1999,Q3,USD,0.11041548093340922,0.01906659077973819,0.06374501992031872,0.02703471826977803,0.027888446215139442,0.010813887307911212,0.016505406943653957,0.016505406943653957,0.9481921208850512,3.008662175168431,2.498800959232614,1.2469836763662172,0.3319792158715163,1.5478237506716819,1.2117141321869962,0.033997469955724224,0.07925846319183234,78.84615381896552,-2.5376082952656827,-2.5376082952656827,4.437726270257157,5.205551418895845,-66.51748249454545,-167.81933656880733,0.21813887576759566,0.5601649684619117,0.35904213963613746,0.2044006948465547,2.5679281901989324,1.7864768683274022,-0.029285330467490597,-0.031018782014797953,2.522935779816514,0.1472,0.0,-0.0872,-0.047206582936336075,-0.6566265060240963,-0.49099099099099097,0.9655172413793104,0.0030613961322583454,0.30613961322583455,3.9381034496338287,0.0650000000224138,2.587672414685404,0.3306034483898633,4.775258622336296,3.903362070311504,4.619482760213614,-0.12215517245591558,0.18603448282277052,-0.3081896552786861,0.5918367346938775,1.0315789473684212,4.437726270257157,0.1262279226675807,0.40816326530612246,90.6531593125,0.06275862071129608,Energy
1999-12-31,HAL,1999,Q4,USD,0.14810978767477992,0.07224236147074055,0.11160020714655619,0.07224236147074055,0.0354738477472812,0.01967892283790782,0.06084930088037287,0.06084930088037287,0.9956174271719516,4.947368421052632,2.6575121163166395,1.3837334288785381,0.3599925428784489,1.6306525859734633,1.2954237747089088,0.061545801526717556,0.12618467370701328,18.67751156243617,0.05922137812479761,0.05922137812479761,4.095372257683694,4.546054083037286,99.75489129937499,50.30619160083094,0.2156040268456376,0.5395381385584325,0.35045454545454546,0.19764177428411006,2.502449265220434,1.7683150183150182,0.09450311399945843,0.09036768513723459,0.504297994269341,0.294351630867144,0.0,0.27764518695306284,0.15088629485516644,2.0173410404624277,1.530701754385965,0.23404255319148937,0.0031326784674864153,0.31326784674864155,4.428015952364308,0.2694416749885066,2.6519940180783648,0.534297108700613,5.090727816804124,4.210169491735303,4.91530408798182,0.40014955136590974,0.19835493520430483,0.2017946161616049,1.7153284671532847,0.4910394265232975,4.095372257683694,0.13174336900538325,0.44525547445255476,45.0205588600696,0.06306081755050154,Energy
2000-03-31,HAL,2000,Q1,USD,0.09369496301514618,0.021486438886932017,0.06445931666079606,0.021486438886932017,0.01655512504402959,0.009510390982740402,0.09299048960901726,0.09299048960901726,0.8603030303030303,3.495923913043478,3.3766404199475066,1.2044972422571065,0.29947257383966247,1.9380085238279736,1.6427741185586981,0.07914701660857085,0.14296784192173576,17.21121212121212,1.5490090909090934,1.5490090909090934,3.9840070144673385,6.4019161676646705,28.310031152647976,25.208099861303744,0.16824894514767932,0.34962735642262166,0.2590547344485951,0.18796724813100749,2.0780359491451117,1.1953684210526316,0.2793490895001937,0.25396266290947517,0.8904299583911235,0.30241187384044527,0.0,1.3376623376623376,0.45203761755485894,9.126582278481013,5.380597014925373,0.20833333333333334,0.003026128140570805,0.3026128140570805,3.2115384615384617,0.2986425339366516,1.8042986425339367,0.417420814479638,5.207013574660634,4.485294117647059,5.160633484162896,0.8156108597285068,0.08936651583710407,0.7262443438914027,5.617021276595745,0.7704918032786885,3.9840070144673385,0.08775771607655333,0.425531914893617,106.01661202185792,0.06221719457013575,Energy
2000-06-30,HAL,2000,Q2,USD,0.1107217939733707,0.039243167484232656,0.08374211632796076,0.039243167484232656,0.030833917309039945,0.018220042046250877,0.026278906797477224,0.026278906797477224,0.7963169642857143,3.525,3.296103896103896,1.2129196770080748,0.29104629818478484,1.908605974395448,1.6347795163584637,0.03910181958962447,0.1290896159317212,69.8264,-0.9720612529002322,-0.9720612529002322,4.5588509249183895,7.339845830413455,-69.1350495049505,-109.10374999999999,0.1972261880481338,0.42089227421109904,0.29621687854189005,0.18629360722507526,2.134058759521219,1.1471061093247588,-0.06827880512091039,-0.0672740014015417,1.578125,0.23015873015873015,0.0,-0.21768707482993196,-0.09927611168562564,-1.7297297297297298,-1.1497005988023952,0.7466666666666667,0.002673296441842436,0.2673296441842436,3.213963963963964,0.08445945945945946,2.1779279279279278,0.40878378378378377,5.225225225225225,4.5191441441441444,5.17454954954955,-0.21621621621621623,0.125,-0.34121621621621623,0.8522727272727273,0.7857142857142857,4.5588509249183895,0.09232420211648698,0.4090909090909091,94.22142259414225,0.06306306306306306,Energy
2000-09-30,HAL,2000,Q3,USD,0.07661558960692871,0.08261159227181879,0.12891405729513658,0.04596935376415723,0.07128580946035976,0.04330446369087275,0.05229846768820786,0.05229846768820786,0.8352810239287701,4.23206106870229,3.5813953488372094,1.290073055436184,0.30332423966858646,1.9183018194791295,1.6421691045308597,0.05717597063936643,0.11059579022475918,34.67882165605096,0.30684402407710015,0.30684402407710015,4.6584598930481285,7.254596935376416,-315.62753623188405,201.65092592592592,0.18450035364251793,0.3905882352941176,0.2808798646362098,0.18326345213137665,2.117005347593583,1.1705985572236304,0.038530146271851584,0.03597601598934044,-0.6388888888888888,0.38996138996138996,0.0,0.138996138996139,0.05914567360350493,0.6101694915254238,0.463519313304721,0.35668789808917195,0.002571366911099581,0.2571366911099581,3.3730337078651687,0.17640449438202246,2.051685393258427,0.34831460674157305,5.303370786516854,4.617977528089888,5.252808988764045,0.12134831460674157,0.19887640449438201,-0.07752808988764046,0.7336448598130841,1.5507246376811594,4.6584598930481285,0.0838449282083542,0.3925233644859813,60.19198966408269,0.06292134831460675,Energy
2000-12-31,HAL,2000,Q4,USD,0.050169282856263465,0.04647583871960603,0.08187134502923976,0.04647583871960603,-0.0043090181594336715,-0.006463527239150508,0.0015389350569405972,0.0015389350569405972,0.8449934980494148,3.946291560102302,4.268326417704011,1.3481327800829876,0.321587647233495,1.4553058024046002,1.2663355985363303,0.019553527782304056,0.06037637219027705,772.338,-7.985114302125216,-7.985114302125216,3.9324745417515268,4.7543120960295475,-195.52860759493672,117.0209090909091,0.2600217757101851,0.6687881873727087,0.4007627765064836,0.21076953988346395,2.5720468431771892,1.5055607043558852,0.03450078410872975,0.040627885503231764,-0.5984848484848485,0.17553865652724968,0.0,0.08365019011406843,0.05024743052912067,0.6255924170616114,0.4981132075471698,10.8,0.003495878747387802,0.34958787473878017,3.813380281690141,0.005868544600938967,3.0833333333333335,0.2711267605633803,4.654929577464789,3.954225352112676,4.610328638497653,0.15492957746478872,0.2476525821596244,-0.09272300469483569,-0.35714285714285715,-0.09271523178807947,3.9324745417515268,0.17006802721088435,0.7857142857142857,67.07804511278195,0.06338028169014084,Energy
2001-03-31,HAL,2001,Q1,USD,0.09192111959287531,0.06297709923664122,0.10559796437659033,0.06297709923664122,0.046755725190839696,0.027353689567430027,0.03466921119592875,0.03466921119592875,0.8223907925712791,3.8738127544097694,3.4774665042630937,1.301863354037267,0.30178537147245155,1.4140914709517924,1.211124845488257,0.03814756671899529,0.06872682323856613,35.91688073394496,0.017075712838861824,0.017075712838861824,3.9090763854218675,4.980839694656488,-5219.92,110.28,0.27721251679784986,0.7209186220668996,0.4189149985494633,0.20610384462940942,2.600599101347978,1.8402107111501318,0.035105067985166875,0.045165394402035625,-0.02112676056338028,0.14664502164502163,0.0,0.07683982683982683,0.04916897506925208,0.9793103448275862,0.7135678391959799,0.4954128440366973,0.0034483287100185445,0.34483287100185445,3.6901408450704225,0.12793427230046947,3.3896713615023475,0.32629107981220656,4.751173708920188,3.8826291079812205,4.7018779342723,0.16666666666666666,0.17018779342723006,-0.0035211267605633804,0.7414965986394558,0.7424242424242424,3.9090763854218675,0.1844217280469177,0.41496598639455784,55.02939759036145,0.06338028169014084,Energy
2001-06-30,HAL,2001,Q2,USD,0.11171009284216832,0.08146151542377958,0.11859838274932614,0.08146151542377958,0.07217729859239293,0.042827193770589994,0.11440551063192572,0.11440551063192572,0.7931116389548694,3.5649038461538463,3.469005847953216,1.3447442609746274,0.3131976362442548,1.7456061960083409,1.4909145070002978,0.0824507088153821,0.0977062853738457,9.948429319371728,0.040415494109947644,0.040415494109947644,3.3931250000000004,4.552620545073375,12.915208156329651,11.047383720930233,0.1653691023356158,0.39352678571428573,0.28239628383789844,0.1882587425258199,2.3796875,1.598372426998564,0.40988978254393804,0.4120994309673555,0.8553779069767442,0.4116022099447514,0.0,1.9005524861878453,0.7804878048780488,6.914572864321608,5.4603174603174605,0.1387434554973822,0.0034865668499855272,0.34865668499855273,3.9098360655737703,0.44730679156908665,2.0644028103044496,0.3840749414519906,5.297423887587822,4.585480093676815,5.245901639344262,1.6112412177985949,0.23302107728337237,1.3782201405152226,1.5850622406639003,0.8860294117647058,3.3931250000000004,0.1159776859721601,0.4066390041493776,42.01060606060606,0.06206088992974239,Energy
2001-09-30,HAL,2001,Q3,USD,0.12857564140371572,0.10085520495429078,0.1397817752875258,0.10085520495429078,0.09053376585078148,0.05337658507814804,0.05278678855794751,0.05278678855794751,0.8045077105575327,3.2869855394883203,3.555956678700361,1.3199688594783963,0.31715301159745607,2.083903492978034,1.784659704717321,0.0514559894109861,0.08174288800864242,13.091061452513966,-0.2454574022346368,-0.2454574022346368,2.0389819447465736,2.764140371571808,624.88,39.218410041841,0.15778151889263,0.3669784642157929,0.2684595798854233,0.24229437942970167,2.3258646943658907,1.2301832033375657,0.08606409794742528,0.07048068416396343,0.06276150627615062,1.6036866359447004,0.0,1.1013824884792627,0.14167160640189685,1.0669642857142858,0.8597122302158273,0.3016759776536313,0.0057611061323774165,0.5761106132377417,3.961448598130841,0.2091121495327103,1.9707943925233644,0.2651869158878505,5.429906542056075,4.738317757009346,5.3703271028037385,0.27920560747663553,0.2616822429906542,0.017523364485981307,0.5830618892508144,0.8976608187134503,2.0389819447465736,0.17998122306149447,0.41042345276872966,22.854852320675107,0.0630841121495327,Energy
2001-12-31,HAL,2001,Q4,USD,0.11759142496847415,0.08575031525851198,0.1302017654476671,0.08575031525851198,0.08165195460277427,0.044451450189155105,0.04382093316519546,0.04382093316519546,0.7746031746031746,3.052344601962923,3.556543837357052,1.188460097414762,0.28925770563560094,1.9164374140302614,1.6458046767537826,0.04535882067066256,0.09972489683631362,10.154856115107915,-0.4265039568345325,-0.4265039568345325,1.1881523569023569,1.7799810844892812,18.451307189542483,10.553457943925233,0.1393397774940726,0.32154882154882153,0.24331210191082803,0.22794476035743297,2.3076599326599325,1.117885462555066,0.18397524071526822,0.16866330390920556,0.5719626168224299,2.512,0.0,4.28,0.35013089005235604,2.336244541484716,1.8904593639575973,0.38848920863309355,0.009564123908538637,0.9564123908538638,3.679814385150812,0.16125290023201855,1.7726218097447797,0.33642691415313225,5.560324825986079,4.725058004640371,5.512761020881671,0.6206496519721578,0.265661252900232,0.35498839907192575,0.5366795366795367,0.9522058823529411,1.1881523569023569,0.2706292839305007,0.38223938223938225,16.668523002421306,0.06264501160092807,Energy
2002-03-31,HAL,2002,Q1,USD,0.02261390089790489,0.040904556035916195,0.08480212836714333,0.040904556035916195,0.03026272031925507,0.016627868307283005,0.007316262055204523,0.007316262055204523,0.7618444388142893,2.8645224171539962,3.6105651105651106,1.0906782734856728,0.2763786764705882,2.0066420664206643,1.7062730627306273,0.02538322070215922,0.0981549815498155,82.27636363636366,-0.9787522811760733,-0.9787522811760733,1.5188420390182507,2.407821749251746,-90.504,46.71174193548388,0.13685661764705884,0.31235577931613173,0.23801150895140666,0.22726535905333117,2.2823578770715334,1.115149267569071,0.05719557195571956,0.05154639175257732,-0.5161290322580645,2.5172413793103448,0.0,1.7816091954022988,0.10409670920080591,0.6595744680851063,0.5363321799307958,2.4545454545454546,0.007458233890214797,0.7458233890214796,3.480324074074074,0.02546296296296296,1.7233796296296295,0.30787037037037035,5.570601851851852,4.737268518518518,5.517361111111111,0.17939814814814814,0.27199074074074076,-0.09259259259259259,0.24175824175824176,0.7398373983739838,1.5188420390182507,0.20565389375055243,0.3956043956043956,33.18949019607844,0.0625,Energy
2002-06-30,HAL,2002,Q2,USD,-0.07635239567233384,-0.125193199381762,-0.08377125193199382,-0.125193199381762,-0.13446676970633695,-0.1106646058732612,-0.15394126738794436,-0.15394126738794436,0.8971159179145868,3.0543859649122806,4.3094059405940595,1.201708766716196,0.26987569867356304,1.7328423167057248,1.4623367927686641,-0.04738966280432235,0.12822229661868095,-3.2877108433734943,0.0013845850785470537,0.0013845850785470537,1.5391586368977674,2.0244574961360122,22.125405405405406,14.084129032258065,0.12888963043296905,0.36310223266745006,0.2663793103448276,0.22902699764450082,2.817156286721504,1.3158429936953426,0.15567458988952126,0.1437403400309119,0.6365591397849463,-0.6903914590747331,0.0,1.6548042704626333,0.30097087378640774,2.7514792899408285,2.075892857142857,-0.11044176706827309,0.008398074855858497,0.8398074855858497,3.744212962962963,-0.5763888888888888,1.7881944444444444,0.44328703703703703,4.983796296296297,4.144675925925926,4.924768518518518,0.5381944444444444,0.19560185185185186,0.3425925925925926,1.1448275862068966,1.0740740740740742,1.5391586368977674,0.2359095573145705,0.17701149425287357,-28.454317343173432,0.06365740740740741,Energy
2002-09-30,HAL,2002,Q3,USD,0.09959758551307847,0.06405097250167673,0.1096579476861167,0.06405097250167673,0.055667337357478204,0.031522468142186455,0.031522468142186455,0.031522468142186455,0.8773168578993822,2.5669216061185467,3.4915474642392716,1.1509069857197993,0.2546323968918111,1.8156326673676833,1.5460918331580793,0.03133941953944679,0.20539782684893096,14.844255319148937,-0.12477779833487512,-0.12477779833487512,1.2917009951400138,1.8717102615694166,25.37018181818182,14.687999999999999,0.12287592861412347,0.33302476278639204,0.2498263888888889,0.2058445138761257,2.7102522564221245,1.320637732506643,0.1331931300385559,0.12743125419181758,0.5789473684210527,0.799373040752351,0.0,1.1912225705329154,0.2640722724113968,2.375,1.7674418604651163,0.5851063829787234,0.009854087833963996,0.9854087833963996,3.451388888888889,0.1087962962962963,1.6655092592592593,0.6782407407407407,5.060185185185185,4.2280092592592595,5.001157407407407,0.4398148148148148,0.18518518518518517,0.25462962962962965,0.5662650602409639,0.8691099476439791,1.2917009951400138,0.25781877078316706,0.43373493975903615,19.677186544342508,0.06365740740740741,Energy
2002-12-31,HAL,2002,Q4,USD,0.022401433691756272,-0.0062724014336917565,0.024492234169653525,-0.0062724014336917565,-0.013440860215053764,-0.03942652329749104,-0.18399044205495818,-0.18399044205495818,1.0279398219220142,3.0389972144846795,4.459128065395095,1.2734880182578927,0.26066645904702584,1.6992665036674817,1.4749388753056234,-0.05567010309278351,0.3383251833740831,-3.282077922077922,0.004402787456445994,0.004402787456445994,2.2729173693086,2.4154838709677415,22.33988950276243,14.389750889679716,0.11873248209280599,0.42861157953906687,0.30001967342120794,0.24920869381726102,3.6098931984260823,1.4509209100758396,0.171760391198044,0.16786140979689368,0.6441281138790036,0.09593023255813954,0.0,1.6337209302325582,0.3685245901639344,2.81,2.203921568627451,-0.08928571428571429,0.0068010050648939545,0.6801005064893955,3.875,-0.7129629629629629,1.7650462962962963,1.28125,4.200231481481482,3.363425925925926,4.118055555555555,0.6504629629629629,0.23148148148148148,0.41898148148148145,13.688888888888888,2.142857142857143,2.2729173693086,0.18857332225387782,-1.0888888888888888,103.71999999999998,0.06365740740740741,Energy
2003-03-31,HAL,2003,Q1,USD,0.07117322066948327,0.04614884627884303,0.08742281442963926,0.04614884627884303,0.03802404939876503,0.019174520636984077,0.013974650633734157,0.013974650633734157,0.9344063164287884,3.01159114857745,3.775429326287979,1.2347512038523274,0.24451684678957405,1.7858784893267652,1.5372742200328406,0.019013533161838722,0.3047619047619048,52.332325581395345,-0.48921594684385383,-0.48921594684385383,2.5269960696238067,2.925303867403315,-28.849871794871795,-42.65952606635071,0.11784806102987921,0.4163391353172375,0.2939544103072349,0.24804728731264514,3.5328467153284673,1.314676351207007,-0.06929392446633825,-0.06857328566785831,1.4786729857819905,0.711038961038961,0.0,-0.685064935064935,-0.14227916385704653,-2.089108910891089,-1.3525641025641026,1.2790697674418605,0.006110323558296931,0.6110323558296932,3.544930875576037,0.04953917050691244,1.7085253456221199,1.0691244239631337,4.197004608294931,3.411290322580645,4.1036866359447,-0.24308755760368664,0.11635944700460829,-0.35944700460829493,0.36752136752136755,0.823943661971831,2.5269960696238067,0.16475654249007907,0.42735042735042733,35.52475836431227,0.06336405529953917,Energy
2003-06-30,HAL,2003,Q2,USD,0.03445401500416782,0.01972770213948319,0.054459572103362046,0.01972770213948319,0.020561267018616283,0.011669908307863295,0.007224228952486802,0.007224228952486802,0.9817239498090562,3.290719696969697,4.65194109772423,1.4407526020816652,0.25666809299671944,2.042508290624058,1.8173047934880917,0.014547206165703276,0.5604461863129334,95.98076923076924,-2.436434911242603,-2.436434911242603,2.8047204270862602,2.77354820783551,-76.78461538461538,-4991.0,0.1822849807445443,0.7181792638381568,0.41798855273916596,0.4001348390359009,3.9398707502107335,1.2302170569133482,-0.0006029544769369913,-0.0005557099194220616,65.0,0.9175824175824175,0.0,-0.01098901098901099,-0.000782472613458529,-0.015625,-0.01098901098901099,2.076923076923077,0.0054097375275495895,0.540973752754959,4.1463133640553,0.029953917050691243,2.944700460829493,2.141705069124424,4.195852534562212,3.425115207373272,4.100230414746544,-0.002304147465437788,0.14746543778801843,-0.1497695852534562,0.35135135135135137,1.0422535211267605,2.8047204270862602,0.25606090963734723,0.3918918918918919,54.484693877551024,0.06221198156682028,Energy
2003-09-30,HAL,2003,Q3,USD,0.06822565091610415,0.04918032786885246,0.08100289296046287,0.04918032786885246,0.03881388621022179,0.022179363548698167,0.013982642237222759,0.013982642237222759,1.037,3.947906026557712,5.287277701778386,1.656549520766773,0.30110336817653893,2.139301874595992,1.9030381383322559,0.01879513304975764,0.3949579831932773,45.487500000000004,0.37183242506812,0.37183242506812,2.9502655856863296,2.544141755062681,-22.74375,-32.77360248447205,0.1750871080139373,0.674308079396142,0.4027383536483553,0.3983179142136249,3.851272015655577,1.1880280681655448,-0.10407239819004525,-0.07762777242044358,1.4409937888198758,6.204545454545454,0.0,-7.318181818181818,-0.13349917081260365,-2.267605633802817,-1.634517766497462,0.9482758620689655,0.005211738730799481,0.5211738730799481,4.767816091954023,0.06666666666666667,2.7724137931034485,1.4045977011494253,4.214942528735632,3.4459770114942527,4.111494252873563,-0.3701149425287356,0.1632183908045977,-0.5333333333333333,0.36024844720496896,0.7892156862745098,2.9502655856863296,0.22855843306706086,0.391304347826087,34.94970238095238,0.06321839080459771,Energy
2003-12-31,HAL,2003,Q4,USD,0.07210834553440702,0.055453879941434844,0.07997803806734993,0.055453879941434844,0.04758418740849195,0.026720351390922402,-0.17331625183016106,-0.17331625183016106,1.8183028286189684,2.85472972972973,7.294964028776978,2.1631037212984956,0.3533596326715385,1.2104860898807703,1.1042494649954142,-0.06343632958801498,0.2774380923265057,-2.9788806758183735,0.0017177430714713018,0.0017177430714713018,4.43031016882607,2.0651537335285504,-29.385416666666668,-47.016666666666666,0.22343659057104054,1.3564978405967805,0.5756414528490503,0.5727943643072795,6.07106399685905,2.229294165646675,-0.03668602873738918,-0.043923865300146414,1.6,8.625,0.0,-6.0,-0.0694645441389291,-1.6666666666666667,-1.2060301507537687,-0.05807814149947202,0.004874158099964552,0.4874158099964552,6.2949308755760365,-1.0910138248847927,3.980414746543779,2.0910138248847927,3.0495391705069124,1.5057603686635945,2.934331797235023,-0.2764976958525346,0.16589861751152074,-0.4423963133640553,-3.6423076923076922,0.858085808580858,4.43031016882607,0.3061857497341368,0.35384615384615387,29.57437070938215,0.06336405529953917,Energy
2004-03-31,HAL,2004,Q1,USD,0.05047946444725891,0.031662746517097884,0.031662746517097884,0.031662746517097884,0.023701827392798986,0.013750678487425366,-0.011760448706350643,-0.011760448706350643,1.6217723004694835,2.4966698382492862,7.063257065948856,2.1785573512022074,0.33686840982507466,1.3380037555972843,1.2306803408926765,0.0048462929475587705,0.279214213491261,-50.97846153846154,0.5471838806196265,0.5471838806196265,5.361812297734628,2.398118328206984,-43.315032679738565,-75.3090909090909,0.24117754616931797,1.6007281553398058,0.6154923005132991,0.6141117702154231,6.637135922330097,2.9739036857680925,-0.025422504694496605,-0.031843676497195585,1.7386363636363635,5.478260869565218,0.0,-7.6521739130434785,-0.04447814000505433,-1.353846153846154,-0.9513513513513514,-0.8461538461538461,0.004149565427329792,0.4149565427329792,6.338302752293578,-0.07454128440366972,4.537844036697248,2.216743119266055,2.9610091743119265,1.1422018348623852,2.834862385321101,-0.2018348623853211,0.14908256880733944,-0.35091743119266056,-0.4961832061068702,0.7485714285714286,5.361812297734628,0.29854237083534524,0.37404580152671757,87.30514285714285,0.06307339449541284,Energy
2004-06-30,HAL,2004,Q2,USD,0.011887970985291155,-0.005238766874874068,0.019746121297602257,-0.005238766874874068,-0.01611928269192021,-0.011686479951642152,-0.13439451944388475,-0.13439451944388475,1.5398696866273658,2.349784379492094,6.61808367071525,1.935647425897036,0.31980153360396935,1.3948485291965462,1.2864042148397483,-0.03973073827467623,0.3263573832869896,-4.956379310344827,-0.0053865829120450705,-0.0053865829120450705,7.617292626728111,2.664440862381624,65.46346534653465,37.145,0.2545267091951801,2.275345622119816,0.694688709110095,0.6919801277501775,8.939516129032258,1.9702262802699484,0.05210010244402166,0.07173080797904494,0.5674157303370787,2.54,0.0,7.12,0.09012658227848101,2.311688311688312,1.7033492822966507,-0.08245877061469266,0.004159224176133313,0.4159224176133313,5.678489702517163,-0.7631578947368421,4.519450800915332,2.551487414187643,2.1189931350114417,0.30434782608695654,1.9862700228832952,0.4073226544622426,0.17620137299771166,0.2311212814645309,8.3375,3.076923076923077,7.617292626728111,0.29870791810411973,0.3625,152.48591836734693,0.06292906178489703,Energy
2004-09-30,HAL,2004,Q3,USD,0.08425443169968717,0.07132429614181439,0.07132429614181439,0.07132429614181439,0.06319082377476538,0.038790406673618355,-0.009176225234619395,-0.009176225234619395,1.842813220599539,1.859017781541067,5.925775978407557,1.8877952755905512,0.30047625015666124,1.3923458540042524,1.28731396172927,0.005223775236481717,0.42466335931963145,-83.86704545454546,0.8979847076000923,0.8979847076000923,8.791304347826088,3.0783315954118877,22.39848254931715,18.520200752823087,0.24714876550946233,2.349017272185825,0.7014049439800818,0.6987260003588731,9.504466944609886,1.7544822539334066,0.11296952515946138,0.1662148070907195,0.8268506900878294,4.62,0.0,15.94,0.202079107505071,5.77536231884058,4.129533678756476,-1.25,0.003726135793937915,0.3726135793937915,5.473744292237443,-0.0502283105022831,4.502283105022831,3.4200913242009134,2.045662100456621,0.23515981735159816,1.9166666666666667,0.9098173515981736,0.15753424657534246,0.752283105022831,-0.14521452145214522,0.8859649122807017,8.791304347826088,0.2671978103871116,0.36633663366336633,45.93157894736843,0.06278538812785388,Energy
2004-12-31,HAL,2004,Q4,USD,0.07739818567844045,0.06678247442578653,0.09283922022775526,0.06678247442578653,0.05732484076433121,0.03493534066782474,-0.03918162516888631,-0.03918162516888631,1.8033414549251654,2.043608379649423,6.61134163208852,2.0293772032902466,0.3279944289693593,1.4102491506228765,1.3078992072480182,-0.005784280367471929,0.39750849377123443,-24.21088669950739,-0.08113394608246134,-0.08113394608246134,4.999806714140386,3.794487550665895,-97.3229702970297,-401.20897959183674,0.24943023550265891,1.002034587995931,0.5005081300813008,0.4774750830564784,4.017293997965412,1.828803388633957,-0.006936579841449604,-0.009457633661455318,4.122448979591836,1.069164265129683,0.0,-0.14121037463976946,-0.012436548223350254,-0.3202614379084967,-0.23444976076555024,-0.27586206896551724,0.0028485333105450665,0.28485333105450666,5.1706586826347305,-0.2025948103792415,3.932135728542914,2.802395209580838,4.031936127744511,2.4451097804391217,3.9241516966067866,-0.04890219560878244,0.15269461077844312,-0.20159680638722555,-0.6835016835016835,0.8583815028901735,4.999806714140386,0.20041466506334935,0.37037037037037035,43.225031185031185,0.05588822355289421,Energy
2005-03-31,HAL,2005,Q1,USD,0.1170514378290806,0.11644390441474281,0.14175779667881733,0.11867152693398136,0.11016605913325232,0.07270149858242203,0.0739165654110976,0.0739165654110976,1.6824531516183987,1.8498090793381416,4.954545454545454,1.931924882629108,0.35767057800956104,1.5848619424599344,1.4149449700714423,0.05238400684199273,0.34987449314539487,14.844698630136985,-0.053016780821917804,-0.053016780821917804,4.996141078838174,4.389076549210206,-18.32059171597633,-20.81965417867435,0.28762856728958425,0.9153988012909174,0.4779155132988326,0.4174835504229891,3.1825726141078836,1.6662729880209213,-0.20100405483684108,-0.21081409477521262,1.1364073006724305,0.6160092807424594,0.0,-1.2076566125290022,-0.262150591790481,-7.330985915492958,-5.078048780487805,0.1726027397260274,0.0029068077437358294,0.2906807743735829,4.92814371257485,0.36427145708582837,3.963073852295409,1.8083832335329342,4.4431137724550895,2.8582834331337326,4.3293413173652695,-1.0389221556886228,0.14171656686626746,-1.1806387225548902,0.6709558823529411,0.9283276450511946,4.996141078838174,0.18322116746626949,0.31066176470588236,34.04608571428572,0.06287425149700598,Energy
2005-06-30,HAL,2005,Q2,USD,0.13558008909548713,0.11543676157272903,0.1400348634514817,0.11756730582994383,0.10749564206856478,0.07437536316095293,0.07592484989347278,0.07592484989347278,1.885682980277575,2.385355424906467,4.793770139634801,2.0247058823529414,0.3906628329297821,1.9096356663470757,1.6864813039309683,0.061726926736441486,0.3775167785234899,15.340216836734696,1.8408260204081601,1.8408260204081601,5.12320766773163,4.658814642649622,104.12753246753246,63.633492063492056,0.2686138014527845,0.7561235356762513,0.43056397816858705,0.3979225442421134,2.814909478168264,1.5131887456037514,0.09060402684563758,0.07321324811156305,0.6111111111111112,1.2729306487695748,0.0,0.8456375838926175,0.10647887323943662,2.5714285714285716,1.8,0.16071428571428573,0.002619165808162318,0.2619165808162318,5.13220675944334,0.38966202783300197,3.5288270377733597,1.565606361829026,4.779324055666004,3.3001988071570576,4.666998011928429,0.3757455268389662,0.14612326043737575,0.22962226640159045,0.7063063063063063,0.914332784184514,5.12320766773163,0.1475879145869243,0.2774774774774775,36.00063623789765,0.06262425447316103,Energy
2005-09-30,HAL,2005,Q3,USD,0.14444012441679627,0.1321928460342146,0.15649300155520995,0.13413685847589424,0.12674961119751166,0.09564541213063764,0.09700622083981338,0.09700622083981338,1.8030143708377147,2.5676779463243875,4.574844074844075,1.9769408147578786,0.3756115370573202,2.0063799621928164,1.7790642722117203,0.07595861229458307,0.501890359168242,17.370300601202405,0.6774417234468939,0.6774417234468939,6.484219188329904,6.740108864696734,94.4717166212534,62.81,0.256078860898138,0.6558818028801197,0.3960921617348091,0.34537218413320275,2.5612492986721525,1.27737770052148,0.13043478260869565,0.10730948678071539,0.6648550724637681,0.9810495626822158,0.0,0.8046647230320699,0.15739948674080412,2.983783783783784,2.216867469879518,0.1282565130260521,0.0018459167168525274,0.18459167168525276,5.08300395256917,0.49308300395256915,3.4654150197628457,2.0988142292490117,5.41501976284585,3.9545454545454546,5.283596837944664,0.5454545454545454,0.18280632411067194,0.36264822134387353,0.7653374233128835,0.9449275362318841,6.484219188329904,0.10115046759377834,0.20245398773006135,44.78772670807454,0.06324110671936758,Energy
2005-12-31,HAL,2005,Q4,USD,0.150207182320442,0.13449585635359115,0.15642265193370167,0.13449585635359115,0.12793508287292818,0.1899171270718232,0.1902624309392265,0.1902624309392265,1.8375634517766497,1.8729071537290716,5.164742917103882,2.187311178247734,0.3858760826115923,2.10209601081812,1.8873112463376156,0.14470740609914046,0.5388776200135227,7.182749546279492,0.05965334368943984,0.05965334368943984,4.9688575015693655,5.46642955801105,49.86072440944882,38.99206896551724,0.2129247168554297,0.5015693659761457,0.3340301003344482,0.30626020685900923,2.355618330194601,1.2661493059350748,0.1830065359477124,0.14019337016574585,0.7820197044334976,3.3472584856396868,0.0,2.1201044386422976,0.25406758448060074,4.5875706214689265,3.3692946058091287,0.05807622504537205,0.0020213786054761674,0.2021378605476167,5.667318982387475,1.0782778864970646,3.12720156555773,2.3395303326810177,6.376712328767123,4.879647749510763,6.234833659491194,0.7945205479452054,0.17318982387475537,0.6213307240704501,1.4871794871794872,0.9512195121951219,4.9688575015693655,0.10094259411096611,-0.5074224021592443,35.83505518763797,0.06262230919765166,Energy
2006-03-31,HAL,2006,Q1,USD,0.16218809980806143,0.1328214971209213,0.15527831094049904,0.14491362763915547,0.14337811900191938,0.08618042226487524,0.09366602687140115,0.08752399232245682,1.4392265193370166,1.7985166872682323,4.019337016574585,1.9476635514018692,0.34344100197758737,2.3399807784718885,2.0790485343584817,0.07561065422855039,0.5473330129745315,19.152786885245902,-0.34475016393442626,-0.34475016393442626,5.440372526193248,7.175861804222649,-356.05942857142855,679.7498181818181,0.2084377059986816,0.46012805587892897,0.31512856288618696,0.28898085876875323,2.207508731082654,0.9955096971434031,0.013214800576645843,0.01055662188099808,-1.9090909090909092,1.5013550135501355,0.0,0.14905149051490515,0.01739405439595193,0.34375,0.2320675105485232,0.15778688524590165,0.002059581279101616,0.2059581279101616,5.087890625,0.4765625,3.087890625,2.224609375,6.8583984375,6.10546875,6.7109375,0.0537109375,0.15625,-0.1025390625,0.6532797858099063,0.9894039735099338,5.440372526193248,0.08457657148726376,0.3413654618473896,47.305611866501856,0.0751953125,Energy
2006-06-30,HAL,2006,Q2,USD,0.14625788999098288,0.13706041478809738,0.1581605049594229,0.12948602344454463,0.1260595130748422,0.08981064021641118,0.10658250676284942,0.10658250676284942,1.7193798449612403,1.610204081632653,4.196808510638298,1.9989185291997116,0.3428341783108693,2.236195674994751,1.9993701448666807,0.08225751171027076,0.7711526348939743,16.106116751269035,0.773093604060914,0.773093604060914,5.195805131004367,6.866521190261497,29.042608695652174,24.85304177545692,0.19401508594039818,0.42822052401746724,0.29982801452321806,0.2744554455445545,2.207150655021834,0.9672917575228958,0.32164602141507453,0.2762849413886384,0.8557441253263708,1.778688524590164,0.0,4.185792349726776,0.48820905035054174,6.932126696832579,5.1237458193979935,0.1319796954314721,0.0020485958451324573,0.20485958451324573,5.40448343079922,0.5760233918128655,3.0584795321637426,3.5799220272904484,7.2329434697855755,6.478557504873295,7.1423001949317735,1.49317738791423,0.21539961013645223,1.2777777777777777,0.8454935622317596,0.9735376044568245,5.195805131004367,0.08241658669263656,0.32331902718168815,42.8048574686431,0.07602339181286549,Energy
2006-09-30,HAL,2006,Q3,USD,0.1855599382610187,0.1492025381581204,0.17012519293431658,0.16600926084719603,0.1646372834848225,0.10341279368890413,0.10478477105127765,0.10478477105127765,1.6911252900232019,1.6208191126279863,3.915086562242374,2.0218446601941746,0.3648023023023023,2.172479795831561,1.9145044661846022,0.08480969253628987,0.7547851977881752,11.768801145662847,3.412952332242219,3.412952332242219,4.057405840033855,4.932764534385183,27.289326375711575,22.26234520123839,0.17723973973973975,0.39963323458879957,0.2855271114694618,0.27913361805979253,2.2547608971646214,1.022892728708008,0.27477669076988515,0.22157434402332363,0.8157894736842105,7.636363636363637,0.0,14.681818181818182,0.4560536533709848,5.428571428571429,4.114649681528663,0.12438625204582651,0.002642288082411575,0.26422880824115746,5.7675568743818,0.6043521266073195,2.80217606330366,3.5103857566765577,7.156280909990109,6.3897131552917905,7.01186943620178,1.2779426310583581,0.2354104846686449,1.0425321463897133,0.6364583333333333,0.9917355371900827,4.057405840033855,0.09849476496673672,0.3333333333333333,28.27313508064516,0.0751730959446093,Energy
2006-12-31,HAL,2006,Q4,USD,0.17833109017496634,0.16470390309555855,0.18808882907133243,0.17547106325706596,0.17547106325706596,0.11221399730820995,0.11069986541049798,0.11069986541049798,1.722399304549406,7.456488549618321,3.873116574147502,1.9501312335958005,0.3533888228299643,2.365771102178972,2.0990057118679926,0.08858508391686118,0.9263803680981595,11.70273556231003,1.170273556231002,1.170273556231002,4.175921908893709,5.181965006729475,60.872727272727275,39.59074550128535,0.1683115338882283,0.3838123644251627,0.2773586754188302,0.2741586301909073,2.2803687635574836,0.9932325173364525,0.1645864184472181,0.13088829071332436,0.6503856041131105,29.807692307692307,0.0,29.923076923076923,0.27481455316142706,2.860294117647059,2.2420749279538903,0.11398176291793313,0.0024349384447561167,0.24349384447561165,5.991935483870968,0.6633064516129032,2.8538306451612905,4.414314516129032,7.886088709677419,7.104838709677419,7.435483870967742,0.7842741935483871,0.27419354838709675,0.5100806451612904,0.6308724832214765,1.0,4.175921908893709,0.09129395875538933,0.3288590604026846,26.166010733452595,0.07560483870967742,Energy
2007-03-31,HAL,2007,Q1,USD,0.25014611338398596,0.23027469316189364,0.23027469316189364,0.23027469316189364,0.22939801285797778,0.15458796025715957,0.16130917592051433,0.16130917592051433,0.0,3.472259810554804,1.7944055944055943,1.2407541696881799,0.194012926635673,2.306556408741878,2.0250049222287854,0.07055056295837207,0.43039968497735775,14.26,-0.9411600000000001,-0.9411600000000001,3.989619868220983,9.201075394506137,100.91692307692308,51.19687804878048,0.1585213743054768,0.35428281804358847,0.2616017964071856,0.26084106022290904,2.2349214394323367,0.5227619920562175,0.12108682811577082,0.17971946230274694,0.5073170731707317,48.09090909090909,0.0,55.90909090909091,0.21995708154506438,2.0297029702970297,1.626984126984127,0.1358695652173913,0.0023820050003048967,0.23820050003048968,3.4495967741935485,0.5564516129032258,2.818548387096774,3.067540322580645,8.02116935483871,7.423387096774194,7.955645161290323,0.6199596774193549,0.30544354838709675,0.31451612903225806,0.7031847133757961,0.9961928934010152,3.989619868220983,0.08880114641136655,0.32993630573248406,40.731065989847714,0.07560483870967742,Energy
2007-06-30,HAL,2007,Q2,USD,0.24792503346720215,0.2390896921017403,0.2390896921017403,0.2390896921017403,0.23721552878179383,0.15930388219544847,0.40963855421686746,0.40963855421686746,0.0,3.2815420560747666,1.8726666666666667,1.25,0.31153557427642004,3.3573407202216066,2.664819944598338,0.2755775577557756,0.6223453370267775,5.10171568627451,0.025282838799236516,0.025282838799236516,5.329890747695459,8.359437751004016,1007.1774193548387,76.15243902439025,0.23313036950537994,0.47712529873677023,0.3230093609152895,0.3221476510067114,2.0466029361556846,0.6361778231987736,0.18928901200369344,0.10977242302543508,0.07560975609756097,55.36363636363637,0.0,37.27272727272727,0.14669051878354203,1.0817941952506596,0.8893709327548807,0.05359477124183006,0.0026263111538153572,0.2626311153815357,4.12707182320442,1.6906077348066297,3.088397790055249,2.456353591160221,6.551381215469613,5.895027624309392,6.47292817679558,0.4530386740331492,0.41878453038674035,0.03425414364640884,1.72686230248307,0.9921612541993281,5.329890747695459,0.08951877652334055,0.32054176072234764,36.58398656215006,0.09060773480662983,Energy
2007-09-30,HAL,2007,Q3,USD,0.24745417515274948,0.23167006109979632,0.23167006109979632,0.23167006109979632,0.22810590631364563,0.18482688391038696,0.18508146639511203,0.18508146639511203,0.0,3.7042606516290726,1.8948717948717948,1.177105184297273,0.31502125270671266,3.2957553628480145,2.583751711547239,0.14121643481074087,0.3354632587859425,11.753507565337001,-0.2309700905281341,-0.2309700905281341,5.515442956269163,8.701425661914461,95.74005602240898,46.25060893098783,0.22503809447429626,0.4527997418105535,0.31167388648228367,0.31090848437673746,2.0121026303049865,0.7750591949486977,0.3372889091738932,0.18813645621181263,0.48308525033829497,75.8,0.0,73.9,0.26336421952957945,1.9345549738219896,1.6065217391304347,0.10729023383768914,0.0022820896919764065,0.22820896919764064,4.463636363636364,0.8261363636363637,3.1886363636363635,2.1488636363636364,7.144318181818182,6.3136363636363635,7.0420454545454545,0.8397727272727272,0.4340909090909091,0.4056818181818182,0.8113839285714286,0.9846153846153847,5.515442956269163,0.08209671379084355,0.16964285714285715,39.83538461538461,0.08863636363636364,Energy
2007-12-31,HAL,2007,Q4,USD,0.2357023211294568,0.21703756879636277,0.25675999042833214,0.21703756879636277,0.21368748504426896,0.16128260349365878,0.16511127063890882,0.16511127063890882,0.0,4.158854166666667,2.189170664838931,1.1512396694214877,0.31815759421393225,3.1410203235172127,2.5358772293654086,0.1386234817813765,0.7660721692243883,11.991097826086955,-2.4881527989130467,-2.4881527989130467,4.820190795222837,7.919461593682699,74.70751693002256,34.40273388773388,0.21210506280928818,0.40576755024759686,0.28864484044757566,0.27673022226904037,1.9130498106612293,0.820054945054945,0.3990045624222314,0.23019861210815984,0.4604989604989605,5.415094339622642,0.0,6.050314465408805,0.34529791816223976,1.8535645472061657,1.608695652173913,0.1144927536231884,0.002387036518335009,0.2387036518335009,4.786941580756014,0.7903780068728522,3.191294387170676,2.5601374570446733,7.972508591065292,7.06758304696449,7.864833906071019,1.1019473081328752,0.5945017182130584,0.5074455899198167,0.7726763717805151,0.9845644983461963,4.820190795222837,0.0841808068364726,0.2374020156774916,31.71894687791239,0.09049255441008018,Energy
2008-03-31,HAL,2008,Q1,USD,0.21916108215438074,0.2149416728716803,0.25564656242243733,0.21022586249689748,0.20551005212211468,0.14544551998014396,0.14494911888806156,0.14395631670389675,0.0,3.4685777287761854,1.900906344410876,1.046221760581667,0.3022959183673469,3.1007252215954875,2.4339242546333604,0.12131041193642556,0.8033843674456084,14.79925941780822,-0.8993396107744995,-0.8993396107744995,4.895365335598981,8.580558451228592,259.93285714285713,65.84965714285714,0.20978391356542617,0.3959218351741716,0.2836275106512477,0.2709064629361966,1.8872840555083545,0.7765998457979953,0.21152296535052378,0.1303052866716307,0.25333333333333335,3.7009345794392523,20.166666666666668,3.052325581395349,0.18776824034334763,1.3392857142857142,1.1122881355932204,0.136986301369863,0.0023140735881186205,0.23140735881186206,4.583617747440273,0.664391353811149,3.2286689419795223,2.2684869169510806,8.147895335608647,7.234357224118316,8.034129692832764,0.5972696245733788,0.4459613196814562,0.15130830489192265,0.7053140096618358,0.9775678866587958,4.895365335598981,0.0808768719047458,0.28743961352657005,34.342786407766994,0.09101251422070535,Energy
2008-06-30,HAL,2008,Q2,USD,0.2217517272119456,0.21305995096946734,0.25273010920436817,0.21149988856697124,0.20436817472698907,0.13951415199465123,0.11299309115221752,0.11232449297971919,0.0,3.660377358490566,2.011520737327189,1.0822479498311626,0.31940489749430523,3.048733691481197,2.3825786646201075,0.10765362250510765,0.7214121258633922,22.897559171597635,-1.8890486316568031,-1.8890486316568031,6.122116018457482,10.349063962558501,3095.75,100.94836956521739,0.1989607061503417,0.3684904416611734,0.26926782273603084,0.25270935960591134,1.852076466710613,0.8503743011465934,0.17651573292402148,0.1025183864497437,0.03260869565217391,3.110294117647059,22.595238095238095,2.0,0.16457960644007155,1.0337078651685394,0.8795411089866156,0.15384615384615385,0.0016797221997900348,0.16797221997900347,5.128,0.5794285714285714,3.2422857142857144,2.1485714285714286,8.782857142857143,7.825142857142857,8.668571428571429,0.5257142857142857,0.5085714285714286,0.017142857142857144,0.5528898582333697,0.9662802950474183,6.122116018457482,0.060190045492476245,0.31406761177753545,41.75595238095238,0.08914285714285715,Energy
2008-09-30,HAL,2008,Q3,USD,0.23243354626004534,0.21697918813105296,0.25674840304966,0.21656707191427982,0.06696888522563363,0.1390892231609314,-0.004327220276117865,0.1384710488357717,0.0,3.8641078838174274,2.0422149122807016,1.0935105903560163,0.3504983388704319,2.910707230343738,2.190043461082576,0.02704827803113697,0.3844330304227578,-340.095,3.2668946671083146,3.2668946671083146,3.8465032987747407,5.886663919225222,147.25762886597937,43.15404833836858,0.2001300014444605,0.37309815537902247,0.27171994508727204,0.2584123814278582,1.8642789820923658,0.9539066339066339,0.2615566969577242,0.13641046775190604,0.2930513595166163,4.1422018348623855,30.02857142857143,3.6174863387978142,0.23890292313244316,1.4145299145299146,1.2058287795992715,-3.857142857142857,0.002835342225806655,0.2835342225806655,5.5022675736961455,-0.023809523809523808,3.18140589569161,1.1031746031746033,8.488662131519275,7.350340136054422,8.420634920634921,0.7505668934240363,0.5306122448979592,0.2199546485260771,-0.06461538461538462,0.30922930542340626,3.8465032987747407,0.09699670750259556,1.0553846153846154,24.370770465489567,0.09183673469387756,Energy
2008-12-31,HAL,2008,Q4,USD,0.24928716904276985,0.09694501018329939,0.13828920570264766,0.2368635437881874,0.22260692464358453,0.15804480651731162,0.09531568228105906,0.09531568228105906,0.0,4.10467706013363,2.016411378555799,1.0267670430782099,0.3413277719847063,2.664868752247393,2.0075512405609492,0.10103900015057973,0.40417116145271487,8.691826923076922,-0.003804072835035505,-0.003804072835035505,2.1062912621359224,3.3138696537678207,-112.99375,15.843330087633884,0.1815780326729232,0.33812297734627833,0.2526845312953468,0.25080011638056443,1.862135922330097,1.0373969997887176,0.3692916217188062,0.20916496945010182,-0.14021421616358326,12.961538461538462,0.0,39.5,0.3931852986217458,0.8770281810418445,0.820943245403677,0.17094017094017094,0.004916692786597096,0.4916692786597095,5.4860335195530725,0.5229050279329609,2.918435754189944,1.2558659217877095,8.652513966480447,7.454748603351955,8.631284916201118,1.1474860335195531,1.3083798882681563,-0.16089385474860335,0.4281793229643184,0.939810834049871,2.1062912621359224,0.16053001948239518,0.312900274473925,26.15478645066274,0.0893854748603352,Energy
2009-03-31,HAL,2009,Q1,USD,0.17097517276682878,0.1568978756078833,0.21192730995648834,0.1576657281801894,0.14333248016380856,0.0975172766828769,0.09674942411057078,0.09674942411057078,0.0,3.705949656750572,1.7092348284960421,0.7576110141555168,0.24081607495069032,3.821964821964822,3.009009009009009,0.0729487021773896,1.2728442728442728,9.17763888888889,-0.47723722222222204,-0.47723722222222204,1.7186759970274956,3.5517251087791144,-101.28897810218979,36.42149606299213,0.2839620315581854,0.5705969779539262,0.36329942433562024,0.36184002529244386,2.009412930393857,0.697180585296217,0.16344916344916344,0.0975172766828769,-0.35958005249343833,7.914634146341464,11.622641509433961,13.137931034482758,0.08270023876709355,0.7355212355212355,0.6360601001669449,0.21428571428571427,0.005837168929830743,0.5837168929830744,4.355629877369008,0.4214046822742475,5.195094760312152,3.3076923076923075,9.024526198439242,7.8249721293199554,9.001114827201784,0.42474916387959866,0.5774804905239688,-0.1527313266443701,0.675,0.9090909090909091,1.7186759970274956,0.3319979908608671,0.3196428571428571,18.73984299516908,0.0903010033444816,Energy
2009-06-30,HAL,2009,Q2,USD,0.14968517458500286,0.13308528906697195,0.19719519175729822,0.13623354321694334,0.10961648540354894,0.07613050944476245,0.07584430452203778,0.07498568975386377,0.0,3.9350993377483445,1.6217248908296944,0.6522307261526974,0.2154794942954055,3.6072072072072072,2.781981981981982,0.06196933215055126,0.7063063063063063,17.536415094339624,-0.6137745283018868,-0.6137745283018868,2.2393205637874956,5.320148826559817,90.6760975609756,29.181475667189954,0.282022818378045,0.5508974822310565,0.35521205530526645,0.35521205530526645,1.9533791109504879,0.5650978489406437,0.28693693693693695,0.18231253577561535,0.3218210361067504,5.247706422018348,5.804878048780488,23.59259259259259,0.13929586704570304,1.474537037037037,1.2417153996101364,0.30566037735849055,0.004357509441270456,0.4357509441270456,3.89086859688196,0.2951002227171492,5.1837416481069045,2.584632516703786,9.269487750556793,8.080178173719377,9.243875278396436,0.7093541202672605,0.48106904231625836,0.22828507795100222,0.6919060052219321,0.8046218487394958,2.2393205637874956,0.24746349913387775,0.30548302872062666,31.340493468795355,0.09020044543429843,Energy
2009-09-30,HAL,2009,Q3,USD,0.1454849498327759,0.1318283166109253,0.19816053511705686,0.13210702341137123,0.10953177257525083,0.07497212931995541,0.07302118171683389,0.07302118171683389,0.0,3.8325,1.7867132867132867,0.6448598130841121,0.21962416600355023,3.983058608058608,3.1973443223443225,0.06442468754026542,0.766941391941392,23.341832061068704,-7.002549618320613,-7.002549618320613,2.861415370218739,6.817792642140469,181.20177777777778,39.97098039215687,0.27991675338189387,0.5349163644870745,0.3484987044657827,0.3484987044657827,1.9109837407883963,0.5832723725920507,0.2802197802197802,0.1705685618729097,0.22058823529411764,7.3375,5.925,0.0,0.13382899628252787,1.2830188679245282,1.096774193548387,0.30916030534351147,0.003311225791260326,0.3311225791260326,3.977827050997783,0.29046563192904656,5.158536585365853,3.5365853658536586,9.507760532150776,8.296008869179602,9.477827050997783,0.6784922394678492,0.5288248337028825,0.14966740576496673,0.6666666666666666,0.8291139240506329,2.861415370218739,0.18694117954856138,0.3155216284987277,38.48135021097046,0.08980044345898004,Energy
2009-12-31,HAL,2009,Q4,USD,0.13103635377102552,0.11611502984264786,0.11611502984264786,0.11611502984264786,0.09386869234943028,0.06728160607704829,0.06592512208355941,0.06592512208355941,0.0,4.0698856416772555,2.004380475594493,0.6400416739017191,0.22288063852944734,2.989961924541364,2.4368293527172034,0.06387353810564195,0.7206645898234684,27.95398148148148,-4.05332731481482,-4.05332731481482,3.113115261228231,7.371478567552903,89.97109271523179,35.014523195876286,0.2765751602370299,0.5240604949587534,0.343858066456172,0.30465264499681327,1.8948212648945921,0.6011089367253751,0.2686050536517826,0.21052631578947367,0.38917525773195877,0.39663461538461536,5.219512195121951,1.0346666666666666,0.16965456930476608,1.6371308016877637,1.3981981981981981,0.3333333333333333,0.002981089952733163,0.29810899527331625,4.081949058693245,0.2691029900332226,5.156146179401993,3.758582502768549,9.69767441860465,8.479512735326688,9.665559246954595,0.8593576965669989,0.5249169435215947,0.3344407530454042,0.7023121387283237,0.8084112149532711,3.113115261228231,0.16833957338026526,0.2832369942196532,69.30670560747663,0.08970099667774087,Energy
2010-03-31,HAL,2010,Q1,USD,0.13347513959053442,0.10954533368784898,0.1789417708056368,0.11938314278117522,0.08854028183993619,0.05636798723743685,0.05477266684392449,0.05477266684392449,0.0,3.3807053941908713,1.96562123039807,0.6289297658862876,0.22149587750294464,2.802543720190779,2.275357710651828,0.05822942643391521,0.4397456279809221,33.091808252427185,-2.2336970570388353,-2.2336970570388353,3.053146344194379,7.2501063546929005,-313.4212643678161,86.01782334384858,0.22520612485276797,0.42817153734184304,0.29980399843198746,0.29980399843198746,1.9012428619415518,0.6587843755473813,0.10079491255961844,0.08428609412390321,-0.2744479495268139,0.6658624849215923,5.6835443037974684,0.4226666666666667,0.08289748953974896,0.7846534653465347,0.6536082474226804,0.3932038834951456,0.0029705530179535092,0.2970553017953509,4.155801104972376,0.2276243093922652,4.312707182320442,3.525966850828729,9.900552486187845,8.643093922651934,9.868508287292817,0.35027624309392263,0.44640883977900553,-0.09613259668508287,0.6186186186186187,0.7416481069042317,3.053146344194379,0.16774456177925123,0.3633633633633634,44.14361069836553,0.08950276243093923,Energy
2010-06-30,HAL,2010,Q2,USD,0.17369500797811716,0.17232733074994303,0.2343286984271712,0.17369500797811716,0.15431958057898337,0.10873033963984499,0.10941417825393207,0.10941417825393207,0.0,3.3910196445275957,2.0514997170345217,0.7104453441295546,0.25011402508551883,2.7761689291101055,2.243137254901961,0.0922020598332516,0.34992458521870284,11.58453125,0.08881473958333333,0.08881473958333333,2.3780925906126376,5.070047868702986,556.0575,45.300000000000004,0.26077537058152794,0.48904094942799103,0.3284267968693904,0.2902026257873568,1.875334117395488,0.7591935623431686,0.14811463046757165,0.11192158650558469,0.0814663951120163,0.9987937273823885,9.645569620253164,0.6546666666666666,0.10734586794927853,1.0886917960088691,0.9212007504690432,0.17083333333333334,0.0036866690944731438,0.3686669094473144,4.842163355408388,0.5298013245033113,5.135761589403973,3.4161147902869757,10.357615894039736,9.108167770419426,10.323399558498897,0.5419426048565121,0.4977924944812362,0.04415011037527594,0.7090103397341211,0.8884514435695539,2.3780925906126376,0.20564420046487997,0.29542097488921715,24.95749027237354,0.09050772626931568,Energy
2010-09-30,HAL,2010,Q3,USD,0.17534833869239014,0.1757770632368703,0.23665594855305466,0.17534833869239014,0.15755627009646303,0.10418006430868167,0.11661307609860665,0.11661307609860665,0.0,3.51324200913242,2.0365272631021702,0.7192414431082331,0.2563468513023409,2.765076507650765,2.1983198319831985,0.09922109047333733,0.5625562556255626,13.829825367647059,1.0471153492647063,1.0471153492647063,3.058302845528455,6.450953912111468,-10031.233333333334,54.32075812274369,0.25134630179140566,0.46483739837398375,0.3173303732482309,0.27985948477751754,1.849390243902439,0.7926259451193611,0.16621662166216622,0.1187566988210075,-0.005415162454873646,1.031363088057901,10.354430379746836,0.7386666666666667,0.12111937035417578,0.9946140035906643,0.86697965571205,0.15073529411764705,0.00272482280344391,0.27248228034439104,5.126373626373627,0.5978021978021978,5.113186813186813,3.0274725274725274,10.827472527472528,9.44945054945055,10.813186813186814,0.6087912087912087,0.6120879120879121,-0.0032967032967032967,0.7401360544217687,0.8985330073349633,3.058302845528455,0.15199194515795664,0.33877551020408164,29.703532608695653,0.09010989010989011,Energy
2010-12-31,HAL,2010,Q4,USD,0.2,0.20251937984496124,0.261046511627907,0.18992248062015504,0.17635658914728683,0.12151162790697674,0.11724806201550388,0.11724806201550388,0.0,3.624231782265145,2.1278350515463917,0.7541654486992108,0.28201344482702084,3.2230685527747553,2.519405150525934,0.11466498103666245,0.5070729053318824,15.370301652892561,1.5370301652892546,1.5370301652892546,3.585860406825412,7.208552325581396,192.7260621761658,43.76015294117647,0.20899601027490847,0.36864937819338667,0.26935268014369235,0.26935268014369235,1.7639062951894342,0.8591408591408591,0.30830612985128764,0.16472868217054262,0.22705882352941176,7.881481481481481,7.2592592592592595,0.0,0.22228033472803346,1.2937595129375952,1.1502029769959405,0.13553719008264462,0.0022045304175461267,0.22045304175461267,5.66410537870472,0.6641053787047201,4.345773874862788,2.2513721185510427,11.401756311745334,9.958287596048299,11.386388583973655,0.9330406147091108,0.721185510428101,0.21185510428100987,0.6648351648351648,0.9285714285714286,3.585860406825412,0.10280639410605351,0.310989010989011,29.415092798812175,0.09001097694840834,Energy
2011-03-31,HAL,2011,Q1,USD,0.1684967815221507,0.15354032563422945,0.21412343809163195,0.1541082923135176,0.14028776978417265,0.096932979931844,0.09674365770541461,0.09674365770541461,0.0,3.2011661807580176,2.0924249642686994,0.7287527593818984,0.278146392838336,3.092840013703323,2.3737581363480644,0.10322981366459627,0.35286056868790683,22.286575342465756,-1.4709139726027403,-1.4709139726027403,4.17006224826071,8.62433926542976,-327.72489208633095,80.62612389380531,0.20136914165350184,0.3500549249359209,0.25928939517222677,0.25928939517222677,1.738374221896741,0.8632129432913875,0.1935594381637547,0.10696705793260129,-0.24601769911504426,12.885714285714286,11.628571428571428,0.0,0.1477510460251046,0.8025568181818182,0.7188295165394402,0.16046966731898238,0.0018000709491378978,0.1800070949137898,5.7789934354485775,0.5590809628008753,4.260393873085339,2.0590809628008753,11.969365426695843,10.521881838074398,11.951859956236325,0.6181619256017505,0.7702407002188184,-0.15207877461706784,0.689608636977058,0.9103194103194103,4.17006224826071,0.08394477206711368,0.3090418353576248,42.747798408488066,0.08971553610503283,Energy
2011-06-30,HAL,2011,Q2,USD,0.2092670598146588,0.19511373209772537,0.2508845829823083,0.19561920808761585,0.18416175231676496,0.12485256950294861,0.12451558550968829,0.12451558550968829,0.0,3.01994851994852,2.0997762863534675,0.7782585890375032,0.2974042894367609,3.0132659507264687,2.3073278584965258,0.1289467341528079,0.4542008843967151,15.803788903924222,0.3540048714479026,0.3540048714479026,4.012712592338086,7.871272114574558,449.1923076923077,56.76306196840826,0.19162156744838646,0.328465899330012,0.24725203672572094,0.24725203672572094,1.7141384641814121,0.95089321477209,0.25994946304485156,0.13866891322662173,0.12636695018226002,2.2250489236790605,17.861538461538462,1.845291479820628,0.21521966527196654,1.144645340751043,1.0261845386533666,0.11231393775372124,0.0017766932100351058,0.17766932100351057,6.479257641921397,0.8067685589519651,4.245633187772926,2.0622270742358078,12.72707423580786,11.232532751091703,12.709606986899564,0.898471615720524,0.7849344978165939,0.11353711790393013,0.67612076852699,0.9414298018949182,4.012712592338086,0.09140337357650484,0.3220494053064959,32.976494291470786,0.0906113537117904,Energy
2011-09-30,HAL,2011,Q3,USD,0.21548564447159438,0.20219914477703116,0.25412339645693344,0.2034208918753818,0.19257788637751985,0.12981062919975564,0.10430665852168601,0.10430665852168601,0.0,2.9642238892094634,2.1297678275290215,0.8192168147128738,0.30880965855498965,2.8189277899343543,2.1591903719912473,0.11588128681468056,0.48550328227571116,10.277598828696926,-1.1892650073206437,-1.1892650073206437,2.272082861304418,4.288087965791081,118.47426160337552,28.71002044989775,0.18034333144689682,0.3094351836866807,0.23631195155110618,0.23631195155110618,1.7158116200032367,1.0055282555282554,0.2675054704595186,0.14935858277336592,0.24233128834355827,1.5682102628285357,20.181818181818183,1.334242837653479,0.2557531380753138,1.319838056680162,1.1883353584447145,0.12005856515373353,0.0029203943244629324,0.2920394324462932,7.1173913043478265,0.7423913043478261,4.228260869565218,2.364130434782609,13.452173913043477,11.959782608695653,13.432608695652174,1.0630434782608695,0.8054347826086956,0.2576086956521739,0.5416336241078509,0.9466966966966966,2.272082861304418,0.1622955723972876,0.3259318001586043,18.105408653846155,0.0891304347826087,Energy
2011-12-31,HAL,2011,Q4,USD,0.21191959229898075,0.2020101925254813,0.2541053227633069,0.20243488108720273,0.1916761041902605,0.12839750849377124,0.1282559456398641,0.1282559456398641,0.0,3.0487404162102956,2.166147859922179,0.8318417333961375,0.29834860835409893,2.8092695947585535,2.1856345547197282,0.1217856801453016,0.6546954622664402,8.770339403973509,0.27041879828918314,0.27041879828918314,2.4082217002576147,4.499392695356739,60.08262759924386,24.115106221547798,0.20357308780673228,0.365206849522655,0.2675102675102675,0.2675102675102675,1.7939839369601456,1.0015596200198498,0.31982528512496966,0.18657984144960363,0.4013657056145675,1.441711229946524,19.589041095890412,1.5290023201856149,0.27344398340248965,1.670468948035488,1.511467889908257,0.09161147902869757,0.0026114006200031402,0.26114006200031403,7.6699239956568945,0.9837133550488599,5.312703583061889,3.0922909880564604,14.349619978284473,12.42128121606949,14.330076004343105,1.4310532030401737,0.8566775244299675,0.5743756786102063,0.6691285081240768,0.9468531468531468,2.4082217002576147,0.17877082316696194,0.33013293943870015,18.888974930362117,0.09011943539630836,Energy
2012-03-31,HAL,2012,Q1,USD,0.20442632498543972,0.14822364589400117,0.20428072218986604,0.14895165987186954,0.13715783343040186,0.09289458357600466,0.09129295282469424,0.09129295282469424,0.0,2.815043791859866,1.8737997256515775,0.7719455996403282,0.27841738284417056,2.788399071925754,2.111832946635731,0.09366901147723065,0.6160092807424594,12.214661084529505,-0.39901226209463064,-0.39901226209463064,2.2128264952325916,4.460449912638322,-638.2160416666666,41.73619891008174,0.19539484352197178,0.3481652701531349,0.25825117873981995,0.25825117873981995,1.7818549552152556,0.905829596412556,0.17030162412993038,0.10687245195107746,-0.0653950953678474,2.436807095343681,13.460526315789474,1.9573333333333334,0.15228215767634853,0.9386189258312021,0.8485549132947977,0.13237639553429026,0.002709375123431623,0.2709375123431623,7.440953412784399,0.6793066088840737,5.304442036836403,2.876489707475623,15.020585048754063,12.890574214517876,14.998916576381365,0.7952329360780065,0.847237269772481,-0.05200433369447454,0.6656050955414012,0.9208211143695014,2.2128264952325916,0.16958076826779858,0.3227176220806794,23.378025659301493,0.08992416034669556,Energy
2012-06-30,HAL,2012,Q2,USD,0.18067459220348356,0.16394802322366603,0.22007188277578105,0.1660215648327343,0.15261266242742605,0.10326237213160078,0.10188001105888858,0.10188001105888858,0.0,2.805016564126834,1.7976948741279952,0.7726156146534231,0.2828985960658559,2.822972972972973,2.0804054054054055,0.10381471389645777,0.4891891891891892,8.898358208955223,0.5042402985074625,0.5042402985074625,1.8041513067400274,3.626259330937241,-56.05205128205128,65.41735660847881,0.1884947792421102,0.3314993122420908,0.24896694214876033,0.24896694214876033,1.758665749656121,0.915580306290343,0.09031531531531531,0.055432679015758914,-1.167082294264339,15.060975609756097,14.646341463414634,0.0,0.08319502074688796,0.4614499424626007,0.42077649527806926,0.11397557666214382,0.003202151846040539,0.32021518460405396,7.829004329004329,0.7976190476190477,5.305194805194805,2.3506493506493507,15.758658008658008,13.60930735930736,15.735930735930737,0.43398268398268397,0.9404761904761905,-0.5064935064935064,0.667572463768116,0.9192339716902581,1.8041513067400274,0.18374252259423093,0.3233695652173913,18.140929648241205,0.09090909090909091,Energy
2012-09-30,HAL,2012,Q3,USD,0.14358036844325692,0.13345521023765997,0.19054985234144284,0.13415834622415976,0.123330052032063,0.08578259035297427,0.0846575727745746,0.0846575727745746,0.0,2.851123595505618,1.7208250918338515,0.7347592477784666,0.2702569169960474,2.7764245324053936,2.0067420617659852,0.09063933099541407,0.44193127446715963,12.975813953488373,-0.6920434108527133,-0.6920434108527133,2.0599789029535867,4.39400365630713,-347.1751111111111,40.16164524421594,0.18318637883855274,0.3177742616033755,0.24114468681208726,0.24114468681208726,1.734704641350211,0.8745541753781823,0.1692040017398869,0.10940795949936717,-0.11568123393316196,15.11111111111111,13.25,0.0,0.16141078838174275,0.8963133640552995,0.8180862250262881,0.1378737541528239,0.0026563604149811046,0.26563604149811043,7.662715517241379,0.6487068965517241,5.271551724137931,2.189655172413793,16.369612068965516,14.133620689655173,16.344827586206897,0.8383620689655172,0.9353448275862069,-0.09698275862068965,0.6864310148232611,0.9192872117400419,2.0599789029535867,0.1542609301229991,0.30444697833523376,25.117166051660515,0.0894396551724138,Energy
2012-12-31,HAL,2012,Q4,USD,0.14458161865569272,0.1336076817558299,0.19272976680384088,0.1345679012345679,0.12331961591220851,0.08120713305898491,0.09176954732510288,0.09176954732510288,1.2597200622083982,3.0553650171484565,1.9573132454488387,0.7107341327873647,0.2659613279824881,2.753787878787879,2.0833333333333335,0.09466437177280551,0.5227272727272727,12.04297832585949,1.1182765588298116,1.1182765588298116,2.044212496035522,4.420714677640603,46.43661383285302,18.510631820792646,0.17584823057278365,0.30574056454170634,0.23415108088413894,0.23415108088413894,1.738661592134475,0.8835292691794934,0.36637205387205385,0.23882030178326474,0.39862148190695,1.0925373134328358,13.08,1.8720430107526882,0.3612033195020747,1.6628462273161413,1.5407079646017698,0.12406576980568013,0.0025754793882522766,0.25754793882522764,7.847147470398277,0.7201291711517761,5.2691065662002154,2.9644779332615716,16.996770721205596,14.698600645855759,16.969860064585575,1.8740581270182992,1.1270182992465017,0.7470398277717977,0.7441601779755284,0.9164118246687054,2.044212496035522,0.17842176484880232,0.3414905450500556,24.600007117437723,0.08934337997847147,Energy
2013-03-31,HAL,2013,Q1,USD,0.13966160022942356,-0.01605965012905076,0.04817895038715228,-0.014052193862919416,-0.02624032119300258,-0.0015772870662460567,-0.0025810151993117293,-0.0025810151993117293,1.1230273752012883,2.7309968138370504,1.84218606079214,0.663621657626796,0.25191446322785727,2.818688384054865,2.120660094299186,0.035992299322005525,0.4348478354050579,-516.3170833333334,5.0283822534830245,5.0283822534830245,2.3663163590070018,5.330488958990537,-110.639375,106.5181375358166,0.17410778789192313,0.3068109484404838,0.23477837311251826,0.23477837311251826,1.7621896880967536,0.8292508917954816,0.0747963994856408,0.050043016919988526,-0.9627507163323782,7.154929577464789,-1.380281690140845,0.0,0.07240663900414938,0.5094890510948905,0.43570536828963796,-6.444444444444445,0.0031203908666159333,0.31203908666159336,7.490870032223416,-0.01933404940923738,5.253490870032223,2.4951664876476904,16.903329752953812,14.627282491944147,16.87432867883996,0.3748657357679914,0.7357679914070892,-0.3609022556390977,0.09836065573770492,1.8673469387755102,2.3663163590070018,0.12965762049214483,0.9398907103825137,118.94592261904762,0.12459720730397422,Energy
2013-06-30,HAL,2013,Q2,USD,0.14637146371463713,0.13297799644663114,0.1977586442531092,0.14199808664753313,0.13079130791307914,0.08828754954216209,0.0927975946426131,0.08801421347546809,1.1506526183362165,2.7747667703243004,1.8695001496557917,0.6804612666232679,0.26706328929118917,2.66857263871241,1.9610334603981363,0.0960993498916486,0.2990258365099534,14.457382179675994,-0.003723841933374439,-0.003723841933374439,2.554400858704138,5.366441164411644,95.53832116788321,34.9966577540107,0.17592525001824952,0.31355711683580534,0.23870839936608557,0.23870839936608557,1.7823315118397085,0.8942254812098992,0.23761118170266837,0.15334153341533416,0.3663101604278075,16.492957746478872,14.633802816901408,0.0,0.23278008298755187,1.5780590717299579,1.3583535108958837,0.16936671575846834,0.002928723776780314,0.29287237767803137,7.91027027027027,0.7340540540540541,5.287567567567567,1.6843243243243242,16.64864864864865,14.361081081081082,16.618378378378377,1.212972972972973,0.7686486486486487,0.44432432432432434,0.709508881922675,0.9210779595765158,2.554400858704138,0.12275172699200967,0.2884012539184953,29.49153420870767,0.12432432432432433,Energy
2013-09-30,HAL,2013,Q3,USD,0.15899357601713063,0.14668094218415417,0.21105460385438973,0.14828693790149894,0.13450214132762311,0.09488758029978586,0.09448608137044968,0.09448608137044968,1.127678840929671,2.7585601404741,1.8487790526625478,0.6824367522148141,0.2673536567911836,2.7068458630827386,1.993070138597228,0.07845340383344349,0.3131037379252415,15.174752124645892,1.846261508498581,1.846261508498581,3.3510713168595556,5.735211456102784,107.40225563909775,39.75278293135436,0.2796622298554458,0.6111979981232405,0.37934381673461465,0.37934381673461465,2.1854863934939006,0.9335915536952584,0.22637547249055018,0.14427194860813705,0.37012987012987014,14.076923076923077,12.175824175824175,0.0,0.1379222108495394,1.5876288659793814,1.373248407643312,0.1501416430594901,0.002473543584538019,0.2473543584538019,8.395505617977529,0.7932584269662921,8.884269662921348,1.8325842696629213,14.402247191011236,12.014606741573033,14.368539325842697,1.2112359550561798,0.7629213483146068,0.44831460674157303,0.7024875621890547,0.9070397111913358,3.3510713168595556,0.18238883638442602,0.2945273631840796,31.184844641724794,0.11910112359550562,Energy
2013-12-31,HAL,2013,Q4,USD,0.1620630972640398,0.14988872889121613,0.21494960073308025,0.14975782170441157,0.13614347427673779,0.1010603482131169,0.10380939913601257,0.10380939913601257,1.2358841611389744,2.706553911205074,1.9367624810892587,0.6761972205010179,0.26140368887520105,2.726621567847195,2.069040986868285,0.0826499231163506,0.4687624353362515,13.58346469104666,0.7664955075662041,0.7664955075662041,3.1725756571681023,5.6403652310511845,41.46944177093359,22.70113277133825,0.26746056188618555,0.5755099035417127,0.36528485301677804,0.36528485301677804,2.1517561298873424,0.909080090443889,0.37763629128531634,0.24846184055504647,0.5474183350895679,14.020408163265307,11.673469387755102,0.0,0.24283520982599796,2.209545983701979,1.922998986828774,0.1614123581336696,0.0029707508688866066,0.29707508688866063,8.997644287396938,0.934040047114252,9.321554770318022,3.056537102473498,16.036513545347468,13.482921083627797,15.996466431095406,2.2355712603062425,1.0117785630153122,1.2237926972909305,0.7625,0.9090909090909091,3.1725756571681023,0.18140147493138842,0.25769230769230766,29.56562119366626,0.15076560659599528,Energy
2014-03-31,HAL,2014,Q1,USD,0.14221556886227546,0.12778987479586282,0.19719651605879152,0.13200870985302124,0.11513336962438758,0.08396842678279803,0.08464888405008165,0.08464888405008165,1.1637630662020906,2.4962376237623762,1.8456808199121522,0.6410189304719532,0.25116215477167075,2.734387672343877,2.041970802919708,0.07301341589267286,0.4304541768045418,20.095502411575563,-0.9344408621382636,-0.9344408621382636,3.642813114754098,6.8042474142623846,160.7640192926045,52.40839622641509,0.2671588733934919,0.5694717668488161,0.36284295065224453,0.36284295065224453,2.131584699453552,0.8528319405756731,0.19343065693430658,0.12983124659771367,0.3259958071278826,13.118279569892474,10.43010752688172,0.0,0.12205731832139202,1.483670295489891,1.238961038961039,0.20418006430868169,0.002540121417803771,0.2540121417803771,8.654888103651354,0.7326266195524146,9.315665488810366,2.7809187279151946,16.197879858657245,13.614840989399294,16.166077738515902,1.1236749116607774,0.7573616018845701,0.3663133097762073,0.735224586288416,0.8721649484536083,3.642813114754098,0.15632747245318326,0.2706855791962175,38.43382332643202,0.14958775029446408,Energy
2014-06-30,HAL,2014,Q2,USD,0.15935908582784747,0.1453235622903987,0.21040864488883368,0.14830455843994536,0.1336479940380077,0.09650975034157247,0.09613712582287914,0.09613712582287914,1.187288010617903,2.4818481848184817,1.9178237461037122,0.6894750363963347,0.26410576039889777,2.63829390948035,1.981002048798659,0.08165062590425866,0.43956043956043955,19.40389534883721,0.7869357558139533,0.7869357558139533,4.125426452410383,7.46173891442057,154.43305912596404,53.590062444246215,0.2563967983204304,0.5367394588655404,0.34927160604164803,0.34927160604164803,2.0933937645927756,0.9280691642651296,0.2087912087912088,0.13923736181840765,0.3470115967885816,14.840425531914894,12.702127659574469,0.0,0.14342374616171955,1.5314207650273224,1.3050058207217694,0.1640826873385013,0.002114043139131005,0.2114043139131005,9.516548463356974,0.9148936170212766,9.349881796690307,2.937352245862884,17.242316784869978,14.562647754137116,17.21276595744681,1.3250591016548463,0.8652482269503546,0.4598108747044917,0.7193308550185874,0.9011725293132329,4.125426452410383,0.13010520610588924,0.2778810408921933,38.68386068476978,0.15011820330969267,Energy
2014-09-30,HAL,2014,Q3,USD,0.17388805884381106,0.18917365820020687,0.25066084358119756,0.18779450637857717,0.1781404436271693,0.13090449373635216,0.1382599701183772,0.1382599701183772,1.1516876240900067,2.3920133111480864,1.9693150684931506,0.7220746887966805,0.27549631130671565,2.5211411105450843,1.901341484122941,0.10818549642079053,0.3445406690439803,11.368345802161265,0.20284695450915205,0.20284695450915205,3.5313717642502103,6.287148603608782,-770.485633802817,65.27980906921242,0.24747490738688535,0.5045510296301078,0.33534989488136613,0.33534989488136613,2.038796720676522,0.9801734820322181,0.1422992019018509,0.09631076887714056,-0.08472553699284009,18.4375,17.020833333333332,0.0,0.1072159672466735,0.9218921892189219,0.8088803088803089,0.1055694098088113,0.002321564888287029,0.23215648882870288,10.26061320754717,1.4186320754716981,9.330188679245284,2.547169811320755,18.29952830188679,15.57311320754717,18.267688679245282,0.9882075471698113,1.071933962264151,-0.08372641509433962,0.7761290322580645,0.9485924112607099,3.5313717642502103,0.14287678084134972,0.2651612903225806,27.735662540119215,0.14976415094339623,Energy
2014-12-31,HAL,2014,Q4,USD,0.15621436716077536,0.15427594070695552,0.217787913340935,0.14811858608893957,0.14139110604332952,0.10307867730900798,0.10273660205245154,0.10273660205245154,1.159439450026441,2.6297085998578535,2.072248669840381,0.7030060120240481,0.2720223325062035,2.561278259391467,1.954275029746728,0.0914565299209635,0.3894271630120687,9.254117647058823,-0.36502352941176486,-0.36502352941176486,2.050276018934038,3.8029464082098063,222.3456,29.026840731070493,0.24317617866004962,0.4819573369398168,0.32521674202513795,0.32521674202513795,1.9819265998647568,0.9667640412280218,0.19530851606323305,0.13101482326111744,0.13054830287206268,15.74,12.99,0.0,0.1465561224489796,1.15015015015015,0.998262380538662,0.16870144284128746,0.004557469692826542,0.4557469692826543,10.341981132075471,1.0625,9.36320754716981,2.767688679245283,19.21933962264151,16.471698113207548,19.182783018867923,1.3549528301886793,1.178066037735849,0.17688679245283018,0.7266129032258064,0.9545804464973057,2.050276018934038,0.2350694894194743,0.2709677419354839,20.366931937172776,0.1792452830188679,Energy
2015-03-31,HAL,2015,Q1,USD,0.10851063829787234,-0.10950354609929078,-0.0777304964539007,-0.0777304964539007,-0.12453900709219858,-0.09035460992907801,-0.09120567375886525,-0.09120567375886525,1.098301916186322,2.592821782178218,1.8128064609172194,0.573217334742662,0.23049007748389838,2.755081705858908,2.0641689916301313,-0.005546645282010158,0.45715424471901156,-14.501555209953345,0.08445960726676124,0.08445960726676124,2.3922775960490026,5.290496453900709,345.35185185185185,45.933497536945815,0.2563507372413117,0.5029183503303187,0.33462785933765793,0.33462785933765793,1.9618369572189083,0.7836816362827923,0.16181745715424473,0.11517730496453901,0.1330049261083744,-2.8962264150943398,-5.169811320754717,0.0,0.10355821961484504,1.1534090909090908,0.9474912485414235,-0.2379471228615863,0.004102096627164995,0.4102096627164995,8.294117647058824,-0.7564705882352941,9.349411764705883,2.7705882352941176,18.38,15.636470588235294,18.342352941176472,0.9552941176470588,0.8282352941176471,0.12705882352941175,0.7323462414578588,1.602189781021898,2.3922775960490026,0.2102257493699394,0.2744874715261959,-78.18430656934306,0.18,Energy
2015-06-30,HAL,2015,Q2,USD,0.11589795573576618,0.039026862645717184,0.11606690319310695,0.04291265416455482,0.021118432167595878,0.00912316269640142,0.00912316269640142,0.00912316269640142,1.0507722350434936,2.399358092618065,1.8484634404803957,0.5307092262171613,0.1933934522642619,3.0417582417582416,2.476123876123876,0.03424887515949231,0.5514485514485514,169.88722222222222,-1.5680627749439993,-1.5680627749439993,2.339537137392413,6.199635073492144,55.26451807228916,31.019137785291633,0.25609357642292363,0.4997131016895123,0.33320579858011307,0.33320579858011307,1.9512910423971948,0.6222011983601388,0.23636363636363636,0.19986484203412738,0.5612848689771767,5.811320754716981,2.3962264150943398,0.0,0.15093136004082675,2.279383429672447,1.7604166666666667,2.8333333333333335,0.004169432662844959,0.4169432662844959,6.947183098591549,0.06338028169014084,9.32394366197183,3.307511737089202,18.444835680751172,16.11737089201878,18.40962441314554,1.3884976525821595,0.6091549295774648,0.7793427230046949,0.432,0.4921259842519685,2.339537137392413,0.21359485759071106,0.568,60.805880640465794,0.1795774647887324,Energy
2015-09-30,HAL,2015,Q3,USD,0.09727696166248656,0.0016123253314224292,0.07631673235399498,0.007703332139018273,-0.016123253314224293,-0.00949480472948764,-0.009673951988534575,-0.009673951988534575,0.9639095147642894,2.297765617875057,1.8718424962852898,0.5066255218732982,0.1845411266860619,2.61599158337717,2.143959319656321,0.024580173347778983,0.39435384885148167,-139.92708333333334,0.7007406858873092,0.7007406858873092,1.9565154065251165,5.414591544249373,-60.56963927855711,1162.4711538461538,0.26087675218196243,0.5108104609010875,0.3381036034106003,0.3192014455070292,1.958052822371828,0.5744275791098533,0.004559004032965106,0.004657828735220351,-19.192307692307693,0.6198125836680054,0.43434343434343436,0.040123456790123455,0.0032948929159802307,0.049523809523809526,0.03829160530191458,-2.8518518518518516,0.005095246366741937,0.5095246366741937,6.5286549707602335,-0.06315789473684211,9.345029239766081,2.6935672514619884,18.105263157894736,15.621052631578948,18.067836257309942,0.0304093567251462,0.6140350877192983,-0.583625730994152,0.6,-2.0930232558139537,1.9565154065251165,0.26108174727247163,0.4111111111111111,84.1930751173709,0.18011695906432748,Energy
2015-12-31,HAL,2015,Q4,USD,0.10350255804801259,0.011609602518693429,0.09071231798504525,0.016922471467926012,-0.01829988193624557,-0.005116096025186935,-0.005509641873278237,-0.005509641873278237,0.9558021440662028,2.256562654779594,1.8849813818783616,0.46576849051416,0.13756699691408153,4.032282142190708,3.581265161410711,0.017438336364060242,1.8803881321142004,-260.16285714285715,5.390915597189696,5.390915597189696,1.8845065321433192,5.733616686343959,64.8958574610245,32.924564971751415,0.4154079367657409,0.9924977363859785,0.49811737211114,0.4871471690603337,2.3892122623205276,0.39912039582188014,0.16514275051315544,0.1741440377804014,0.5073446327683616,0.6641509433962264,0.6323529411764706,1.3429438543247345,0.05766975107519875,2.029816513761468,1.5,-5.5,0.0052851510592266384,0.5285151059226638,5.936915887850467,-0.03271028037383177,18.08644859813084,11.845794392523365,18.101635514018692,15.63785046728972,18.063084112149532,1.033878504672897,0.5093457943925234,0.5245327102803738,0.3010752688172043,-1.0813953488372092,1.8845065321433192,0.5266618711356623,0.7204301075268817,74.63609544468547,0.17990654205607476,Energy
2016-03-31,HAL,2016,Q1,USD,0.06503096712720342,-0.7446403049070986,-0.5755121486422106,-0.7334444973797046,-0.7839447355883754,-0.5755121486422106,-0.5745593139590282,-0.5745593139590282,0.8424643788882199,2.128524945770065,1.3567231247839613,0.4537397319498487,0.12371802428386185,2.5775769023205615,2.1872638963842417,-0.09898428516673055,1.2942525634106854,-3.176592039800995,-0.00037401274511753333,-0.00037401274511753333,2.354802919708029,7.300562172463078,-75.67348148148149,-179.22666666666666,0.45364257927619944,1.1827122550902804,0.5418544072092368,0.48398223772896676,2.607145601229351,0.3004688115091436,-0.023070696168375607,-0.0407336827060505,2.3684210526315788,-0.4598627275440167,-18.66060606060606,-0.05367231638418079,-0.011108945624634574,-0.7307692307692307,-0.44072164948453607,-0.06384742951907131,0.005024837051712752,0.5024837051712752,4.892773892773893,-2.8111888111888113,18.132867132867133,11.252913752913752,15.221445221445222,12.444055944055943,15.168997668997669,-0.1993006993006993,0.2727272727272727,-0.47202797202797203,0.7329079307201458,1.0688535238713868,2.354802919708029,0.5022553034871065,0.26587663324217564,-15.085993377483444,0.1794871794871795,Energy
2016-06-30,HAL,2016,Q2,USD,0.026857887874837026,-1.0198174706649283,-0.9165580182529335,-1.0117340286831813,-1.0709256844850066,-0.8357235984354628,-0.8365058670143416,-0.8365058670143416,0.8116402116402116,2.504697986577181,1.4083018867924528,0.4279656288360674,0.13826297004001875,2.8092898615453326,2.217507815989281,-0.15657015590200446,0.694059848146494,-3.035333541147132,-0.09270964402851564,-0.09270964402851564,4.001376618039861,10.156297262059974,-10.129882964889466,-10.723953744493391,0.46583985290406316,1.3274090815697555,0.5703376738026925,0.5553626895669651,2.8494966098212453,0.38747158373326596,-0.8110763733809736,-0.9470664928292047,1.0586453744493391,-2.724713242961418,-19.79591836734694,-4.760157273918741,-0.2810927946753347,-17.051643192488264,-9.869565217391305,-0.048316708229426436,0.0039795221492500525,0.3979522149250052,4.459302325581396,-3.730232558139535,15.252325581395349,3.687209302325581,11.36860465116279,8.597674418604651,11.31860465116279,-4.223255813953489,0.24767441860465117,-4.47093023255814,0.7811054297540784,1.0585051546391753,4.001376618039861,0.33173810122877373,0.21962503043584125,-13.872660028449502,0.18023255813953487,Energy
2016-09-30,HAL,2016,Q3,USD,0.044612575006522305,0.027915470910513957,0.12575006522306287,0.033394208192016696,-0.013566397078006782,0.001826245760500913,0.0015653535090007827,0.0015653535090007827,0.8791284403669725,2.373298768632534,1.4795959595959596,0.4385081798421233,0.1432629415062605,3.2387771963646377,2.5571467915174884,0.02237359797991661,0.9058110713302121,1611.94,-16.089205780037464,-16.089205780037464,3.995719892584177,10.093023741194887,44.82799536500579,37.16288184438041,0.460287796673519,1.2719479446395372,0.559849070327772,0.5567864499885558,2.7633753356744473,0.4723060809561949,0.2866978793720738,0.2715888338116358,0.8290105667627281,1.7395498392282958,0.8050314465408805,6.848684210526316,0.08453105968331304,5.848314606741573,3.1167664670658684,26.0,0.004032408154149658,0.40324081541496576,4.4466357308584685,0.0069605568445475635,14.470997679814385,3.8851508120649654,11.2830626450116,8.518561484918793,11.232018561484919,1.2076566125290022,0.20649651972157773,1.0011600928074247,-0.11538461538461539,-0.40625,3.995719892584177,0.3183276052458528,1.1346153846153846,98.98871369294606,0.18097447795823665,Energy
2016-12-31,HAL,2016,Q4,USD,0.07883611042029345,0.005222581447401144,0.09176821686147725,0.013180800795821936,-0.0435215120616762,-0.0380502362596369,-0.037055458841084306,-0.037055458841084306,1.0252422233554308,2.0997732426303855,1.6281318681318682,0.47128457571495547,0.14889835215700797,2.9025602783992044,2.337061894108874,0.01347969514275964,0.9965200099428287,-78.50310402684565,0.031046425321351382,0.031046425321351382,4.985917519181585,11.635874160656552,52.80795711060948,44.18116147308782,0.45832253286428437,1.3189471440750213,0.5687698175635311,0.5655153254931012,2.877770673486786,0.5095355762529303,0.2632363907531693,0.26336732156180054,0.8366383380547686,1.3033333333333332,0.38686131386861317,6.4969325153374236,0.08556192938514988,6.121387283236994,3.2286585365853657,-1.0402684563758389,0.003312825872528872,0.33128258725288723,4.648554913294798,-0.1722543352601156,14.467052023121388,4.634682080924856,10.89364161849711,8.102890173410405,10.848554913294798,1.2242774566473988,0.2,1.0242774566473989,0.8514285714285714,-3.30188679245283,4.985917519181585,0.26453448918896677,0.12571428571428572,149.4738482384824,0.1791907514450867,Energy
2017-03-31,HAL,2017,Q1,USD,0.06029446132273896,0.04323440056087871,0.1624211264314092,0.047440990885720964,-0.013320869362000467,-0.007478382799719561,-0.007478382799719561,-0.007478382799719561,1.067614770459082,2.0044865403788634,1.7520697167755992,0.5084967320261438,0.17195097448262006,2.5580426861009893,1.9606975533576263,0.02208102667337695,0.5484122852680895,-333.320859375,4.2572912166604056,4.2572912166604056,4.766514355937884,9.97080392615097,-164.0964230769231,8533.014,0.4383765320474181,1.2187465087699698,0.5492950654582075,0.5470829327531245,2.7801362976203774,0.6274193548387097,0.0013014055179593961,0.0011684973124561813,-52.0,2.1238938053097347,0.8388429752066116,0.05154639175257732,0.0004583371528096067,0.018867924528301886,0.011876484560570071,-4.875,0.003656386828850861,0.3656386828850861,4.935409457900807,-0.03690888119953864,12.86159169550173,2.4925028835063436,10.367935409457901,7.577854671280277,10.324106113033448,0.0057670126874279125,0.30565167243367936,-0.29988465974625145,0.5614035087719298,-0.28078817733990147,4.766514355937884,0.25568925587137203,0.43859649122807015,74.0533381294964,0.17993079584775087,Energy
2017-06-30,HAL,2017,Q2,USD,0.09743796651200323,0.024208190437764777,0.10772644744805326,0.029453298365947147,-0.00020173492031470649,0.005648577768811782,0.005648577768811782,0.005648577768811782,1.1304446978335234,2.0655586334256695,1.9597021462987299,0.5919512777645092,0.1957354392892399,2.52212389380531,1.960914454277286,0.025287075494747128,0.525811209439528,331.38383928571426,-1.7696184760698779,-1.7696184760698779,4.162273186049119,7.487389550131128,1953.4205263157894,107.26875722543353,0.44035538005923003,1.2506448357070763,0.555682894015646,0.548117366847413,2.84008074464506,0.8140909837411726,0.08505408062930186,0.06980028242888844,0.05491329479768786,1.2319474835886215,1.2066115702479339,1.0297619047619047,0.031025824964131993,1.0581039755351682,0.7163561076604554,5.571428571428571,0.004203153496740805,0.42031534967408046,5.704257767548907,0.03222094361334868,12.972382048331415,2.536248561565017,10.302646720368239,7.5327963176064445,10.261219792865363,0.39815880322209435,0.3762945914844649,0.02186421173762946,-28.0,-0.00684931506849315,4.162273186049119,0.300471588433676,29.0,86.38200374531836,0.17951668584579977,Energy
2017-09-30,HAL,2017,Q3,USD,0.12656135194709772,0.11223365172667156,0.19011756061719323,0.11645848640705364,0.09110947832476121,0.06631153563556208,0.06704628949301984,0.06704628949301984,1.1220115416323166,1.9681291390728477,1.9455810147299508,0.6456356736242884,0.2110895696006204,2.204738100412954,1.6735492284286024,0.045877659574468085,0.41251901760486853,27.491890410958902,0.022827201424261905,0.022827201424261905,4.3547965715525665,7.3729169728141075,52.53685863874345,36.291283905967454,0.4241178751454052,1.1867201909515026,0.5426941205656165,0.5307026476578411,2.7980904849734185,0.9278227524499361,0.24038252553792655,0.20315944158706833,0.6907775768535263,1.3636363636363635,4.372413793103449,2.1475728155339806,0.10111537758273907,3.2339181286549707,2.216432865731463,0.4301369863013699,0.003911489714526027,0.3911489714526027,6.243119266055046,0.41857798165137616,12.7098623853211,2.2522935779816513,10.603211009174313,7.52408256880734,10.569954128440367,1.268348623853211,0.3922018348623853,0.8761467889908257,0.7358870967741935,0.7823343848580442,4.3547965715525665,0.2725087547610553,0.2721774193548387,47.515130434782606,0.18004587155963303,Energy
2017-12-31,HAL,2017,Q4,USD,0.14057239057239057,0.0468013468013468,0.1318181818181818,0.06380471380471381,0.04107744107744108,-0.1356902356902357,-0.13872053872053872,-0.13872053872053872,1.1795075456711677,1.9988253719655442,2.130634390651085,0.697101279192583,0.23679489734901335,2.216577540106952,1.7237762237762237,-0.025752868068833652,0.4806663924310983,-12.94402609223301,0.03997419822601371,0.03997419822601371,5.126593366979091,7.182409090909091,74.58655594405595,42.19931750741839,0.43619693043651586,1.3148281663061765,0.5680024916943521,0.556207337883959,3.014299447248258,1.036830162331995,0.2079391197038256,0.17020202020202022,0.5657764589515332,-0.4258373205741627,3.2956521739130435,1.974609375,0.09239627124840066,2.3029612756264237,1.6963087248322148,-0.19053398058252427,0.0036799597595228335,0.36799597595228334,6.804123711340206,-0.9438717067583047,12.665521191294387,2.676975945017182,9.563573883161512,6.478808705612829,9.532646048109966,1.1580756013745706,0.5028636884306987,0.6552119129438717,-3.377049180327869,0.6437994722955145,5.126593366979091,0.2564720999280181,4.30327868852459,65.47702426564496,0.17983963344788087,Energy
2018-03-31,HAL,2018,Q1,USD,0.11794425087108014,0.05731707317073171,0.12770034843205574,0.06167247386759582,0.032926829268292684,0.008188153310104529,0.008013937282229966,0.008013937282229966,1.0922930542340628,1.7890459363957598,2.059804719283971,0.6677524429967426,0.22785915604779486,2.2207687663513784,1.7261018313543972,0.02619047619047619,0.469309720265647,223.22010869565216,-2.1139119703194944,-2.1139119703194944,4.910041841004183,7.155487804878049,578.4859154929577,71.80506993006993,0.43245603588583226,1.3023311416616856,0.5656576146217352,0.5548874580960996,3.0114763897190677,0.9581837910024205,0.11511370497081908,0.09965156794425087,0.12412587412587413,0.9752475247524752,2.5285714285714285,1.2274678111587982,0.05250596658711217,1.1417165668662674,0.8679817905918058,3.4347826086956523,0.0038468561689695055,0.3846856168969505,6.56,0.052571428571428575,12.610285714285714,2.665142857142857,9.589714285714285,6.496,9.56,0.6537142857142857,0.5725714285714286,0.08114285714285714,0.24338624338624337,0.5338983050847458,4.910041841004183,0.2652382981313531,0.7513227513227513,67.71418826739426,0.18057142857142858,Energy
2018-06-30,HAL,2018,Q2,USD,0.13892955913453717,0.1273792093704246,0.1908247925817472,0.1283552952659834,0.10297706198145437,0.08264193915731251,0.08312998210509191,0.08312998210509191,1.1377012770682955,1.747441399801915,2.0072051573758056,0.6965439093484419,0.23857946827091014,2.239279420403368,1.7229293127080478,0.05324429736437773,0.40297630702956727,19.33347358121331,0.019282152263401974,0.019282152263401974,4.478932335940157,6.428765251342118,101.06808184143223,41.33642259414226,0.4219289734135455,1.2321205939023008,0.5519955316340002,0.5416623376623376,2.920208545846084,0.9918515530455829,0.18719404738594086,0.15552301935903692,0.4089958158995816,1.7643097643097643,5.26,2.1531531531531534,0.08794039186827339,1.6920353982300884,1.322268326417704,0.30919765166340507,0.003998216491782653,0.3998216491782653,7.009122006841505,0.5826681870011402,12.566704675028506,2.8187001140250856,10.083238312428735,6.863169897377423,10.060433295324971,1.0900798175598632,0.6442417331812998,0.44583808437856326,0.8072669826224329,0.8022813688212928,4.478932335940157,0.27509247773524825,0.19747235387045814,41.20257459505542,0.18015963511972635,Energy
2018-09-30,HAL,2018,Q3,USD,0.12767336357744652,0.11082307193778354,0.17563188593648738,0.11600777705767984,0.0865197666882696,0.07031756318859365,0.07047958522359041,0.07047958522359041,1.1169019182048499,1.7135582431572247,1.8649116730169726,0.6996939122548463,0.23968001242670187,2.3089036947304664,1.7260246315364425,0.049898410421895543,0.4153038562487381,20.69014367816092,-1.5000354166666672,-1.5000354166666672,4.000983551900422,5.832930978613091,97.82839673913044,46.33314028314028,0.40615898411712165,1.16236941542565,0.537544328519299,0.5367109463495006,2.8618581907090466,0.9634717452388386,0.15687462144155057,0.12589112119248216,0.47361647361647363,5.318918918918919,4.773333333333333,22.2,0.07429008509417727,1.8997555012224938,1.372791519434629,0.36091954022988504,0.004361008142863294,0.4361008142863294,7.0376282782212085,0.4960091220068415,12.096921322690992,2.345496009122007,10.281641961231472,7.088939566704675,10.259977194982897,0.8859749144811858,0.4663625997719498,0.41961231470923605,0.8146067415730337,0.7458100558659218,4.000983551900422,0.2905209182560967,0.18726591760299627,40.96203874538745,0.1790193842645382,Energy
2018-12-31,HAL,2018,Q4,USD,0.11236522911051212,0.10764824797843665,0.17318059299191374,0.10242587601078167,0.07715633423180593,0.11253369272237197,0.11185983827493262,0.11185983827493262,1.134123041650745,1.7458581842279655,1.7400924702774108,0.6624260685191385,0.22846586098067892,2.3221574344023326,1.6915868388171595,0.06606643143934786,0.41815910037484383,8.72656626506024,0.16781858202038924,0.16781858202038924,2.434127284183995,3.904609164420485,77.00252491694353,27.203943661971827,0.4024709414209838,1.098193656794791,0.5233995695480255,0.5225392368249511,2.7286284394034865,0.9251870324189526,0.17742607246980424,0.14353099730458221,0.3532863849765258,7.15606936416185,4.437956204379562,23.666666666666668,0.08147652290331835,1.546279491833031,1.2033898305084745,0.23644578313253012,0.006773734821656623,0.6773734821656623,6.807339449541284,0.7614678899082569,12.149082568807339,2.302752293577982,10.944954128440367,7.705275229357798,10.919724770642201,0.9770642201834863,0.6318807339449541,0.3451834862385321,1.4497816593886463,0.7532894736842105,2.434127284183995,0.4511652549685561,-0.4585152838427948,30.76533073929961,0.18004587155963303,Energy
2019-03-31,HAL,2019,Q1,USD,0.08453895764336761,0.05978734530242287,0.13229911103364128,0.06362210214397769,0.03346696879902388,0.02649468363256057,0.02649468363256057,0.02649468363256057,1.02045535396656,1.7051948051948052,1.6090686274509804,0.5811385737439222,0.21256808329319352,2.2167624331285913,1.5700416088765603,0.03271135683022345,0.273429760253616,43.27667763157895,-0.5574622881355932,-0.5574622881355932,2.7394294638209264,4.58640753006798,-54.703160083160085,-598.005,0.4194301382044537,1.1785528370640292,0.5409796893667861,0.5176275612695862,2.8098906819364915,0.9186549239391513,-0.008718050326926888,-0.007669513683109639,10.931818181818182,4.76158940397351,2.4172185430463577,0.0,-0.0038869257950530037,-0.10068649885583524,-0.07407407407407407,1.0328947368421053,0.005966809338018609,0.5966809338018608,6.571592210767468,0.17411225658648338,13.139747995418098,1.5807560137457044,11.025200458190149,7.790378006872852,11.002290950744559,-0.050400916380297825,0.5005727376861397,-0.5509736540664376,0.7916666666666666,0.5260273972602739,2.7394294638209264,0.3917191327831707,0.20833333333333334,47.763135704874834,0.17983963344788087,Energy
2019-06-30,HAL,2019,Q2,USD,0.10219224283305228,0.05042158516020236,0.12124789207419899,0.05109612141652614,0.025463743676222596,0.012984822934232716,0.012647554806070826,0.012647554806070826,1.0403508771929824,1.7646668876367253,1.5906782193008664,0.6078310783107831,0.22061011904761904,2.2643794147325935,1.5889001009081736,0.028520396404701543,0.23733602421796166,66.86099999999999,-1.3499251781472679,-1.3499251781472679,2.1096234749684473,3.382512647554806,466.4720930232558,44.47516629711752,0.4197544642857143,1.1866848969289019,0.5426867394545717,0.5201614938178147,2.8270929743374,0.9559890375624698,0.09101917255297678,0.07605396290050591,0.09534368070953436,4.358108108108108,2.0472972972972974,0.0,0.03997163874855978,1.1053921568627452,0.7982300884955752,2.0933333333333333,0.00782718375934152,0.782718375934152,6.784897025171625,0.08581235697940504,13.078947368421053,1.345537757437071,10.897025171624714,7.664759725400458,10.878718535469108,0.5160183066361556,0.4668192219679634,0.04919908466819222,0.4966887417218543,0.49834983498349833,2.1096234749684473,0.5138521210670894,0.4900662251655629,41.95452016689847,0.17963386727688788,Energy
2019-09-30,HAL,2019,Q3,USD,0.10612612612612612,0.09351351351351352,0.16864864864864865,0.09657657657657658,0.06702702702702702,0.05333333333333334,0.05315315315315315,0.05315315315315315,1.0491493383742911,1.8152213684595682,1.4677514792899409,0.5718112507727179,0.2071745865840457,2.391304347826087,1.670929241261722,0.04181593939037998,0.3348252344416027,13.993728813559324,0.04723296350131353,0.04723296350131353,1.694468958440226,2.9752432432432436,31.392775665399242,18.95820895522388,0.421180335212214,1.1578245253976398,0.5365702872360661,0.5141589390766776,2.748999486916367,0.8676620026577034,0.18563512361466325,0.15693693693693694,0.6039035591274398,5.850340136054422,3.6462585034013606,0.0,0.07719578126384827,2.52463768115942,1.731610337972167,0.535593220338983,0.00956845075881448,0.956845075881448,6.335616438356165,0.3367579908675799,13.047945205479452,1.79337899543379,11.143835616438356,7.910958904109589,11.124429223744292,0.9942922374429224,0.3938356164383562,0.6004566210045662,0.793010752688172,0.6940298507462687,1.694468958440226,0.6245533713648971,0.20430107526881722,28.017735042735044,0.18036529680365296,Energy
2019-12-31,HAL,2019,Q4,USD,0.11654787131573878,-0.3257561163552302,-0.25409362357927184,-0.3182431130803313,-0.35388171835869775,-0.31862839529955694,-0.31843575418994413,-0.31843575418994413,1.1341490058990604,1.8856907894736843,1.4609748327492833,0.6298992840674675,0.20455530598573513,2.2984829848298483,1.654981549815498,-0.07382434301521439,0.46494464944649444,-3.247870232778282,0.004974215671822594,0.004974215671822594,2.680344231044683,4.136952028343286,25.967252695441353,18.401814892142244,0.44721598297671117,1.4165002496255616,0.5861783998760395,0.5628546486250545,3.167373939091363,0.807183952728969,0.23923739237392375,0.22481217491812752,0.7086546700942588,-7.780821917808219,-11.315068493150685,0.0,0.1028284430346286,3.4323529411764704,2.3433734939759034,-0.0955837870538415,0.007357420417323566,0.7357420417323566,5.914982777743118,-1.8835420018511606,13.098194380689105,2.5843153419228266,9.144237486301007,5.940051092347308,9.129424391307621,1.3297601428676977,0.387419407519295,0.9423407353484028,0.8998366902558519,1.1119854721549636,2.680344231044683,0.48037436091841723,0.09961894393032118,-23.165972690773312,0.18003607761190765,Energy
2020-03-31,HAL,2020,Q1,USD,0.11038316458209252,-0.14929521540599563,-0.08020647210641255,-0.1133611276553504,-0.17788366090927138,-0.201508834623784,-0.20190589636688505,-0.20190589636688505,1.0385567010309278,1.6973484848484848,1.391614906832298,0.7074438202247191,0.21323342646685292,2.1086483277261032,1.4714031268553334,-0.03987126765599857,0.27409459726894914,-1.476293101880531,0.03854765321576942,0.03854765321576942,0.8792914111932649,1.192289128141751,500.46336153749996,26.691379281999996,0.45935991871983745,1.5887262079062958,0.6137096318081556,0.6044248812695471,3.4585651537335287,0.8440013404825737,0.04452800316643578,0.04466944609886837,0.05333333333333334,-0.9355992844364938,-3.9652777777777777,0.5421686746987951,0.020735416090682888,1.056338028169014,0.6064690026954178,-0.1553588987217306,0.026308952220231774,2.6308952220231774,5.745250743564278,-1.1600000012318583,12.541002963170387,1.5797443477936322,7.805191748701678,4.597797448343777,7.790363823415529,0.256637168414128,0.24294985276537448,0.013687315648753492,1.1350446428571428,1.5691768826619965,0.8792914111932649,1.8068255730489555,-0.1328125,-38.29594143180693,0.18021632270858765,Energy
2020-06-30,HAL,2020,Q2,USD,0.08729662077596996,-0.6107634543178974,-0.5322277847309136,-0.5979349186483104,-0.6517521902377973,-0.5259699624530664,-0.5244055068836045,-0.5244055068836045,0.9554559043348281,1.7078454332552693,1.0626593806921676,0.541144598713173,0.15144048521607278,2.2225207620908645,1.5520273571079628,-0.0895775710334423,0.44235466536394724,-1.6980101431980907,-0.0262625568814638,-0.0262625568814638,2.1937675852765466,3.5617834793491863,24.96372807017544,19.035886287625416,0.5125568612585292,2.0846020427828096,0.6758090715981507,0.6674996796104062,4.0670649450761225,0.6026209107193363,0.14606741573033707,0.18710888610763454,0.7625418060200669,-2.446327683615819,-14.587786259541986,1.495,0.05528335028196357,4.211267605633803,3.2857142857142856,-0.02386634844868735,0.0035138701238463525,0.35138701238463527,3.6442417331812997,-1.911060433295325,12.483466362599772,2.064994298745724,5.924743443557583,2.7309007981755986,5.916761687571266,0.6818700114025086,0.1619156214367161,0.5199543899657925,0.8046087373979837,1.0900052328623757,2.1937675852765466,0.9502383282411498,0.19299087854056649,-11.986748971193416,0.04561003420752566,Energy
2020-09-30,HAL,2020,Q3,USD,0.10621848739495798,0.044369747899159664,0.12168067226890757,0.04773109243697479,-0.0003361344537815126,-0.006386554621848739,-0.005714285714285714,-0.005714285714285714,0.9459459459459459,1.7177002583979328,1.0306201550387597,0.5134622022782188,0.14252179745137492,2.300025490695896,1.6423655365791485,0.0135919851955842,0.5391282182003568,-150.625,1.5221891534391534,1.5221891534391534,1.9697115384615387,3.442857142857143,38.65094339622642,24.386904761904763,0.5183960908306985,2.0809615384615383,0.6754260033705761,0.666367252662646,4.014230769230769,0.5888174171202375,0.10706092276319143,0.1411764705882353,0.6309523809523809,0.6056338028169014,1.0676691729323309,0.9655172413793104,0.03881341835320211,2.7096774193548385,2.1538461538461537,-2.3529411764705883,0.0039052965584574074,0.3905296558457408,3.5,-0.02,12.887058823529411,2.488235294117647,6.121176470588235,2.8223529411764705,6.117647058823529,0.49411764705882355,0.18235294117647058,0.31176470588235294,17.0,-0.007042253521126761,1.9697115384615387,1.0564803514766903,-18.0,52.3439226519337,0.047058823529411764,Energy
2020-12-31,HAL,2020,Q4,USD,0.12171763978992894,-0.03243744207599629,0.03830707445165277,-0.029657089898053754,-0.07414272474513438,-0.07012666048810627,-0.07259808464627741,-0.07259808464627741,1.054054054054054,1.80737444373808,1.2103022562792678,0.6333398552142437,0.15652804642166343,2.143180275955666,1.611852522053834,-0.00038223864432694143,0.5797330920606197,-17.77752692904255,-0.01422202154323404,-0.01422202154323404,3.359645217792521,5.16245761918443,39.787798365,26.192594534952978,0.5239845261121857,2.178528347406514,0.6853889943074004,0.6473840918757975,4.15761962203458,0.637581248768958,0.14431124180049762,0.1970960766141489,0.658307210031348,0.1650602409638554,-0.7111111111111111,0.9179856115107914,0.05887781469176818,2.926605504587156,2.4728682170542635,-0.1702127659574468,0.002393650796267054,0.2393650796267054,3.6610470040015244,-0.265785000290503,12.408201013562163,2.898753003168337,5.6357730061599,2.4644490026936428,5.625594006148774,0.7215780007886847,0.2465580002694879,0.47502000051919685,0.9791666666666666,2.5,3.359645217792521,0.5880601593729086,0.05416666666666667,201.4828654298387,0.04524000004944732,Energy
2021-03-31,HAL,2021,Q1,USD,0.12112431179368299,0.1037380469429151,0.16922631121414083,0.10721529991306868,0.06461895102868734,0.049550854824688496,0.04926108374384237,0.04926108374384237,1.0618461538461539,1.714527981910684,1.2911877394636015,0.6914446002805049,0.16772782503037667,2.2532544378698223,1.6972781065088758,0.025720966484801246,0.5789349112426035,28.055794117647057,-0.1646753132992327,-0.1646753132992327,3.6901237911025144,5.528235294117647,192.70646464646464,93.98,0.5156743620899149,2.0522243713733075,0.6723700887198986,0.6556776556776557,3.979690522243714,0.6669243405159919,0.048047337278106506,0.058823529411764705,0.4876847290640394,0.5911111111111111,2.740740740740741,0.265359477124183,0.019132893496701227,1.9519230769230769,1.4097222222222223,0.23529411764705882,0.0020966624279141247,0.2096662427914125,3.8818897637795278,0.19122609673790777,12.086614173228346,2.75140607424072,5.825646794150731,2.671541057367829,5.815523059617548,0.2283464566929134,0.11698537682789652,0.11136107986501688,0.7623318385650224,0.6027027027027027,3.6901237911025144,0.5561397090042216,0.23318385650224216,46.647157534246574,0.04499437570303712,Energy
2021-06-30,HAL,2021,Q2,USD,0.1308335581332614,0.11572700296735905,0.1758834637172916,0.11707580253574319,0.07957917453466415,0.06204478014567035,0.06123550040463987,0.06123550040463987,1.071697022260769,1.70386039132734,1.3681528662420381,0.7490402101434633,0.1772242673423531,2.290493770189202,1.7471158283341024,0.029054752066115703,0.613290263036456,22.661674008810575,0.6151025802391441,0.6151025802391441,3.796457564575646,5.5507957917453465,94.38899082568807,50.31002444987775,0.5055218243533968,1.9509225092250924,0.6611229210954108,0.6441701680672269,3.8592250922509224,0.6809331373989713,0.09437009690816797,0.11033180469382249,0.5330073349633252,0.6551339285714286,3.2388059701492535,0.536745406824147,0.03867978059390959,2.141361256544503,1.7705627705627707,0.1762114537444934,0.0019439368609307569,0.1943936860930757,4.165168539325843,0.2550561797752809,12.031460674157303,2.986516853932584,6.1,2.949438202247191,6.089887640449438,0.45955056179775283,0.21460674157303372,0.2449438202247191,0.7694915254237288,0.6797235023041475,3.796457564575646,0.5138797091870456,0.22033898305084745,43.70061349693252,0.0449438202247191,Energy
2021-09-30,HAL,2021,Q3,USD,0.1305699481865285,0.11580310880829016,0.1738341968911917,0.11554404145077721,0.08186528497409326,0.06217616580310881,0.061139896373056994,0.061139896373056994,1.0950354609929078,1.668821481849826,1.4256584536958368,0.7396052883694194,0.1835909631391201,2.3900152052711605,1.7934617334009124,0.030002608922515002,0.6670045615813482,20.474872881355935,0.0,0.0,3.4022672064777333,5.007326424870467,45.054265734265734,31.326223662884928,0.48994054696789535,1.8132371061432846,0.6445376048054061,0.6384522370012092,3.7009329343425454,0.6968766925437805,0.1563608717688799,0.15984455958549224,0.6952998379254457,1.4875,3.404580152671756,2.2936802973977697,0.059897097369187455,3.2819148936170213,2.6943231441048034,0.17372881355932204,0.0021212441044935193,0.21212441044935193,4.317673378076063,0.2639821029082774,11.668903803131991,2.9440715883668904,6.368008948545861,3.190156599552573,6.354586129753915,0.6901565995525727,0.21029082774049218,0.4798657718120805,0.7468354430379747,0.7085201793721974,3.4022672064777333,0.5329496468387255,0.24050632911392406,40.23439642324888,0.04586129753914989,Energy
2021-12-31,HAL,2021,Q4,USD,0.14402618657937807,0.12789338321253216,0.1819032031797989,0.1285948094458733,0.09773205517886369,0.19335983165770398,0.19265840542436288,0.19265840542436288,1.1666666666666667,1.555886102847429,1.550614146548073,0.8131178707224335,0.1916132789749563,2.309103576405016,1.7607988852763585,0.06765856474058872,0.706920575940548,6.217087378640778,0.024491556340100033,0.024491556340100033,3.0525130344108447,4.791096563011457,55.98775956284153,30.046217008797655,0.45781999014381075,1.522270221957396,0.6035317741554453,0.576199494949495,3.325040965291226,0.7691062758496673,0.1583836507199257,0.15945756371288286,0.5366568914956011,8.727941176470589,4.263565891472868,97.42857142857143,0.06673842841765339,2.1582278481012658,1.9157303370786516,0.04854368932038835,0.001952026984821038,0.1952026984821038,4.7734375,0.9196428571428571,11.549107142857142,3.3973214285714284,7.508928571428571,4.3359375,7.4921875,0.7611607142857143,0.35267857142857145,0.40848214285714285,1.9712918660287082,0.76,3.0525130344108447,0.4457453619838841,-0.9784688995215312,35.56107969151671,0.044642857142857144,Energy
2022-03-31,HAL,2022,Q1,USD,0.13655462184873948,0.1069094304388422,0.16106442577030813,0.119281045751634,0.07749766573295985,0.06162464985994398,0.061391223155929035,0.061391223155929035,1.0640834575260805,1.4443576727840688,1.434833204034135,0.8265483310823847,0.19408326915235807,2.1865436543654364,1.6064356435643565,0.03291223404255319,0.4846984698469847,32.36229087452471,-0.47259218419940846,-0.47259218419940846,4.851807040045603,7.947042483660129,-142.44824267782425,-680.9026,0.43410501517691297,1.3655408294142797,0.5772636905837701,0.5711404473780711,3.145646287587288,0.7853345554537122,-0.011251125112511251,-0.011671335200746966,4.78,1.7134986225895317,4.055555555555555,-0.2109704641350211,-0.005218117303276978,-0.26455026455026454,-0.16835016835016836,0.41064638783269963,0.003172259879753727,0.3172259879753727,4.765294771968854,0.2925472747497219,10.798665183537263,2.395995550611791,7.823136818687431,4.652947719688543,7.805339265850946,-0.05561735261401557,0.21023359288097887,-0.26585094549499444,0.7921686746987951,0.649706457925636,4.851807040045603,0.28144994599815015,0.20481927710843373,60.10598550724637,0.12013348164627363,Energy
2022-06-30,HAL,2022,Q2,USD,0.1547102877414269,0.07016160819865984,0.11706740244383129,0.0737091052424123,0.04552621206148995,0.023058730784391013,0.02148206543161214,0.02148206543161214,1.1558086560364464,1.535075161059413,1.6160512434061793,1.002965012848389,0.22606371129427488,2.1531682752832566,1.5963071758287872,0.02268418644178597,0.46705832983634077,65.02165137614679,-1.1091928764166217,-1.1091928764166217,3.976078541374474,5.587197477335436,182.8996129032258,75.39744680851064,0.4249498774782802,1.3377279102384292,0.5722342212622991,0.5663280822334408,3.1479663394109396,0.9423344785959699,0.07889215274863617,0.07410327158060702,0.4122340425531915,1.3636363636363635,2.992,1.6563876651982379,0.03942126231914447,1.7013574660633484,1.1393939393939394,1.0,0.003844873126241647,0.3844873126241647,5.6128318584070795,0.12057522123893805,10.689159292035399,2.4623893805309733,7.907079646017699,4.778761061946903,7.8871681415929205,0.415929203539823,0.24446902654867256,0.17146017699115043,0.47186147186147187,0.6176470588235294,3.976078541374474,0.3364440355788333,0.4935064935064935,60.036094276094275,0.12057522123893805,Energy
2022-09-30,HAL,2022,Q3,USD,0.1689378383423558,0.1489639723725966,0.19843195818555162,0.15792421131230167,0.13160350942691806,0.10248273287287661,0.10154937464999067,0.10154937464999067,1.161031642826181,1.4530026109660574,1.5665024630541873,1.0442495126705653,0.237424101404955,2.0956119162640903,1.5235507246376812,0.05215176297090763,0.39794685990338163,10.273419117647059,0.025683547794117648,0.025683547794117648,2.9333368324366886,4.173037147657271,44.53179282868526,29.687861885790177,0.39684439126002746,1.1749114289463325,0.5402111613876319,0.5339122989419607,2.96063508725889,0.9794313922662035,0.15157004830917875,0.1405637483666231,0.6666666666666666,2.6063218390804597,6.82258064516129,3.361607142857143,0.08409649318740228,3.0,2.085872576177285,0.20220588235294118,0.0049206082229626,0.49206082229625997,5.899779735682819,0.5991189427312775,9.997797356828194,2.1773127753303965,8.419603524229075,5.3050660792951545,8.3931718061674,0.829295154185022,0.276431718061674,0.552863436123348,0.7716312056737589,0.8333333333333334,2.9333368324366886,0.4005375093491556,0.22127659574468084,27.593565380997177,0.1211453744493392,Energy
2022-12-31,HAL,2022,Q4,USD,0.18595485489072017,0.17180222142601217,0.20458616983160158,0.1748477248298101,0.1508419921175206,0.11913292726621283,0.1175206019347904,0.1175206019347904,1.206397233628701,1.455943607818007,1.5545672254533014,1.0610150161566243,0.24003440120404215,2.0490177736202058,1.5021515434985968,0.058384605314831785,0.43891487371375115,13.672176290224849,0.6836088145112426,0.6836088145112426,4.513813611669602,6.427049549543175,44.12766369686347,30.847627330653484,0.384562459686089,1.1251887267237042,0.5294535551477118,0.4993701184177375,2.9258933064921995,1.010316742081448,0.21758652946679138,0.20834826227158723,0.6990541702493551,8.247863247863247,8.341880341880342,0.0,0.13004584591300458,3.322857142857143,2.539301310043668,0.16463414634146342,0.003010386621096514,0.3010386621096514,6.122560546121345,0.7195270007623794,9.937369858090179,2.573186499677656,8.749492202868142,5.64653201208038,8.717683844602732,1.2756248504369623,0.38389397906529393,0.8917308713716684,0.7790973871733967,0.8627049180327869,4.513813611669602,0.2209846771486404,0.21021377672209027,37.19158545144484,0.11845871354014784,Energy
2023-03-31,HAL,2023,Q1,USD,0.401268275497622,0.16681345781222476,0.20926545710762726,0.17209793905231635,0.1460278316011978,0.11537784040866655,0.11467324290998766,0.11467324290998766,1.092781520692974,1.068867924528302,1.0849026492180018,1.0633077355309983,0.24035733943011983,2.135396885681732,1.540448157994683,0.05878476341109793,0.3568173186479301,10.984086021505377,0.0,0.0,3.3989970291146765,5.038323057953145,-195.90794520547945,234.44721311475413,0.3796943138998264,1.0657159833630423,0.5159063452798711,0.5095010491956167,2.8067736185383243,0.979975832901778,0.023167489555639954,0.02149022370970583,-1.1967213114754098,2.9391304347826086,8.279661016949152,0.5374449339207048,0.013603925066904549,0.4552238805970149,0.29539951573849876,0.2227342549923195,0.005069476298625018,0.5069476298625017,6.279867256637168,0.7201327433628318,10.050884955752212,2.0785398230088497,9.341814159292035,6.212389380530974,9.30862831858407,0.13495575221238937,0.29646017699115046,-0.16150442477876106,0.7852834740651388,0.8485158648925282,3.3989970291146765,0.3135383685935804,0.20989143546441497,30.043400673400672,0.16039823008849557,Energy
2023-06-30,HAL,2023,Q2,USD,0.1859261814418765,0.15574335977923423,0.19799931010693342,0.1743704725767506,0.13504656778199378,0.10624353225250087,0.10520869265263884,0.10520869265263884,1.1722604124545086,1.480552070263488,1.4563406356062945,1.047137439046415,0.24085074564865203,2.140478862701085,1.5342312008978676,0.05571484425909032,0.3937523381967826,12.181963114754097,-2.192753360655741,-2.192753360655741,3.419301737029794,5.126593652983788,39.68489986648865,28.254743346007608,0.3770198978108254,1.0440584378235362,0.5107771962406438,0.5037108928979219,2.7692396180835153,0.9602517389864194,0.19678264122708566,0.1814418765091411,0.7119771863117871,2.6300268096514747,8.425,4.158102766798419,0.11591009255178493,3.4719471947194718,2.353467561521253,0.2360655737704918,0.004844571674260421,0.48445716742604206,6.435072142064373,0.6770255271920089,10.206437291897892,2.3362930077691453,9.685904550499446,6.5338512763596,9.648168701442842,1.1675915649278579,0.3362930077691454,0.8312985571587126,0.7790549169859514,0.7744807121661721,3.419301737029794,0.3053425869138026,0.21328224776500637,31.96427700348432,0.1598224195338513,Energy
2023-09-30,HAL,2023,Q3,USD,0.19262577532736044,0.17815299793246037,0.2224328049620951,0.1786698828394211,0.1578221915920055,0.12474155754651964,0.1233631977946244,0.1233631977946244,1.1327088212334113,1.4471896232242125,1.4046762589928057,1.006764960971379,0.23746010964732836,2.1406163498800517,1.5250046133973059,0.06372516881924867,0.3757150765823953,12.698673184357542,0.7195914804469272,0.7195914804469272,3.9747540983606555,6.266195727084769,78.21290322580646,41.61212814645309,0.3641273218230914,0.9726775956284153,0.4930747922437673,0.4860128075497135,2.671256830601093,0.9454308519302818,0.16128436980992802,0.15058580289455548,0.5320366132723112,3.0027322404371586,8.788135593220339,3.524193548387097,0.09820224719101124,2.136919315403423,1.5804701627486437,0.2011173184357542,0.003959415986142044,0.3959415986142044,6.463251670378619,0.7973273942093542,10.042316258351892,2.267260579064588,10.232739420935411,7.05902004454343,10.189309576837417,0.9732739420935412,0.455456570155902,0.5178173719376392,0.7816593886462883,0.8833172613307618,3.9747540983606555,0.24471390469905688,0.2096069868995633,33.48799380325329,0.1603563474387528,Energy
2023-12-31,HAL,2023,Q4,USD,0.19742115351106465,0.20020909566126502,0.24481617006447115,0.17912528315037463,0.1454957309635825,0.11622233838647848,0.11517686008015333,0.11517686008015333,1.1808641975308642,1.4636161423578011,1.4277743335399875,0.9584168336673347,0.23250820402706315,2.058309557774608,1.4830599144079886,0.06013114754098361,0.4037089871611983,12.209512102874433,-1.627934947049923,-1.627934947049923,3.4375412629112976,5.625013068478829,31.930712166172107,22.895,0.3568853056759713,0.9380257693536365,0.484010989010989,0.44846420391143477,2.6283675859865827,0.9473423572136018,0.2514265335235378,0.2456874019864088,0.7170212765957447,3.9394904458598727,3.2738853503184715,0.0,0.16006357134748553,3.5338345864661656,2.6014760147601477,0.21633888048411498,0.00442972001381577,0.442972001381577,6.4266517357222845,0.7402015677491601,10.21612541993281,2.5352743561030233,10.563269876819708,7.371780515117581,10.516237402015678,1.5789473684210527,0.44680851063829785,1.1321388577827547,0.7916167664670659,0.8122568093385214,3.4375412629112976,0.2365408533251554,0.20119760479041915,27.634839857651247,0.1601343784994401,Energy
2024-03-31,HAL,2024,Q1,USD,0.18642315644383184,0.15523776705720194,0.2005513439007581,0.1700551343900758,0.1355961405926947,0.1049276361130255,0.10441075120606479,0.10441075120606479,1.1373701744072116,1.5271668822768434,1.449355432780847,0.9585466556564822,0.23541818771801737,2.123628927309909,1.5179401375720394,0.05804167779855731,0.3515523331474252,14.644294554455445,-1.8061296617161726,-1.8061296617161726,3.683869863013699,6.116087181254307,226.10044585987262,72.89069815195072,0.3564127524945242,0.911892901618929,0.4769581501384139,0.44213512418224976,2.558530510585305,0.9690291343183906,0.09053727458635434,0.08390764989662301,0.32238193018480493,2.5879265091863517,8.657894736842104,1.8239700374531835,0.05542278365767611,1.4757575757575758,1.0124740124740124,0.24917491749174916,0.004253788336563113,0.42537883365631135,6.528683914510686,0.6816647919010124,10.012373453318336,2.12710911136108,10.890888638920135,7.68503937007874,10.839145106861642,0.547806524184477,0.3712035995500562,0.1766029246344207,0.770012706480305,0.7973657548125633,3.683869863013699,0.22266187425294603,0.22617534942820838,36.420764604811,0.16985376827896512,Energy
2024-06-30,HAL,2024,Q2,USD,0.19252528715926626,0.1772672724155666,0.2237270701182925,0.17692439567975313,0.15772329847419853,0.12223555631750385,0.12154980284587691,0.12154980284587691,1.094987798010137,1.4294385432473444,1.4351005484460695,0.956386292834891,0.23190998727735368,2.130200860832138,1.5416068866571018,0.06487488415199258,0.383428981348637,10.420352609308885,0.5904866478608367,0.5904866478608367,2.955212,5.0663672209840565,40.26174386920981,27.337761332099905,0.3470101781170484,0.8728,0.46604015378043573,0.43304229504478964,2.5152,0.9449214320427669,0.19386657101865137,0.18532487570718326,0.6790009250693803,2.9516129032258065,9.052631578947368,4.189922480620155,0.12385426214482126,3.115273775216138,2.1706827309236947,0.21297602256699577,0.005109616501286541,0.510961650128654,6.59841628959276,0.8020361990950227,10.002262443438914,2.418552036199095,11.364253393665159,8.131221719457013,11.312217194570136,1.2228506787330318,0.3925339366515837,0.830316742081448,0.7706521739130435,0.8914728682170543,2.955212,0.2671889529414472,0.225,27.69511111111111,0.17081447963800905,Energy
2024-09-30,HAL,2024,Q3,USD,0.18781814990345796,0.1486747410918027,0.19606810602071265,0.15288748464103916,0.1288397402141478,0.10180796910654731,0.10022819027558363,0.10022819027558363,1.0670537553849035,1.5377201728148886,1.4486537257357546,0.9581231079717457,0.22490229363230824,2.205677655677656,1.6206959706959707,0.05614527004472929,0.3989010989010989,11.205363397548162,-0.5976193812025686,-0.5976193812025686,2.485727466977467,4.49237317886607,50.98217131474104,30.431688466111773,0.3432552998302475,0.8445027195027195,0.4578484545310937,0.42592695846110956,2.4602758352758354,0.8842840512223515,0.15402930402930404,0.1476215552044936,0.5969084423305588,8.52212389380531,7.707964601769912,0.0,0.09672225416906267,2.4808259587020647,1.7198364008179958,0.2626970227670753,0.005860966160735043,0.5860966160735043,6.4665153234960275,0.6481271282633371,9.99772985244041,2.4721906923950057,11.750283768444948,8.52894438138479,11.68671963677639,0.9545970488081725,0.3847900113507378,0.5698070374574348,0.7779291553133515,0.8427095292766934,2.485727466977467,0.29847947001236663,0.2098092643051771,28.746687555953446,0.170261066969353,Energy
2024-12-31,HAL,2024,Q4,USD,0.18288770053475936,0.1661319073083779,0.21515151515151515,0.1661319073083779,0.1413547237076649,0.10944741532976827,0.10962566844919786,0.10962566844919786,1.0963455149501662,1.4374412041392286,1.5078947368421052,0.9144254278728606,0.21925196388791182,2.0466115702479337,1.5441322314049586,0.05917946671986169,0.43272727272727274,9.671239837398375,1.2572611788617896,1.2572611788617896,2.255522373909746,4.240864527629234,23.098300970873787,16.340144230769234,0.33618634462813146,0.8155100492984452,0.44919060052219323,0.4043370228145471,2.425767918088737,0.8687572590011614,0.24066115702479338,0.25953654188948305,0.7074175824175825,2.0979591836734692,8.55045871559633,3.8215223097112863,0.16926296210183678,3.4178403755868545,2.5365853658536586,0.24065040650406505,0.006220774444386066,0.6220774444386066,6.411428571428571,0.7028571428571428,9.955428571428572,2.992,12.054857142857143,8.811428571428571,12.054857142857143,1.664,0.4868571428571429,1.177142857142857,0.7755359394703657,0.8508583690987125,2.255522373909746,0.31696527084537385,0.2257250945775536,24.66880695940348,0.16914285714285715,Energy
2025-03-31,HAL,2025,Q1,USD,0.16226693741923573,0.07697987816134391,0.12811519291120546,0.07956433450249216,0.05648883145652575,0.037474616946649435,0.03765922097101717,0.03765922097101717,1.0409300538047657,1.432449494949495,1.4908015768725362,0.8832545247024295,0.21513960046070138,1.9799072642967543,1.457152670444788,0.032566012186865265,0.3098059419543191,26.92453431372549,-0.409721174339301,-0.409721174339301,2.11926497540272,4.05582794904929,292.93893333333335,58.27697612732096,0.3405218634576433,0.8270473618211633,0.45266881368459955,0.40851258058994694,2.4287643484132344,0.8999833859445091,0.06474325948823631,0.06959571718663467,0.1989389920424403,1.201219512195122,3.8828828828828827,0.989501312335958,0.04397014229064614,1.2483443708609272,0.8396436525612472,0.7205882352941176,0.006690814285753298,0.6690814285753299,6.255196304849885,0.23556581986143188,10.028868360277137,2.0831408775981526,12.019630484988452,8.681293302540416,11.971131639722863,0.4353348729792148,0.34872979214780603,0.08660508083140878,0.6666666666666666,0.7099767981438515,2.11926497540272,0.3432342212848002,0.3366013071895425,41.41270893371758,0.1697459584295612,Energy
2025-06-30,HAL,2025,Q2,USD,-0.15952813067150634,0.0,0.008166969147005444,0.13194192377495462,0.11088929219600727,0.0,0.1720508166969147,-0.037023593466424684,1.108651911468813,1.4045187248529867,1.4776945620319115,0.8859945328831001,0.2171257437837412,1.9970910335386722,1.4715947980835045,0.04524612272420769,0.3487337440109514,4.632795358649789,0.0370623628691983,0.0370623628691983,1.665645207167915,3.188304900181488,32.41247232472325,19.606651785714284,0.3373527209678055,0.8117000094813691,0.4480322378061545,0.4288421964691866,2.406087038968427,0.9555189456342669,0.15331964407939766,0.16261343012704174,0.6049107142857143,1.0821529745042493,-2.5155709342560555,1.395638629283489,0.10466067048242028,2.531073446327684,1.7955911823647295,0.1529535864978903,0.008253849709350645,0.8253849709350644,6.392111368909513,1.099767981438515,9.596287703016241,2.3642691415313224,12.235498839907192,8.796983758700696,12.235498839907192,1.0394431554524362,0.41067285382830626,0.62877030162413,1.5515548281505729,0.8404401650618982,1.665645207167915,0.4873186714603508,-0.5515548281505729,535.3457777777778,0.16821345707656613,Energy
