date,symbol,fiscalYear,period,reportedCurrency,grossProfitMargin,ebitMargin,ebitdaMargin,operatingProfitMargin,pretaxProfitMargin,continuousOperationsProfitMargin,netProfitMargin,bottomLineProfitMargin,receivablesTurnover,payablesTurnover,inventoryTurnover,fixedAssetTurnover,assetTurnover,currentRatio,quickRatio,solvencyRatio,cashRatio,priceToEarningsRatio,priceToEarningsGrowthRatio,forwardPriceToEarningsGrowthRatio,priceToBookRatio,priceToSalesRatio,priceToFreeCashFlowRatio,priceToOperatingCashFlowRatio,debtToAssetsRatio,debtToEquityRatio,debtToCapitalRatio,longTermDebtToCapitalRatio,financialLeverageRatio,workingCapitalTurnoverRatio,operatingCashFlowRatio,operatingCashFlowSalesRatio,freeCashFlowOperatingCashFlowRatio,debtServiceCoverageRatio,interestCoverageRatio,shortTermOperatingCashFlowCoverageRatio,operatingCashFlowCoverageRatio,capitalExpenditureCoverageRatio,dividendPaidAndCapexCoverageRatio,dividendPayoutRatio,dividendYield,dividendYieldPercentage,revenuePerShare,netIncomePerShare,interestDebtPerShare,cashPerShare,bookValuePerShare,tangibleBookValuePerShare,shareholdersEquityPerShare,operatingCashFlowPerShare,capexPerShare,freeCashFlowPerShare,netIncomePerEBT,ebtPerEbit,priceToFairValue,debtToMarketCap,effectiveTaxRate,enterpriseValueMultiple,dividendPerShare,sector
1987-03-31,DVN,1987,Q1,USD,1.0,1.0,1.0,1.0,0.0,-0.07692307692307693,0.0,0.0,0.0,0.0,0.0,0.0,0.0,0.0,0.0,0.0,0.0,0.0,0.0,0.0,0.0,8.883923076923077,0.0,0.0,0.0,0.0,0.0,0.0,0.0,0.0,0.0,,0.0,0.0,0.0,0.0,0.0,0.0,0.0,0.0,,,0.31630170316301703,0.0,,,,,,,,,0.0,0.0,0.0,,0.0,,,Energy
1987-06-30,DVN,1987,Q2,USD,1.0,1.0,1.0,1.0,0.0,-0.075,0.0,0.0,0.0,0.0,0.0,0.0,0.0,0.0,0.0,0.0,0.0,0.0,0.0,0.0,0.0,8.106975,0.0,0.0,0.0,0.0,0.0,0.0,0.0,0.0,0.0,,0.0,0.0,0.0,0.0,0.0,0.0,0.0,0.0,,,0.32441200324412,0.0,,,,,,,,,0.0,0.0,0.0,,0.0,,,Energy
1987-09-30,DVN,1987,Q3,USD,1.0,1.0,1.0,1.0,0.0,-0.05263157894736842,0.0,0.0,0.0,0.0,0.0,0.0,0.0,0.0,0.0,0.0,0.0,0.0,0.0,0.0,0.0,8.306526315789474,0.0,0.0,0.0,0.0,0.0,0.0,0.0,0.0,0.0,,0.0,0.0,0.0,0.0,0.0,0.0,0.0,0.0,,,0.308191403081914,0.0,,,,,,,,,0.0,0.0,0.0,,0.0,,,Energy
1987-12-31,DVN,1987,Q4,USD,1.0,-3.8285714285714287,-3.8285714285714287,-3.8285714285714287,0.0,-0.08571428571428572,0.0,0.0,0.6363636363636364,0.0,0.0,0.068762278978389,0.057660626029654036,1.836734693877551,1.7755102040816326,0.0,0.6530612244897959,0.0,0.0,0.0,0.45224221453287194,3.7342285714285715,0.0,0.0,0.22240527182866557,0.4671280276816609,0.31839622641509435,0.31839622641509435,2.1003460207612457,0.0,,,0.0,0.0,0.0,0.0,,0.0,0.0,0.0,,,0.28386050283860503,0.0,1.094890510948905,0.259529602595296,2.3438767234387674,2.3438767234387674,2.3438767234387674,,,,0.0,0.0,0.45224221453287194,1.0329155763668916,0.0,-1.7440149253731343,,Energy
1988-03-31,DVN,1988,Q1,USD,1.0,1.0,1.0,1.0,0.0,-0.02564102564102564,0.0,0.0,0.0,0.0,0.0,0.0,0.0,0.0,0.0,0.0,0.0,0.0,0.0,0.0,0.0,5.5025641025641026,0.0,0.0,0.0,0.0,0.0,0.0,0.0,0.0,0.0,,0.0,0.0,0.0,0.0,0.0,0.0,0.0,0.0,,,0.2271668219944082,0.0,,,,,,,,,0.0,0.0,0.0,,0.0,,,Energy
1988-06-30,DVN,1988,Q2,USD,1.0,1.0,1.0,1.0,0.0,0.0,0.0,0.0,0.0,0.0,0.0,0.0,0.0,0.0,0.0,0.0,0.0,0.0,0.0,0.0,0.0,4.402051282051282,0.0,0.0,0.0,0.0,0.0,0.0,0.0,0.0,0.0,,0.0,0.0,0.0,0.0,0.0,0.0,0.0,0.0,,,0.2271668219944082,0.0,,,,,,,,,0.0,0.0,0.0,,0.0,,,Energy
1988-09-30,DVN,1988,Q3,USD,1.0,1.0,1.0,1.0,0.0,-0.10869565217391304,0.0,0.0,0.0,0.0,0.0,0.0,0.0,0.0,0.0,0.0,0.0,0.0,0.0,0.0,0.0,10.972591304347826,0.0,0.0,0.0,0.0,0.0,0.0,0.0,0.0,0.0,,0.0,0.0,0.0,0.0,0.0,0.0,0.0,0.0,,,0.2679403541472507,0.0,,,,,,,,,0.0,0.0,0.0,,0.0,,,Energy
1988-12-31,DVN,1988,Q4,USD,1.0,-2.3389830508474576,-2.3389830508474576,-2.3389830508474576,0.0,0.0,0.0,0.0,1.5526315789473684,0.0,0.0,0.07203907203907203,0.06621773288439955,1.1578947368421053,0.9824561403508771,0.0,0.3157894736842105,0.0,0.0,0.0,0.9822076923076922,6.925396610169492,0.0,0.0,0.3367003367003367,0.7211538461538461,0.41899441340782123,0.41899441340782123,2.141826923076923,0.0,,,0.0,0.0,0.0,0.0,,0.0,0.0,0.0,,,0.3436626281453868,0.0,1.7474370922646785,0.1048462255358807,2.423112767940354,2.423112767940354,2.423112767940354,,,,0.0,0.0,0.9822076923076922,0.734217265657428,0.0,-5.004336231884058,,Energy
1989-03-31,DVN,1989,Q1,USD,1.0,1.0,1.0,1.0,0.0,-0.027777777777777776,0.0,0.0,0.0,0.0,0.0,0.0,0.0,0.0,0.0,0.0,0.0,0.0,0.0,0.0,0.0,8.202488888888888,0.0,0.0,0.0,0.0,0.0,0.0,0.0,0.0,0.0,,0.0,0.0,0.0,0.0,0.0,0.0,0.0,0.0,,,0.4193849021435228,0.0,,,,,,,,,0.0,0.0,0.0,,0.0,,,Energy
1989-06-30,DVN,1989,Q2,USD,0.6133333333333333,0.08,0.38666666666666666,0.08,-0.02666666666666667,-0.013333333333333334,-0.013333333333333334,-0.013333333333333334,2.0833333333333335,0.6444444444444445,2.9,0.1,0.08960573476702509,1.6122448979591837,1.4081632653061225,0.05200945626477541,0.6326530612244898,-212.5,4.25,4.25,2.0531400966183577,11.333333333333334,0.0,0.0,0.3106332138590203,0.6280193236714976,0.3857566765578635,0.3857566765578635,2.0217391304347827,0.0,,,0.0,0.0,0.0,0.0,,0.0,0.0,,,,0.375,-0.005,1.3,0.155,2.07,2.07,2.07,,,,0.5,-0.3333333333333333,2.0531400966183577,0.3058823529411765,0.5,37.206896551724135,,Energy
1989-09-30,DVN,1989,Q3,USD,0.5571428571428572,0.07142857142857142,0.37142857142857144,0.07142857142857142,0.0,0.014285714285714285,0.014285714285714285,0.014285714285714285,2.0,0.7560975609756098,3.1,0.0938337801608579,0.07709251101321586,3.627906976744186,3.395348837209302,0.10426540284360189,2.558139534883721,225.0,2.25,2.25,1.291248206599713,12.857142857142858,-150.0,60.0,0.0605726872246696,0.07890961262553801,0.07313829787234043,0.07313829787234043,1.302725968436155,0.9790209790209791,0.3488372093023256,0.21428571428571427,-0.4,0.0,0.0,0.0,0.2727272727272727,0.7142857142857143,0.7142857142857143,0.0,0.0,0.0,0.35,0.005,0.275,0.55,3.485,3.485,3.485,0.075,0.105,-0.03,0.0,0.0,1.291248206599713,0.06111111111111111,0.0,32.5,0.0,Energy
1989-12-31,DVN,1989,Q4,USD,0.391304347826087,-0.10869565217391304,0.021739130434782608,-0.10869565217391304,0.3695652173913043,0.2391304347826087,0.2391304347826087,0.2391304347826087,0.8214285714285714,0.4307692307692308,3.111111111111111,0.05430932703659976,0.04698672114402452,1.5205479452054795,1.3972602739726028,0.061371841155234655,0.6301369863013698,30.681818181818183,-0.04720279720279721,-0.04720279720279721,1.9230769230769231,29.347826086956523,-13.366336633663366,67.5,0.11542390194075587,0.16096866096866097,0.13865030674846626,0.13865030674846626,1.3945868945868947,0.609271523178808,0.273972602739726,0.43478260869565216,-5.05,0.0,0.0,0.0,0.17699115044247787,0.1652892561983471,0.15748031496062992,0.5454545454545454,0.0044444444444444444,0.4444444444444444,0.23,0.055,0.565,0.23,3.51,3.51,3.51,0.1,0.605,-0.505,0.6470588235294118,-3.4,1.9230769230769231,0.0837037037037037,0.35294117647058826,1417.0,0.03,Energy
1990-03-31,DVN,1990,Q1,USD,0.5441176470588235,0.10294117647058823,0.36764705882352944,0.10294117647058823,0.07352941176470588,0.04411764705882353,0.04411764705882353,0.04411764705882353,1.837837837837838,0.49206349206349204,3.875,0.07319698600645856,0.06576402321083172,1.2647058823529411,1.1470588235294117,0.06287425149700598,0.5588235294117647,90.74831666666665,-0.6654876555555554,-0.6654876555555554,1.5556854285714286,16.01440882352941,-15.337743661971832,40.33258518518518,0.15473887814313347,0.22857142857142856,0.18604651162790697,0.18604651162790697,1.477142857142857,2.4285714285714284,0.39705882352941174,0.39705882352941174,-2.6296296296296298,0.0,0.0,0.0,0.16875,0.2755102040816326,0.25961538461538464,2.0,0.005509744074224335,0.5509744074224334,0.39402016456136285,0.017383242554177773,0.9271062695561478,0.22018773901958513,4.056089929308147,4.056089929308147,4.056089929308147,0.15644918298759997,0.5678525901031406,-0.41140340711554063,0.6,0.7142857142857143,1.5556854285714286,0.14692650864598222,0.4,48.439192,0.034766485108355547,Energy
1990-06-30,DVN,1990,Q2,USD,0.5454545454545454,0.07272727272727272,0.36363636363636365,0.07272727272727272,0.10909090909090909,0.01818181818181818,0.01818181818181818,0.01818181818181818,0.5445544554455446,0.18796992481203006,2.0833333333333335,0.055165496489468405,0.0464527027027027,1.313868613138686,1.2262773722627738,0.034764826175869123,0.4744525547445255,286.05135,5.721027,5.721027,1.646338705035971,20.803734545454546,-14.6693,42.37797777777777,0.21114864864864866,0.3597122302158273,0.26455026455026454,0.26455026455026454,1.7035971223021582,1.8032786885245902,0.19708029197080293,0.4909090909090909,-2.888888888888889,0.0,0.0,0.0,0.108,0.2571428571428571,0.24324324324324326,6.0,0.005243813741833416,0.5243813741833416,0.31869278015992586,0.005794414184725924,1.448603546181481,0.37663692200718507,4.027117858384518,4.027117858384518,4.027117858384518,0.15644918298759997,0.6084134893962221,-0.45196430640862206,0.16666666666666666,1.5,1.646338705035971,0.218492239243059,0.5,66.46027,0.034766485108355547,Energy
1990-09-30,DVN,1990,Q3,USD,0.6052631578947368,0.19736842105263158,0.47368421052631576,0.19736842105263158,0.15789473684210525,0.10526315789473684,0.10526315789473684,0.10526315789473684,0.8735632183908046,0.24193548387096775,1.3043478260869565,0.07539682539682539,0.061788617886178863,1.68503937007874,1.5039370078740157,0.05451127819548872,0.8031496062992126,40.236450000000005,-0.301773375,-0.301773375,1.8446510028653296,16.941663157894737,-91.96902857142857,34.79909189189189,0.24390243902439024,0.4297994269340974,0.30060120240480964,0.30060120240480964,1.7621776504297995,1.1692307692307693,0.29133858267716534,0.4868421052631579,-0.3783783783783784,0.0,0.0,0.0,0.12333333333333334,0.7254901960784313,0.6607142857142857,0.625,0.0038832948731809093,0.3883294873180909,0.43915405061828267,0.046226742170345544,1.733502831387958,0.5893909626719057,4.033283254362649,4.033283254362649,4.033283254362649,0.21379868253784814,0.29469548133595286,-0.0808967987981047,0.6666666666666666,0.8,1.8446510028653296,0.23299769239085455,0.3333333333333333,41.26573333333333,0.028891713856465967,Energy
1990-12-31,DVN,1990,Q4,USD,0.65625,0.21875,0.4791666666666667,0.21875,0.25,0.15625,0.15625,0.15625,1.0,0.25984251968503935,3.0,0.09186602870813397,0.07773279352226721,1.3115942028985508,1.2318840579710144,0.07590132827324478,0.5289855072463768,16.584916666666665,0.021623098652759666,0.021623098652759666,1.4055014124293785,10.365572916666666,-110.56611111111111,21.6325,0.22672064777327935,0.3954802259887006,0.2834008097165992,0.2834008097165992,1.7443502824858756,1.476923076923077,0.3333333333333333,0.4791666666666667,-0.1956521739130435,0.0,0.0,0.0,0.16428571428571428,0.8363636363636363,0.7540983606557377,0.4,0.006029575065697246,0.6029575065697246,0.5547209060441466,0.0866751415693979,1.6179359759620942,0.4218190223044031,4.0910666820755806,4.0910666820755806,4.0910666820755806,0.26580376747948686,0.3178088524211256,-0.05200508494163874,0.625,1.1428571428571428,1.4055014124293785,0.2813801697325381,0.375,26.1325,0.03467005662775916,Energy
1991-03-31,DVN,1991,Q1,USD,0.631578947368421,-3.1184210526315788,-2.8289473684210527,-3.1184210526315788,-3.1447368421052633,-2.3421052631578947,-2.3421052631578947,-2.3421052631578947,0.7676767676767676,0.2413793103448276,3.111111111111111,0.08930669800235018,0.0753221010901883,1.2605042016806722,1.184873949579832,-0.31771894093686354,0.3445378151260504,-1.134433973735955,0.0008577258700872704,0.0008577258700872704,1.559299207142857,10.62785512236842,-11.37629562394366,-62.13207609999999,0.32210109018830524,0.6274131274131274,0.38552787663107946,0.38552787663107946,1.9478764478764479,2.054054054054054,-0.1092436974789916,-0.17105263157894737,5.461538461538462,0.0,0.0,0.0,-0.04,-0.22413793103448276,-0.203125,-0.033707865168539325,0.0074283444318781035,0.7428344431878103,0.4525842650862265,-1.059999989280899,1.935393238855574,0.24415730090178012,3.084719069929807,3.084719069929807,3.084719069929807,-0.07741572955422296,0.3453932549342255,-0.42280898448844845,0.7447698744769874,1.0084388185654007,1.559299207142857,0.4023686567267306,0.25523012552301255,-5.077753438604651,0.03573033671733367,Energy
1991-06-30,DVN,1991,Q2,USD,0.6,0.16923076923076924,0.4,0.16923076923076924,0.3230769230769231,0.24615384615384617,0.24615384615384617,0.24615384615384617,0.625,0.2047244094488189,2.888888888888889,0.07738095238095238,0.06280193236714976,1.4090909090909092,1.3409090909090908,0.06126482213438735,0.5454545454545454,12.4631487109375,-0.11795480029994419,-0.11795480029994419,1.5078289555765596,12.271407961538461,37.982929404761904,20.452346602564102,0.3188405797101449,0.6238185255198487,0.3841676367869616,0.3841676367869616,1.9565217391304348,1.5294117647058822,0.29545454545454547,0.6,0.5384615384615384,0.0,0.0,0.0,0.11818181818181818,2.1666666666666665,1.6956521739130435,0.3125,0.0062684801258480125,0.6268480125848013,0.3870786477711148,0.0952808979128898,1.9651685194533521,0.4287640406080041,3.150224687244919,3.150224687244919,3.150224687244919,0.23224718866266889,0.10719101015200103,0.12505617851066786,0.7619047619047619,1.9090909090909092,1.5078289555765596,0.41371968830596884,-0.23809523809523808,40.60159682692308,0.02977528059777806,Energy
1991-09-30,DVN,1991,Q3,USD,0.6333333333333333,0.08333333333333333,0.4,0.08333333333333333,0.11666666666666667,0.016666666666666666,0.016666666666666666,0.016666666666666666,0.7407407407407407,0.205607476635514,2.4444444444444446,0.07177033492822966,0.06012024048096192,1.3693693693693694,1.2882882882882882,0.042283298097251586,0.5495495495495496,238.14000000000001,-1.6809882352941174,-1.6809882352941174,1.8143999999999998,15.876,952.56,45.36,0.32064128256513025,0.6095238095238096,0.378698224852071,0.378698224852071,1.900952380952381,1.263157894736842,0.1891891891891892,0.35,0.047619047619047616,0.0,0.0,0.0,0.065625,1.05,0.8076923076923077,6.0,0.0062988158226253465,0.6298815822625345,0.37037037037037035,0.006172839506172839,1.9753086419753085,0.3765432098765432,3.240740740740741,3.240740740740741,3.240740740740741,0.12962962962962962,0.12345679012345678,0.006172839506172839,0.14285714285714285,1.4,1.8143999999999998,0.3359368438733518,0.5714285714285714,50.48166666666667,0.037037037037037035,Energy
1991-12-31,DVN,1991,Q4,USD,0.6428571428571429,0.16666666666666666,0.42857142857142855,0.16666666666666666,0.13095238095238096,0.13095238095238096,0.13095238095238096,-0.14285714285714285,0.9767441860465116,0.24793388429752067,5.0,0.10011918951132301,0.08227228207639568,1.323076923076923,1.2769230769230768,0.06720977596741344,0.5923076923076923,16.34727272727273,-0.04399158430374794,-0.04399158430374794,1.3571320754716982,8.562857142857142,32.694545454545455,15.636521739130437,0.32615083251714005,0.6283018867924528,0.3858632676709154,0.3858632676709154,1.9264150943396225,2.0240963855421685,0.35384615384615387,0.5476190476190477,0.4782608695652174,0.0,0.0,0.0,0.13813813813813813,1.9166666666666667,1.5333333333333334,0.5454545454545454,0.008341675008341674,0.8341675008341674,0.5185185185185185,0.06790123456790123,2.0555555555555554,0.47530864197530864,3.271604938271605,3.271604938271605,3.271604938271605,0.2839506172839506,0.14814814814814814,0.13580246913580246,1.0,0.7857142857142857,1.3571320754716982,0.46296296296296297,0.2727272727272727,27.09111111111111,0.037037037037037035,Energy
1992-03-31,DVN,1992,Q1,USD,0.589041095890411,0.0821917808219178,0.410958904109589,0.0821917808219178,0.1506849315068493,0.1095890410958904,0.1095890410958904,0.1095890410958904,1.2372881355932204,0.38461538461538464,5.0,0.08763505402160865,0.0745658835546476,1.5357142857142858,1.4642857142857142,0.07174887892376682,0.7261904761904762,23.427543749999995,-0.3007051456758033,-0.3007051456758033,1.406531707317073,10.269608219178082,-74.96814,23.427543749999995,0.3268641470888662,0.600375234521576,0.37514654161781946,0.37514654161781946,1.8367729831144466,1.6781609195402298,0.38095238095238093,0.4383561643835616,-0.3125,0.0,0.0,0.0,0.1,0.7619047619047619,0.6666666666666666,0.75,0.00800339984425384,0.800339984425384,0.4196849488329309,0.04599287110497873,1.839714844199149,0.3506956421754628,3.0642750373692076,3.0642750373692076,3.0642750373692076,0.18397148441991493,0.24146257330113832,-0.05749108888122341,0.7272727272727273,1.8333333333333333,1.406531707317073,0.4268479916935381,0.2727272727272727,33.62271333333333,0.03449465332873405,Energy
1992-06-30,DVN,1992,Q2,USD,0.6956521739130435,0.22826086956521738,0.5652173913043478,0.22826086956521738,0.1956521739130435,0.14130434782608695,0.14130434782608695,0.14130434782608695,1.295774647887324,0.28,4.666666666666667,0.11097708082026538,0.09001956947162426,1.6285714285714286,1.5714285714285714,0.0912863070539419,0.8761904761904762,32.8125,0.19687499999999997,0.19687499999999997,3.159722222222222,18.546195652173914,68.25,27.971311475409838,0.32289628180039137,0.6111111111111112,0.3793103448275862,0.3793103448275862,1.8925925925925926,1.6576576576576576,0.580952380952381,0.6630434782608695,0.4098360655737705,0.0,0.0,0.0,0.18484848484848485,1.6944444444444444,1.4878048780487805,0.38461538461538464,0.0029304029304029304,0.29304029304029305,0.28307692307692306,0.04,1.0153846153846153,0.28307692307692306,1.6615384615384616,1.6615384615384616,1.6615384615384616,0.18769230769230769,0.11076923076923077,0.07692307692307693,0.7222222222222222,0.8571428571428571,3.159722222222222,0.1934065934065934,0.2777777777777778,37.38942307692308,0.015384615384615385,Energy
1992-09-30,DVN,1992,Q3,USD,0.6470588235294118,0.2647058823529412,0.5756302521008403,0.2647058823529412,0.3025210084033613,0.2184873949579832,0.2184873949579832,0.2184873949579832,1.2795698924731183,0.5714285714285714,9.333333333333334,0.1183490800596718,0.10008410428931876,2.1761006289308176,2.119496855345912,0.13665943600867678,0.9119496855345912,14.903846153846153,0.06623931623931624,0.06623931623931624,2.129120879120879,13.025210084033613,41.891891891891895,30.392156862745097,0.2956265769554247,0.48282967032967034,0.3256137100509495,0.3256137100509495,1.6332417582417582,1.8814229249011858,0.6415094339622641,0.42857142857142855,0.7254901960784313,0.0,0.0,0.0,0.14509246088193456,3.642857142857143,3.0,0.11538461538461539,0.001935483870967742,0.1935483870967742,0.595,0.13,1.7575,0.3625,3.64,3.64,3.64,0.255,0.07,0.185,0.7222222222222222,1.1428571428571428,2.129120879120879,0.2267741935483871,0.2777777777777778,26.7007299270073,0.015,Energy
1992-12-31,DVN,1992,Q4,USD,0.6890459363957597,0.3674911660777385,0.6148409893992933,0.3674911660777385,0.3321554770318021,0.2579505300353357,0.2579505300353357,0.1978798586572438,1.6079545454545454,0.9777777777777777,17.6,0.14329113924050632,0.1252212389380531,2.0956521739130434,2.0521739130434784,0.19669876203576342,0.48695652173913045,10.273972602739727,0.2671232876712329,0.2671232876712329,1.9569471624266144,10.60070671378092,52.63157894736842,27.27272727272727,0.2411504424778761,0.35551206784083494,0.26227141482194416,0.26227141482194416,1.4742335290280495,1.8083067092651757,0.9565217391304348,0.38869257950530034,0.5181818181818182,0.0,0.0,0.0,0.2018348623853211,2.0754716981132075,2.0754716981132075,0.0,0.0,0.0,0.7075,0.1825,1.3625,0.14,3.8325,3.8325,3.8325,0.275,0.1325,0.1425,0.776595744680851,0.9038461538461539,1.9569471624266144,0.18166666666666667,0.22340425531914893,20.051724137931036,0.0,Energy
1993-03-31,DVN,1993,Q1,USD,0.634453781512605,0.25210084033613445,0.5588235294117647,0.25210084033613445,0.2184873949579832,0.1638655462184874,0.2184873949579832,0.2184873949579832,1.5256410256410255,1.0481927710843373,17.4,0.12111959287531807,0.10338835794960903,2.8155339805825244,2.766990291262136,0.1765536723163842,0.8737864077669902,23.26,-0.8373600000000003,-0.8373600000000003,3.0351819322459224,20.32806722689076,127.31789473684212,42.07026086956522,0.22371850564726325,0.3230865746549561,0.24419155998103367,0.24419155998103367,1.4441656210790463,1.5207667731629393,1.116504854368932,0.4831932773109244,0.33043478260869563,0.0,0.0,0.0,0.22330097087378642,1.4935064935064934,1.4935064935064934,0.0,0.0,0.0,0.5721153846153846,0.125,1.2379807692307692,0.21634615384615385,3.831730769230769,3.831730769230769,3.831730769230769,0.2764423076923077,0.18509615384615385,0.09134615384615384,1.0,0.8666666666666667,3.0351819322459224,0.10644718566042727,0.25,39.572030075187975,0.0,Energy
1993-06-30,DVN,1993,Q2,USD,0.6422764227642277,0.3130081300813008,0.5609756097560976,0.3130081300813008,0.2967479674796748,0.21138211382113822,0.21138211382113822,0.21138211382113822,1.8778625954198473,0.46808510638297873,17.6,0.10073710073710074,0.0863157894736842,1.7524271844660195,1.7281553398058251,0.0934656741108354,0.9514563106796117,26.88,0.0,0.0,3.40709323583181,22.72780487804878,-17.363478260869567,21.339847328244275,0.3157894736842105,0.5484460694698354,0.3541912632821724,0.3541912632821724,1.736745886654479,1.4385964912280702,1.2718446601941749,1.065040650406504,-1.2290076335877862,0.0,0.0,0.0,0.2911111111111111,0.4486301369863014,0.4438872323122798,0.12,0.0011160714285714285,0.11160714285714286,0.5913461538461539,0.125,2.1634615384615383,0.47115384615384615,3.9447115384615383,3.9447115384615383,3.9447115384615383,0.6298076923076923,1.4038461538461537,-0.7740384615384616,0.7123287671232876,0.948051948051948,3.40709323583181,0.16097184065934067,0.2876712328767123,45.616231884057974,0.015,Energy
1993-09-30,DVN,1993,Q3,USD,0.6638297872340425,0.28085106382978725,0.5957446808510638,0.28085106382978725,0.23829787234042554,0.16170212765957448,0.16170212765957448,0.16170212765957448,1.1633663366336633,0.441340782122905,11.285714285714286,0.0972682119205298,0.08348134991119005,1.7107843137254901,1.6764705882352942,0.09807355516637478,0.5980392156862745,35.41666648026316,-1.1510416606085527,-1.1510416606085527,3.217772447698745,22.90780129787234,1794.444435,61.17424210227273,0.29484902309058614,0.49611476389719067,0.3316020775069916,0.3316020775069916,1.6826060968320382,1.5666666666666667,0.43137254901960786,0.37446808510638296,0.03409090909090909,0.0,0.0,0.0,0.10602409638554217,1.035294117647059,0.9565217391304348,0.18421052631578946,0.0013003096043669546,0.13003096043669546,0.5565789502977839,0.09000000047368421,1.965789484030471,0.28894736994182824,3.9623684419072025,3.9623684419072025,3.9623684419072025,0.20842105372853187,0.201315790533241,0.007105263195290859,0.6785714285714286,0.8484848484848485,3.217772447698745,0.1541795673749389,0.32142857142857145,43.50952360714286,0.016578947455678672,Energy
1993-12-31,DVN,1993,Q4,USD,0.7018867924528301,0.33584905660377357,0.6226415094339622,0.33584905660377357,0.2981132075471698,0.2339622641509434,0.2339622641509434,0.2339622641509434,1.7207792207792207,0.42473118279569894,11.285714285714286,0.10829587249693502,0.09278711484593838,1.7089201877934272,1.676056338028169,0.12244897959183673,0.92018779342723,17.552867291129033,0.26329300936693545,0.26329300936693545,2.5177045044534414,16.426834295094338,66.97093981846153,24.874920504000002,0.2801120448179272,0.4626951995373048,0.3163305654408857,0.3163305654408857,1.6518218623481782,1.7905405405405406,0.8215962441314554,0.660377358490566,0.37142857142857144,0.0,0.0,0.0,0.21875,1.5909090909090908,1.5042979947003718,0.10215053709677419,0.0014548981571290008,0.1454898157129001,0.6276315822506925,0.14684210603601108,1.8947368520775625,0.46421052875900276,4.095000021552631,4.095000021552631,4.095000021552631,0.41447368639196674,0.2605263171606648,0.15394736923130195,0.7848101265822784,0.8876404494382022,2.5177045044534414,0.18377661028880335,0.21518987341772153,30.043097504242425,0.015,Energy
1994-03-31,DVN,1994,Q1,USD,0.7088122605363985,0.31800766283524906,0.6283524904214559,0.31800766283524906,0.2835249042145594,0.18773946360153257,0.18773946360153257,0.18773946360153257,1.6948051948051948,0.4578313253012048,12.666666666666666,0.10596833130328867,0.08898738493010569,1.7634408602150538,1.7311827956989247,0.1119724375538329,0.7849462365591398,19.30434798367347,-0.9652173991836737,-0.9652173991836737,2.1352439079006778,14.496751742528737,420.4058005333334,34.0869568,0.2863961813842482,0.47404063205417607,0.3215926493108729,0.3215926493108729,1.6551918735891649,1.7815699658703072,0.5967741935483871,0.42528735632183906,0.08108108108108109,0.0,0.0,0.0,0.13214285714285715,1.088235294117647,1.0277777777777777,0.12244897959183673,0.0015857694299672433,0.1585769429967243,0.6125510154077468,0.1149999990612245,1.971428555335277,0.34265305842732197,4.158775476254894,4.158775476254894,4.158775476254894,0.2605102019550188,0.23938775314785507,0.02112244880716368,0.6621621621621622,0.891566265060241,2.1352439079006778,0.22200772019541407,0.33783783783783783,27.302757346341465,0.014081632538109122,Energy
1994-06-30,DVN,1994,Q2,USD,0.7019607843137254,0.29411764705882354,0.615686274509804,0.29411764705882354,0.24313725490196078,0.1607843137254902,0.1607843137254902,0.1607843137254902,1.8613138686131387,0.59375,15.2,0.0804416403785489,0.07298225529479108,1.8120805369127517,1.778523489932886,0.08395904436860069,0.7583892617449665,29.605263338414634,-1.421052640243903,-1.421052640243903,2.392934050024643,19.040247794117647,56.45654869186046,42.96693086283186,0.3005151688609044,0.5174963035978315,0.34101981162715167,0.34101981162715167,1.7220305569245935,1.9391634980988592,0.7583892617449665,0.44313725490196076,0.7610619469026548,0.0,0.0,0.0,0.10761904761904761,4.185185185185185,3.323529411764706,0.17073170731707318,0.00144173440855311,0.14417344085531097,0.5908536549338191,0.09499999942073171,2.432926814433373,0.261829266696163,4.701341434747918,4.701341434747918,4.701341434747918,0.261829266696163,0.06256097522828674,0.19926829146787628,0.6612903225806451,0.8266666666666667,2.392934050024643,0.2162601612829665,0.3387096774193548,36.893396098726114,0.016219512096222487,Energy
1994-09-30,DVN,1994,Q3,USD,0.6719367588932806,0.23715415019762845,0.6007905138339921,0.23715415019762845,0.18181818181818182,0.1225296442687747,0.1225296442687747,0.1225296442687747,2.0737704918032787,0.5570469798657718,11.857142857142858,0.0807275047862157,0.07358929610238511,1.4911242603550297,1.4497041420118344,0.0888086642599278,0.6686390532544378,37.285714045161285,-1.416857133716129,-1.416857133716129,2.2520353344374087,18.274421113043477,55.703958332530114,26.7250204716763,0.2763234438627109,0.4627374573794447,0.31635031635031635,0.31635031635031635,1.6746225036531905,2.480392156862745,1.0236686390532543,0.6837944664031621,0.4797687861271676,0.0,0.0,0.0,0.18210526315789474,1.9222222222222223,1.8020833333333333,0.1935483870967742,0.0012977382360328683,0.12977382360328682,0.5712903262663892,0.0700000004516129,2.145161304162331,0.2551612919687825,4.635806481521332,4.635806481521332,4.635806481521332,0.390645163810614,0.20322580776274715,0.1874193560478668,0.6739130434782609,0.7666666666666667,2.2520353344374087,0.20547522070520413,0.32608695652173914,35.92387198421052,0.013548387184183143,Energy
1994-12-31,DVN,1994,Q4,USD,0.6638655462184874,0.20588235294117646,0.5672268907563025,0.20588235294117646,0.13025210084033614,0.07142857142857142,0.07142857142857142,0.07142857142857142,1.5256410256410255,0.5797101449275363,16.0,0.07407407407407407,0.06772908366533864,1.488235294117647,1.4588235294117646,0.07103448275862069,0.48823529411764705,57.30225782794118,-1.2693538126442665,-1.2693538126442665,1.8878650834786823,16.372073665126052,-55.66505046142857,58.1575154074627,0.2788844621513944,0.4748062015503876,0.3219448094612352,0.3219448094612352,1.7025193798449612,2.8674698795180724,0.3941176470588235,0.2815126050420168,-1.044776119402985,0.0,0.0,0.0,0.06836734693877551,0.48905109489051096,0.467218728806673,0.3765756264705882,0.0016429353778751367,0.16429353778751368,0.5576569093655924,0.0398326363832566,2.296234332681851,0.19447698940060576,4.836150676178919,4.836150676178919,4.836150676178919,0.15698744927518776,0.3210041873238914,-0.16401673804870365,0.5483870967741935,0.6326530612244898,1.8878650834786823,0.25150430807030133,0.45161290322580644,35.507803942962965,0.015,Energy
1995-03-31,DVN,1995,Q1,USD,0.6470588235294118,0.15126050420168066,0.5504201680672269,0.15126050420168066,0.07142857142857142,0.04201680672268908,0.04201680672268908,0.04201680672268908,1.9193548387096775,0.6774193548387096,16.8,0.07302853636084689,0.06600110926234054,2.0340136054421767,2.0,0.06827048114434331,1.0612244897959184,105.0,-3.0089552238805974,-3.0089552238805974,2.030947775628627,17.647058823529413,210.0,23.863636363636363,0.26067665002773155,0.45454545454545453,0.3125,0.3125,1.7437137330754353,2.025531914893617,1.1972789115646258,0.7394957983193278,0.11363636363636363,0.0,0.0,0.0,0.18723404255319148,1.1282051282051282,1.0797546012269938,0.7,0.0016666666666666668,0.16666666666666669,0.595,0.025,2.35,0.39,5.17,5.17,5.17,0.44,0.39,0.05,0.5882352941176471,0.4722222222222222,2.030947775628627,0.22380952380952382,0.4117647058823529,38.045801526717554,0.0175,Energy
1995-06-30,DVN,1995,Q2,USD,0.6848249027237354,0.22957198443579765,0.603112840466926,0.22957198443579765,0.15953307392996108,0.0933852140077821,0.0933852140077821,0.0933852140077821,1.494186046511628,0.801980198019802,16.2,0.07676224611708482,0.07006543075245365,2.145038167938931,2.1068702290076335,0.07585335018963338,0.6717557251908397,48.86363677083333,0.40719697309027786,0.40719697309027786,2.2487579721955897,18.252564708171207,-60.13986064102564,46.9090913,0.2589967284623773,0.4554170661553212,0.3129117259552042,0.3129117259552042,1.7583892617449663,1.7019867549668874,0.7633587786259542,0.38910505836575876,-0.78,0.0,0.0,0.0,0.10526315789473684,0.5617977528089888,0.5434782608695652,0.25,0.0012790697567829459,0.1279069756782946,0.5889583284253472,0.05499999954166667,2.1770833151909725,0.20166666498611113,4.780416626829862,4.780416626829862,4.780416626829862,0.22916666475694447,0.40791666326736115,-0.17874999851041667,0.5853658536585366,0.6949152542372882,2.2487579721955897,0.20251937815729976,0.4146341463414634,35.82522019354839,0.013749999885416668,Energy
1995-09-30,DVN,1995,Q3,USD,0.7396449704142012,0.40236686390532544,0.6834319526627219,0.40236686390532544,0.34911242603550297,0.1952662721893491,0.1952662721893491,0.1952662721893491,2.23841059602649,0.704,14.666666666666666,0.10038610038610038,0.09177301113222916,1.7579617834394905,1.7197452229299364,0.10450685826257348,0.7070063694267515,18.233333333333334,0.10556140350877194,0.10556140350877194,2.2368029739776953,14.241420118343195,0.0,27.824277456647398,0.2633722508824328,0.4507434944237918,0.31069827033952596,0.31069827033952596,1.7114312267657992,2.513011152416357,1.1019108280254777,0.5118343195266272,0.0,0.0,0.0,0.0,0.17835051546391753,1.0,0.9611111111111111,0.10606060606060606,0.0014542130629882,0.14542130629882,0.7681818181818182,0.15,2.2045454545454546,0.25227272727272726,4.890909090909091,4.890909090909091,4.890909090909091,0.3931818181818182,0.3931818181818182,0.0,0.559322033898305,0.8676470588235294,2.2368029739776953,0.20151238158550772,0.4406779661016949,24.556709956709955,0.015909090909090907,Energy
1995-12-31,DVN,1995,Q4,USD,0.9335548172757475,0.31893687707641194,0.6378737541528239,0.31893687707641194,0.26245847176079734,0.1461794019933555,0.1461794019933555,0.1461794019933555,2.0902777777777777,0.17857142857142858,3.3333333333333335,0.07682491066870853,0.07139468690702087,1.5961538461538463,1.5576923076923077,0.06910167818361303,0.5705128205128205,31.724999999999998,-0.9517500000000001,-0.9517500000000001,2.5495890410958904,18.55016611295681,-11.056633663366336,34.046341463414635,0.3391840607210626,0.6529680365296804,0.39502762430939226,0.39502762430939226,1.9251141552511415,2.839622641509434,1.0512820512820513,0.5448504983388704,-3.0792682926829267,0.0,0.0,0.0,0.11468531468531469,0.24514200298953662,0.24296296296296296,0.13636363636363635,0.001074575542660649,0.1074575542660649,0.6840909090909091,0.1,3.25,0.20227272727272727,4.9772727272727275,4.9772727272727275,4.9772727272727275,0.37272727272727274,1.5204545454545455,-1.1477272727272727,0.5569620253164557,0.8229166666666666,2.5495890410958904,0.256107171000788,0.4430379746835443,36.065625,0.013636363636363636,Energy
1996-03-31,DVN,1996,Q1,USD,0.7823529411764706,0.36176470588235293,0.6588235294117647,0.36176470588235293,0.28823529411764703,0.16470588235294117,0.16470588235294117,0.16470588235294117,2.328767123287671,0.7551020408163265,12.333333333333334,0.08489388264669163,0.07729029324846556,2.5925925925925926,2.5481481481481483,0.07268518518518519,1.362962962962963,23.88,0.7959999999999998,0.7959999999999998,2.3890665475658777,15.732705882352942,-243.1418181818182,32.81668711656442,0.35235280745624004,0.6922733363108531,0.40907891264185803,0.40907891264185803,1.964716391246092,2.207792207792208,1.2074074074074075,0.47941176470588237,-0.13496932515337423,0.0,0.0,0.0,0.10516129032258065,0.8810810810810811,0.8489583333333334,0.125,0.0013086264656616416,0.13086264656616417,0.7589285714285714,0.125,3.4598214285714284,0.4107142857142857,4.997767857142857,4.997767857142857,4.997767857142857,0.3638392857142857,0.41294642857142855,-0.049107142857142856,0.5714285714285714,0.7967479674796748,2.3890665475658777,0.2897672888250778,0.42857142857142855,29.978214285714287,0.015625,Energy
1996-06-30,DVN,1996,Q2,USD,0.7247956403269755,0.3896457765667575,0.6757493188010899,0.37329700272479566,0.3242506811989101,0.18528610354223432,0.18528610354223432,0.18528610354223432,2.1845238095238093,1.063157894736842,14.428571428571429,0.08894813378574891,0.08144695960940967,2.3857142857142857,2.335714285714286,0.07849364791288566,1.0071428571428571,20.064516247058823,0.8694623707058821,0.8694623707058821,2.3707855860990446,14.870704139509536,-102.97261168301885,29.029512868085103,0.34398579671549046,0.6733275412684622,0.40238836967808933,0.40238836967808933,1.9574283231972198,1.7946210268948655,1.3428571428571427,0.5122615803814714,-0.28191489361702127,0.0,0.0,0.0,0.12129032258064516,0.7800829875518672,0.7593485340832289,0.09677419411764707,0.0012057877813504824,0.12057877813504825,0.8365441127262111,0.1549999990882353,3.533088214511246,0.3213970569329585,5.247205851487024,5.247205851487024,5.247205851487024,0.42852940924394467,0.5493382320627163,-0.12080882281877163,0.5714285714285714,0.8686131386861314,2.3707855860990446,0.2840103066327368,0.42857142857142855,27.687695238709676,0.015000000000000001,Energy
1996-09-30,DVN,1996,Q3,USD,0.8075949367088607,0.41012658227848103,0.6886075949367089,0.41012658227848103,0.34177215189873417,0.1949367088607595,0.1949367088607595,0.1949367088607595,2.1122994652406417,1.1515151515151516,8.444444444444445,0.09302873292510598,0.08560901603814478,2.1278195488721803,2.0601503759398496,0.250334672021419,0.5338345864661654,18.214285714285715,1.4571428571428573,1.4571428571428573,2.3650927487352447,14.20253164556962,-255.0,26.71428571428571,0.010836584308625921,0.021079258010118045,0.02064409578860446,0.02064409578860446,1.945193929173693,2.296511627906977,1.5789473684210527,0.5316455696202531,-0.10476190476190476,0.0,0.0,0.0,4.2,0.9051724137931034,0.8801341156747695,0.08571428571428572,0.001176470588235294,0.11764705882352941,0.8977272727272727,0.175,0.11363636363636363,0.16136363636363638,8.788636363636364,8.788636363636364,5.390909090909091,0.4772727272727273,0.5272727272727272,-0.05,0.5703703703703704,0.8333333333333334,2.3650927487352447,0.008912655971479501,0.42962962962962964,20.547794117647058,0.015,Energy
1996-12-31,DVN,1996,Q4,USD,0.8301158301158301,0.4864864864864865,0.7142857142857143,0.4864864864864865,0.4671814671814672,0.2857142857142857,0.2857142857142857,0.2857142857142857,1.75,0.5714285714285714,4.190476190476191,0.07476905311778291,0.06940908481843762,1.8389830508474576,1.75,0.21382636655948553,0.3983050847457627,12.904662917567567,0.1451774578226351,0.1451774578226351,1.617180450296359,14.74818619150579,-318.3150186333333,24.884561717263843,0.010719549778909286,0.01693480101608806,0.01665278934221482,0.01665278934221482,1.579805249788315,2.9770114942528734,1.3008474576271187,0.5926640926640927,-0.0781758957654723,0.0,0.0,0.0,3.8375,0.9274924471299094,0.8976608187134503,0.07432432432432433,0.0014398734162816456,0.14398734162816457,1.17844999882155,0.3366999996633,0.181999999818,0.21384999978615,14.148224985851774,14.148224985851774,10.7470999892529,0.698424999301575,0.753024999246975,-0.0545999999454,0.6115702479338843,0.9603174603174603,1.617180450296359,0.010471806663866514,0.3884297520661157,20.60962283027027,0.025024999974975,Energy
1997-03-31,DVN,1997,Q1,USD,0.820250284414107,0.5085324232081911,0.7303754266211604,0.5085324232081911,0.4778156996587031,0.28668941979522183,0.28668941979522183,0.28668941979522183,2.0585480093676813,0.7383177570093458,7.9,0.12643843498273877,0.11285145718320709,2.5136986301369864,2.4452054794520546,0.3335820895522388,0.8527397260273972,9.615384672619047,0.6538461577380955,0.6538461577380955,1.9564609911182882,11.026516211604095,39.24011234817814,20.1923078125,0.0,0.0,0.0,0.0,1.572264836495761,2.746875,1.643835616438356,0.5460750853242321,0.5145833333333333,0.0,0.0,0.0,0.0,2.060085836909871,1.927710843373494,0.06349206349206349,0.0016507936409674983,0.1650793640967498,1.360357134759779,0.38999999767857146,0.0,0.38535714056335035,9.980595178686933,9.980595178686933,7.666904716268425,0.7428571384353742,0.36059523594883786,0.3822619024865363,0.6,0.9395973154362416,1.9564609911182882,0.0,0.4,14.709202102803738,0.024761904614512473,Energy
1997-06-30,DVN,1997,Q2,USD,0.7919655667144907,0.3916786226685796,0.6872309899569584,0.3916786226685796,0.35437589670014347,0.21233859397417504,0.21233859397417504,0.21233859397417504,1.7735368956743003,0.5894308943089431,6.904761904761905,0.09925947023639989,0.08700536761952316,2.9728813559322034,2.9016949152542373,0.24929577464788732,1.4508474576271186,19.97826084256757,-0.4869701080375845,-0.4869701080375845,2.320865466797488,16.968623269440457,68.76238615581394,25.82342886200873,0.0,0.0,0.0,0.0,1.5720172684458398,1.361328125,1.5525423728813559,0.6571018651362984,0.37554585152838427,0.0,0.0,0.0,0.0,1.6013986013986015,1.5165562913907285,0.10810810810810811,0.001352821811668446,0.1352821811668446,1.0831756771394265,0.2300000003108108,0.0,0.6651351360339663,10.242770284111852,10.242770284111852,7.919459470161431,0.7117567577185903,0.44445946006008036,0.26729729765850985,0.5991902834008097,0.9047619047619048,2.320865466797488,0.0,0.4008097165991903,23.79776705386221,0.024864864898466035,Energy
1997-09-30,DVN,1997,Q3,USD,0.7832647462277091,0.40877914951989025,0.6872427983539094,0.40877914951989025,0.3731138545953361,0.22359396433470508,0.22359396433470508,0.22359396433470508,1.7274881516587677,0.683982683982684,7.181818181818182,0.10108153078202994,0.0888266114292677,3.315175097276265,3.2295719844357977,0.25311203319502074,1.4747081712062258,21.568627576687117,1.6535947808793467,1.6535947808793467,2.670479525256362,19.29045978052126,-327.04058558139536,39.950980625,0.0,0.0,0.0,0.0,1.5584884162552222,1.2387425658453697,1.3696498054474708,0.4828532235939643,-0.12215909090909091,0.0,0.0,0.0,0.0,0.8911392405063291,0.8564476885644768,0.09815950920245399,0.001137757940942794,0.1137757940942794,1.1404601160525332,0.25499999851380367,0.0,0.5929141069738135,10.577024478232065,10.577024478232065,8.238220810881534,0.5506748434163122,0.6179447816745549,-0.06726993825824269,0.5992647058823529,0.912751677852349,2.670479525256362,0.0,0.4007352941176471,27.312864630738524,0.025030674700741468,Energy
1997-12-31,DVN,1997,Q4,USD,0.7642079806529625,0.3615477629987908,0.6626360338573156,0.3615477629987908,0.3301088270858525,0.22853688029020555,0.22853688029020555,0.22853688029020555,1.7410526315789474,0.32554257095158595,8.125,0.11208999728923828,0.09770793950850662,3.0259740259740258,2.948051948051948,0.2857142857142857,1.3668831168831168,16.276325439814816,1.0579611535879636,1.0579611535879636,2.2635949287159676,14.878962554413542,2050.8170054166667,30.994715447103275,0.0,0.0,0.0,0.0,1.5570272259013982,1.3568498769483184,1.2889610389610389,0.4800483675937122,0.015113350125944584,0.0,0.0,0.0,0.0,1.0153452685421995,0.9754299754299754,0.08465608465608465,0.0013002947896489075,0.13002947896489075,1.2937729985945745,0.29567484490250856,0.0,0.6586196280632598,10.842975396927445,10.842975396927445,8.504171729576914,0.6210736160121476,0.6116871129993696,0.00938650301277805,0.6923076923076923,0.9130434782608695,2.2635949287159676,0.0,0.3076923076923077,21.685952614051097,0.025030674700741468,Energy
1998-03-31,DVN,1998,Q1,USD,0.7134052388289677,0.4930662557781202,0.6163328197226502,0.28197226502311246,0.24345146379044685,0.21879815100154082,0.15562403697996918,0.21879815100154082,1.6225,0.7982832618025751,6.888888888888889,0.08569919450680047,0.07530749593873289,3.1591695501730106,3.065743944636678,0.19912335629304947,1.5813148788927336,31.10303762376238,-0.5831819554455447,-0.5831819554455447,2.27391009771987,19.361521109399074,-6282.8136,31.973606106870232,0.0,0.0,0.0,0.0,1.559536735432501,1.0400641025641026,1.3598615916955017,0.6055469953775039,-0.005089058524173028,0.0,0.0,0.0,0.0,0.9949367088607595,0.9562043795620438,0.15841584158415842,0.0012733148728143072,0.12733148728143073,1.0040533432346297,0.15625483461740772,0.0,0.7070144497045082,10.86203162226554,10.86203162226554,8.549150654413813,0.6080014851944676,0.6110956403354064,-0.0030941551409387666,0.6392405063291139,0.8633879781420765,2.27391009771987,0.0,0.36075949367088606,30.271568,0.024753241127510133,Energy
1998-06-30,DVN,1998,Q2,USD,0.704,0.5648,1.064,0.2176,0.1792,0.1952,0.1216,0.1952,1.474056603773585,0.8371040723981901,8.043478260869565,0.08010766470135863,0.0724050046339203,2.853061224489796,2.759183673469388,0.19669000636537237,0.9428571428571428,37.446307115131575,-5.242482996118414,-5.242482996118414,2.045216917535034,18.2138837808,-53.19475403271028,40.22500834982332,0.0,0.0,0.0,0.0,1.5508444125044916,1.1595547309833023,1.1551020408163266,0.4528,-0.7561837455830389,0.0,0.0,0.0,0.0,0.5694164989939637,0.5516569200779727,0.21052631578947367,0.0014055212116257164,0.14055212116257165,0.9591584205898932,0.11663366394373101,0.0,0.35450495225002454,10.836188172456376,10.836188172456376,8.541881230405352,0.4343069328431036,0.762722776053083,-0.3284158432099794,0.6785714285714286,0.8235294117647058,2.045216917535034,0.0,0.32142857142857145,16.770943403007518,0.024554455567101265,Energy
1998-09-30,DVN,1998,Q3,USD,0.681260945709282,0.4115586690017513,0.968476357267951,-2.0595446584938704,-2.10507880910683,-1.457092819614711,-1.4553415061295971,-1.457092819614711,1.4275,0.875,7.913043478260869,0.08491969066032123,0.0774447307744473,2.1652542372881354,2.0677966101694913,-0.5054852320675105,0.3050847457627119,-3.2071545917870035,0.0029569510420731234,0.0029569510420731234,2.271592129362881,18.670020776007004,-48.67845599589041,34.612278776298695,0.0,0.0,0.0,0.0,1.5710632857447262,1.5665294924554183,1.305084745762712,0.5394045534150613,-0.711038961038961,0.0,0.0,0.0,0.0,0.5844402277039848,0.567219152854512,-0.019253910950661854,0.001500856163900546,0.1500856163900546,0.882162917631336,-1.2838483091972683,0.0,0.11123595458748896,9.560112319269189,9.560112319269189,7.2504213177650785,0.4758426946242583,0.8141853898278706,-0.33834269520361226,0.6913477537437605,1.022108843537415,2.271592129362881,0.0,0.3086522462562396,19.147525973056055,0.02471910101944199,Energy
1998-12-31,DVN,1998,Q4,USD,0.6857451403887689,0.2894168466522678,0.5896328293736501,0.9038876889848813,0.09287257019438445,0.026997840172786176,0.026997840172786176,0.026997840172786176,2.2073897497020263,1.1043643263757115,20.785714285714285,0.16822599691161777,0.15101108936725374,1.3705080545229245,1.335811648079306,0.10940602996930854,0.2379182156133829,49.419376981,-0.4660487919817285,-0.4660487919817285,1.8898423319694073,5.336865764686825,-7.039797290740741,10.605016519527897,0.3304794520547945,0.7749521988527724,0.43660454594419906,0.43660454594419906,2.3449330783938813,6.452961672473868,1.1548946716232962,0.5032397408207343,-1.5064377682403434,0.0,0.0,0.0,0.229953121144831,0.398972602739726,0.3947479881406184,0.5,0.002529372234863626,0.2529372234863626,2.8743462317344184,0.07760114016561605,6.290348421824836,0.2979883782359656,10.437353352275357,10.437353352275357,8.117079261323438,1.446485252687083,3.6255252685375816,-2.1790400158504983,0.29069767441860467,0.1027479091995221,1.8898423319694073,0.41006182671609104,0.7093023255813954,12.58688223095238,0.038800570082808024,Energy
1999-03-31,DVN,1999,Q1,USD,0.6861397479954181,0.1958762886597938,0.5807560137457045,0.1958762886597938,0.12829324169530354,0.06872852233676977,0.06872852233676977,0.06872852233676977,1.1064638783269962,0.37077131258457374,9.785714285714286,0.0757746723374707,0.06887573964497042,1.0619747899159664,1.0325630252100841,0.06732403944236655,0.1407563025210084,55.65971666666667,-2.486991964354528,-2.486991964354528,2.5213914684786713,15.301640320733105,-51.97794552529183,23.39462697022767,0.33317554240631164,0.7970932427331069,0.44354584602457725,0.44354584602457725,2.3924122310305775,4.877094972067039,0.5997899159663865,0.6540664375715922,-0.4500875656742557,0.0,0.0,0.0,0.13521193464361828,0.6896135265700483,0.67018779342723,0.4,0.0017966314956088828,0.17966314956088827,0.9005570455952135,0.061893955023726015,4.356302867753249,0.13822983288632143,7.007427274602847,7.007427274602847,5.465236228595007,0.5890241386424593,0.854136579327419,-0.26511244068495976,0.5357142857142857,0.6549707602339181,2.5213914684786713,0.316132283581513,0.4642857142857143,34.41288362919132,0.024757582009490405,Energy
1999-06-30,DVN,1999,Q2,USD,0.7401725790987536,0.2972195589645254,0.6404602109300096,0.2972195589645254,0.2598274209012464,0.15532118887823587,0.15532118887823587,0.15532118887823587,1.2461170848267622,0.5865800865800865,10.423076923076923,0.087972334682861,0.07991112473184186,1.4219810040705563,1.3867028493894165,0.08642797668609492,0.18995929443690637,27.13636358611111,0.14801652865151513,0.14801652865151513,3.1672124646613833,16.859409016107385,-62.13556043745584,61.056818068750005,0.34324241495556235,0.8069164265129684,0.44657097288676234,0.44657097288676234,2.3508645533141213,5.6378378378378375,0.39077340569877883,0.27612655800575264,-0.9826388888888888,0.0,0.0,0.0,0.06428571428571428,0.5043782837127846,0.48322147651006714,0.15432098765432098,0.0014217176443392851,0.1421717644339285,1.0623148167820644,0.16500000030555556,4.562962971412895,0.14259259285665296,7.177500013291667,7.177500013291667,5.654814825286694,0.2933333338765432,0.5815740751510631,-0.2882407412745199,0.5977859778597786,0.8741935483870967,3.1672124646613833,0.2547718018655999,0.4022140221402214,32.820903598502994,0.025462963010116597,Energy
1999-09-30,DVN,1999,Q3,USD,0.7917235106866758,0.5390586630286494,1.387162346521146,0.28285584356525695,0.1755343337880855,0.2312505684402001,0.11141427921782629,0.2257162346521146,1.171550346297283,0.2928388746803069,2.7261904761904763,0.056974816043113274,0.04249029041794679,1.101957886959734,1.0709272257111193,0.03429782988276378,0.7024381233838197,41.93812571428571,0.8911851714285716,0.8911851714285716,2.25994518860662,18.690024192814917,-8219.87264,38.51861593252109,0.23625683535253994,0.6723303640162762,0.40203202577845,0.35994087213599407,2.8457604750907293,5.096176129779837,0.19708164019209456,0.48522055479763526,-0.004686035613870665,1.454685,0.0,0.5335,0.08726588697145661,0.9953358208955224,0.9513288735891668,0.20240408163265305,0.0012065637065637068,0.12065637065637067,1.1086127971929258,0.12351529573090807,6.1641694730686245,1.917259876182218,9.922059327673477,9.922059327673477,9.168363951682833,0.5379217165097098,0.5404424368307488,-0.00252072032103894,0.6347150259067358,0.6205787781350482,2.25994518860662,0.29749852669250115,0.36528497409326427,16.235198746381588,0.025,Energy
1999-12-31,DVN,1999,Q4,USD,0.7773758632028938,0.2999013482407103,0.6757645511344952,0.2999013482407103,0.27293653403485696,0.15784281486353174,0.15784281486353174,0.14567576455113448,1.4522445081184336,0.2026946107784431,5.052238805970149,0.0963592002281441,0.0657769510295899,1.8346525945470535,1.7757255936675462,0.06247834622935674,0.7352682497801232,14.76312,1.230259999999999,1.230259999999999,1.3994169538385586,9.32100966787241,-39.423074269819196,218.03992615384618,0.3865504412528119,0.8823006665020983,0.46873524628862195,0.46873524628862195,2.2824981486052827,2.4824489795918367,0.05716798592788039,0.04274909569220651,-5.530769230769231,0.0,0.0,0.0,0.007274355100442057,0.15312131919905772,0.14572292019764513,0.0898,0.0015206812652068125,0.15206812652068125,1.763757423904974,0.27839643652561247,10.36504732739421,0.9697475872308834,11.747749628804751,9.875533593170008,11.747749628804751,0.07539903489235338,0.4924136971046771,-0.4170146622123237,0.5783132530120482,0.9100877192982456,1.3994169538385586,0.6304773313500127,0.42168674698795183,21.67600506082725,0.025,Energy
2000-03-31,DVN,2000,Q1,USD,0.8075528240406544,0.638645311767531,1.1436163940743893,0.3907382855302248,0.3111204419762389,0.3025127188958647,0.17568325419673234,0.2955126527489783,1.5231109553637916,0.5014199755719242,4.525326300128492,0.10996747570481957,0.07623306981101506,1.2791128371019127,1.2187924500593537,0.07317972847747659,0.20309944073002884,17.132370553472914,0.3690049042286476,0.3690049042286476,1.978538250856045,12.039482443753577,66.6442805062485,23.081328113800517,0.351296173317428,0.7572977098875857,0.43094445842988666,0.43094445842988666,2.155724335782327,2.6931167754877587,0.7398599173536863,0.5216113381515108,0.34633621877929094,0.0,0.0,0.0,0.11319233335226425,1.529838471595462,1.4474167238599907,0.11051451208931524,0.0016126564584915653,0.16126564584915654,2.016697986265776,0.35430006495916855,9.293319645508538,0.2887667037861915,12.271685922420193,10.444970304380105,12.271685922420193,1.0519325352635487,0.687610198589458,0.3643223366740906,0.5646792383065261,0.7962374138844727,1.978538250856045,0.38275616332407486,0.43532076169347383,14.431832877318634,0.03915529881217521,Energy
2000-06-30,DVN,2000,Q2,USD,0.8211194906734058,0.7368071788705304,0.7525315397799138,0.4466686458289156,0.3826161364923424,0.3825288205107735,0.2263579506190703,0.3764566176782431,1.35143709647511,0.4704303897126361,4.958027935278661,0.12606073223742287,0.08302574847719606,2.3065622190830872,2.253499422113779,0.08049492966121775,1.096960135023574,19.6577989507792,0.424194608937867,0.424194608937867,3.276293807000303,17.79879633672036,478.82704161073826,35.64196251223947,0.36989450564381965,0.8200820161460677,0.4505742097724531,0.4505742097724531,2.2170700122151707,1.8884572893086058,0.7344548606652113,0.49937756178853066,0.07443598505285455,0.0,0.0,0.0,0.11208924492686022,1.080422298026685,1.0422802157748943,0.07472391826658144,0.0009503088119590763,0.09503088119590763,1.5781966077137504,0.35723734979605337,7.031147140809802,1.1771067924468872,8.573712143880813,7.394597382553506,8.573712143880813,0.7881159739830228,0.7294517851237067,0.05866418885931619,0.591605865592134,0.8565994950961775,3.276293807000303,0.250307836981481,0.408394134407866,28.581019933896243,0.026694174527930454,Energy
2000-09-30,DVN,2000,Q3,USD,1.0051717432845675,0.5158313818640659,0.7719718652688831,0.43576798359366914,0.37918936386298585,0.2306958421813929,0.2306958421813929,0.22729231191053736,1.5294324048498802,-0.009973965710277474,-0.06725976057926718,0.1503189235098766,0.1087960214996813,1.2831229922733192,1.1932193631540038,0.1284114743258286,0.29219906180690497,11.656701725768894,1.7485052588653345,1.7485052588653345,2.594516744548418,10.756610486734205,71.39506578397601,10.227226753279918,0.33515434708628666,0.7430411707602809,0.4262900861005943,0.4262900861005943,2.2170118848823472,2.7016355029809427,1.2297395434650336,1.051762197732099,0.14324836935125185,0.0,0.0,0.0,0.3414174504129398,1.1671994125564507,1.1513804810741857,0.05366498496167653,0.0011509470308192324,0.11509470308192324,2.795490274290809,0.6449079831374114,8.611718560579398,0.6986203336540041,11.589826916007727,10.417966947449104,11.589826916007727,2.9401909946268097,2.519013429065284,0.42117756556152575,0.6083921759597435,0.8701634313193604,2.594516744548418,0.286389044249398,0.39160782404025646,17.600740032001973,0.03460897721673432,Energy
2000-12-31,DVN,2000,Q4,USD,0.8227194140558041,0.5368831755596246,0.7593378612628178,0.5305850927968233,0.49593315041497193,0.34840271857400873,0.34840271857400873,0.34563964477360165,1.472471282812479,0.34172210065645514,3.3035835166694874,0.17942693566153706,0.1284025690338195,1.48514516198268,1.4099893956472869,0.14035380535290942,0.36256711187989576,6.298747267105233,0.07329451365358819,0.07329451365358819,2.359213895272278,8.778002685880285,50.380293059862915,15.922364416586703,0.29864333068337223,0.6251017511572478,0.3846539151853771,0.3846539151853771,2.0931381582399826,3.6838753115538383,0.7721018081454784,0.551300199908503,0.3160435052981414,0.0,0.0,0.0,0.2370331251500852,1.4620812986590719,1.4211194737396557,0.031194914453469922,0.0012381396304144152,0.12381396304144152,3.473455305390166,1.2101612712432475,8.0786877489058,0.899215330625764,12.923796380268916,11.782323252237688,12.923796380268916,1.9149166042348489,1.3097196482788533,0.6051969559559954,0.7025195195813848,0.9346910743398503,2.359213895272278,0.26496188090868483,0.2974804804186152,14.28212296850216,0.03775087733133552,Energy
2001-03-31,DVN,2001,Q1,USD,0.8631752845630122,0.6027821767959147,0.7913347863933403,0.6109983811830357,0.5635378331299635,0.34291174077044745,0.3910434579571644,0.38882869751178945,1.8410930864601676,0.3244715972671101,3.479034181240064,0.20304395235349298,0.13970542472298775,1.794080881983602,1.7363076265117474,0.16208986776538603,0.8750116605649023,4.6903354510863995,0.15947140533693754,0.15947140533693754,2.0492415301309928,7.336499975087609,18.280118986183194,9.923679515811452,0.16786647070898536,0.3356254753313436,0.25128711718236824,0.25128711718236824,1.999359812080559,2.3847051697225266,1.0860183727448467,0.739292312231398,0.542867337095133,0.0,0.0,0.0,0.615269660692275,2.1875487821094683,2.132649063920571,0.02224764969382937,0.0011858240165251003,0.11858240165251002,3.9664690382081687,1.5510617685809502,4.7660079051383395,2.3626365961404323,14.200375881577928,13.091226846469814,14.200375881577928,2.9323800666511666,1.340486708517399,1.5918933581337673,0.6939080838375258,0.9223229561407716,2.0492415301309928,0.16378034038276082,0.3918225473709758,10.036740740740742,0.03450747888088042,Energy
2001-06-30,DVN,2001,Q2,USD,0.8153874582507081,0.474305051836693,0.743960659824977,0.3682018638593859,0.3310487863401557,0.18808211130754232,0.18808211130754232,0.18472561993044312,1.31689369684797,0.3175921884192746,3.330778991366656,0.1285716995881483,0.09292138249454962,1.8908523961574382,1.8224779998537008,0.08401622885595586,0.8128477792313176,12.460810909890753,-0.18813381177678196,-0.18813381177678196,1.76243071148523,9.374622498145243,-22.447522660106657,18.373893207347265,0.26667579014863846,0.5395431605129158,0.3504566642569222,0.3504566642569222,2.0232176314624883,1.3466507456921446,0.6294057706473053,0.5102142693632595,-0.8185265468069235,0.0,0.0,0.0,0.17778072486915875,0.5498957393588008,0.5427057251443718,0.06535669770511035,0.0013112448735826965,0.13112448735826965,2.800112751760781,0.5266511182503398,8.036065118003213,1.845043556159644,14.894202551587792,13.821643704435932,14.894202551587792,1.428657481774373,2.5980515569010256,-1.1693940751266527,0.5681401626233005,0.8990959004666562,1.76243071148523,0.30613581401917,0.43185983737669953,15.572883379178931,0.03442017793154578,Energy
2001-09-30,DVN,2001,Q3,USD,0.7598595570251314,0.26247837536112084,0.6084725974280528,0.2951347758281278,0.23863886213919877,0.1193083524368731,0.14441764740973045,0.14146561788943524,1.1946980140460477,0.3112248955176405,3.30597400159557,0.1021524593877312,0.07587659343885346,1.459424917853036,1.383564911231439,0.07585269024608395,0.42589151260773445,12.315619836661472,-0.3370590692138929,-0.3370590692138929,1.1074828502482752,7.114371372813035,101.66618116277371,11.16698788089569,0.25668018969310014,0.5266050323626528,0.34495172045100075,0.34495172045100075,2.0515998254181143,1.5009721404998848,0.6653459072478008,0.6370895579625542,0.10983974959201691,0.0,0.0,0.0,0.18832846208919188,1.1233932312094081,1.0944060243715341,0.10401029127130246,0.002111349096731652,0.21113490967316517,2.3220603949815963,0.33534649938655164,7.855214311156845,0.9469466102030316,14.916709542090473,13.85087267977995,14.916709542090473,1.4793604306011794,1.3168678513476075,0.16249257925357186,0.605172376850721,0.8085758835758836,1.1074828502482752,0.47549723433152813,0.394827623149279,16.58156974789916,0.034879487078006886,Energy
2001-12-31,DVN,2001,Q4,USD,0.7306689599965384,0.22929377339304646,0.6776113671274961,-1.029802470738409,-1.1803441617446615,-0.7003540057549599,-0.7009651998009563,-0.7046147854871162,1.3771620111731844,0.3353198653198653,4.858048780487805,0.08191581745680106,0.056093446601941745,1.176278563656148,1.131664853101197,-0.01882539042821159,0.2100108813928183,-2.757928891238047,0.004375560260137286,0.004375560260137286,1.754746854863455,7.73284870513403,-1.5933949583952816,14.834860386207755,0.49977245145631066,2.0217858238723534,0.6690698619008936,0.6690698619008936,4.0454127032832154,3.520728200636033,0.4194689880304679,0.5212619804850609,-9.310221742604256,0.0,0.0,0.0,0.05850538776749127,0.09699112443603082,0.096787346630927,-0.016142317834676276,0.0014632645067427677,0.14632645067427677,2.4984324324324323,-1.7513141891891892,22.260135135135137,0.652027027027027,11.010135135135135,3.5574324324324325,11.010135135135135,1.3023378378378379,13.427391891891892,-12.125054054054054,0.5938650967399735,1.1461850163345484,1.754746854863455,1.1521809076156901,0.40665271329019015,24.175383841729893,0.02827027027027027,Energy
2002-03-31,DVN,2002,Q1,USD,0.7782515991471215,0.21748400852878466,0.5490405117270789,0.2281449893390192,0.08955223880597014,0.06183368869936034,0.06609808102345416,0.06396588486140725,1.3794117647058823,0.26804123711340205,3.9245283018867925,0.07649025523933785,0.05217778272236747,1.1027332704995287,1.052780395852969,0.02875206984796026,0.3459000942507069,29.409032258064517,-0.2625806451612903,-0.2625806451612903,1.5547729695160946,7.775522388059701,-4.011793179317932,19.606021505376344,0.458140957890638,1.7557024088680453,0.6371161135607643,0.6371161135607643,3.832231933489661,6.922509225092251,0.35061262959472195,0.39658848614072495,-4.887096774193548,0.0,0.0,0.0,0.045167557066537155,0.16986301369863013,0.1690909090909091,0.16129032258064516,0.001371095121095121,0.1371095121095121,3.168918918918919,0.20945945945945946,27.824324324324323,1.239864864864865,15.847972972972974,3.77027027027027,15.847972972972974,1.2567567567567568,7.398648648648648,-6.141891891891892,0.7380952380952381,0.3925233644859813,1.5547729695160946,1.1292339417339416,0.2619047619047619,29.441631067961165,0.033783783783783786,Energy
2002-06-30,DVN,2002,Q2,USD,0.8248927038626609,0.2721030042918455,0.5493562231759657,-0.2815450643776824,-0.36909871244635195,-0.17682403433476396,-0.08927038626609442,-0.09184549356223176,1.8317610062893082,0.2991202346041056,4.744186046511628,0.1050780193018851,0.06904522017424287,1.0963172804532577,1.0557129367327667,0.01811714096624752,0.40132200188857414,-18.59846153846154,0.07232735042735042,0.07232735042735042,1.616919540229885,6.641167381974249,56.88941176470588,14.765190839694656,0.4760267883601019,1.6785788923719958,0.6266677069517048,0.6266677069517048,3.5262277951933125,11.042654028436019,0.4948064211520302,0.4497854077253219,0.2595419847328244,0.0,0.0,0.0,0.06523904382470119,1.3505154639175259,1.31328320802005,-0.10576923076923077,0.001421747042766151,0.1421747042766151,3.710191082802548,-0.33121019108280253,25.579617834394906,1.3535031847133758,15.238853503184714,3.550955414012739,15.238853503184714,1.6687898089171975,1.2356687898089171,0.43312101910828027,0.24186046511627907,1.3109756097560976,1.616919540229885,1.0381338406816114,0.5279069767441861,23.9749375,0.03503184713375796,Energy
2002-09-30,DVN,2002,Q3,USD,0.814922480620155,0.2655038759689923,0.563953488372093,0.2655038759689923,0.14534883720930233,0.10852713178294573,0.060077519379844964,0.060077519379844964,1.8137082601054482,0.31518151815181517,5.787878787878788,0.09556440411149181,0.06443154148716988,0.8452982810920121,0.8119312436804853,0.03143504005572971,0.08897876643073811,30.35709677419355,-0.19265080645161292,-0.19265080645161292,1.660833884844474,7.2951162790697675,-39.4165445026178,26.887714285714285,0.4773677967159893,1.686741672181778,0.6278019541834305,0.6278019541834305,3.5334215751158173,-40.470588235294116,0.28311425682507585,0.2713178294573643,-0.6821428571428572,0.0,0.0,0.0,0.03662045513994246,0.5944798301486199,0.5833333333333334,0.14516129032258066,0.0011954477350250249,0.11954477350250248,3.3076923076923075,0.1987179487179487,24.506410256410255,0.28205128205128205,14.528846153846153,3.0224358974358974,14.528846153846153,0.8974358974358975,1.5096153846153846,-0.6121794871794872,0.41333333333333333,0.5474452554744526,1.660833884844474,1.0155992646668155,0.25333333333333335,25.92192439862543,0.028846153846153848,Energy
2002-12-31,DVN,2002,Q4,USD,0.8452768729641694,0.32328990228013027,0.5618892508143323,0.17996742671009772,0.059446254071661236,0.07736156351791532,0.06840390879478828,0.06596091205211727,1.766906474820144,0.29827315541601257,7.3076923076923075,0.11315886472539624,0.07568567026194145,1.021113243761996,0.9961612284069098,0.03050466643622537,0.2802303262955854,21.447321428571428,0.5093738839285714,0.5093738839285714,1.548742746615087,5.868322475570032,35.85223880597015,12.467647058823529,0.46607087827426813,1.6251880507199656,0.6190749079001228,0.6190749079001228,3.486997635933806,-18.748091603053435,0.5547024952015355,0.47068403908794787,0.3477508650519031,0.0,0.0,0.0,0.07643480560698228,1.53315649867374,1.4896907216494846,0.13095238095238096,0.0015264421409044865,0.15264421409044865,3.910828025477707,0.267515923566879,24.0828025477707,0.9299363057324841,14.818471337579618,3.4968152866242037,14.818471337579618,1.8407643312101911,1.2006369426751593,0.6401273885350318,1.1506849315068493,0.33031674208144796,1.548742746615087,1.049359588138157,-0.3013698630136986,20.98014492753623,0.03503184713375796,Energy
2003-03-31,DVN,2003,Q1,USD,0.87672052663076,0.41591861160981447,0.5930580490724118,0.4248952722920407,0.3710353081986834,0.2513464991023339,0.26092160383004187,0.2597247157390784,1.8362637362637362,0.23897911832946636,6.645161290322581,0.1420918367346939,0.09372896567197667,1.1243131868131868,1.103021978021978,0.058606885508406724,0.43543956043956045,4.3409059633027525,0.010558960451276966,0.010558960451276966,1.418235294117647,4.5305445840813885,24.033460317460317,9.15422007255139,0.42551043302669955,1.4211315099288122,0.5869699783348808,0.5569021333111978,3.339827650805545,16.463054187192117,0.5679945054945055,0.49491322561340517,0.3808948004836759,3.748815165876777,0.0,3.919431279620853,0.10901660954389665,1.615234375,1.5842911877394636,0.022935779816513763,0.001320909736954035,0.1320909736954035,5.321656050955414,1.3885350318471337,24.159235668789808,2.0191082802547773,17.0,-6.560509554140127,17.0,2.6337579617834397,1.6305732484076434,1.0031847133757963,0.7032258064516129,0.8732394366197183,1.418235294117647,0.9140695379721923,0.3225806451612903,14.654429868819374,0.03184713375796178,Energy
2003-06-30,DVN,2003,Q2,USD,0.8488692774407061,0.38113623827909543,0.6061776061776062,0.3723110865968009,0.3248758963044677,0.1963596249310535,0.1963596249310535,0.1947049089906233,1.8787564766839377,0.294940796555436,3.859154929577465,0.10305820827648932,0.07078989496700637,0.8321266968325792,0.8,0.049063224512814085,0.32760180995475113,7.949999999999999,-0.2031666666666667,-0.2031666666666667,1.1728968089515126,6.244236072807501,32.25299145299145,12.056230031948882,0.3543008863379017,0.9401160381268131,0.4845669123144291,0.4665635017132751,2.653439701616245,-19.08421052631579,0.4248868778280543,0.5179260893546608,0.3738019169329074,1.5060869565217392,0.0,1.6330434782608696,0.10348247740797883,1.596938775510204,1.5676126878130217,0.03089887640449438,0.0009716627800155467,0.09716627800155467,4.275943396226415,0.839622641509434,21.400943396226417,1.7075471698113207,22.764150943396228,-2.349056603773585,22.764150943396228,2.214622641509434,1.3867924528301887,0.8278301886792453,0.6044142614601019,0.8725925925925926,1.1728968089515126,0.796498480672744,0.39558573853989815,17.89881710646042,0.025943396226415096,Energy
2003-09-30,DVN,2003,Q3,USD,0.8485626283367557,0.38193018480492813,0.6427104722792608,0.37679671457905545,0.31724845995893225,0.21149897330595482,0.21149897330595482,0.2104722792607803,2.174107142857143,0.30601659751037347,3.831168831168831,0.10914388166741372,0.07501829244810722,1.1178194607268463,1.0726846424384526,0.058312733726310455,0.492379835873388,6.785436893203883,1.4249417475728139,1.4249417475728139,1.0973895976447499,5.740451745379877,36.18899676375405,11.028007889546352,0.34355143066199406,0.8754661432777232,0.4667992255768929,0.45557514558957096,2.5482826300294406,-22.91764705882353,0.5943728018757327,0.5205338809034907,0.3047337278106509,3.0764705882352943,0.0,2.9823529411764707,0.11366438740051564,1.4382978723404256,1.4102920723226704,0.03398058252427184,0.001251967377307197,0.12519673773071968,4.198275862068965,0.8879310344827587,19.226293103448278,1.8103448275862069,21.961206896551722,-1.0603448275862069,21.961206896551722,2.185344827586207,1.519396551724138,0.665948275862069,0.6666666666666666,0.8419618528610354,1.0973895976447499,0.7929424810416369,0.3333333333333333,15.386102236421726,0.03017241379310345,Energy
2003-12-31,DVN,2003,Q4,USD,0.8421875,0.33489583333333334,0.6276041666666666,0.3489583333333333,0.21770833333333334,0.2828125,0.2828125,0.28125,2.029598308668076,0.2580919931856899,4.208333333333333,0.10472346460128723,0.07068698917605479,1.141477547078706,1.1067117334620955,0.06860797218427915,0.6146788990825688,6.168895027624309,0.2087933701657459,0.2087933701657459,1.2119066570188133,6.9785625,65.04291262135922,13.561578947368421,0.30340181135409766,0.7453871201157742,0.427061201222988,0.43557279967326934,2.456765557163531,7.77327935222672,0.47706422018348627,0.5145833333333333,0.20850202429149797,3.93491124260355,0.0,2.923076923076923,0.1198883630627351,1.2634271099744245,1.2412060301507537,0.02578268876611418,0.0010448665705389422,0.10448665705389422,4.102564102564102,1.1602564102564104,17.608974358974358,2.72008547008547,23.623931623931625,0.21794871794871795,23.623931623931625,2.111111111111111,1.670940170940171,0.44017094017094016,1.299043062200957,0.6238805970149254,1.2119066570188133,0.6619976057628869,-0.29904306220095694,16.90194190871369,0.029914529914529916,Energy
2004-03-31,DVN,2004,Q1,USD,0.8614834673815907,0.39544235924932974,0.6510277033065237,0.3905272564789991,0.34673815907059874,0.22073279714030383,0.22073279714030383,0.21983914209115282,2.105362182502352,0.2770330652368186,4.428571428571429,0.12130081300813009,0.08115458534285817,0.9981412639405205,0.9721189591078067,0.06642986227955382,0.5505576208178439,7.032115384615384,-0.7287828671328681,-0.7287828671328681,1.2051569817866437,6.208873994638069,41.72810810810811,11.361782502044155,0.31439242847300286,0.7519514310494363,0.4292079207920792,0.40680146113083293,2.3917606244579357,15.541666666666666,0.4546468401486989,0.5464700625558534,0.2722812755519215,1.5399737876802098,0.0,1.6028833551769333,0.14106113033448672,1.3741573033707866,1.3351528384279476,0.05263157894736842,0.0018711147381950653,0.18711147381950655,4.682008368200837,1.0334728033472804,18.13807531380753,3.098326359832636,24.12133891213389,1.3598326359832635,24.12133891213389,2.5585774058577404,1.8619246861924685,0.696652719665272,0.6365979381443299,0.8878718535469108,1.2051569817866437,0.6239447992365852,0.3634020618556701,14.47114619080302,0.05439330543933055,Energy
2004-06-30,DVN,2004,Q2,USD,0.8621000450653448,0.41054529067147366,0.6593059936908517,0.41054529067147366,0.34790446146913023,0.22622803064443442,0.22622803064443442,0.22487607030193782,2.009963768115942,0.27617328519855594,4.5,0.11987466911566096,0.08127014356870788,0.9928601427971441,0.9643007139857203,0.06870477804575972,0.48173036539269215,7.921314741035856,8.158954183266935,8.158954183266935,1.3295995987628522,7.16809373591708,42.75806451612903,13.989445910290238,0.26453999414005275,0.6037783164758004,0.37647242781194623,0.38436599423631124,2.2823706428153474,-201.72727272727272,0.4775304493910122,0.5123929698062191,0.32717678100263853,2.895631067961165,0.0,2.7597087378640777,0.1574138169735567,1.4862745098039216,1.4356060606060606,0.053784860557768925,0.0016974726518294984,0.16974726518294986,4.6037344398340245,1.04149377593361,14.985477178423237,2.379668049792531,24.819502074688796,2.462655601659751,24.819502074688796,2.358921161825726,1.5871369294605808,0.7717842323651453,0.6502590673575129,0.8474204171240395,1.3295995987628522,0.495473406261788,0.34974093264248707,15.025290498974709,0.056016597510373446,Energy
2004-09-30,DVN,2004,Q3,USD,0.8575209528010587,0.41243934715483016,0.6647551830613145,0.41243934715483016,0.3603881782090869,0.22805469783855314,0.22805469783855314,0.22717247463608292,2.057168784029038,0.290990990990991,0.0,0.11997248094834885,0.07929345925148654,1.0185434929197572,1.0185434929197572,0.0683401317853781,0.5937289278489548,8.325676982591876,4.329352030947791,4.329352030947791,1.3605294350059265,7.594838994265549,29.431623931623932,12.92605105105105,0.2541797831409584,0.574239431054919,0.36477261319144666,0.3647407258671753,2.2591860924535756,119.3157894736842,0.44908968307484826,0.5875606528451698,0.4391891891891892,1.762043795620438,0.0,1.9445255474452554,0.1832943442961332,1.783132530120482,1.7209302325581395,0.05222437137330754,0.0015681719181065777,0.15681719181065779,4.674226804123712,1.065979381443299,14.983505154639175,3.6309278350515464,26.09278350515464,3.3092783505154637,26.09278350515464,2.7463917525773196,1.5402061855670104,1.2061855670103092,0.6328029375764994,0.8737967914438503,1.3605294350059265,0.46179758966168144,0.3671970624235006,15.078633045786331,0.05567010309278351,Energy
2004-12-31,DVN,2004,Q4,USD,0.8616632860040568,0.41703853955375253,0.6580121703853955,0.41703853955375253,0.3764705882352941,0.27302231237322516,0.27302231237322516,0.2718052738336714,1.8674242424242424,0.28369384359401,0.0,0.1274165202108963,0.08289615281140705,1.1558064516129032,1.1558064516129032,0.0788818328975221,0.3716129032258065,6.939673105497771,0.21635451446551882,0.21635451446551882,1.366213251426064,7.578742393509128,44.1645390070922,16.620640569395018,0.24455205811138014,0.5318121983326021,0.3471784588942996,0.3396117067516662,2.1746379991224223,9.1635687732342,0.36258064516129035,0.4559837728194726,0.3763345195729537,1.465166130760986,0.0,1.204715969989282,0.15456545654565457,1.6034236804564908,1.543956043956044,0.04011887072808321,0.0014452723535457348,0.14452723535457349,5.135416666666667,1.4020833333333333,15.15,4.414583333333334,28.4875,5.0,28.4875,2.341666666666667,1.4604166666666667,0.88125,0.7252155172413793,0.9027237354085603,1.366213251426064,0.42635534429599176,0.27478448275862066,15.29075215782984,0.05625,Energy
2005-03-31,DVN,2005,Q1,USD,0.8519778817524458,0.40706082518077413,0.6533390046788601,0.40706082518077413,0.38834538494257764,0.23947256486601445,0.23947256486601445,0.23862186303700553,1.7236070381231672,0.2507204610951009,1.0977917981072556,0.12069408080496945,0.07663971834659017,1.1609042553191489,1.0765957446808512,0.06701091421194695,0.39867021276595743,10.177619893428064,-0.6195072978608387,-0.6195072978608387,1.6810913891741237,9.749042960442365,43.99232245681382,16.512968299711815,0.2361455209284131,0.5313187619187326,0.34696810039275794,0.33914982308177016,2.249963326976676,4.321691176470588,0.36914893617021277,0.5903870693321991,0.3753602305475504,1.1295238095238096,8.110169491525424,1.4892703862660943,0.19160684704583103,1.6009227220299884,1.5337016574585636,0.0674955595026643,0.001657940663176265,0.16579406631762653,4.897916666666666,1.1729166666666666,15.3375,5.275,28.404166666666665,4.970833333333333,28.404166666666665,2.8916666666666666,1.80625,1.0854166666666667,0.6166484118291348,0.9540229885057471,1.6810913891741237,0.34594240837696333,0.3833515881708653,18.662109375,0.07916666666666666,Energy
2005-06-30,DVN,2005,Q2,USD,0.8630470016207455,0.46434359805510533,0.6770664505672609,0.46434359805510533,0.40923824959481364,0.2645867098865478,0.2645867098865478,0.2633711507293355,1.8868501529051989,0.24671532846715327,1.3629032258064515,0.1369133473871075,0.08431841475913905,1.4069073783359498,1.3290423861852434,0.07425959551687433,0.6992150706436421,9.002879019908116,0.4579725414474999,0.4579725414474999,1.768217159184901,9.528168557536468,-209.96,23.58627883650953,0.23310556884181757,0.513046093691255,0.33908160222641887,0.331137152341196,2.2009173622076847,2.596528143082588,0.3130298273155416,0.4039708265802269,-0.1123370110330993,1.2490494296577948,7.8493150684931505,1.1004415011037527,0.1461234061263374,0.8990081154192967,0.8699825479930192,0.05666156202143951,0.0015734289524535288,0.15734289524535286,5.318965517241379,1.4073275862068966,15.019396551724139,5.982758620689655,28.661637931034484,4.558189655172414,28.661637931034484,2.148706896551724,2.3900862068965516,-0.2413793103448276,0.6465346534653466,0.881326352530541,1.768217159184901,0.31851305010478187,0.35346534653465345,16.823171753441052,0.07974137931034483,Energy
2005-09-30,DVN,2005,Q3,USD,0.8820266272189349,0.5203402366863905,0.7174556213017751,0.5203402366863905,0.42122781065088755,0.27514792899408286,0.27514792899408286,0.2744082840236686,1.7836411609498681,0.21423774345198118,1.7722222222222221,0.1444290139942314,0.09158960810215765,1.2212475633528266,1.1627680311890838,0.08196931767122409,0.3557504873294347,10.286774193548387,0.5539032258064516,0.5539032258064516,2.1954561101549053,11.321538461538461,95.667,24.16214680347277,0.20837990719100363,0.44119334480780265,0.30613057324840764,0.29621965376268106,2.1172547332185885,2.735457764289327,0.41163092917478883,0.46856508875739644,0.2525651144435675,1.4520676691729324,8.579268292682928,1.4077777777777778,0.20594928478543564,1.337909186906019,1.290224032586558,0.04704301075268817,0.001143288699342511,0.1143288699342511,6.062780269058296,1.6681614349775784,14.161434977578475,4.228699551569507,31.26457399103139,5.573991031390134,31.26457399103139,2.8408071748878925,2.123318385650224,0.7174887892376681,0.6532045654082529,0.8095238095238095,2.1954561101549053,0.22111203445284164,0.34679543459174716,18.38682474226804,0.07847533632286996,Energy
2005-12-31,DVN,2005,Q4,USD,0.8943443132380361,0.5366687383467993,0.7063393412057178,0.47078931013051584,0.4630205096333126,0.3014294592914854,0.3014294592914854,0.300497203231821,2.00999375390381,0.21329987452948557,2.151898734177215,0.16819987455571817,0.10629934264856472,1.4335378323108385,1.3796864349011588,0.09837129323210694,0.547375596455351,7.124402061855669,0.22314164948453608,0.22314164948453608,1.859956937155161,8.590018645121193,34.858360655737705,14.103408163265305,0.19522346645525715,0.3976584578118692,0.28451761987290586,0.260964694181999,2.036939846588615,3.2954429083461343,0.6680299931833674,0.6090739589807334,0.4045918367346939,1.4669456066945608,2.8424015009380863,2.960725075528701,0.3316412859560068,1.6795201371036848,1.629260182876143,0.03711340206185567,0.001302333927101135,0.13023339271011347,7.280542986425339,2.1945701357466065,14.576923076923077,5.171945701357466,33.62443438914027,7.8099547511312215,33.62443438914027,4.4343891402714934,2.6402714932126696,1.7941176470588236,0.6510067114093959,0.9834983498349835,1.859956937155161,0.21379981969910297,0.348993288590604,14.054852617685878,0.08144796380090498,Energy
2006-03-31,DVN,2006,Q1,USD,0.7467795362532205,0.4320942215679058,0.6102318733897681,0.4457121825542878,0.41479573058520425,0.26352594773647403,0.2576370997423629,0.256900993743099,2.058333333333333,0.4197681513117755,9.971014492753623,0.13569395195525147,0.08831464326344872,1.2962077212162624,1.2726340963443799,0.08077345922524737,0.5104202254868466,9.65612142857143,-0.3466705889929743,-0.3466705889929743,1.7669023657038296,9.9511004784689,131.88848780487805,17.764218134034166,0.21514708272387453,0.43255783557704874,0.30194790383650383,0.27742361996505643,2.0105215004574566,2.5404394576905096,0.5199863341305091,0.5601766654398234,0.13469119579500657,1.6070496083550914,11.990099009900991,2.2887218045112783,0.22994410031726847,1.155656795747912,1.1125730994152048,0.07285714285714286,0.0018862941864413174,0.18862941864413174,6.147058823529412,1.583710407239819,15.203619909502262,5.040723981900452,34.619909502262445,21.71945701357466,34.619909502262445,3.4434389140271495,2.979638009049774,0.4638009049773756,0.6211180124223602,0.930635838150289,1.7669023657038296,0.24188948979071012,0.37888198757763975,19.398154402895056,0.11538461538461539,Energy
2006-06-30,DVN,2006,Q2,USD,0.7516239969430646,0.38746656476881924,0.6411922048146733,0.44440198700802447,0.3989300726022163,0.2915552158960642,0.32823844096293464,0.32709209017959495,1.8639601139601139,0.39901780233271944,7.222222222222222,0.1122260817359235,0.07807745092189271,0.7253454025726537,0.7039066222010482,0.08563876651982379,0.24535493091948546,7.735855646100116,0.33951810891217193,0.33951810891217193,1.6116170496574302,10.156820787160871,-12.645290199809706,20.50956790123457,0.24028880004773553,0.48832838173770693,0.3281052674461238,0.26688002844823755,2.0322561086521556,-18.3006993006993,0.3087184373511196,0.49522353840275124,-1.6219135802469136,0.6786363636363636,11.401960784313726,0.6177311725452812,0.16091383163645392,0.38140082401412595,0.3755433207765865,0.06169965075669383,0.0019939504296398853,0.1993950429639885,5.947727272727272,1.9522727272727274,18.536363636363635,3.0954545454545452,37.48409090909091,24.25,37.48409090909091,2.9454545454545453,7.722727272727273,-4.777272727272727,0.8227969348659003,0.8976784178847808,1.6116170496574302,0.3048110637913651,0.1772030651340996,20.026460071513707,0.12045454545454545,Energy
2006-09-30,DVN,2006,Q3,USD,0.8596620132255695,0.36554004408523144,0.603600293901543,0.43350477590007347,0.37545922116091107,0.23989713445995592,0.25900073475385743,0.2582659808963997,2.0668185269552013,0.23053711526855764,5.380281690140845,0.11296011951695231,0.07951624211264315,0.7673810768426556,0.7488238369053842,0.07951807228915662,0.31259801359121797,9.875585106382978,-0.5473895744680853,-0.5473895744680853,1.6175378985886044,10.231135194709772,43.995497630331755,13.49280523255814,0.21620121523720495,0.4298658302840216,0.3006336826712162,0.2617066895368782,1.9882674101179068,-2.6647087616250613,0.5394668060637742,0.7582659808963997,0.3066860465116279,0.8549323017408124,10.535714285714286,1.4343293954134815,0.27888123226591,1.4423480083857443,1.3927125506072875,0.07234042553191489,0.0018312946714711222,0.1831294671471122,6.172335600907029,1.598639455782313,17.03628117913832,2.993197278911565,39.04081632653061,25.839002267573697,39.04081632653061,4.680272108843537,3.2448979591836733,1.435374149659864,0.6898238747553816,0.8661016949152542,1.6175378985886044,0.2708161649457883,0.3101761252446184,20.72681071211199,0.11564625850340136,Energy
2006-12-31,DVN,2006,Q4,USD,0.3501189532117367,0.38620142743854086,0.6423473433782713,0.33346550356859633,0.3247422680412371,0.22164948453608246,0.23076923076923078,0.2295796986518636,1.810480976310122,1.4202772963604853,16.068627450980394,0.10254116690384224,0.07192767304566067,0.6914962325080732,0.6695371367061357,0.06968957493899325,0.15909580193756728,12.79360824742268,-0.7264941826215023,-0.7264941826215023,1.7075748194014448,11.809484536082474,-101.30448979591837,26.807848784878487,0.22168667826483757,0.4456484348125215,0.30826888756692444,0.21725081901000762,2.0102625845659903,-2.1713301764959105,0.23918191603875136,0.44052339413164154,-0.2646264626462646,0.5178979436405179,1.997624703087886,0.5038548752834467,0.1429306574038338,0.7907473309608541,0.7614804660726525,0.09278350515463918,0.0018130832084320458,0.18130832084320458,5.68018018018018,1.3108108108108107,18.454954954954953,2.9572072072072073,39.28378378378378,26.43243243243243,39.28378378378378,2.5022522522522523,3.1644144144144146,-0.6621621621621622,0.7106227106227107,0.9738406658739596,1.7075748194014448,0.236573783085411,0.31746031746031744,22.726864197530865,0.12162162162162163,Energy
2007-03-31,DVN,2007,Q1,USD,0.7169429842296805,0.7913465426607359,0.6409219571370804,0.3732308936514355,0.338859684593611,0.23210675293166194,0.2632430246663971,0.26243429033562476,1.81704628949302,0.5663430420711975,10.606060606060606,0.10131923959357587,0.06873645005281005,0.6162162162162163,0.6013513513513513,0.0720457861070587,0.13851351351351351,11.802488479262673,1.0307506605222747,1.0307506605222747,1.6927561136814275,12.427691063485645,931.3236363636364,20.259512195121953,0.2064595030296292,0.4091209517514871,0.2903377110694184,0.21043705153294195,1.9816038775060587,-1.5766656040803315,0.3416666666666667,0.6134249898908208,0.021753460777851022,0.6715810879511948,8.39090909090909,0.8169089929994615,0.20422724824986538,1.0222371967654986,0.9799741602067183,0.09831029185867896,0.0020824060119061564,0.20824060119061563,5.56981981981982,1.4662162162162162,16.97747747747748,2.0045045045045047,40.891891891891895,27.96171171171171,40.891891891891895,3.4166666666666665,3.3423423423423424,0.07432432432432433,0.7768496420047732,0.9079089924160346,1.6927561136814275,0.2178717289956816,0.315035799522673,23.688757097791797,0.14414414414414414,Energy
2007-06-30,DVN,2007,Q2,USD,0.7336975076818026,0.4274496415158757,0.6643905769887334,0.42130419938545577,0.39399112325025604,0.2813246841925572,0.3086377603277569,0.30761351997268693,2.130181818181818,0.684811237928007,0.0,0.1141732283464567,0.07701611842970209,0.7169384057971014,0.7169384057971014,0.08710820387026438,0.23596014492753623,9.656344026548673,0.2517546835493047,0.2517546835493047,1.773714314741441,11.921249573233185,107.10840490797545,19.05968340611354,0.19973179774394573,0.3858579701310576,0.27842533538596875,0.197243404151205,1.9318805242304176,-1.9830737982396751,0.4148550724637681,0.6254694434960737,0.1779475982532751,0.7590418036636919,11.532710280373832,0.9060336300692384,0.2411795681937862,1.2164674634794157,1.1661362189688096,0.07190265486725664,0.0018615392810563461,0.1861539281056346,6.567264573991031,2.0269058295964126,17.271300448430495,3.0426008968609866,44.139013452914796,30.77354260089686,44.139013452914796,4.1076233183856505,3.376681614349776,0.7309417040358744,0.7833622183708839,0.9351701782820098,1.773714314741441,0.19643535275023813,0.28596187175043325,21.311068859198354,0.14573991031390135,Energy
2007-09-30,DVN,2007,Q3,USD,0.8346000723850887,0.3767643865363735,0.6503800217155266,0.3767643865363735,0.34781035106768005,0.23307998552298226,0.26601520086862107,0.26529134998190373,1.9254355400696863,0.36041009463722395,0.0,0.10239021678710394,0.06861016612450647,0.7729752412924885,0.7729752412924885,0.07670147641339575,0.29206882081409985,12.789965986394558,-0.6982630079058649,-0.6982630079058649,1.8050355222734253,13.609301483894317,137.73809523809524,21.36505681818182,0.1973876983437213,0.381576420890937,0.2761891525659289,0.20082863390493727,1.9331317204301075,-2.369639794168096,0.3692824171212757,0.6369887803112558,0.15511363636363637,0.6776556776556777,9.63888888888889,0.8477842003853564,0.22141149830167317,1.183591123066577,1.1347517730496455,0.08707482993197278,0.0017020144937171732,0.17020144937171733,6.2089887640449435,1.651685393258427,18.10561797752809,3.89438202247191,46.81348314606742,32.99325842696629,46.81348314606742,3.955056179775281,3.3415730337078653,0.6134831460674157,0.7648283038501561,0.9231508165225745,1.8050355222734253,0.1944285619307227,0.3298647242455775,24.5740122426266,0.14382022471910114,Energy
2007-12-31,DVN,2007,Q4,USD,0.45918048170159526,0.43446981545198626,0.6768845792930873,0.41132311542070693,0.39756021269940567,0.34532374100719426,0.41163590866437283,0.410697528933375,1.7672747374239912,1.2713235294117646,39.29545454545455,0.11385733110153495,0.07711790814357392,1.0702761826633853,1.0582444626743233,0.10750642673521851,0.37298331966092424,7.51613791793313,0.09466891270679134,0.09466891270679134,1.7979164773243659,12.375649045980607,-284.63992805755396,25.658203631647208,0.19121478193747588,0.36021994001635915,0.26482477533157384,0.23931003491306302,1.8838498591293285,-7.75030303030303,0.42165709598031176,0.4823271817328746,-0.09014267185473411,1.392608089260809,3.058139534883721,1.5358565737051793,0.19452504099911694,0.9173111243307555,0.882655981682885,0.05015197568389058,0.0016681431418465083,0.1668143141846508,7.1842696629213485,2.957303370786517,18.779775280898875,3.901123595505618,49.45168539325843,35.582022471910115,49.45168539325843,3.465168539325843,3.7775280898876407,-0.31235955056179776,1.035405192761605,0.9665399239543726,1.7979164773243659,0.20035410129420106,0.13139260424862312,21.316058225508318,0.14831460674157304,Energy
2008-03-31,DVN,2008,Q1,USD,0.7015126050420168,0.6591596638655463,0.9260504201680673,0.6517647058823529,0.29983193277310927,0.2188235294117647,0.25176470588235295,0.2510924369747899,1.423444976076555,0.6166666666666667,2.732307692307692,0.10282376525075174,0.06921018960102361,0.9323323323323324,0.8672672672672672,0.07495021129839219,0.37537537537537535,15.496278371161548,-0.3583514373331108,-0.3583514373331108,2.0728123046700597,15.605663865546218,118.13447837150127,20.58840354767184,0.1818541351634291,0.34900437539065987,0.25871255998676157,0.20430565917084087,1.91914456647915,-73.45679012345678,0.45145145145145144,0.7579831932773109,0.17427937915742794,1.624031007751938,19.00980392156863,1.5594744121715076,0.28847383906869645,1.211063372717508,1.165374677002584,0.09746328437917223,0.001572365990800582,0.1572365990800582,6.685393258426966,1.6831460674157304,17.79550561797753,4.265168539325843,50.332584269662924,36.72808988764045,50.332584269662924,5.067415730337078,4.1842696629213485,0.8831460674157303,0.8396860986547086,0.46003094378545645,2.0728123046700597,0.15501805528481902,0.2701793721973094,19.008656987295826,0.16404494382022472,Energy
2008-06-30,DVN,2008,Q2,USD,0.7034949267192785,0.3807779030439684,0.613021420518602,0.3647125140924464,0.3554114994363021,0.16741826381059752,0.3666854565952649,0.36583990980834274,1.4422764227642277,0.6898360655737705,1.3574193548387097,0.11754571958653591,0.0810415714938328,0.9006962864721485,0.7722148541114059,0.10443800068806212,0.3045424403183024,10.205749423520368,0.1393956018822294,0.1393956018822294,2.2664925532368883,14.969199549041713,57.35498920086393,18.120341180484473,0.15883965280950205,0.2967609781077967,0.22884786257281073,0.17086547307338476,1.8683053812998762,-7.573105656350053,0.4859084880636605,0.8260992108229989,0.31593312862504264,0.6808126410835215,14.377777777777778,1.3792941176470588,0.4214840379637619,1.4618453865336658,1.4104908565928778,0.056110684089162186,0.0013744871091937749,0.13744871091937746,8.027149321266968,2.9434389140271495,15.936651583710407,4.158371040723982,53.015837104072396,39.2579185520362,53.015837104072396,6.631221719457014,4.536199095022624,2.0950226244343892,1.0317208564631246,0.9744976816074189,2.2664925532368883,0.13093401859360973,0.5289452815226011,26.771365517241378,0.16515837104072398,Energy
2008-09-30,DVN,2008,Q3,USD,0.8255269320843092,0.6363332218133155,0.7781866845098695,0.6301438608230178,0.624790899966544,0.41970558715289397,0.4379391100702576,0.4379391100702576,3.495906432748538,0.6690186016677357,0.0,0.19007949125596185,0.14014769663579885,1.117685518143184,1.117685518143184,0.19959689029657357,0.38999673095782933,3.814514896867838,0.03675575612544838,0.03675575612544838,1.5795017793594306,6.6821010371361655,58.48550512445095,13.337429048414023,0.11339819481889579,0.19126136812969552,0.16055365618880074,0.16055365618880074,1.6866350336101226,-50.02510460251046,0.9790781301078784,0.5010036801605888,0.22804674457429047,49.65217391304348,54.594202898550726,0.0,0.6191854455240852,1.2954152249134947,1.2573467674223342,0.026737967914438502,0.0017523832412080428,0.17523832412080428,13.648401826484019,5.9771689497716896,11.200913242009133,2.7260273972602738,57.73972602739726,44.118721461187214,57.73972602739726,6.837899543378995,5.2785388127853885,1.5593607305936072,0.7009370816599733,0.9915051765330501,1.5795017793594306,0.12108968196747577,0.3282463186077644,9.370077386070507,0.1598173515981735,Energy
2008-12-31,DVN,2008,Q4,USD,0.6833948339483394,0.21033210332103322,0.5952029520295203,-3.626937269372694,-3.6608856088560886,-2.52140221402214,-2.515129151291513,-2.515129151291513,1.552119129438717,0.532258064516129,4.4,0.11795943240184556,0.08493167857590572,0.856140350877193,0.793939393939394,-0.38880657327586204,0.12089314194577352,-1.050820129107981,0.0028902427484277953,0.0028902427484277953,1.6793411488862835,10.571793357933577,-14.550309801929911,23.349274653626733,0.1830575404287326,0.34237983587338805,0.25505436443823415,0.2491527661634611,1.870339976553341,-59.56043956043956,0.39138755980861245,0.4527675276752767,-1.6047269763651182,9.235756385068763,-29.875379939209726,6.816666666666666,0.21006676938880328,0.3839173967459324,0.375344141939431,-0.010710093896713615,0.0025480321512791125,0.25480321512791126,6.215596330275229,-15.63302752293578,14.15137614678899,0.8692660550458715,39.12844036697248,26.33256880733945,39.12844036697248,2.8142201834862384,7.330275229357798,-4.51605504587156,0.6870275173873601,1.0093600569742598,1.6793411488862835,0.2038774766523465,0.3112589456707993,21.14789832610043,0.16743119266055045,Energy
2009-03-31,DVN,2009,Q1,USD,0.6079881656804734,-2.997534516765286,-2.7342209072978303,0.1844181459566075,-3.0705128205128207,-1.9142011834319526,-1.9521696252465484,-1.9521696252465484,1.660933660933661,0.6304520222045995,0.0,0.11779739776951673,0.07883994868405707,0.7346938775510204,0.7346938775510204,-0.25741334793834597,0.12275819418676562,-1.2388803990906794,0.02929455467138777,0.02929455467138777,1.5159102148045123,9.674018737672585,-20.18406378600823,18.73821394460363,0.26917544609882205,0.5350023180343069,0.34853518574448805,0.31133932847336776,1.9875598825529284,-3.098548510313216,0.323747680890538,0.5162721893491125,-0.9283667621776505,-2.8339100346020762,4.506024096385542,0.9757688723205965,0.15121317157712305,0.5185735512630015,0.5011967448539971,-0.017681232634503663,0.0035679861929128584,0.35679861929128587,4.619589977220957,-9.018223234624147,15.96127562642369,0.9043280182232346,29.480637813211846,16.931662870159453,29.480637813211846,2.3849658314350797,4.599088838268793,-2.214123006833713,0.635779669182592,-16.649732620320854,1.5159102148045123,0.35292480571040896,0.3643809217921953,-4.715222723174031,0.15945330296127563,Energy
2009-06-30,DVN,2009,Q2,USD,0.6440191387559808,0.1861244019138756,0.42727272727272725,0.20334928229665072,0.20334928229665072,0.09090909090909091,0.15023923444976076,0.15023923444976076,1.5857359635811836,0.6927374301675978,0.0,0.11555260684469508,0.07724433603134125,0.7379725085910653,0.7379725085910653,0.06594392523364485,0.18556701030927836,19.048964968152866,-0.1765895827469053,-0.1765895827469053,1.7486844028650783,11.447607655502392,-157.4046052631579,23.228640776699027,0.2719074546328122,0.5377137845344248,0.3496839203384191,0.2994726332497056,1.9775617599766115,-2.3575860124083476,0.2949599083619702,0.49282296650717705,-0.14757281553398058,0.4787234042553192,4.722222222222222,0.6830238726790451,0.14000271849938833,0.871404399323181,0.8213716108452951,0.22929936305732485,0.003009341497565359,0.30093414975653593,4.760820045558087,0.715261958997722,16.963553530751707,1.9908883826879271,31.16628701594533,18.159453302961275,31.16628701594533,2.34624145785877,2.69248291571754,-0.3462414578587699,0.7388235294117647,1.0,1.7486844028650783,0.3074961860776159,0.30117647058823527,34.30515117581187,0.16400911161731208,Energy
2009-09-30,DVN,2009,Q3,USD,0.6139180171591992,0.26739752144899903,0.5,0.28217349857006674,0.28217349857006674,0.18207816968541468,0.23784556720686367,0.23784556720686367,1.8371278458844134,0.7277628032345014,0.0,0.11116998728274692,0.07455314310081376,0.7577693871623584,0.7577693871623584,0.07740213523131673,0.26285216381063026,14.89601768717435,0.25181363233080456,0.25181363233080456,2.0291033442707977,14.171807103717827,128.15711768793102,24.471153336296297,0.3202444831384812,0.6150276393912509,0.3808155503908726,0.33431764492095223,1.9204940967719921,-2.399085191538022,0.3528899215800174,0.5791229742612012,0.19094650205761318,0.5484796328169822,6.5777777777777775,0.73502722323049,0.13482023968042608,1.2360122075279756,1.1527514231499052,0.14228456913827656,0.002387963214839381,0.23879632148393806,4.750981967736258,1.1300000009058115,20.61174350349639,2.3460521060890196,33.18214431517607,19.755751518842285,33.18214431517607,2.751402807816756,2.226032065912651,0.5253707419041048,0.8429054054054054,1.0,2.0291033442707977,0.30310316186102115,0.1570945945945946,36.07192688617731,0.1607815632551355,Energy
2009-12-31,DVN,2009,Q4,USD,0.7520844913841023,0.4280155642023346,-2.8543635352973875,-3.0400222345747636,0.3802112284602557,0.2273485269594219,0.3707615341856587,0.3707615341856587,1.4892384105960266,0.3922603342128408,0.0,0.09585975382320029,0.06060095667991646,0.7869542346133613,0.7869542346133613,0.0703457069991499,0.1699105733824303,12.314280359820089,0.3865315779610194,0.3865315779610194,2.110115606936416,18.262645914396888,43.806,22.73667820069204,0.29616654315165397,0.5646756583172768,0.360889910516378,0.2730074240089648,1.9066152858060372,-2.1885644768856447,0.38006312467122566,0.8032240133407449,0.5190311418685121,-3.5638998682476943,-63.593023255813954,1.0090782122905029,0.16435395814376705,2.079136690647482,1.8864229765013054,0.10644677661169415,0.0021610433882725353,0.21610433882725352,4.024608501118569,1.4921700223713648,19.861297539149888,1.9172259507829978,34.83221476510067,21.565995525727068,34.83221476510067,3.232662192393736,1.5548098434004474,1.6778523489932886,0.9751461988304093,-0.12506856829402085,2.110115606936416,0.22155260314416594,0.402046783625731,-7.984518013631938,0.15883668903803133,Energy
2010-03-31,DVN,2010,Q1,USD,0.7481366459627329,0.5152173913043478,0.6670807453416149,0.5279503105590062,0.493167701863354,0.33354037267080744,0.3701863354037267,0.3701863354037267,2.484567901234568,0.6763969974979149,0.0,0.1711673399957474,0.1049646314828699,1.2059202059202059,1.2059202059202059,0.1225040081620755,0.23294723294723294,6.040312500000001,0.07627174258474577,0.07627174258474577,1.6986263639044532,8.944164596273293,116.12987903225807,19.26435451505017,0.20129086938096946,0.3641993512238278,0.2669693039342845,0.256359649122807,1.8093187850191683,-37.88235294117647,0.48101673101673104,0.4642857142857143,0.16588628762541807,3.9278846153846154,19.767441860465116,4.53030303030303,0.24210526315789474,1.19887730553328,1.133434420015163,0.06040268456375839,0.002499981770966253,0.24999817709662528,7.203579418344519,2.6666666666666665,14.006711409395972,3.2595078299776286,37.930648769574944,24.467561521252797,37.930648769574944,3.344519015659955,2.7897091722595078,0.5548098434004475,0.7506297229219143,0.9341176470588235,1.6986263639044532,0.2144081588293974,0.3236775818639798,15.945628491620113,0.1610738255033557,Energy
2010-06-30,DVN,2010,Q2,USD,0.6765232974910395,0.36066308243727596,0.5797491039426523,0.2746415770609319,0.2746415770609319,0.15770609318996415,0.3163082437275986,0.3163082437275986,1.8522821576763486,0.6372462488967343,0.0,0.1325336975239,0.07447198958993693,1.4841269841269842,1.4841269841269842,0.09093676280343961,0.6390358612580834,9.599645892351274,-0.23732457900535098,-0.23732457900535098,1.6107783719548425,12.14578853046595,-46.983362218370885,19.405440229062275,0.18764805979113142,0.33416518122400474,0.25046762269528816,0.2486942547207714,1.7808080808080808,1.9519020550940096,0.4106407995296884,0.6258960573476703,-0.41302791696492486,6.298780487804878,5.5225225225225225,26.358490566037737,0.24839971550497866,0.7077001013171226,0.6834637964774951,0.09915014164305949,0.0025821301836263435,0.25821301836263433,5.015730337078652,1.5865168539325842,12.887640449438202,4.885393258426967,37.82022471910113,24.579775280898875,37.82022471910113,3.1393258426966293,4.435955056179775,-1.296629213483146,1.1517128874388254,1.0,1.6107783719548425,0.2074557164673508,0.4257748776508972,23.616228748068007,0.15730337078651685,Energy
2010-09-30,DVN,2010,Q3,USD,0.6808329791755207,0.3561410964725882,0.5529111772205695,0.29706757331066724,0.29706757331066724,0.18232044198895028,0.8882277943051424,0.8882277943051424,2.2889105058365757,0.6300335570469798,0.0,0.12929281828671904,0.07384740922072623,1.3370786516853932,1.3370786516853932,0.193248050866702,0.8107865168539325,3.3686483253588517,0.016634008811554583,0.016634008811554583,1.5098595324898134,11.968508287292815,-123.51710526315787,20.95379464285714,0.1766625866993064,0.3017906926871113,0.23182735472179894,0.17002625372669425,1.708288655372078,1.4953924372418177,0.30202247191011233,0.5711857203569911,-0.16964285714285715,0.5452141723955579,8.421686746987952,0.7433628318584071,0.23876354592289928,0.8549618320610687,0.8190127970749543,0.03301435406698565,0.0024501187774972574,0.24501187774972571,5.409195402298851,4.804597701149425,13.13103448275862,8.294252873563218,42.87816091954023,29.137931034482758,42.87816091954023,3.089655172413793,3.613793103448276,-0.5241379310344828,2.9899856938483547,1.0,1.5098595324898134,0.19987997968887045,0.38626609442060084,23.199769408147574,0.15862068965517243,Energy
2010-12-31,DVN,2010,Q4,USD,0.4244712990936556,0.5566465256797583,0.9259818731117825,0.8466767371601208,0.5045317220543807,0.3610271903323263,0.4244712990936556,0.4244712990936556,1.1014975041597337,0.5400425230333097,1.3534635879218473,0.0673722776307755,0.04021016187323473,1.2120881518655902,1.0892428540257473,0.07686119643118326,0.6253545712415448,14.7730115658363,-0.20419018859676036,-0.20419018859676036,1.7249119617721915,25.082877643504535,-75.30551020408164,26.738913043478263,0.1709842985999332,0.29242196021399264,0.22625889161274765,0.1655253120665742,1.7102269776138783,1.0711974110032363,0.2710015273838097,0.9380664652567976,-0.35507246376811596,0.551063829787234,16.246376811594203,0.6858089453340696,0.22060390763765542,0.7379679144385026,0.708499714774672,0.12455516014234876,0.0021078159924817212,0.2107815992481721,3.1300236406619386,1.3286052009456264,13.472813238770685,6.775413711583925,45.515366430260045,31.141843971631207,45.515366430260045,2.9361702127659575,3.978723404255319,-1.0425531914893618,0.8413173652694611,0.5958965209634255,1.7249119617721915,0.1695286291096013,0.2844311377245509,29.342357259380098,0.16548463356973994,Energy
2011-03-31,DVN,2011,Q1,USD,0.6730021598272138,0.2855291576673866,0.5041036717062635,0.2712742980561555,0.2505399568034557,0.16803455723542116,0.1796976241900648,0.1796976241900648,1.8242710795902286,0.5594974131559497,1.4202626641651033,0.10981452492765997,0.06700434153400868,0.973062217587765,0.8804310045185958,0.06017883950133803,0.2278415015641293,23.328551682692307,-0.8618603816105765,-0.8618603816105765,2.018758645795413,16.768341252699784,-68.46333333333334,30.8085,0.19690303907380607,0.3537885485464663,0.2613322065150584,0.16500933605453993,1.7967653024078216,5.667074663402693,0.21897810218978103,0.5442764578833693,-0.45,0.31822627975220086,9.8125,0.4195804195804196,0.18521240629134206,0.6896551724137931,0.6649076517150396,0.16346153846153846,0.0017517326052308283,0.17517326052308282,5.472813238770685,0.983451536643026,16.23404255319149,6.966903073286052,45.45862884160756,30.91725768321513,45.45862884160756,2.978723404255319,4.319148936170213,-1.3404255319148937,0.7172413793103448,0.9235668789808917,2.018758645795413,0.17525054284390182,0.3293103448275862,37.96976006855184,0.1607565011820331,Energy
2011-06-30,DVN,2011,Q2,USD,0.6758202567760342,0.5217546362339515,0.7179029957203994,0.5370898716119828,0.4914407988587732,0.06562054208273894,0.9782453637660485,0.9782453637660485,1.9391424619640387,0.6659340659340659,6.635036496350365,0.1250278681945869,0.07276124244232815,1.9872881355932204,1.9567350579839429,0.19247179846864224,0.7473238180196253,3.0311538461538463,0.005316852135206566,0.005316852135206566,1.5520729886130298,11.860848787446505,-96.96157434402332,21.45665806451613,0.20577626696421622,0.37007653537427665,0.2701137679678452,0.21784202073295372,1.7984412917677806,1.3127340823970037,0.3456735057983943,0.5527817403708987,-0.22129032258064515,0.3952702702702703,13.690909090909091,0.7900101936799184,0.19546027742749053,0.8188061278394083,0.7888040712468194,0.026248632883703972,0.002164904374369697,0.21649043743696972,6.644549763033176,6.5,19.0521327014218,15.919431279620854,50.77725118483412,36.14218009478673,50.77725118483412,3.6729857819905214,4.485781990521327,-0.8127962085308057,1.990566037735849,0.9150066401062417,1.5520729886130298,0.23844016234377358,0.8664731494920174,18.79623447590661,0.17061611374407584,Energy
2011-09-30,DVN,2011,Q3,USD,0.6418234442836469,0.5940665701881331,0.7988422575976846,0.6150506512301013,0.5564399421128798,0.37626628075253254,0.3755426917510854,0.3755426917510854,1.932867132867133,0.6547619047619048,38.07692307692308,0.1192921881743634,0.06933226308132243,1.5929364947769855,1.5886254352512021,0.08548283947985504,0.9315204775327475,5.474566473988439,-0.08918466686948584,-0.08918466686948584,1.0771680409439863,8.223733719247468,-58.134015345268544,16.18974358974359,0.23220287964681682,0.43867879821817835,0.30491781679238444,0.22049425584573898,1.8892048147095062,0.6907409721354492,0.2327972143923064,0.507959479015919,-0.27849002849002846,0.4982517482517482,11.805555555555555,0.42700729927007297,0.15166900723776602,0.7821727019498608,0.7532188841201717,0.06647398843930635,0.003035582303874987,0.30355823038749874,6.741463414634146,2.5317073170731708,22.929268292682927,16.704878048780486,51.46829268292683,36.953658536585365,51.46829268292683,3.424390243902439,4.378048780487805,-0.9536585365853658,0.6749024707412223,0.9047058823529411,1.0771680409439863,0.4072519621300109,0.3237971391417425,11.94266304347826,0.16829268292682928,Energy
2011-12-31,DVN,2011,Q4,USD,0.6613382899628253,0.3133828996282528,0.5460966542750929,0.2892193308550186,0.29516728624535316,0.1936802973977695,0.18847583643122676,0.18847583643122676,1.9506889050036258,0.619306594153637,43.38095238095238,0.10858157746024058,0.06542306102098888,1.3809735826654794,1.377856930840012,0.057550667953471836,0.8244286138319976,12.137080867850099,-0.24567800788954636,-0.24567800788954636,1.14857676154923,9.150185873605947,-2734.8888888888887,12.245771144278606,0.23785782036627187,0.4563695753616426,0.31336110221082986,0.21785466622869448,1.9186654223051796,0.8757935861956698,0.2983081032947462,0.7472118959107806,-0.004477611940298508,0.30984455958549223,15.877551020408163,0.5274206245080032,0.20552147239263804,0.9955423476968797,0.9626436781609196,0.13609467455621302,0.0028032826846510115,0.28032826846510117,6.775818639798489,1.2770780856423174,24.758186397984886,17.778337531486144,53.97984886649874,38.83375314861461,53.97984886649874,5.062972292191436,5.085642317380352,-0.022670025188916875,0.6385390428211587,1.0205655526992288,1.14857676154923,0.3973348500853173,0.3438287153652393,19.631722260040846,0.17380352644836272,Energy
2012-03-31,DVN,2012,Q1,USD,0.64328231292517,0.2950680272108844,0.5841836734693877,0.3010204081632653,0.25977891156462585,0.1760204081632653,0.16709183673469388,0.16709183673469388,2.124661246612466,0.7775718257645968,0.0,0.08855088287338579,0.05520478817040254,1.449696582561482,1.449696582561482,0.05196377548549567,0.9306930693069307,18.09669211195929,-0.7660932994062766,-0.7660932994062766,1.2956822736381854,12.095238095238095,-26.78719397363465,27.727095516569204,0.25440675976998006,0.4936691564948078,0.33050769934441226,0.23431560592850914,1.9404718527965021,0.8738621586475943,0.1638454167997445,0.4362244897959184,-1.0350877192982457,0.27977180888994535,8.137931034482758,0.24902912621359224,0.09465817879878217,0.49137931034482757,0.4732472324723247,0.2035623409669211,0.00281214848143982,0.281214848143982,5.88,0.9825,27.315,17.775,54.89,39.7225,54.89,2.565,5.22,-2.655,0.6432078559738135,0.8629943502824858,1.2956822736381854,0.38101096737907764,0.32242225859247137,24.351528384279476,0.2,Energy
2012-06-30,DVN,2012,Q2,USD,0.6187961985216474,0.43769799366420276,0.7988384371700106,0.46304118268215416,0.38753959873284055,0.2518479408658923,0.2518479408658923,0.2518479408658923,1.8845771144278607,0.4781456953642384,0.0,0.06952755038361294,0.04357027835288705,1.8578915541221528,1.8578915541221528,0.05464815250647211,1.2297923805684339,12.278805031446542,0.567163851452531,0.567163851452531,1.0541264341957255,12.369567053854277,-31.112828685258965,16.429144460028052,0.24391534391534392,0.4770753655793026,0.32298647496039967,0.2755867014341591,1.9559055118110236,0.5356334841628959,0.28744204797419876,0.7529039070749736,-0.5280504908835905,0.5589675122385402,8.858585858585858,0.6638733705772812,0.13449023861171366,0.6544286369894446,0.6306943830163645,0.1719077568134172,0.0035000913438472665,0.35000913438472664,4.688118811881188,1.1806930693069306,26.49009900990099,17.43811881188119,55.01237623762376,40.14356435643565,55.01237623762376,3.5297029702970297,5.393564356435643,-1.863861386138614,0.6498637602179836,0.8369441277080958,1.0541264341957255,0.452578884375763,0.35013623978201636,18.459986781229347,0.20297029702970298,Energy
2012-09-30,DVN,2012,Q3,USD,0.6175925925925926,-0.4875,-0.1550925925925926,0.03194444444444444,-0.5375,-0.33287037037037037,-0.33287037037037037,-0.33287037037037037,1.940700808625337,0.5562289562289562,4.464864864864865,0.07956973403079644,0.049600440892807934,1.7163391557496361,1.6826783114992723,-0.00013782331051591859,0.9712518195050946,-8.453407510431154,0.033473224370163625,0.033473224370163625,1.1162021945732519,11.255555555555556,-40.52,17.86333578251286,0.25799118214384126,0.5158165373490657,0.3402895565786285,0.2796335494112978,1.9993572379596896,0.5272793848407177,0.24763464337700145,0.6300925925925925,-0.440852314474651,0.037024221453287195,0.6272727272727273,0.489568345323741,0.12113929684023142,0.6940336562978072,0.6668299853013229,-0.11126564673157163,0.003290556103981573,0.3290556103981573,5.4,-1.7975,28.3625,18.755,54.4525,39.1675,54.4525,3.4025,4.9025,-1.5,0.6192937123169682,-16.82608695652174,1.1162021945732519,0.46211747285291216,0.3807062876830319,-90.17611940298508,0.2,Energy
2012-12-31,DVN,2012,Q4,USD,0.562185199535064,-0.1569159240604417,0.5075552111584657,0.3936458736923673,-0.1941108097636575,-0.13831848120883378,-0.13831848120883378,-0.13831848120883378,2.0730923694779118,0.7787732598208132,10.272727272727273,0.09448674769365939,0.059571619812583666,1.4944194569381977,1.476095285690488,0.01696298984034833,0.7724471097784441,-14.75924369747899,0.28876781147241504,0.28876781147241504,0.9905160259422877,8.165904688105385,-24.679391100702578,18.439370078740154,0.2687531736139962,0.5472318826957421,0.3536844663143187,0.28436417448626106,2.0361876116176334,0.7475742215785662,0.1904047976011994,0.4428516079039132,-0.7471566054243219,0.44073961806608064,9.236363636363636,0.3584195672624647,0.09816214359326692,0.5723585378067101,0.5497835497835498,-0.22969187675070027,0.003890644423567816,0.3890644423567816,6.37283950617284,-0.8814814814814815,29.022222222222222,17.234567901234566,52.538271604938274,37.528395061728396,52.538271604938274,2.8222222222222224,4.930864197530864,-2.108641975308642,0.7125748502994012,-0.49311023622047245,0.9905160259422877,0.5524715081466298,0.2874251497005988,21.437557251908398,0.20246913580246914,Energy
2013-03-31,DVN,2013,Q1,USD,0.45892494929006084,-0.9406693711967545,-0.5821501014198783,0.04513184584178499,-0.9949290060851927,-0.6790060851926978,-0.6790060851926978,-0.6790060851926978,1.4404674945215485,0.7572746628814763,-76.21428571428571,0.07474793419755894,0.047424366312346686,1.2357352941176472,1.2377941176470588,-0.029029898509646154,0.7757352941176471,-4.167110436474982,-0.014967580343257075,-0.014967580343257075,1.1324864774589,11.317973376146046,-24.15480898025974,22.274494508742517,0.29224183540955223,0.616602394966511,0.3814187068424357,0.28756823193435277,2.1099046072660848,0.8628308903959746,0.14735294117647058,0.5081135902636917,-0.9221556886227545,-0.12189459020199675,0.8090909090909091,0.23874195854181557,0.08245556287030942,0.5202492211838006,0.4992526158445441,-0.060492905153099324,0.0036291877834338814,0.36291877834338815,4.905471868047941,-3.3308452491461424,30.502482781949215,16.1716392566834,49.02486793888885,34.05720859302453,49.02486793888885,2.492536922811378,4.791044025284145,-2.2985071024727675,0.682466870540265,-22.04494382022472,1.1324864774589,0.5444677770899817,0.31753312945973494,-25.432093639163764,0.2014925057362491,Energy
2013-06-30,DVN,2013,Q2,USD,0.6583629893238434,0.3561954060174701,0.5742478162406988,0.3736654804270463,0.3225493367842122,0.22096408929149142,0.22096408929149142,0.22096408929149142,2.009752925877763,0.8822055137844611,-117.33333333333333,0.11480037140204272,0.07723638180909545,1.3066803699897225,1.308530318602261,0.06800641475393406,0.6912641315519014,7.692737920937042,-0.051029516487490746,-0.051029516487490746,1.0473716734775242,6.799275315431899,-85.08728744939272,15.05484240687679,0.2536231884057971,0.50583075849696,0.3359147471538258,0.2839197773178217,1.9944184192165852,1.9974151857835218,0.2869475847893114,0.45163377547719186,-0.17693409742120345,0.6357702349869452,11.10576923076923,0.6362807657247037,0.13753694581280787,0.8496652465003043,0.8060046189376443,0.13030746705710103,0.004234755830640219,0.4234755830640219,7.689054726368159,1.699004975124378,25.507462686567163,10.527363184079602,49.91542288557214,35.19651741293532,49.91542288557214,3.472636815920398,4.087064676616915,-0.6144278606965174,0.6850551654964895,0.8632034632034632,1.0473716734775242,0.48295249079773284,0.3149448345035105,15.663977464788733,0.22139303482587064,Energy
2013-09-30,DVN,2013,Q3,USD,0.6051470588235294,0.27205882352941174,0.5261029411764706,0.27904411764705883,0.2349264705882353,0.1577205882352941,0.1577205882352941,0.15625,1.7894736842105263,0.8463356973995272,0.0,0.09727487304198555,0.06659158791558537,1.320577164366374,1.320577164366374,0.05535237718691312,0.903387703889586,13.531188811188809,-0.3629795093795094,-0.3629795093795094,1.1265049485736462,8.536588235294118,-473.8677551020408,14.50313554028732,0.24648680409342408,0.48845332815835435,0.32816166883963493,0.27849341921030524,1.981661168251504,1.7983471074380166,0.3347971560016729,0.5886029411764706,-0.030605871330418487,0.551739719837325,7.514851485148514,0.7580492424242424,0.1590186730234406,0.9703030303030303,0.9206440483036228,0.20745920745920746,0.003832981904880032,0.3832981904880032,6.766169154228856,1.0671641791044777,25.296019900497512,10.746268656716419,51.27363184079602,36.46268656716418,51.27363184079602,3.982587064676617,4.104477611940299,-0.12189054726368159,0.6713615023474179,0.841897233201581,1.1265049485736462,0.4336006945880018,0.3286384976525822,20.242851153039833,0.22139303482587064,Energy
2013-12-31,DVN,2013,Q4,USD,0.5259146341463414,0.2183689024390244,0.4893292682926829,0.2267530487804878,0.18102134146341464,0.07888719512195122,0.07888719512195122,0.07888719512195122,1.798492117888965,1.0122050447518307,0.0,0.09224171265862832,0.06119831144902862,1.202854996243426,1.202854996243426,0.0410224327464474,0.9114951164537941,30.337222222222223,-0.5846810101010101,-0.5846810101010101,1.2253875798819454,9.572873475609756,-246.26686274509805,17.480320111343076,0.2803834223476456,0.5864676325674423,0.3696688293717905,0.27959936742224567,2.0916630079516074,1.820326049254249,0.21592787377911346,0.5476371951219512,-0.0709812108559499,0.24323677280344744,5.36036036036036,0.353418593212002,0.11953086008983531,0.9337231968810916,0.8826781326781327,0.42995169082125606,0.003543103647326629,0.3543103647326629,6.463054187192118,0.5098522167487685,29.88423645320197,14.94088669950739,50.49014778325123,36.0615763546798,50.49014778325123,3.539408866995074,3.79064039408867,-0.2512315270935961,0.4357894736842105,0.7983193277310925,1.2253875798819454,0.4785976634624801,0.5642105263157895,24.20188473520249,0.21921182266009853,Energy
2014-03-31,DVN,2014,Q1,USD,0.41449664429530203,0.1795973154362416,0.37798657718120804,0.18523489932885906,0.15033557046979865,0.08832214765100671,0.08697986577181208,0.08644295302013423,1.443798449612403,1.3795066413662238,-2181.0,0.09952176120120762,0.07059603904103098,0.662269129287599,0.662401055408971,0.03834914679461741,0.2674142480211082,21.018912037037037,0.3696429358237548,0.3696429358237548,1.329194398360496,7.312888590604028,-4.4598084479371325,19.319510638297874,0.29398275371932153,0.7569044598419049,0.4308170860412154,0.3641919771662582,2.574655996877135,-6.1570247933884295,0.18601583113456466,0.3785234899328859,-4.3319148936170215,0.30296010296010295,6.160714285714286,0.3737079247283329,0.0908973697782362,0.18754988028731046,0.18533123028391169,0.2777777777777778,0.003303902900496356,0.3303902900496356,9.152334152334152,0.7960687960687961,38.38820638820639,4.982800982800983,61.53808353808354,39.04422604422604,50.353808353808354,3.4643734643734643,18.471744471744472,-15.007371007371008,0.5785714285714286,0.8115942028985508,1.329194398360496,0.5694460199166608,0.4125,28.924367897727272,0.22113022113022113,Energy
2014-06-30,DVN,2014,Q2,USD,0.33835920177383594,0.3716186252771619,0.555210643015521,0.39334811529933483,0.34456762749445674,0.15521064301552107,0.14966740576496673,0.14789356984478935,1.9600173837461974,1.9516023544800523,-2984.0,0.121895186356388,0.08823241709869901,0.938662107287882,0.9388758281684121,0.059985632183908046,0.3646078221842274,11.998222222222223,0.1129244444444445,0.1129244444444445,1.508577815032132,7.182971175166298,611.2301886792453,15.810248901903368,0.24170986990120316,0.5753469311725808,0.36521919063525377,0.3561791689152725,2.3803203874452827,-3.168247277836319,0.43791408420602695,0.4543237250554324,0.025866276232308444,2.722772277227723,13.541984732824428,4.313684210526316,0.1658437879401052,1.026553106212425,0.9780429594272076,0.14666666666666667,0.003056008297525559,0.3056008297525559,11.053921568627452,1.6544117647058822,30.602941176470587,4.1838235294117645,63.870098039215684,43.26225490196079,52.63235294117647,5.022058823529412,4.892156862745098,0.12990196078431374,0.4343629343629344,0.8759864712514093,1.508577815032132,0.38138366177705335,0.5495495495495496,17.19017571884984,0.2426470588235294,Energy
2014-09-30,DVN,2014,Q3,USD,0.48219640179910045,0.33095952023988007,0.4910044977511244,0.33245877061469264,0.30997001499250376,0.19508995502248874,0.1904047976011994,0.1883433283358321,2.6560477849676456,2.0558035714285716,-2763.0,0.1517245301259632,0.10495879147898267,0.9964964964964965,0.9966633299966633,0.07718831789290018,0.5685685685685685,6.86161909448819,0.13640568079404228,0.13640568079404228,1.2574684343434344,5.2259407796101955,-193.6501388888889,17.886863373957667,0.23719978756466492,0.543786075036075,0.3522418577479188,0.31422209852490957,2.2925234487734487,-34.64935064935065,0.26009342676009345,0.2921664167916042,-0.09236690186016677,0.9965243296921549,15.293103448275861,0.821390937829294,0.12928103491168422,0.9154433352906636,0.8656302054414214,0.09645669291338582,0.003514356144851719,0.35143561448517185,13.04645476772616,2.4841075794621026,29.767726161369193,8.334963325183374,65.44743276283619,45.12958435207824,54.220048899755504,3.8117359413202934,4.163814180929095,-0.35207823960880197,0.6142684401451027,0.9323562570462233,1.2574684343434344,0.4324451097017028,0.37061668681983073,13.945274809160304,0.2396088019559902,Energy
2014-12-31,DVN,2014,Q4,USD,0.5427856547122603,0.0707256046705588,0.2225187656380317,0.07673060884070058,0.04854045037531276,-0.06321934945788157,-0.06805671392827356,-0.06755629691409508,3.060234813680449,1.957857142857143,1.3753135975915705,0.16516971567114833,0.11839168987104291,1.09486099410278,0.7590564448188711,0.02066183733947975,0.2493681550126369,-15.34000612745098,0.10931958389677708,0.10931958389677708,1.162305120943405,4.17596163469558,-19.242805534204457,25.996770508826582,0.22240654067184074,0.5228654997910767,0.34334319075637937,0.31336669960789315,2.3509447978086264,22.121771217712176,0.16225779275484414,0.16063386155129275,-1.3509865005192108,0.4152595372107567,2.754491017964072,0.672486033519553,0.08550879062333511,0.4253533568904594,0.4075327972915785,-0.2426470588235294,0.003954481126140359,0.39544811261403584,14.657701711491443,-0.9975550122249389,27.943765281173594,3.6210268948655258,64.40342298288509,47.68948655256724,52.66259168704156,2.354523227383863,5.5354523227383865,-3.1809290953545233,-1.402061855670103,0.6326086956521739,1.162305120943405,0.44985218628881535,2.3024054982817868,26.09961769115442,0.24205378973105135,Energy
2015-03-31,DVN,2015,Q1,USD,0.24134762633996937,-1.6869831546707503,-1.4407350689127105,-1.6830015313935682,-1.7225114854517611,-1.0992343032159264,-1.1022970903522205,-1.1026033690658499,1.9633193024654239,1.855430711610487,1.4519343493552168,0.10379907804800509,0.07200829253231,1.0442446043165468,0.737410071942446,-0.11956278278009227,0.3341726618705036,-1.7003031940587665,-0.0021604869047760697,-0.0021604869047760697,1.360091391991443,7.496957054110261,-51.749608417906984,14.85289125101335,0.25911958008027874,0.6528310273934544,0.3949774759631547,0.3640186585624426,2.5194199033172193,8.071693448702101,0.29640287769784174,0.5047473200612558,-0.28701456310679613,-1.7054313099041534,-46.965811965811966,1.138121546961326,0.14026725678781174,0.776991984912777,0.7423423423423423,-0.027507641011392053,0.004044519987304295,0.4044519987304295,8.044597236546075,-8.867536126900252,29.236505607612777,4.582833341493322,56.71625843431978,38.96147506937307,44.34260841228781,4.060488896118815,5.225908342638354,-1.1654194465195384,0.6399359886201992,1.0234758871701546,1.360091391991443,0.4799905588973551,0.3618421052631579,-7.306242513110119,0.24392500043432203,Energy
2015-06-30,DVN,2015,Q2,USD,0.1768346595932803,-1.2844090775125259,-1.0869437076333628,-1.285882699675803,-1.3200707338638373,-0.8231653404067197,-0.8299440023577954,-0.830238726790451,2.1179775280898876,2.698550724637681,3.022727272727273,0.1219450833812536,0.08355907993892528,1.1830915457728863,0.951975987993997,-0.09787338059154241,0.4314657328664332,-2.143772534818892,0.0985246755639564,0.0985246755639564,1.5758959624225022,7.116844630769231,-70.19608672151163,21.932292308991826,0.2966310397478205,0.7860732232591529,0.44011254019292606,0.4260618772941793,2.65000326306859,6.938650306748467,0.27538769384692346,0.3244916003536693,-0.31244323342415986,-2.5182389937106917,-34.904,1.6432835820895522,0.09140722291407223,0.7619377162629758,0.7135450421257291,-0.03480113636363636,0.004058398897084526,0.40583988970845264,8.359041553724346,-6.937536402973109,29.98217969608762,4.252197383356387,49.644281269996846,31.93089819564434,37.74995394274039,2.7124387711908353,3.559921911326755,-0.8474831401359195,0.6287117660192008,1.0265872106348843,1.5758959624225022,0.49881035423860326,0.37642330877428,-9.34583889159436,0.24143415038755847,Energy
2015-09-30,DVN,2015,Q3,USD,0.3135240211052485,-1.5254096084420994,-1.2432657595112468,-1.5118022771452375,-1.5615106914745904,-1.0855317967231324,-0.9738961399611219,-0.9741738405998334,2.7321699544764795,2.629787234042553,3.582608695652174,0.15811196487376508,0.10482955372478239,1.2276492430734076,1.030562696372465,-0.14992674588963048,0.5104255926878035,-1.0734630844282864,-0.043822551799601796,-0.043822551799601796,1.3039955099030136,4.181766217261872,41.82927818988889,9.69641992811333,0.3464236849000029,1.0304814686525805,0.5075059706584784,0.49677531811051073,2.974627641149983,4.71026814911707,0.4435875464153099,0.43126909191891144,0.231809401159047,-4.34433962264151,-40.029411764705884,3.106,0.13050420168067228,1.3017602682313496,1.2020123839009287,-0.028229255774165955,0.006574342467771148,0.6574342467771147,8.869458040694994,-8.63793094937999,29.64531990497222,4.403940843310927,39.216748382101,23.507388930961685,28.443349473464536,3.8251231150234175,2.9384236163702107,0.886699498653207,0.62368842255024,1.0328802351212343,1.3039955099030136,0.7902492461260269,0.304819491374711,-5.62241236282332,0.2438423621296319,Energy
2015-12-31,DVN,2015,Q4,USD,0.23943173943173943,-1.8731808731808732,-1.091129591129591,-1.8797643797643797,-1.9203049203049203,-1.702009702009702,-1.5703395703395704,-1.571032571032571,2.611764705882353,2.422737306843267,51.04651162790697,0.1513530522341095,0.09772450223486388,1.2218512898330804,1.2088012139605462,-0.20983659602006147,0.701062215477997,-0.7277298940864961,-0.026755686318754586,-0.026755686318754586,1.8715119194211942,4.571132196812197,-22.943108730434783,12.203781239592969,0.4440268183665177,1.8602638672152079,0.6503819065568892,0.6314633763789408,4.1895304298482055,3.777486910994764,0.32807283763277695,0.37456687456687454,-0.5319148936170213,-2.2591928251121076,-39.02877697841727,1.1075819672131149,0.08243727598566308,0.6527777777777778,0.6156036446469249,-0.02206531332744925,0.0075801865179481774,0.7580186517948178,7.000453853055501,-10.993089695789164,32.14484215547176,5.605699533753036,26.65557428663441,12.775949564810576,17.098475124805347,2.622138120288634,4.016892439591098,-1.3947543193024647,0.817755322988091,1.0215668202764976,1.8715119194211942,0.9895175480529551,0.11367737278960664,-7.61997063194665,0.24256596857434168,Energy
2016-03-31,DVN,2016,Q1,USD,0.20696142991533395,-1.658513640639699,-1.478363123236124,-1.6462841015992473,-1.733301975540922,-1.6312323612417685,-1.4374412041392286,-1.4374412041392286,2.078201368523949,2.634375,31.22222222222222,0.11036129568106312,0.07423962007193491,1.1346153846153846,1.113846153846154,-0.13867284461360252,0.6288461538461538,-1.064018387460733,0.025756744665624352,0.025756744665624352,2.029104644043682,6.117855488391345,-5.840395495428828,87.29235414979867,0.438069630198694,1.9570982839313573,0.6618306515431285,0.6554689599570008,4.467550702028081,3.9333950046253467,0.05730769230769231,0.07008466603951082,-14.946308724832214,-5.692607003891051,-21.341463414634145,0.4257142857142857,0.0118772419290554,0.06271043771043772,0.059576169532187126,-0.04090314136125654,0.009610534423862588,0.9610534423862588,4.485231802560147,-6.44725700311562,26.812234703074743,3.451476589364252,22.168775061760122,9.81434541181082,13.523205952215681,0.314345972992221,5.0126579317417255,-4.698311958749504,0.8293080054274085,1.052857142857143,2.029104644043682,0.9645132347788494,0.05888738127544098,-7.609468904969774,0.2637130645907894,Energy
2016-06-30,DVN,2016,Q2,USD,0.23754019292604503,-0.6370578778135049,-0.5068327974276527,-0.6016881028938906,-0.7013665594855305,-0.6282154340836013,-0.6310289389067524,-0.6270096463022508,2.131962296486718,3.4807339449541286,2.605769230769231,0.1479631281593815,0.09132286007928352,1.3595083646295665,1.110959371799249,-0.059263301500682125,0.5882553772618642,-3.0173509705414014,0.056411344231860984,0.056411344231860984,3.909421104807097,7.616143125,-114.84220663636364,56.564071925373135,0.4664146234033182,2.6216216216216215,0.7238805970149254,0.7182631946059056,5.620796368887972,3.5466856735566643,0.11437350631614886,0.13464630225080385,-0.4925373134328358,-2.1033138401559452,-9.184049079754601,0.9571428571428572,0.026363421736050996,0.67,0.6285178236397748,-0.021019108280254776,0.0017415200026004378,0.17415200026004377,4.759626940440408,-3.003462337818103,24.620739036763688,3.298069471591344,17.062344325477493,5.917012108835283,9.272472580512323,0.640866167623608,0.9565166680949374,-0.3156505004713293,0.8997134670487106,1.1656646626586507,3.909421104807097,0.6705907476679928,0.10429799426934097,-23.737481439333862,0.06313010009426587,Energy
2016-09-30,DVN,2016,Q3,USD,0.32650936849410134,0.4621790423317141,0.6013185287994448,0.5083275503122832,0.4087439278278973,0.34941013185287995,0.34455239417071476,0.34073560027758504,2.639194139194139,3.669187145557656,2.707112970711297,0.17824231554208672,0.1074851751016298,1.5612065941774815,1.3097158891616976,0.08279608404966571,0.8365485794458085,5.819144008056395,-0.035627412294222824,-0.035627412294222824,3.9578150684931503,8.02,76.53523178807947,31.8369696969697,0.4234513109312647,1.944178082191781,0.660346632546237,0.653289004986939,4.591267123287671,2.172634753109687,0.2546474921080323,0.25190839694656486,0.41597796143250687,2.6340640809443507,6.02880658436214,2.0742857142857143,0.06394222300510834,1.7122641509433962,1.5921052631578947,0.032225579053373615,0.0013844638923163983,0.13844638923163985,5.5,1.8950381679389312,22.13167938931298,4.5534351145038165,19.200381679389313,8.486641221374045,11.145038167938932,1.3854961832061068,0.8091603053435115,0.5763358778625954,0.8429541595925297,0.8040955631399317,3.9578150684931503,0.49122509479251214,0.14516129032258066,18.512775533756493,0.061068702290076333,Energy
2016-12-31,DVN,2016,Q4,USD,0.27528490028490027,0.18803418803418803,0.38497150997151,0.22685185185185186,0.13354700854700854,0.11396011396011396,0.11787749287749288,0.11787749287749288,2.0707964601769913,3.1697819314641746,10.544041450777202,0.1734403953057443,0.10836259792382202,1.4418960244648318,1.3681192660550459,0.04524391813618226,0.7488532110091743,18.07483383685801,-0.2704108999214978,-0.2704108999214978,4.037637928125528,8.522464387464387,-177.26725925925925,44.64753731343284,0.39184965075444755,1.713176986671166,0.6314283937566072,0.6314283937566072,4.372026320229458,2.0377358490566038,0.20489296636085627,0.1908831908831909,-0.251865671641791,3.07185628742515,1.907185628742515,0.0,0.052787078983651765,0.7988077496274217,0.7635327635327636,0.09365558912386707,0.0012953865851436709,0.12953865851436708,5.358778625954199,0.6316793893129771,20.015267175572518,3.7404580152671754,19.799618320610687,9.135496183206106,11.311068702290076,1.0229007633587786,1.2805343511450382,-0.25763358778625955,0.8826666666666667,0.5886970172684458,4.037637928125528,0.4243017866306076,0.14666666666666667,29.718852913968547,0.05916030534351145,Energy
2017-03-31,DVN,2017,Q1,USD,0.3610250633624331,0.12756969867642917,0.27626020839200227,0.19881723458180794,0.16840326668544073,0.08673613066741763,0.1591101098282174,0.08194874683187835,2.690151515151515,3.5564263322884013,-2269.0,0.21624748797271787,0.13587663580010714,1.5283400809716599,1.528744939271255,0.06218774651590849,0.8578947368421053,9.691592920353983,0.13568230088495573,0.13568230088495573,3.3874110733065264,6.168121655871586,326.910447761194,26.262589928057555,0.3972220096426112,1.6054747912155893,0.6161927939692526,0.6161927939692526,4.041756882152799,2.8858187728565623,0.33765182186234816,0.2348634187552802,0.0803357314148681,7.574803149606299,5.559055118110236,0.0,0.08033908101338985,1.0873533246414602,1.0438047559449313,0.05663716814159292,0.0014609870793955166,0.14609870793955165,6.763809523809524,1.0761904761904761,20.015238095238097,4.038095238095238,20.803809523809523,10.215238095238096,12.316190476190476,1.5885714285714285,1.460952380952381,0.12761904761904763,0.9448160535117057,0.8470254957507082,3.3874110733065264,0.4739533397251518,0.03177257525083612,30.749235474006117,0.06095238095238095,Energy
2017-06-30,DVN,2017,Q2,USD,0.3387542190856091,0.08867750843817122,0.20190242405645903,0.16630868364528997,0.14053390610616753,0.06505062902730899,0.13040810064436945,0.05615219392451672,2.6113782051282053,3.1141618497109826,-2155.0,0.19373439543454998,0.12154098605206236,1.613744075829384,1.6141390205371249,0.052053732885559284,0.9356240126382307,9.891894117647059,-0.39567576470588234,-0.39567576470588234,2.4374865922597477,5.1599324946302545,221.26605263157896,20.760765432098765,0.3937495338256135,1.530366719814466,0.6048003666151114,0.6048003666151114,3.8866502391650966,2.279818118223155,0.31990521327014215,0.2485424976986806,0.09382716049382717,5.564102564102564,4.672413793103448,810.0,0.07671907558249669,1.103542234332425,1.0560625814863103,0.07764705882352942,0.001962391072428881,0.19623910724288812,6.195817490494297,0.8079847908745247,20.29277566539924,4.505703422053232,21.539923954372625,11.02851711026616,13.115969581749049,1.5399239543726235,1.3954372623574145,0.1444866920152091,0.9279475982532751,0.8450184501845018,2.4374865922597477,0.6279056767811078,0.015283842794759825,38.00185410334346,0.06273764258555133,Energy
2017-09-30,DVN,2017,Q3,USD,0.27629911280101394,0.09062103929024082,0.20785804816223066,0.10329531051964512,0.08618504435994931,0.0614702154626109,0.07224334600760456,0.05481622306717364,2.158686730506156,2.8657465495608534,-2284.0,0.18475588338602036,0.11451794332160092,1.6320621468926553,1.632415254237288,0.040192,0.9819915254237288,21.17265350877193,-0.4513118247922437,-0.4513118247922437,2.7085790433440877,6.118333333333333,551.6988571428572,24.88332474226804,0.37748104067636706,1.4592509468368635,0.5933721195528177,0.5929077204202833,3.8657595735727313,1.88755980861244,0.2740112994350282,0.2458808618504436,0.045103092783505154,4.292517006802721,2.5669291338582676,38.8,0.07459386715370567,1.0472334682860998,1.006485084306096,0.13157894736842105,0.0015536426186957067,0.15536426186957067,6.0,0.43346007604562736,20.019011406844108,5.2889733840304185,22.688212927756656,12.12167300380228,13.553231939163497,1.4752851711026616,1.408745247148289,0.06653992395437262,0.8382352941176471,0.8343558282208589,2.7085790433440877,0.5387514720763812,0.09191176470588236,41.05405487804878,0.057034220532319393,Energy
2017-12-31,DVN,2017,Q4,USD,0.15415515942756716,-0.075822244539292,0.15315089128797388,-0.1418528747175496,0.025106703489831784,0.011046949535525985,0.045945267386392166,0.04669846849108712,4.148958333333334,5.322274881516588,-3369.0,0.18813471257852724,0.1317086075195926,1.4452488687782805,1.445550527903469,0.044060234244283326,0.8063348416289593,29.69262295081967,-1.5959784836065571,-1.5959784836065571,2.3487140695915283,5.456942003514938,-268.3333333333333,29.979310344827585,0.3441023775668794,1.1244867084503998,0.5292980671414038,0.5265285239191609,3.2678841582018587,2.4390691977954684,0.2187028657616893,0.18202360030128045,-0.11172413793103449,4.195876288659794,-7.151898734177215,6.304347826086956,0.06967134345569864,0.8995037220843672,0.8651551312649165,0.17486338797814208,0.0014722797331492984,0.14722797331492984,7.586666666666667,0.3485714285714286,19.97142857142857,5.093333333333334,26.864761904761906,19.474285714285713,17.626666666666665,1.380952380952381,1.5352380952380953,-0.15428571428571428,1.83,-0.17699115044247787,2.3487140695915283,0.4787669657234875,-2.04,48.308196721311475,0.06095238095238095,Energy
2018-03-31,DVN,2018,Q1,USD,0.13543307086614173,-0.04383202099737533,8.188976377952755e-05,0.06745406824146982,-0.047506561679790026,-0.04015748031496063,-0.05170603674540682,-0.06614173228346457,2.247787610619469,3.8213457076566124,-3294.0,0.17817892718514708,0.12996316004911992,1.0439402642159679,1.0442274554853532,0.02180745301776666,0.4089603676048248,-20.914473699073604,0.10027487389966795,0.10027487389966795,1.850713674887142,4.325618182380577,-484.723684555,20.49826526725124,0.3404966571155683,1.120943290286356,0.5285116746968814,0.5195057465062322,3.2920830993823693,4.677716390423573,0.2309017805858702,0.2110236220472441,-0.04228855721393035,0.03606624203821656,0.5962877030162413,2.2711864406779663,0.08054498096573832,0.9594272076372315,0.9241379310344827,-0.16243654822335024,0.0019416762592326827,0.19416762592326828,7.349238573457394,-0.37999999972994924,20.085989833441428,2.748730962513592,26.47461927052565,19.05015227072578,17.177157348198975,1.5508629430603005,1.6164466993588704,-0.06558375629856993,1.0883977900552486,-0.7042801556420234,1.850713674887142,0.605681638114395,0.15469613259668508,80251.93998355769,0.06172588828100698,Energy
2018-06-30,DVN,2018,Q2,USD,0.5589150733659404,-0.1845264562027568,5.9582036460649177e-05,-0.06136060471320587,-0.2138728323699422,-0.21076033792796797,-0.1889728768341485,-0.26100489106269453,1.9710780017528484,1.2866407263294424,0.09215904868078781,0.15926634091070038,0.07712884529647793,1.6497552823206398,0.36480840396323266,-0.0003065415976948072,0.17428673749552345,-13.47244705882353,-0.11635295187165776,-0.11635295187165776,2.8578936860494135,10.18370831480658,-214.04822429906542,45.35279207920792,0.20806612023731952,0.7570501622161218,0.43086428520701653,0.4194436395247754,3.638507611679561,0.8037884203002145,0.06028411125701325,0.22454424188528235,-0.21188118811881188,0.02067826086956522,-2.0294117647058822,1.8231046931407942,0.08323718477006758,0.8251633986928104,0.77217125382263,-0.0988235294117647,0.00183380808587112,0.183380808587112,4.316698656429942,-0.8157389635316699,11.775431861804222,2.804222648752399,24.660268714011515,23.046065259117082,15.381957773512475,0.9692898272552783,1.1746641074856046,-0.2053742802303263,0.8835758835758836,3.4855072463768115,2.8578936860494135,0.2648979442138115,0.014553014553014554,205299.7014925373,0.08061420345489444,Energy
2018-09-30,DVN,2018,Q3,USD,0.6238852268321055,0.02055060100814269,0.2466072120977123,0.08259015122140365,0.06281504459092671,0.06048856145792943,0.983714618069019,0.05001938735944164,2.103588907014682,1.2483912483912485,0.0,0.1815941416701873,0.1278504858219314,1.4754962779156326,1.4754962779156326,0.2619301046656023,0.9621588089330024,1.9450335041387468,-0.0026626502059996196,-0.0026626502059996196,2.218273769386379,7.653431562621171,83.6364406779661,23.13974208675264,0.2998215348007139,0.6797033041132838,0.404656764351666,0.39424058819524815,2.267026298044504,0.7393922018348624,0.26457816377171217,0.33074835207444747,0.27667057444314186,2.3313253012048194,2.84,3.3190661478599224,0.1410383597883598,1.3824959481361425,1.3022900763358778,0.014978320851399291,0.0019252008795128226,0.19252008795128225,5.2525458248472505,5.167006109979633,12.470468431771893,6.317718940936864,18.122199592668025,16.409368635437882,18.122199592668025,1.7372708757637474,1.2566191446028514,0.48065173116089616,15.660493827160494,0.7605633802816901,2.218273769386379,0.3064109189287777,-0.8518518518518519,35.66698113207547,0.07739307535641547,Energy
2018-12-31,DVN,2018,Q4,USD,0.7359762675296656,0.42206040992448757,0.4274541531823085,0.3673139158576052,0.4002157497303128,0.34034519956850057,0.3098705501618123,0.3098705501618123,4.623441396508728,1.8471698113207546,4.969543147208122,0.2660925726587729,0.18951241950321987,1.9932614555256065,1.9047619047619047,0.15144508670520232,1.0844564240790655,2.2510574412532636,-0.043587891278199904,-0.043587891278199904,1.126263879817113,2.7901456310679613,-132.63923076923078,19.08830258302583,0.30394561995297964,0.6473982146745046,0.3929822242780678,0.38641373321755396,2.129980404964076,1.9807692307692308,0.24348607367475292,0.14617044228694714,-0.14391143911439114,5.387931034482759,19.457142857142856,3.345679012345679,0.09113838910374979,0.8741935483870967,0.8249619482496194,0.03220191470844212,0.0035763097509535218,0.3576309750953522,8.07843137254902,2.503267973856209,13.10893246187364,5.2592592592592595,20.013071895424837,18.18082788671024,20.013071895424837,1.1808278867102397,1.3507625272331154,-0.16993464052287582,0.7742587601078167,1.0895741556534508,1.126263879817113,0.5748192997005566,0.22574123989218328,8.7563785488959,0.08061002178649238,Energy
2019-03-31,DVN,2019,Q1,USD,0.3570952698201199,-0.28780812791472354,2.1319120586275815e-05,-0.2684876748834111,-0.2844770153231179,-0.2518321119253831,-0.2111925383077948,-0.25116588940706197,1.4460500963391136,1.6003316749585406,0.0,0.10548879049827817,0.08303368921834375,1.3734756097560976,1.3734756097560976,0.013894324853228963,0.6742886178861789,-10.633355951135647,0.08204749962296023,0.08204749962296023,1.716061517887234,8.98274173620253,-74.08294146175824,35.764178636710874,0.33656026995629806,0.7743413516609393,0.4364105874757908,0.4241002712013487,2.30075092274405,1.0190088255261371,0.1915650406504065,0.25116588940706197,-0.4827586206896552,1.5072876712328767,-5.52054794520548,0.0,0.06196581196581197,0.6744186046511628,0.6357504215851602,-0.10725552050473186,0.0025216761527972016,0.25216761527972015,3.5111774251380834,-0.7415344728639389,14.402611196918839,3.1041521939761734,18.379294489880028,16.41200587259746,18.379294489880028,0.8818880008508043,1.307627035744296,-0.42573903489349174,0.7423887587822015,1.0595533498759304,1.716061517887234,0.4291299476495473,0.2576112412177986,570002.97956375,0.07953366585922374,Energy
2019-06-30,DVN,2019,Q2,USD,0.6017699115044248,0.15773034877667882,0.36283185840707965,0.16762103071317022,0.12337324310255075,0.0864133263925039,0.2576782925559604,0.07756376887038001,2.281472684085511,1.4655172413793103,1.526946107784431,0.1863239573229874,0.11538230524355818,1.490337467551197,1.3458321315258148,0.09207664422578975,1.0008653014133257,6.057323232323232,-0.023105253566593775,-0.023105253566593775,1.7148269945667716,6.243362831858407,103.39224137931035,19.251203852327446,0.27371013274070516,0.6515584786960251,0.39451129772314086,0.38040396881644223,2.3804689734057765,1.57782340862423,0.17969426016729162,0.3243102550754815,0.18619582664526485,9.484848484848484,4.878787878787879,0.0,0.13671274961597543,1.2287968441814596,1.1452205882352942,0.07474747474747474,0.0030850043773710764,0.3085004377371076,4.628915662650602,1.1927710843373494,11.139759036144579,8.36144578313253,16.85301204819277,14.826506024096386,16.85301204819277,1.5012048192771084,1.2216867469879518,0.27951807228915665,2.088607594936709,0.7360248447204969,1.7148269945667716,0.35802726476841623,0.29957805907172996,18.766857962697273,0.0891566265060241,Energy
2019-09-30,DVN,2019,Q3,USD,0.5831077422847861,0.13752030319436925,0.35517054683270166,0.14510016242555496,0.10503519220357337,0.0752571737953438,0.05901461829994586,0.07309149972929074,2.346886912325286,1.5009746588693957,2.558139534883721,0.17766448634090035,0.1283173544532444,1.7165259348612787,1.534981905910736,0.06507896077432501,0.8293124246079614,21.90784403669725,-0.2826818585380291,-0.2826818585380291,1.460076429226536,5.171532214401733,-238.7955,19.065508982035926,0.3153397248853689,0.6938245184958728,0.409620070390759,0.3963273968810556,2.200244573524916,1.2790858725761773,0.30217129071170085,0.2712506767731456,-0.07984031936127745,10.016666666666667,4.466666666666667,0.0,0.11037673496364839,0.9260628465804066,0.8697916666666666,0.3211009174311927,0.003664223153283877,0.3664223153283877,4.652392947103275,0.27455919395465994,11.584382871536524,3.463476070528967,16.478589420654913,14.360201511335013,16.478589420654913,1.2619647355163728,1.36272040302267,-0.10075566750629723,0.5618556701030928,0.7238805970149254,1.460076429226536,0.4496525269529786,0.28350515463917525,19.38387195121951,0.08816120906801007,Energy
2019-12-31,DVN,2019,Q4,USD,0.13719320327249843,-0.01195720578980491,0.29137822529893015,-0.0018879798615481435,-0.013215859030837005,0.007551919446192574,-0.4040276903713027,-0.4046570169918188,1.9098557692307692,3.203271028037383,1.0744514106583072,0.17983250339520146,0.1158416563388496,1.998443175921121,1.3362740010378826,-0.03334615877901757,0.7597301504929943,-3.8732515576323987,0.005362963695183322,0.005362963695183322,1.7143243709065838,6.259603524229075,62.1656875,17.419457092819613,0.3308303564919443,0.7821440882454326,0.4388781431334623,0.42531695721077656,2.364184763874526,1.0212082262210798,0.2963155163466528,0.35934550031466334,0.28021015761821366,15.5,-0.046875,-17.84375,0.125826355222565,1.389294403892944,1.2831460674157302,-0.0529595015576324,0.0034182844032731078,0.34182844032731075,4.148825065274152,-1.6762402088772845,12.015665796344647,3.822454308093995,15.45691906005222,13.490861618798956,15.148825065274151,1.4908616187989556,1.073107049608355,0.4177545691906005,30.571428571428573,7.0,1.7143243709065838,0.4284920037279408,1.5714285714285714,28.12205183585313,0.08877284595300261,Energy
2020-03-31,DVN,2020,Q1,USD,0.6554863440344992,-0.9784379492093914,-0.783900335409679,0.2759942501197892,-1.009583133684715,-0.8097747963584092,-0.870148538572113,-0.8107331097268807,3.5134680134680134,1.6193693693693694,0.7681623931623932,0.3468505899950141,0.187275664034458,2.6093951093951095,2.007078507078507,-0.19918355855855857,0.9826254826254827,-0.3584728172577093,-0.0019179437356463423,-0.0019179437356463423,0.6644415780964531,1.2476983922184954,-83.99827563096774,6.542579257688442,0.4073941134242642,1.1584587905077826,0.5367064664854002,0.5228877526174823,2.843582546568002,0.9432768361581921,0.25611325611325614,0.19070436032582655,-0.07788944723618091,-18.753846153846155,8.861538461538462,0.0,0.08766519823788546,0.9277389277389277,0.8596112311015118,-0.018722466960352423,0.01305710367635259,1.3057103676352588,5.538197406597226,-4.8190543796744425,12.220124129075336,4.0521453952438735,10.720803796192042,8.722594573782981,10.39971041516748,1.0561583937832755,1.1384219872689074,-0.08226359348563202,0.8618889416231609,-3.657986111111111,0.6644415780964531,1.6494194202921875,0.19791172282866634,-3.4333414086552563,0.0902245864035964,Energy
2020-06-30,DVN,2020,Q2,USD,-1.2868020304568528,-1.5609137055837563,-0.7868020304568528,-1.517766497461929,-1.7258883248730965,-1.718274111675127,-1.700507614213198,-1.700507614213198,0.7650485436893204,2.9158576051779934,0.9554612937433722,0.0665877978705425,0.03804190402626243,2.3264462809917354,1.6769972451790633,-0.05296973158195317,1.0151515151515151,-1.5952164179104478,0.025292576099764336,0.025292576099764336,1.3248156182212583,10.850710659898477,-21.26955223880597,39.95495327102804,0.43844742686106014,1.4071893399442206,0.584577754891864,0.571048783729895,3.2094824914781532,0.17799864468037047,0.07369146005509641,0.2715736040609137,-1.8785046728971964,-4.723076923076923,-9.2,0.0,0.023563091829993395,0.3474025974025974,0.3057142857142857,-0.0626865671641791,0.009824147755182238,0.9824147755182238,1.0450928381962865,-1.7771883289124668,12.217506631299734,3.909814323607427,8.893899204244033,6.896551724137931,8.559681697612731,0.2838196286472148,0.8169761273209549,-0.53315649867374,0.9852941176470589,1.137123745819398,1.3248156182212583,1.0048699703872117,0.004411764705882353,-23.684451612903224,0.11140583554376658,Energy
2020-09-30,DVN,2020,Q3,USD,0.01780693533270853,-0.11996251171508904,0.16026241799437677,-0.08903467666354264,-0.18088097469540768,-0.09653233364573571,-0.08622305529522024,-0.10028116213683223,2.1643002028397564,2.525301204819277,1.1416122004357299,0.1845382220684884,0.10333139647491768,2.034523112931539,1.497366881217086,0.028838116466982446,0.9988297249853716,-9.48482008375,0.11034627286977124,0.11034627286977124,1.154619183202117,3.2712406661855673,13.023932055298507,7.394944472076271,0.4398605461940732,1.502480979159775,0.6003965631196299,0.5870218579234973,3.4158121071783,0.5776935571196535,0.2761849034523113,0.4423617619493908,0.5677966101694916,3.9545454545454546,-1.4393939393939394,0.0,0.10391897842360194,2.3137254901960786,1.9109311740890689,-0.4673913043478261,0.012319456252749345,1.2319456252749346,2.8918691607703817,-0.2493457945556468,12.488971970787178,4.62644860115749,8.531962622404087,6.491121499573631,8.19317757545348,1.2792523372854923,0.5528971966233907,0.7263551406621015,0.47668393782383417,2.031578947368421,1.154619183202117,1.2310861283270684,0.46632124352331605,36.990723922923976,0.11654205615100882,Energy
2020-12-31,DVN,2020,Q4,USD,0.0703125,-0.03125,0.20390625,0.003125,-0.0859375,-0.05703125,-0.0796875,-0.08046875,1.6516129032258065,4.917355371900826,0.0,0.22792022792022792,0.129136400322841,2.263888888888889,2.263888888888889,0.028869867982010737,1.5534722222222221,-14.84125,-1.8551562499999985,-1.8551562499999985,2.0988665511265165,4.7306484375,50.88428571428572,17.862035398230088,0.45843422114608556,1.5750433275563258,0.61165701978732,0.5983572323541696,3.4357019064124783,0.7134894091415831,0.23541666666666666,0.26484375,0.35103244837758113,4.257142857142857,0.05714285714285714,0.0,0.07460387323943662,1.540909090909091,0.946927374301676,-1.3529411764705883,0.02279021606115705,2.279021606115705,3.342036553524804,-0.26631853785900783,12.046997389033942,5.8407310704960835,7.882506527415144,5.9164490861618795,7.532637075718016,0.8851174934725848,0.5744125326370757,0.31070496083550914,0.9272727272727272,-27.5,2.0988665511265165,0.7097996277598043,0.33636363636363636,32.03919540229885,0.360313315926893,Energy
2021-03-31,DVN,2021,Q1,USD,0.16061293984108968,0.041430192962542564,0.3024971623155505,0.0981838819523269,-0.018161180476730987,0.12258796821793416,0.12088535754824063,0.11975028376844495,1.4039840637450198,2.622340425531915,0.0,0.11346512975722842,0.08613188639585471,1.1772495755517827,1.1772495755517827,0.0568039428619163,0.6376910016977929,16.77218309859155,-0.07547482394366198,-0.07547482394366198,1.7107506285167007,8.110045402951192,153.65483870967742,24.138344594594596,0.367991396587965,0.9012330899078176,0.4740255651407342,0.4574212406625528,2.4490602178857896,1.5046968403074295,0.20101867572156196,0.33598183881952326,0.1570945945945946,2.3595166163141994,1.6476190476190475,2.6194690265486726,0.07863974495217853,1.186372745490982,0.8433048433048433,0.9530516431924883,0.014205837689556959,1.420583768955696,2.694189602446483,0.3256880733944954,11.67125382262997,2.871559633027523,12.97553516819572,11.824159021406729,12.77217125382263,0.9051987767584098,0.7629969418960245,0.14220183486238533,-6.65625,-0.18497109826589594,1.7107506285167007,0.5086109769837438,7.75,37.41069418386491,0.3103975535168196,Energy
2021-06-30,DVN,2021,Q2,USD,0.16673562267273478,0.16632188663632602,0.3847745138601572,0.126603227141084,0.12577575506826644,0.10798510550268929,0.10591642532064542,0.10467521721141912,1.9730612244897958,4.135523613963039,0.0,0.15653131273881224,0.12045850984301022,1.0013020833333333,1.0013020833333333,0.06869037294015612,0.5009765625,19.298466796875,1.2736988085937513,1.2736988085937513,2.352855101797833,8.176098469176665,33.83840753424658,18.08017383348582,0.33690505855968106,0.8048577211572806,0.44593970578534203,0.43634655392255556,2.388974877961662,9.190114068441064,0.3557942708333333,0.45221348779478693,0.5343092406221409,9.051020408163266,3.122448979591837,0.0,0.16168639053254438,2.1473477406679766,1.481029810298103,0.89453125,0.011588112923883303,1.1588112923883305,3.570162481536189,0.37813884785819796,10.129985228951256,2.2732644017725256,12.607090103397342,11.49483013293944,12.406203840472674,1.6144756277695715,0.7518463810930576,0.8626292466765141,0.8421052631578947,0.9934640522875817,2.352855101797833,0.3290214420571582,0.14144736842105263,26.863043010752687,0.33825701624815363,Energy
2021-09-30,DVN,2021,Q3,USD,0.33698788228505483,0.30496249278707444,0.4699942296595499,0.3087132140796307,0.27813040969417197,0.24350836699365264,0.24177726485862666,0.2400461627236007,2.1703193487789605,4.279329608938547,0.0,0.226210677457251,0.16460084532459515,1.2059914407988588,1.2059914407988588,0.11803934644881627,0.6621968616262482,7.1719182577565626,0.031689871371482485,0.031689871371482485,2.6938895114298522,6.936027120600116,21.580134649910235,15.043973717146432,0.32046350382295674,0.7561631555356343,0.43057682491066873,0.42112091333679297,2.3595921111609144,9.548209366391184,0.4559201141226819,0.46105020196191576,0.6971214017521903,16.225806451612904,11.505376344086022,0.0,0.23681090693538825,3.3016528925619837,1.965559655596556,0.3926014319809069,0.013685370422212398,1.3685370422212397,5.119645494830133,1.2378138847858198,10.104874446085672,3.428360413589365,13.384047267355982,12.27178729689808,13.181683899556868,2.360413589364845,0.7149187592319055,1.6454948301329395,0.8692946058091287,0.9009345794392524,2.6938895114298522,0.2700468838328355,0.12448132780082988,17.475303867403316,0.4859675036927622,Energy
2021-12-31,DVN,2021,Q4,USD,0.4271003978469459,0.4104844371635853,0.5441142054762462,0.37561432249005383,0.38895389655979407,0.35384975427100396,0.35244558857945235,0.35244558857945235,2.839202657807309,4.896,21.473684210526315,0.2803253952633996,0.20323424494649228,1.3764172335600906,1.33948817622287,0.17916738345088595,0.7356656948493683,4.906631806108897,0.060842234395750316,0.060842234395750316,3.1912707838479806,6.917282939386848,26.846094459582197,18.290563118811882,0.3202853745541023,0.7270567911898078,0.4209802450612653,0.4117123983739837,2.2700280716907795,4.536093418259023,0.5234855847100746,0.37818862625789845,0.6813118811881188,43.5,17.445652173913043,-38.476190476190474,0.23997623997623999,3.137864077669903,1.5116931711880262,0.36786188579017265,0.018743096095583025,1.8743096095583025,6.368107302533532,2.2444113263785397,10.172876304023845,3.384500745156483,14.007451564828614,12.885245901639344,13.80327868852459,2.4083457526080476,0.767511177347243,1.6408345752608047,0.9061371841155235,1.0355140186915888,3.1912707838479806,0.21788003403529724,0.09025270758122744,14.632494623655914,0.8256333830104322,Energy
2022-03-31,DVN,2022,Q1,USD,0.3622770199370409,0.3551941238195173,0.48347324239244494,0.3549317943336831,0.3310598111227702,0.26101783840503673,0.25944386149003146,0.2552465897166842,1.904095904095904,4.220486111111111,0.0,0.24910148336927398,0.1750390302139774,1.3247202983484283,1.3247202983484283,0.11974398444462449,0.6992541289291423,9.805176946410516,-0.3008711830131445,-0.3008711830131445,4.170890322580645,10.175571878279118,29.860877598152424,21.115557974959174,0.308660115713105,0.7227956989247312,0.4195481213331669,0.41031006277344495,2.341720430107527,3.202015959680806,0.4893446989877464,0.48189926547743966,0.7071311921611323,17.130434782608695,14.706521739130435,0.0,0.2732817613805415,3.4144981412639406,1.5244813278008298,0.6744186046511628,0.01719547256355364,1.7195472563553642,5.810975609756097,1.5076219512195121,10.387195121951219,4.001524390243903,14.382621951219512,13.234756097560975,14.176829268292684,2.8003048780487805,0.8201219512195121,1.9801829268292683,0.783676703645008,0.9327420546932742,4.170890322580645,0.16682444221702492,0.2115689381933439,23.26982094411286,1.016768292682927,Energy
2022-06-30,DVN,2022,Q2,USD,0.4744045503021685,0.4600071098471383,0.5526128688233203,0.457518663348738,0.4434767152506221,0.34447209384998223,0.34340561677923925,0.3403839317454675,2.3960817717206133,4.426646706586826,0.0,0.3665385367124894,0.24256273174096749,1.551294577430386,1.551294577430386,0.18969771745835903,0.8444064484611626,4.649549689440994,0.04841944849004069,0.04841944849004069,3.5611219028741328,6.386725915392819,17.92105735660848,13.417371172516805,0.2897301026127447,0.666005946481665,0.3997620464009518,0.39036916198417015,2.2987115956392468,3.237054085155351,0.6541279921836834,0.476004265908283,0.7486930545182973,27.440860215053764,27.677419354838708,0.0,0.3985119047619048,3.9791976225854384,1.7817697937458417,0.42960662525879917,0.023099367355640086,2.309936735564009,8.628834355828221,2.96319018404908,10.449386503067485,5.302147239263804,15.684049079754601,14.529141104294478,15.475460122699387,4.107361963190184,1.0322085889570551,3.0751533742331287,0.7743486973947896,0.9693084693084693,3.5611219028741328,0.17981326805396458,0.22324649298597193,12.606857510453523,1.2730061349693251,Energy
2022-09-30,DVN,2022,Q3,USD,0.47698821796759944,0.47072901325478644,0.5765832106038291,0.46723122238586157,0.4537923416789396,0.34977908689248893,0.3484904270986745,0.34536082474226804,2.6356137797185832,3.733245729303548,0.0,0.30135922330097087,0.23058963365454005,1.158670520231214,1.158670520231214,0.19713147410358567,0.3786127167630058,5.153773111463287,-3.81379210248284,-3.81379210248284,3.5891078819093165,7.184162371134021,-39.45841253791709,18.547704372623574,0.28484102389947785,0.6171249885036328,0.38161860888358073,0.36299724647020915,2.166559367239952,3.871703492516037,0.608092485549133,0.3873343151693667,-0.4700570342205323,7.3976945244956775,27.58695652173913,8.250980392156864,0.3135618479880775,0.6802457161332041,0.5131707317073171,0.531959852086635,0.025804388386026476,2.5804388386026478,8.36979969183359,2.916795069337442,10.480739599383668,2.0184899845916795,16.959938366718028,15.799691833590138,16.75346687211094,3.24191063174114,4.765793528505393,-1.5238828967642526,0.7679513184584178,0.97123719464145,3.5891078819093165,0.1653069607529859,0.22920892494929007,14.184026181353767,1.551617873651772,Energy
2022-12-31,DVN,2022,Q4,USD,0.4019539427773901,0.381949290532682,0.5319841823679926,0.37241218888113514,0.3612468015817632,0.280065131425913,0.27936729471970223,0.2777390090718772,2.432937181663837,2.9930151338766007,12.791044776119403,0.23453355155482816,0.18123181990641204,1.2531400966183575,1.1884057971014492,0.14857142857142858,0.4682769726247987,8.36095545378851,-0.2239815589455271,-0.2239815589455271,3.5968505417748724,9.343110025587347,36.84956880733945,21.018330716902145,0.2823236794401585,0.5997134413898093,0.37488804299149125,0.3565913805024199,2.124205247604549,6.440449438202247,0.6154589371980677,0.44452198185624564,0.5703819989534276,5.633720930232558,17.21505376344086,7.613545816733068,0.285351649992534,2.3276492082825824,1.1267688679245282,0.7285595337218984,0.021784577664260073,2.178457766426007,6.583460949464012,1.8392036753445635,10.398162327718223,2.226646248085758,17.29862174578867,16.145482388973967,17.101071975497703,2.9264931087289434,1.2572741194486983,1.669218989280245,0.7733419188667096,0.9700187382885697,3.5968505417748724,0.16033449160895413,0.2247263361236317,19.855282028858767,1.339969372128637,Energy
2023-03-31,DVN,2023,Q1,USD,0.36882029819513473,0.3444938529950301,0.5053622809312058,0.3403086581218938,0.3201674077949255,0.2623594036097306,0.26026680617316245,0.26026680617316245,2.3671826625386996,2.580748663101604,11.382075471698114,0.2040674709085086,0.16323654995730144,1.0880245649948823,1.0156943022859093,0.13071364780384834,0.25963834868645513,8.278168341708543,-0.504968268844221,-0.504968268844221,3.0014676141022134,8.618129741041066,50.5323773006135,19.646457960644007,0.28514090520922286,0.6083629406941787,0.378249787595582,0.36001632462686567,2.1335519723057303,7.323754789272031,0.5721596724667349,0.4386607376405964,0.38878950506857485,5.0323529411764705,13.989247311827956,6.7894736842105265,0.25112309074573225,1.6360975609756097,1.0345465761875385,0.5989949748743718,0.0180895987538816,1.80895987538816,5.872503840245776,1.5284178187403994,10.400921658986174,1.1689708141321045,17.055299539170505,15.898617511520737,16.861751152073733,2.576036866359447,1.5745007680491552,1.001536098310292,0.8129084967320261,0.940814757878555,3.0014676141022134,0.1949184617406504,0.18055555555555555,20.115998964803314,0.9155145929339478,Energy
2023-06-30,DVN,2023,Q2,USD,0.3028372900984366,0.287492762015055,0.4713375796178344,0.00025738274464389115,0.25969889982628835,0.2020845396641575,0.1997683844817603,0.1988998262883613,2.273864384463463,2.8564650059311982,11.980099502487562,0.18151242839875978,0.14789124384500107,0.9760209816410641,0.9007118771075309,0.10880786562884064,0.18284001498688648,11.174246376811595,-0.3799243768115943,-0.3799243768115943,2.7983776426821523,8.929044585987262,100.13285714285716,21.950832740213524,0.2873902804538643,0.6090191452681245,0.3785033553262279,0.3588714368819081,2.1191361945377007,35.608247422680414,0.5264143874110153,0.40677475390851187,0.21921708185053382,4.202941176470588,0.009260416666666667,5.758196721311475,0.20932657926102502,1.2807657247037374,0.9012187299550994,0.6695652173913044,0.01498009786997275,1.4980097869972748,5.413793103448276,1.0815047021943573,10.670846394984325,-0.29204545454545455,17.476489028213166,16.296238244514107,17.274294670846395,2.2021943573667713,1.719435736677116,0.4827586206896552,0.7692307692307693,1008.9988751406074,2.7983776426821523,0.2079380251950979,0.221850613154961,22.767149877149876,0.7241379310344828,Energy
2023-09-30,DVN,2023,Q3,USD,0.3305526590198123,0.30370177267987486,0.47314911366006257,0.27685088633993743,0.2794577685088634,0.23983315954118875,0.23722627737226276,0.23722627737226276,2.07015650296816,3.1625615763546797,11.021459227467812,0.1988388969521045,0.15824429685244007,0.9645645645645645,0.8945945945945946,0.12526079281014282,0.22852852852852854,8.3475,0.2575800000000001,0.2575800000000001,2.610610877223129,7.920985401459854,37.054756097560976,17.614434782608697,0.2661606369374201,0.5543431566285764,0.35664142391244263,0.3277694351391937,2.0827390669301487,-42.15384615384615,0.5180180180180181,0.44968717413972886,0.4753623188405797,2.867241379310345,11.419354838709678,3.542094455852156,0.26735895846249225,1.9060773480662982,1.4174198849630237,0.34285714285714286,0.010268258246694903,1.0268258246694904,6.021978021978022,1.4285714285714286,10.274725274725276,0.14234065934065934,18.491365777080063,17.309262166405023,18.271585557299844,2.708006279434851,1.4207221350078494,1.2872841444270016,0.8488805970149254,1.009416195856874,2.610610877223129,0.20279810037222437,0.1417910447761194,19.876528925619834,0.4897959183673469,Energy
2023-12-31,DVN,2023,Q4,USD,0.3441507458780424,0.3970164878304109,0.567129023815755,0.3151007589636221,0.37424757916775714,0.303847160429207,0.30149175608479456,0.30149175608479456,2.429116338207247,3.2973684210526315,10.06425702811245,0.19499872416432765,0.15271782573940848,1.0705323838589351,0.986096982027806,0.1407482621260642,0.2967107494065785,6.242513020833333,0.2349156215734648,0.2349156215734648,2.38500124367797,7.528264852132949,34.86727272727273,16.484527220630373,0.2591127098321343,0.5375176187712462,0.3496009490940466,0.31985563638414255,2.0744548544896775,84.91111111111111,0.591726008816548,0.45668673122219317,0.47277936962750716,3.329824561403509,13.839080459770114,3.6128364389233956,0.26916550979484805,1.8967391304347827,1.2393465909090908,0.4236111111111111,0.016964766821365874,1.6964766821365875,6.017322834645669,1.8141732283464567,10.346456692913385,1.3779527559055118,19.23937007874016,18.053543307086613,18.993700787401576,2.748031496062992,1.4488188976377954,1.2992125984251968,0.8055944055944056,1.1877076411960132,2.38500124367797,0.21397159792112078,0.18811188811188811,15.862251961236733,0.768503937007874,Energy
2024-03-31,DVN,2024,Q1,USD,0.3009890403635392,0.2285485164394547,0.4188719593691526,0.27051590483827853,0.20529270248596632,0.16279069767441862,0.15931569099171344,0.15931569099171344,2.240119760479042,3.789855072463768,11.175213675213675,0.18836858006042295,0.1497717991832813,1.0404164115125536,0.9687691365584813,0.1042969059112131,0.3518064911206369,13.442764261744967,-0.2829232943460278,-0.2829232943460278,2.6339730418344707,8.56657310879444,37.83654073199528,18.323356203544883,0.2596685082872928,0.5330812854442344,0.3477188655980271,0.31780207457246984,2.052930056710775,22.00588235294118,0.535517452541335,0.46752205292702487,0.48427672955974843,2.3311258278145695,11.632183908045977,3.382978723404255,0.2696577243293247,1.9390243902439024,1.456286427976686,0.5016778523489933,0.009329886371969152,0.9329886371969152,5.947535771065183,0.9475357710651828,10.449920508744038,1.8267090620031796,19.620031796502385,18.42289348171701,19.343402225755167,2.78060413354531,1.4340222575516692,1.3465818759936408,0.7760416666666666,0.758893280632411,2.6339730418344707,0.19299447227635186,0.20703125,23.857402680280792,0.4753577106518283,Energy
2024-06-30,DVN,2024,Q2,USD,0.30546875,0.29375,0.4942708333333333,0.27578125,0.2708333333333333,0.22265625,0.21979166666666666,0.21979166666666666,2.416614222781624,1.259801606046292,10.337209302325581,0.19121601434120108,0.15261108020030204,1.1137267904509285,1.028183023872679,0.1296549505348669,0.3875994694960212,8.850408767772512,0.2101972082345971,0.2101972082345971,2.380605529439885,7.780984374999999,57.904999999999994,19.326636481241913,0.25840553215165724,0.518046370807107,0.3412585944470687,0.3109903381642512,2.0047804955780415,16.16842105263158,0.5125994694960212,0.40260416666666665,0.33376455368693403,2.8081967213114756,12.034090909090908,2.9616858237547894,0.23777299292525378,1.5009708737864078,1.2338387869114127,0.26421800947867297,0.007463440853737311,0.7463440853737311,6.134185303514377,1.3482428115015974,10.527156549520766,1.8674121405750799,20.333865814696484,20.332662939297126,20.049520766773163,2.4696485623003195,1.645367412140575,0.8242811501597445,0.8115384615384615,0.9820585457979226,2.380605529439885,0.20706864826041588,0.1778846153846154,18.552149631190726,0.3562300319488818,Energy
2024-09-30,DVN,2024,Q3,USD,0.2756959314775161,0.31102783725910066,0.5259635974304069,0.2433083511777302,0.284796573875803,0.22082441113490364,0.21734475374732334,0.21734475374732334,2.1000562113546937,2.7195979899497487,9.235494880546074,0.14786084616297937,0.12345107887519413,1.1121816930488644,1.011355815554026,0.10174216027874565,0.2326221610461115,7.491576354679802,-2.5284070197044297,-2.5284070197044297,1.7043244379071234,6.513019271948608,-8.640852272727273,14.518281622911692,0.3043981099031821,0.6452335924914198,0.3921835752905615,0.3835758386943569,2.119703018841493,11.168908819133035,0.5767377838953889,0.4486081370449679,-1.6801909307875895,17.612244897959183,9.275510204081632,0.0,0.18193660442900564,0.37419066755972313,0.3527678383498211,0.33497536945812806,0.011178400699636375,1.1178400699636375,6.006430868167203,1.3054662379421222,14.967845659163988,1.0868167202572347,23.276527331189712,22.065916398713828,22.95337620578778,2.694533762057878,7.20096463022508,-4.527331189710611,0.7631578947368421,1.1705170517051706,1.7043244379071234,0.3651062934395939,0.22462406015037595,16.727043256997455,0.43729903536977494,Energy
2024-12-31,DVN,2024,Q4,USD,1.335280121133463,0.20938784339173697,0.41920830629461386,0.1583387410772226,0.18170019467878,0.14125027038719445,0.1382219338092148,0.1382219338092148,2.3443204868154157,-1.9230769230769231,-5.272108843537415,0.1848386709847667,0.15162845616451834,1.0356603203384709,0.946811725596857,0.10199556541019955,0.24508915080084617,8.092863849765257,-0.30290433266264283,-0.30290433266264283,1.4269701986754966,4.474445165476962,33.25620578778135,12.431105769230768,0.30184656761454953,0.6348647902869757,0.38832862146082114,0.36682100113566873,2.103269867549669,20.824324324324323,0.5028709579933515,0.3599394332684404,0.3737980769230769,2.856443719412724,5.71875,3.430927835051546,0.18081060523742257,1.5969289827255277,1.4042194092827005,0.2237871674491393,0.006913101826605871,0.6913101826605871,7.314873417721519,1.0110759493670887,14.764240506329115,1.2832278481012658,23.265822784810126,22.074367088607595,22.936708860759495,2.632911392405063,1.6487341772151898,0.9841772151898734,0.7607142857142857,1.1475409836065573,1.4269701986754966,0.42943415052965006,0.2226190476190476,15.003797729618162,0.22626582278481014,Energy
2025-03-31,DVN,2025,Q1,USD,0.26774483378256964,0.17362982929020665,0.37848158131177,0.2362982929020665,0.14510332434860737,0.11433063791554357,0.11096136567834682,0.11096136567834682,2.1866404715127703,3.531960996749729,9.819277108433734,0.17660359395454003,0.14394723228142783,1.0793255942509674,0.9875621890547264,0.08703187867533271,0.3410724156992814,12.170141700404859,-0.6149124227572972,-0.6149124227572972,1.653365417669302,5.4016621743036835,24.0482,12.383213182286303,0.2896081220900155,0.6158129941560674,0.3811165007233427,0.3659546643417611,2.1263664489515297,21.985185185185184,0.5367606412382532,0.4362084456424079,0.5149330587023687,2.5294117647058822,8.283464566929133,4.004123711340206,0.21681366528971754,2.061571125265393,1.7574660633484163,0.3299595141700405,0.006778054074733244,0.6778054074733244,6.923794712286159,0.7682737169517885,14.127527216174183,1.9191290824261276,22.9751166407465,21.804043545878695,22.620528771384137,3.020217729393468,1.4650077760497666,1.5552099533437014,0.7647058823529411,0.6140684410646388,1.653365417669302,0.3692584060345473,0.21207430340557276,18.8553115727003,0.2534992223950233,Energy
