date,symbol,fiscalYear,period,reportedCurrency,grossProfitMargin,ebitMargin,ebitdaMargin,operatingProfitMargin,pretaxProfitMargin,continuousOperationsProfitMargin,netProfitMargin,bottomLineProfitMargin,receivablesTurnover,payablesTurnover,inventoryTurnover,fixedAssetTurnover,assetTurnover,currentRatio,quickRatio,solvencyRatio,cashRatio,priceToEarningsRatio,priceToEarningsGrowthRatio,forwardPriceToEarningsGrowthRatio,priceToBookRatio,priceToSalesRatio,priceToFreeCashFlowRatio,priceToOperatingCashFlowRatio,debtToAssetsRatio,debtToEquityRatio,debtToCapitalRatio,longTermDebtToCapitalRatio,financialLeverageRatio,workingCapitalTurnoverRatio,operatingCashFlowRatio,operatingCashFlowSalesRatio,freeCashFlowOperatingCashFlowRatio,debtServiceCoverageRatio,interestCoverageRatio,shortTermOperatingCashFlowCoverageRatio,operatingCashFlowCoverageRatio,capitalExpenditureCoverageRatio,dividendPaidAndCapexCoverageRatio,dividendPayoutRatio,dividendYield,dividendYieldPercentage,revenuePerShare,netIncomePerShare,interestDebtPerShare,cashPerShare,bookValuePerShare,tangibleBookValuePerShare,shareholdersEquityPerShare,operatingCashFlowPerShare,capexPerShare,freeCashFlowPerShare,netIncomePerEBT,ebtPerEbit,priceToFairValue,debtToMarketCap,effectiveTaxRate,enterpriseValueMultiple,dividendPerShare,sector
1985-09-30,PFE,1985,Q3,USD,1.0,1.0,1.0,1.0,0.0,0.1535347551342812,0.1535347551342812,0.1535347551342812,0.0,0.0,0.0,0.0,0.0,0.0,0.0,0.0,0.0,11.814407459807073,0.0,0.0,0.0,7.255688625592417,0.0,0.0,0.0,0.0,0.0,0.0,0.0,0.0,0.0,,0.0,0.0,0.0,0.0,0.0,0.0,0.0,0.3696456425980707,0.007821925133689839,0.7821925133689839,0.25772881066093395,0.039570329835876016,,,,,,,,,0.0,0.0,0.0,,0.0,,0.014627,Healthcare
1985-12-31,PFE,1985,Q4,USD,1.0,-1.972398147272899,-1.972398147272899,-1.972398147272899,0.0,0.13167596181113528,0.13167596181113528,0.13167596181113528,1.3010699790923625,0.0,0.0,0.8341086493731767,0.23704317820251405,2.2486193602167344,1.4135667396061269,0.09071372753321177,0.42992601854746276,14.10521177315147,-0.14105211773151471,-0.14105211773151471,2.6848713831858713,7.429269307117875,0.0,0.0,0.11414102937551816,0.1740170122638609,0.14822358658014956,0.09951396579303556,1.524578963550029,0.0,,,0.0,-11.22431414739107,0.0,,,0.0,0.0,0.41263386521177314,0.0073135,0.73135,0.26920547867121053,0.03544789032885871,0.12962782005398868,0.10499497164168774,0.7449146400550473,0.7140217909098682,0.7449146400550473,,,,0.0,0.0,2.6848713831858713,0.06481391002699434,0.0,-3.813008722323397,0.014627,Healthcare
1986-03-31,PFE,1986,Q1,USD,1.0,1.0,1.0,1.0,0.0,0.1636469334366825,0.1636469334366825,0.1636469334366825,0.0,0.0,0.0,0.0,0.0,0.0,0.0,0.0,0.0,13.808912344582595,0.0,0.0,0.0,9.039144637147563,0.0,0.0,0.0,0.0,0.0,0.0,0.0,0.0,0.0,,0.0,0.0,0.0,0.0,0.0,0.0,0.0,0.37774658444049736,0.006838818565400843,0.6838818565400844,0.262192950233385,0.04290707227441016,,,,,,,,,0.0,0.0,0.0,,0.0,,0.016208,Healthcare
1986-06-30,PFE,1986,Q2,USD,1.0,1.0,1.0,1.0,0.0,0.13963681903569192,0.13963681903569192,0.13963681903569192,0.0,0.0,0.0,0.0,0.0,0.0,0.0,0.0,0.0,17.778167008327994,0.0,0.0,0.0,9.929946757312818,0.0,0.0,0.0,0.0,0.0,0.0,0.0,0.0,0.0,,0.0,0.0,0.0,0.0,0.0,0.0,0.0,0.40872132038436904,0.005747517730496455,0.5747517730496454,0.2839894381028012,0.039655381776408684,,,,,,,,,0.0,0.0,0.0,,0.0,,0.016208,Healthcare
1986-09-30,PFE,1986,Q3,USD,1.0,1.0,1.0,1.0,0.0,0.15183561172728055,0.15183561172728055,0.15183561172728055,0.0,0.0,0.0,0.0,0.0,0.0,0.0,0.0,0.0,12.795293955266137,0.0,0.0,0.0,7.7711251397128365,0.0,0.0,0.0,0.0,0.0,0.0,0.0,0.0,0.0,,0.0,0.0,0.0,0.0,0.0,0.0,0.0,0.3622465055492639,0.007077729257641921,0.7077729257641922,0.294680623311211,0.044743012704634044,,,,,,,,,0.0,0.0,0.0,,0.0,,0.016208,Healthcare
1986-12-31,PFE,1986,Q4,USD,1.0,-2.0237337690257116,-2.0237337690257116,-2.0237337690257116,0.0,0.13621119614756214,0.13621119614756214,0.13621119614756214,1.2102195858049745,0.0,0.0,0.8605787019906757,0.2252067316071809,1.998889458397403,1.2392790022210831,0.09059711736444749,0.34050914061165216,15.012995344065658,-0.15012995344065658,-0.15012995344065658,2.785182516909203,8.179752214291856,0.0,0.0,0.10781029107035653,0.16300178608028576,0.1401560926485398,0.07712054476180182,1.5119316019090563,0.0,,,0.0,-8.674530040545521,0.0,,,0.0,0.0,0.40386826313131313,0.006725311203319502,0.6725311203319502,0.294629951722644,0.04013189814503982,0.14104436677615953,0.10098847601397015,0.8652933821638542,0.8103147085686923,0.8652933821638542,,,,0.0,0.0,2.785182516909203,0.05852463351707864,0.0,-4.109090613580352,0.016208,Healthcare
1987-03-31,PFE,1987,Q1,USD,1.0,1.0,1.0,1.0,0.0,0.1714898177920686,0.1714898177920686,0.1714898177920686,0.0,0.0,0.0,0.0,0.0,0.0,0.0,0.0,0.0,14.762284739583333,0.0,0.0,0.0,10.126326080743123,0.0,0.0,0.0,0.0,0.0,0.0,0.0,0.0,0.0,,0.0,0.0,0.0,0.0,0.0,0.0,0.0,0.36728151501041667,0.00621993006993007,0.621993006993007,0.28243214539957995,0.04843423715319699,,,,,,,,,0.0,0.0,0.0,,0.0,,0.017789,Healthcare
1987-06-30,PFE,1987,Q2,USD,1.0,1.0,1.0,1.0,0.0,0.1432646076114416,0.1432646076114416,0.1432646076114416,0.0,0.0,0.0,0.0,0.0,0.0,0.0,0.0,0.0,16.00988612059158,-0.8004943060295787,-0.8004943060295787,0.0,9.174600211881673,0.0,0.0,0.0,0.0,0.0,0.0,0.0,0.0,0.0,,0.0,0.0,0.0,0.0,0.0,0.0,0.0,0.401126569294653,0.006263732394366197,0.6263732394366197,0.30955027297233345,0.04434759839339599,,,,,,,,,0.0,0.0,0.0,,0.0,,0.017789,Healthcare
1987-09-30,PFE,1987,Q3,USD,1.0,1.0,1.0,1.0,0.0,0.1431543262192773,0.1431543262192773,0.1431543262192773,0.0,0.0,0.0,0.0,0.0,0.0,0.0,0.0,0.0,14.61482524219591,0.5845930096878363,0.5845930096878363,0.0,8.368701841436167,0.0,0.0,0.0,0.0,0.0,0.0,0.0,0.0,0.0,,0.0,0.0,0.0,0.0,0.0,0.0,0.0,0.37953741055974166,0.006492335766423357,0.6492335766423357,0.32741039792257487,0.04687021491179167,,,,,,,,,0.0,0.0,0.0,,0.0,,0.017789,Healthcare
1987-12-31,PFE,1987,Q4,USD,1.0,-2.1202948557089085,-2.1202948557089085,-2.1202948557089085,0.0,0.10712045169385194,0.10712045169385194,0.10712045169385194,1.076663289429247,0.0,0.0,0.8468025765323063,0.18420824545690925,2.0958295001533274,1.570326075845855,0.04493125452272877,0.5269855872431769,13.307315080527088,-0.13307315080527088,-0.13307315080527088,1.872840758293839,5.701942409033877,0.0,0.0,0.1392251466212117,0.2482485060787142,0.19887747100821263,0.06024737975939777,1.7830723263960437,0.0,,,0.0,-3.7820674220170654,0.0,,,0.0,0.0,0.5146170173206442,0.009667934782608694,0.9667934782608695,0.32269705093562406,0.034567453856497996,0.24389540283230432,0.260926073729393,0.9824647353767777,0.9222627055637405,0.9824647353767777,,,,0.0,0.0,1.872840758293839,0.13255184936538278,0.0,-2.6643305569938605,0.017789,Healthcare
1988-03-31,PFE,1988,Q1,USD,1.0,1.0,1.0,1.0,0.0,0.1693504892518684,0.1693504892518684,0.1693504892518684,0.0,0.0,0.0,0.0,0.0,0.0,0.0,0.0,0.0,9.7983313466788,0.0,0.0,0.0,6.637408829647892,0.0,0.0,0.0,0.0,0.0,0.0,0.0,0.0,0.0,,0.0,0.0,0.0,0.0,0.0,0.0,0.0,0.3553648025659691,0.00906697247706422,0.9066972477064219,0.328441422842963,0.05562171564903558,,,,,,,,,0.0,0.0,0.0,,0.0,,0.019766,Healthcare
1988-06-30,PFE,1988,Q2,USD,1.0,1.0,1.0,1.0,0.0,0.1594582460341215,0.1594582460341215,0.1594582460341215,0.0,0.0,0.0,0.0,0.0,0.0,0.0,0.0,0.0,9.457362458939466,-0.567441747536368,-0.567441747536368,0.0,6.032217719245735,0.0,0.0,0.0,0.0,0.0,0.0,0.0,0.0,0.0,,0.0,0.0,0.0,0.0,0.0,0.0,0.0,0.36653769875175973,0.009689215686274509,0.9689215686274509,0.3381840800426349,0.05392624024026152,,,,,,,,,0.0,0.0,0.0,,0.0,,0.019766,Healthcare
1988-09-30,PFE,1988,Q3,USD,1.0,1.0,1.0,1.0,0.0,0.1567720008677417,0.1567720008677417,0.1567720008677417,0.0,0.0,0.0,0.0,0.0,0.0,0.0,0.0,0.0,9.797211831180812,0.4898605915590407,0.4898605915590407,0.0,6.14371400679731,0.0,0.0,0.0,0.0,0.0,0.0,0.0,0.0,0.0,,0.0,0.0,0.0,0.0,0.0,0.0,0.0,0.36028221219557194,0.009193488372093023,0.9193488372093023,0.34995118549158916,0.054862547555554655,,,,,,,,,0.0,0.0,0.0,,0.0,,0.019766,Healthcare
1988-12-31,PFE,1988,Q4,USD,1.0,-2.1965355942113725,-2.1965355942113725,-2.1965355942113725,0.0,0.10349364128051454,0.10349364128051454,0.10349364128051454,1.1722069910897874,0.0,0.0,0.8266569995770648,0.17914004399287733,1.7467047732798704,1.2820031565925862,0.042439682301813275,0.34445250181290793,15.977011405367232,-0.15977011405367234,-0.15977011405367234,2.1039685801306645,6.614076348487063,0.0,0.0,0.1564103906986488,0.2777429029783079,0.21736994377422347,0.05011042402826855,1.7757317895422102,0.0,,,0.0,-3.10561124315387,0.0,,,0.0,0.0,0.5516185282768362,0.008631441048034934,0.8631441048034934,0.34623126183353264,0.035832734012299534,0.3023007348241033,0.20434274516194828,1.0884192956235983,0.9822875961549654,1.0884192956235983,,,,0.0,0.0,2.1039685801306645,0.13200905450834205,0.0,-3.1399458490001,0.019766,Healthcare
1989-03-31,PFE,1989,Q1,USD,1.0,1.0,1.0,1.0,0.0,0.16765299728468983,0.16765299728468983,0.16765299728468983,0.0,0.0,0.0,0.0,0.0,0.0,0.0,0.0,0.0,9.359717639119602,0.0,0.0,0.0,6.276738863747128,0.0,0.0,0.0,0.0,0.0,0.0,0.0,0.0,0.0,,0.0,0.0,0.0,0.0,0.0,0.0,0.0,0.3586050055107973,0.009578414096916298,0.9578414096916298,0.36165277053518213,0.06063217095653545,,,,,,,,,0.0,0.0,0.0,,0.0,,0.021743,Healthcare
1989-06-30,PFE,1989,Q2,USD,1.0,1.0,1.0,1.0,0.0,0.10416826590926537,0.10416826590926537,0.10416826590926537,0.0,0.0,0.0,0.0,0.0,0.0,0.0,0.0,0.0,16.60884309137804,-0.33217686182756084,-0.33217686182756084,0.0,6.920457534351731,0.0,0.0,0.0,0.0,0.0,0.0,0.0,0.0,0.0,,0.0,0.0,0.0,0.0,0.0,0.0,0.0,0.6363455071997052,0.009578414096916298,0.9578414096916298,0.32801299462241995,0.034168544845522675,,,,,,,,,0.0,0.0,0.0,,0.0,,0.021743,Healthcare
1989-09-30,PFE,1989,Q3,USD,1.0,1.0,1.0,1.0,0.0,0.15119916579770595,0.15119916579770595,0.15119916579770595,0.0,0.0,0.0,0.0,0.0,0.0,0.0,0.0,0.0,12.370959988505748,0.12370959988505748,0.12370959988505748,0.0,7.4819153215154675,0.0,0.0,0.0,0.0,0.0,0.0,0.0,0.0,0.0,,0.0,0.0,0.0,0.0,0.0,0.0,0.0,0.39702108196321834,0.008023247232472325,0.8023247232472324,0.3622067189409312,0.05476535375019294,,,,,,,,,0.0,0.0,0.0,,0.0,,0.021743,Healthcare
1989-12-31,PFE,1989,Q4,USD,1.0,-2.1481258366800535,-2.1481258366800535,-2.1481258366800535,0.0,0.05829986613119143,0.05829986613119143,0.05829986613119143,0.723521720180154,0.0,0.0,0.8373970068942324,0.17946377090140303,1.5471905481522188,1.176088748454458,0.023134744614730803,0.2834867426844347,31.917725602755453,-0.31917725602755453,-0.31917725602755453,2.451637109219983,7.443196519410977,0.0,0.0,0.20623918892946377,0.3785219806869791,0.2745853791162218,0.04032667569397427,1.8353542925173068,0.0,,,0.0,-2.102666579309441,0.0,,,0.0,0.0,0.9914101539724455,0.007765357142857142,0.7765357142857142,0.37618246309874137,0.02193138723955848,0.4323076779747182,0.20783199801988025,1.148162258021386,1.0398901970224177,1.14209398669563,,,,0.0,0.0,2.451637109219983,0.15439559927668509,0.0,-3.742758732433864,0.021743,Healthcare
1990-03-31,PFE,1990,Q1,USD,0.7004048582995951,0.20607287449392714,0.24460188933873145,0.20607287449392714,0.23313090418353577,0.16997300944669366,0.16997300944669366,0.16997300944669366,1.144489922001699,1.1970881639255864,0.39456145027992534,0.7954057535422928,0.1863049517895081,1.7204269070499192,1.2419423420358875,0.0969016557952835,0.16536270090994132,9.958333332542676,0.0,0.0,2.116747181796511,6.770591542422403,1102.6391940516485,89.58943451669643,0.14831483274039248,0.24888720123198954,0.19928717420313846,0.03845919795533378,1.678100542159779,0.9015969581749049,0.04762309720214304,0.07557354925775979,0.08125,0.27156130074732376,0.0,0.11310846293678045,0.09493134429564333,1.08843537414966,0.5541810984661059,0.39380706629614926,0.009886369865960238,0.9886369865960238,0.35299722114751864,0.0600000000047638,0.2810162763224308,0.09263199683149123,1.1351885669817539,1.0229535530784402,1.129090909180555,0.026677252880244324,0.02450972608372447,0.0021675267965198513,0.7290882778581765,1.1313032089063524,2.116747181796511,0.11758003193407146,0.27091172214182346,29.861839078262072,0.023628423979644972,Healthcare
1990-06-30,PFE,1990,Q2,USD,0.6816206458514408,0.13993447883933943,0.17730828374674065,0.13993447883933943,0.13879788727686032,0.10108979073343585,0.10108979073343585,0.10108979073343585,1.167694589741588,1.2564643799472295,0.40739156471896654,0.7673798163254836,0.1846452027060392,1.5369817321490904,1.0836209905751852,0.06066588096641132,0.15479191715471435,15.812499999999998,-0.474375,-0.474375,2.043592537983204,6.3939292638898175,119.24438902743142,44.13197969543147,0.1568811416720162,0.27155586896595935,0.21356188555583563,0.037395865473619255,1.7309656601918926,0.971612316486943,0.08404762828220146,0.14488199505248378,0.37009690816797414,0.19173553719008266,0.0,0.198989898989899,0.1705225055083412,1.5875457875457875,0.9193890538820535,0.656084656084656,0.01037287993809733,1.037287993809733,0.3956878306878307,0.04,0.3361904761904762,0.10558201058201058,1.245079365079365,1.1205291005291005,1.238015873015873,0.057328042328042325,0.03611111111111111,0.021216931216931217,0.7283236994219653,0.9918776875298615,2.043592537983204,0.1328816111424807,0.27167630057803466,39.34803921568628,0.026243386243386242,Healthcare
1990-09-30,PFE,1990,Q3,USD,0.6860012172854535,0.19993913572732805,0.23444917833231893,0.19993913572732805,0.20310407790626903,0.14808277541083384,0.14808277541083384,0.14808277541083384,1.135845143449706,1.2342105263157894,0.4245042376367975,0.7767586989409985,0.19260978640594592,1.4519493140956155,0.9976825028968713,0.08603877480784673,0.11508989646021008,12.083333333333334,0.24166666666666667,0.24166666666666667,2.345286292654714,7.157334144856969,-466.6468253968254,91.65627435697583,0.1697732761248271,0.2888255120560021,0.22409977871655604,0.03649116064565719,1.7012424961608266,1.2669648365206663,0.04795723844054872,0.07808886183810103,-0.19641465315666407,0.23428435190336167,0.0,0.10196296590638163,0.088592735809971,0.8358306188925081,0.5077166600712307,0.4077270859021784,0.008435732811769209,0.8435732811769209,0.40517879161528975,0.06,0.35713933415536375,0.07593094944512947,1.2437484586929717,0.989691738594328,1.2365228113440196,0.03163995067817509,0.03785450061652281,-0.006214549938347719,0.7290979922085705,1.0158295281582952,2.345286292654714,0.12315149453633233,0.2709020077914294,33.48857736240914,0.024463625154130704,Healthcare
1990-12-31,PFE,1990,Q4,USD,0.665098302806251,0.1179633675012603,0.14949868369461716,0.1179633675012603,0.11891558841651263,0.08670811628297766,0.08670811628297766,0.08670811628297766,1.2963258785942493,1.3277814790139906,0.523280238053562,0.8461939520333681,0.19722713212549714,1.4231768744585966,1.0565946934454105,0.05369725027344644,0.2792197375597549,20.890584625322997,-0.574970219045587,-0.574970219045587,2.540347604084839,7.245532963647566,51.97047006830052,32.05811648079306,0.18698630136986302,0.3324037706205813,0.2494767561831206,0.036573136813425916,1.7776904948939514,1.4123650172065978,0.12945554878244409,0.22601243488489328,0.6168525402726146,0.13966517708263856,0.0,0.2691255919429067,0.23839064161644807,2.609961190168176,1.5904611746156878,0.6401808785529716,0.007661117317140108,0.7661117317140108,0.44027127003699135,0.0381750924784217,0.4174106041923551,0.21462392108508016,1.2628113440197288,1.1398273736128237,1.2557336621454993,0.09950678175092478,0.03812577065351418,0.06138101109741061,0.7291568535091851,1.0080721747388415,2.540347604084839,0.13084971918255647,0.27084314649081487,51.546459348070435,0.024438964241676943,Healthcare
1991-03-31,PFE,1991,Q1,USD,0.7264256649171433,0.2197912366574276,0.25594149908592323,0.2197912366574276,0.21625287491891254,0.1576929881464882,0.1576929881464882,0.1576929881464882,1.1373666912603126,1.0854000935891437,0.39300237207726196,0.7820051650986902,0.1923958427884179,1.5058199186272776,1.0882009552450027,0.09115616073657062,0.2154254378206262,15.249999999999996,0.18319182389937094,0.18319182389937094,3.1500135182109608,9.619272276935778,-418.2410256410256,212.111833550065,0.16322501588454208,0.27781854698543895,0.21741627372748157,0.03308809799454756,1.7020586304121124,1.2338196238221706,0.027206792853352202,0.04535000294863478,-0.5071521456436932,0.2653400983034723,0.0,0.060964008244807355,0.05345474767134714,0.6635030198446937,0.34147424511545293,0.4087509349289454,0.006700834998835171,0.6700834998835171,0.4439005235602094,0.07,0.3765968586387435,0.1593979057591623,1.3632722513089006,1.2332984293193718,1.3555497382198953,0.02013089005235602,0.030340314136125656,-0.010209424083769634,0.7292064357785656,0.983901261067883,3.1500135182109608,0.08819598562968232,0.2707935642214344,39.495622119815664,0.02861256544502618,Healthcare
1991-06-30,PFE,1991,Q2,USD,0.7201275213046411,0.1511863159830789,0.18925878241677396,0.1511863159830789,0.15057323278768928,0.10980320029427994,0.10980320029427994,0.10980320029427994,1.1788811795316565,1.110705596107056,0.37975210049080776,0.7546148507980569,0.18481463016678754,1.3370941533556122,0.9685440107919183,0.060816944024205746,0.20719256829260815,22.2,-0.777,-0.777,3.2942024482694343,9.75052418613206,174.00525164113787,68.72981849611064,0.19438905003625817,0.35535118788707304,0.2621838465652938,0.031533971234278146,1.828041177323474,1.28981496125257,0.07094459944200877,0.14186745141315676,0.3949870354364736,0.1554158110882957,0.0,0.14848562628336756,0.13487992539053392,1.6528571428571428,0.9270833333333334,0.6119486320491345,0.00689131342397674,0.689131342397674,0.45536013400335007,0.05,0.4789503070910106,0.18866554997208262,1.356672250139587,1.2218034617532105,1.347822445561139,0.06460078168620882,0.03908431044109436,0.025516471245114462,0.7292345276872965,0.9959448499594485,3.2942024482694343,0.10787169078626364,0.2707654723127036,54.887852283770656,0.030597431602456728,Healthcare
1991-09-30,PFE,1991,Q3,USD,0.7277495769881557,0.21060349689791313,0.2452340665538635,0.21060349689791313,0.20485053581500282,0.15493513818386914,0.15493513818386914,0.15493513818386914,1.186349949815992,1.2028407675056068,0.406073862202406,0.7904592064199732,0.19682504440497336,1.3516837572415503,0.9834257566839122,0.08594250019200737,0.20864958641841444,18.357142855806334,0.4589285713951582,0.4589285713951582,3.9786241212592213,11.376665860101522,1045.1206512932642,117.47716115294118,0.2017095914742451,0.35839678093810406,0.26383806702677587,0.02853200988751988,1.7767959288334845,1.5867901731776077,0.05319247808172496,0.09684151156232375,0.11240535818287711,0.20760146274204183,0.0,0.10293147892812181,0.09449642267473858,1.1266404199475066,0.6565965583173996,0.3971605387695668,0.005408801112041594,0.5408801112041594,0.45180196581374604,0.07000000000509647,0.4630141973398627,0.1716235893827174,1.3000837277976034,1.1779978158848197,1.2919038952524138,0.04375318529623248,0.03883509283136768,0.004918092464864804,0.7563325991189427,0.9726834493840386,3.9786241212592213,0.09008058314005112,0.24366740088105726,49.02099487111315,0.02780123771589379,Healthcare
1991-12-31,PFE,1991,Q4,USD,0.70089720030267,0.1409577342989947,0.1732245162685115,0.1409577342989947,-0.018916873851475516,0.00048643389903794184,0.00048643389903794184,0.00048643389903794184,1.3179001353372748,1.1955065888960899,0.472385830132309,0.7770684586308274,0.19203703319286738,1.4057009209179945,1.0632071334600204,0.013249087212225891,0.3852068411051016,7238.126983599999,-72.58866602464182,-72.58866602464182,5.184182627570976,14.083481321457139,143.09311993937396,70.88481267943416,0.21668777115811763,0.41535523148240255,0.2934635929153781,0.0731343008353464,1.9168374350914192,1.466724800824448,0.10746966817716708,0.19868122365149712,0.4953754080522307,0.21075039914848323,0.0,0.21737330731476553,0.17607893854481008,1.9816711590296496,1.2477936184657161,121.22222222222223,0.00418693339094786,0.41869333909478607,0.4714743356732053,0.00022934109939784064,0.5319949035698577,0.3357553695184387,1.2895850019140578,1.1918347288818227,1.280819075448185,0.09367309793182912,0.047269748820332705,0.04640334911149642,-0.025714285714285714,-0.13420245398773006,5.184182627570976,0.08011971439305085,1.0257142857142858,83.70470246789391,0.02780123771589379,Healthcare
1992-03-31,PFE,1992,Q1,USD,0.7613694430250383,0.2321012888207574,0.26940328166695054,0.2321012888207574,0.2264804405836598,0.16754669846136377,0.16754669846136377,0.16754669846136377,1.1868598382749327,0.9547932757837346,0.3606487043075339,0.7365757778521245,0.186034475474249,1.5452217589704869,1.1626341879780704,0.0825629290617849,0.3498243655822199,19.607142858471708,0.0005618092509590747,0.0005618092509590747,4.5709856082278355,13.140448208788962,-229.37830951575816,960.3432128688797,0.19771642232455955,0.3696996030256947,0.2699129080632138,0.10274494515425918,1.8698477277664765,1.1555191077579137,0.00791175601588917,0.013683075001419406,-4.186721991701245,0.2868972989706679,0.0,0.018651807135670613,0.01287461937069288,0.1928,0.09757085020242914,0.41341917993900373,0.005271282803965198,0.5271282803965197,0.4177939681180756,0.06999999999525584,0.4440291426334104,0.2527685530157392,1.2091901049671847,1.122822771865617,1.2010538799592645,0.005716706200900257,0.02965096577230424,-0.023934259571403983,0.7397844071195788,0.9757827788649707,4.5709856082278355,0.08087962525198733,0.2602155928804212,50.47538762937829,0.028939342593768937,Healthcare
1992-06-30,PFE,1992,Q2,USD,0.7462519183095266,0.16196434895525913,0.20003541494510685,0.16196434895525913,0.19354267500885375,0.1202927635462165,0.1202927635462165,0.1202927635462165,1.1603314841449215,0.9636852723604573,0.368191161356629,0.6972877309955962,0.17730845307741416,1.5842251915648153,1.2145209296434678,0.0597776440968741,0.2982395035146603,28.849999999999998,-1.00975,-1.00975,4.671656436843255,13.881784913233384,1187.8040404040405,137.85767878077374,0.17128025871000827,0.3250898833998768,0.24533421277488796,0.10346731252114758,1.8979997219077132,0.966485068028181,0.05401811158254702,0.10069649392043442,0.1160609613130129,0.20348616900341038,0.0,0.16161424782114436,0.10424049859464744,1.1312997347480107,0.625366568914956,0.5986261040235525,0.0051874012480377174,0.5187401248037717,0.41565260058881254,0.05,0.40152109911678113,0.23108439646712464,1.2430814524043179,1.1585623159960745,1.235107948969578,0.04185475956820412,0.036997055937193324,0.0048577036310107945,0.6215309545593168,1.1949708454810495,4.671656436843255,0.06958771215195514,0.37846904544068316,71.44650339333137,0.029931305201177625,Healthcare
1992-09-30,PFE,1992,Q3,USD,0.7509848982271832,0.2205077697526811,0.2582074852265266,0.2205077697526811,0.22001532063908952,0.16278179032611076,0.16278179032611076,0.16278179032611076,1.1522602610175903,1.0404663923182442,0.36889032990192105,0.6963877457704618,0.18040748637763562,1.749317617866005,1.3666563275434243,0.07920107215425187,0.3349255583126551,21.07142857142857,0.5267857142857141,0.5267857142857141,4.5837598713074,13.72017947034362,302.83816425120773,96.77730605943651,0.1840105030403538,0.3407611874817198,0.2541550207921467,0.09759155394259321,1.8518572682070782,0.8578469337463916,0.08036600496277915,0.14177062814620267,0.31956773446545733,0.2886444007858546,0.0,0.203614931237721,0.13899468912611984,1.4696539988655701,0.8680067001675041,0.4107563025210084,0.004873379860418744,0.4873379860418744,0.4300235294117647,0.07,0.43861176470588237,0.2540705882352941,1.295105882352941,1.2100470588235295,1.2871529411764706,0.06096470588235294,0.04148235294117647,0.01948235294117647,0.7398657050484954,0.9977667493796526,4.5837598713074,0.07434097706879361,0.2601342949515046,54.79826234371689,0.02875294117647059,Healthcare
1992-12-31,PFE,1992,Q4,USD,0.7649838220943967,0.18345231369729342,0.2167325766524575,0.18345231369729342,0.20707719172102101,0.15258589697498845,0.007446972420522829,0.007446972420522829,1.3904877526244377,1.002629272567923,0.42854467128675783,0.844692204242766,0.20303229371956497,1.673649530676944,1.3417666438739355,0.016395815242112227,0.39071921427239387,419.87068965517244,-4.413055296675987,-4.413055296675987,5.160958758953927,12.507061784191874,185.75514874141876,68.94818799547,0.190154430089363,0.38647056330267454,0.2787441533429122,0.10799826083668879,2.0324036790573476,0.8496683539884796,0.10977808168086033,0.18139797647783884,0.37117780294450736,0.2522558492374032,0.0,0.2820410444781602,0.19368282518096075,1.5902746510580819,1.0315420560747663,8.296551724137931,0.00493994456421312,0.49399445642131196,0.4581411764705882,0.003411764705882353,0.42908235294117647,0.29578823529411763,1.118470588235294,1.031835294117647,1.1102588235294117,0.08310588235294118,0.05225882352941177,0.03084705882352941,0.035962301587301584,1.1287793952967524,5.160958758953927,0.074883482188687,0.2631448412698413,59.04976303317535,0.028305882352941177,Healthcare
1993-03-31,PFE,1993,Q1,USD,0.8065120762598404,0.26123279601563754,0.29448936967814493,0.26123279601563754,0.23804423499169924,0.1761902211749585,0.1761902211749585,0.1761902211749585,1.2399070385126163,0.9475478625753999,0.32526107310046815,0.797412136482043,0.1920300287947347,1.5030693507355382,1.1959130627143015,0.07468586487415499,0.2817719278840836,13.666666668328267,0.005365665897496086,0.005365665897496086,4.0395600780540395,9.631732092068763,-182.9637165363174,570.9629630323809,0.2482208967503085,0.5421242953080431,0.35154383920769006,0.11412881274995523,2.1840397098129056,0.9367647427697093,0.008710319654905431,0.01686927649547475,-3.1206349206349207,0.2360741264061736,0.0,0.017118634856801263,0.01305050337655881,0.24268104776579352,0.11864406779661017,0.41246200607902733,0.007545036695650245,0.7545036695650245,0.5108115500898709,0.08999999998905775,0.6602826746917589,0.2787537993582062,1.2275562308537926,1.1295136776742232,1.2179544071467532,0.008617021275548083,0.0355075987798775,-0.026890577504329414,0.7401574803149606,0.9112341123411234,4.0395600780540395,0.13420379566905669,0.25984251968503935,35.24283203404256,0.0371215805425992,Healthcare
1993-06-30,PFE,1993,Q2,USD,0.7861268370789729,0.31663521473094297,0.3527191628066564,0.31663521473094297,0.19637444959112482,0.1451363870303654,0.1451363870303654,0.1451363870303654,1.1557068270438173,0.9731980223783503,0.3137847134826747,0.7050925365912665,0.17454186130075458,1.4030564913822567,1.112079488306235,0.05486210896248463,0.2831648845271227,18.89285714434594,-0.8501785714955677,-0.8501785714955677,4.557558353041537,10.968164106444787,263.10052912126196,83.46400597449957,0.27298678484449235,0.6498906948008745,0.3938992424460639,0.12009701430124613,2.380667236954662,1.007809123130565,0.056100776329280795,0.13141190598730484,0.31723237597911225,0.24400629454781078,0.0,0.10635934462649264,0.0840219378427788,1.4646271510516253,0.7907777013076394,0.5267927501970056,0.00697079253513885,0.6970792535138851,0.4823049645010004,0.06999999999448385,0.7543341212959548,0.31990937743735937,1.170114263107162,0.8410480692796652,1.1607092197666895,0.06338061465221587,0.043274231675076893,0.020106382977138976,0.7390797903319744,0.6201914394076214,4.557558353041537,0.14259624221095554,0.26092020966802565,33.64968964484436,0.03687549251088452,Healthcare
1993-09-30,PFE,1993,Q3,USD,0.8009612817089452,0.23935914552736984,0.2746061415220294,0.23935914552736984,-0.1760747663551402,-0.11439252336448598,-0.11439252336448598,-0.11439252336448598,1.2308551896404392,0.944500760263558,0.3302321460216197,0.7373498720220516,0.1894782643892172,1.3740141337642604,1.101806516967753,-0.024619985048592075,0.2961578350739249,-19.583333333333336,0.10544871794871798,0.10544871794871798,4.389765324542815,8.960747663551402,94.37007874015748,52.17350746268657,0.2826236541730754,0.7307118750490542,0.42220307469049023,0.13034674190025483,2.585459016822332,1.1696911016022737,0.07756687007066883,0.17174899866488652,0.552860696517413,0.2836358722580064,0.0,0.14485833971442727,0.11514500537056928,2.2364394993045895,1.1686046511627908,-0.6134453781512605,0.007831217593420347,0.7831217593420347,0.5245098039215687,-0.06,0.7823529411764706,0.34394957983193275,1.0820448179271709,1.0164425770308123,1.070672268907563,0.09008403361344537,0.04028011204481793,0.04980392156862745,0.6496815286624203,-0.7356091030789826,4.389765324542815,0.16645807259073842,0.3503184713375796,35.675029171528585,0.03680672268907563,Healthcare
1993-12-31,PFE,1993,Q4,USD,0.794842147597024,-0.17373818620550976,-0.14005630404182587,-0.17373818620550976,0.1963603458676855,0.14523426503116832,0.14523426503116832,0.14523426503116832,1.3543950432355143,0.8518054685869338,0.3732053040695016,0.7556315289648623,0.21318415158237683,1.3744918108955744,1.056946219073063,0.06559038720259487,0.21181321872459055,16.836708203530634,-0.07169641534505591,-0.07169641534505591,5.033372138145131,9.781067765936054,40.84068010075567,28.60829289810322,0.1874738771179629,0.45254171517268144,0.311551613592648,0.1286068530207394,2.413892122623205,1.4006971094602683,0.19749680566848646,0.3418962396943495,0.7004852227613586,-0.32261621988462846,0.0,0.576942653545979,0.3887840850625965,3.338733431516937,2.006194690265487,0.4683281412253375,0.006953974250250559,0.695397425025056,0.5571988795518207,0.08092436974789916,0.49,0.20431372549019608,1.093781512605042,1.029047619047619,1.0827731092436974,0.19050420168067228,0.057058823529411766,0.1334453781512605,0.7396313364055299,-1.1302083333333333,5.033372138145131,0.08990825688073395,0.26036866359447003,-73.49748743718592,0.03789915966386555,Healthcare
1994-04-03,PFE,1994,Q1,USD,0.8178929850219375,0.28518836048212215,0.3210449341873014,0.28518836048212215,0.26713399566291796,0.18694840889606132,0.18694840889606132,0.18694840889606132,1.2629131902426598,0.8042316258351893,0.30744997871434654,0.7363710635769459,0.20567581864763662,1.3180363713935257,1.0048530745026931,0.07662556151031098,0.21246866833768865,10.6,0.4489738219895286,0.4489738219895286,4.093465635336094,7.926612537193,134.22442356959863,64.07533632286996,0.21656691802632536,0.5437664400864651,0.3522336190026318,0.12928023946664247,2.510847201604292,1.5976312291020425,0.0654098448082769,0.12370770084220081,0.4773746432939258,0.31466596389511137,0.0,0.16161549611279483,0.11748646965850855,1.9134165366614664,0.8792114695340502,0.40679794982465606,0.009594291269449435,0.9594291269449435,0.5349069328297815,0.1,0.5632317237658484,0.4404639870515241,1.0453736174804424,0.9045319665497707,1.0357971405449151,0.06617210682492582,0.0345832209333693,0.03158888589155651,0.6998300925051916,0.9366931918656056,4.093465635336094,0.13283767069949254,0.3001699074948084,26.718158969525604,0.04067979498246561,Healthcare
1994-07-03,PFE,1994,Q2,USD,0.794935787448656,0.2065200436749337,0.24161597254718453,0.2065200436749337,0.19138979878334114,0.13372848749545052,0.13372848749545052,0.13372848749545052,1.2419604804339404,0.9234371341606181,0.31816715069377216,0.6855218135158255,0.1904276279963168,1.2065932527646868,0.9173860295833139,0.05155896185333565,0.18760207176519994,17.714285712908243,-0.5904761904302749,-0.5904761904302749,4.8624485436072575,9.475618541797951,92.698154330824,50.97750249353846,0.23825978475034407,0.6420490928495197,0.39100480956713896,0.13204575980732713,2.69474386339381,1.8509286882879414,0.0834072138490971,0.18587843810118027,0.5499300699300699,0.19268053588933667,0.0,0.19469556693170678,0.1485621675531915,2.221876942200124,1.156957928802589,0.5758164852255054,0.008126442332443485,0.8126442332443485,0.5234486781122433,0.07000000000544324,0.6549300156030272,0.49645023332009725,1.0300777605777665,0.8728499223073756,1.0200622084774542,0.09729782271363124,0.04379082426468047,0.05350699844895078,0.6987231730508014,0.926737160120846,4.8624485436072575,0.13204234185544905,0.3012768269491986,42.665713667828705,0.040307153968919686,Healthcare
1994-10-02,PFE,1994,Q3,USD,0.8049062605426768,0.24430093016530918,0.28001349462624703,0.24430093016530918,0.23201118126174755,0.1621764904332739,0.1621764904332739,0.1621764904332739,1.2640268047517516,0.9350889350889351,0.31934364152729566,0.7052924980454808,0.19948084410902273,1.3108963517757912,1.0046388016429089,0.06612235695766301,0.21604252234839333,15.361111111567608,0.5376388889048666,0.5376388889048666,4.977504406983798,9.964844356918407,95.81119349476369,51.11509408200247,0.22911118588665097,0.5737018223837839,0.36455560654734587,0.12368676427154972,2.504032355136137,1.9103254614924274,0.09772892002899251,0.19494915417610487,0.5334981458590853,0.24270926090828138,0.0,0.22512243989314337,0.1697368973186186,2.143614202437732,1.20243757431629,0.4389301634472511,0.007143528880484383,0.7143528880484383,0.5549509658081738,0.08999999999732541,0.6373818721950258,0.530959881113493,1.121135215419877,0.9649658246369995,1.1109985140828826,0.10818722139351598,0.05046953937442884,0.05771768201908714,0.699002908184462,0.9496942197672125,4.977504406983798,0.11525892806419995,0.300997091815538,38.14966532903615,0.03950371470907864,Healthcare
1994-12-31,PFE,1994,Q4,USD,0.7965829058342753,0.2186331623337101,0.25271715502999736,0.2186331623337101,0.20767759325276064,0.1452047648030606,0.1452047648030606,0.1452047648030606,1.3815015015015015,0.8914078872166127,0.36991066487469365,0.7484706494858779,0.20725323241879534,1.1994446631716364,0.937338113098075,0.061225095756999914,0.3022234194657991,16.978491703517964,-0.45478102777280266,-0.45478102777280266,5.246019777492541,9.861431578080166,78.89831275095652,47.13895452182045,0.254466819840519,0.6531603413584958,0.39509799806941703,0.12260303159432641,2.566779990286547,2.0452585248744053,0.09971197082409498,0.20919920006955917,0.5974646716541978,0.19711711711711713,0.0,0.21675675675675676,0.1703845336732526,2.4842540010325247,1.408252853380158,0.4431137724550898,0.006524633933815159,0.6524633933815159,0.6185714469244996,0.08981952146456085,0.75948590574914,0.3922208744193473,1.17322043800431,1.085632958540216,1.162786313953936,0.12940465188247507,0.05208994403498633,0.07731470784748876,0.6991835880259577,0.9498906343209386,5.246019777492541,0.12450588618838361,0.3008164119740423,41.37100450008601,0.03980026699627247,Healthcare
1995-04-02,PFE,1995,Q1,USD,0.8185941986765991,0.26255774272753757,0.31066627824711807,0.26255774272753757,0.2616005659827708,0.1749552623912772,0.1749552623912772,0.1749552623912772,1.2207376549481812,0.7604675505931612,0.30963205000710325,0.7004314114149128,0.191996995677291,1.0082045246049192,0.7645266820140896,0.0689140888168891,0.1673792255898084,15.613636364379163,0.16429274084906434,0.16429274084906434,5.590165838515586,10.926751388047776,72.65050058201439,47.07043906479025,0.29763569391065337,0.7930931698177482,0.4423044954760265,0.11493018259935553,2.6646440129449838,4.758688979106842,0.09655029165873331,0.23213616879603813,0.6479024740050198,0.1728034413020449,0.0,0.17906327244711245,0.14974496644295301,2.840122199592668,1.54987496526813,0.3889153187440533,0.006227173953393103,0.6227173953393103,0.6287321598178529,0.1099999999947669,0.9746669837785601,0.5882017126266317,1.239593244470048,0.6128496669546694,1.2289438629291654,0.14595147477897472,0.05138915318499576,0.09456232159397895,0.6687877823735284,0.9963544143287367,5.590165838515586,0.14187292340299273,0.3312122176264715,38.86656518464836,0.04278068505981062,Healthcare
1995-07-02,PFE,1995,Q2,USD,0.793392425463336,0.216116035455278,0.2525785656728445,0.216116035455278,0.19065269943593877,0.12743755036261079,0.12743755036261079,0.12743755036261079,1.1914934472660939,0.7171025031464131,0.3494616328199537,0.6914226815611333,0.1917283359339997,0.980270380991397,0.7398115526423596,0.04727804346210075,0.10218762802130274,23.09375,-0.8467708333333335,-0.8467708333333335,6.050321481818935,11.772043714746172,406.3729137691238,152.8149189330544,0.2835524587884499,0.7601051934067754,0.43185213943693457,0.11234468053819573,2.6806510395096494,-68.0,0.03133142154854568,0.07703464947622884,0.3760460251046025,0.15361987252819087,0.0,0.0624938715476385,0.052088157572125204,1.6026823134953898,0.6741889985895627,0.5194435662345874,0.0056232050471944515,0.5623205047194452,0.6277584571609232,0.08,0.9284097375908947,0.5176351564969965,1.2327537148276952,0.6165791969649067,1.2214226999683844,0.04835915270312994,0.030173885551691433,0.01818526715143851,0.6684277261200338,0.8821774794929157,6.050321481818935,0.12563054635871376,0.3315722738799662,51.468037167012284,0.04155548529876699,Healthcare
1995-10-01,PFE,1995,Q3,USD,0.8126452629505614,0.27236557021863306,0.30596809139255465,0.27236557021863306,0.24656293086468387,0.16509749852274966,0.16753988575930667,0.16753988575930667,1.2703297803132663,0.7477987421383647,0.3525835866261398,0.7307980193459236,0.19799393187792,1.058212918577784,0.8256198917129358,0.06813632602951773,0.12649584439769632,19.1136363618387,0.509696969649032,0.509696969649032,6.156956407399833,12.809185810029545,135.42739766247396,77.86426766944444,0.26554663796398126,0.6446640914943573,0.39197310552856385,0.06351739546760293,2.427686889343331,23.37476979742173,0.07200744904645308,0.16450659838487294,0.5749521072796935,0.18707326680672268,0.0,0.13707983193277312,0.12265758091993186,2.3526760563380282,1.2192700729927006,0.3879614389842464,0.005074406455681428,0.5074406455681427,0.6565600753027566,0.11000000001034564,0.8805690101933289,0.5673548084239224,1.3778579827301065,0.770491417895179,1.3659346345042027,0.10800846462337253,0.04590877028412027,0.06209969433925226,0.6795015178143473,0.9052646803586925,6.156956407399833,0.1047049952667454,0.3304042179261863,45.30335802595597,0.04267575829228081,Healthcare
1995-12-31,PFE,1995,Q4,USD,0.8325255985132821,0.24552709251903945,0.28480851218890063,0.24552709251903945,0.2095980760120978,0.147797252486973,0.14972852822213314,0.14972852822213314,1.3558794466403161,0.6425276107926744,0.33205693230257927,0.7902724183608824,0.21558923114389636,1.1860734114743985,0.9192435225169648,0.07228160142695893,0.07774907464528069,22.85279386712095,-0.6013893122926566,-0.6013893122926566,6.821060545527185,13.686860765951245,83.15442107593536,57.36232742822235,0.22534624841900183,0.5209203501253041,0.3425033730940526,0.13139630260584265,2.3116442087676607,4.212926005526558,0.1262338062924121,0.2386036512043144,0.6898289554062309,0.3006632277081798,0.0,0.3216900024563989,0.22827261635000873,3.224027572624323,1.7754880694143167,0.4032611340958871,0.004411508024365369,0.44115080243653687,0.7269745904592366,0.10884883548434951,0.7598756013308751,0.10683556911861318,1.471061945027232,1.1417869328416725,1.4587174433636383,0.173458791616335,0.05380189458961154,0.11965689702672347,0.7143602225312935,0.8536657761947165,6.821060545527185,0.07636940716893216,0.2948539638386648,51.2104042988741,0.043894504842435414,Healthcare
1996-03-31,PFE,1996,Q1,USD,0.8463832960477256,0.3016405667412379,0.33929903057419836,0.3016405667412379,0.2796420581655481,0.19276659209545116,0.19276659209545116,0.19276659209545116,1.2075641602881584,0.6843853820598007,0.27430093209054596,0.7617154217551831,0.2035828146348869,1.1685516234950748,0.8945640277271069,0.085382702403979,0.1492156147391463,19.75000000076402,0.18759749304346876,0.18759749304346876,6.936650815485734,15.228560776129754,474.9186046695349,184.80995475828055,0.2218764232579323,0.49643342391304346,0.3317444103960958,0.09023485784919653,2.237432065217391,2.839297056955325,0.04031375410434148,0.08240119313944817,0.3891402714932127,0.2894399315946986,0.0,0.09448482257374946,0.0756072528224427,1.637037037037037,0.6758409785932722,0.3713733075435203,0.00470092794340701,0.470092794340701,0.7262669245367015,0.13999999999458415,0.7915280463910433,0.22150870405332654,1.6074274660886876,1.248085106334697,1.5944294003251671,0.05984526111954177,0.03655705995990108,0.023288201159640688,0.6893333333333334,0.927070457354759,6.936650815485734,0.07156673113843068,0.31066666666666665,47.19560439734066,0.051992263054081535,Healthcare
1996-06-30,PFE,1996,Q2,USD,0.844043592634348,0.21570838030815484,0.25554302893649006,0.21570838030815484,0.21495678316422398,0.14806463735437805,0.14806463735437805,0.14806463735437805,1.2475386779184248,0.6365030674846626,0.2879944482997918,0.7451694203304396,0.19538879506571702,1.109952120383037,0.8635430916552668,0.0659108884787767,0.1487688098495212,28.25,-0.98875,-0.98875,7.440173796791444,16.73130402104472,137.41358024691357,88.68924302788845,0.22967912475218444,0.5227272727272727,0.34328358208955223,0.08877721943048576,2.2759024064171123,3.3962986598596046,0.08584131326949385,0.18865088312664413,0.6454183266932271,0.19724950884086445,0.0,0.19724950884086445,0.1604859335038363,2.8202247191011236,1.3567567567567567,0.4873096446700508,0.004312474731593369,0.43124747315933687,0.6753807106598985,0.1,0.7939086294416243,0.22081218274111675,1.531218274111675,1.1565989847715736,1.518781725888325,0.12741116751269035,0.04517766497461929,0.08223350253807106,0.6888111888111889,0.9965156794425087,7.440173796791444,0.07025740083554198,0.3111888111888112,68.79411764705883,0.048730964467005075,Healthcare
1996-09-29,PFE,1996,Q3,USD,0.8501605422761327,0.2978951123795933,0.33428469496967533,0.2978951123795933,0.26614341776667855,0.1833749554049233,0.1833749554049233,0.1833749554049233,1.2781577747378021,0.56,0.26022304832713755,0.7620989668297988,0.19177613574165298,1.0979190191966446,0.8375544442652041,0.07701925481370342,0.1687368930472657,22.321428568822956,0.5580357142205737,0.5580357142205737,6.98946956099604,16.372763873528363,117.07361514668368,77.91656559847198,0.25383141762452105,0.5650319829424307,0.36103542234332425,0.0776794493608653,2.2260127931769724,4.4848,0.09501532505242781,0.21013200142704244,0.66553480475382,0.2233132720937599,0.0,0.18656952803294266,0.1587601078167116,2.989847715736041,1.5102564102564102,0.3754863813229572,0.004205447471308028,0.42054474713080287,0.7634630351085755,0.1400000000163424,1.0105058366938333,0.7100778210945616,1.8025680935956305,0.9974319067312177,1.7884046694694635,0.16042801558292935,0.053657587554901666,0.10677042802802768,0.6890080428954424,0.8934131736526946,6.98946956099604,0.08084046693550667,0.3109919571045576,51.821619143543224,0.05256809339135036,Healthcare
1996-12-31,PFE,1996,Q4,USD,0.8420886075949368,0.25348101265822787,0.2917721518987342,0.25348101265822787,0.2310126582278481,0.15949367088607594,0.15949367088607594,0.15949367088607594,1.403197158081705,0.5465498357064622,0.31403398363750784,0.8207792207792208,0.21544964887161655,1.146808510638298,0.8650709219858156,0.08156074644395145,0.20390070921985815,25.1275,-0.6107378472222222,-0.6107378472222222,7.284590163934426,16.030708860759493,103.17116089613035,67.09541721854305,0.19922274493761505,0.4201898188093184,0.29586877278250306,0.08990969768354927,2.109145815358067,4.40418118466899,0.13386524822695037,0.2389240506329114,0.6503311258278146,0.31140939597315437,0.0,0.3378076062639821,0.25838466803559207,2.859848484848485,1.648471615720524,0.38492063492063494,0.0038296750066723205,0.38296750066723206,0.8178053830227743,0.13043478260869565,0.7562111801242236,0.2976190476190476,1.8126293995859213,1.4440993788819876,1.799689440993789,0.19539337474120083,0.06832298136645963,0.12707039337474121,0.6904109589041096,0.9113607990012484,7.284590163934426,0.05768201221389959,0.3095890410958904,56.864468546637745,0.05020703933747412,Healthcare
1997-03-30,PFE,1997,Q1,USD,0.8564290473017988,0.3097934710193205,0.34776815456362425,0.3097934710193205,0.28680879413724186,0.2005329780146569,0.2005329780146569,0.2005329780146569,1.1875,0.5262515262515263,0.2703889585947302,0.7801455301455301,0.19942868531189797,1.1982698961937717,0.9224913494809689,0.09108255947080524,0.21280276816608998,20.765625,0.22050096649484535,0.22050096649484535,6.991558305369127,16.656770486342438,892.921875,187.27949438202248,0.22015545074071613,0.4633668903803132,0.31664437225300973,0.0928462709284627,2.104725950782998,3.0415400202634246,0.04619377162629758,0.08894070619586943,0.20973782771535582,0.3040278853601859,0.0,0.10340821068938807,0.08056729028364513,1.2654028436018958,0.6194895591647331,0.3654485049833887,0.004399681023125823,0.4399681023125824,0.7978737541528239,0.16,0.880797342192691,0.5778073089700997,1.9114950166112956,1.1805980066445183,1.9008637873754153,0.07096345514950166,0.0560797342192691,0.014883720930232559,0.6991869918699187,0.9258064516129032,6.991558305369127,0.06627519504835899,0.3008130081300813,49.892361111111114,0.05847176079734219,Healthcare
1997-06-29,PFE,1997,Q2,USD,0.8695502917953999,0.23927222794370065,0.28389975969790593,0.23927222794370065,0.216958462066598,0.15688293855132165,0.15688293855132165,0.15688293855132165,1.1536633663366336,0.3913491246138002,0.2283653846153846,0.7387775805224448,0.18516399694889396,1.1434132668950483,0.8843039551541576,0.06891289034984738,0.23575210214886327,39.333333329890586,-1.5733333331956234,-1.5733333331956234,10.022488615422358,24.68291566324751,357.7180762539303,175.36910567570732,0.23576150521230613,0.5170058544744912,0.3408067628411284,0.09247311827956989,2.1929188737106218,2.818577648766328,0.06384303955154158,0.14074836937864743,0.4902439024390244,0.21893888515782403,0.0,0.13767629281396912,0.11054192504718253,1.9617224880382775,0.9557109557109557,0.4814004376367615,0.003059748544569262,0.3059748544569262,0.764901531795615,0.12000000001050329,0.9739168491005616,0.6525164114356689,1.8942669585903078,1.1884463896007393,1.8837636763136774,0.10765864333546246,0.05487964989539428,0.052778993440068186,0.7231012658227848,0.9067431850789096,10.022488615422358,0.051584578871851784,0.27689873417721517,89.59653364817412,0.05776805252146766,Healthcare
1997-09-28,PFE,1997,Q3,USD,0.8648998060762767,0.2669683257918552,0.308338720103426,0.28603749191984484,0.2614738202973497,0.1881060116354234,0.19263089851325146,0.19263089851325146,1.1737481031866464,0.5954415954415955,0.22967032967032966,0.7738869434717359,0.20160291913729067,1.2524221453287196,0.9375432525951557,0.09164556962025316,0.20588235294117646,30.140624999999996,0.9042187499999994,0.9042187499999994,9.703612424037813,23.224062702003877,278.5087209302326,148.4612603305785,0.2332703459959601,0.4834571235651587,0.325898953117888,0.08962380132776002,2.072518568534774,2.6,0.0837370242214533,0.15643180349062702,0.5330578512396694,0.2599088039284462,0.0,0.16976499473868817,0.13519553072625698,2.1415929203539825,1.0827740492170022,0.37080536912751677,0.003075627737708797,0.30756277377087965,0.8306040268456376,0.16,0.9610738255033557,0.5916778523489933,1.9991946308724833,1.382281879194631,1.9879194630872483,0.12993288590604027,0.060671140939597315,0.06926174496644295,0.7367119901112484,0.9141242937853107,9.703612424037813,0.049822385977364214,0.26328800988875156,77.82520964360587,0.05932885906040269,Healthcare
1997-12-31,PFE,1997,Q4,USD,0.8446796338672768,0.23884439359267734,0.2760297482837529,0.23884439359267734,0.2219679633867277,0.15961098398169338,0.15961098398169338,0.15961098398169338,1.5747747747747747,0.8227272727272728,0.3062605752961083,0.8450568044476674,0.2279603547209181,1.2855796418473138,0.9513666352497644,0.09293529650141834,0.165315739868049,39.805,-0.9046590909090908,-0.9046590909090908,11.199389890331524,25.413260869565217,519.56,189.83923076923077,0.2202660406885759,0.4258162107651582,0.29864733445318714,0.12400618374558305,1.933190470187823,2.351042367182246,0.0882186616399623,0.13386727688787187,0.36538461538461536,0.33126385809312636,0.0,0.2075388026607539,0.13854351687388988,1.5757575757575757,0.9052224371373307,0.3942652329749104,0.002476229324047924,0.24762293240479238,0.9270750464067886,0.14797136038186157,0.8957836117740652,0.23256430654998675,2.1036860249270752,1.760540970564837,2.1036860249270752,0.12410501193317422,0.07875894988066826,0.045346062052505964,0.7190721649484536,0.9293413173652695,11.199389890331524,0.038021375711972207,0.2809278350515464,94.65881865284975,0.05833996287456908,Healthcare
1998-03-29,PFE,1998,Q1,USD,0.8769092542677448,0.27343516022761305,0.308775082359988,0.2866127583108715,0.28781072177298594,0.16022761305780173,0.20724767894579216,0.20724767894579216,1.1462409886714726,0.5676795580110497,0.22373434948285248,0.8067165982121285,0.2092760890003134,1.3039957753916565,0.9806372117584933,0.10636106103528199,0.1853546910755149,42.93055555059249,0.42550639129790796,0.42550639129790796,14.511146387109537,35.58903197485475,-1237.8310183754165,1100.2942385559259,0.20332184268254466,0.3961411649774087,0.283740050730342,0.08174478582641848,1.9483453413115155,2.0598396051819865,0.019010737546206653,0.03234501347708895,-0.8888888888888888,0.30298210735586484,0.0,0.04294234592445328,0.03329223181257707,0.5294117647058824,0.24053452115812918,0.3540462427745665,0.002061738068805869,0.2061738068805869,0.8685260116611013,0.18000000002080924,0.843815028999285,0.5064450867637509,2.130086705448565,1.5474277458436332,2.130086705448565,0.028092485552380635,0.05306358382116342,-0.024971098268782785,0.7200832466181062,1.0041797283176594,14.511146387109537,0.027299095082474443,0.27991675338189387,117.38387755968961,0.06372832370678941,Healthcare
1998-06-28,PFE,1998,Q2,USD,0.8755849160473438,0.25075695017891547,0.2876410679878888,0.2678227360308285,0.24745389485273878,0.1635012386457473,0.172859895403248,0.172859895403248,1.1681672025723473,0.5552825552825553,0.24538545059717698,0.872059529524724,0.22007511509571118,1.3455522971652003,1.0454545454545454,0.09289284408143363,0.1774193548387097,51.08823529330414,-9.19588235279476,-9.19588235279476,15.452576406596028,35.32442803654831,383.0855136023284,207.6596230692233,0.20032711412648413,0.39819385912101146,0.2847915949018257,0.08018606711706723,1.9877182420228778,1.8882536382536383,0.10068426197458455,0.17010734929810073,0.5420711974110033,0.29965156794425085,0.0,0.23925667828106853,0.1868763229513154,2.1837455830388692,1.168241965973535,0.39171974522292996,0.0019168784308853909,0.19168784308853906,0.983455414028399,0.170000000002707,0.8952070063836817,0.5809235668882312,2.248168789844716,1.7092038216832677,2.248168789844716,0.16729299363323716,0.07660828025599695,0.0906847133772402,0.6985539488320356,0.9239465570400822,15.452576406596028,0.02576876817454466,0.3014460511679644,124.92980579596174,0.06659235668895848,Healthcare
1998-09-27,PFE,1998,Q3,USD,0.9105105105105105,0.2951951951951952,0.357957957957958,0.2951951951951952,0.2105105105105105,0.15465465465465467,0.41951951951951955,0.41951951951951955,1.1643356643356644,0.36474908200734396,0.17727543129089826,0.8092345078979344,0.183198547615118,1.3602424576387933,1.1286678605868576,0.1650230801510701,0.3751205400192864,23.270833335998567,0.2082127193220925,0.2082127193220925,15.041922114697512,39.050275279747744,269.78717153850624,160.9373968831188,0.21334653683226054,0.448582995951417,0.30967020681945223,0.057560231113049164,2.1026026604973973,1.40625,0.11131009780961565,0.24264264264264265,0.5965346534653465,0.30029850746268655,0.0,0.24119402985074626,0.20835482207323364,2.478527607361963,1.4027777777777777,0.17895490336435219,0.0019225235811336395,0.19225235811336394,0.8581245525144596,0.3599999999587688,0.9993414458411635,0.980014316280027,2.227773800746998,1.7726843233474376,2.227773800746998,0.20821760913864365,0.08400858982573989,0.12420901931290376,1.992867332382311,0.7131230925737538,15.041922114697512,0.029822185790545016,0.2653352353780314,110.06075224963087,0.06442376520378826,Healthcare
1998-12-31,PFE,1998,Q4,USD,0.8323848939472323,0.2058975685463011,0.21753750646663217,0.2058975685463011,0.07941024314536989,0.07915157785825143,0.16399379203310915,0.16399379203310915,1.3266986959505833,0.6673532440782698,0.3544857768052516,0.8756511891279728,0.21123374494590755,1.3808398220244715,1.1266685205784204,0.0715339233038348,0.21579532814238042,59.0163643533123,-0.8155812348250452,-0.8155812348250452,16.988138479001133,38.71326952922918,148.18366336633665,107.28709677419354,0.17790405420172659,0.3695800227014756,0.26984916293717887,0.0564421120274178,2.0774120317820657,1.4441539036234592,0.1939655172413793,0.3608380755302638,0.7240143369175627,0.3078050567973617,0.0,0.5111762550384756,0.4284398034398034,3.6233766233766236,2.25,0.37066246056782337,0.0015701681416224848,0.15701681416224847,1.020321984692531,0.16732647136447612,0.8593296384270256,0.4096067564001056,2.3251517550804963,2.1105832673528635,2.3251517550804963,0.3681710213776722,0.10160992346265506,0.26656109791501714,2.0651465798045603,0.38567839195979897,16.988138479001133,0.021755180719671533,0.003257328990228013,179.987514863258,0.06202164159408815,Healthcare
1999-04-04,PFE,1999,Q1,USD,0.8935574229691877,0.2943722943722944,0.3269671504965623,0.2943722943722944,0.29233511586452765,0.20753756047873695,0.20753756047873695,0.20753756047873695,1.131700288184438,0.6371951219512195,0.24530516431924881,0.8666960935775767,0.2064126149802891,1.386609907120743,1.166795665634675,0.09448897795591182,0.15041279669762642,52.207720858895705,0.43109279879337126,0.43109279879337126,18.816713101160865,43.34025210084034,-357.55707983193275,-1372.557822580645,0.25340341655716164,0.5330016583747927,0.3476849848550411,0.054858934169279,2.103372028745163,1.3692468619246863,-0.015995872033023734,-0.03157626687038452,3.838709677419355,0.22136871508379888,0.0,-0.028864059590316574,-0.02572080481227961,-0.3522727272727273,-0.1946624803767661,0.3496932515337423,0.0016745284307606288,0.1674528430760629,1.0380650277557495,0.2154374834787206,1.2743854084060269,1.19746233148295,2.3909595559080095,1.5366111551678563,2.3909595559080095,-0.032778218345228656,0.09304784562516522,-0.12582606397039386,0.7099303135888502,0.9930795847750865,18.816713101160865,0.028325970402445586,0.29006968641114983,135.3988862928349,0.0753370340999207,Healthcare
1999-07-04,PFE,1999,Q2,USD,0.9047367028314369,0.45726382640910296,0.5326806033342154,0.28340830907647524,0.27176501720031754,0.3125165387668695,0.1876157713680868,0.30722413336861604,1.1127797408716136,0.4675324675324675,0.1994459833795014,0.7975939214858591,0.19241344195519347,1.2657207718501702,1.0608399545970488,0.07507507507507508,0.13881952326901248,79.06778913963329,-1.7394913610719323,-1.7394913610719323,25.920269333025086,59.33745699920614,556.4174937965261,303.8431571815718,0.27841140529531566,0.6320656571494625,0.38727955237623063,0.05772791634898159,2.270257773667784,1.415886099662795,0.08376844494892167,0.19528975919555439,0.5460704607046071,0.34730660186310247,0.0,0.14945321992709598,0.13496708119970738,2.2029850746268655,0.780952380952381,0.8603667136812412,0.002720345171666044,0.27203451716660443,0.6169795918367347,0.11575510204081632,0.892734693877551,0.7970612244897959,1.412408163265306,0.8896326530612245,1.412408163265306,0.12048979591836735,0.054693877551020405,0.06579591836734694,0.6903602726387537,0.9589169000933707,25.920269333025086,0.024384995735524474,0.2901655306718598,113.5028564331843,0.09959183673469388,Healthcare
1999-10-03,PFE,1999,Q3,USD,0.8316633266533067,0.3937875751503006,0.4504008016032064,0.25475951903807614,0.24198396793587174,0.2775551102204409,0.17560120240480961,0.2775551102204409,1.1033720287451632,0.968299711815562,0.41025641025641024,0.7890887527179284,0.1972429467859084,1.2630884293884734,1.0829300483941926,0.0731686021129835,0.10360756709194896,77.87865192582026,-9.345438231098441,-9.345438231098441,24.854511723195994,54.702339679358715,292.33164658634536,187.60458762886597,0.29700083996244875,0.6841566127930799,0.4062309927688045,0.05638492106111052,2.3035511040291374,1.6868793577012466,0.12802463704355477,0.29158316633266534,0.6417525773195877,0.2794385709077652,0.0,0.2121764491432738,0.19364498419564133,2.79136690647482,1.3333333333333333,0.6504992867332382,0.0020881822895215288,0.20881822895215285,0.6520744854622672,0.11450506370467167,0.9818686703691604,0.8016987912446912,1.4351519111401503,0.9157138190133943,1.4351519111401503,0.19013394315583143,0.06811499509964064,0.12201894805619079,0.7256728778467909,0.9498525073746312,24.854511723195994,0.0275264555752498,0.2743271221532091,124.27182424916575,0.07448546226723293,Healthcare
1999-12-31,PFE,1999,Q4,USD,0.8812957621477702,0.2897714666074995,0.3254936765032172,0.2897714666074995,0.28888395828710894,0.21167073441313514,0.21167073441313514,0.21167073441313514,0.8396050670640834,0.2832186341979884,0.3234582829504232,0.8435335953584129,0.2190628949159133,1.2183995645073489,1.038323353293413,0.09540515102250363,0.08045726728361459,49.43691037735849,1.3595150353773588,1.3595150353773588,21.2277765275121,41.85738850676725,229.7822777101096,147.6144366197183,0.268591426071741,0.6218071340159784,0.3834038715048914,0.05577985550361241,2.315066951727242,2.049567985447931,0.13913990201415352,0.28355890836476594,0.6424100156494522,0.22375524895020996,0.0,0.2555488902219556,0.23127035830618892,2.7964989059080962,1.6949602122015914,0.3113207547169811,0.0015743335917466753,0.15743335917466753,0.7346373268133659,0.15550122249388754,0.9007334963325183,0.724042379788101,1.4485737571312143,1.3242053789731052,1.4485737571312143,0.20831295843520783,0.07449062754686227,0.13382233088834555,0.7327188940092166,0.996937212863706,21.2277765275121,0.029292146222195718,0.2672811059907834,131.85974778459442,0.04841075794621027,Healthcare
2000-04-02,PFE,2000,Q1,USD,0.9205098493626883,0.4880648899188876,0.5504055619930475,0.33603707995365006,0.3735805330243337,-0.04727694090382387,0.2734646581691773,-0.04727694090382387,1.1115404430705822,0.40116959064327484,0.21251548946716234,0.7894255396999634,0.21334981458590854,1.395159133458144,1.1793260230008022,0.13221081996612533,0.025541588660069538,47.41732203389831,1.7781495762711856,1.7781495762711856,21.96797801334904,51.8678470451912,300.0130831099196,210.3475187969925,0.2096909765142151,0.4162740478994896,0.2939219627139788,0.04891710231516057,1.9851786415390655,1.739568635355775,0.14228403316394758,0.24658169177288528,0.7011278195488722,0.5227333871401668,0.0,0.2862523540489642,0.2508842254185334,3.3459119496855347,1.238649592549476,0.45847457627118643,0.002417231491602511,0.2417231491602511,0.7013979193758128,0.1918075422626788,0.6893693107932379,0.6144343302990898,1.6560468140442133,1.4112483745123536,1.6560468140442133,0.1729518855656697,0.05169050715214565,0.12126137841352405,0.7320099255583127,1.1117241379310345,21.96797801334904,0.018949128938791585,0.2679900744416873,95.94095157894738,0.08793888166449935,Healthcare
2000-07-02,PFE,2000,Q2,USD,0.8822610424655589,0.2661553756568669,0.29867916489135066,0.23675614259338162,0.2361880414713819,0.16332907257491833,0.16332907257491833,0.16332907257491833,1.3182924545965176,0.5756944444444444,0.31921447824412785,0.7801662049861496,0.21972912245662216,1.2944835488623343,1.0819283025045014,0.08646242165075274,0.13013586511704042,61.10229782608696,-11.60943658695651,-11.60943658695651,18.77182728912042,39.91912654452493,-765.859863760218,785.1133240223464,0.2125202846086631,0.4548186736125025,0.3126291144470459,0.077960465545908,2.14011888065184,2.148939417060888,0.029301031265346212,0.05084505041897458,-1.0251396648044693,0.28679653679653677,0.0,0.06457431457431458,0.0525697503671072,0.49379310344827587,0.28144654088050314,0.4756521739130435,0.0019461304682308076,0.19461304682308073,1.1325398101978446,0.184976676853788,1.0953836255428664,0.9638089110503458,2.4083963326363196,1.8274087180312049,2.4083963326363196,0.05758404375100531,0.11661573105999679,-0.05903168730899148,0.6915213469633193,0.9976004799040192,18.77182728912042,0.024228790655670567,0.3084786530366807,136.13436519258204,0.08798455846871481,Healthcare
2000-10-01,PFE,2000,Q3,USD,0.8342817487855656,0.310617626648161,0.3430950728660652,0.31755725190839695,0.24732824427480915,0.18889659958362248,0.18889659958362248,0.18889659958362248,1.3315468490112734,0.8426252646436133,0.43848696290855677,0.785029418173894,0.215151696129957,1.3907971484121842,1.1702041477640959,0.09211134211134211,0.10863577446532728,47.99129316678913,2.1596081925055097,2.1596081925055097,16.155367301508782,36.26156835530882,174.29259506337561,123.06387187941594,0.2147336359292881,0.44465743259955476,0.30779437572229595,0.072121177348098,2.0707395498392285,1.7109950130610307,0.17198639014906028,0.29465648854961835,0.7060763071125765,0.34563532187394674,0.0,0.35776879002359285,0.2952301487971075,3.40224358974359,1.802207130730051,0.4070536370315944,0.0021204556606597294,0.21204556606597294,1.1568721901091843,0.21852922286448298,1.1546242774566473,1.1599229287090558,2.596660244059088,2.031149646756583,2.596660244059088,0.3408798972382787,0.1001926782273603,0.24068721901091844,0.7637485970819304,0.7788461538461539,16.155367301508782,0.027523820678346776,0.2362514029180696,108.05606796116506,0.08895311496467566,Healthcare
2000-12-31,PFE,2000,Q4,USD,0.8507278559092031,0.2833703429558352,0.3155687145324451,0.2833703429558352,0.23587466074512706,0.17419195657537626,0.17517887984209227,0.17517887984209227,1.4767717252687194,0.7038976148923793,0.4478164322723908,0.8600530503978779,0.24189794091316025,1.434521325431934,1.2089975795008765,0.09642078696799358,0.09172857023620733,47.88654401408451,0.0,0.0,16.919356183130134,33.55484455958549,127.93770931326435,102.63983773584906,0.16150402864816474,0.3366509081861159,0.251861504095309,0.06529449386592244,2.084473749688977,1.6163509471585245,0.22118354060595943,0.32691833209967924,0.8022641509433962,0.47983212870132896,0.0,0.6178596409419445,0.48965262379896524,5.057251908396947,2.4559777571825765,0.3908450704225352,0.002040474409197179,0.20404744091971794,1.2996632996632997,0.22767356100689434,0.8677248677248677,1.1003687670354336,2.5775212441879107,2.290363957030624,2.5775212441879107,0.42488375821709157,0.08401475068141735,0.34086900753567423,0.7426778242677824,0.8323900740095778,16.919356183130134,0.019897382887522765,0.2615062761506276,108.01742376856919,0.08898508898508899,Healthcare
2001-04-01,PFE,2001,Q1,USD,0.839895356442119,0.3646827992151733,0.39790712884238066,0.3646827992151733,0.3398299542184434,0.25245258338783516,0.25245258338783516,0.25245258338783516,1.2933513787853155,0.8631875881523272,0.4236760124610592,0.7962712217477346,0.21752119729129915,1.7195144381092515,1.453834835387162,0.12553167030693183,0.10814787566672797,29.87554922279793,0.7302912032239491,0.7302912032239491,12.995224250619788,30.168638325703075,166.64684971098265,127.14401323042999,0.1664769817333409,0.3296709488393058,0.24793423450146193,0.09614992870238338,1.9802794681090827,1.1734458940905603,0.16681993746551407,0.23727926749509484,0.762954796030871,0.5990411304567247,0.0,0.45773403986878625,0.31003247308152454,4.21860465116279,1.6342342342342342,0.35233160621761656,0.0029483274398580226,0.2948327439858023,1.2237874179606212,0.3089482951816872,0.9366095725948456,1.2500400192092205,2.841043700976469,2.2657275492236275,2.841043700976469,0.29037938210340963,0.06883303985913239,0.22154634224427724,0.7428791377983064,0.9318507890961263,12.995224250619788,0.02536862330971954,0.2571208622016936,77.35510848126233,0.10885224907955819,Healthcare
2001-07-01,PFE,2001,Q2,USD,0.8503773093937028,0.336455893832943,0.3713244860785844,0.336455893832943,0.3110850897736144,0.2331511839708561,0.23796513140775435,0.23796513140775435,1.414167433302668,0.7457846952010376,0.39302802460697195,0.7828478305153799,0.2080615034785198,1.635347129506008,1.3911882510013351,0.10964705882352942,0.1080607476635514,33.12089939857846,-5.133739406779657,-5.133739406779657,13.600836326897172,31.526476710902944,131.19247428262048,101.13209515859768,0.18962670203838553,0.3931859003143242,0.28222070021352885,0.11727691621661794,2.073473282442748,0.9957248348231637,0.1999332443257677,0.31173562321103304,0.7708681135225376,0.48814144027598105,0.0,0.5166019836136265,0.3420413990007138,4.3642987249544625,1.9511400651465798,0.37124111536358667,0.0028021666236781014,0.2802166623678102,1.22976,0.29264,1.1208,1.44256,2.85056,2.28224,2.85056,0.38336,0.08784,0.29552,0.7649519029694688,0.9245939675174014,13.600836326897172,0.02890895021924168,0.24675867837724802,86.90346881569728,0.10864,Healthcare
2001-09-30,PFE,2001,Q3,USD,0.850974930362117,0.35945809065586226,0.3911116738414789,0.35945809065586226,0.34869587237275257,0.2623448974423905,0.2623448974423905,0.2623448974423905,1.3907378059517521,0.7212009803921569,0.41414496833216047,0.7769034035018689,0.20352522805751688,1.5337832655878518,1.3158217654728124,0.11662481165243596,0.14556331006979062,29.338459459459457,2.1270383108108097,2.1270383108108097,12.868181202370874,30.787180552038492,119.19468235294117,94.2469581395349,0.2177240632891821,0.44713166807790006,0.3089778752971293,0.09946146880808274,2.0536621507197292,1.0838479484012624,0.19786793465756577,0.3266649784755634,0.7906976744186046,0.37881169443571205,0.0,0.4055328513046212,0.3053615812522192,4.777777777777778,2.1164889253486465,0.3277027027027027,0.0027924327720370737,0.27924327720370734,1.2654617701724027,0.3319874383131449,1.3537460744728578,1.5162148304813177,3.027622893033391,2.744984938793822,3.027622893033391,0.4133820419150163,0.08652182272639877,0.3268602191886176,0.7523602033405955,0.9700598802395209,12.868181202370874,0.03474707583349224,0.24655047204066813,80.83786079637423,0.10879318079856438,Healthcare
2001-12-31,PFE,2001,Q4,USD,0.8357696566998892,0.3059800664451827,0.3387596899224806,0.3059800664451827,0.2861572535991141,0.21672203765227022,0.21661129568106313,0.21661129568106313,1.7821195973949082,1.0510276399716514,0.5410434148121124,0.8670187229956793,0.2306336679181672,1.3526392961876832,1.1516862170087976,0.10795781399808245,0.07595307917888564,30.02360761758691,-4.953895256901836,-4.953895256901836,12.841234679932214,26.013810188261353,131.30503409726103,94.98775010109179,0.22664929890429852,0.4851035915377467,0.3266462988184194,0.12482059133097312,2.1403269010003827,1.534409515717927,0.1813049853372434,0.2738648947951274,0.7234128588758593,0.3885075818036712,0.0,0.394732641660016,0.27867928780707685,3.615497076023392,1.81704628949302,0.34611451942740284,0.002882019741230727,0.2882019741230727,1.4523055149010085,0.31458577930746096,1.4272158515206588,1.3855605770622577,2.9420846936970264,2.66513340946009,2.9420846936970264,0.39773549704874794,0.1100085240523023,0.2877269729964456,0.7569659442724458,0.9352153456387984,12.841234679932214,0.037777020950785035,0.24187306501547987,79.35361425302386,0.10888270582369687,Healthcare
2002-03-31,PFE,2002,Q1,USD,0.8567355666429081,0.3655262532668092,0.3947493466381563,0.3774055595153243,0.37491090520313614,0.2746495604656688,0.23319078165835117,0.23319078165835117,1.304509530450953,0.7580138277812697,0.43854545454545457,0.8020198170731707,0.2037467325007261,1.4237219091588023,1.2370154117726933,0.10322521023934941,0.09043383800665354,30.047517829852268,9.314730527254211,9.314730527254211,11.992127172918574,28.027216678545976,200.62339285714287,149.8939707750953,0.2499273889050247,0.5248551387618177,0.3442,0.11593421407387436,2.1000304971027752,1.5234820378246312,0.10686400977663113,0.18698028035162748,0.747141041931385,0.32791117996385233,0.0,0.2032016524657888,0.15243075731164052,3.9547738693467336,1.3160535117056855,0.4065206316861946,0.0033823145890799298,0.338231458907993,1.3565385545080977,0.3163322858754331,1.664007735073725,1.5942309241801627,3.1704133430021755,2.582547739908146,3.1704133430021755,0.25364595922971556,0.06413665296914028,0.1895093062605753,0.6219898605830165,0.9933899905571294,11.992127172918574,0.04376664216395909,0.24809885931558937,73.70662353295216,0.12859560067681894,Healthcare
2002-06-30,PFE,2002,Q2,USD,0.8509896676210631,0.30822855720154363,0.3381053155732603,0.3210506660027387,0.30822855720154363,0.23565293165691523,0.24362006722270635,0.24362006722270635,1.2805675115574686,0.7854330708661418,0.4267379679144385,0.7448998516320475,0.18870982897951513,1.371943371943372,1.2000367714653428,0.09360518999073215,0.07329778758350187,25.394623658661217,-8.12627957077159,-8.12627957077159,10.557042697822624,24.746559691273497,94.70658122915674,77.65199765625,0.2686994925765834,0.6074349442379182,0.377890841813136,0.14026116336407635,2.26064790228359,1.3051177904142974,0.15689158546301404,0.31868542263164445,0.819921875,0.2626105665790103,0.0,0.30600047812574704,0.22381535233432417,5.5531453362255965,2.0365950676213207,0.4067450178845171,0.004004243411437509,0.4004243411437509,1.298766390195793,0.31640555528609077,1.8492829541963751,1.8327917091073709,3.0444131865289163,2.627928408594849,3.0444131865289163,0.41389791595932157,0.07453396064736222,0.3393639553119594,0.7903877221324718,0.9600620395502133,10.557042697822624,0.05753836198495255,0.20961227786752828,76.96285493372606,0.12869638324360155,Healthcare
2002-09-29,PFE,2002,Q3,USD,0.8493982808022923,0.3512893982808023,0.3799426934097421,0.3665329512893983,0.3473925501432665,0.2600573065902579,0.2693409742120344,0.2693409742120344,1.4305623872766027,0.8471953578336557,0.45170161567548983,0.7877392560491152,0.19442463677689634,1.286343133525352,1.1282538992446063,0.10126142807545423,0.0964078039236998,17.9292035106383,0.6947566360372341,0.6947566360372341,8.892234105418668,19.316276561604585,88.00757859007832,72.80108552915767,0.3076923076923077,0.7285390175697779,0.4214767558987821,0.14127135154727924,2.367751807101778,1.5390721467630974,0.12580837997934896,0.2653295128939828,0.8272138228941684,0.24649204864359214,0.0,0.2165575304022451,0.16765643105446118,5.7875,1.9486531986531987,0.3353191489361702,0.0046756001840406415,0.4675600184040642,1.424187519383641,0.3835920539314105,2.2538889705042195,2.047565414687495,3.0937107226221374,2.6680051580888953,3.0937107226221374,0.3778789807877512,0.06529226449896348,0.3125867162887877,0.7753216760145166,0.9477798624140088,8.892234105418668,0.0819298062706005,0.22434839986803035,54.470139668174966,0.12862576106295806,Healthcare
2002-12-31,PFE,2002,Q4,USD,0.9544191217342969,0.4616453585325181,0.4929127292940523,0.4616453585325181,0.4352418010005559,0.34755419677598665,0.3968871595330739,0.3968871595330739,1.1636481241914618,0.20246913580246914,0.12247946228528753,0.6717699775952203,0.1552334109931832,1.3355429803287524,1.1912153058474804,0.11667802772097251,0.10121261115602263,15.492275735294118,0.8631410766806721,0.8631410766806721,8.871366315789475,24.594741245136188,54.70904420401855,47.39789983931441,0.2547458797135214,0.5919298245614035,0.37183160678862687,0.13598960588999567,2.323609022556391,1.2520226185297956,0.20123955807060093,0.518899388549194,0.8663631494376004,0.3367170377206137,0.0,0.4307301880263006,0.31619950884918285,7.482965931863728,2.9058365758754863,0.27521008403361347,0.004441085492150076,0.4441085492150076,1.1783006664374254,0.4676524045782777,1.9336509963812611,2.055148925021696,3.266689590804146,3.0701969838384833,3.266689590804146,0.6114194953414878,0.08170817572988816,0.5297113196115996,0.9118773946360154,0.9428055388320289,8.871366315789475,0.06672363686615808,0.20051085568326948,52.696576825486325,0.1287026575625092,Healthcare
2003-03-30,PFE,2003,Q1,USD,0.8750733137829912,0.4098533724340176,0.4414076246334311,0.4098533724340176,0.3781818181818182,0.28856304985337244,0.5472140762463343,0.5472140762463343,0.7778284671532847,0.7751091703056768,0.40977298961138897,0.7723319441927885,0.16106786577992746,1.658472859123387,1.5198890903273967,0.175680968488517,0.11026980910739043,9.658915112540193,0.1481033650589496,0.1481033650589496,7.254975486052409,21.141977243401758,92.19199795396419,77.12253145057765,0.24520102781136638,0.5224006762468301,0.34314269850083284,0.1300252136153523,2.130499537092944,0.917900403768506,0.12461341580462834,0.2741348973607038,0.8365425759520753,0.3236913113869401,0.0,0.2522396114409066,0.18007397133610725,6.117801047120419,1.81444099378882,0.19421221864951768,0.005026760676190525,0.5026760676190526,1.3972203100927656,0.7645786213000295,2.127052807552365,2.541220047857869,4.071688464942472,3.668502310945029,4.071688464942472,0.38302684629757106,0.06260858163700134,0.3204182646605697,1.4469602977667493,0.9227246708643388,7.254975486052409,0.07200584995099407,0.2369727047146402,50.79600212596333,0.14849051037466812,Healthcare
2003-06-29,PFE,2003,Q2,USD,0.7971580106074252,0.18673071149804862,0.28039627739417594,0.18923246272390673,-0.3407385169618733,-0.3676573601521065,-0.35935154608225756,-0.35955168618032624,1.1051758460517584,0.9556812824139557,0.3010545076488935,0.546692926308879,0.08042138131951262,1.568082321613937,1.264205442975132,-0.048873573440047426,0.09884009568082322,-16.796613617376774,0.10294698668714797,0.10294698668714797,3.43283569050397,24.14355628940258,184.0324622425629,113.11137271448662,0.12010494294129956,0.212344554793546,0.17515198460202333,0.08715191188694929,1.7679918044449503,0.8014918190567853,0.09626754524529495,0.21344941459021316,0.6146272855133614,0.30825420014609206,0.0,0.25967859751643535,0.14292414902171,2.5948905109489053,1.0638403990024938,-0.32943469785575047,0.004903290409605794,0.4903290409605794,1.3407304049158772,-0.48179354388601175,2.002307671666622,2.1409021386213003,9.429522097297877,-1.6071859822362948,9.429522097297877,0.28617812005259347,0.11028523895135106,0.17589288110124238,1.0546255506607929,-1.800634584875727,3.43283569050397,0.061856894398103865,-0.07929515418502203,90.64973518915059,0.15871951055893954,Healthcare
2003-09-28,PFE,2003,Q3,USD,0.730806142034549,0.2068937939859245,0.2947056941778631,0.20841330774152272,0.19945617402431223,0.1789027511196417,0.17866282789507357,0.17866282789507357,1.4495710642244377,1.6846846846846846,0.5023130875988658,0.6961750459328545,0.1041496609971847,1.5266389658356416,1.2172668513388736,0.06480097812797174,0.07433056325023084,25.265140555058192,-0.15749698008347965,-0.15749698008347965,3.2944112299543273,18.05576583493282,101.9274474040632,78.5831172989906,0.1318945842842626,0.23106331441245567,0.187694094777517,0.0,1.7518787118238461,1.0422605651412853,0.13264081255771007,0.229766474728087,0.7709711103376262,0.21673508051784024,0.0,0.18143353331228293,0.18143353331228293,4.366261398176292,1.5571815718157183,0.5313339301700984,0.005257579400876548,0.5257579400876548,1.6216426524180685,0.28972726211627997,2.0536397473640524,1.8697394529679536,8.887779319646725,-1.5033654532013954,8.887779319646725,0.3725991155148041,0.08533596171553814,0.287263153799266,0.8957497995188453,0.9570222563315426,3.2944112299543273,0.07013796951379961,0.10144346431435446,65.12735305291723,0.15394192485766534,Healthcare
2003-12-31,PFE,2003,Q4,USD,0.7618946773965833,0.19716221939855993,0.3207680361428773,0.19716221939855993,0.06713257094451504,0.0433432161513483,0.042354934349851756,0.042354934349851756,1.5692921236291126,1.3038268264398918,0.5778653417851636,0.7746486575162684,0.1213102119460501,1.2571754660354229,1.010440884304857,0.045741079419432666,0.0642515957221964,105.86328541666667,-1.4433640230763205,-1.4433640230763205,3.8862579347476944,17.93533001553014,70.24381669892176,57.796152183803464,0.12479554699207879,0.22290713859614236,0.18227642276422765,0.08090592138559298,1.7861786255105006,1.6198044708707335,0.18582237815445746,0.3103204856699139,0.8227934485896269,0.4773191199818553,0.0,0.4985257427988206,0.30165374322377,5.643132220795892,2.3685344827586206,1.795,0.004238957805189661,0.42389578051896615,1.8672642193369802,0.07908785342384499,1.920912146576155,1.5754300402029922,8.61754432215119,0.8859157714361036,8.61754432215119,0.5794503394187043,0.10268239636195874,0.4767679430567455,0.6309148264984227,0.34049409237379163,3.8862579347476944,0.05735778281803986,0.352260778128286,58.78628631161972,0.14196269689580177,Healthcare
2004-03-28,PFE,2004,Q1,USD,0.8563305838071594,0.3433971330183391,0.4443821574437415,0.4093056779050212,0.2505806038279811,0.18563305838071595,0.18659405782013294,0.18659405782013294,1.198943831012962,0.7236789027833804,0.30191854594412654,0.7053606733322035,0.10211057413176983,1.436416771522507,1.1952348094329668,0.06744801938355778,0.03916872995900475,27.023090128755367,0.08976729123131885,0.08976729123131885,3.6475379446182368,20.16939216785457,226.6923492349235,159.09993682880608,0.1458512212872785,0.25831305758313056,0.20528520786335805,0.09376312473750525,1.7710722975321516,1.4833689712520788,0.06425295287575598,0.12677184271642508,0.7018319646241314,0.44332210998877664,0.0,0.1480546202768425,0.08875308365104284,3.3538135593220337,0.9025085518814139,0.5502145922746781,0.005090226447577814,0.5090226447577814,1.646058528868969,0.3071447403110994,2.3511732138149224,1.8391774321117849,9.102030055365146,-1.9338254679673081,9.102030055365146,0.208673872923807,0.0622198787239652,0.1464539941998418,0.7446468520294024,0.612208961064371,3.6475379446182368,0.07081847029563018,0.25854905720677535,48.42786087583349,0.16899551805958343,Healthcare
2004-06-27,PFE,2004,Q2,USD,0.8572592471891803,0.29452501222095484,0.29452501222095484,0.29452501222095484,0.27928955515724296,0.2317093042203031,0.2331758188039759,0.2331758188039759,1.2476113031103884,0.7064516129032258,0.29882312809142075,0.7095207815480664,0.10231658622385609,1.4581842753796008,1.225137133317434,0.07732462070001501,0.025916209555608555,21.363355083857442,0.9460914394279724,0.9460914394279724,3.6664071508882397,19.92567125631416,78.84193713733076,68.10573350041771,0.15812639107710005,0.28437148639532267,0.22140906225926185,0.09207839934667211,1.7983809309646952,1.101844786570313,0.14273789649415694,0.29256965944272445,0.8638262322472848,0.2485250737463127,0.0,0.2942477876106195,0.18930887237071012,7.343558282208589,2.029960429621255,0.4472396925227114,0.0052337248850562595,0.523372488505626,1.62052257033839,0.3778666772289777,2.504455974967323,2.3082610475171967,8.806986968748761,-1.8275438665980117,8.806986968748761,0.47411573652315125,0.06456212619321107,0.4095536103299402,0.8348891481913653,0.9482710926694329,3.6664071508882397,0.0775613494879939,0.16977829638273045,72.72052254495159,0.16899697653846663,Healthcare
2004-09-26,PFE,2004,Q3,USD,0.8721845530356168,0.3447899618112384,0.44337931571974126,0.3447899618112384,0.3079261164367547,0.2570337463954485,0.2603070688177071,0.2603070688177071,1.3075512075817792,0.7041648776298841,0.26052422557585386,0.7341649024432111,0.10497508774513413,1.547486033519553,1.298070446531162,0.08552167291906548,0.07385395617892944,15.7655748502994,0.8558454918733964,0.8558454918733964,3.080123422488045,16.415562310030396,45.67947950553025,40.69321483771252,0.15392419147665448,0.2751268590146674,0.2157643038177919,0.10421933742909915,1.7874179255078015,1.0125073979088577,0.2050794405483577,0.403398020419297,0.8908423493044823,0.4640817830171302,0.0,0.47669920795726656,0.27511427660253,9.161061946902654,2.837719298245614,0.37694610778443116,0.005977360663402525,0.5977360663402526,1.7105719237435009,0.44527396347153714,2.508198906812425,2.4900679909345422,9.116517797626983,-1.5568590854552726,9.116517797626983,0.6900413278229569,0.0753232902279696,0.6147180375949873,0.8453556061756518,0.8930831826401446,3.080123422488045,0.08932332289218038,0.1645153125790939,40.003178062928455,0.1678442874283429,Healthcare
2004-12-31,PFE,2004,Q4,USD,0.842122897540709,0.3146150237887824,0.40246599209274275,0.3146150237887824,0.23447028077464316,0.19238758962675065,0.1892380888561281,0.1892380888561281,1.4893213572854291,0.8817365269461078,0.35375375375375373,0.8116943160184933,0.12065424792212412,1.5002645702623025,1.2485448635573362,0.07463090640002888,0.06833471917756444,16.838383498583568,-0.9471590717953254,-0.9471590717953254,2.785763789214681,12.745854050794076,38.69916174974568,31.753986644407345,0.14993855308689888,0.2716101819033949,0.21359547585317254,0.09633786412906813,1.8114766103283635,1.1032010053966141,0.22639655302743972,0.4013938216176372,0.820534223706177,0.477631812533286,0.0,0.5316882655778449,0.32299811269884066,5.572093023255814,2.5642123287671232,0.44652974504249293,0.0066296409195106916,0.6629640919510692,1.9998659876708658,0.3784508174752077,2.485258643795229,2.665907263468239,9.150093808630395,1.5104529616724738,9.150093808630395,0.8027338515143393,0.14406325381935137,0.6586705976949879,0.8070877393541012,0.7452609158679446,2.785763789214681,0.09749935832856921,0.17862246356101744,34.45610722610723,0.16898954703832753,Healthcare
2005-04-03,PFE,2005,Q1,USD,0.8326331067145367,0.31846306622870674,0.4228095638224735,0.31846306622870674,0.22229012298525705,0.020777633488656327,0.02299289588266748,0.02299289588266748,1.2279335897195385,0.9526086956521739,0.33445275530453367,0.7308508262617239,0.10648716801561801,1.4630717147989498,1.2367693795771728,0.030088623359745863,0.05098797844410667,151.39973421926908,-1.6975121715493804,-1.6975121715493804,2.699243025528638,13.924473302268733,67.2887707641196,57.430775047258976,0.1613128889250417,0.29365337913877865,0.22699540995615994,0.08696122437942783,1.8203962565894687,0.9827709170076199,0.10964488047533508,0.24245664960659996,0.8534971644612477,0.216434062243451,0.0,0.2368833495036943,0.16005244314457162,6.825806451612904,1.701876675603217,4.651162790697675,0.007680269081518815,0.7680269081518816,1.7652373247033442,0.04058791801510248,2.6740830636461705,2.96264832793959,9.106256742179072,-1.4577939590075513,9.106256742179072,0.4279935275080906,0.06270226537216829,0.36529126213592233,0.10343642611683848,0.6980091148956584,2.699243025528638,0.10879101153971402,0.9054982817869416,36.24937308039747,0.18878101402373246,Healthcare
2005-07-03,PFE,2005,Q2,USD,0.8325150905432596,0.2606036217303823,0.37408450704225354,0.27235412474849097,0.24635814889336016,0.2716297786720322,0.2785513078470825,0.2785513078470825,1.2641163902736798,0.9909523809523809,0.32114197530864197,0.7030498500537543,0.11061454503369626,1.4877692103164053,1.2006115394841796,0.1036405029894253,0.05654524505893822,13.668920832129443,0.012715275192678554,0.012715275192678554,2.8966528900318393,15.22998309859155,57.74566371681416,49.68037280126018,0.11375715544793327,0.19559759980406563,0.16359818707909762,0.07787423247935635,1.7194311780553515,1.0179419957398002,0.16879376052468315,0.30655935613682095,0.8603307954843791,0.6970114309323785,0.0,0.524583390717532,0.298090467991861,7.159774436090226,1.847235693501455,0.44206876625252817,0.008085290193747862,0.8085290193747862,1.6868042356774369,0.4698615259299484,1.7347271246266631,1.9778713005701873,8.868856910127613,-1.5894651099647026,8.868856910127613,0.5171056204181373,0.07222373065435786,0.4448818897637795,1.1306762495916367,0.9045508274231678,2.8966528900318393,0.06752538437628117,-0.1349232277033649,43.18729345955249,0.20771110507738258,Healthcare
2005-10-02,PFE,2005,Q3,USD,0.8434654196406596,0.2915743703339076,0.40372466978423166,0.3060956600213307,0.1802444827303306,0.12133891213389121,0.13028140126343424,0.13028140126343424,1.2239180640626568,1.054726368159204,0.2910311165344722,0.6957588903476226,0.11046464207063429,1.60666830105418,1.285216964942388,0.06787486218302095,0.04702132875704829,27.671915931989925,-0.5202320195214106,-0.5202320195214106,2.6310418069962727,14.420543933054393,69.83393325387365,58.33787255227348,0.11004776016602776,0.1817623901686949,0.15380620645978468,0.07496434555046316,1.651668238358256,1.0426860564585116,0.14773228732532484,0.2471900894248913,0.8353800199137073,0.6434834299301531,0.0,0.447763412096894,0.24812649262949849,6.074596774193548,1.7286288009179576,0.785264483627204,0.007094417364858035,0.7094417364858036,1.6622119187235784,0.21655529796808945,1.6559389063139234,1.825855720714578,9.110459566343925,-1.333833356061639,9.110459566343925,0.41088231283240145,0.06763943815627983,0.34324287467612163,0.7228038233955394,0.5888501742160279,2.6310418069962727,0.06908380919123586,0.2690031861629495,37.99146718146718,0.17005318423564708,Healthcare
2005-12-31,PFE,2005,Q4,USD,0.8274847347899654,0.26771132200397263,0.37313323033914514,0.26771132200397263,0.247553888030604,0.20223644522916207,0.20091223423821084,0.20091223423821084,1.4140226776240508,1.131210805595755,0.38830932273555224,0.7953774136922177,0.11562114574916003,1.4727221597300337,1.2604401012373454,0.0801725133813393,0.07898622047244094,14.831753936287074,0.21753239106554373,0.21753239106554373,2.4688326451003397,11.919523284043258,39.28760426770126,34.20352121595947,0.1525624122825671,0.2733021469821872,0.214640450917272,0.08818462222469226,1.7914120712511619,1.0528639479493436,0.16651434195725534,0.34848819245199736,0.8705932024488072,0.3851065665717491,0.0,0.40874967641729226,0.2641057091882248,7.7275693311582385,2.379206428930186,0.504577077993409,0.008505013637647411,0.8505013637647412,1.8549399563318778,0.3726801310043668,2.447598253275109,3.0330240174672487,8.955649563318778,-0.9440502183406113,8.955649563318778,0.646424672489083,0.08365174672489083,0.5627729257641921,0.8115898959881129,0.9247045891728497,2.4688326451003397,0.11070096125170101,0.18098068350668647,35.03767350157729,0.18804585152838427,Healthcare
2006-04-02,PFE,2006,Q1,USD,0.8441548183254345,0.34067930489731435,0.44739336492890996,0.3523696682464455,0.3496840442338073,0.3164296998420221,0.32472353870458137,0.32472353870458137,1.1725479299805501,1.0428118393234673,0.2961128620741408,0.7402210138572181,0.1120760629963084,1.9017485005591135,1.5630781742401139,0.12599769319492504,0.14582697977025516,10.590266358550231,0.2062315027717676,0.2062315027717676,2.5017790802913416,13.755635071090047,49.15222692633362,43.96524614996213,0.10239998583556865,0.16617104110100706,0.14249285503104367,0.08549995401815626,1.6227642977201224,0.8118246817788323,0.2013317068211853,0.31287519747235387,0.8944710931582933,1.0573235817355209,0.0,0.7829610594979245,0.34243969914411687,9.476076555023923,1.8329477093937991,0.423984432011676,0.010008823613519527,1.0008823613519526,1.730926989335521,0.5620727372162975,1.5814875581077386,2.119496855345912,9.517227235438884,2.4330051955154497,9.517227235438884,0.5415641235985781,0.057150669948044845,0.48441345365053323,0.9286198328439124,0.9923783904954047,2.5017790802913416,0.06642114901754467,0.07115428055116331,32.28183968926554,0.23831009023789992,Healthcare
2006-07-02,PFE,2006,Q2,USD,0.84754279873946,0.2985265309598842,0.41291201771569713,0.2985265309598842,0.26258410697555573,0.19504301166851204,0.20551912102887318,0.20551912102887318,1.1997751890455752,1.028735632183908,0.28003754693366706,0.7123096523691076,0.10525324966382787,2.044078783345799,1.725355272999252,0.08722509927776875,0.09578658688606333,16.862070037297972,-0.4105547487342115,-0.4105547487342115,2.376333425805604,13.86191125117111,34.82086007702182,31.645479292241884,0.0827341999103541,0.13475156594489626,0.11874983916209887,0.07370940910750753,1.6287287009592781,0.6070837642192347,0.25644477686362505,0.43803764585640065,0.9088080886642038,1.0738290553056364,0.0,1.3609420481608892,0.5572651424856431,10.965884861407249,2.34412032816773,0.7148777455449647,0.010598902506686525,1.0598902506686523,1.612331776984345,0.33136500961274373,1.2673716012084593,2.025542433397418,9.405245811590223,2.9247459489151333,9.405245811590223,0.7062620159296896,0.06440538313650096,0.6418566327931887,0.7826792085630879,0.8796005706134095,2.376333425805604,0.05670566448359996,0.25624391826143367,35.07852722772277,0.23688547102444382,Healthcare
2006-10-01,PFE,2006,Q3,USD,0.8402280130293159,0.31490228013029314,0.423371335504886,0.31490228013029314,0.322557003257329,0.26376221498371333,0.2736970684039088,0.2736970684039088,1.2742554736951333,1.1262916188289323,0.3181449651370196,0.7480051166473777,0.11309112676704886,2.1891112618724557,1.8404568068747174,0.12072646824273918,0.06654228855721393,14.430193394822968,0.3401402728779701,0.3401402728779701,2.782871241680055,15.798006514657981,56.020652613341035,48.33072247135028,0.07431044803610075,0.11574764746385127,0.10373998791478639,0.07387775165065827,1.5576227909111775,0.5851520060993043,0.22693351424694708,0.3268729641693811,0.8627304434479323,1.7870813397129186,0.0,1.6004784688995215,0.49745941256661297,7.284936479128857,1.7497820401046207,0.5185956560547456,0.008984558312309225,0.8984558312309225,1.6989485334809076,0.4649972329828445,1.1163530713890426,1.775179856115108,9.644714997232983,3.2288323187603765,9.644714997232983,0.5553403431101273,0.07623132263420034,0.47910902047592696,0.8485231002272153,1.0243082492888544,2.782871241680055,0.041592886415389066,0.18101489522847766,38.64041546451241,0.24114554510237962,Healthcare
2006-12-31,PFE,2006,Q4,USD,0.8240895024994049,0.20606204871855907,0.3065936681742442,0.20606204871855907,0.13599936523050069,0.11814647306196938,0.7496627787034833,0.7496627787034833,1.272259236826166,1.098068350668648,0.3627884143348061,0.7577561327561327,0.10974685859087228,2.1950067791855625,1.9092991724718313,0.24644081050622138,0.08541773808967226,4.6401526778154105,0.02627556335630413,0.02627556335630413,2.457477087362314,13.914199000238039,45.38319099378882,39.17798257372654,0.06948979858408004,0.11183048852266039,0.10058231868713605,0.07211588473941538,1.6093079963003447,0.5409825510269783,0.20926644536911496,0.3551535348726494,0.8632707774798928,1.4958915365653245,0.0,1.838948233360723,0.5609022556390978,7.313725490196078,1.9293103448275861,0.18077900084674006,0.009739927401044646,0.9739927401044647,1.7643847123057539,1.3226935461290774,1.1171776564468712,3.879742405151897,9.989920201595968,3.658406831863363,9.989920201595968,0.626627467450651,0.08567828643427132,0.5409491810163797,5.512252042007002,0.6599922988063149,2.457477087362314,0.0455062181852086,0.13010501750291714,46.97558229813664,0.2391152176956461,Healthcare
2007-04-01,PFE,2007,Q1,USD,0.8487253487253488,0.38047138047138046,0.48236331569664903,0.38047138047138046,0.32491582491582494,0.2694404361071028,0.2718454385121052,0.2718454385121052,1.1426215993404782,0.9263622974963182,0.3314014752370917,0.7568715490564893,0.11290424771231773,3.182993759867679,2.754905646192016,0.12270035530990919,0.1873543342605819,12.486362429961664,-0.19795452632866053,-0.19795452632866053,2.3364559651252623,13.577442680776015,185.30089715536104,136.2550442477876,0.06706009069268576,0.10221002096898797,0.09273189231135086,0.06175332323742218,1.5241557223264541,0.4569565535936699,0.09345162017893391,0.09964726631393298,0.7353177795655672,2.0197119029567854,0.0,0.47119029567854437,0.16776892968011878,3.778115501519757,0.5264718339686574,0.5992332645237393,0.01199775490830397,1.1997754908303968,1.7691107644305772,0.48092469153311584,1.0507729400085095,3.186782016735215,10.280527584739753,3.981846546589136,10.280527584739753,0.17628705148205928,0.04666004822011062,0.12962700326194865,0.8366641993584999,0.8539823008849557,2.3364559651252623,0.0437457510411536,0.1699975326918332,28.964936014625227,0.28818607289746134,Healthcare
2007-07-01,PFE,2007,Q2,USD,0.8097257307831108,0.19695055936485023,0.326957776975821,0.19695055936485023,0.14606640202093107,0.12134608444604836,0.1142186936124143,0.1142186936124143,1.104314038059181,1.143089430894309,0.367806069061737,0.6800834458215732,0.10039582257728503,2.7498678646934462,2.3710359408033828,0.06398165874872959,0.14125264270613108,33.55069905213271,-0.5368111848341233,-0.5368111848341233,2.4950911974623318,15.328468062071455,52.48709916589435,46.35763710777627,0.07435486354537467,0.120553940141569,0.10758423653067375,0.07820389598083145,1.6213322759714512,0.3992651561543172,0.24213794926004228,0.33065680259833996,0.8832196452933151,1.3782894736842106,0.0,1.5069901315789473,0.4464612011207212,8.563084112149532,1.5045155993431856,1.5860979462875198,0.011818665416054103,1.1818665416054104,1.5911570485213895,0.181739879414298,1.1784381280505312,3.1945162216480045,9.775193798449612,3.475021533161068,9.775193798449612,0.5261269020958943,0.0614412862474878,0.46468561584840656,0.781964175416924,0.7416399450297756,2.4950911974623318,0.048316446414535925,0.16800494132180357,48.5573233995585,0.2882572494975596,Healthcare
2007-09-30,PFE,2007,Q3,USD,0.6148457047539616,0.06930775646371977,0.18373644703919934,0.06930775646371977,0.0530442035029191,0.06638865721434528,0.0633861551292744,0.0633861551292744,1.1453954910202522,2.009573542210618,0.8863723608445297,0.7630138729795087,0.10996973310098138,2.9201563372417643,2.556532663316583,0.05025931164545026,0.18223059743160247,53.28125,-1.370089285714286,-1.370089285714286,2.4316919381474253,13.509174311926605,38.41000711406213,34.62483967507482,0.07966614693203705,0.13040084071460742,0.11535805354866129,0.08315095456359857,1.6368413151178502,0.4440905218711804,0.32649357900614184,0.3901584653878232,0.9014536126549808,0.8937618147448015,0.0,1.7686200378071835,0.538567810269399,10.147505422993492,1.9156429156429156,2.606578947368421,0.012230282450995524,1.2230282450995524,1.744,0.11054545454545454,1.2634181818181818,3.2433454545454548,9.688727272727272,3.549381818181818,9.688727272727272,0.6804363636363636,0.06705454545454545,0.6133818181818181,1.1949685534591195,0.7653429602888087,2.4316919381474253,0.05362555949992283,-0.2531446540880503,76.28234226055379,0.28814545454545454,Healthcare
2007-12-31,PFE,2007,Q4,USD,0.796037296037296,0.20015540015540015,0.2868686868686869,0.20015540015540015,0.23076923076923078,0.21064491064491064,0.21157731157731158,0.21157731157731158,1.2304015296367112,1.1563876651982379,0.495096190116937,0.81797381466887,0.11165284380747476,2.1455919395465997,1.9027707808564231,0.07655950861518826,0.15598809251202198,13.406426735218508,0.05085196347841502,0.05085196347841502,2.2461590524534687,11.345982905982906,47.0282769726248,38.76368462967879,0.11398653572543985,0.2021073680972158,0.16812755121626635,0.10112825618052099,1.7730810644516228,0.49004302631077945,0.17252118158919166,0.2926961926961927,0.8242633395274754,0.5955364806866953,0.0,0.646695278969957,0.2867037065225664,5.690332326283988,1.4399847094801224,0.7175908923980904,0.013381471934519815,1.3381471934519815,1.8993506493506493,0.4018595041322314,1.9390495867768596,3.7595926800472257,9.610979929161747,3.4303423848878394,9.594155844155845,0.5559327036599764,0.09769775678866588,0.4582349468713105,0.9168350168350168,1.1529503105590062,2.2461590524534687,0.08997909915437863,0.07508417508417509,42.1873781148429,0.28837072018890203,Healthcare
2008-03-30,PFE,2008,Q1,USD,0.8323767724510466,0.32072923700202566,0.4462356515867657,0.2811444969615125,0.30021944632005404,0.23582039162727886,0.2349763673193788,0.2349763673193788,1.0570077616201268,1.040335254059717,0.38578088578088576,0.7702008710914646,0.09994095318431041,2.3526888663407433,2.1152568951203765,0.08376152186703276,0.0928419887464256,12.006264367816092,4.802505747126454,4.802505747126454,1.9832054229645342,11.284753544902093,47.95615494978479,40.87488841332926,0.14383804301982286,0.25293323642404736,0.20187287643987736,0.10776866066701958,1.75845854903066,0.43604512080672764,0.15086246656212526,0.2760803511141121,0.8523387343320086,0.5078011000112246,0.0,0.3671568077225278,0.19182500586441473,6.772256728778468,1.247996947729874,0.7679597701149425,0.0159908141822516,1.5990814182251603,1.7581243507938864,0.41311767324528864,2.5303457486273926,4.248108027897314,10.025226294702478,3.8741653064252857,10.004006529158628,0.4853835880694465,0.07167235494880546,0.41371123312064106,0.7826820354231093,1.0678474932452717,1.9832054229645342,0.12753758813646132,0.21450660669103178,28.133300548515226,0.3172577533758718,Healthcare
2008-06-29,PFE,2008,Q2,USD,0.8112787534009399,0.2631709126885976,0.3644983098359304,0.2233489982686124,0.23002720751916894,0.22796603182455272,0.22887294913018386,0.22887294913018386,1.1838945827232796,1.187240663900415,0.42913385826771655,0.8126633165829146,0.10409818478307514,2.0976587763549346,1.8676755917733798,0.08042653171877824,0.035355495192514984,10.039798270893371,0.0,0.0,1.6746822094368248,9.191352955725945,23.938569894782045,22.110654502181674,0.1432776895678668,0.2507773888747014,0.20049721965338746,0.09816432974327712,1.7502891736393817,0.4427692700823188,0.2173931789764153,0.4156979140901971,0.9236414121380404,0.4652836579170195,0.0,0.5336579170194751,0.30202467952557804,13.096103896103896,1.997622820919176,0.7705331412103746,0.019186967716379483,1.9186967716379482,1.8016934046345812,0.41235888294711825,2.4797979797979797,3.8887403446226974,9.910576351752823,3.7342543077837194,9.888443256090316,0.7489601901366607,0.05718954248366013,0.6917706476530006,0.9949820788530466,1.0299003322259137,1.6746822094368248,0.14974625481871862,0.008960573476702509,28.80703913141823,0.3177361853832442,Healthcare
2008-09-28,PFE,2008,Q3,USD,0.8227678944291322,0.31921824104234525,0.4191096634093377,0.21055708677858515,0.22734485926668338,0.1886745176647457,0.19026142153177983,0.19026142153177983,1.113767441860465,1.2868405093996362,0.44319131161236425,0.835403293329612,0.10388810315056964,2.2428033297679395,2.0201367251081246,0.07274173960383601,0.058829000604566806,12.33451931518876,-0.7224504170324848,-0.7224504170324848,1.6691488824534046,9.387132715276037,32.371008064516126,28.43930668016194,0.141823356384871,0.2427415162991015,0.19532743785850862,0.09601675460147409,1.711576446127571,0.4588938714499253,0.1837883086081012,0.3300760043431053,0.8785425101214575,0.49548569563798545,0.0,0.42989230936582185,0.24178647904557968,8.233333333333333,1.5130168453292496,0.935908691834943,0.018969298030983305,1.8969298030983306,1.782226853230128,0.33908901458767493,2.4330157785055078,3.8727299791604644,10.04629353974397,4.042869901756475,10.023072342959214,0.5882703185471867,0.0714498362607919,0.5168204822863948,0.8368846436443791,1.0797302657675525,1.6691488824534046,0.14542831909775897,0.17009551800146952,25.40297728178557,0.3173563560583507,Healthcare
2008-12-31,PFE,2008,Q4,USD,0.8610886116960959,0.3291754414385226,0.4245909606350235,0.3291754414385226,0.05062368378422161,0.018305524056374534,0.02154543981856472,0.02154543981856472,1.2621140870987528,0.9794403198172473,0.3914631362702579,0.929178896665914,0.11107712239536474,1.594875782146692,1.4326705912843867,0.027037147992810064,0.07856640379132881,106.01054511278194,-1.1966661798919607,-1.1966661798919607,1.9597473764681352,9.136175279442735,20.07032384341637,18.884182153021932,0.15549537553532228,0.30028146500799224,0.2309357420596213,0.1215372639997558,1.931127944957954,0.5770372274543712,0.2211485060535377,0.4838004211890491,0.9409007199062448,0.5201716738197425,0.0,0.6408798283261803,0.34559972227043917,16.92067988668555,2.4036217303822935,8.015037593984962,0.01890151018810904,1.8901510188109036,1.837749330157785,0.03959511759452218,2.5726406668651385,3.532450133968443,8.594819886871093,2.761982732956237,8.567430782971122,0.8891038999702292,0.05254540041679071,0.8365584995534385,0.4256,0.15378937007874016,1.9597473764681352,0.1532245781337188,0.6304,24.40980923311713,0.3173563560583507,Healthcare
2009-03-29,PFE,2009,Q1,USD,0.8704334222876599,0.40093862151467746,0.49369651237692097,0.3956933836385387,0.34995859022729364,0.2511272660347842,0.2511272660347842,0.2511272660347842,1.1324510212588579,0.8951048951048951,0.3158366980708838,0.8400587507730365,0.08839846419158559,2.3244644387317908,2.1334618680377035,0.05291962042534125,0.05342759211653813,8.000345364602419,0.008362429960845201,0.008362429960845201,1.4493696788648245,8.036419434986657,30.17683828610919,27.75080076263108,0.2883464028894023,0.5882831300307029,0.37038933355624754,0.2590292551556217,2.0401958343705915,0.46262239250744996,0.13483290488431876,0.2895923437931352,0.9196059739434382,0.563641140154998,0.0,0.4133718639169841,0.08878043275876661,12.438735177865613,1.3189438390611903,0.7816049835104434,0.024424101332195605,2.4424101332195605,1.6163914918934998,0.4059199762011007,5.272497396995389,5.065000743715603,8.990182954038376,3.2777034062174626,8.96251673360107,0.4680946006247211,0.03763200951955972,0.4304625911051614,0.7175913752300815,0.8844186046511628,1.4493696788648245,0.3283684734661853,0.28240862476991846,22.6527064305685,0.3172690763052209,Healthcare
2009-06-28,PFE,2009,Q2,USD,0.8401310997815004,0.32592862345229423,0.41751638747268754,0.32592862345229423,0.27758557902403497,0.20602694828841953,0.2058448652585579,0.2058448652585579,1.051502967643117,0.6766859344894027,0.35169236931704384,0.8324996210398666,0.07882932990763533,2.7404343329886247,2.549197594699146,0.03736991485335856,0.08594737446857406,10.764502432551968,-0.6304922853351869,-0.6304922853351869,1.5442991069304104,8.863270211216314,22.933842167255595,21.56715994683208,0.33399120131477905,0.7382179851207944,0.42469816296918206,0.33574627258837786,2.21029171491569,0.28771249705319957,0.17289057413152553,0.4109613983976693,0.9404076207354896,0.4970568999345978,0.0,0.5904512753433617,0.0969960032661481,16.780669144981413,3.37874251497006,0.47191508182220254,0.010959983630899799,1.0959983630899799,1.6325802615933414,0.33605826397146255,6.917063020214031,7.379161712247325,9.398781212841856,3.690546967895363,9.369946492271106,0.6709274673008323,0.03998216409036861,0.6309453032104637,0.741554608068219,0.8516759776536312,1.5442991069304104,0.4058275475850236,0.25778943916038044,30.88708242477104,0.1585909631391201,Healthcare
2009-09-27,PFE,2009,Q3,USD,0.8460545564065055,0.3734618363307805,0.42603906720592033,0.3720850185009896,0.34170897513122794,0.2477411582479993,0.2476551071336374,0.2476551071336374,1.0245085074495284,0.7210802095929061,0.35369711348359034,0.8821832536248387,0.0822469460840517,3.0753584528176057,2.864538179393131,0.046266190501572414,0.1764754918306102,9.184181723419043,0.3469579762180528,0.3469579762180528,1.5981422978671946,9.098038034592548,27.533411458333333,25.781102170202395,0.32697071354763824,0.6983236845685263,0.411184093417352,0.37233638830382726,2.135737714829874,0.24405405689204374,0.17093197732577525,0.35289561999827895,0.936356986100951,0.5269698211115663,11.718157181571815,0.589732528041415,0.08876815515487348,15.71264367816092,3.0857787810383748,0.37109103544127864,0.010101363589502525,1.0101363589502526,1.7267459138187222,0.4276374442793462,6.919465081723626,7.796879643387816,9.843982169390788,4.209361069836553,9.830163447251115,0.6093610698365527,0.038781575037147104,0.5705794947994056,0.7247544699068245,0.9183626271970398,1.5981422978671946,0.4369596408908495,0.27499370435658527,29.831003837608563,0.1586924219910847,Healthcare
2009-12-31,PFE,2009,Q4,USD,0.7620487391909052,-0.009917155469553122,0.09735744089012517,0.20723226703755215,0.00024188184072080788,0.0458970792767733,0.04638084295821491,0.04638084295821491,1.0440025252525253,0.9004576659038902,0.3172619527533661,0.7259438103599649,0.077657091604093,1.6566823371390196,1.323492276695769,0.020742349166959176,0.05313633310946944,37.99767926988265,-0.5105938151890481,-0.5105938151890481,1.2950972071011175,7.049457579972183,26.476693163751985,24.161011398963726,0.22851480871006674,0.5406047948096963,0.35090426605901526,0.3242547313579617,2.365731997244873,0.4455190807818204,0.12961719274680994,0.2917699703694745,0.912538860103627,0.43243737429146095,0.0,0.8822453830682025,0.09915334347129177,11.433649289099526,2.834900117508813,1.66883963494133,0.010979878686065368,1.097987868606537,2.445578231292517,0.11342797988760722,7.196391600118308,3.8404318249038747,13.375628512274474,-2.9495711328009464,13.311742088139603,0.7135462880804496,0.06240757172434191,0.6511387163561076,191.75,0.0011672016340822876,1.2950972071011175,0.41742410673540076,-188.75,101.40427329192546,0.18929310854776693,Healthcare
2010-04-04,PFE,2010,Q1,USD,0.7429253731343284,0.2191641791044776,0.34161194029850744,0.2363582089552239,0.1897910447761194,0.12023880597014926,0.12095522388059701,0.12095522388059701,1.2306222907942106,1.4220607661822986,0.4249901302803,0.7736363216479608,0.08584768826269905,1.9254744638173122,1.5346397160931955,0.03270463006160086,0.06785218330504551,15.93499753208292,0.12520355203779435,0.12520355203779435,1.4403151942359385,7.709684776119403,-19.375426856714178,-20.30459433962264,0.2360170772834204,0.5136126880737014,0.33932900544547523,0.29921056745349384,2.176167479003781,0.6916200425294713,-0.2453325104150594,-0.37970149253731345,1.0479559748427674,0.5519237727656495,7.584291187739463,-0.818638177371605,-0.13811074918566776,-20.852459016393443,-3.642611683848797,0.711253701875617,0.011158672921718463,1.1158672921718464,2.077905967001613,0.2513335814415085,5.777446966877559,2.141421659843692,11.175040317578464,-2.11462597692594,11.122565438531199,-0.7889839970227019,0.037836496712566677,-0.8268204937352686,0.6373073293488518,0.802980550644102,1.4403151942359385,0.35659742404242556,0.36049072035231206,30.309021321216356,0.17876194020592978,Healthcare
2010-07-04,PFE,2010,Q2,USD,0.780977664916027,0.249033300629076,0.37675304438160095,0.29612743117677615,0.22935303283892192,0.14162867201477464,0.14284065331563456,0.14284065331563456,1.2365829289180703,1.232943469785575,0.3990116706970876,0.8645776158874308,0.09068356788837657,2.0704590575746527,1.6851019002471537,0.037257781232904325,0.07605040314411896,10.890545454545455,0.45377272727272727,0.45377272727272727,1.2473119772324992,6.222450510763548,23.9592,22.125261645803405,0.22648125565889118,0.5006305024352433,0.3336134388997248,0.30405623007310556,2.210472124851051,0.6874156946758708,0.1974393257971719,0.2812373751947827,0.9234557767289144,0.854526958290946,13.190231362467866,0.8845525503721183,0.11260803253685817,13.064343163538874,2.528801245459263,0.6278787878787879,0.01441339165470188,1.441339165470188,2.15349241859309,0.3076062639821029,5.426671638081034,2.3947303007705694,10.797663435247328,-2.2986577181208054,10.74310216256525,0.6056425553069849,0.04635843897588864,0.5592841163310962,0.6227981882234525,0.774507893198207,1.2473119772324992,0.40136750995210374,0.3744338198288878,22.85744485294118,0.1931394481730052,Healthcare
2010-10-03,PFE,2010,Q3,USD,0.7590748871436522,0.11384577329787891,0.25168511532991156,0.1401892276297075,0.08904829633294169,0.05293426504235978,0.05355265598911632,0.05355265598911632,1.1306810236330582,1.2152214597629445,0.44419108425493103,0.831413881748072,0.08448136248465377,2.237671686248552,1.8748138341883172,0.01956515428604604,0.09002151249379448,37.12255773672055,-0.5753996449191685,-0.5753996449191685,1.4673650938551948,7.952046255642817,20.10829397967162,19.241738740086788,0.23074471697620352,0.5039995435613625,0.33510618119466173,0.3080263729322121,2.1842300450733156,0.5740809769778299,0.2764769154393513,0.41327066971739534,0.9569055813257519,0.627640529896169,5.296728971962617,1.2956572314850718,0.15130863973917769,23.20486111111111,3.637996733805117,1.7886836027713626,0.012045799857441187,1.2045799857441186,2.0145758066525477,0.1078858851376604,5.555749345957394,2.798554877289149,10.971471284415099,-1.787218138781612,10.91752834184627,0.8325650928117603,0.03587890868319422,0.7966861841285661,0.6013888888888889,0.635200705778562,1.4673650938551948,0.34347249070591496,0.39166666666666666,41.91266339066339,0.1929737137162078,Healthcare
2010-12-31,PFE,2010,Q4,USD,0.7561642275496839,0.07340128694265702,0.25380103638744944,0.13427481350720347,0.04720687887933489,0.16530949262570468,0.16456921587608905,0.16456921587608905,1.1645997745208567,1.0635866865375063,0.5094586555621654,0.9183182555038435,0.09004994513214436,2.113600615191024,1.8198119472893146,0.04575218503217829,0.06064525149428501,11.500813148788929,0.05060357785467129,0.05060357785467129,1.5140058988987963,7.570719207334435,23.27953073016985,21.244710770214127,0.2257940455557037,0.5014405611925341,0.33397296846320706,0.3043027023601087,2.2207873549474453,0.5685379435379435,0.21874235380474677,0.3563578383918911,0.9125918823905401,1.0736478711162256,5.126086956521739,1.1129290414369553,0.14212068221561103,11.440585009140769,2.9928263988522237,0.5342560553633218,0.01161344090308042,1.1613440903080419,2.1926582594581094,0.36084405044325135,5.555375202896741,3.497565239106006,11.020726682482207,-1.6531402172555876,10.964290173554751,0.7813709576726183,0.06829816456486452,0.7130727931077537,3.4861278648974667,0.3515691263782867,1.5140058988987963,0.3312011938376555,-2.5018094089264173,39.31958716625533,0.19278311899113498,Healthcare
2011-04-03,PFE,2011,Q1,USD,0.7762089443703794,0.2167010059386741,0.3442007029450976,0.2645133923160829,0.18894679432796024,0.1347715428432917,0.13465034541267726,0.13465034541267726,1.0869450665261493,0.9848,0.4361639305539152,0.8762278978388998,0.08464474035166909,1.9966404991258442,1.7063864797230126,0.03445601064899495,0.025024853450344522,17.485321782178218,-0.7868394801980202,-0.7868394801980202,1.7254881366094128,9.417618470488426,35.38468579234973,33.47900473933649,0.21236073780750528,0.4596689131424384,0.3149131347552256,0.28161914257228315,2.164566378362774,0.5416529902186044,0.15913064344725927,0.28129923645618715,0.9461439034898751,0.7305754846588307,9.530567685589519,0.7618578696865255,0.11212289558223232,18.568,2.5214557305812058,0.716021602160216,0.010237466760406086,1.0237466760406084,2.067401653720872,0.2783763467802556,5.244174392382861,3.007892758707091,11.342144825858181,-1.6057379102981708,11.283763467802556,0.5815585066399399,0.03132047105988474,0.5502380355800551,0.7126363053239256,0.7143184421534937,1.7254881366094128,0.26639934717006436,0.286722257857601,34.521221830985915,0.19932347782510648,Healthcare
2011-07-03,PFE,2011,Q2,USD,0.7759656146961846,0.22874470089495996,0.36116344795101274,0.26189354686764016,0.2167922750824305,0.1484338200659444,0.1536740461610928,0.1536740461610928,1.1179568193786202,1.0289345592212007,0.4425962545073863,0.9290520212242219,0.08669773709921949,1.9849693150864756,1.7028322011092514,0.037452307922495695,0.10160480456827803,14.837284482758623,0.8308879310344827,0.8308879310344827,1.7506724607542865,9.120422162034856,27.96051444043321,26.2633519837233,0.21292094395581396,0.47141194154677274,0.32038066855106306,0.2876155357315384,2.2140233496456867,0.574890837084927,0.19356109087328935,0.3472680169571361,0.9393014581213971,0.7884856070087609,11.009900990099009,0.9849699398797596,0.14140154875212774,16.47486033519553,3.0623052959501558,0.6007662835249042,0.010122578094108341,1.0122578094108343,2.156698412698413,0.3314285714285714,5.347936507936508,3.236063492063492,11.296888888888889,-1.6765714285714286,11.23568253968254,0.7489523809523809,0.04546031746031746,0.7034920634920635,0.7088538837588267,0.8277877697841727,1.7506724607542865,0.2692747799000976,0.2971211298207496,31.5481333550701,0.1991111111111111,Healthcare
2011-10-02,PFE,2011,Q3,USD,0.7860175652881987,0.23055894840923633,0.35939044960158206,0.29564357587390216,0.2134008026522422,0.13522945384749607,0.21741406386320014,0.21741406386320014,1.0916883611657884,0.9771580345285524,0.4366247329693805,0.9702048417132216,0.08766035119205433,2.252010338885698,1.9495261344055141,0.04862597299293574,0.1330413555427915,8.538061797752809,0.18783735955056186,0.18783735955056186,1.4177163037080633,7.425178851858314,32.0354077791719,28.758977247127735,0.2092264393367732,0.455717569713594,0.3130535614839453,0.28218516333721283,2.178106988572634,0.5299203254788948,0.15935525560022976,0.25818647123829463,0.8977247127731471,0.8158415841584158,12.016548463356974,0.7874756075926912,0.10817331123891218,9.777533039647578,2.2139650872817955,0.41492776886035315,0.012149354815209958,1.2149354815209958,2.2127413127413127,0.4810810810810811,5.335778635778635,3.7275418275418275,11.651222651222652,-1.3482625482625483,11.58906048906049,0.5712998712998713,0.05842985842985843,0.5128700128700129,1.01880621422731,0.7218178241196144,1.4177163037080633,0.3214448254010031,0.33660397928590896,26.701909694125263,0.1996138996138996,Healthcare
2011-12-31,PFE,2011,Q4,USD,0.7666308372148573,0.16057565985907082,0.3602054221903738,0.25552370715394723,0.1369282216648752,0.08915561925235878,0.08593096858951392,0.08593096858951392,0.7463232017113824,1.0625339858618814,0.5030248423220491,0.9886645412681544,0.08907352049446282,2.056646122056361,1.7798639068010973,0.027101659691974835,0.12608215469022765,27.20532487838777,-0.4502950324698666,-0.4502950324698666,1.9052664557732086,9.351119670369043,33.5822110229466,29.765035164417412,0.20717332794331975,0.4738897676116316,0.3215232088757543,0.29824711196113424,2.287407227156588,0.5189742000464864,0.18743097367202252,0.3141645766153111,0.886333396692644,1.1853194381513366,10.805555555555555,1.3093578894972624,0.13507407122134074,8.797658862876254,2.4792648444863334,1.0590687977762334,0.009732182968871381,0.9732182968871382,2.193320235756385,0.18847413228552717,5.153241650294696,3.504649639816634,10.82134905042567,-2.1321545514079894,10.76489849377865,0.6890635232481991,0.07832351015062214,0.610740013097577,0.6275621456607064,0.5358728674924048,1.9052664557732086,0.24872624308042748,0.34888791975577843,31.83087698938992,0.19960707269155206,Healthcare
2012-04-01,PFE,2012,Q1,USD,0.8069457968192145,0.1833820188250568,0.327555988315482,0.3119766309639727,0.16572541382667966,0.11191171697500811,0.11645569620253164,0.11645569620253164,1.0862360738964885,0.962148172112585,0.4136875782445403,0.9513957509881423,0.08296397623907412,2.0249132649295047,1.7595777662951206,0.03150795051271494,0.10828965822691371,22.4870638238573,0.8545084253065777,0.8545084253065777,1.9382046939559912,10.474986692632262,64.03459126984127,58.17129416005768,0.21040698394575702,0.46926347650619776,0.3193868792152054,0.28718567795957156,2.230265686557125,0.5364978756007522,0.10238429172510519,0.1800714053878611,0.9084354722422494,0.7261663286004056,12.323076923076924,0.5019905899384727,0.07100258516982774,10.921259842519685,1.4569327731092436,0.919732441471572,0.010225128196770137,1.0225128196770137,2.043916677723232,0.2380257396842245,5.235372163990978,3.1805758259254344,11.102162664189995,-1.907390208305692,11.046304895847154,0.36805094865331034,0.03370041130423245,0.3343505373490779,0.7027027027027027,0.531210986267166,1.9382046939559912,0.24211244455734088,0.2937720329024677,39.14034284581847,0.21891999469284862,Healthcare
2012-07-01,PFE,2012,Q2,USD,0.8172278674370724,0.30271634455734875,0.41369462708374843,0.3545194925948064,0.29780168692302583,0.19924287706714486,0.21604569303314072,0.21604569303314072,1.1688402421984163,0.8695102685624012,0.3930867018997286,1.0203984819734346,0.08234978834184706,1.9080784466523801,1.6807584908110915,0.04416753336378923,0.09841548152477433,12.525115278204735,0.1503013833384568,0.1503013833384568,2.048811394521478,10.823988842398885,43.728682586530724,40.5314100969908,0.2109526257643211,0.4848831508416408,0.3265463350209113,0.2795634651089073,2.2985404854991387,0.5402971149705755,0.13056042600168843,0.2670518695623298,0.926883859736384,0.6176838419209605,18.218430034129693,0.5220044138647281,0.10424930647377563,13.67687074829932,2.0866632070576023,0.5019981555487243,0.010019831043436856,1.0019831043436855,2.014044943820225,0.43512573568753343,5.198501872659176,3.251203852327448,10.69569288389513,-1.7397003745318351,10.64031567683253,0.5378544676297485,0.03932584269662921,0.49852862493311934,0.7254683318465656,0.8400149868864744,2.048811394521478,0.2366655867583607,0.28768956289027653,31.86977042864023,0.21843231674692348,Healthcare
2012-09-30,PFE,2012,Q3,USD,0.809315970234688,0.2280337721808815,0.34652261018889524,0.30445048654836865,0.21400973096737264,0.2138666285060103,0.22946479679450488,0.22953634802518602,1.1160265112193564,0.8982136838557465,0.3545769026077701,0.9568670409420786,0.07653762534021895,1.9610380694105936,1.7030311352167793,0.04413462303956691,0.15468058082455116,13.75555659494855,-6.052444901777367,-6.052444901777367,2.1597282841511327,12.625663995420721,37.4006528189911,35.270093943633825,0.21279497050979448,0.4755884116862294,0.3223042468480425,0.2755927154079407,2.2349607725542513,0.49947286600075047,0.1717414438227318,0.3579708070978821,0.9430341794923046,0.6083864639529181,11.138743455497382,0.6435554412143041,0.1287541498314332,17.55438596491228,2.6098069900886802,0.5088868101028999,0.009248749888640972,0.9248749888640971,1.879505110274341,0.43128025820333515,5.276896180742335,3.088757396449704,11.042899408284024,-1.2727272727272727,10.987493275954815,0.6728079612694997,0.03832705755782679,0.634480903711673,1.0722166499498496,0.7029377203290247,2.1597282841511327,0.22020752109247685,-0.03978602474088933,43.52824282469544,0.21947283485745026,Healthcare
2012-12-31,PFE,2012,Q4,USD,0.7894876559596495,0.16876825059729228,0.38067427661268916,0.24615078311653835,0.1440138040881338,0.09888505441996283,0.41910007963897,0.41910007963897,1.4115222482435597,1.0859294762067786,0.44910094860540845,1.0419749671530323,0.08109882775917933,2.1459519899367554,1.8991579020930152,0.07252208989627353,0.3630105873720256,6.887277513855898,0.06887277513855898,0.06887277513855898,2.1409380999261627,11.545834218210778,36.53352162956741,33.099815449010656,0.20161680965349466,0.46098941668717697,0.3155323450134771,0.2763767186720809,2.2864632045286735,0.49572312146335046,0.1836542157308082,0.3488186886116273,0.9060121765601218,0.743857584228336,9.943699731903486,0.8181818181818182,0.1403096636412173,10.639676113360323,2.487458589682915,0.25637371338083925,0.00930606153393209,0.9306061533932091,2.0587511955185134,0.8628227899986337,5.169148790818418,4.468916518650089,11.159721273398006,-1.2306326000819785,11.10260964612652,0.7181308921983878,0.0674955595026643,0.6506353326957235,2.910138248847926,0.5850633593960636,2.1409380999261627,0.21532122610320945,0.31336405529953915,35.049447350069734,0.2212050826615658,Healthcare
2013-03-31,PFE,2013,Q1,USD,0.8035555555555556,0.3034074074074074,0.4348148148148148,0.31325925925925924,0.29044444444444445,0.19377777777777777,0.2037037037037037,0.2037037037037037,1.0600706713780919,0.8087831655992681,0.37697228144989336,0.967741935483871,0.07203918931898953,2.351341538684965,2.095922738989943,0.038098516797199986,0.07747885125077152,17.86296181818182,-0.3200447325757576,-0.3200447325757576,2.388967537993921,14.555005925925926,96.36713094654242,87.68075858991523,0.2154612108987289,0.4909057750759878,0.32926680094922,0.27680227906199717,2.2783951367781157,0.38562614259597805,0.08136368587299858,0.166,0.9098616688978135,0.5071605470011844,10.815856777493606,0.2519109712230216,0.055501894642989824,11.094059405940595,1.1569437274135261,0.6309090909090909,0.00882984996176446,0.882984996176446,1.878391540281063,0.3826353137609573,5.6724641714206205,4.918046472798108,11.524558230137748,-0.7004313343536942,11.444274384304995,0.31181299568665644,0.028106303047168497,0.28370669263948795,0.7013516959959194,0.9271695436273351,2.388967537993921,0.20548867545023838,0.29584289722009693,39.98902555366269,0.24140809795464033,Healthcare
2013-06-30,PFE,2013,Q2,USD,0.8271795267093194,0.4403761658829877,0.4473136514298929,0.3249826562861327,0.41293455638634086,0.2755723425576197,1.0867956525090572,1.0867956525090572,1.1258352859498395,1.1334681496461072,0.3568927093282394,1.0425942296873745,0.07233947639891823,2.6198294243070364,2.3519402985074627,0.15184638992407182,0.10388059701492537,3.287748421873891,0.007712002471062213,0.007712002471062213,2.3605721415203633,14.292442765744237,52.66,48.41145169712794,0.20490144143641786,0.4678218136911658,0.3187183957395505,0.28644882311794256,2.283155308286758,0.34500365667176386,0.16332622601279317,0.29522855160718414,0.9193211488250653,0.721903052064632,11.842696629213483,0.7345607978519371,0.10422903173134491,12.394822006472491,1.9054726368159205,0.12064685438683595,0.00917397249620394,0.9173972496203939,1.8422323203635331,2.0021300766827608,5.268673672252201,4.787134336836126,11.215137744958819,-0.7426867367225221,11.154075546719682,0.5438795796648679,0.04387957966486793,0.5,2.631883516893784,1.2706356736242885,2.3605721415203633,0.19818153635832447,0.3326488706365503,37.86418404273652,0.2415506958250497,Healthcare
2013-09-29,PFE,2013,Q3,USD,0.8191093885944791,0.3094993276912125,0.4298030530728466,0.3335442537372459,0.2826069761923594,0.20469825199715258,0.20509372775448864,0.20509372775448864,1.1118635124439362,1.0,0.35282320271521134,1.0229792054373332,0.07203126691393053,2.920532076768272,2.6023658764050457,0.03818168719832865,0.10072154321896627,17.2773457385268,-0.21462541290095405,-0.21462541290095405,2.2983574241044518,14.173900972870364,31.82959680284192,30.33186018957346,0.20823719099139135,0.4687760520206749,0.31916101258306484,0.2897769195033749,2.25116392412369,0.3279126465400975,0.2899916556226378,0.46729415486830655,0.9529451591062965,0.8761323355651831,12.402941176470588,1.2469396369776278,0.16164158686730506,21.25179856115108,3.1627408993576016,0.6131893559583494,0.008872736663928023,0.8872736663928024,1.9211366053791217,0.3940130679228081,5.605531074304817,5.117611305272755,11.906093298890745,-0.6982221546877374,11.847591551435952,0.897735906397204,0.04224282024008509,0.8554930861571189,0.7257206828995242,0.8472847996205833,2.2983574241044518,0.20396133651985487,0.2756787013713966,39.32621089436879,0.24160461935876007,Healthcare
2013-12-31,PFE,2013,Q4,USD,0.7939224074347249,0.25136450803953386,0.3841274524266116,0.27127894969759553,0.2257707626493583,0.19405517037911196,0.18933471013423808,0.1894822245168904,1.4489686865448328,0.8639455782312925,0.45313006811547196,1.0936516899249817,0.07877932144496545,2.4070872207480956,2.1431995206710606,0.03864643227448393,0.09342634597278096,18.22211920529801,7.106626490066188,7.106626490066188,2.4519994233818654,13.80031863106653,36.61540508806262,32.337490494296574,0.2120208482228459,0.47818679806570824,0.32349551402532006,0.2873167086952461,2.255376308857641,0.376584959377821,0.24762475391594624,0.4267591090131288,0.8831662633944003,0.7496077816128021,10.59942363112392,0.9600132736021237,0.15856833566280248,8.559171597633137,2.5946188340807175,0.6053759252045189,0.008305509342575644,0.8305509342575644,2.104299239484712,0.39841688654353563,5.71721247865901,5.029954989911532,11.891975787676548,-0.8201148533291944,11.843395933571317,0.8980288685395003,0.1049200682911687,0.7931088002483315,0.8386148317543286,0.8322457857531267,2.4519994233818654,0.19662785631490215,0.14047696831100948,42.51357910906298,0.24119199130839672,Healthcare
2014-03-30,PFE,2014,Q1,USD,0.8198713996300537,0.27904518629437153,0.4072932264599665,0.23641328283273144,0.25077072139522594,0.1995067383070554,0.2051440147978508,0.2051440147978508,1.2078944568571124,0.8032207384131972,0.33712495878667986,0.9194946140762938,0.06607957720245856,2.3313029447357807,2.0866075030254136,0.03676125453381694,0.1154497781363453,20.882895019321598,-2.088289501932158,-2.088289501932158,2.5015758206997645,17.136003699462698,73.77514220705346,66.28451448040886,0.21517042279754145,0.47535650451979583,0.3221977217462545,0.2622796865810393,2.2092093250523988,0.3446517205264037,0.11839451391690198,0.2585219765700696,0.8984667802385009,0.41929460580912864,8.361370716510903,0.3149479557892478,0.07939298853062107,9.848993288590604,1.4974489795918366,0.7136109918419923,0.008543008418872648,0.8543008418872647,1.7769604006886837,0.3645327907340742,5.836437627171701,5.303020817029269,12.219126623884803,-0.39458444200970416,12.172327437783691,0.45938331507278135,0.04664266708405071,0.4127406479887306,0.8180540920266948,1.0607302533532041,2.5015758206997645,0.1900228250474633,0.20442571127502634,49.44875648788927,0.2601346063546721,Healthcare
2014-06-29,PFE,2014,Q2,USD,0.8072496672668911,0.34024896265560167,0.4222187426602991,0.3155875675252486,0.3133954435136616,0.22868550849448055,0.22790260706177093,0.2279808972050419,1.2295918367346939,0.8234113712374582,0.39398303728596573,1.048772477214878,0.07399833151808681,2.6568967089069195,2.372048500319081,0.040896545956343566,0.15525572066733523,15.389515630367573,0.5540225626932324,0.5540225626932324,2.3383597144833166,14.02924293431457,47.67106145251397,43.845245901639345,0.2191504646258661,0.493625461615753,0.3304881138553743,0.29629935720844813,2.2524499889081726,0.368352751182374,0.18629774819947123,0.31997181554842247,0.9197455346219721,0.7301829268292683,11.752186588921283,0.7349397590361446,0.10804166226075923,12.460365853658537,2.0579053373615306,0.5695637238062522,0.009252463454443503,0.9252463454443504,2.0058103015075375,0.4571293969849246,5.9941896984924625,5.347675879396985,12.084798994974875,-0.48131281407035176,12.03407663316583,0.6418027638190955,0.05150753768844221,0.5902952261306532,0.7272045965525855,0.9930538327958323,2.3383597144833166,0.2110990274756869,0.27029727704221834,39.6101464861858,0.2603643216080402,Healthcare
2014-09-28,PFE,2014,Q3,USD,0.8084297386942804,0.3179354421163336,0.4252083164792492,0.296335247957285,0.2901868780842974,0.21648733921203786,0.21567834317611845,0.21567834317611845,1.241687594173782,0.796501849983182,0.3726199842643588,1.02734375,0.0721338453099287,2.860793172690763,2.541767068273092,0.039094318535951085,0.12233935742971888,16.750993998499624,-1.9263643098274557,-1.9263643098274557,2.290513925219264,14.45130652859801,45.779753972321885,40.02522966614385,0.21623813914403428,0.47513720059496334,0.3220969550515894,0.2887810750177832,2.197286762065959,0.3367385855944208,0.22404618473895582,0.36105493083083895,0.8742997983419225,0.7580251221214236,10.67930029154519,0.8281684913713119,0.12044258534610713,7.955436720142602,2.018543645409317,0.6189047261815454,0.009236835829518241,0.9236835829518242,1.9527646129541865,0.4211690363349131,5.908056872037915,5.283728278041075,12.370458135860979,-0.12543443917851502,12.320379146919432,0.7050552922590837,0.08862559241706161,0.6164296998420221,0.7432394758851408,0.9792519792519793,2.290513925219264,0.207436940401696,0.253972679119041,40.57279299847793,0.26066350710900477,Healthcare
2014-12-31,PFE,2014,Q4,USD,0.7940997103216954,0.16435432230522945,0.2658179600548864,0.1735782893733801,0.1374447324287239,0.0958225339228541,0.09361183107180973,0.0935355999390151,1.5614807760980836,0.8414330218068535,0.476955677202896,1.1152865158986567,0.077495657927384,2.6675604456566964,2.405760251490916,0.022283209765288987,0.15454671536221165,37.85034201954398,-0.7225974385549306,-0.7225974385549306,2.6075494032341764,14.172959292575088,37.16930827668932,34.44254909225639,0.21670191523801646,0.5144668377722612,0.3397016196993971,0.30680160998658346,2.374076099914447,0.35871913369247177,0.24954925800933844,0.4114956548254307,0.9266394961096702,0.535493265380415,6.45042492917847,1.049990274265707,0.14715664358540972,13.631313131313131,2.6525798525798527,1.3346905537459284,0.008815577895285349,0.8815577895285349,2.0835451080050826,0.19504447268106734,5.882306226175349,5.7372935196950445,11.37579415501906,-0.8916772554002541,11.324809402795426,0.8573697585768743,0.06289707750952986,0.7944726810673444,0.6810870770937326,0.7918313570487484,2.6075494032341764,0.19738503819474176,0.30227398779811426,62.87923143102954,0.2603240152477764,Healthcare
2015-03-29,PFE,2015,Q1,USD,0.8308173784977909,0.3121318114874816,0.39736745213549335,0.2712628865979381,0.28368924889543445,0.2187039764359352,0.2186119293078056,0.2187039764359352,1.2179372197309417,0.6747430249632893,0.317663325267888,0.9424828663138718,0.06762948207171315,2.4450103847295024,2.1588863613885865,0.035624858951350306,0.17619424389279004,21.664793684210526,0.24071992982456145,0.24071992982456145,3.057998633067871,18.9447293814433,468.8281093394077,300.4606423357664,0.22363670318725098,0.5337721383573042,0.3480126708579953,0.30380453896600945,2.386782360632355,0.3327819640997366,0.0338739986153694,0.06305228276877761,0.6408759124087591,0.5260780885780886,9.537216828478964,0.10450038138825324,0.01906750173973556,2.7845528455284554,0.34181636726546905,0.7402105263157894,0.008541629072323692,0.8541629072323693,1.7514106077704337,0.3828792519748509,5.841367080444946,4.466870868934387,10.895856843462841,-1.3864259229405127,10.850233757859101,0.11043043688537804,0.0396582298887635,0.07077220699661455,0.7706035042180402,1.0458092975907702,3.057998633067871,0.17454950194722907,0.2290720311486048,55.17200370627751,0.2834112526197001,Healthcare
2015-06-28,PFE,2015,Q2,USD,0.8160803172192694,0.3220281785202059,0.423352737703535,0.3105542900531511,0.2985742006243145,0.22230658904918585,0.22154728760651313,0.22154728760651313,1.3242095855211709,0.7440273037542662,0.37612146307798483,1.0368264520643806,0.07367694774922612,2.142028745392039,1.9019591600049703,0.03733270720826485,0.15201093484653938,18.66932216298553,1.4188684843869006,1.4188684843869006,2.9315418423176967,16.54455074664642,51.24185001306506,47.94683618581907,0.21832071507602033,0.5250545639369749,0.3442857562955194,0.2854960853636393,2.4049690555206746,0.417410596376314,0.16940728161371826,0.345060322281279,0.9356968215158924,0.4742850553505535,13.241007194244604,0.4872527996187753,0.1164479116248612,15.551330798479087,2.057344064386318,0.6568926123381569,0.008796417548042208,0.8796417548042208,1.9245007306380906,0.42636791686962167,5.747848676733236,4.912485793148238,10.907614872544244,-1.2688748173404774,10.861178762786167,0.6640688423445364,0.042701737295015425,0.621367105049521,0.7420175190731845,0.9614235262157023,2.9315418423176967,0.1791052600231226,0.25572195535461995,45.34785970506178,0.2800779347296639,Healthcare
2015-09-27,PFE,2015,Q3,USD,0.8164143294448581,0.24613220815752462,0.42616033755274263,0.3258873169520973,0.22313229089103995,0.1762223876892529,0.1762223876892529,0.1762223876892529,1.2676455165180913,0.6736490588949605,0.28900755405053397,0.8825848849945236,0.07073922992737042,1.6161249775543185,1.3403842700664392,0.02956344042489614,0.11129466690608728,21.153633802816902,-1.1370078169014084,-1.1370078169014084,2.6965043837338043,14.910975428145942,38.35474781868483,35.87359872611465,0.22764489339661842,0.5819593644334061,0.3678725114673476,0.3031683643149807,2.5564349621472813,0.5404668216776963,0.18042736577482493,0.4156531811036651,0.9353105095541401,0.4540412044374009,14.16906474820144,0.5117131798737014,0.12916163200246805,15.458461538461538,2.4471505114466634,0.8112676056338028,0.009587804312913974,0.9587804312913973,1.9596303501945525,0.3453307392996109,6.35132944228275,3.3492217898832686,10.882619974059663,-3.7921530479896237,10.836251621271076,0.814526588845655,0.05269130998702983,0.7618352788586251,0.7897664071190211,0.6846915460776847,2.6965043837338043,0.215819921504291,0.21023359288097887,41.93883906037662,0.2801556420233463,Healthcare
2015-12-31,PFE,2015,Q4,USD,0.7572435395458105,-0.001352601979070264,0.23385776322346408,0.16095963550936143,-0.025201110557414395,-0.011817469922403361,-0.01224460738947818,-0.012173417811632377,1.7180772994129159,0.9419889502762431,0.4538799414348463,1.020412610780183,0.08388271826107727,1.4899826524711726,1.2344297425082487,0.007885850364037399,0.12384774992346678,-274.5994186046512,2.543260029415928,2.543260029415928,2.919103831891224,13.449448280771694,46.63648481856332,40.08580521960535,0.23276006210438313,0.6022558714462299,0.37587995911203687,0.30808869122709487,2.5874536464771323,0.8901492348151199,0.16031157522364706,0.3355164803872713,0.8595374496074687,0.3309194854692711,6.749253731343283,0.4638779527559055,0.1209143619477654,7.119335347432024,1.9711417816813048,-10.05232558139535,0.009151808871696827,0.9151808871696826,2.2751862649821835,-0.027858762552640103,6.3675089083252345,3.7722708130871396,10.527696793002915,-3.822805312601231,10.482669258179461,0.7633624878522838,0.10722384191771947,0.6561386459345643,0.4858757062146893,-0.15656789031402035,2.919103831891224,0.2063153303649502,0.5310734463276836,68.2683105022831,0.2800453514739229,Healthcare
2016-04-03,PFE,2016,Q1,USD,0.7807766243752403,0.29734717416378315,0.4069204152249135,0.31003460207612454,0.2738177623990773,0.23437139561707035,0.23360246059207998,0.23360246059207998,1.4397210229159747,0.91232,0.37622063869094746,0.9573763250883393,0.07982004431378086,1.4372020184444059,1.1734818165999652,0.040609748749774056,0.08912476074473638,14.737327188940093,-0.007939205031307755,-0.007939205031307755,2.839601699752648,13.770703575547866,132.65777777777777,108.4724409448819,0.2416389961271474,0.6242468446755882,0.38433003377652825,0.3061215508515601,2.583386186338555,0.964476416493622,0.057456064033408735,0.1269511726259131,0.8176862507571169,0.40136685791427607,13.176470588235293,0.14299324441364974,0.041935483870967745,5.485049833887043,0.7661252900232018,0.6102699144173799,0.010352452425623156,1.0352452425623155,2.1146341463414635,0.49398373983739835,6.451382113821138,3.1614634146341465,10.300325203252033,-4.034634146341463,10.254959349593497,0.2684552845528455,0.04894308943089431,0.21951219512195122,0.8531311429373771,0.8831845238095238,2.839601699752648,0.21983605825069238,0.15023869699522607,40.796863189720334,0.30146341463414633,Healthcare
2016-07-03,PFE,2016,Q2,USD,0.7585761010116376,0.205522172358713,0.3110215258233818,0.28850688369970334,0.18331178215562485,0.15684186506427322,0.1557009203620598,0.1557009203620598,1.4387174436419348,0.9733210671573137,0.4168636721828211,0.966051877434051,0.07703711516600452,1.365930402816287,1.1287267516121997,0.027957468956799764,0.10626499267889965,24.98936980947728,-0.7652994504152419,-0.7652994504152419,3.259777278592936,15.563471514413935,66.38966904607398,57.170427493713326,0.2588861934395106,0.7038665583329351,0.41309957924263674,0.3267007058116834,2.718826172155045,1.0816569994652185,0.11149880058568802,0.27222940594812506,0.8611343950824253,0.2649828767123288,12.98972602739726,0.2607840279801807,0.08100767298159843,7.201207243460765,1.5440034512510785,0.8895945285784074,0.008899729518599409,0.8899729518599409,2.1666117336849045,0.3373434410019776,7.32910349373764,3.451219512195122,10.393210283454186,-5.041199736321688,10.344264996704021,0.5898154251812788,0.08190507580751483,0.507910349373764,0.8493775933609958,0.6353809649354073,3.259777278592936,0.2159247390781112,0.15560165975103735,60.01050623624358,0.30009887936717206,Healthcare
2016-10-02,PFE,2016,Q3,USD,0.7635109237255654,0.14526638558834803,0.25228056726715214,0.27228823303947874,0.12295898811805289,0.10118819471061709,0.10387121502491375,0.10118819471061709,1.3262505083367222,0.8875143843498274,0.4109497802051419,0.982008431195423,0.0731103127854777,1.1076555712189649,0.8916827296527519,0.02023008125125186,0.060243390201099,35.73567896678967,-1.0720703690036901,-1.0720703690036901,3.0595422234859253,14.84763357608279,45.39193344269979,41.218850819323265,0.2469889984251439,0.6961425457302626,0.41042691104157353,0.3246855765230471,2.8185164123463813,1.6845299586776858,0.13518800886101442,0.3602146416251437,0.9080655458608214,0.21595805802930193,12.206185567010309,0.34467835399398516,0.10662582255502609,10.877314814814815,2.08566355969818,1.3439114391143911,0.00940174832247718,0.940174832247718,2.150511045169799,0.2233761951862842,7.313056379821958,2.369106495219255,10.484668644906034,-7.734586218265743,10.43620178041543,0.7746455654467523,0.0712166172106825,0.7034289482360699,0.8447630922693267,0.45157657657657657,3.0595422234859253,0.2275316027301314,0.1770573566084788,71.60844120328167,0.30019782393669636,Healthcare
2016-12-31,PFE,2016,Q4,USD,0.763851177808762,0.07874073530490937,0.1924855067146107,0.17267190137227562,0.057019153151830926,0.0559917810229691,0.06296323475453144,0.056799001981360536,1.6567781155015198,0.7094356261022927,0.47442134748636294,1.0232016819342244,0.07940448096028901,1.2517756708982806,1.0337779206170656,0.017705211362111384,0.08340028924955808,54.456672494172494,-1.3311631054131055,-1.3311631054131055,3.1387763670562943,13.715073016804872,35.92068037670575,31.295261219022102,0.24523497363284094,0.7068050517264544,0.41411000688773,0.3452530184073365,2.882154373236598,2.3543538355217692,0.1919331512132412,0.4382475966830557,0.8712324179504354,0.2375967228038234,7.922558922558922,0.5587574850299402,0.14189991921303996,7.76592977893368,2.3057915057915057,2.1223776223776225,0.00974342318934719,0.9743423189347191,2.24497528830313,0.1413509060955519,6.982372322899506,2.940691927512356,9.85831960461285,-7.785337726523888,9.809555189456344,0.9838550247116968,0.12668863261943986,0.857166392092257,1.1042471042471043,0.33021674458138545,3.1387763670562943,0.22518490299113997,0.01673101673101673,86.3081585970263,0.3,Healthcare
2017-04-02,PFE,2017,Q1,USD,0.8067141403865717,0.33335941779481965,0.45512168401283354,0.3213866499726113,0.30917912199702635,0.24493309335628766,0.24422881289615775,0.24422881289615775,1.4371345029239766,0.7279693486590039,0.3331085637221848,0.9653270886840912,0.07571215281069296,1.4429697554697554,1.144747425997426,0.03914102400988749,0.16316763191763192,15.616369753284204,0.05205456584428068,0.05205456584428068,3.3362669632925477,15.25586978636826,158.3710479285134,122.69022026431719,0.2607474642146175,0.7531445195516385,0.4295963687832495,0.3833693874320688,2.8884059211089244,1.3560059422750423,0.06390765765765766,0.1243446279051569,0.7747010698552549,0.6252346977093504,13.29126213592233,0.20690104166666667,0.03610543058395819,4.43854748603352,0.6899696048632219,0.6231976930471003,0.009976673562625504,0.9976673562625504,2.1277056277056277,0.5196470196470196,7.3791208791208796,2.4242424242424243,9.781218781218781,-8.047952047952048,9.729437229437229,0.26456876456876455,0.05960705960705961,0.20496170496170496,0.7899266008605417,0.9620160701241782,3.3362669632925477,0.225744680458174,0.20779549481144013,40.38991746905089,0.32384282384282387,Healthcare
2017-07-02,PFE,2017,Q2,USD,0.7935018610421837,0.3200217121588089,0.44207506203473945,0.2938895781637717,0.29582816377171217,0.23860111662531017,0.2382909429280397,0.2382909429280397,1.360911777121148,0.7743530095958128,0.35113396624472576,0.9633945913641118,0.0765077896035786,1.3385696416746375,1.0595614745051873,0.03896635840675745,0.09509969832977706,15.539658314350799,0.0,0.0,3.2725719572368424,14.811839330024814,69.13263843648208,58.73723247232473,0.25928760426678055,0.7487835800438597,0.4281739539349289,0.36939681716526757,2.8878495065789473,1.275758025424148,0.11963799573247001,0.2521712158808933,0.8496309963099631,0.5049867697944229,12.147435897435898,0.34181206642842127,0.07440796247568927,6.6503067484662575,1.3555648186744478,0.6215424666449724,0.00999929429064378,0.9999294290643781,2.164484726418261,0.5157771064115475,7.387881839543471,2.4056730446458543,9.851292379993286,-8.000671366230279,9.796576032225579,0.5458207452165156,0.08207452165156093,0.4637462235649547,0.8055045871559633,1.0065963060686016,3.2725719572368424,0.2288058413469039,0.19370904325032764,40.718028416067355,0.3205773749580396,Healthcare
2017-10-01,PFE,2017,Q3,USD,0.7837940461725394,0.29655224787363305,0.41540097205346294,0.25691069258809235,0.2722509113001215,0.21704131227217496,0.21559842041312272,0.21567436208991494,1.3165366926614677,0.8181034482758621,0.3592429022082019,0.9750462791558682,0.07649098756324389,1.4278980756281674,1.1470390190310806,0.03616682126421772,0.09848672785909204,17.916932898908065,-2.3292012768580466,-2.3292012768580466,3.348110745433602,15.451449726609964,47.42766666666667,41.63386331082464,0.25530493578312063,0.7232351489221656,0.4196961449947957,0.36214877247488797,2.8328286983709066,1.2377684823988344,0.1731934649324875,0.3711269744835966,0.8778391651319828,0.4855651105651106,10.571875,0.5172523285351397,0.11119200928306523,8.185929648241206,1.96107544141252,0.6674885523071504,0.009313655357103979,0.9313655357103978,2.2127373550663756,0.4770626785414216,7.439253906906402,2.844059821878676,10.26886237607125,-7.5094942026550155,10.211729121156107,0.8212065199126197,0.10031927407158461,0.7208872458410351,0.7919107391910739,1.059710316287319,3.348110745433602,0.21601291113460522,0.20278940027894002,44.7233436928702,0.318433876659385,Healthcare
2017-12-31,PFE,2017,Q4,USD,0.7621688681310662,0.09370210902722031,0.208567466978034,0.1747062687002846,0.0695468145661534,0.8968109173173757,0.8956432897905569,0.895716266510983,1.6668288529375987,0.6999570446735395,0.4300607020321985,0.9883159033537685,0.0797627432376584,1.3521214710618858,1.103066355539488,0.13441048122147772,0.04410556413711506,4.169921575816833,0.012668116179696707,0.012668116179696707,2.87078294160543,14.939049113332846,34.29549170715363,30.3633625037081,0.24800200236325431,0.5974925674538621,0.37401899678704986,0.3198786792056922,2.4092247714141473,1.2026505178163946,0.2215795181910803,0.4920090491133328,0.8853455947789973,1.380373468196849,7.276595744680851,0.6773837034060083,0.1582406233863775,8.721862871927556,2.5137956748695003,0.15554469159944595,0.009325396699395765,0.9325396699395765,2.298004360221365,2.0581921851417073,7.200234781150428,3.352674828106658,12.016770082173403,-5.540164346805299,11.958410196209961,1.1306389401308066,0.12963273520040247,1.0010062049304043,12.878279118572928,0.39807852965747703,2.87078294160543,0.21245197896983822,-11.89401888772298,86.06500699790062,0.3201408686902566,Healthcare
2018-04-01,PFE,2018,Q1,USD,0.8014101968076863,0.3437935843793584,0.4652099798543313,0.3093134975980164,0.3197737486440415,0.27669301100263444,0.2758406942507361,0.27591817759181775,1.3654253068133728,0.6607373034287187,0.31455571919489445,0.9237706678118961,0.07840254659441596,1.272976429746026,0.97522382605518,0.05055755758948029,0.08412205371825324,13.901061095505618,-0.1961382592927505,-0.1961382592927505,2.8204592214749797,15.337913373624668,123.9518534752661,99.82405950579928,0.24804995990571768,0.5817850222272882,0.3678028392303812,0.3120227417536637,2.3454348569474526,1.4194896612406511,0.07246482733418601,0.15364946536494653,0.805345436207766,0.5845493562231759,12.87741935483871,0.22008879023307437,0.04856485109717868,5.137305699481865,0.8200992555831266,0.5707865168539326,0.010265160927867494,1.0265160927867494,2.1665267752224273,0.5976162497901628,6.906496558670471,1.9172402215880477,11.841698841698841,-5.63051871747524,11.781769346986739,0.33288568071176766,0.06479771697163002,0.26808796374013766,0.8626120668766658,1.033817635270541,2.8204592214749797,0.20631862079480134,0.13472255875938938,39.3872601598934,0.34111129763303677,Healthcare
2018-07-01,PFE,2018,Q2,USD,0.7834546264666568,0.3603891281746621,0.4763849695529482,0.29852963017971185,0.33618000891133226,0.28805881479281154,0.2874647259765335,0.28753898707856823,1.3639218069482426,0.6949475691134414,0.3611592766906118,0.9674545585171348,0.08162201478967147,1.1600634407264585,0.9089749968901605,0.0533651007843468,0.08409006095285483,13.047341772151897,1.3047341772151886,1.3047341772151886,2.895254091547479,15.002602109015298,59.576832792686524,52.514957109435926,0.2456176506243181,0.5807274499125799,0.36737987307343606,0.2931224863999676,2.3643555275301673,2.134580328128715,0.11963552680681677,0.2856824595276994,0.8814660774629581,0.48425560500461834,12.331288343558283,0.3321246654579988,0.09493608410246286,8.43640350877193,1.5734151329243353,0.513820718160682,0.009845314224414954,0.9845314224414954,2.295601772928742,0.6599045346062052,6.963518581657007,2.28963518581657,11.954312990112513,-5.5056256392771905,11.895329014660756,0.6558131605864302,0.07773610637572452,0.5780770542107058,0.8550916721890877,1.1261194029850747,2.895254091547479,0.2005592970059553,0.14314115308151093,37.387847233047545,0.339072621888851,Healthcare
2018-09-30,PFE,2018,Q3,USD,0.7974131448338097,0.33741916077605655,0.45879079560836217,0.28944202135659497,0.31410738456910814,0.30914423221537074,0.30936983004963153,0.30936983004963153,1.3266161213088588,0.6269490342099139,0.3291788856304985,0.9474209176403534,0.0792306913172743,1.4332540585254885,1.15117361182918,0.05580510325035872,0.12266914831282529,14.98382049100632,2.472330381016045,2.472330381016045,3.457336053506078,18.542167995187246,52.49600809027039,46.886052481460354,0.28856225311161293,0.6790897236360577,0.4044392113635794,0.32058378028217316,2.353356048177905,1.501157080769882,0.18126357150242994,0.3954730034591668,0.8931355771059136,0.7842755035737492,12.416129032258064,0.7121191604603927,0.10858523290386521,9.357651245551601,2.057511737089202,0.4846864365580943,0.00808683000522156,0.8086830005221561,2.2634893617021277,0.7002553191489361,8.296510638297873,2.9342978723404256,12.198297872340426,-4.979744680851064,12.13940425531915,0.8951489361702127,0.09565957446808511,0.7994893617021277,0.9849174048360066,1.0852169394647961,3.457336053506078,0.1664289081866987,0.015800813981326312,47.770324536961155,0.3394042553191489,Healthcare
2018-12-31,PFE,2018,Q4,USD,0.7799799656554093,-0.0412135088723526,0.07620206067544362,0.22789066971951918,-0.06768746422438465,-0.027404121350887236,-0.02819118488838008,-0.02811963365769891,1.7415576323987538,0.6578947368421053,0.4095631326584976,1.044153903623459,0.08766669593907993,1.5671416912549438,1.3314709021281939,0.008979344371968557,0.03575240128068303,-151.97172588832487,1.3849786241612736,1.3849786241612736,3.7773028214550446,17.137052089295935,60.69625950329448,50.550325031658936,0.2588413142477199,0.6507956534767455,0.3942315041271782,0.3383801494219291,2.5142649865156845,0.9123310921078399,0.14872245589804758,0.33900973096737264,0.8328408611228366,0.17684119052791658,8.608108108108109,0.5362154821186057,0.11481885375015145,5.982323232323233,1.71978221415608,-4.982233502538071,0.0081959875651462,0.8195987565146201,2.414651002073255,-0.06807187284035937,7.1933310297166555,3.253800967519005,11.015549412577746,-4.295784381478922,10.954906703524534,0.8185901865929509,0.13683483068417415,0.6817553559087768,0.4164904862579281,-0.29701726844583987,3.7773028214550446,0.1722910987650321,0.595137420718816,262.5666103286385,0.3391499654457498,Healthcare
2019-03-31,PFE,2019,Q1,USD,0.8145296539106571,0.3570666260100625,0.474843726177771,0.31750266808964783,0.3295471870711999,0.296462875438329,0.29600548864156123,0.2960817197743558,1.3666006875716221,0.5854186717998076,0.3030265288329804,0.974084799881191,0.08440300860244111,1.539271998096727,1.2663902389287292,0.056387189262748924,0.06583285185059308,14.733282899819727,-0.013234884124491801,-0.013234884124491801,3.8913945855865046,17.444530416221983,211.88643518518518,134.76875736160187,0.2904626787885807,0.7676767676767676,0.4342857142857143,0.3779709960968489,2.642944597490052,0.773125092087815,0.05770995479726744,0.1294404634852874,0.6360424028268551,0.5931839115750691,11.537396121883656,0.1804463336875664,0.03761297182349814,2.7475728155339807,0.6376267367630492,0.5266546484676796,0.008936478245356363,0.8936478245356363,2.327950310559006,0.6890860692102928,8.075421472937,2.0619343389529723,10.498314108251996,-5.034427684117125,10.435847382431234,0.3013309671694765,0.10967169476486247,0.19165927240461403,0.8982188295165394,1.0379351740696279,3.8913945855865046,0.19727111854773707,0.10016192458940551,43.673840102745224,0.3629103815439219,Healthcare
2019-06-30,PFE,2019,Q2,USD,0.8057901085645356,0.34152593486127863,0.45672496984318456,0.31295235223160434,0.3121984318455971,0.38118214716525933,0.3804282267792521,0.3804282267792521,1.354436842642704,0.6436781609195402,0.3128871614235394,0.9809925301383033,0.0849173170122728,1.4696534498907274,1.2126131751482985,0.06828356271098417,0.05569778332812988,11.433183709869203,0.35858621635498855,0.35858621635498855,3.874015914585012,17.398023220747888,114.071863568957,88.38275756415167,0.2988111319534696,0.7835414987912973,0.4393177839272604,0.3777889195287039,2.622196481332259,0.858233581365254,0.08151732750546363,0.19684861278648974,0.774798927613941,0.6399596182085169,10.67095115681234,0.24850099933377748,0.05594120923854823,4.440476190476191,1.008108108108108,0.39674990091161316,0.008675402910064672,0.8675402910064672,2.3847536857245597,0.9072276159654801,8.461524631427544,2.3212873067242,10.773822366055375,-4.756023013304567,10.709816612729234,0.46943545487234806,0.10571736785329018,0.3637180870190579,1.2185462448683893,0.9975909419417008,3.874015914585012,0.2022599554581761,-0.22096112050229413,45.50303400462199,0.35994246673858327,Healthcare
2019-09-29,PFE,2019,Q3,USD,0.794794952681388,0.8782334384858044,1.0007097791798107,0.26206624605678236,0.8459779179810726,0.6056782334384858,0.6056782334384858,0.6056782334384858,1.3433626443479183,0.6600710299340437,0.3164680126489905,0.9254798919786877,0.07439306290555367,0.9049331963001028,0.6825607183426191,0.0878914802475012,0.0753232000865473,6.147874348958333,0.1190333118628103,0.1190333118628103,2.9009830576163926,14.894534700315457,49.08074324324324,41.87643015521065,0.30891895380355067,0.8087799333364054,0.4471411465985037,0.35635263527341393,2.6180974763067755,2.1998612074947954,0.12197760588521664,0.3556782334384858,0.8532150776053216,0.5663103488781863,8.124694376528117,0.2714087982186917,0.08565351160405667,6.812688821752266,1.6916729182295573,0.2609375,0.010610882932415982,1.0610882932415981,2.286744815148783,1.3850315599639316,9.569522091974752,1.6387736699729487,11.793688007213706,-5.818575293056808,11.740847610459873,0.8133453561767358,0.1193868349864743,0.6939585211902615,0.7159504055187844,3.2281071321095394,2.9009830576163926,0.2788321886746298,0.28404959448121564,18.814067302387894,0.36140667267808835,Healthcare
2019-12-31,PFE,2019,Q4,USD,0.7944514501891551,-0.08614438839848676,0.022935056746532158,0.1564470365699874,-0.11885245901639344,-0.02577238335435057,-0.026560529634300126,-0.026560529634300126,1.4543787253553415,0.670954463596604,0.31486176506096825,0.9084270065153577,0.0757546809323653,0.8793426978340124,0.6573021659875616,0.010063243690048249,0.034982843662877974,-152.49992581602373,1.4605447819148638,1.4605447819148638,3.2556245347861203,16.201915195460277,67.55501150180743,54.54229238524808,0.3113357374856706,0.8258239234752862,0.45230206092568176,0.36282266039677896,2.6525188857038784,-3.165668662674651,0.1010347415826721,0.29705233291298866,0.8073759617935792,0.08717280587468909,4.783132530120482,0.22882642219658794,0.0722792214018602,5.191460055096419,1.386681383370125,-5.910979228486647,0.009690134596553289,0.9690134596553289,2.2923215898825653,-0.06088527551942186,9.495934959349594,1.7759710930442638,11.462691960252936,-5.524119241192412,11.407949412827461,0.6809394760614272,0.13116531165311654,0.5497741644083107,0.22347480106100795,-0.7596977329974811,3.2556245347861203,0.255027608613907,0.78315649867374,881.133676975945,0.35989159891598915,Healthcare
2020-03-29,PFE,2020,Q1,USD,0.8022946458264051,0.26870635184569336,0.3656468240771533,0.34652477552377786,0.3229963418689724,0.28350515463917525,0.2789324908546724,0.2789324908546724,1.2172856998279526,0.5986908358509567,0.28232221298824645,0.8566951566951567,0.0723114659484417,1.0250221304219533,0.7764827382708763,0.04476326263886413,0.06347005016228977,12.796471684053651,-0.011791573998469775,-0.011791573998469775,2.640922861624581,14.277406883937479,65.09804776345716,54.812847111394824,0.31433363793766833,0.80406299018854,0.44569562956585485,0.35812925069343676,2.5579921877402887,-6.5852723788666845,0.09244614930658011,0.26047555703358827,0.8420044685604852,0.23925108251509422,10.687179487179487,0.1957268694945961,0.059921583628191645,6.329292929292929,1.205,0.6274217585692996,0.012257710055951642,1.2257710055951643,2.169161406672678,0.6050495942290351,9.499549143372407,1.866726780883679,11.783228133453562,-4.982506762849414,11.726961226330028,0.5650135256988278,0.08926961226330027,0.4757439134355275,0.8635778635778636,0.9321017274472169,2.640922861624581,0.304480353161805,0.12226512226512226,50.4462596634834,0.37962128043282234,Healthcare
2020-06-28,PFE,2020,Q2,USD,0.8067112956529108,0.28751800694856366,0.3891195661384628,0.2926023218371325,0.33497161257520547,0.2909922887890857,0.2956529107702737,0.2956529107702737,1.2928352322524101,0.5891012396694215,0.26634750116767864,0.8361794090554807,0.0663223442399991,1.4186963297986126,1.156984384072365,0.041351327511687394,0.05503774103841335,12.313038119805102,2.462607623961018,2.462607623961018,2.6709891817955738,14.561542242182865,55.88317398373984,48.33776652601969,0.3575033439365158,0.9887465804526238,0.49717072560727793,0.43989901188351543,2.7656988311365334,1.6222420784933673,0.10863918344895028,0.30124565714769935,0.8649789029535865,0.30280276559363617,9.408719346049047,0.2717059003362886,0.05588568194680249,7.40625,1.3720571208027788,0.6050444253367727,0.012284629094983053,1.2284629094983053,2.124774936982355,0.6281958948505582,11.519445444724523,2.0493338134677708,11.624774936982355,-4.938242707958229,11.583723442563917,0.640079222182211,0.08642419877565719,0.5536550234065538,0.8826207943334177,1.144801621778164,2.6709891817955738,0.37018574638519985,0.13129268909688843,50.88235191637631,0.38008642419877564,Healthcare
2020-09-27,PFE,2020,Q3,USD,0.7915258428818729,0.0754265930261314,0.36847745445552715,0.27433847168411507,0.17937515456269063,0.18151842387272277,0.18085895639271288,0.18085895639271288,1.2116460247702756,0.6107220478145375,0.2720817643894567,0.8422550857460251,0.06777738667918182,1.397757217309832,1.125607542308368,0.029976737628647963,0.04646600690987879,21.845544667274385,-0.5734455475159527,-0.5734455475159527,2.937778697191192,15.803849641414558,122.89519230769231,91.73038277511962,0.34376449159976086,0.9428278091910695,0.48528634639198026,0.43274747053301343,2.742656185353744,0.8891739353514623,0.061193418047666454,0.17228587915258428,0.7464114832535885,0.32798365917712285,9.646376811594203,0.15640200553767866,0.033968274606683134,3.943396226415094,0.7910673732021196,0.9626253418413856,0.01101626620556916,1.1016266205569158,2.183012416771639,0.3948173474896527,11.134245096274968,1.8893287745186251,11.78603563073601,-4.559114630196149,11.743566672665107,0.3761022134245096,0.09537520244736368,0.2807270109771459,1.0082720588235294,0.6538461538461539,2.937778697191192,0.32938218671840974,-0.011948529411764705,56.299217002237135,0.380061184092136,Healthcare
2020-12-31,PFE,2020,Q4,USD,0.750171174255392,-0.1922286888052037,-0.10270455323519342,-0.187435809654228,0.015234508729887025,0.029784320438206092,0.05083875385142075,0.05083875385142075,1.4733921815889028,0.6774193548387096,0.3627889634601044,0.8405755395683453,0.07575747751719845,1.3528935185185185,1.042476851851852,0.018070430605139055,0.06882716049382716,86.16886363636365,-1.2002091720779222,-1.2002091720779222,3.23756633669629,17.522870592262922,47.18534685411385,36.39772800000001,0.24816344526645442,0.6052373572851766,0.37703916778311924,0.36995745783144535,2.4388658717859513,1.027978180538448,0.2170138888888889,0.4814275932899692,0.7713777777777778,-0.3377049180327869,-6.311239193083574,2.081021087680355,0.14696660918639284,4.37402799377916,1.655385520894644,3.5555555555555554,0.010315662193713483,1.0315662193713482,2.100683207479324,0.10679611650485436,6.943725278676735,2.1972312117943185,11.41190219345559,-2.6206400575332616,11.369651204602661,1.0113268608414239,0.23121179431859043,0.7801150665228335,3.337078651685393,-0.08127853881278539,3.23756633669629,0.19457136323331928,-0.9550561797752809,-201.02268333333333,0.37971952535059333,Healthcare
2021-04-04,PFE,2021,Q1,USD,0.7112193114799067,0.41338636675353174,0.4316966122616925,0.32245233849951993,0.3897270607598409,0.3344534357426965,0.3344534357426965,0.3344534357426965,1.4783049472830494,1.0361712598425197,0.4958200871305781,1.040753693526515,0.09181578914228866,1.4833033168242533,1.164640552303767,0.06763532066745967,0.06633648506678673,10.384843141275374,0.015030694020266988,0.015030694020266988,2.9523101136694843,13.892985872994103,50.85028112449799,44.642468047598065,0.2404513342316362,0.5565141358204605,0.3575387611414875,0.3399828791828176,2.3144564266977556,1.3239513346649718,0.17026864775626593,0.31120559594020025,0.8779197884530631,1.171075085324232,13.994047619047619,1.0427389705882353,0.11883314130093223,8.191335740072201,1.6647101980924432,0.44535575148656964,0.010721292209905132,1.072129220990513,2.6113896848137537,0.8733882521489972,6.898997134670487,2.447528653295129,12.332557306590259,-1.593660458452722,12.288681948424069,0.8126790830945558,0.09921203438395415,0.7134670487106017,0.8581734999120183,1.2086346235644407,2.9523101136694843,0.19595975112385994,0.14165053668836883,37.967834789515486,0.38896848137535817,Healthcare
2021-07-04,PFE,2021,Q2,USD,0.6285503504241977,0.36486272856615903,0.45349633767191866,0.27965431838541394,0.34826368762185805,0.2932497233493176,0.2931443326131633,0.2931443326131633,1.7924813450458108,1.629073260919806,0.7877738042020563,1.3341535433070866,0.11168196798493409,1.368719156572454,1.1178218932256618,0.07273731238391647,0.06650964558097802,9.99499101204386,0.7246368483731795,0.7246368483731795,3.175359641358042,11.719899878800652,20.67185983827493,19.683913620674392,0.22207509416195856,0.5387481796636304,0.35012108334802416,0.33543967512998596,2.4259729876359897,1.4580308094195382,0.31681807985643784,0.5954049639036728,0.9522081600141605,1.799000951474786,16.794303797468356,2.906121399176955,0.29943023718033657,20.924074074074074,4.149467499081895,0.3924141650188747,0.009815270582685361,0.981527058268536,3.3899607002500893,0.9937477670596642,6.797249017506252,3.876384423008217,12.56073597713469,-1.2281171847088246,12.51196856020007,2.018399428367274,0.09646302250803858,1.9219364058592354,0.841730972915721,1.245336348219333,3.175359641358042,0.17644106651660052,0.15781510062036616,29.95253776435045,0.38996070025008933,Healthcare
2021-10-03,PFE,2021,Q3,USD,0.5860795218726654,0.33871503278824605,0.39516062090146925,0.26865609695359843,0.32522619739354197,0.33896405744168673,0.3380924711546443,0.3380924711546443,2.02521644111961,2.12281822051937,1.1542824074074074,1.669021889720144,0.13446212916043485,1.3850680573164604,1.1783843264837452,0.09209366311118862,0.047030117455685,7.302166093788363,0.15715531375761915,0.15715531375761915,3.143488393600296,9.875229517722255,23.31541205291524,21.971906916612802,0.214344710583298,0.5074315308292928,0.33661995284796536,0.323831303990495,2.3673620377587823,1.647621978322563,0.2590483936559577,0.4494479953515398,0.9423769507803121,2.4916540212443095,19.916923076923077,2.9840176357123176,0.2819464694855239,17.354166666666668,3.8551085795656816,0.26822980603977414,0.009183227366874934,0.9183227366874933,4.2955963629880545,1.452308789445534,6.905509003387413,5.294348368693171,13.543768942770548,0.030665002674273488,13.494562310572295,1.9306471741843465,0.11124977714387592,1.8193973970404707,1.0395610005104645,1.2105669704928164,3.143488393600296,0.16760545728311466,-0.0422409392547218,28.81795819766831,0.3895525049028347,Healthcare
2021-12-31,PFE,2021,Q4,USD,0.5915764745364545,0.18873227619766758,0.22728416813491065,0.16960315462706602,0.1605419917778337,0.15009648460441313,0.14233576642335766,0.14233576642335766,2.076661730115864,1.7454284689852995,1.0747323104095374,1.6018008332213411,0.1313554885743097,1.3989126104380023,1.1866138595298914,0.04489780221893207,0.04555787302852054,24.43448275862069,-0.41682352941176465,-0.41682352941176465,4.295602388570096,13.911603322426378,67.38971753708596,56.0745350016909,0.20387156499170694,0.47924249685884895,0.32397831854919923,0.3104467746833634,2.3507078923848135,1.4395362178809747,0.13859529891495395,0.24809128282574042,0.8320933378424078,2.022300469483568,12.834920634920636,2.6390004462293617,0.15984647818801015,5.955689828801611,1.8585795097423004,0.6451517830828176,0.006600833230807829,0.6600833230807829,4.244658119658119,0.6041666666666666,6.644052706552706,5.532229344729345,13.79326923076923,0.5535968660968661,13.746616809116809,1.0530626780626782,0.17681623931623933,0.8762464387464387,0.8865952443166971,0.9465743259955478,4.295602388570096,0.1115658418791357,0.06506401881369218,67.67788851974899,0.38977920227920226,Healthcare
2022-04-03,PFE,2022,Q1,USD,0.6109270877986049,0.3652234909005884,0.41151942636686023,0.41642960134055573,0.35267526596781107,0.3070418144265617,0.3064572697868361,0.3064572697868361,1.9403402646502836,1.8132945877224846,1.0005010522096403,1.6983916870739295,0.13958257407216018,1.3858612610777223,1.1317357644901702,0.08947566135473921,0.06290108994601203,9.096197227873855,0.0682214792090539,0.0682214792090539,3.4714401145297487,11.150383071587234,48.513051881993896,43.74407277174743,0.19066475922128362,0.42526448607201783,0.2983758384691341,0.29455665867853476,2.2304304571484033,1.5951389320569405,0.16657329122949985,0.2549004325630334,0.9016969882280996,9.708376421923475,33.18633540372671,10.141085271317829,0.1866084674198334,10.172628304821151,2.261756569847856,0.28598677517802645,0.007860064156856266,0.7860064156856265,4.568452910806481,1.400035606195478,6.29766779419619,4.254406266690404,14.720491365497596,0.4732063379027951,14.674025280398789,1.164500623108421,0.11447391846181236,1.0500267046466085,0.868950276243094,0.8469024892382556,3.4714401145297487,0.12253521983260894,0.12950276243093922,30.181058712121214,0.4003916681502581,Healthcare
2022-07-03,PFE,2022,Q2,USD,0.6732030855742196,0.4231850623603201,0.4655035685963521,0.4666931007137193,0.4126234590152116,0.35603056737077354,0.3570759137769447,0.3570759137769447,1.8305509732761465,1.4603737113402062,0.8672278553663669,1.8198635528732616,0.14205540478263096,1.4230331153765028,1.2025311115798354,0.10277314041921722,0.037544821767559584,7.383652079547749,0.2793814300369417,0.2793814300369417,3.354812347349471,10.546097253262202,39.44052709625236,35.81464438731791,0.2062778432075375,0.4619248013393113,0.31597028856486237,0.2822481749421825,2.239333096354734,1.5758918427630084,0.17230542079730016,0.29446326869007283,0.9080670828742808,1.8055069234442145,44.18771331058021,1.3637729549248747,0.20278522490318737,10.877496671105193,2.7275459098497494,0.22652937613567534,0.007669963782663441,0.7669963782663441,4.9601287323440015,1.7711424995530127,7.254961559091722,5.954586089755051,15.639191846951547,1.522259967816914,15.592526372251028,1.460575719649562,0.13427498659038084,1.3263007330591812,0.8653795754346116,0.8841430447207848,3.354812347349471,0.13769020544599558,0.13715383943391282,25.63681508440452,0.4012158054711246,Healthcare
2022-10-02,PFE,2022,Q3,USD,0.7321759872780281,0.4113437582825338,0.46360102482551463,0.46059722590334834,0.3976057955649792,0.3818800247371676,0.38024560473540064,0.3811732485201873,1.408186115949241,0.9674485399712781,0.6373383790602334,1.46609675539149,0.11588490342924715,1.588730423793835,1.3740578598185675,0.09556017528962804,0.02929096899399738,7.187876974907063,-0.5531540106776304,-0.5531540106776304,2.6718159147585583,10.932634508348794,48.216049094097016,41.42835286240375,0.18263210971133714,0.3851518390171757,0.2780574866726938,0.25468282321135466,2.1088944305901913,0.9811680572109654,0.1348106693144379,0.263892570015019,0.8592233009708737,2.330268903700299,33.52733118971061,1.4787128712871287,0.16744681447431117,7.103448275862069,1.9358392741412833,0.2608039033457249,0.009070964356241539,0.9070964356241539,4.037453183520599,1.535223827358659,6.41840556447298,6.442482611021937,16.566791510611736,2.728553593722133,16.52059925093633,1.065453896914571,0.14999108257535224,0.9154628143392188,0.9563381846461504,0.863239666251079,2.6718159147585583,0.14421823196762995,0.0395511609821131,26.85773987613149,0.4003923666845015,Healthcare
2022-12-31,PFE,2022,Q4,USD,0.6027995059695348,0.2282420749279539,0.29081926718814327,0.26480032935364345,0.215356113627007,0.20588719637710992,0.20559901193906957,0.20559901193906957,2.217859751643535,1.4169481568512263,1.0742678988976728,1.4925648273319405,0.12317069460361246,1.216455455883051,1.0033224168209218,0.06430115807244617,0.009872324267881722,14.402913496195435,-0.34123825821755344,-0.34123825821755344,3.0076269326057643,11.844899135446687,37.95180055401662,33.52512234910277,0.17682017788505422,0.36451636508085844,0.2671396066834698,0.2502233787406142,2.061508869863372,1.3797216699801194,0.20366415112250225,0.35331412103746396,0.8833605220228385,2.0976058931860035,20.549520766773163,2.9140916808149404,0.2461141382277029,8.573426573426573,2.6438693776956255,0.4495394473368042,0.0078029255583523275,0.7802925558352327,4.325912733748887,0.8894033837934106,6.265894924309884,4.048441674087266,17.08227960819234,0.208726625111309,17.036687444345503,1.5284060552092609,0.17827248441674087,1.35013357079252,0.9546931753010897,0.8132773631840796,3.0076269326057643,0.12119733372817179,0.0439686484419805,45.606823329558324,0.39982190560997327,Healthcare
2023-04-02,PFE,2023,Q1,USD,0.6692375013674653,0.3603544469970463,0.44169128104146155,0.3490865332020567,0.34296028880866425,0.3038507821901324,0.3031943988622689,0.3031943988622689,1.485737505079236,0.9875877837661278,0.6337910072319464,1.0721323011963406,0.09345813502916413,1.3696734314315409,1.1087194354794596,0.07448533073394009,0.059241835785788524,10.507211798664983,1.0390465000902036,1.0390465000902036,2.307255548622872,12.742911060059075,3148.187837837838,192.05762572135203,0.1834809858038923,0.3554684018183439,0.262247649108963,0.23895986433013003,1.9373582513791088,1.6152317003136458,0.03317652207209671,0.06634941472486598,0.06100577081615829,1.6333777185974256,20.069182389937108,0.2896370582617001,0.03379583194026524,1.0649692712906058,0.352411388727484,0.415478982500451,0.009885566943488295,0.9885566943488296,3.2449414270500534,0.9838480653177138,6.427050053248136,3.54490592829251,17.96876109336173,1.3771742988995386,17.921725239616613,0.21529996450124245,0.20216542421015266,0.013134540291089812,0.8840510366826156,0.9824506424318395,2.307255548622872,0.15406546623347023,0.11403508771929824,33.02686068111455,0.40876819311324103,Healthcare
2023-07-02,PFE,2023,Q2,USD,0.6391550180618816,0.21807758756086068,0.3416051515627454,0.16318517355112297,0.17818438825192398,0.1837600125647872,0.18273912360609393,0.18273912360609393,1.2446486169484898,0.7556322973195199,0.4456838021338506,0.728156450137237,0.057837651248137785,2.1169798250930816,1.8194071636793951,0.032265003226500326,0.07596617311744162,22.230973356252683,-0.38221673489697594,-0.38221673489697594,2.0897595410981733,16.24987435212816,-97.46862929816298,-171.1545905707196,0.2967779150466916,0.6598834567103283,0.39754806522268193,0.38257833203429464,2.2234924610428304,0.4877432204688218,-0.034894796086241235,-0.09494267315847338,1.7559966914805625,0.9839750723347429,4.090551181102362,-0.30338770388958597,-0.01850293077853109,-1.3227571115973742,-0.3744193248683803,0.9948431456811345,0.011187579708485018,1.118757970848502,2.255402054551895,0.412150194828197,11.66294721927028,7.932164364151612,17.586609989373006,1.118490967056323,17.537902940134607,-0.21413390010626993,0.16188452001416934,-0.37601842012043923,1.0255619215513443,1.0919153031761308,2.0897595410981733,0.31577004135296743,-0.03129131776112825,61.98503448275862,0.41002479631597594,Healthcare
2023-10-01,PFE,2023,Q3,USD,0.19868500604594921,-0.20080108827085852,-0.08290507859733978,-0.2467503022974607,-0.25332527206771466,-0.18047158403869407,-0.18092503022974607,-0.1800181378476421,1.193577485116363,1.9863244660921693,1.0391023128185026,0.7407905049826448,0.061538175341013204,2.3770554984583763,2.049331963001028,-0.007078834793236912,0.10110483042137719,-20.010989974937342,0.0988494685508953,0.0988494685508953,1.9768630201993105,14.481955864570738,72.42072562358277,55.44711805555555,0.2957664600201841,0.656075267707925,0.3961627110197471,0.3864237697965591,2.2182206449749313,0.32440913994312054,0.11099691675231244,0.26118500604594924,0.765625,-0.04101140918902251,-4.697841726618705,1.3563579277864992,0.05434304044279514,4.266666666666667,1.1062740076824584,-0.9665831244778613,0.012075653499507686,1.2075653499507686,2.3436060928090683,-0.42401700318809776,11.386999645766915,7.82518597236982,17.21661353170386,0.9659936238044633,17.168614948636204,0.61211477151966,0.1434643995749203,0.46865037194473963,0.714200477326969,1.026646248085758,1.9768630201993105,0.33187694898646963,0.28758949880668255,-229.7841750227894,0.40984767977329084,Healthcare
2023-12-31,PFE,2023,Q4,USD,0.39701031651343954,-0.24149063092146816,-0.12428942381921539,-0.111797319110113,-0.28977472103305496,-0.23405151238683417,-0.2346831356586427,-0.2364376447469998,1.2748501386776416,1.2804769001490313,0.8432623417410934,0.6517105744603,0.06290921452885417,0.9066619240908901,0.6934761685567226,-0.012200010203114866,0.05969368539984098,-12.154390699760764,-0.3002849466999719,-0.3002849466999719,1.826422023501921,11.409722085760404,38.74574118207817,31.026169847328244,0.33130538055019626,0.8430246927449615,0.4574136722440645,0.40874913651097294,2.5445547891342937,0.7418456332161916,0.10963719295309035,0.36774510491964346,0.8007633587786259,-0.08851241166878057,-2.315406976744186,0.506280193236715,0.06982849375674631,5.019157088122605,1.5599880916939566,-0.6922846889952153,0.014239395172002359,1.4239395172002358,2.5232867009031343,-0.5921728351336993,13.41048344253586,2.247210908446963,15.811581370639278,-7.684611298034355,15.763060031875332,0.9279263325659642,0.18487692580131043,0.7430494067646538,0.8098813271978688,2.5919648462021345,1.826422023501921,0.44217781430881453,0.1922983773310729,-132.56077357425184,0.4099521870019479,Healthcare
2024-03-31,PFE,2024,Q1,USD,0.7055581692318033,0.28301633174272467,0.3997580482559312,0.30640500033604406,0.22992136568317764,0.2102291820686874,0.20935546743732777,0.20935546743732777,0.977466824333202,0.7835807547844751,0.4022218141755417,0.7913098973568048,0.06729686333928854,1.0473615329530583,0.7784033385189026,0.03774010596170752,0.017754401560609426,12.585235955056179,-0.06513411590774688,-0.06513411590774688,1.6992700635010076,10.539151824719402,406.24880829015547,143.86425688073393,0.310762341979692,0.7445438980516244,0.4267842723150506,0.3991627004538085,2.395862681779762,-11.701926858041682,0.026915573993135294,0.0732576113986155,0.3541284403669725,0.6268011527377522,5.770886075949367,0.13241010689990282,0.01586423706118647,1.5482954545454546,0.3543563068920676,0.7614767255216693,0.015126389529783556,1.5126389529783557,2.6301926816333747,0.5506452183135938,12.285310235106946,2.1087148665370337,16.361675799893938,-6.99434329149726,16.312886689057805,0.19268163337458016,0.1244475870602793,0.06823404631430087,0.9105524700380005,0.7503838561087958,1.6992700635010076,0.44345446943997413,0.08564747149956153,37.79439139206456,0.41930351776560015,Healthcare
2024-06-30,PFE,2024,Q2,USD,0.6205676428517655,0.05081683354663856,0.181058495821727,0.14145900775427236,-0.00775427237822781,0.00233381013325303,0.0018068207483249265,0.0018068207483249265,0.8804268575594884,0.9870740305522914,0.44029003232287933,0.7006910376114364,0.061440472170699326,0.8632100230493621,0.6019763116456331,0.013687625762373458,0.02400785047582099,1665.5679166666666,-16.783846723464027,-16.783846723464027,1.8231986316989737,12.037530678310622,-66.12676592224979,-89.77794497473329,0.3176652343045335,0.7830900798175598,0.43917583787897196,0.3927980447681624,2.4651425313568986,-6.517664376840039,-0.04064446929414181,-0.13408115636527893,1.3576642335766422,0.19957553843735262,2.4151670951156814,-0.14911252511721365,-0.025932990666453107,-2.795918367346939,-0.5903215114352005,99.16666666666667,0.01488481281284687,1.488481281284687,2.3443346276032475,0.004235792446170138,12.258206847864455,1.2532650900105895,15.526826685492411,-7.361454288739852,15.478291563713379,-0.314331097776209,0.1124249911754324,-0.42675608895164135,-0.23300970873786409,-0.05481639169771155,1.8231986316989737,0.4295144073730607,1.3009708737864079,94.60271101871102,0.42004941757853864,Healthcare
2024-09-29,PFE,2024,Q3,USD,0.6285730425940572,0.31058637442096937,0.4097277143825556,0.29849734493277597,0.26635408428426166,0.25313523895605017,0.2522313862840357,0.2522313862840357,1.0004521306657623,1.237297704177644,0.5609589625458579,0.9547489347931611,0.08065574368040242,1.0002777070653306,0.7290273310036797,0.04900802092689768,0.025271342945083427,9.18269764837626,0.0004908033866528416,0.0004908033866528416,1.7771165723945128,9.264658230708395,27.04980702622464,24.427015192135837,0.30352749275547214,0.7218538023102096,0.4192305997998779,0.38147770837242967,2.378215547320287,-5.918421932464059,0.1553771030524635,0.3792791774940685,0.9030384271671135,0.6696241175348217,6.748403575989783,0.692236313021961,0.10078508488824174,10.31336405529954,2.2151105245793468,0.5330347144456887,0.014511931429538659,1.4511931429538658,3.1236986059643552,0.7878948297158991,11.89341803423328,1.7561319922357508,16.332803952708666,-6.352214575613199,16.284806776071996,1.1847538380095288,0.11487559555320276,1.069878242456326,0.9469777306468717,0.8923164269492808,1.7771165723945128,0.4061938386729314,0.0496288441145281,31.645936853715703,0.4199752955708488,Healthcare
2024-12-31,PFE,2024,Q4,USD,0.6673422282272139,0.0410403648032427,0.14186792771491302,0.17941789112199516,-0.0005629679671226707,0.023137983448741767,0.0230816866520295,0.0230816866520295,1.2020707856804493,1.048996982069945,0.5445581052437564,0.9657478388517371,0.0832396108643086,1.1712524712175834,0.918874287707873,0.017622238768925293,0.02425863472496802,91.67409146341463,-1.006147989109441,-1.006147989109441,1.7045396415087923,8.463970613072116,25.903774982770503,22.369514953131976,0.29826707154773285,0.7216194460505878,0.41915154229117824,0.39130884849488634,2.419373490697595,4.8170847457627115,0.15632050238399814,0.378370770703147,0.8635619699449487,0.38269355888093687,4.312584573748309,0.9676072559746617,0.10559474618611447,7.329334787350055,2.0385198665453443,5.804878048780488,0.015830203376209905,1.5830203376209906,3.134462678665961,0.07234868537144874,11.361919887065467,3.613375683783307,15.616199047114875,-6.2541026998411855,15.5643197458973,1.18598905946709,0.1618140109405329,1.0241750485265573,-41.0,-0.0031377470975839346,1.7045396415087923,0.4233515187783127,42.1,84.50456746031746,0.4199752955708488,Healthcare
2025-03-29,PFE,2025,Q1,USD,0.7925628873496172,0.25074735690849437,0.3687203791469194,0.3226394458621947,0.2030623405030988,0.21676995989792197,0.21633248268319358,0.21633248268319358,0.9301458121397084,0.5429389312977099,0.26216365646885365,0.7475336567286205,0.06592862499278944,1.258120267749369,0.9604136947218259,0.039057508667615065,0.039229671897289584,12.116995281429054,0.018910917491247656,0.018910917491247656,1.5918494985498903,10.485198687568356,81.199604743083,61.5865096359743,0.2946286076874267,0.6784631052270362,0.4042168714427979,0.3861156036369073,2.302774026434059,1.6354638683520153,0.06405684187424558,0.17025154939846884,0.758458244111349,1.023609756097561,6.76605504587156,0.5222545291881011,0.03809694734952929,4.140070921985815,0.7780739753415529,0.8213683855746545,0.01694661849942109,1.694661849942109,2.416740088105727,0.5228193832599118,10.915418502202643,3.0512775330396478,15.971277533039647,-5.600176211453745,15.918590308370044,0.41145374449339206,0.09938325991189427,0.3120704845814978,1.0653500897666068,0.6293785310734463,1.5918494985498903,0.4262105845088297,-0.06786355475763016,40.27397666600751,0.4294273127753304,Healthcare
