date,symbol,fiscalYear,period,reportedCurrency,grossProfitMargin,ebitMargin,ebitdaMargin,operatingProfitMargin,pretaxProfitMargin,continuousOperationsProfitMargin,netProfitMargin,bottomLineProfitMargin,receivablesTurnover,payablesTurnover,inventoryTurnover,fixedAssetTurnover,assetTurnover,currentRatio,quickRatio,solvencyRatio,cashRatio,priceToEarningsRatio,priceToEarningsGrowthRatio,forwardPriceToEarningsGrowthRatio,priceToBookRatio,priceToSalesRatio,priceToFreeCashFlowRatio,priceToOperatingCashFlowRatio,debtToAssetsRatio,debtToEquityRatio,debtToCapitalRatio,longTermDebtToCapitalRatio,financialLeverageRatio,workingCapitalTurnoverRatio,operatingCashFlowRatio,operatingCashFlowSalesRatio,freeCashFlowOperatingCashFlowRatio,debtServiceCoverageRatio,interestCoverageRatio,shortTermOperatingCashFlowCoverageRatio,operatingCashFlowCoverageRatio,capitalExpenditureCoverageRatio,dividendPaidAndCapexCoverageRatio,dividendPayoutRatio,dividendYield,dividendYieldPercentage,revenuePerShare,netIncomePerShare,interestDebtPerShare,cashPerShare,bookValuePerShare,tangibleBookValuePerShare,shareholdersEquityPerShare,operatingCashFlowPerShare,capexPerShare,freeCashFlowPerShare,netIncomePerEBT,ebtPerEbit,priceToFairValue,debtToMarketCap,effectiveTaxRate,enterpriseValueMultiple,dividendPerShare,sector
1985-09-30,FI,1985,Q3,USD,1.0,1.0,1.0,1.0,0.0,0.013513513513513514,0.013513513513513514,0.013513513513513514,0.0,0.0,0.0,0.0,0.0,0.0,0.0,0.0,0.0,183.6105518412,0.0,0.0,0.0,9.924894694118919,0.0,0.0,0.0,0.0,0.0,0.0,0.0,0.0,0.0,,0.0,0.0,0.0,0.0,0.0,0.0,0.0,,,,0.027918684131146707,0.0003772795152857663,,,,,,,,,0.0,0.0,0.0,,0.0,,,Technology
1985-12-31,FI,1985,Q4,USD,1.0,-1.5188679245283019,-1.5188679245283019,-1.5188679245283019,0.0,0.009433962264150943,0.009433962264150943,0.009433962264150943,1.5142857142857142,0.0,0.0,1.2926829268292683,0.3164179104477612,0.9662921348314607,0.9662921348314607,0.005952380952380952,0.07865168539325842,183.6105518412,-2.359817800737495,-2.359817800737495,4.397857529130539,6.928700069479245,0.0,0.0,0.3492537313432836,0.7005988023952096,0.4119718309859155,0.32113821138211385,2.0059880239520957,0.0,,,0.0,-4.2368421052631575,0.0,,,0.0,0.0,,,,0.03999162862029123,0.0003772795152857663,0.044141703288434656,0.002640956607000364,0.06300567905272297,0.0003772795152857663,0.06300567905272297,,,,0.0,0.0,4.397857529130539,0.1593045699535698,0.0,-5.2449826544397515,,Technology
1986-03-31,FI,1986,Q1,USD,1.0,1.0,1.0,1.0,0.0,0.07051282051282051,0.07051282051282051,0.07051282051282051,0.0,0.0,0.0,0.0,0.0,0.0,0.0,0.0,0.0,19.6523543348,0.025368249948143094,0.025368249948143094,0.0,5.54297173545641,0.0,0.0,0.0,0.0,0.0,0.0,0.0,0.0,0.0,,0.0,0.0,0.0,0.0,0.0,0.0,0.0,,,,0.04998943043991263,0.0035248957361476855,,,,,,,,,0.0,0.0,0.0,,0.0,,,Technology
1986-06-30,FI,1986,Q2,USD,1.0,1.0,1.0,1.0,0.0,0.07643312101910828,0.07643312101910828,0.07643312101910828,0.0,0.0,0.0,0.0,0.0,0.0,0.0,0.0,0.0,18.014658140233333,0.3496963050751176,0.3496963050751176,0.0,5.507666183001274,0.0,0.0,0.0,0.0,0.0,0.0,0.0,0.0,0.0,,0.0,0.0,0.0,0.0,0.0,0.0,0.0,,,,0.05030987550683515,0.003845340803070202,,,,,,,,,0.0,0.0,0.0,,0.0,,,Technology
1986-09-30,FI,1986,Q3,USD,1.0,1.0,1.0,1.0,0.0,0.05759162303664921,0.05759162303664921,0.05759162303664921,0.0,0.0,0.0,0.0,0.0,0.0,0.0,0.0,0.0,19.6523543348,-0.5780104216117646,-0.5780104216117646,0.0,4.527243930529843,0.0,0.0,0.0,0.0,0.0,0.0,0.0,0.0,0.0,,0.0,0.0,0.0,0.0,0.0,0.0,0.0,,,,0.06120500778220072,0.0035248957361476855,,,,,,,,,0.0,0.0,0.0,,0.0,,,Technology
1986-12-31,FI,1986,Q4,USD,1.0,-2.23,-2.23,-2.23,0.0,0.07,0.07,0.07,1.8018018018018018,0.0,0.0,1.4814814814814814,0.390625,1.381679389312977,1.381679389312977,0.08092485549132948,0.3816793893129771,17.055375797057145,0.331074941942874,0.331074941942874,2.8174072113132747,4.775505223176,0.0,0.0,0.15234375,0.23008849557522124,0.18705035971223022,0.09840425531914894,1.5103244837758112,0.0,,,0.0,-10.878048780487806,0.0,,,0.0,0.0,,,,0.0637691690759934,0.004463841835319539,0.02486997593963743,0.01594229226899835,0.10808874158380884,0.058029943859154005,0.10808874158380884,,,,0.0,0.0,2.8174072113132747,0.08166675184591807,0.0,-2.204262431917489,,Technology
1987-03-31,FI,1987,Q1,USD,1.0,1.0,1.0,1.0,0.0,0.08292682926829269,0.08292682926829269,0.08292682926829269,0.0,0.0,0.0,0.0,0.0,0.0,0.0,0.0,0.0,19.64088132127059,0.0,0.0,0.0,6.515024048031219,0.0,0.0,0.0,0.0,0.0,0.0,0.0,0.0,0.0,,0.0,0.0,0.0,0.0,0.0,0.0,0.0,,,,0.06569123871911595,0.005447566137682786,,,,,,,,,0.0,0.0,0.0,,0.0,,,Technology
1987-06-30,FI,1987,Q2,USD,1.0,1.0,1.0,1.0,0.0,0.0794392523364486,0.0794392523364486,0.0794392523364486,0.0,0.0,0.0,0.0,0.0,0.0,0.0,0.0,0.0,24.76943646971765,0.0,0.0,0.0,7.870662055798131,0.0,0.0,0.0,0.0,0.0,0.0,0.0,0.0,0.0,,0.0,0.0,0.0,0.0,0.0,0.0,0.0,,,,0.06065182275845941,0.004818135452774813,,,,,,,,,0.0,0.0,0.0,,0.0,,,Technology
1987-09-30,FI,1987,Q3,USD,1.0,1.0,1.0,1.0,0.0,0.08571428571428572,0.08571428571428572,0.08571428571428572,0.0,0.0,0.0,0.0,0.0,0.0,0.0,0.0,0.0,20.957042677666667,0.0,0.0,0.0,7.1852717751999995,0.0,0.0,0.0,0.0,0.0,0.0,0.0,0.0,0.0,,0.0,0.0,0.0,0.0,0.0,0.0,0.0,,,,0.05918217338246243,0.005072757718496779,,,,,,,,,0.0,0.0,0.0,,0.0,,,Technology
1987-12-31,FI,1987,Q4,USD,1.0,-2.393805309734513,-2.393805309734513,-2.393805309734513,0.0,0.08849557522123894,0.08849557522123894,0.08849557522123894,1.674074074074074,0.0,0.0,1.4580645161290322,0.2864385297845374,2.75,2.75,0.08968609865470852,1.75,16.09568421778,0.0,0.0,2.2750083700042403,5.6975873337274345,0.0,0.0,0.07477820025348543,0.10424028268551237,0.0944,0.059800664451827246,1.3939929328621907,0.0,,,0.0,-23.52173913043478,0.0,,,0.0,0.0,,,,0.06356023677886889,0.0056247997149441505,0.01659315915908524,0.0787471960092181,0.15918183193291946,0.12487055367176013,0.15918183193291946,,,,0.0,0.0,2.2750083700042403,0.045819735900715856,0.0,-1.9716353741634014,,Technology
1988-03-31,FI,1988,Q1,USD,1.0,1.0,1.0,1.0,0.0,0.08786610878661087,0.08786610878661087,0.08786610878661087,0.0,0.0,0.0,0.0,0.0,0.0,0.0,0.0,0.0,19.504189538557142,0.0,0.0,0.0,6.855028959158159,0.0,0.0,0.0,0.0,0.0,0.0,0.0,0.0,0.0,,0.0,0.0,0.0,0.0,0.0,0.0,0.0,,,,0.06723676920200826,0.005907833277163905,,,,,,,,,0.0,0.0,0.0,,0.0,,,Technology
1988-06-30,FI,1988,Q2,USD,1.0,1.0,1.0,1.0,0.0,0.08118081180811808,0.08118081180811808,0.08118081180811808,0.0,0.0,0.0,0.0,0.0,0.0,0.0,0.0,0.0,19.066537473418183,0.0,0.0,0.0,6.191347961847971,0.0,0.0,0.0,0.0,0.0,0.0,0.0,0.0,0.0,,0.0,0.0,0.0,0.0,0.0,0.0,0.0,,,,0.07621603613749324,0.006187279686438565,,,,,,,,,0.0,0.0,0.0,,0.0,,,Technology
1988-09-30,FI,1988,Q3,USD,1.0,1.0,1.0,1.0,0.0,0.06629834254143646,0.06629834254143646,0.06629834254143646,0.0,0.0,0.0,0.0,0.0,0.0,0.0,0.0,0.0,15.944571527083333,0.4689579860906862,0.4689579860906862,0.0,4.228394659116022,0.0,0.0,0.0,0.0,0.0,0.0,0.0,0.0,0.0,,0.0,0.0,0.0,0.0,0.0,0.0,0.0,,,,0.09991971754318855,0.006624511660321893,,,,,,,,,0.0,0.0,0.0,,0.0,,,Technology
1988-12-31,FI,1988,Q4,USD,1.0,-2.0211640211640214,-2.0211640211640214,-2.0211640211640214,0.0,0.06349206349206349,0.06349206349206349,0.06349206349206349,1.5555555555555556,0.0,0.0,1.5491803278688525,0.28293413173652693,1.4055555555555554,1.4055555555555554,0.038461538461538464,0.6055555555555555,16.2351501606,0.0,0.0,2.1890090104179776,4.1232127391999995,0.0,0.0,0.18038922155688622,0.33848314606741575,0.2528856243441763,0.23523093447905477,1.8764044943820224,0.0,,,0.0,-34.72727272727273,0.0,,,0.0,0.0,,,,0.10047262321962512,0.006379214172674611,0.06405794231727421,0.05794452873512771,0.18925002045601344,0.09329600727536617,0.18925002045601344,,,,0.0,0.0,2.1890090104179776,0.15462848460490553,0.0,-2.0701235803895286,,Technology
1989-03-31,FI,1989,Q1,USD,0.6828644501278772,0.09974424552429667,0.18925831202046037,0.09974424552429667,0.10997442455242967,0.06649616368286446,0.06649616368286446,0.06649616368286446,1.7074235807860263,1.7971014492753623,0.0,1.2861842105263157,0.2833333333333333,1.3415300546448088,1.3415300546448088,0.09516380655226209,0.06557377049180328,16.04122936673654,0.0,0.0,2.257493713316103,4.26672085457954,-38.79739195675814,41.707196353515,0.16884057971014493,0.3152909336941813,0.2397119341563786,0.2261780104712042,1.8673883626522327,2.885608856088561,0.1092896174863388,0.10230179028132992,-1.075,3.3529411764705883,0.0,2.3529411764705883,0.17167381974248927,0.4819277108433735,0.4819277108433735,0.0,0.0,0.0,0.10030653857766257,0.006670000007721807,0.05977346160766082,0.0061569230840509,0.1895819232964006,0.10005000011582711,0.1895819232964006,0.010261538473418166,0.021292692332342694,-0.011031153858924529,0.6046511627906976,1.1025641025641026,2.257493713316103,0.13966414694065335,0.3953488372093023,25.368754785683784,0.0,Technology
1989-06-30,FI,1989,Q2,USD,0.6708229426433915,0.08229426433915212,0.17206982543640897,0.08229426433915212,0.11471321695760599,0.06982543640897755,0.06982543640897755,0.06982543640897755,1.6991525423728813,2.0307692307692307,0.0,1.293548387096774,0.10159614897390423,1.040711597673623,1.040711597673623,0.020132117017930166,0.006500171057133082,14.1493253391,0.5925029985748125,0.5925029985748125,2.06344327861875,3.951931266781048,75.4630684752,33.0150924579,0.0534583227767925,0.2747395833333333,0.21552604698672115,0.20249221183800623,5.139322916666667,3.2868852459016393,0.016421484775915155,0.11970074812967581,0.4375,3.1875,0.0,3.0,0.22748815165876776,1.7777777777777777,1.7777777777777777,0.0,0.0,0.0,0.1194049106993601,0.008337499998957812,0.06282901784928922,0.005657589285007087,0.22868571425712858,0.126849107127001,0.22868571425712858,0.014292857141070536,0.008039732141852177,0.00625312499921836,0.6086956521739131,1.393939393939394,2.06344327861875,0.13314617667476736,0.391304347826087,25.74962953593044,0.0,Technology
1989-09-30,FI,1989,Q3,USD,0.6829268292682927,0.0975609756097561,0.1902439024390244,0.0975609756097561,0.11463414634146342,0.07073170731707316,0.07073170731707316,0.07073170731707316,1.5413533834586466,2.1311475409836067,0.0,1.28125,0.09877138039026741,1.0375540046527085,1.0375540046527085,0.01968386519534745,0.007311399135925557,14.971814094825,0.0,0.0,2.1763539285710527,4.23592789024317,66.79732442306538,35.4434782653,0.0751626114189352,0.39097744360902253,0.2810810810810811,0.2597402597402597,5.201754385964913,3.5344827586206895,0.016284479893652375,0.11951219512195121,0.5306122448979592,1.875,0.0,1.53125,0.15705128205128205,2.130434782608696,2.130434782608696,0.0,0.0,0.0,0.11787499998526563,0.008337499998957812,0.0896999999887875,0.006324999999209375,0.22942499997132187,0.1264999999841875,0.22942499997132187,0.014087499998239062,0.0066124999991734375,0.007474999999065625,0.6170212765957447,1.175,2.1763539285710527,0.17964791409903166,0.3829787234042553,25.983723525637178,0.0,Technology
1989-12-31,FI,1989,Q4,USD,0.7038724373576309,0.11617312072892938,0.20273348519362186,0.11617312072892938,0.11389521640091116,0.07061503416856492,0.07061503416856492,0.07061503416856492,1.4931972789115646,1.7808219178082192,0.0,1.4207119741100325,0.09900766801984665,1.0531326781326782,1.0531326781326782,0.01920935412026726,0.01167076167076167,14.102512027041938,0.0,0.0,2.0768545027947747,3.983397474608656,41.63598788936191,32.99455644062642,0.05751014884979702,0.3028503562945368,0.2324521422060164,0.2324521422060164,5.26603325415677,3.06993006993007,0.016277641277641277,0.12072892938496584,0.7924528301886793,0.0,0.0,0.0,0.20784313725490197,4.818181818181818,4.818181818181818,0.0,0.0,0.0,0.11846169080738278,0.008365176344029307,0.06881032153959592,0.010254087131390765,0.22720898327976377,0.1357317322918304,0.22720898327976377,0.014301753104308172,0.002968288380139432,0.01133346472416874,0.62,0.9803921568627451,2.0768545027947747,0.14582165283461032,0.38,22.086645970260676,0.0,Technology
1990-03-31,FI,1990,Q1,USD,0.6846846846846847,0.11036036036036036,0.19369369369369369,0.11036036036036036,0.11036036036036036,0.06981981981981981,0.06981981981981981,0.06981981981981981,1.5913978494623655,1.971830985915493,0.0,1.4368932038834952,0.09335576114381834,1.0514450867052023,1.0514450867052023,0.017534811758638472,0.008670520231213872,14.478260871375001,0.0,0.0,2.0447657722670844,4.043478261374999,24.260869568249998,20.875631954075583,0.063919259882254,0.3462414578587699,0.2571912013536379,0.2571912013536379,5.4168564920273345,2.52991452991453,0.02485549132947977,0.19369369369369369,0.8604651162790697,0.0,0.0,0.0,0.28289473684210525,7.166666666666667,7.166666666666667,0.0,0.0,0.0,0.11941451611410545,0.008337499998957812,0.08176129031236049,0.008068548386088205,0.2361395160995148,0.14792338707828376,0.2361395160995148,0.02312983870678619,0.0032274193544352824,0.019902419352350906,0.6326530612244898,1.0,2.0447657722670844,0.16933062092235784,0.3673469387755102,24.061678465703487,0.0,Technology
1990-06-30,FI,1990,Q2,USD,0.698237885462555,0.11013215859030837,0.19162995594713655,0.11013215859030837,0.11674008810572688,0.07488986784140969,0.07488986784140969,0.07488986784140969,1.6042402826855124,1.8513513513513513,0.0,1.5337837837837838,0.08896727415245934,1.07035848047084,1.07035848047084,0.01694915254237288,0.030765115034777957,16.1235382329,0.0,0.0,2.399126039031072,4.829958589591189,42.169253839892306,32.72837611454329,0.06623554771702919,0.36980306345733044,0.26996805111821087,0.26996805111821087,5.583150984682713,2.058956916099773,0.01792402354200107,0.14757709251101322,0.7761194029850746,0.0,0.0,0.0,0.19822485207100593,4.466666666666667,4.466666666666667,0.0,0.0,0.0,0.11133014704490726,0.008337499998957812,0.08288455881316885,0.02820036764353378,0.22413161761904238,0.14615147056996636,0.22413161761904238,0.016429779409710982,0.0036783088230696232,0.01275147058664136,0.6415094339622641,1.06,2.399126039031072,0.15414074018665636,0.3584905660377358,27.767829881314942,0.0,Technology
1990-09-30,FI,1990,Q3,USD,0.6868250539956804,0.11663066954643629,0.19654427645788336,0.11663066954643629,0.12095032397408208,0.07775377969762419,0.07775377969762419,0.07775377969762419,1.533112582781457,2.101449275362319,0.0,1.5802047781569966,0.08631618195376585,1.0985915492957747,1.0985915492957747,0.016315431679129844,0.0613682092555332,13.326536733300001,0.0,0.0,2.0178983066195584,4.144754405173218,31.459365403200003,25.932720129664865,0.059843400447427295,0.33753943217665616,0.25235849056603776,0.25235849056603776,5.640378548895899,1.4137404580152673,0.018611670020120725,0.15982721382289417,0.8243243243243243,0.0,0.0,0.0,0.23052959501557632,5.6923076923076925,5.6923076923076925,0.0,0.0,0.0,0.1072295138754852,0.008337499998957812,0.0743427083240405,0.05650972221515851,0.2202489583058022,0.14752743053711462,0.2202489583058022,0.01713819444230217,0.0030107638885125436,0.014127430553789627,0.6428571428571429,1.037037037037037,2.0178983066195584,0.16727276645675568,0.35714285714285715,21.934299885661538,0.0,Technology
1990-12-31,FI,1990,Q4,USD,0.6645435244161358,0.09978768577494693,0.1762208067940552,0.09978768577494693,0.12101910828025478,0.07855626326963906,0.07855626326963906,0.07855626326963906,1.6020408163265305,2.0256410256410255,0.0,1.544262295081967,0.08333333333333333,1.0972985895290461,1.0972985895290461,0.015682062298603652,0.05163758068371982,16.84563394189257,0.8224633042218132,0.8224633042218132,2.5006557907724174,5.293320219533121,50.88069027347143,41.552563723335,0.059447983014861996,0.3370110330992979,0.25206301575393847,0.25206301575393847,5.66900702106319,1.178973717146433,0.014343772412144394,0.12738853503184713,0.8166666666666667,0.0,0.0,0.0,0.17857142857142858,5.454545454545454,5.454545454545454,0.0,0.0,0.0,0.12905510561767092,0.010138086853192833,0.09206478872088626,0.059184507034855456,0.2731803403414393,0.1767315140624156,0.2731803403414393,0.016440140843015406,0.003014025821219491,0.013426115021795915,0.6491228070175439,1.2127659574468086,2.5006557907724174,0.13476906111704398,0.3508771929824561,31.483781004820482,0.0,Technology
1991-03-31,FI,1991,Q1,USD,0.6666666666666666,0.09853249475890985,0.1719077568134172,0.09853249475890985,0.1278825995807128,0.08176100628930817,0.08176100628930817,0.08176100628930817,1.523961661341853,1.7096774193548387,0.0,1.627986348122867,0.08234075608493009,1.0678796361091671,1.0678796361091671,0.015569114243635598,0.02589223233030091,19.194902526503846,0.0,0.0,2.879235378975577,6.2775781847685534,230.33883031804618,115.16941515902307,0.05558432591058174,0.3096153846153846,0.23641703377386197,0.23641703377386197,5.570192307692308,1.3667621776504297,0.006064847212502915,0.05450733752620545,0.5,0.0,0.0,0.0,0.08074534161490683,2.0,2.0,0.0,0.0,0.0,0.12236884629551163,0.010005000011582712,0.08260538471101624,0.02847576926373541,0.2668000003088723,0.17932038482298246,0.2668000003088723,0.006670000007721807,0.0033350000038609036,0.0033350000038609036,0.639344262295082,1.297872340425532,2.879235378975577,0.10753389142000082,0.36065573770491804,39.09030236749513,0.0,Technology
1991-06-30,FI,1991,Q2,USD,0.6400560224089635,0.08823529411764706,0.16526610644257703,0.08823529411764706,0.09663865546218488,0.06162464985994398,0.06162464985994398,0.06162464985994398,1.5321888412017168,2.519607843137255,0.0,1.6117381489841986,0.10304517246355896,1.1093384386300786,1.1093384386300786,0.018439187930713353,0.06083811954903212,21.937031487,0.0,0.0,2.474947142123077,5.407447537411765,55.155964881600006,40.217891059500005,0.07475826237552316,0.33205128205128204,0.2492781520692974,0.2492781520692974,4.441666666666666,1.7739130434782608,0.0204211869814933,0.13445378151260504,0.7291666666666666,0.0,0.0,0.0,0.18532818532818532,3.6923076923076925,3.6923076923076925,0.0,0.0,0.0,0.1623538636160694,0.010004999998749375,0.11778613634891309,0.06503249999187094,0.35472272722838694,0.2119240908826004,0.35472272722838694,0.021829090906362272,0.0059120454538064485,0.015917045452555824,0.6376811594202898,1.0952380952380953,2.474947142123077,0.13416499948618676,0.36231884057971014,34.68574187891526,0.0,Technology
1991-09-30,FI,1991,Q3,USD,0.6237864077669902,0.08131067961165049,0.15048543689320387,0.08131067961165049,0.09344660194174757,0.05946601941747573,0.05946601941747573,0.05946601941747573,1.73109243697479,3.369565217391304,0.0,1.8942528735632185,0.11422234543942335,1.1149332254148119,1.1149332254148119,0.01891506067094932,0.07223796033994334,26.236881535714286,0.0,0.0,3.194055143478261,6.240811627427185,67.66353659210526,48.060082065420566,0.0718048239534239,0.3217391304347826,0.24342105263157895,0.24342105263157895,4.480745341614907,1.5231053604436229,0.021651153379198707,0.12985436893203883,0.7102803738317757,0.0,0.0,0.0,0.20656370656370657,3.4516129032258065,3.4516129032258065,0.0,0.0,0.0,0.1682473470895114,0.010005000008963663,0.10576714295190158,0.07289357149387812,0.32873571458023465,0.2035711226313627,0.32873571458023465,0.021847653080798203,0.00632969388322191,0.015517959197576293,0.6363636363636364,1.1492537313432836,3.194055143478261,0.10073061233514435,0.36363636363636365,42.76958694354839,0.0,Technology
1991-12-31,FI,1991,Q4,USD,0.6553884711779449,0.09523809523809523,0.16791979949874686,0.09523809523809523,0.10025062656641603,0.06390977443609022,0.06390977443609022,0.06390977443609022,1.6556016597510372,2.0833333333333335,0.0,1.7124463519313304,0.10782326712606405,1.111701081612586,1.111701081612586,0.019016050244242848,0.047984267453294004,26.537319566666664,1.5610187980392163,1.5610187980392163,3.2436268373876573,6.78397643057644,416.43178396923076,62.948990599999995,0.0697203080664775,0.3091671659676453,0.23615560640732267,0.23615560640732267,4.434391851408029,1.4049295774647887,0.016912487708947887,0.10776942355889724,0.1511627906976744,0.0,0.0,0.0,0.16666666666666666,1.178082191780822,1.178082191780822,0.0,0.0,0.0,0.18278365390703988,0.011681662091803302,0.11819093410530399,0.055888736282353045,0.38228811825921,0.2343203984297015,0.38228811825921,0.019698489017550665,0.016720810445130217,0.0029776785724204492,0.6375,1.0526315789473684,3.2436268373876573,0.09531526943976129,0.3625,42.42994919104478,0.0,Technology
1992-03-31,FI,1992,Q1,USD,0.6654366543665436,0.0984009840098401,0.16851168511685116,0.0984009840098401,0.10947109471094711,0.06765067650676507,0.06765067650676507,0.06765067650676507,1.519626168224299,2.3859649122807016,0.0,1.6558044806517311,0.10053171757141091,1.1503693281744636,1.1503693281744636,0.01764891270091396,0.06946887091100949,23.345470125000002,0.0,0.0,2.9500306878230904,6.317347389298893,128.40008568750002,61.87955936746988,0.06430072956597008,0.2986789201608271,0.22998673153471916,0.22998673153471916,4.645031591039633,1.1426563598032327,0.014597256419275414,0.10209102091020911,0.4819277108433735,0.0,0.0,0.0,0.1596153846153846,1.930232558139535,1.930232558139535,0.0,0.0,0.0,0.17254077270570514,0.011672499998540937,0.11035818180438704,0.08382977271679401,0.36948768177199587,0.23132772724381132,0.36948768177199587,0.01761486363416178,0.009125772726132006,0.008489090908029772,0.6179775280898876,1.1125,2.9500306878230904,0.10124603835264866,0.38202247191011235,38.40148487226278,0.0,Technology
1992-06-30,FI,1992,Q2,USD,0.6658566221142163,0.09356014580801944,0.16403402187120292,0.09356014580801944,0.1117861482381531,0.0692588092345079,0.0692588092345079,0.0692588092345079,1.5949612403100775,2.1153846153846154,0.0,1.6105675146771037,0.10642700116384327,1.1710051301539046,1.1710051301539046,0.01937984496124031,0.08303249097472924,23.345470125000002,0.0,0.0,2.9587366250694833,6.4675178475091135,120.97198155681819,51.180453735576926,0.06698564593301436,0.28793774319066145,0.22356495468277945,0.22356495468277945,4.298499166203446,0.9378917378917379,0.019760592817784535,0.12636695018226002,0.4230769230769231,0.0,0.0,0.0,0.20077220077220076,1.7333333333333334,1.7333333333333334,0.0,0.0,0.0,0.16853451752279283,0.011672499998540937,0.10607640349551238,0.08948916665548053,0.36840048241009027,0.23836473681230966,0.36840048241009027,0.021297192979793992,0.012286842103727302,0.009010350876066688,0.6195652173913043,1.1948051948051948,2.9587366250694833,0.09731780137202971,0.3804347826086957,40.027905100000005,0.0,Technology
1992-09-30,FI,1992,Q3,USD,0.6618876941457587,0.0991636798088411,0.16845878136200718,0.0991636798088411,0.1135005973715651,0.07048984468339307,0.07048984468339307,0.07048984468339307,1.55,2.065693430656934,0.0,1.5973282442748091,0.10054054054054054,1.166291356313875,1.166291356313875,0.018089053803339517,0.09388532825220856,24.8447205,0.0,0.0,3.157433515347334,7.0052019569892465,99.37888199999999,54.29031516666666,0.062342342342342344,0.27948303715670436,0.21843434343434343,0.21843434343434343,4.483037156704362,0.9,0.01870777758531093,0.12903225806451613,0.5462962962962963,0.0,0.0,0.0,0.20809248554913296,2.204081632653061,2.204081632653061,0.0,0.0,0.0,0.16559122879286042,0.011672499998540937,0.10267843219055503,0.10722872880015573,0.3673869914795004,0.24334194912212462,0.3673869914795004,0.0213666101668207,0.009694110168279762,0.011672499998540937,0.6210526315789474,1.144578313253012,3.157433515347334,0.088515889819444,0.37894736842105264,41.42095062411347,0.0,Technology
1992-12-31,FI,1992,Q4,USD,0.6757075471698113,0.10259433962264151,0.16627358490566038,0.10259433962264151,0.11438679245283019,0.07075471698113207,0.07075471698113207,0.07075471698113207,1.5446265938069217,2.806122448979592,0.0,1.6,0.0944110443108439,1.1611329661683714,1.1611329661683714,0.01615417316140003,0.09063729346970889,23.378462291666665,1.7095500550781253,1.7095500550781253,2.9147173766233765,6.616545931603774,207.8085537037037,85.01259015151514,0.05856156757960365,0.27324675324675324,0.2146062831497348,0.2146062831497348,4.665974025974026,0.8548387096774194,0.01038552321007081,0.07783018867924528,0.4090909090909091,0.0,0.0,0.0,0.12547528517110265,1.6923076923076923,1.6923076923076923,0.0,0.0,0.0,0.18892032382476254,0.013367004044204897,0.11718406878752959,0.128323238824367,0.42885804641824044,0.29140068816366677,0.42885804641824044,0.014703704448625387,0.008688552628733182,0.0060151518198922034,0.6185567010309279,1.1149425287356323,2.9147173766233765,0.09374725503002367,0.38144329896907214,39.438517375886526,0.0,Technology
1993-03-31,FI,1993,Q1,USD,0.6439317953861585,0.09528585757271815,0.16649949849548645,0.09528585757271815,0.10631895687061184,0.06820461384152457,0.06820461384152457,0.06820461384152457,1.3583106267029972,2.38255033557047,0.0,1.5221374045801526,0.10447448391491146,1.1145949387235397,1.1145949387235397,0.01969954648526077,0.06127646028967054,25.487256375,1.9940029987499994,1.9940029987499994,2.7875085379975877,6.953393915747242,94.96621553424657,59.763221844827584,0.07251388452268678,0.2782468837957378,0.21767851525636991,0.21767851525636991,3.837153196622437,1.143348623853211,0.018462517905459174,0.11634904714142427,0.6293103448275862,0.0,0.0,0.0,0.1676300578034682,2.697674418604651,2.697674418604651,0.0,0.0,0.0,0.22003643379602486,0.015007499998124063,0.15272338233385074,0.08496893381290829,0.5488772425784492,0.2460788602633578,0.5488772425784492,0.02560102940856458,0.009490036763519628,0.01611099264504495,0.6415094339622641,1.1157894736842104,2.7875085379975877,0.09981920413977174,0.3584905660377358,43.611649,0.0,Technology
1993-06-30,FI,1993,Q2,USD,0.6528776978417267,0.1052158273381295,0.17625899280575538,0.1052158273381295,0.11151079136690648,0.06924460431654676,0.06924460431654676,0.06924460431654676,1.5129251700680273,3.138211382113821,0.0,1.637702503681885,0.11300813008130081,1.1502132364555362,1.1502132364555362,0.022209567198177675,0.07265834781235192,23.488255874999997,0.0,0.0,2.5690279863281247,6.505739936600719,401.9101560833333,99.10113437671232,0.05457317073170732,0.19069602272727273,0.1601550849985088,0.1601550849985088,3.4943181818181817,1.3309395571514064,0.011530563891960196,0.06564748201438848,0.2465753424657534,0.0,0.0,0.0,0.13594040968342644,1.3272727272727274,1.3272727272727274,0.0,0.0,0.0,0.21673168828459685,0.015007499998124063,0.10466269479211197,0.08965519479398791,0.5488457142171086,0.2865068181460048,0.5488457142171086,0.014227889608611124,0.010719642855802902,0.0035082467528082225,0.6209677419354839,1.0598290598290598,2.5690279863281247,0.07422886155468934,0.3790322580645161,37.30297351785714,0.0,Technology
1993-09-30,FI,1993,Q3,USD,0.6486254295532646,0.1056701030927835,0.17010309278350516,0.1056701030927835,0.1134020618556701,0.06786941580756013,0.06786941580756013,0.06786941580756013,1.3890214797136038,2.1526315789473682,0.0,1.6144244105409153,0.11374963353855175,1.1386630532971997,1.1386630532971997,0.02099522835719155,0.0630834086118639,26.153589875,0.0,0.0,2.8518062113526574,7.10011546434708,165.29068801000003,63.57334154230769,0.05150004886152643,0.1818495514147688,0.15386861313868613,0.15386861313868613,3.531055900621118,1.2435897435897436,0.019572417946401688,0.11168384879725086,0.38461538461538464,0.0,0.0,0.0,0.24667931688804554,1.625,1.625,0.0,0.0,0.0,0.22112316452932163,0.015007499998124063,0.10011332277229597,0.07959674049637952,0.5505282910704244,0.28780205692605004,0.5505282910704244,0.024695886072862383,0.015197468352530696,0.009498417720331685,0.5984848484848485,1.0731707317073171,2.8518062113526574,0.06376644762566622,0.4015151515151515,42.28552727525253,0.0,Technology
1993-12-31,FI,1993,Q4,USD,0.6491365777080063,0.10361067503924647,0.16718995290423863,0.10361067503924647,0.10832025117739404,0.065149136577708,0.065149136577708,0.065149136577708,1.2168099331423115,2.1594202898550723,0.0,1.318840579710145,0.10774695534506089,1.1615281501340482,1.1615281501340482,0.01874928546930376,0.048123324396782845,22.51589391686747,0.2539386531977534,0.2539386531977534,2.4294042185245366,5.867564191836735,-186.88191951,111.57129522985075,0.09396143437077131,0.36106597335066626,0.26528175740210125,0.26528175740210125,3.84270393240169,1.198494825964252,0.008981233243967829,0.05259026687598116,-0.5970149253731343,0.0,0.0,0.0,0.06030603060306031,0.6261682242990654,0.6261682242990654,0.0,0.0,0.0,0.24371271506317588,0.01587767295937488,0.21253126093813846,0.06867571798091063,0.5886216830842953,0.28044178986076596,0.5886216830842953,0.012816916726242373,0.02046880730907364,-0.007651890582831268,0.6014492753623188,1.0454545454545454,2.4294042185245366,0.14862325939729965,0.39855072463768115,38.62571258403756,0.0,Technology
1994-03-31,FI,1994,Q1,USD,0.6607799852832965,0.10228108903605593,0.1692420897718911,0.10228108903605593,0.10669610007358352,0.0640176600441501,0.0640176600441501,0.0640176600441501,1.4141519250780437,2.38860103626943,0.0,1.3603603603603605,0.09871431684462846,1.1415217391304349,1.1415217391304349,0.016789285040558384,0.04826086956521739,22.638680640804594,-0.5523057432196293,-0.5523057432196293,2.4891819472353873,5.797101444444444,143.2411066,35.64823919909502,0.0826614367690855,0.3595576619273302,0.2644666511735998,0.2644666511735998,4.349763033175355,1.0841643398484244,0.02402173913043478,0.1626195732155997,0.248868778280543,0.0,0.0,0.0,0.19420035149384884,1.3313253012048192,1.3313253012048192,0.0,0.0,0.0,0.2604750002170625,0.016675000013895835,0.21811666684843056,0.08510000007091667,0.6066250005055208,0.28769166690640974,0.6066250005055208,0.04235833336863194,0.031816666693180555,0.01054166667545139,0.6,1.0431654676258992,2.4891819472353873,0.1444481237406825,0.4,37.27069940434782,0.0,Technology
1994-06-30,FI,1994,Q2,USD,1.0,0.12592047128129602,0.12592047128129602,0.12592047128129602,0.11487481590574374,0.06921944035346098,0.06921944035346098,0.06921944035346098,0.0,0.0,0.0,0.0,0.1046063780619319,0.0,0.0,0.009703726643955817,0.0,20.71691426170213,2.162327926065158,2.162327926065158,2.3640545561153266,5.7360528441826215,-1112.7942517714287,53.721101809655174,0.09413033430904329,0.3708649468892261,0.27053353996015056,0.27053353996015056,3.939908952959029,2.086021505376344,0.0,0.10677466863033873,-0.04827586206896552,0.0,0.0,0.0,0.11865793780687398,0.9539473684210527,0.9539473684210527,0.0,0.0,0.0,0.2649905852142821,0.018342500007468714,0.2384525000970933,0.0,0.6429631651554193,0.30245611714443094,0.6429631651554193,0.028294281926414505,0.029660212778034517,-0.0013659308516200106,0.6025641025641025,0.9122807017543859,2.3640545561153266,0.15687664480071928,0.3974358974358974,52.69917989707602,0.0,Technology
1994-09-30,FI,1994,Q3,USD,1.0,0.12625538020086083,0.12625538020086083,0.12625538020086083,0.11406025824964132,0.06814921090387374,0.06814921090387374,0.06814921090387374,0.0,0.0,0.0,0.0,0.10296181401876062,0.0,0.0,0.009363295880149813,0.0,21.670982700789477,0.0,0.0,2.427047870999116,5.907441482281205,-187.15848696136362,130.7138639095238,0.09424625156953985,0.37606837606837606,0.2732919254658385,0.2732919254658385,3.9902740937223697,0.0,0.0,0.04519368723098996,-0.6984126984126984,0.0,0.0,0.0,0.0493730407523511,0.5887850467289719,0.5887850467289719,0.0,0.0,0.0,0.2691520525034484,0.018342499991268003,0.2463687367248208,0.0,0.6551168681091826,0.37515239455824984,0.6551168681091826,0.012163973678419834,0.020659447358586068,-0.008495473680166234,0.5974842767295597,0.9034090909090909,2.427047870999116,0.15494889102189985,0.4025157232704403,54.039621740340905,0.0,Technology
1994-12-31,FI,1994,Q4,USD,1.0,0.05967213114754098,0.05967213114754098,0.05967213114754098,0.11016393442622952,0.06622950819672131,0.06622950819672131,0.06622950819672131,1.2708333333333333,0.0,0.0,1.3447971781305115,0.10751551043429217,0.2024376731301939,0.2024376731301939,0.009460472086923941,0.03135734072022161,21.65927300866337,9.909117401463481,9.909117401463481,2.4943974616590654,5.737931997049181,89.28924791326531,43.53406117164179,0.09863226170332769,0.39880273660205245,0.2851029142041981,0.2851029142041981,4.043329532497149,-0.423728813559322,0.02227146814404432,0.1318032786885246,0.48756218905472637,0.0,0.0,0.0,0.14367405289492494,1.9514563106796117,1.9514563106796117,0.0,0.0,0.0,0.27710331889915774,0.018352416530370445,0.2542082250097847,0.051423107703909274,0.6374284870152428,0.36904710864537005,0.6374284870152428,0.03652312596638079,0.018715830719090654,0.017807295247290137,0.6011904761904762,1.8461538461538463,2.4943974616590654,0.15987938679860672,0.39880952380952384,108.42138786263737,0.0,Technology
1995-03-31,FI,1995,Q1,USD,0.6743119266055045,0.11664482306684142,0.19331585845347313,0.11664482306684142,0.11598951507208388,0.06815203145478375,0.06815203145478375,0.06815203145478375,1.295415959252971,2.248868778280543,0.0,1.2611570247933885,0.11411905474125038,1.189439841721281,1.189439841721281,0.022668991691455535,0.037838506244590085,26.713915785576923,-12.488755629757161,-12.488755629757161,3.067344456748551,7.282430515596331,127.73550536551726,45.73246488395062,0.10207897098414598,0.37675959149875793,0.27365677626303125,0.27365677626303125,3.690863924924096,-0.5386516060713025,0.030048225547174477,0.15923984272608127,0.35802469135802467,0.0,0.0,0.0,0.17802197802197803,1.5576923076923077,1.5576923076923077,0.0,0.0,0.0,0.2691409132984365,0.018342499988884268,0.24074531235410604,0.05396927881344794,0.6389892063435356,0.3128807209642374,0.6389892063435356,0.0428579567047969,0.027513749983326403,0.015344206721470494,0.5875706214689266,0.9943820224719101,3.067344456748551,0.12282924099699287,0.4124293785310734,41.26097954847458,0.0,Technology
1995-06-30,FI,1995,Q2,USD,0.6726224783861672,0.1314121037463977,0.20922190201729107,0.1314121037463977,0.1170028818443804,0.069164265129683,0.069164265129683,0.069164265129683,1.2527075812274369,2.272,0.0,1.3356428021555042,0.08792378249632594,1.1707787201233617,1.1707787201233617,0.017444246818990285,0.058114880493446416,23.988005989999998,1.291119145932353,1.291119145932353,2.2510738758944284,6.636451224899135,-1046.749352290909,191.90404791999998,0.19855065119343232,0.7659824046920821,0.4337429425440053,0.4337429425440053,3.8578690127077224,1.0502421307506054,0.005782575173477255,0.0345821325648415,-0.18333333333333332,0.0,0.0,0.0,0.015313935681470138,0.8450704225352113,0.8450704225352113,0.0,0.0,0.0,0.31342052092481293,0.02167750000632712,0.7077703752065805,0.10892943753179378,0.9240034377696935,-0.0830970833575873,0.9240034377696935,0.01083875000316356,0.012825854170410213,-0.0019871041672466527,0.5911330049261084,0.8903508771929824,2.2510738758944284,0.3402742188493175,0.4088669950738916,40.85190874710744,0.0,Technology
1995-09-30,FI,1995,Q3,USD,0.7088750706613907,0.15149802148106276,0.23346523459581683,0.15149802148106276,0.12549462973431316,0.07405313736574336,0.07405313736574336,0.07405313736574336,1.238795518207283,1.537313432835821,0.0,1.344224924012158,0.08421403408549938,1.1506075646072222,1.1506075646072222,0.017517136329017517,0.0707684408694164,24.679967708396948,0.0,0.0,2.463295824609524,7.310516155568118,60.150246880000005,39.91451567654321,0.1775207083690374,0.7102857142857143,0.4153023722018042,0.4153023722018042,4.001142857142857,1.0016987542468856,0.02772548348451138,0.18315432447710572,0.6635802469135802,0.0,0.0,0.0,0.08688656476267095,2.9724770642201834,2.9724770642201834,0.0,0.0,0.0,0.29272898855028867,0.021677500000049643,0.6170641030548483,0.1368495610690157,0.8687547709943559,-0.04385143129781035,0.8687547709943559,0.053614580152794536,0.0180370038168352,0.035577576335959336,0.5900900900900901,0.8283582089552238,2.463295824609524,0.288347711707873,0.4099099099099099,38.33971689878935,0.0,Technology
1995-12-31,FI,1995,Q4,USD,-0.20224719101123595,-0.7916241062308478,-0.6654749744637385,-0.7916241062308478,-0.8181818181818182,-0.491317671092952,-0.491317671092952,-0.491317671092952,1.2664941785252264,5.362186788154897,0.0,1.3202966958867162,0.10385615021481992,1.2224615961034095,1.2224615961034095,-0.049276361130255,0.055919820157362306,-3.511238500675676,0.004193388853311072,0.004193388853311072,3.111039776790237,6.900534091215526,93.18100517655172,52.16697201003861,0.20230202089853075,0.8781947962238085,0.4675738629398063,0.4675738629398063,4.341008519456596,0.947037484885127,0.024260022480329713,0.13227783452502553,0.5598455598455598,0.0,0.0,0.0,0.06790770844257997,2.2719298245614037,2.2719298245614037,0.0,0.0,0.0,0.3202650651075487,-0.15735188592107346,0.6238462504188922,0.0976497670424957,0.7103734309305844,0.12496553102255732,0.7103734309305844,0.04236396928644286,0.018646689183994154,0.023717280102448706,0.6004993757802747,1.033548387096774,3.111039776790237,0.282283371230268,0.3995006242197253,-12.838254605218726,0.0,Technology
1996-03-31,FI,1996,Q1,USD,0.8233179250128403,0.15254237288135594,0.23266563944530047,0.15254237288135594,0.12788906009244994,0.07550077041602465,0.07550077041602465,0.07550077041602465,1.2417091836734695,0.884318766066838,0.0,1.3137651821862348,0.09714114653494986,0.2289217332885455,0.2289217332885455,0.019484277538421968,0.04106483036614041,19.402063663265306,-0.1648608702136192,-0.1648608702136192,2.5397180396260017,5.859483016949153,131.13118889655175,62.68359029670331,0.18096093399191737,0.8074354407836153,0.4467298928439463,0.4467298928439463,4.46193232413179,-0.5720581754076686,0.015283842794759825,0.09347714432460195,0.47802197802197804,0.0,0.0,0.0,0.05017921146953405,1.9157894736842105,1.9157894736842105,0.0,0.0,0.0,0.3754597451065692,0.02834750001575022,0.6994311738580002,0.09429882658300583,0.866237891637755,0.186669251804396,0.866237891637755,0.03509690478140503,0.01831981293534878,0.01677709184605625,0.5903614457831325,0.8383838383838383,2.5397180396260017,0.31792326084454553,0.40963855421686746,32.11128793377484,0.0,Technology
1996-06-30,FI,1996,Q2,USD,0.8208651399491094,0.19592875318066158,0.28040712468193385,0.15419847328244274,0.13129770992366413,0.10279898218829517,0.07735368956743002,0.10279898218829517,1.237405541561713,0.8502415458937198,0.0,1.345890410958904,0.10415562387363511,0.24532542250988854,0.24532542250988854,0.021710016212025094,0.05519597267170083,27.307940455921056,-1.10402102128938,-1.10402102128938,3.548456464458218,8.449479795012723,33.140175243912175,28.825048259027778,0.16150747376232374,0.6512075229749946,0.3943826041936319,0.3943826041936319,4.032058132079504,-0.22358764294248165,0.05177993527508091,0.2931297709923664,0.8697916666666666,0.0,0.0,0.0,0.18903839842468,7.68,7.68,0.0,0.0,0.0,0.2757566212981863,0.021330792080063263,0.42759818071021555,0.08616517327078187,0.6566235272540527,0.16012127475889595,0.6566235272540527,0.08083247525076606,0.010525061881610164,0.07030741336915589,0.5891472868217055,0.8514851485148515,3.548456464458218,0.18351853249365474,0.4108527131782946,34.54850779891107,0.0,Technology
1996-09-30,FI,1996,Q3,USD,0.8143438453713123,0.15615462868769076,0.237029501525941,0.15615462868769076,0.1353001017293998,0.07985757884028484,0.07985757884028484,0.07985757884028484,1.231829573934837,0.8588235294117647,0.0,1.3539944903581267,0.10773193051674064,0.26859267734553777,0.26859267734553777,0.02357857036263244,0.06578947368421052,24.95810919442675,0.7594396083446995,0.7594396083446995,3.2336894107901797,7.97237669079349,67.2690668416309,48.37559436450618,0.15885801961751328,0.5981019187126058,0.3742576813839401,0.3742576813839401,3.7650092840932534,-0.2447404456616457,0.030892448512585814,0.16480162767039674,0.7191358024691358,0.0,0.0,0.0,0.11176267678509831,3.5604395604395602,3.5604395604395602,0.0,0.0,0.0,0.3549757004417626,0.02834749998441339,0.5234356844255695,0.12458455407162572,0.8751613530219853,0.24628019094738765,0.8751613530219853,0.05850057321624164,0.016430716551475277,0.04206985666476637,0.5902255639097744,0.8664495114006515,3.2336894107901797,0.18495960580408816,0.40977443609022557,38.37487676845494,0.0,Technology
1996-12-31,FI,1996,Q4,USD,0.3824228028503563,0.15724465558194775,0.2517814726840855,0.15724465558194775,0.12969121140142517,0.07648456057007126,0.07648456057007126,0.07648456057007126,1.3098942128189173,2.9885057471264367,0.0,1.464857341684064,0.11029604401362327,0.2622529469112825,0.2622529469112825,0.02569226377390808,0.07161215988655499,25.856799083229816,0.2670611000202204,0.2670611000202204,3.2824322116301996,7.910583662517815,54.417577155555556,40.91346095724816,0.14225831805082526,0.5351862803075104,0.348613251155624,0.348613251155624,3.76207372363493,-0.26320725226633324,0.03607196667552956,0.19334916864608076,0.7518427518427518,1.2590361445783131,0.0,1.2259036144578312,0.14990791896869246,4.02970297029703,4.02970297029703,0.0,0.0,0.0,0.3438431493858023,0.026298692185802455,0.44348415704629607,0.13198349867160486,0.8286538227240736,0.2696841043401233,0.8286538227240736,0.06648178707839503,0.016497937333950607,0.04998384974444442,0.5897435897435898,0.824773413897281,3.2824322116301996,0.1829834560881898,0.41025641025641024,35.01656341433962,0.0,Technology
1997-03-31,FI,1997,Q1,USD,0.7162227602905569,0.16368038740920096,0.2343825665859564,0.16368038740920096,0.1486682808716707,0.08765133171912833,0.08765133171912833,0.08765133171912833,1.1459489456159822,1.257510729613734,0.0,1.4066757493188011,0.09783947692599261,0.21457085828343314,0.21457085828343314,0.02065045784654247,0.03208966682020574,21.778584402762426,-0.5054446463474446,-0.5054446463474446,2.991404877177006,7.635687703438257,84.31922517433155,54.55949864221453,0.13200037903913578,0.5285524568393094,0.34578627280625546,0.34578627280625546,4.0041737810662115,-0.2225815144165993,0.022186396437893444,0.13995157384987894,0.6470588235294118,0.0,0.0,0.0,0.1037329504666188,2.8333333333333335,2.8333333333333335,0.0,0.0,0.0,0.36146056611995875,0.031682499984364426,0.48766544174828336,0.07316732040588027,0.9226434111468778,0.33047823188110514,0.9226434111468778,0.050586975113156456,0.017854226510525806,0.032732748602630646,0.5895765472312704,0.908284023668639,2.991404877177006,0.1766903774450302,0.41042345276872966,37.47044443719008,0.0,Technology
1997-06-30,FI,1997,Q2,USD,0.8024328859060402,0.15855704697986578,0.2269295302013423,0.15855704697986578,0.1480704697986577,0.087248322147651,0.087248322147651,0.087248322147651,1.3400786958965711,0.9092664092664092,0.0,1.604306864064603,0.08331877118792158,0.1656643536365973,0.1656643536365973,0.01685444303107396,0.03690567977383706,27.5695485625,-5.140909937830882,-5.140909937830882,3.4749074994697775,9.621587417785236,39.89193809391305,34.33812036526946,0.09555097333379932,0.41417966974700804,0.29287627209426886,0.27739463601532566,4.334646265717316,-0.18017609492498962,0.03433564636340272,0.2802013422818792,0.8607784431137725,1.98,0.0,3.34,0.24433065106071689,7.182795698924731,7.182795698924731,0.0,0.0,0.0,0.3440180768800747,0.030014999996248126,0.39452408648914605,0.10360947114089497,0.952543341227086,0.4616249278269123,0.952543341227086,0.09639432691102763,0.013420168267553248,0.08297415864347438,0.5892351274787535,0.9338624338624338,3.4749074994697775,0.11919156691514986,0.41076487252124644,46.125442521256936,0.0,Technology
1997-09-30,FI,1997,Q3,USD,0.80444817456987,0.1741502308015107,0.2400335711288292,0.1741502308015107,0.1649181703734788,0.09735627360469996,0.09735627360469996,0.09735627360469996,1.4100591715976332,1.1121718377088305,0.0,1.625511596180082,0.07678180177857971,0.14249771271729186,0.14249771271729186,0.01608434980359727,0.03302836230558097,24.36281859375,2.1496604641544126,2.1496604641544126,3.30005775142315,9.487492931179187,43.81530165697674,36.58364992718447,0.07877948189199639,0.3568822069770836,0.26301635111876076,0.24415269196822595,4.530141585170048,-0.13626097149555422,0.0282708142726441,0.2593369702056232,0.8349514563106796,1.771551724137931,0.0,2.663793103448276,0.252760736196319,6.0588235294117645,6.0588235294117645,0.0,0.0,0.0,0.3425562499571805,0.03334999999583125,0.3514687499560664,0.10378749998702656,0.9848312498768961,0.49651249993793595,0.9848312498768961,0.08883749998889531,0.014662499998167187,0.07417499999072813,0.5903307888040712,0.946987951807229,3.30005775142315,0.10814423075571274,0.40966921119592875,42.53792946678322,0.0,Technology
1997-12-31,FI,1997,Q4,USD,0.42279138827023016,0.16778025241276912,0.22939866369710468,0.16778025241276912,0.15219005196733482,0.08982925018559762,0.08982925018559762,0.08982925018559762,1.3619817997977754,2.890334572490706,0.0,1.806841046277666,0.07408222191667813,0.14519717661500692,0.14519717661500692,0.014229910714285714,0.03429492097590916,26.562191516115703,7.393143305318858,7.393143305318858,3.342285374704277,9.544246988715665,1285.6100693800001,212.49753212892563,0.09542142169668637,0.4510594046535812,0.31084833826032426,0.24674434544208362,4.727024567788899,-0.1313249488154431,0.004641706306582783,0.04491462509279881,0.1652892561983471,0.47368421052631576,0.0,0.12736842105263158,0.034870317002881845,1.198019801980198,1.198019801980198,0.0,0.0,0.0,0.3813815803702102,0.03425922139925422,0.4912375960967444,0.12656092533443503,1.0890751662167881,0.5147377231722658,1.0890751662167881,0.01712961069962711,0.014298270088118497,0.002831340611508613,0.5902439024390244,0.9070796460176991,3.342285374704277,0.13495538354306164,0.4097560975609756,45.77378865307444,0.0,Technology
1998-03-31,FI,1998,Q1,USD,0.7132943754565376,0.1804236669101534,0.24506939371804237,0.1804236669101534,0.16837107377647917,0.09934258582907232,0.09934258582907232,0.09934258582907232,1.881786941580756,1.3418803418803418,0.0,1.7895424836601308,0.07776420801499617,0.2463258286429018,0.2463258286429018,0.016275192112512687,0.0649624765478424,30.57167068272059,2.783631067426667,2.783631067426667,4.364516166224905,12.148275274945217,48.91467309235294,40.17147065555556,0.11284046692607004,0.5213226610681013,0.3426772468518199,0.310753368906575,4.619997375672484,-0.1715323894248841,0.0647279549718574,0.30241051862673485,0.821256038647343,0.8975791433891993,0.0,1.541899441340782,0.2084067455323433,5.594594594594595,5.594594594594595,0.0,0.0,0.0,0.386063033134648,0.03835250000461076,0.5602003033761711,0.11717252758761597,1.0745750093203625,0.39424113975327824,1.0745750093203625,0.11674952207285923,0.020868272061332325,0.0958812500115269,0.5900216919739696,0.9331983805668016,4.364516166224905,0.11944569368361857,0.40997830802603036,54.25331997436662,0.0,Technology
1998-06-30,FI,1998,Q2,USD,0.6924807197943444,0.16966580976863754,0.22879177377892032,0.16934447300771208,0.15616966580976863,0.09222365038560411,0.09222365038560411,0.09222365038560411,1.4481154025127967,1.687830687830688,0.0,1.9596977329974812,0.07917164881573256,0.24459016393442623,0.24459016393442623,0.015032554576790503,0.043081967213114754,30.767225065505222,0.0,0.0,4.428937225730407,11.349863231105399,-33.32148525962264,-2207.54839845,0.10349301651105401,0.5100940438871473,0.33778958731213155,0.2748022187869419,4.928777429467084,-0.29412598648457067,-0.0010491803278688525,-0.005141388174807198,66.25,0.4904397705544933,0.0,-0.015296367112810707,-0.003933136676499509,-0.01532567049808429,-0.01532567049808429,0.0,0.0,0.0,0.4158640420498093,0.03835250002194578,0.5436166205201235,0.08779648959727658,1.0657184239547652,0.4173339984966435,1.0657184239547652,-0.002138118468122413,0.13951223004498745,-0.14165034851310984,0.5905349794238683,0.9222011385199241,4.428937225730407,0.11517301282206006,0.4094650205761317,54.398559515730334,0.0,Technology
1998-09-30,FI,1998,Q3,USD,0.7809369951534734,0.1641357027463651,0.23554119547657512,0.16445880452342487,0.1583198707592892,0.09337641357027464,0.09337641357027464,0.09337641357027464,1.298238255033557,1.1957671957671958,0.0,1.8477611940298508,0.0755393927560285,0.14288163489233302,0.14288163489233302,0.014675308792955852,0.030105609655739954,33.37461702422146,0.0,0.0,4.668569370764763,12.465608168012924,23.019723914081144,38.04837996055227,0.08969540173777214,0.4446999031945789,0.3078147248513276,0.28758620689655173,4.957889641819942,-0.16951009119040447,0.03476889315594569,0.32762520193861067,1.6528599605522682,1.5575221238938053,0.0,2.9911504424778763,0.27591836734693875,1.5317220543806647,1.5317220543806647,0.0,0.0,0.0,0.4107300607392789,0.03835250001733493,0.48770047599898225,0.11651728378968883,1.0966957098382557,0.4482863150815135,1.0966957098382557,0.1345655190919641,0.08785243948607517,0.22241795857803925,0.5897959183673469,0.962671905697446,4.668569370764763,0.09525399921855122,0.41020408163265304,56.7600237037037,0.0,Technology
1998-12-31,FI,1998,Q4,USD,0.4420524918902978,0.1757593630197582,0.2267767620171041,0.1757593630197582,0.14774402831023298,0.08728988498967856,0.08728988498967856,0.08728988498967856,0.20557744771142772,2.8929663608562692,0.0,1.8901895206243033,0.08566808983654599,1.1610448991829698,1.1610448991829698,0.015264442636289666,0.026834570122179748,35.773721236148646,9.158072636454053,9.158072636454053,4.781675992729736,12.490736049424948,99.19458066416861,63.02988979702381,0.10812722633453756,0.4831790471889817,0.325772568123002,0.3054727928493022,4.468615940392866,-0.32763285024154587,0.025185518326961996,0.19817163078737834,0.6354166666666666,1.46875,0.0,1.75,0.15700934579439252,2.742857142857143,2.742857142857143,0.0,0.0,0.0,0.4579393862272303,0.039973476356018924,0.5779948608235168,0.09669259821253226,1.1962332890595122,0.39244230503578037,1.1962332890595122,0.09075059497042133,0.033086154416299446,0.05766444055412189,0.590818363273453,0.8406040268456376,4.781675992729736,0.10104805259152393,0.4091816367265469,59.71402593446033,0.0,Technology
1999-03-31,FI,1999,Q1,USD,0.7193711064965885,0.17985464253930583,0.24621773954316226,0.17976861465440522,0.1679026994956986,0.09908039157520024,0.09908039157520024,0.09908039157520024,0.1738525012893244,1.5899159663865545,0.0,1.8231476473769606,0.07582096266306793,1.1457918726327276,1.1457918726327276,0.01594513501928847,0.026160364640174617,33.09456384820359,2.5891629363594566,2.5891629363594566,4.671351009107237,13.11608938036191,-1637.5680481925926,119.82205230677506,0.1112910481331534,0.5227680929741152,0.3433011864289183,0.2728180700676091,4.697305863708399,0.7627559678696685,0.011844385953649611,0.10946306733906852,-0.07317073170731707,0.4280601288475304,0.0,0.2641374373657838,0.07457558609539208,0.9318181818181818,0.9318181818181818,0.0,0.0,0.0,0.45440373476896406,0.04502249997414239,0.6669800295570556,0.109860291853072,1.2758621624408915,0.45534732009776346,1.2758621624408915,0.04974042661813935,0.05337997002922271,-0.003639543411083367,0.5901060070671378,0.933993399339934,4.671351009107237,0.11190940093239188,0.4098939929328622,58.249803977349394,0.0,Technology
1999-06-30,FI,1999,Q2,USD,0.719196038450335,0.18234780075735507,0.24264491698223128,0.18234780075735507,0.16953102242936208,0.09991261287503642,0.09991261287503642,0.09991261287503642,0.1317344589409056,1.7655677655677655,0.0,1.8368111289459603,0.06436553172341383,1.0565803382663848,1.0565803382663848,0.012912616800488332,0.01649048625792812,27.95031057201166,7.398611622003104,7.398611622003104,3.5698963046732453,11.170354239673754,-268.16661611748253,55.41593367745665,0.1025761211939403,0.5093092533978775,0.337445259976562,0.2668077264350556,4.965183392291938,1.0273829118659286,0.018287526427061312,0.2015729682493446,-0.20664739884393063,0.38028169014084506,0.0,0.44302176696542894,0.12648510327179674,0.8287425149700599,0.8287425149700599,0.0,0.0,0.0,0.4673083671294973,0.04668999997827486,0.7447259180208214,0.08494040812374201,1.4622273462583921,0.5741644895287561,1.4622273462583921,0.09419673465004723,0.11366224484507144,-0.01946551019502421,0.5893470790378007,0.9297124600638977,3.5698963046732453,0.14266780038713053,0.4106529209621993,51.8545331390156,0.0,Technology
1999-09-30,FI,1999,Q3,USD,0.732633966543805,0.18344201871278706,0.2472356110008506,0.18344201871278706,0.16926566487099517,0.09980153104621492,0.09980153104621492,0.09980153104621492,0.16071998177261335,1.3826979472140764,0.0,1.802248339294839,0.06965812809827583,1.1502725149234363,1.1502725149234363,0.014272992628506407,0.02188770654900943,28.020472517897726,7.697388626975423,7.697388626975423,3.865271412285686,11.185944231698327,-48.17194786959707,82.02250583201663,0.1344972646297869,0.6671891838934065,0.4001880472468708,0.34364349559513857,4.9606152640344865,0.9594668117519043,0.013870865415116647,0.13637652395803798,-1.7027027027027026,0.4276944065484311,0.0,0.3281036834924966,0.07063142437591777,0.37,0.37,0.0,0.0,0.0,0.48453665490669967,0.04835750000770011,0.9355527700353344,0.10427085939160335,1.4022301209619177,0.3062183736283055,1.4022301209619177,0.06607942472643111,0.17859303980116517,-0.11251361507473406,0.5896147403685092,0.9227202472952086,3.865271412285686,0.17261121218364103,0.4103852596314908,52.18328590045872,0.0,Technology
1999-12-31,FI,1999,Q4,USD,0.8068936976865263,0.1745718138007449,0.318498444779666,0.1745718138007449,0.1579916965918648,0.09309428773578608,0.09309428773578608,0.09309428773578608,0.1540438542447247,1.089262048192771,0.0,1.9174691424388097,0.0705662140546488,1.8786418555381224,1.8786418555381224,0.02105322321230803,0.03573331275054773,33.11616262977515,-160.28222712811655,-160.28222712811655,4.233464435260345,12.331702290245499,22.308623620073416,195.40455363624827,0.1332352370419635,0.6481793117607808,0.39326989917639404,0.30234806629834254,4.864924070774397,0.29941658752466194,0.01048524360658312,0.06310857173370356,8.759148792147904,0.4053125666737785,0.0,0.10086195860891828,0.03342458857367494,0.12888011646483427,0.12888011646483427,0.0,0.0,0.0,0.5181766352772362,0.04823928478246051,0.9783631976813046,2.371631559609917,1.5094020742864787,0.39975049161030324,1.5094020742864787,0.032701387358122606,0.25373493022133775,0.28643631757946036,0.5892353189691593,0.9050240880935995,4.233464435260345,0.15310848164026677,0.41076468103084074,43.97107462612749,0.0,Technology
2000-03-31,FI,2000,Q1,USD,0.7636288414286507,0.1991765934581561,0.28539714734032623,0.1991765934581561,0.18452984596445024,0.1088718018577101,0.1088718018577101,0.1088718018577101,1.6180267846573955,1.3642690739662202,0.0,1.9444528923836106,0.06333387922047316,1.5685838879546394,1.5685838879546394,0.015140216593097893,0.02260009293722499,26.4108879162129,1.263015729062459,1.263015729062459,3.9611077259371372,11.501603824400481,-26.622786966727784,-30.566229278626977,0.14114260835526868,0.7675033839962606,0.43423022040329196,0.27398822491992464,5.437786597115914,0.20544616161233997,-0.04515477680686464,-0.3762846807029228,1.1481228211316707,0.18515895551472636,0.0,-0.33218640387506265,-0.16884744300719606,-6.751154159500317,-6.751154159500317,0.0,0.0,0.0,0.539055256524033,0.0586879170786416,1.201310671158539,6.585013570334843,1.5652187289436001,0.47881844731775103,1.5652187289436001,-0.20283823508237786,0.030044971613770826,-0.23288320669614868,0.5899956253075955,0.9264635103984599,3.9611077259371372,0.19375978567073213,0.4100043746924044,47.44903969875897,0.0,Technology
2000-06-30,FI,2000,Q2,USD,0.7667337441227181,0.19063765206491304,0.2911986053012002,0.19063765206491304,0.18326073279319172,0.10812517709889202,0.10812517709889202,0.10812517709889202,1.7169703966356065,1.4501321151865287,0.0,1.983557441781817,0.06947550112454702,1.1401193389790127,1.1401193389790127,0.01796869992411727,0.026175521431201405,29.541112332600438,5.227881697648082,5.227881697648082,4.596388313684227,12.776552010642742,23.069511561658565,21.104912535402338,0.12154700833454428,0.629383901814076,0.38627109370195134,0.2831599793907387,5.178111007732651,0.367489376197122,0.09100301054774643,0.6053828457810841,0.914840025069218,0.3316476225580538,0.0,0.9292370070033174,0.34603300532977194,11.742605617401836,11.742605617401836,0.0,0.0,0.0,0.5643150040788892,0.061016659755591875,0.9872660059137118,3.817542204985189,1.5686229073672058,0.43212104950768754,1.5686229073672058,0.3416266230862421,0.02909291465771208,0.31253370842853,0.590007337910792,0.961303975411901,4.596388313684227,0.13693009790758834,0.40999266208920804,49.285669071867396,0.0,Technology
2000-09-30,FI,2000,Q3,USD,0.7654023127164941,0.19257783938019002,0.27642550635295393,0.19257783938019002,0.18669880277407808,0.11015069339642383,0.11015069339642383,0.11015069339642383,0.13236801782161053,1.20479688468006,0.0,1.9539872135926533,0.06657742449518948,1.138172326595914,1.138172326595914,0.016179213119452897,0.021615848354215744,41.29915917929463,-14.989165419779297,-14.989165419779297,6.006418177163963,18.19652408115434,47.97629443074127,43.79649520333248,0.10618304993179808,0.5264478223240733,0.34488425652344734,0.27476959272220647,4.957927114188314,0.8217749970917441,0.03883819791755844,0.41547900115463493,0.912877822745507,0.4470704845814978,0.0,0.9293116740088105,0.2605078856416027,11.478133714207985,11.478133714207985,0.0,0.0,0.0,0.5484563950505263,0.06041285221251843,0.8747225237778894,2.4089783474029307,1.6615559732326588,0.5031028727903171,1.6615559732326588,0.22787211519246453,0.019852714811154137,0.2080194003813104,0.5899914287598075,0.9694718944555949,6.006418177163963,0.08764754747273441,0.4100085712401925,70.76107195340262,0.0,Technology
2000-12-31,FI,2000,Q4,USD,0.7433619969579894,0.17888725001783326,0.26800527404557495,0.17888725001783326,0.1719725436684991,0.10146554957533808,0.10146554957533808,0.10146554957533808,0.17673574410994045,1.3831805836320117,0.0,2.1141835518474372,0.0777937891134056,1.948205898566945,1.948205898566945,0.01910919725867094,0.04332031246576435,31.14393922213403,0.0,0.0,4.387262074385498,12.640147636459027,18.43035732259688,17.563356279355297,0.06349135029858655,0.28327684030950295,0.22074491755121348,0.21105965230650964,4.461660351800855,0.31443721345511494,0.1370578506891828,0.7196886196129145,0.9529579905551487,4.3512801013941695,0.0,15.85617237008872,0.8818099542408291,21.25759532386325,21.25759532386325,0.0,0.0,0.0,0.585436200021554,0.05940160577648453,0.47780337320831984,2.5538244961741565,1.6867011531415024,0.5460354025218235,1.6867011531415024,0.4213317706649423,0.019820293135036103,0.40151147752990624,0.5900101691286662,0.9613460078980204,4.387262074385498,0.06456802340652971,0.4099898308713338,49.36030737528977,0.0,Technology
2001-03-31,FI,2001,Q1,USD,0.7312320449778812,0.19079689455224802,0.26946632827508415,0.19079689455224802,0.1863995664357849,0.11183885863339149,0.11183885863339149,0.11183885863339149,0.19381656530600133,1.6754837735019845,0.0,2.080886060861672,0.08052226863498406,1.924416599232231,1.924416599232231,0.020009408406524612,0.03591227971235552,27.34313968994386,1.9530814064245599,1.9530814064245599,4.22089317079104,12.232102137506828,105.31473123499174,79.97087593714441,0.06662327555361366,0.2855046859130689,0.22209540660700156,0.21606871061517502,4.285359486465283,0.2121925941646943,0.030352709421628946,0.1529569608205996,0.7593512797246108,6.805384615384615,0.0,5.340692307692308,0.1848669460701562,4.155434522384486,4.155434522384486,0.0,0.0,0.0,0.6098706433398464,0.0682072366651406,0.5046005361259438,2.652081164357091,1.7673984387057862,0.5200652321569842,1.7673984387057862,0.09328396009896675,0.02244866562003682,0.07083529447892993,0.5999952723705516,0.976952831822643,4.22089317079104,0.06764082253698979,0.4000047276294484,47.792680686102976,0.0,Technology
2001-06-30,FI,2001,Q2,USD,0.727394286633125,0.18698772442800743,0.26247551021271737,0.18698772442800743,0.18332536401450558,0.10999564155837561,0.10999564155837561,0.10999564155837561,0.26729893735543453,1.6551183732192634,0.0,2.1767780740658864,0.09546608506561695,2.0925808009343485,2.0925808009343485,0.024522887898166854,0.04377681198481684,38.23336526726808,16.344763651757106,16.344763651757106,5.778302603240587,16.82201416603547,79.29685447375508,67.5668177126638,0.06994866218091103,0.25168224944312617,0.20107519264981163,0.18395880370377618,3.5980995432363,0.23281242149625792,0.06607483772432227,0.24896857267384045,0.8520743749681323,2.474712802768166,0.0,3.2574117647058825,0.3397928451594087,6.760153961050152,6.760153961050152,0.0,0.0,0.0,0.6336934385374078,0.06970351632325524,0.46431157439886983,2.499130291466107,1.8448324243215748,0.6127069002118406,1.8448324243215748,0.15776975090543646,0.023338189013808765,0.1344315618916277,0.6000023081894562,0.980413899229455,5.778302603240587,0.04355643287043807,0.3999976918105438,66.25292772348418,0.0,Technology
2001-09-30,FI,2001,Q3,USD,0.7390731056803368,0.19096779993706828,0.2694398006734122,0.19096779993706828,0.18775485740828343,0.11265419876576771,0.11265419876576771,0.11265419876576771,0.25967717460241585,1.5592765042979944,0.0,2.1410409763564453,0.08935587940007983,2.0531710485155714,2.0531710485155714,0.02342689854719593,0.048036506315372964,28.41688042714093,0.0,0.0,4.2222154779541246,12.805123583768754,67.69730781852954,59.32434871428713,0.07264085027645116,0.26804913183624696,0.21138702366215747,0.15012860471086734,3.690060493732183,0.23480112622596694,0.05222534808612193,0.21584937485685174,0.8763176945427861,0.701081081081081,0.0,0.7786795366795367,0.26551741389161704,8.08523091725465,8.08523091725465,0.0,0.0,0.0,0.6247499251112633,0.07038070224238274,0.5078833768401232,2.7611156282095175,1.894739868623759,0.6146814019171517,1.894739868623759,0.13485188077713112,0.016678791509756933,0.11817308926737419,0.600006840413161,0.9831754749761812,4.2222154779541246,0.0634854221050154,0.39999315958683906,49.805283018867925,0.0,Technology
2001-12-31,FI,2001,Q4,USD,0.7358979417638343,0.1801721638858468,0.2599892095600077,0.1801721638858468,0.17727122656702957,0.10636233331185982,0.10636233331185982,0.10636233331185982,0.2857649108192753,1.5748412422121651,0.0,2.0050050858130035,0.09333209575964414,2.0206388848251793,2.0206388848251793,0.024878033558794605,0.07110284436456352,38.180942258204944,0.0,0.0,5.027964161273559,16.244056426512273,60.757854412300645,52.33057021447147,0.08565807417250099,0.28407627992068923,0.22123006581683383,0.1761330938298769,3.316398164037721,0.2491796403836396,0.08056228970302409,0.3104123719641822,0.8612972054503123,0.8326507092198582,0.0,1.366959219858156,0.33822190733351903,7.209660073876654,7.209660073876654,0.0,0.0,0.0,0.6513151470424687,0.06927539876079405,0.597762224462556,2.650112455630421,2.1042313868283693,0.649044166411555,2.1042313868283693,0.20217627968965282,0.02804241498461412,0.1741338647050387,0.5999977287438818,0.9838990815437216,5.027964161273559,0.056499265072075235,0.4000022712561182,64.95603900298886,0.0,Technology
2002-03-31,FI,2002,Q1,USD,0.7017793166310086,0.17316687977111317,0.22639762757782533,0.17171893000468408,0.16891481307997114,0.10303863731311162,0.10303863731311162,0.10303863731311162,0.3259092847796948,2.2655077899596074,0.0,2.4578978689308872,0.11517915223953286,1.9147189376468932,1.9147189376468932,0.02600679514463977,0.06662042616514295,33.733768679065626,1.5742425383563965,1.5742425383563965,5.2008147009866486,13.903526224506589,540.4125673514577,188.69523474077573,0.07762173153310165,0.2520901455939423,0.20133546013522904,0.13368136038235112,3.247674853612856,0.32761165922328006,0.022365480248757248,0.07368244483548758,0.34916885013530347,0.6140835179736781,0.0,0.28187618805467773,0.10933383426867353,1.5364968321013728,1.5364968321013728,0.0,0.0,0.0,0.8285667832736313,0.08537439227142325,0.5583891455873792,2.541333410255469,2.2150375782114553,0.7141826935684353,2.2150375782114553,0.061050826301076735,0.039733779481719626,0.021317046819357106,0.6100035599857601,0.9836703098217742,5.2008147009866486,0.048471279998904444,0.38999644001423994,63.41925475476525,0.0,Technology
2002-06-30,FI,2002,Q2,USD,0.7042025470173585,0.17530114195178567,0.2298150297426102,0.17530114195178567,0.1727538083507003,0.10537991796668701,0.10537991796668701,0.10537991796668701,0.35976364886827583,2.118621033318988,0.0,2.4076093163492946,0.11340361653723992,2.1094555228988203,2.1094555228988203,0.02644964847059402,0.09812425525884298,25.361821592017407,8.623019341285948,8.623019341285948,3.855427287553746,10.690506715410182,52.96104779138173,43.741536948617416,0.07170690709731492,0.2280385716403782,0.18569332992185328,0.13020187756401766,3.1801479225829996,0.31357170711801813,0.08053286343759232,0.24440171656446763,0.8259190248825744,0.7477400101899702,0.0,1.125016376737754,0.3865183936703068,5.744453116289441,5.744453116289441,0.0,0.0,0.0,0.8259664611848292,0.08704027792289207,0.5222717061957998,2.8558418660537037,2.29027792289207,0.7686304983805246,2.29027792289207,0.20186762093825097,0.03514131229756556,0.1667263086406854,0.6100005491789774,0.9854688134217291,3.855427287553746,0.05914741859522082,0.38999945082102255,47.97351332383842,0.0,Technology
2002-09-30,FI,2002,Q3,USD,0.6374624019934809,0.17276677280106723,0.22826866685963831,0.17276677280106723,0.1705989881574145,0.10406467486376622,0.10406467486376622,0.10406467486376622,0.3709860598342774,2.7021116934585576,0.0,2.3902565587362705,0.11219395707355197,2.8827188017093364,2.8827188017093364,0.026031393092205722,0.30853125314060126,20.38029598947862,-7.133103596317542,-7.133103596317542,3.0479243770859177,8.483475503089643,74.1489913100869,59.389747362392896,0.07888057374108053,0.2525986192318453,0.20165966603631663,0.128437926562002,3.20229186036325,0.36749803003823145,0.12852862034359416,0.14284410828225877,0.8009515208916104,0.5521778828078844,0.0,0.48768462323433054,0.2031710089411175,5.023901737302202,5.023901737302202,0.0,0.0,0.0,0.8274910439056903,0.08611258643672415,0.5817868449554278,0.2837428663667417,2.3032067503957343,0.5975719611763726,2.3032067503957343,0.11820222027826377,0.02352797217362326,0.09467424810464051,0.609995850431094,0.9874525372645074,3.0479243770859177,0.08287561893951963,0.3900041495689059,38.74230097033852,0.0,Technology
2002-12-31,FI,2002,Q4,USD,1.124955708286176,0.17019530216293072,0.2673858993124132,0.17019530216293072,0.16722308521501478,0.10200624643984325,0.10200624643984325,0.10200624643984325,0.321529297694651,-0.6835751558078288,-0.6971688827346891,2.998435468686959,0.10388129289973683,1.0222110672539308,0.9717265069419323,0.02297683210454223,0.0956946080373886,23.85742144786598,4.055761646137231,4.055761646137231,3.5624484532921445,9.734424046520877,29.826776864947572,22.854513360267898,0.09051882327269226,0.31888925182842187,0.2417862238139667,0.20897012022975184,3.5229054057381286,0.9673778395511244,0.11997168397394622,0.4259300512363555,0.7662414703322007,1.35223,0.0,2.84888,0.48880622623639386,4.27791876266987,4.27791876266987,0.0,0.0,0.0,0.8721625398098782,0.08896602697144604,0.7599744343027213,0.2963113228442629,2.3831923777463184,0.20234985632706426,2.3831923777463184,0.3714802352676514,0.08683667359681435,0.28464356167083704,0.6100009834687838,0.9825364336727075,3.5624484532921445,0.08951406764460793,0.3899990165312162,38.394140156672854,0.0,Technology
2003-03-31,FI,2003,Q1,USD,0.7626254773865085,0.17610933175782828,0.2289702585731691,0.17610933175782828,0.17190154601143748,0.10485966038066538,0.10485966038066538,0.10485966038066538,0.3647502317394949,1.3081428860743718,0.0,3.1599121028325396,0.10894168131288416,0.97369155194372,0.97369155194372,0.02445601491903042,0.07891018254593972,20.38224766808648,2.4458697201703736,2.4458697201703736,3.131459105501939,8.549102273080631,56.77557902246252,42.57928617689297,0.09306787109029142,0.3129190031265548,0.23833839131079432,0.18343783873362451,3.3622666926910894,-177.11803730128926,0.061535395891633385,0.2007807795923098,0.7499577619463295,0.6719296187683285,0.0,0.833149560117302,0.2350262818720436,3.999324305301388,3.999324305301388,0.0,0.0,0.0,0.9205644930440259,0.09653008009909596,0.7864297350328151,0.23701967866678464,2.5132054211317967,0.19224303491779304,2.5132054211317967,0.18483165657837897,0.04621572107402531,0.13861593550435367,0.6099983555336294,0.9761069688676293,3.131459105501939,0.0999275393942586,0.39000164446637064,39.943707005111236,0.0,Technology
2003-06-30,FI,2003,Q2,USD,0.7552608598525619,0.17879409435226742,0.2329264907969646,0.17879409435226742,0.174090696777076,0.10619605613208505,0.10619605613208505,0.10619605613208505,0.3535355711019977,1.3480290533788721,0.0,3.2884625658925772,0.11149491324223522,1.036822387932313,1.036822387932313,0.025727213456943995,0.1206292214157689,21.956939876080472,8.56320655167134,8.56320655167134,3.4075366089513555,9.326961678276232,-1130.832862770847,175.3961300506658,0.1064644603218403,0.34885900761980604,0.25863267076030577,0.19805275298047,3.2767649088269555,52.4920048326345,0.01627329624881815,0.053176553414160284,-0.1551034956844973,0.5917233009708738,0.0,0.19066504854368932,0.05568914914432361,0.8657232912341026,0.8657232912341026,0.0,0.0,0.0,0.9552950153909827,0.10144856307716185,0.912193797045966,0.3765604387076748,2.614792157065625,0.13691895806927235,2.614792157065625,0.05079929641221966,0.058678444864067876,-0.00787914845184821,0.6100041995240539,0.9736937755565652,3.4075366089513555,0.10237865286711179,0.38999580047594606,42.44970617810664,0.0,Technology
2003-09-30,FI,2003,Q3,USD,0.6346143216774783,0.17121368955796856,0.2260706587006879,0.17121368955796856,0.1655959660926673,0.10101350163054675,0.10101350163054675,0.10101350163054675,0.3435784378042801,1.9998212394978205,0.0,3.6091819570825567,0.11101428211432691,0.6094014507484753,0.6094014507484753,0.024478900336483526,0.04659536130105341,21.839872407103417,2.1839872407103447,2.1839872407103447,3.342221473664979,8.824487948023496,38.110267513712046,31.610843375662615,0.11076605031268143,0.37789707115877136,0.2742563861036231,0.23873020104377457,3.4116687386794595,-0.9938543611563164,0.051336629088893,0.27916015536673483,0.8294573992242132,0.9511734935480052,0.0,1.6442671954540073,0.2797857660851698,5.863637562996385,5.863637562996385,0.0,0.0,0.0,1.02782167684092,0.10382386662948158,1.0255234317705266,0.2604273186452233,2.713763905673825,-0.23956106101453317,2.713763905673825,0.2869268589962092,0.04893325276564098,0.2379936062305682,0.6099997724221115,0.9671888183719138,3.342221473664979,0.11306763305077472,0.39000022757788855,42.32691693894334,0.0,Technology
2003-12-31,FI,2003,Q4,USD,0.4183245841782427,0.1756350244155122,0.23974074705782022,0.1756350244155122,0.16978288197800392,0.10356725478676698,0.10356725478676698,0.10356725478676698,1.8957250054488277,2.569319887717575,0.0,3.8408402725208175,0.1097152481052927,1.0150888614668343,1.0150888614668343,0.02646675043928775,0.07677636792740383,23.403130058280677,0.0,0.0,3.4883920476650694,9.695191734215198,85.17823904263467,66.99310961177169,0.11617627795278046,0.3809950686605377,0.2758844526722854,0.24116396290485712,3.2794566616722913,-0.9588345781548214,0.04337186262434112,0.14471923740216422,0.7865049848968974,1.37346,0.0,1.14546,0.13667081883653337,4.683950112451441,4.683950112451441,0.0,0.0,0.0,1.0200932865615546,0.10564826131559103,1.0801656400904909,0.26132781919193604,2.835117115525992,-0.28773666251564567,2.835117115525992,0.1476271225102556,0.031517654749954604,0.11610946776030097,0.609998214073104,0.9666800943776256,3.4883920476650694,0.10413572893389221,0.39000178592689605,43.78855337164569,0.0,Technology
2004-03-31,FI,2004,Q1,USD,0.5809382600162136,0.17209753808081238,0.2174105047574348,0.16732090284592738,0.16227332849767462,0.10209177795792977,0.0989866450484277,0.0989866450484277,0.3521310864574444,2.0867057242562503,0.0,4.645543651698199,0.11823698400594691,1.0117756110263705,1.0117756110263705,0.024878377105826383,0.07027789902320784,18.743094678764628,2.061740414664111,2.061740414664111,3.0101796731037234,7.421264240303793,71.38241214795055,53.86356056207177,0.09679584180348606,0.3320610076006391,0.24928363318641128,0.2050255732923335,3.4305296737310886,25.07972177635099,0.04356908617075749,0.13777893928403806,0.7545774784190764,0.8429871645274213,0.0,0.7535880980163361,0.16829820307318655,4.074605678233438,4.074605678233438,0.0,0.0,0.0,1.2046465009894374,0.11924391560227185,0.986195420318162,0.26772120994063375,2.9699223869856852,-0.1941713140243119,2.9699223869856852,0.16597491711855258,0.04073398267841998,0.12524093444013262,0.6099994741270509,0.9698329720770114,3.0101796731037234,0.11031268683648345,0.3900005258729491,36.878086331923576,0.0,Technology
2004-06-30,FI,2004,Q2,USD,0.730851356208114,0.1711507156296907,0.2201137396672375,0.16942559353924863,0.16468362191074185,0.10157819073592525,0.10045664996511702,0.10045664996511702,0.3385205319455001,1.2363315011556315,0.0,4.699669639086912,0.11814714228586658,1.0150628317621908,1.0150628317621908,0.025578044375991135,0.07486285608042774,19.949657175326728,0.0,0.0,3.137667729025313,8.016302911143528,50.69002707092583,40.376650534285304,0.0804759855398948,0.26660968022080733,0.2104907963235599,0.1674107996366431,3.312909788332315,23.147901195297113,0.06041634365657503,0.19853808587556288,0.7965403229670803,0.9310101010101011,0.0,1.1857386363636364,0.2914746221961507,4.91497880357984,4.91497880357984,0.0,0.0,0.0,1.2125290308688497,0.1218066044265346,0.8259147607548795,0.2982963430077262,3.097842359177856,-0.056917165254215564,3.097842359177856,0.24073319285725273,0.048979497669840194,0.19175369518741253,0.6099978176309743,0.9720114799101572,3.137667729025313,0.08497065439865015,0.3900021823690258,38.39579353797688,0.0,Technology
2004-09-30,FI,2004,Q3,USD,0.741919895125113,0.18129536350295483,0.21514381678624436,0.16774658853932914,0.16315935597133474,0.10885675100772993,0.0963965957411277,0.0963965957411277,0.32875861534143275,0.088138537890856,0.0,4.6408040687817875,0.11613960259181674,1.0622544473021365,1.0622544473021365,0.02403142463569893,0.1373590470670711,18.442700390874542,0.0,0.0,2.707241583739822,7.111254135815485,92.62040918421448,60.146276593866425,0.08719858638756783,0.2858313902941817,0.2222930568126721,0.16312236446872377,3.2779360553364834,7.640120252306564,0.034572476977980104,0.11823265775591957,0.6493846995886227,0.6213417832167832,0.0,0.49509615384615385,0.15747381298264393,2.8521288113402323,2.8521288113402323,0.0,0.0,0.0,1.2262253371148903,0.11820394810939212,0.9206602537192706,0.5760159521639858,3.2209907133422755,0.04363551660233241,3.2209907133422755,0.14497988061474193,0.05083216439534336,0.09414771621939858,0.5908125535753125,0.9726537951803481,2.707241583739822,0.1055803043256044,0.4091874464246875,34.35987793992083,0.0,Technology
2004-12-31,FI,2004,Q4,USD,1.0,0.20458547635990235,0.2552997685080932,0.20458547635990235,0.19942757546005638,0.12915469424152623,0.10972558751204749,0.10972558751204749,2.0288374557981013,0.0,0.0,4.15414478084556,0.10594238650925782,1.1254177497215,1.1254177497215,0.024488191723319435,0.5507328493198629,20.108043877561492,2.412965265307375,2.412965265307375,3.0565783634674797,8.825467712733857,36.90270896302365,29.705598253672292,0.0722058690387338,0.2360481231248211,0.19097001055919569,0.164615087422457,3.2690988456658068,5.524776371937944,0.28156011114383395,0.2970977940712851,0.8049706671517577,1.64332,0.0,2.63868,0.4359098470743912,5.127433834674129,5.127433834674129,0.0,0.0,0.0,1.1387498461412218,0.12494999589709925,0.7761239383744307,0.6617555799450211,3.287990296639724,0.23800157961678908,3.287990296639724,0.3383200672875723,0.06598233701226768,0.27233773027530467,0.550202685154865,0.9747885285328255,3.0565783634674797,0.07722626252481897,0.3523729406849516,34.962432688703174,0.0,Technology
2005-03-31,FI,2005,Q1,USD,0.5903963975443781,0.1932106618546234,0.2374223369512719,0.1932106618546234,0.23410001294812324,0.1435032277821509,0.14286712553719297,0.14286712553719297,2.0861502709748234,1.9366375791969526,0.0,4.956370711433461,0.149969454816245,1.3543454768770131,1.3543454768770131,0.04660803997586251,0.7587945367231936,13.840294980794958,0.35984766950066893,0.35984766950066893,2.9799714340029837,7.90929264197206,75.15299229589992,57.35844841077616,0.09228467494807935,0.23184686643247557,0.18821078556941265,0.16186770327001887,2.5123008404474074,4.29025723097,0.14146850603311492,0.13789237437751384,0.7632224168126095,1.42878,0.0,1.34185,0.22408535567089505,4.2233727810650885,4.2233727810650885,0.0,0.0,0.0,1.2580138895352746,0.1797288282837685,0.7741269915142489,0.9304437308346649,3.3389581814327007,0.21317023730110712,3.3389581814327007,0.17347052222791043,0.04107393100737914,0.13239659122053127,0.6102824332985084,1.2116309250276571,2.9799714340029837,0.07780170768987428,0.38700034239660064,32.789820766190985,0.0,Technology
2005-06-30,FI,2005,Q2,USD,0.7210460184700118,0.18791661397835865,0.23322454452212207,0.18791661397835865,0.1866320228496647,0.11440588663884724,0.11440588663884724,0.11440588663884724,2.1026214557171707,1.2629873818038069,0.0,4.924561871719598,0.16729169965039903,1.3017970088585906,1.3017970088585906,0.04692633023494863,0.645459288760891,17.94979587182119,-1.0769877523092717,-1.0769877523092717,3.191137650776917,8.214249246808093,105.43600355537237,70.8667023385889,0.09916677005999948,0.2302870073555041,0.1871815324218573,0.16058007403598903,2.3222195017158684,3.315799719475489,0.13157672888338012,0.11591126686778547,0.6721300120349446,1.60423,0.0,1.15497,0.19553921975285232,3.0499894369916554,3.0499894369916554,0.0,0.0,0.0,1.3050492720519282,0.149305319076483,0.7736039585287015,0.7420656541578696,3.3593035378433456,0.13841491206471115,3.3593035378433456,0.1512699144484202,0.049596865029678486,0.10167304941874171,0.6130024466969591,0.9931640364228684,3.191137650776917,0.07216454837021467,0.3869975533030409,35.32396486955175,0.0,Technology
2005-09-30,FI,2005,Q3,USD,0.7022502953111022,0.16954465252138842,0.21331791290423024,0.16954465252138842,0.16615512358584286,0.108080403698926,0.11163896426117857,0.11163896426117857,1.9522288691624856,1.2937818648821617,0.0,4.806119976626079,0.16549335634912637,0.9594662911204997,0.9594662911204997,0.04348886818631432,0.20945485622118706,19.03281258024243,0.0,0.0,3.4424695237180107,8.49921393374158,85.59327931192387,61.28648405146299,0.10447849336420137,0.25570409339867395,0.20363403666749885,0.1907326039489403,2.4474328176547835,8.749740529320187,0.1688693893763767,0.13868007057811782,0.7160198153890017,3.14102,0.0,2.8059,0.2196684657262705,3.521372455510655,3.521372455510655,0.0,0.0,0.0,1.3495365676659232,0.1506608646468096,0.851983127541274,0.23213370969979616,3.33191039774607,-0.4674250024012038,3.33191039774607,0.1871538264516611,0.053147978186397445,0.13400584826526366,0.6718960080909037,0.9800080457558638,3.4424695237180107,0.07427926133751299,0.3495210898923196,41.99609493887916,0.0,Technology
2005-12-31,FI,2005,Q4,USD,-0.8198791979545448,0.18419483387168423,0.22752906677498602,0.18419483387168423,0.21894791118925933,0.13760267385580727,0.1395501964679359,0.1395501964679359,1.9498969258589511,8.108938016528926,18.728054436830753,4.7709335303721465,0.17853963794449754,0.9904692917009579,0.8674529481446348,0.055180570914349414,0.21657296016661717,13.196896780882001,0.3299224195220501,0.3299224195220501,3.2214527727984295,7.3665181541566165,52.37029807153453,38.34639967172753,0.09858157507985739,0.24146300907638274,0.19449875454285598,0.19449875454285598,2.449372602139723,-51.60160792477209,0.24319272857909324,0.19210455785208658,0.7322165632769316,0.0,0.0,0.0,0.3479177339032727,3.734360915810348,3.734360915810348,0.0,0.0,0.0,1.4688078918117822,0.20497242987598893,0.8110097966567138,0.251279068500316,3.358733081969357,-0.5143108558725454,3.358733081969357,0.28216469062615784,0.0755590305777739,0.20660566004838393,0.6373671057647508,1.1886756353969468,3.2214527727984295,0.07495469470025082,0.3715278071921725,34.05101820716303,0.0,Technology
2006-03-31,FI,2006,Q1,USD,0.3087588951259634,0.17594477088781654,0.21913559983513697,0.17594477088781654,0.17037699650213192,0.10596734836796551,0.10596734836796551,0.10596734836796551,1.9926882361278178,2.8183572328821107,0.0,4.703842705978734,0.18010183679016217,1.0233403511075267,1.0233403511075267,0.044138197888354054,0.24004421666635406,16.42094672621353,-0.6896797625009684,-0.6896797625009684,3.202997462167497,6.960336729073886,53.26898049478349,40.076121112843694,0.12447293589997298,0.3180410182213688,0.24129827055803577,0.24129827055803577,2.5551017650692196,185.98626303739508,0.22327189264212166,0.17367790434297345,0.7523350501661705,0.0,0.0,0.0,0.25129727483227454,4.0377130501144745,4.0377130501144745,0.0,0.0,0.0,1.528661674593395,0.16198822420839581,1.0564967577543476,0.2854388879905883,3.3218883641574344,-0.6992266561100858,3.3218883641574344,0.26549475609280127,0.06575374544886842,0.19974101064393285,0.6219580726476743,0.9683549880022596,3.202997462167497,0.09929480805961914,0.3780419273523257,34.0644666464158,0.0,Technology
2006-06-30,FI,2006,Q2,USD,0.2994967970091392,0.16151526211652611,0.21013961801944206,0.16848655823241374,0.1604605574292648,0.09566253840799051,0.10763750723794521,0.10763750723794521,1.8744033167359369,2.8454415742694925,0.0,4.5685599301257485,0.1689324466158405,1.0579741921659596,1.0579741921659596,0.04004310416742318,0.18933427349128318,16.87599469698901,2.7001591515182417,2.7001591515182417,3.315852924232937,7.265960005378719,180.64875324084602,85.39342578855704,0.1210121819604624,0.3269025255687748,0.24636513931469722,0.24636513931469722,2.701401795032352,32.90432976658089,0.11588111154575421,0.08508804908904799,0.47270420778774,0.0,0.0,0.0,0.11878252319322688,1.8964687652911434,1.8964687652911434,0.0,0.0,0.0,1.5607022322728752,0.16799009782254887,1.1179852438139943,0.21697275473551364,3.419934556543489,-0.7475201726884926,3.419934556543489,0.1327971081530212,0.07002335634704449,0.06277375180597672,0.6708035230738534,0.9523641476961164,3.315852924232937,0.09858776400476141,0.36732890573782173,37.32410057286135,0.0,Technology
2006-09-30,FI,2006,Q3,USD,0.2869209585446308,0.1559636676480379,0.2038718770129999,0.16059902554591476,0.15196382328400537,0.09092253219719076,0.09518695770592583,0.09518695770592583,1.9546666801873973,3.4643736295126315,0.0,4.560077122038924,0.18759720125274046,1.111949839640173,1.111949839640173,0.04307330383147575,0.2072996472569008,18.541748601119103,-3.1520972621902468,-3.1520972621902468,3.3362710108069584,7.059730559554535,70.7861224489796,48.2869938672076,0.13449117313680162,0.33879783207045117,0.2530612344557656,0.2530612344557656,2.5191083114862347,16.661672441239816,0.20510895249370448,0.14620356319901084,0.6821533966917223,0.0,0.0,0.0,0.20393441911175864,3.1461717369057585,3.1461717369057585,0.0,0.0,0.0,1.6672024379274157,0.15869592794621337,1.1952417745897386,0.246354352865199,3.527890858348806,-0.7810723305617382,3.527890858348806,0.2437509369990659,0.0774754073783631,0.16627552962070277,0.6263790660756857,0.9462312910520082,3.3362710108069584,0.10154985340609504,0.3736209339243142,37.41997260239114,0.0,Technology
2006-12-31,FI,2006,Q4,USD,0.280346919743083,0.15145093972737012,0.19833753708022017,0.15145093972737012,0.14382909159826707,0.08845484958768214,0.08845484958768214,0.08845484958768214,2.0722162629757785,3.780517543859649,-0.44482093794703587,4.828821964199323,0.19293747683403933,1.0983180546746307,3.3088532564304978,0.04285856678249563,0.21141587307381668,21.297408207954994,0.0,0.0,3.7209016244080897,7.535436158568505,62.303699633446776,49.485710745342296,0.12037133836872654,0.3080677863244974,0.23551362516932578,0.23551362516932578,2.559311797139043,13.42179664606644,0.20805973963157823,0.15227499100389816,0.7942660072593292,0.0,0.0,0.0,0.2440743199117839,4.860645470777923,4.860645470777923,0.0,0.0,0.0,1.7397798513749847,0.15389196506905428,1.0854274276484361,0.26919836617066895,3.5233395889861776,-0.8022061344132566,3.5233395889861776,0.2649249612168891,0.05450407004781798,0.21042089116907112,0.6149997097579382,0.949674474500962,3.7209016244080897,0.0827938541303155,0.3850002902420619,40.358435407081245,0.0,Technology
2007-03-31,FI,2007,Q1,USD,0.28767306397554904,0.15827209515351162,0.19979350821989816,0.15857469827844245,0.15169601260928361,0.09348714428756645,0.09348714428756645,0.09348714428756645,2.0358394994123303,3.8947776686709443,0.0,4.956322932289571,0.1916389574525397,1.1087151627518075,1.1087151627518075,0.04176148591497195,0.22811496007888793,19.78859649122807,3.166175438596491,3.166175438596491,3.713805358175446,7.399917501695479,74.24325947622613,52.939554476066434,0.12916710801297354,0.33826759598229444,0.2527652892424736,0.2527652892424736,2.618836956141488,13.408976198723341,0.1936423868144452,0.13978050202596481,0.7130553648849229,0.0,0.0,0.0,0.2073855340769725,3.484992843999182,3.484992843999182,0.0,0.0,0.0,1.7932632352941176,0.1676470588235294,1.2086823529411765,0.29528676470588233,3.573154411764706,-0.8691955882352941,3.573154411764706,0.25066323529411766,0.0719264705882353,0.17873676470588234,0.6162795097874917,0.9566217956342536,3.713805358175446,0.09108382463761691,0.386082895000027,39.58720118867801,0.0,Technology
2007-06-30,FI,2007,Q2,USD,0.2930221601578123,0.15421951368316872,0.19668326362385352,0.15347383691371164,0.14377580211094315,0.08897279635567426,0.09151487625155066,0.09151487625155066,2.0917721294622282,3.609474367293965,4.418816500982453,4.953434685157358,0.18287252185927072,1.0839644482544917,1.019528957117857,0.039148032367737846,0.05172912747793373,22.009999999999998,-3.741699999999999,-3.741699999999999,3.9750534908474,8.056969705186521,108.97038599064821,79.114032533178,0.13633279955173502,0.3678096720816656,0.2689041316120372,0.2689041316120372,2.6978810182951656,6.906772246168793,0.041015075774742484,0.10183995742863534,0.7260140616549486,0.0,0.0,0.0,0.1366049102068652,3.6498223450454006,3.6498223450454006,0.0,0.0,0.0,1.7624492234169653,0.16129032258064516,1.3139187574671445,0.22637395459976106,3.572278972520908,-0.8838112305854241,3.572278972520908,0.17948775388291519,0.049177120669056155,0.13031063321385902,0.6365109768675409,0.9368098498233216,3.9750534908474,0.09252948996247497,0.38327390599675853,44.10153675149604,0.0,Technology
2007-09-30,FI,2007,Q3,USD,0.2960246117774955,0.1635786928528891,0.21838863059926883,0.17548500656444702,0.1647041483386113,0.09542090416418529,0.10308865539166447,0.10308865539166447,1.7832354925160891,3.3664386491694813,4.261703982216446,4.928314102887086,0.1869637471788114,1.0963673975519592,1.0255293480635692,0.0439826305595582,0.0589138801466983,17.62698347107438,1.4101586776859503,1.4101586776859503,3.581786144764203,7.26856809857661,65.03777339015224,50.694087098096766,0.15482087353827426,0.40805894115666436,0.2898024572902184,0.27665641026886906,2.6356842706728787,4.604735190270694,0.06148709228854758,0.14338098414735032,0.7794560676914667,3.0016898265876986,0.0,2.7610289895493247,0.17314878451287918,4.534243991809462,4.534243991809462,0.0,0.0,0.0,1.781643897996357,0.18366727383120826,1.4753430479659988,0.2447632058287796,3.615514571948998,-0.9051472374013357,3.615514571948998,0.2554538554948391,0.05633879781420765,0.19911505768063145,0.6259019971963729,0.9385653598737711,3.581786144764203,0.11392610409003852,0.3795293837710337,36.4454284075792,0.0,Technology
2007-12-31,FI,2007,Q4,USD,0.656521444082519,0.4047126868788107,0.5127317714858431,0.4047126868788107,0.31129677190344945,0.194017268019711,0.2514146412762048,0.2514146412762048,0.45829665071770337,0.7270662983425414,0.310375,1.0299354838709678,0.03234306939051156,1.119872136387853,1.006925945657965,0.01468301524682802,0.07911561001598295,23.643190831135932,-1.4185914498681562,-1.4185914498681562,3.6926696392379403,23.77697736573958,69.52678094424007,52.94219246706301,0.45627215937869325,2.190920145926226,0.6866107723577236,0.6649008421624558,4.8017835427644915,1.073567940013618,0.045836707511987214,0.4491120646454523,0.7614647442044272,0.29708235294117646,0.0,0.33739411764705884,0.03183552266419982,4.192252405895968,4.192252405895968,0.0,0.0,0.0,0.5833373934226553,0.14665956151035323,8.229293544457978,0.4521924482338611,3.7560901339829478,-7.1163215590743,3.7560901339829478,0.2619838611449452,0.06249238733252131,0.19949147381242388,0.8076365191290277,0.7691796723848833,3.6926696392379403,0.5933160450222046,0.376745004988723,72.3751870743105,0.0,Technology
2008-03-31,FI,2008,Q1,USD,0.33435114503816793,0.17251908396946564,0.24122137404580152,0.17251908396946564,0.12061068702290076,0.07404580152671755,0.2511450381679389,0.2511450381679389,1.5558194774346794,5.099415204678363,1.9863325740318907,3.638888888888889,0.12452471482889733,1.0663003663003663,0.9054945054945055,0.053525804803270315,0.1358974358974359,5.991732522796353,0.025678853669127224,0.025678853669127224,2.9290936106983656,6.019175572519084,47.2162874251497,36.33695852534562,0.45399239543726233,1.7741456166419018,0.6395286555972148,0.6154285714285714,3.9078751857355125,4.152139461172742,0.07948717948717948,0.16564885496183207,0.7695852534562212,0.5448717948717948,0.0,0.4636752136752137,0.045435510887772194,4.34,4.34,0.0,0.0,0.0,1.9969512195121952,0.5015243902439024,7.280487804878049,0.5655487804878049,4.103658536585366,-6.754573170731708,4.103658536585366,0.3307926829268293,0.07621951219512195,0.2545731707317073,2.0822784810126582,0.6991150442477876,2.9290936106983656,0.6056978207053285,0.3860759493670886,38.892784810126585,0.0,Technology
2008-06-30,FI,2008,Q2,USD,0.3420849420849421,0.17528957528957528,0.24864864864864866,0.17297297297297298,0.1250965250965251,0.07876447876447877,0.07722007722007722,0.07722007722007722,1.6027227722772277,4.896551724137931,1.8602620087336244,3.9006024096385543,0.12819243714116016,1.1248888888888888,0.9213333333333333,0.02729528535980149,0.09377777777777778,18.52956,-0.264708,-0.264708,2.6024662921348316,5.723416216216216,9.551319587628866,9.060909535452323,0.44704019006137397,1.5856741573033708,0.6132536664856056,0.5989297282072947,3.547050561797753,5.606060606060606,0.3635555555555556,0.6316602316602317,0.9486552567237164,0.7993827160493827,3.6721311475409837,3.1102661596958177,0.18113374667847654,19.476190476190474,19.476190476190474,0.0,0.0,0.0,1.9813341493268053,0.15299877600979192,7.002753977968176,0.32282741738066095,4.357405140758874,-6.531517747858017,4.357405140758874,1.2515299877600978,0.06425948592411261,1.1872705018359853,0.6172839506172839,0.7232142857142857,2.6024662921348316,0.6092967129278839,0.3888888888888889,36.38765217391305,0.0,Technology
2008-09-30,FI,2008,Q3,USD,0.387037037037037,0.18055555555555555,0.2638888888888889,0.19814814814814816,0.16296296296296298,0.06851851851851852,0.07222222222222222,0.07222222222222222,1.9251336898395721,6.304761904761905,1.6633165829145728,3.576158940397351,0.11264080100125157,1.350935093509351,1.132013201320132,0.024365184206663733,0.25962596259625964,24.645833333333336,-1.232291666666667,-1.232291666666667,2.770990990990991,7.119907407407408,53.03103448275862,40.049479166666664,0.44420108468919484,1.5347747747747749,0.6054876315041229,0.6050384286934244,3.455135135135135,2.3503808487486397,0.10561056105610561,0.17777777777777778,0.7552083333333334,22.5,0.0,24.0,0.045081004930734914,4.085106382978723,4.085106382978723,0.0,0.0,0.0,1.6615384615384616,0.12,6.552307692307692,0.7261538461538461,4.269230769230769,-5.726153846153847,4.269230769230769,0.2953846153846154,0.07230769230769231,0.2230769230769231,0.4431818181818182,0.822429906542056,2.770990990990991,0.553872163339619,0.5965909090909091,40.26842105263158,0.0,Technology
2008-12-31,FI,2008,Q4,USD,0.39679547596606973,0.21394910461828465,0.295004712535344,0.2064090480678605,0.10933081998114987,0.06691800188501414,0.058435438265786996,0.058435438265786996,1.7952622673434857,6.597938144329897,1.7486338797814207,3.5016501650165015,0.11370699817811596,1.0478749389350268,0.8690766976062531,0.021968235119489386,0.11333659013190034,23.1795,-1.3907700000000003,-1.3907700000000003,2.216081727062452,5.418016965127238,-11.2275703125,-12.71795575221239,0.43993141142428466,1.5824980724749422,0.61277802657113,0.5974549968963376,3.597147262914418,2.8831521739130435,-0.22081094284318514,-0.42601319509896324,1.1327433628318584,1.0392156862745099,0.0,-1.772549019607843,-0.11010962241169306,-7.533333333333333,-7.533333333333333,0.0,0.0,0.0,1.6777356103731815,0.09803921568627451,6.491144845034788,0.3668564199873498,4.1018342820999365,-6.223908918406072,4.1018342820999365,-0.7147375079063883,0.09487666034155598,-0.8096141682479443,0.5344827586206896,0.5296803652968036,2.216081727062452,0.7140973426880955,0.41379310344827586,30.739667731629392,0.0,Technology
2009-03-31,FI,2009,Q1,USD,0.4013409961685824,0.21551724137931033,0.289272030651341,0.20881226053639848,0.15708812260536398,0.10153256704980843,0.09865900383141762,0.09865900383141762,1.891304347826087,6.648936170212766,1.6937669376693767,3.5510204081632653,0.11182519280205655,1.0720588235294117,0.8911764705882353,0.028213639106819552,0.15294117647058825,13.768543689320387,0.19669348127600553,0.19669348127600553,2.094771048744461,5.433563218390804,31.690726256983236,25.32428571428571,0.4291988003427592,1.4796898079763663,0.5967237527922561,0.5808049535603715,3.447562776957164,8.522448979591836,0.10980392156862745,0.21455938697318008,0.7991071428571429,0.7734627831715211,4.037037037037037,0.8784313725490196,0.0559021712003993,4.977777777777778,4.977777777777778,0.0,0.0,0.0,1.6784565916398715,0.16559485530546625,6.528938906752412,0.5016077170418006,4.353697749196141,-6.098070739549839,4.353697749196141,0.36012861736334406,0.07234726688102894,0.2877813504823151,0.6280487804878049,0.7522935779816514,2.094771048744461,0.7063730467648222,0.38414634146341464,31.018675496688743,0.0,Technology
2009-06-30,FI,2009,Q2,USD,0.4001937984496124,0.22674418604651161,0.3071705426356589,0.2248062015503876,0.17151162790697674,0.11143410852713179,0.13565891472868216,0.13565891472868216,1.9040590405904059,6.128712871287129,1.7436619718309858,3.5342465753424657,0.11229597388465723,1.1639528354856823,0.9646266142616507,0.03541076487252125,0.17349803481190343,12.699999995464285,0.3598333332048215,0.3598333332048215,2.507757403899859,6.891472865755814,70.4158415590099,46.18181816532468,0.42219804134929273,1.3681241184767279,0.577724836212031,0.5694549870957948,3.2404795486600846,4.7015945330296125,0.08646827624929815,0.14922480620155038,0.6558441558441559,1.358695652173913,4.218181818181818,1.193798449612403,0.039690721649484534,2.9056603773584904,2.9056603773584904,0.0,0.0,0.0,1.6585714291637754,0.22500000008035714,6.324107145115753,0.49660714303450254,4.557857144484949,-5.848392859231569,4.557857144484949,0.24750000008839285,0.08517857145899235,0.16232142862940052,0.7909604519774012,0.7629310344827587,2.507757403899859,0.5455568055941667,0.3785310734463277,33.70031544940063,0.0,Technology
2009-09-30,FI,2009,Q3,USD,0.4163306451612903,0.23286290322580644,0.3125,0.23286290322580644,0.18044354838709678,0.125,0.1159274193548387,0.1159274193548387,1.915057915057915,5.676470588235294,1.8498402555910542,3.4444444444444446,0.1090589270008795,1.2555066079295154,1.0585273757079925,0.031381429957942415,0.1749528005034613,16.272739130434786,-0.9356825000000003,-0.9356825000000003,2.568792038435141,7.545826612903226,35.987788461538464,28.67992337164751,0.41523746701846964,1.2961564859299932,0.564489612912868,0.5642291012412143,3.1214824982841454,2.842406876790831,0.1642542479546885,0.26310483870967744,0.7969348659003831,4.464285714285714,4.4423076923076925,65.25,0.06910246227164417,4.9245283018867925,4.9245283018867925,0.0,0.0,0.0,1.596909207984546,0.1851255634256278,6.163876368319382,0.4475209272376046,4.690920798454604,-5.592401802962009,4.690920798454604,0.4201545396007727,0.0853187379265937,0.33483580167417903,0.6424581005586593,0.7748917748917749,2.568792038435141,0.5045782089544263,0.33519553072625696,35.43374193548387,0.0,Technology
2009-12-31,FI,2009,Q4,USD,0.4246704331450094,0.24858757062146894,0.3286252354048964,0.24105461393596986,0.19303201506591336,0.12052730696798493,0.1111111111111111,0.1111111111111111,1.9169675090252707,5.875,0.0,3.6245733788395906,0.1267605633802817,1.0999138673557278,1.0999138673557278,0.03792974588938715,0.31266149870801035,15.776542372881355,0.0,0.0,2.460848645076008,7.01179661016949,47.12992405063291,36.32452682926829,0.43459059441394127,1.2032385988103107,0.5461226938653068,0.5277777777777778,2.76867151354924,4.068965517241379,0.17657192075796727,0.19303201506591336,0.7707317073170732,0.8490566037735849,4.338983050847458,0.7915057915057915,0.056303213402911285,4.361702127659575,4.361702127659575,0.0,0.0,0.0,1.728515625,0.19205729166666666,6.022135416666667,0.5908203125,4.925130208333333,-5.4541015625,4.925130208333333,0.3336588541666667,0.07649739583333333,0.2571614583333333,0.5756097560975609,0.80078125,2.460848645076008,0.4889527038641365,0.3853658536585366,30.72930659025788,0.0,Technology
2010-03-31,FI,2010,Q1,USD,0.40674603174603174,0.2361111111111111,0.3194444444444444,0.2361111111111111,0.19146825396825398,0.12202380952380952,0.12003968253968254,0.12003968253968254,1.961089494163424,0.0,0.0,3.587188612099644,0.12131423757371525,1.2565656565656567,1.2565656565656567,0.03949142747062223,0.4202020202020202,16.0040826446281,3.0407757024793423,3.0407757024793423,2.4842771007055804,7.6845,35.532,29.792215384615385,0.42291491154170174,1.1270044900577294,0.5298552472858866,0.5202338821357132,2.664849262347659,5.448648648648649,0.26262626262626265,0.25793650793650796,0.8384615384615385,1.398876404494382,5.288888888888889,1.9548872180451127,0.07398975526465566,6.190476190476191,6.190476190476191,0.0,0.0,0.0,1.651376146788991,0.19823066841415465,5.830602883355177,0.6815203145478375,5.108125819134994,-5.276867627785059,5.108125819134994,0.4259501965923984,0.06880733944954129,0.35714285714285715,0.6269430051813472,0.8109243697478992,2.4842771007055804,0.4536549041721792,0.37823834196891193,33.67694409937888,0.0,Technology
2010-06-30,FI,2010,Q2,USD,0.42661448140900193,0.2455968688845401,0.3268101761252446,0.2455968688845401,0.20058708414872797,0.12720156555772993,0.12426614481409001,0.12426614481409001,2.044,0.0,0.0,3.7435897435897436,0.1249083353703251,1.3546099290780143,1.3546099290780143,0.04149377593360996,0.39952718676122934,13.712992125984252,2.74259842519686,2.74259842519686,2.2320410124959946,6.816242661448141,54.0015503875969,40.73801169590643,0.420312881935957,1.1018904197372636,0.5242378048780488,0.5199938480467549,2.6215956424223004,3.6895306859205776,0.20212765957446807,0.16731898238747553,0.7543859649122807,2.4615384615384617,5.456521739130435,2.9482758620689653,0.049723756906077346,4.071428571428571,4.071428571428571,0.0,0.0,0.0,1.6754098360655738,0.2081967213114754,5.713114754098361,0.5540983606557377,5.116393442622951,-5.237704918032787,5.116393442622951,0.28032786885245903,0.06885245901639345,0.21147540983606558,0.6195121951219512,0.8167330677290837,2.2320410124959946,0.4936694324021705,0.3804878048780488,30.14131736526946,0.0,Technology
2010-09-30,FI,2010,Q3,USD,0.4253658536585366,0.2448780487804878,0.3278048780487805,0.2448780487804878,0.19707317073170733,0.13073170731707318,0.12878048780487805,0.12878048780487805,1.8876611418047882,0.0,0.0,3.7962962962962963,0.11899233805433015,1.5556552962298025,1.5556552962298025,0.040289639806906793,0.6669658886894075,15.234272727272728,3.1991972727272695,3.1991972727272695,2.491851301115242,7.847508292682928,45.189303370786526,36.07038565022422,0.4302298583700952,1.148079306071871,0.5344678396308047,0.5168387965873372,2.668525402726146,2.2306855277475517,0.2001795332136445,0.2175609756097561,0.7982062780269058,0.8708609271523179,5.122448979591836,0.8814229249011858,0.06017269293038316,4.955555555555556,4.955555555555556,0.0,0.0,0.0,1.715194109772423,0.22088353413654618,6.283467202141901,1.2433065595716197,5.401606425702811,-5.120481927710843,5.401606425702811,0.3731593038821954,0.07530120481927711,0.2978580990629183,0.6534653465346535,0.8047808764940239,2.491851301115242,0.4607334737662885,0.3613861386138614,32.75802380952381,0.0,Technology
2010-12-31,FI,2010,Q4,USD,0.4313543599257885,0.23283858998144713,0.313543599257885,0.24768089053803338,0.1790352504638219,0.11038961038961038,0.10760667903525047,0.10760667903525047,1.8846153846153846,1.1415270018621975,0.0,4.037453183520599,0.1301775147928994,1.590347923681257,1.590347923681257,0.04018210609659541,0.6318742985409652,18.678620689655173,-2.0546482758620708,-2.0546482758620708,2.6840755651904615,8.039777365491652,33.59255813953489,28.50947368421053,0.4052650646057239,1.039331062248374,0.5096431283219438,0.5094196292920085,2.56457107463611,1.8829694323144104,0.34118967452300786,0.2820037105751391,0.8486842105263158,4.278688524590164,4.603448275862069,101.33333333333333,0.09058402860548272,6.608695652173913,6.608695652173913,0.0,0.0,0.0,1.820945945945946,0.19594594594594594,5.766891891891892,0.9510135135135135,5.454391891891892,-5.113175675675675,5.454391891891892,0.5135135135135135,0.0777027027027027,0.4358108108108108,0.6010362694300518,0.7228464419475655,2.6840755651904615,0.3872212376310737,0.39896373056994816,33.90497041420118,0.0,Technology
2011-03-31,FI,2011,Q1,USD,0.40458015267175573,0.21087786259541985,0.2919847328244275,0.21087786259541985,0.16793893129770993,0.10877862595419847,0.10687022900763359,0.10687022900763359,1.9848484848484849,0.0,0.0,3.7971014492753623,0.1269226111178394,1.4228329809725158,1.4228329809725158,0.03848407892166439,0.5465116279069767,20.118000000000002,-4.0235999999999965,-4.0235999999999965,2.872168260038241,8.60006106870229,39.70424669603524,31.847575971731448,0.40632190868354123,1.0691523263224985,0.5167103034036655,0.5164869029275809,2.631293817718292,2.263498920086393,0.29915433403805497,0.2700381679389313,0.8021201413427562,5.041666666666667,4.911111111111111,94.33333333333333,0.08435171385991058,5.053571428571429,5.053571428571429,0.0,0.0,0.0,1.8232428670842031,0.19485038274182323,5.915100904662491,0.8994432846207376,5.45929018789144,-5.471468336812804,5.45929018789144,0.4923451635351427,0.09742519137091162,0.394919972164231,0.6363636363636364,0.7963800904977375,2.872168260038241,0.37224571456975275,0.36363636363636365,38.728313725490196,0.0,Technology
2011-06-30,FI,2011,Q2,USD,0.4140845070422535,0.17934272300469484,0.3183098591549296,0.23568075117370893,0.13333333333333333,0.09107981220657277,0.08450704225352113,0.08450704225352113,1.946983546617916,0.0,0.0,3.9154411764705883,0.12684611719866604,1.3197573656845754,1.3197573656845754,0.03352165725047081,0.5849220103986135,24.621000000000002,-1.5593299999999997,-1.5593299999999997,2.8721840570317565,8.322591549295774,99.59056179775281,65.656,0.4350881372081944,1.1837329876863254,0.5420685561656032,0.5205096333126166,2.7206740116655865,2.7698309492847852,0.1169844020797227,0.1267605633802817,0.6592592592592592,0.8262108262108262,5.229166666666667,0.44554455445544555,0.036955926635641935,2.9347826086956523,2.9347826086956523,0.0,0.0,0.0,1.8816254416961131,0.15901060070671377,6.53886925795053,1.1925795053003534,5.4522968197879855,-5.584805653710247,5.4522968197879855,0.23851590106007067,0.0812720848056537,0.15724381625441697,0.6338028169014085,0.5657370517928287,2.8721840570317565,0.4121368840511036,0.34507042253521125,34.93085545722714,0.0,Technology
2011-09-30,FI,2011,Q3,USD,0.4063969896519285,0.20602069614299154,0.30950141110065854,0.22859830667920977,0.1636876763875823,0.11947318908748825,0.11947318908748825,0.11947318908748825,1.8359240069084628,6.6421052631578945,0.0,4.057251908396947,0.125783930895752,1.1621880998080614,1.1621880998080614,0.040196263445933196,0.2696737044145873,14.068913385826772,0.3215751631046119,0.3215751631046119,2.267451776649746,6.723431796801505,32.33940271493213,27.17493536121673,0.4162820967932789,1.1161167512690355,0.5274362818590704,0.5271527152715272,2.6811548223350252,3.9516728624535316,0.2523992322456814,0.24741298212605833,0.8403041825095057,5.591836734693878,5.4,65.75,0.07475838544627629,6.261904761904762,6.261904761904762,0.0,0.0,0.0,1.8874289772727273,0.2254971590909091,6.326349431818182,0.4989346590909091,5.596590909090909,-6.226917613636363,5.596590909090909,0.4669744318181818,0.07457386363636363,0.3924005681818182,0.7298850574712644,0.7160493827160493,2.267451776649746,0.4922339530052296,0.3160919540229885,31.56233434650456,0.0,Technology
2011-12-31,FI,2011,Q4,USD,0.4289405684754522,0.24720068906115417,0.32472006890611543,0.24203273040482343,0.2041343669250646,0.13178294573643412,0.1231696813092162,0.1231696813092162,1.7432432432432432,6.90625,15.068181818181818,4.5,0.13582124473561066,0.9797687861271677,0.9479768786127167,0.04404536862003781,0.2434971098265896,14.392090909090909,1.1033936363636372,1.1033936363636372,2.5267882136279924,7.09067700258398,36.75123214285714,30.265720588235293,0.3971689284043051,1.0420503376304482,0.5102961070193898,0.49675625579240035,2.623695518723143,16.46808510638298,0.19653179190751446,0.23428079242032732,0.8235294117647058,1.262008733624454,5.62,1.5195530726256983,0.0801178203240059,5.666666666666667,5.666666666666667,0.0,0.0,0.0,2.071734475374732,0.255174875089222,6.147394718058529,0.6013561741613134,5.8137044967880085,-5.9653818700927905,5.8137044967880085,0.4853675945753034,0.08565310492505353,0.3997144896502498,0.6033755274261603,0.8434163701067615,2.5267882136279924,0.41240113912604487,0.37130801687763715,29.947681697612733,0.0,Technology
2012-03-31,FI,2012,Q1,USD,0.40342960288808666,0.2157039711191336,0.29693140794223827,0.21750902527075813,0.17870036101083034,0.11913357400722022,0.11913357400722022,0.11913357400722022,1.7046153846153846,7.776470588235294,0.0,4.2615384615384615,0.1305987741631306,0.9726533628972653,0.9726533628972653,0.04175365344467641,0.22985957132298596,18.046628787878788,-2.3460617424242405,-2.3460617424242405,2.963800933125972,8.599837545126354,53.531573033707865,40.37550847457627,0.4002828854314003,1.056298600311042,0.5136893057026168,0.5002331727032489,2.6388802488335927,-34.09230769230769,0.17442719881744273,0.21299638989169675,0.7542372881355932,1.1809954751131222,5.604651162790698,1.3258426966292134,0.06949352179034157,4.068965517241379,4.068965517241379,0.0,0.0,0.0,2.0174799708667153,0.2403495994173343,6.261835396941005,0.5662782228696286,5.853969410050984,-6.112527312454479,5.853969410050984,0.4297159504734159,0.1056081573197378,0.3241077931536781,0.6666666666666666,0.8215767634854771,2.963800933125972,0.35639998236890547,0.3434343434343434,38.33927051671733,0.0,Technology
2012-06-30,FI,2012,Q2,USD,0.42272727272727273,0.2390909090909091,0.31727272727272726,0.23545454545454544,0.2009090909090909,0.14727272727272728,0.14636363636363636,0.14636363636363636,1.8151815181518152,6.75531914893617,0.0,4.296875,0.13070342205323193,1.0388663967611336,1.0388663967611336,0.04803408870811544,0.24453441295546557,15.21078260869565,0.608431304347826,0.608431304347826,3.011295419612665,8.905221818181818,93.2928,65.74324832214765,0.4057747148288973,1.0498001844451277,0.5121475704859029,0.4987673343605547,2.587150322778973,200.0,0.12064777327935222,0.13545454545454547,0.7046979865771812,1.3333333333333333,6.815789473684211,0.8370786516853933,0.04363103953147877,3.3863636363636362,3.3863636363636362,0.0,0.0,0.0,2.028023598820059,0.2968289085545723,6.366150442477876,0.5567846607669616,5.997418879056047,-6.045353982300885,5.997418879056047,0.2747050147492625,0.08112094395280237,0.19358407079646017,0.7285067873303167,0.8532818532818532,3.011295419612665,0.34862078878337366,0.27601809954751133,36.98780515759312,0.0,Technology
2012-09-30,FI,2012,Q3,USD,0.42397137745974955,0.2370304114490161,0.31932021466905186,0.23881932021466906,0.19588550983899822,0.1252236135957066,0.12432915921288014,0.12432915921288014,1.7387247278382583,7.666666666666667,0.0,4.3671875,0.13226073583343192,1.2607040913415795,1.2607040913415795,0.04408084696823869,0.2921027592768792,17.836791366906475,-1.3377593525179858,-1.3377593525179858,3.043970534069982,8.870533094812165,83.33828571428572,60.84206134969326,0.4080208210102922,1.0586249232658071,0.5142388549276875,0.5140939597315436,2.594536525475752,6.944099378881988,0.15509039010466222,0.14579606440071557,0.7300613496932515,5.54,5.5625,81.5,0.04726007538416933,3.7045454545454546,3.7045454545454546,0.0,0.0,0.0,2.088938714499253,0.25971599402092677,6.534005979073243,0.5736173393124065,6.0874439461883405,-6.059417040358745,6.0874439461883405,0.304559043348281,0.08221225710014948,0.22234678624813153,0.634703196347032,0.8202247191011236,3.043970534069982,0.3477776513987337,0.365296803652968,36.580549019607844,0.0,Technology
2012-12-31,FI,2012,Q4,USD,0.43166089965397925,0.2508650519031142,0.32785467128027684,0.25,0.2171280276816609,0.1375432525951557,0.15484429065743946,0.15484429065743946,1.7488653555219364,6.77319587628866,6.052900693734281,4.642570281124498,0.13604801694715782,1.2778280542986424,1.1795990950226245,0.05275590551181102,0.3239819004524887,14.726167597765365,0.47860044692737436,0.47860044692737436,3.085729002048581,9.121051903114187,44.302252100840334,36.73845296167248,0.38013416499941155,0.945273631840796,0.4859335038363171,0.48577878103837474,2.4866842259291775,3.9793459552495696,0.25972850678733034,0.24826989619377163,0.8292682926829268,7.125,7.605263157894737,143.5,0.08885448916408668,5.857142857142857,5.857142857142857,0.0,0.0,0.0,2.166416791604198,0.33545727136431785,6.124437781109445,0.6709145427286357,6.403673163418291,-5.738380809595203,6.403673163418291,0.537856071964018,0.09182908545727136,0.4460269865067466,0.7131474103585658,0.8685121107266436,3.085729002048581,0.30633721600738095,0.3745019920318725,35.39824802110818,0.0,Technology
2013-03-31,FI,2013,Q1,USD,0.3819444444444444,0.1831597222222222,0.2934027777777778,0.1831597222222222,0.14756944444444445,0.1015625,0.1015625,0.1015625,1.7091988130563798,7.494736842105263,5.542106778961789,4.465116279069767,0.1204642894489177,1.2210084033613446,1.1130495798319329,0.03527860204418068,0.2991596638655462,24.761538275641026,-0.7015769178098289,-0.7015769178098289,3.313811813840435,10.059374924479167,70.6609750792683,52.19999960810811,0.4234026978981491,1.157849585358879,0.5365756692287305,0.5364528101802757,2.734629682585073,4.042105263157895,0.1865546218487395,0.19270833333333334,0.7387387387387387,6.511627906976744,5.146341463414634,111.0,0.054828352679673995,3.8275862068965516,3.8275862068965516,0.0,0.0,0.0,2.162162178394611,0.21959459624320268,7.676426484057256,0.6681681731844458,6.563438487713502,-7.481231287396631,6.563438487713502,0.41666666979479483,0.10885885967611757,0.30780781011867725,0.6882352941176471,0.8056872037914692,3.313811813840435,0.3494011278863258,0.3411764705882353,45.211242346153846,0.0,Technology
2013-06-30,FI,2013,Q2,USD,0.4323873121869783,0.2278797996661102,0.31385642737896496,0.2278797996661102,0.19365609348914858,0.12687813021702837,0.12604340567612687,0.12604340567612687,1.7337192474674386,11.724137931034482,4.733167672464797,4.698039215686275,0.1269874920500318,1.2395566922421142,1.117078431372549,0.04253893820130632,0.2728047740835465,18.944384105960264,0.5953949290444656,0.5953949290444656,3.304189431129079,9.55125876460768,93.02770731707317,65.38518857142857,0.4190163239347043,1.1414958128790067,0.5330366774541532,0.532910709468573,2.7242275483684666,4.404411764705882,0.14919011082693948,0.14607679465776294,0.7028571428571428,6.8604651162790695,6.658536585365853,87.5,0.04427017455097394,3.3653846153846154,3.3653846153846154,0.0,0.0,0.0,2.2845156369183828,0.28794813119755913,7.616323417238749,0.6102212051868803,6.603737604881769,-7.583905415713196,6.603737604881769,0.3337147215865751,0.09916094584286804,0.2345537757437071,0.6508620689655172,0.8498168498168498,3.304189431129079,0.345469240390659,0.34913793103448276,40.09417021276596,0.0,Technology
2013-09-30,FI,2013,Q3,USD,0.43047460449625313,0.2331390507910075,0.3172356369691923,0.2331390507910075,0.1990008326394671,0.1340549542048293,0.13238967527060783,0.13238967527060783,1.6915492957746479,11.21311475409836,4.236107240399086,4.637065637065637,0.1270093062605753,1.243485342019544,1.1119959283387622,0.04336224149432955,0.26140065146579805,20.541622641509434,2.978535283018862,2.978535283018862,3.7758589595375724,10.877995004163198,58.585076233183855,46.001661971830984,0.41571489001692047,1.1361271676300577,0.5318630767149236,0.5317363648666937,2.732947976878613,4.141379310344828,0.23127035830618892,0.23646960865945046,0.7852112676056338,7.023255813953488,6.829268292682927,142.0,0.07224624777410328,4.655737704918033,4.655737704918033,0.0,0.0,0.0,2.322119102861562,0.3074245939675174,7.679814385150812,0.6206496519721578,6.689868522815159,-7.612142304717711,6.689868522815159,0.5491105955143079,0.11794276875483373,0.43116782675947407,0.6652719665271967,0.8535714285714285,3.7758589595375724,0.300892374372267,0.3305439330543933,43.76501837270341,0.0,Technology
2013-12-31,FI,2013,Q4,USD,0.44576405384006335,0.23594615993665874,0.3159144893111639,0.23515439429928742,0.2034837688044339,0.17418844022169439,0.1749802058590657,0.1749802058590657,1.6817576564580559,10.447761194029852,3.7717752668531,4.7481203007518795,0.13276568905707978,1.1801801801801801,1.040849099099099,0.05448717948717949,0.3003003003003003,17.150115384615386,0.4430446474358976,0.4430446474358976,4.2289266387726645,12.00372288202692,51.74301023890785,42.34832960893855,0.40449910648586146,1.0733612273361228,0.5176913762949011,0.511646914589293,2.6535564853556486,4.686456400742115,0.26876876876876876,0.283452098178939,0.8184357541899442,2.1893939393939394,7.425,3.891304347826087,0.09303534303534304,5.507692307692308,3.4587701077242645,0.17423076923076924,0.002539790044023027,0.25397900440230275,2.4600701207635374,0.4304635761589404,7.57304246201792,0.7791195948578107,6.982859368913128,-7.349045578496299,6.982859368913128,0.6973120373977405,0.12660693416439422,0.5707051032333463,0.8599221789883269,0.8653198653198653,4.2289266387726645,0.2538141043864591,0.4280155642023346,46.638350877192984,0.075,Technology
2014-03-31,FI,2014,Q1,USD,0.41572123176661263,0.21961102106969205,0.3006482982171799,0.21961102106969205,0.18638573743922204,0.13614262560777957,0.13614262560777957,0.13614262560777957,1.6409574468085106,11.819672131147541,3.549468564311349,4.345070422535211,0.13026496358070305,1.0757997218358832,0.9345417246175244,0.044444444444444446,0.21349095966620307,21.221261904761906,-0.912514261904762,-0.912514261904762,4.141936683125182,11.556473257698542,64.23733333333334,48.837972602739725,0.40620711495830253,1.1176299738600057,0.5277739679056371,0.5217391304347826,2.751379610804531,7.07163323782235,0.20305980528511822,0.2366288492706645,0.7602739726027398,2.293233082706767,6.609756097560975,3.1739130434782608,0.07588357588357589,4.171428571428572,2.7102283274549843,0.22464285714285714,0.0026464361326746645,0.2646436132674665,2.4523052464228936,0.3338632750397456,7.728537360890302,0.6100953895071543,6.84220985691574,-7.6967408585055646,6.84220985691574,0.5802861685214626,0.13910969793322733,0.4411764705882353,0.7304347826086957,0.8487084870848709,4.141936683125182,0.26983270372369134,0.28695652173913044,47.98298652291105,0.075,Technology
2014-06-30,FI,2014,Q2,USD,0.4389465283320032,0.24581005586592178,0.3240223463687151,0.24501197126895452,0.21308858739026337,0.13248204309656825,0.13248204309656825,0.13248204309656825,1.7164383561643837,12.781818181818181,3.2924007830574835,4.176666666666667,0.13325534403913644,1.114766081871345,0.9586827485380117,0.04470310391363023,0.24049707602339182,22.629084337349397,0.0,0.0,4.3239458992805755,11.991789305666401,76.2726497461929,54.2444476534296,0.409231096458577,1.1073381294964029,0.5254677044926942,0.519430230950076,2.7058992805755397,9.421052631578947,0.20248538011695907,0.22106943335993615,0.7111913357400722,2.3106060606060606,7.675,3.010869565217391,0.07198544698544698,3.4625,2.3601584799556936,0.22509036144578312,0.002486737400530504,0.2486737400530504,2.5150541951023686,0.3331995182657567,7.8040947410678445,0.660377358490566,6.9751103974307505,-7.65154556403051,6.9751103974307505,0.5560016057808109,0.16057808109193095,0.39542352468888,0.6217228464419475,0.8697068403908795,4.3239458992805755,0.2560943534655795,0.3782771535580524,45.67663054187192,0.075,Technology
2014-09-30,FI,2014,Q3,USD,0.4418052256532066,0.2494061757719715,0.32937450514647665,0.2494061757719715,0.21694378463974665,0.1892319873317498,0.1892319873317498,0.1892319873317498,1.6885026737967914,13.055555555555555,3.348595964585629,4.154605263157895,0.13382072472981563,1.1302791696492485,0.9795733715103794,0.05689424364123159,0.2927702219040802,16.585974895397488,0.3420857322175732,0.3420857322175732,4.580067013287118,12.554387965162311,50.177822784810125,40.55292071611253,0.40771349862258954,1.1114962449451185,0.5264021887824898,0.5203657522859518,2.7261698440207973,7.451327433628318,0.27988546886184684,0.3095803642121932,0.8081841432225064,2.225563909774436,7.682926829268292,4.25,0.10161122661122661,5.213333333333333,2.631401844000269,0.307907949790795,0.004641089108910891,0.46410891089108913,2.5743986954749287,0.48715858132898493,7.927028128821851,0.8336730534039951,7.056665307786384,-7.729311047696698,7.056665307786384,0.7969832857725234,0.15287403179779863,0.6441092539747248,0.8722627737226277,0.8698412698412699,4.580067013287118,0.2426812187945252,0.43795620437956206,46.382673076923076,0.15,Technology
2014-12-31,FI,2014,Q4,USD,0.42857142857142855,0.24088145896656535,0.31990881458966564,0.24088145896656535,0.20972644376899696,0.13753799392097266,0.13753799392097266,0.13753799392097266,1.6491228070175439,12.327868852459016,3.686129955688012,4.151419558359621,0.14094462889579093,1.0,0.8627133243606999,0.04716981132075472,0.19784656796769853,23.55869337016575,-1.0494327046710195,-1.0494327046710195,5.176477693474962,12.96086170212766,60.916050000000006,49.154161383285306,0.40730427332119523,1.1541729893778452,0.5357847280924204,0.5296888381387382,2.833687405159332,14.461538461538462,0.2335127860026918,0.26367781155015196,0.8069164265129684,2.43609022556391,7.7317073170731705,3.7717391304347827,0.09124375493031817,5.17910447761194,2.4947875476310304,0.39828729281767955,0.004226542688081149,0.42265426880811496,2.7382438618393676,0.3766125676238036,7.998335414065751,0.6117353308364545,6.856013316687474,-8.15022888056596,6.856013316687474,0.7220141489804411,0.13940907199334165,0.5826050769870995,0.6557971014492754,0.8706624605678234,5.176477693474962,0.22296493054199765,0.35144927536231885,48.84915439429929,0.15,Technology
2015-03-31,FI,2015,Q1,USD,0.4329411764705882,0.24705882352941178,0.3262745098039216,0.24627450980392157,0.21490196078431373,0.1396078431372549,0.1396078431372549,0.1396078431372549,1.6666666666666667,12.910714285714286,3.475827852774893,3.772189349112426,0.1365827530798072,0.9980013324450366,0.8594217188540972,0.045774072257642635,0.1972018654230513,26.507556179775282,-10.072871348314619,-10.072871348314619,5.864940957116222,14.802650980392157,73.724140625,54.547341040462435,0.41264059989287627,1.197016780609074,0.5448373408769448,0.5386379928315412,2.9008701056556867,-850.0,0.23051299133910727,0.27137254901960783,0.7398843930635838,2.3703703703703702,7.85,3.642105263157895,0.08982346832814123,3.8444444444444446,2.144938317525262,0.40061797752808986,0.0037783375314861456,0.37783375314861456,2.6819520403870425,0.37442153975599496,8.186790071518722,0.6226335717290703,6.769036600757257,-8.329827513672697,6.769036600757257,0.72780816154817,0.18931426167437948,0.5384938998737905,0.6496350364963503,0.8726114649681529,5.864940957116222,0.204096987397064,0.35036496350364965,53.916778846153846,0.15,Technology
2015-06-30,FI,2015,Q2,USD,0.4530046224961479,0.1856702619414484,0.3312788906009245,0.25115562403698,0.14791987673343607,0.09784283513097072,0.09784283513097072,0.09784283513097072,1.739946380697051,9.220779220779221,3.7651201391503557,3.397905759162304,0.13537755527743012,1.282934131736527,1.1417866766467066,0.035841737781225756,0.3967065868263473,38.35426771653543,-1.4191079055118114,-1.4191079055118114,6.199162583518931,15.010761171032357,138.18417021276596,76.70853543307086,0.44180225281602004,1.3477569201399937,0.574061525952026,0.5737727149443992,3.050588609608654,6.922666666666666,0.19011976047904192,0.19568567026194145,0.5551181102362205,6.7407407407407405,6.653061224489796,50.8,0.05996222851746931,2.247787610619469,1.3837437350185227,0.5555905511811023,0.0036214389183969096,0.362143891839691,2.7593537414965987,0.2699829931972789,9.109268707482993,1.126700680272109,6.681547619047619,-8.505527210884354,6.681547619047619,0.5399659863945578,0.24022108843537415,0.2997448979591837,0.6614583333333334,0.588957055214724,6.199162583518931,0.21740951329831787,0.34375,53.93015813953488,0.15,Technology
2015-09-30,FI,2015,Q3,USD,0.456968773800457,0.26047220106626046,0.3412033511043412,0.26047220106626046,0.22924600152322924,0.16603198781416603,0.16603198781416603,0.16603198781416603,1.6768837803320562,9.25974025974026,4.109628519553878,3.3073047858942064,0.13987429423671036,1.0850460666194188,0.9620871722182849,0.04970849953973611,0.21899362154500354,22.797350917431196,0.30776423738532127,0.30776423738532127,6.928996165911468,15.14035795887281,74.73417293233082,55.998000000000005,0.4511558538404176,1.4761240850470547,0.5961430180180181,0.595858571629807,3.2718717323109097,5.2730923694779115,0.2515946137491141,0.27037319116527037,0.7492957746478873,7.195652173913044,8.341463414634147,71.0,0.08382526564344746,3.9887640449438204,2.2489705416534687,0.3158256880733945,0.0034634033710459473,0.3463403371045948,2.860566448801743,0.4749455337690632,9.31590413943355,0.673202614379085,6.250544662309368,-9.233115468409586,6.250544662309368,0.7734204793028322,0.19389978213507625,0.579520697167756,0.7242524916943521,0.8801169590643275,6.928996165911468,0.21303577743470717,0.38870431893687707,53.13680803571429,0.15,Technology
2015-12-31,FI,2015,Q4,USD,0.4422514619883041,0.23976608187134502,0.3172514619883041,0.24049707602339182,0.21198830409356725,0.13815789473684212,0.13815789473684212,0.13815789473684212,1.7057356608478802,10.31081081081081,4.731401499414001,3.4545454545454546,0.14646680942184154,1.0026631158455392,0.895297603195739,0.04401197604790419,0.18308921438082557,27.256531746031744,-2.5621139841269858,-2.5621139841269858,7.746593233082706,15.062820175438597,63.59857407407407,52.70060869565217,0.4596359743040685,1.6139097744360902,0.6174313246080828,0.6171560161197467,3.511278195488722,22.06451612903226,0.2603195739014647,0.2858187134502924,0.8286445012787724,7.636363636363637,8.435897435897436,78.2,0.09107849988353132,5.835820895522388,2.905119251058771,0.3576190476190476,0.0032801224579050953,0.3280122457905095,3.03595206391478,0.4194407456724368,9.613848202396804,0.6102973812694186,5.90324012427874,-9.79138925876609,5.90324012427874,0.8677319130048824,0.14869063470927651,0.7190412782956058,0.6517241379310345,0.8814589665653495,7.746593233082706,0.20833800431700805,0.33793103448275863,56.73718433179724,0.15,Technology
2016-03-31,FI,2016,Q1,USD,0.4485349361382419,0.25469571750563486,0.32982719759579265,0.25469571750563486,0.2193839218632607,0.21712997746055598,0.21712997746055598,0.21712997746055598,1.653416149068323,11.121212121212121,4.698291588521831,3.319201995012469,0.1393425460636516,0.9571984435797666,0.8558839169909209,0.056639487478159584,0.1835278858625162,19.788356401384082,0.3613525951557093,0.3613525951557093,8.52285394932936,17.1865815176559,52.346315789473685,44.941728880157164,0.46576633165829145,1.6576005961251863,0.623720734613767,0.6235096086407631,3.5588673621460507,-42.935483870967744,0.33009079118028534,0.38241923365890307,0.8585461689587426,5.686274509803922,7.212765957446808,127.25,0.11440773207462351,7.069444444444445,3.664506839452844,0.2314878892733564,0.002924546695262234,0.29245466952622345,2.984304932735426,0.647982062780269,10.080717488789238,0.6345291479820628,6.017937219730942,-10.325112107623319,6.017937219730942,1.141255605381166,0.16143497757847533,0.9798206278026906,0.9897260273972602,0.8613569321533924,8.52285394932936,0.19448891251452438,0.5102739726027398,61.5975854214123,0.15,Technology
2016-06-30,FI,2016,Q2,USD,0.46661775495231106,0.26559060895084374,0.3404255319148936,0.26559060895084374,0.23624358033749082,0.15553925165077037,0.15553925165077037,0.15553925165077037,1.6785714285714286,10.23943661971831,5.007369856597744,3.4593908629441623,0.14302203567681007,1.0234159779614325,0.9234256198347107,0.04558652729384437,0.18112947658402204,28.287787735849054,-1.0815918840177576,-1.0815918840177576,9.079501892505677,17.599445341159207,228.45756190476192,134.76429213483146,0.47785939139559286,1.7236941710825133,0.6328515842134519,0.6325452016689846,3.607115821347464,-85.1875,0.12258953168044077,0.1305942773294204,0.5898876404494382,7.695652173913044,9.05,29.666666666666668,0.03908651734738691,2.4383561643835616,1.2789193849691047,0.3121698113207547,0.0027588743792532648,0.2758874379253265,3.0893019038984586,0.48050770625566636,10.41251133272892,0.5961015412511332,5.988213961922031,-10.49637352674524,5.988213961922031,0.40344514959202177,0.16545784224841342,0.23798730734360835,0.6583850931677019,0.8895027624309392,9.079501892505677,0.18984457423873327,0.3416149068322981,60.94621551724138,0.15,Technology
2016-09-30,FI,2016,Q3,USD,0.46594202898550724,0.26594202898550723,0.3427536231884058,0.2673913043478261,0.23768115942028986,0.15507246376811595,0.15507246376811595,0.15507246376811595,1.6626506024096386,10.095890410958905,5.394682906833753,3.424317617866005,0.1431980906921241,1.0335917312661498,0.9453385012919897,0.04499151103565365,0.19573643410852712,25.47431775700935,12.22767252336453,12.22767252336453,8.488133904242895,15.801460869565217,78.72207942238268,61.425397183098596,0.48043997094531493,1.8022576878162708,0.6431448812335047,0.6428472125677742,3.7512650836901518,32.093023255813954,0.229328165374677,0.2572463768115942,0.780281690140845,7.638297872340425,9.0,59.166666666666664,0.07667386609071274,4.551282051282051,3.201659451659452,0.15364485981308412,0.0015078407720144752,0.15078407720144751,3.147810218978102,0.48813868613138683,10.654653284671532,0.6911496350364964,5.859945255474453,-10.661496350364963,5.859945255474453,0.8097627737226277,0.17791970802919707,0.6318430656934306,0.6524390243902439,0.8888888888888888,8.488133904242895,0.21232672671615027,0.3475609756097561,55.24950528541226,0.075,Technology
2016-12-31,FI,2016,Q4,USD,0.46820405310971347,0.2620545073375262,0.33542976939203356,0.2620545073375262,0.23270440251572327,0.15024458420684836,0.15024458420684836,0.15024458420684836,1.5864745011086474,6.918181818181818,5.471710322910001,3.533333333333333,0.1468746792569024,0.9494505494505494,0.8730335164835165,0.044432102193835046,0.16483516483516483,26.63179069767442,13.04957744186045,13.04957744186045,9.013514364423456,16.00512928022362,71.12838509316771,58.87748071979435,0.46823360361285027,1.7953561589925227,0.6422638321835844,0.6374143835616438,3.8343171979535615,-71.55,0.21373626373626373,0.2718378756114605,0.8277634961439588,2.6350364963503647,8.928571428571429,4.094736842105263,0.08526961858833845,5.8059701492537314,3.9164359426126354,0.15034883720930234,0.0014113662024840044,0.14113662024840046,3.320185614849188,0.4988399071925754,10.682134570765662,0.6960556844547564,5.895591647331787,-10.823665893271462,5.895591647331787,0.9025522041763341,0.1554524361948956,0.7470997679814385,0.6456456456456456,0.888,9.013514364423456,0.1991849223737673,0.35735735735735735,56.594458333333336,0.075,Technology
2017-03-31,FI,2017,Q1,USD,0.460545193687231,0.26040172166427544,0.336441893830703,0.2618364418938307,0.23170731707317074,0.17718794835007173,0.17718794835007173,0.17718794835007173,1.619047619047619,9.060240963855422,5.511741769034566,3.485,0.14377062706270627,0.9022346368715084,0.826013407821229,0.048542354235423545,0.17206703910614526,24.84551619433198,1.5528447621457495,1.5528447621457495,10.126802805280528,17.609304160688666,63.429896640826875,53.01807775377969,0.4783415841584158,1.9133663366336633,0.6567544604927783,0.6522737053507388,4.0,-10.441947565543071,0.25865921787709495,0.3321377331420373,0.8358531317494601,2.7593984962406015,8.69047619047619,5.087912087912088,0.09982751185855972,6.092105263157895,4.289618752026683,0.1292914979757085,0.0013009540329575022,0.13009540329575023,3.2738374823860967,0.5800845467355566,10.991075622357915,0.72334429309535,5.692813527477689,-11.380930014091122,5.692813527477689,1.0873649600751527,0.17848755284170972,0.9088774072334429,0.7647058823529411,0.8849315068493151,10.126802805280528,0.18894081117447611,0.3157894736842105,61.572217484008526,0.075,Technology
2017-06-30,FI,2017,Q2,USD,0.4603174603174603,0.2691197691197691,0.3477633477633478,0.2683982683982684,0.23809523809523808,0.15945165945165946,0.15945165945165946,0.15945165945165946,1.6402366863905324,8.8,5.5367214910657445,3.5,0.1431078988125968,0.9560632688927944,0.8769197422378442,0.045242665204277485,0.1751611013473931,29.173384615384617,-2.8200938461538496,-2.8200938461538496,10.785977415307404,18.606978354978356,153.50757142857142,113.11084210526316,0.4895198760970573,1.9828523630280217,0.6647504206393718,0.6602245274975131,4.050606440819741,-11.088,0.1335676625659051,0.1645021645021645,0.7368421052631579,2.683453237410072,8.454545454545455,2.4,0.04809112001687408,3.8,2.4885396201702683,0.14307692307692307,0.0012260912211868563,0.12260912211868563,3.2874762808349147,0.5241935483870968,11.349620493358634,0.709203036053131,5.671252371916508,-11.5061669829222,5.671252371916508,0.540796963946869,0.14231499051233396,0.3984819734345351,0.6696969696969697,0.8870967741935484,10.785977415307404,0.1838361315511349,0.3303030303030303,62.72048132780083,0.075,Technology
2017-09-30,FI,2017,Q3,USD,0.46714285714285714,0.26285714285714284,0.3407142857142857,0.2642857142857143,0.23214285714285715,0.1657142857142857,0.1657142857142857,0.1657142857142857,1.55902004454343,8.987951807228916,5.610667789803025,3.6363636363636362,0.13726835964310227,1.0108108108108107,0.93894,0.043190215314052746,0.17567567567567569,29.016000000000002,3.772079999999992,3.772079999999992,11.458233191489363,19.233462857142857,106.85257142857142,83.10755555555556,0.5011275615256398,2.1748936170212767,0.6850288165125318,0.6810532030401737,4.34,-50.90909090909091,0.17513513513513512,0.23142857142857143,0.7777777777777778,2.746376811594203,8.222222222222221,3.4838709677419355,0.06339268244961847,4.5,3.1358885017421603,0.135,0.001163151364764268,0.11631513647642679,3.3524904214559386,0.5555555555555556,12.346743295019158,0.9233668582375479,5.6273946360153255,-12.332375478927203,5.6273946360153255,0.7758620689655172,0.1724137931034483,0.603448275862069,0.7138461538461538,0.8783783783783784,11.458233191489363,0.18981055636367095,0.30153846153846153,66.48395807127882,0.075,Technology
2017-12-31,FI,2017,Q4,USD,0.4868073878627968,0.28034300791556727,0.35356200527704484,0.28034300791556727,0.25065963060686014,0.3502638522427441,0.36015831134564646,0.36015831134564646,1.5205616850551655,9.725,10.180580999738288,3.887179487179487,0.14734182136262028,1.019091847265222,0.9796594427244582,0.08692775866631385,0.16769865841073273,12.391362637362638,0.09130477732793522,0.09130477732793522,9.909460270963018,17.851408970976255,69.57001542416454,57.826358974358975,0.47623675770240065,1.794214573416331,0.6421176778928057,0.641976927110645,3.7674844379348222,53.19298245614035,0.24148606811145512,0.3087071240105541,0.8311965811965812,14.3125,9.444444444444445,156.0,0.09551020408163265,5.924050632911392,5.924050632911392,0.0,0.0,0.0,3.651252408477842,1.3150289017341041,11.909922928709056,0.9778925818882467,6.577552986512524,-11.41859344894027,6.577552986512524,1.1271676300578035,0.19026974951830444,0.9368978805394991,1.436842105263158,0.8941176470588236,9.909460270963018,0.1810607767078687,-0.3973684210526316,59.02562686567165,0.0,Technology
2018-03-31,FI,2018,Q1,USD,0.47291666666666665,0.4215277777777778,0.3541666666666667,0.4222222222222222,0.3909722222222222,0.29375,0.29375,0.29375,1.6400911161731206,9.37037037037037,10.467954818155489,3.84,0.14163470050162288,1.0505050505050506,1.0074230540701128,0.0774041133963313,0.22697563874034463,17.13471631205674,-0.7799250183418929,-0.7799250183418929,9.758310333221138,20.13329166666667,98.27776271186443,77.93532258064516,0.4528376118815777,1.5496465836418714,0.6077887788778877,0.6077369949828361,3.4220801077078424,23.60655737704918,0.22103386809269163,0.25833333333333336,0.793010752688172,8.043478260869565,13.511111111111111,372.0,0.08079930495221546,4.8311688311688314,4.8311688311688314,0.0,0.0,0.0,3.5036496350364965,1.0291970802919708,11.311435523114355,1.1147177615571777,7.228710462287105,-10.554744525547445,7.228710462287105,0.9051094890510949,0.1873479318734793,0.7177615571776156,0.7513321492007105,0.9259868421052632,9.758310333221138,0.15880275690416024,0.24866785079928952,65.12537254901962,0.0,Technology
2018-06-30,FI,2018,Q2,USD,0.4795774647887324,0.2535211267605634,0.3492957746478873,0.252112676056338,0.22253521126760564,0.17676056338028168,0.17676056338028168,0.17676056338028168,1.5236051502145922,7.778947368421052,10.645807223014536,3.7967914438502675,0.13897044431395578,1.0900302114803626,1.0480864048338367,0.05252442996742671,0.21027190332326284,29.968076693227093,-0.7528565608298513,-0.7528565608298513,10.5571750877193,21.18869647887324,201.93254362416107,124.84626141078839,0.4703464474456841,1.6863157894736842,0.627742946708464,0.6276943174395819,3.5852631578947367,12.136752136752136,0.14561933534743202,0.16971830985915493,0.6182572614107884,9.217391304347826,7.955555555555556,241.0,0.05014565126924678,2.619565217391304,2.619565217391304,0.0,0.0,0.0,3.4966756956414677,0.6180743659197242,11.94533366165969,1.0204727899532136,7.017975868012805,-10.930805220389066,7.017975868012805,0.5934498891898548,0.2265451859147993,0.3669047032750554,0.7943037974683544,0.88268156424581,10.5571750877193,0.15973172515015896,0.22784810126582278,69.64909072580645,0.0,Technology
2018-09-30,FI,2018,Q3,USD,0.4695467422096317,0.24787535410764872,0.3519830028328612,0.2521246458923513,0.21529745042492918,0.16076487252124647,0.16076487252124647,0.16076487252124647,1.487881981032666,7.721649484536083,10.560451180824815,3.6675324675324674,0.1313732787495348,1.0077586206896552,0.9771875,0.04488685544701373,0.29008620689655173,36.00609030837004,-4.464755198237883,-4.464755198237883,12.286181886508832,23.15405807365439,119.31945255474453,88.84111413043478,0.4907889839970227,1.982337467117625,0.6646925403225806,0.6444414751469802,4.039083051484404,16.910179640718564,0.15862068965517243,0.26062322946175637,0.7445652173913043,0.8297029702970297,6.716981132075472,0.8141592920353983,0.06976303317535545,3.9148936170212765,3.9148936170212765,0.0,0.0,0.0,3.521197007481297,0.5660847880299252,13.286783042394015,1.8788977556109725,6.635910224438903,-11.448877805486283,6.635910224438903,0.9177057356608479,0.2344139650872818,0.683291770573566,0.7467105263157895,0.8539325842696629,12.286181886508832,0.16134690870028412,0.2565789473684211,75.04130784708249,0.0,Technology
2018-12-31,FI,2018,Q4,USD,0.4700193423597679,0.27788523533204385,0.3765312701482914,0.27788523533204385,0.23984526112185686,0.18439716312056736,0.18439716312056736,0.18439716312056736,1.478551000953289,6.47244094488189,11.847453229944366,3.8969849246231156,0.13771976558337773,1.1064676616915423,1.0719492537313433,0.04861188538298584,0.2064676616915423,25.214007867132867,0.8982490302666084,0.8982490302666084,12.57951373746184,18.597566086395872,60.85406118143459,50.516330998248684,0.5291244894334932,2.598778892280855,0.7221279689772176,0.7219932104752668,4.9114696903619715,13.370689655172415,0.2840796019900497,0.36814958091553834,0.830122591943958,8.266666666666667,7.696428571428571,142.75,0.0958214465514348,5.88659793814433,5.88659793814433,0.0,0.0,0.0,3.951592356687898,0.7286624203821656,15.32484076433121,1.125103184713376,5.84203821656051,-14.145222929936306,5.84203821656051,1.4547770700636942,0.24713375796178344,1.2076433121019108,0.7688172043010753,0.8631090487238979,12.57951373746184,0.20658818349565305,0.23655913978494625,58.88497431506849,0.0,Technology
2019-03-31,FI,2019,Q1,USD,0.46870838881491345,0.2097203728362184,0.35352862849533956,0.24833555259653795,0.17177097203728361,0.1511318242343542,0.14980026631158455,0.14980026631158455,1.4386973180076628,8.142857142857142,10.324617355190126,3.6723716381418092,0.12863994518670777,1.0731132075471699,1.0366551886792452,0.039862098685628095,0.21320754716981133,38.86969666666667,-1.8916585711111107,-1.8916585711111107,14.612667919799499,23.290763648468708,127.20991636363637,93.78747184986595,0.5031688934566633,2.454051796157059,0.7104849437658726,0.7100290697674418,4.87719298245614,8.140921409214092,0.17594339622641508,0.24833555259653795,0.7372654155495979,7.8125,6.543859649122807,53.285714285714285,0.06348936170212766,3.806122448979592,3.806122448979592,0.0,0.0,0.0,3.834567270870564,0.5744191983660965,15.144243043145265,1.2028848608629052,6.111820270615267,-13.852438090375287,6.111820270615267,0.95225938218024,0.25019147306612205,0.702067909114118,0.872093023255814,0.6916890080428955,14.612667919799499,0.16776851044231056,0.12015503875968993,76.09364783427495,0.0,Technology
2019-06-30,FI,2019,Q2,USD,0.4808201058201058,0.23082010582010581,0.3544973544973545,0.25396825396825395,0.19246031746031747,0.1527777777777778,0.1474867724867725,0.1474867724867725,1.5288169868554096,7.336448598130841,10.44563611927985,3.617224880382775,0.0769857433808554,4.970301850048686,4.933714216163583,0.021586521586521586,4.1095423563777995,40.70647421524664,-23.609755044843002,-23.609755044843002,14.261655538098978,24.014666005291005,386.2784574468085,176.26298543689322,0.70040733197556,5.402985074626866,0.8438228438228438,0.843631003562216,7.714061272584447,0.36389891696750903,0.1002921129503408,0.13624338624338625,0.4563106796116505,6.52054794520548,6.0,22.88888888888889,0.014975283512649026,1.8392857142857142,1.8392857142857142,0.0,0.0,0.0,3.8522292993630574,0.5681528662420382,35.210191082802545,21.543747770700637,6.486624203821656,-13.396178343949044,6.486624203821656,0.5248407643312102,0.28535031847133757,0.2394904458598726,0.7663230240549829,0.7578125,14.261655538098978,0.3785440307021379,0.20618556701030927,77.65890858208955,0.0,Technology
2019-09-30,FI,2019,Q3,USD,0.48305626598465473,0.13427109974424553,0.31649616368286443,0.11956521739130435,0.08184143222506395,0.0719309462915601,0.0632992327365729,0.0632992327365729,1.1790425932906143,4.022388059701493,18.62538442931684,1.9084807809640025,0.0401726086509812,1.0798271412280176,1.07461634955885,0.017472507497955102,0.0617009783326331,76.48918181818182,-1.895601462450593,-1.895601462450593,1.8543399553093147,19.36682608695652,74.14863157894737,58.36168786127168,0.28884978937634853,0.6884508249410757,0.40774111675126906,0.40203902331881247,2.3834215923352415,0.6595677385345282,0.06230118240201669,0.33184143222506396,0.7870905587668593,2.0413943355119826,2.2804878048780486,3.51864406779661,0.046151794050953716,4.6968325791855206,4.6968325791855206,0.0,0.0,0.0,5.348837209302325,0.3385772913816689,38.739740082079344,1.7578659370725034,57.886456908344734,-33.177154582763336,55.863543091655266,1.7749658002735977,0.37790697674418605,1.3970588235294117,0.7734375,0.6844919786096256,1.8543399553093147,0.36745144787755685,0.20703125,82.87114343434344,0.0,Technology
2019-12-31,FI,2019,Q4,USD,0.47861557478368355,0.1295426452410383,0.3245982694684796,0.11817058096415328,0.06872682323856613,0.05957972805933251,0.06106304079110012,0.06106304079110012,1.4539899352983465,5.380102040816326,26.754113333925332,2.5186799501867996,0.052167296457266664,1.0838685063902842,1.0788561709162587,0.024272527060587603,0.056781331468175746,79.57169736842106,13.527188552631628,13.527188552631628,2.3838453864580487,19.435559208899875,88.5324740990991,66.73755263157895,0.2824256180760649,0.6640286242760545,0.39904879915448815,0.3942916965122045,2.3511628612147124,3.0539826349565873,0.07490303300057226,0.2912237330037083,0.7538200339558574,2.027375201288245,2.463917525773196,2.758782201405152,0.05379241061235673,4.062068965517241,4.062068965517241,0.0,0.0,0.0,5.949404324165318,0.3632887189292543,32.49448448301221,1.3134284453596117,51.2678335049272,-27.684953669657304,48.5056625974408,1.7326077364318282,0.4265333137226063,1.306074422709222,0.8884892086330936,0.5815899581589958,2.3838453864580487,0.2785026825742175,0.19424460431654678,75.87420944402133,0.0,Technology
2020-03-31,FI,2020,Q1,USD,0.4250464314141682,0.1727248607057575,0.3924117803130804,0.16688776863889626,0.12257893340408596,0.10161846643672061,0.1040063677368002,0.1040063677368002,1.459721146398141,5.856756756756757,27.750742751767238,2.2066744730679155,0.051916030744648616,1.0671672580245894,1.0607238220975328,0.03134282495134692,0.0739334928624474,41.07954017857143,0.6722106574675324,0.6722106574675324,2.0228219388876676,17.090135049084637,100.33133800623052,72.53684572072072,0.30259786770985425,0.6898847470401658,0.4082436676515954,0.3994039872498538,2.2798731275319537,3.53398968588842,0.07327337239046126,0.23560626160785353,0.722972972972973,4.069767441860465,3.3636363636363638,5.656050955414012,0.04042243262927895,3.6097560975609757,3.6097560975609757,0.0,0.0,0.0,5.558177259991152,0.5780858280489604,32.67217224598142,1.3213390355404808,49.47057956053679,-28.245096593422797,46.95915056776287,1.3095413655802979,0.3627783512756231,0.9467630143046748,0.8484848484848485,0.7344992050874404,2.0228219388876676,0.33119235348534193,0.170995670995671,57.798998647734955,0.0,Technology
2020-06-30,FI,2020,Q2,USD,0.4458874458874459,0.048484848484848485,0.2842712842712843,0.047619047619047616,-0.002308802308802309,0.005483405483405483,0.0005772005772005772,0.0005772005772005772,1.3793789808917198,4.8,24.042976821067658,2.052725118483412,0.044945714915751105,1.0430787589498807,1.0383140214797135,0.018695642248955646,0.051849642004773266,8175.675,-82.18182842287695,-82.18182842287695,2.0709052338283254,18.876017316017315,82.89657794676806,63.43879728419011,0.2837352288794054,0.6925877845676471,0.409188693716445,0.3996312207732958,2.440965076148561,4.51171875,0.061515513126491644,0.29754689754689756,0.7652764306498545,3.1331269349845203,0.9482758620689655,6.919463087248322,0.04713358324951998,4.260330578512397,4.260330578512397,0.0,0.0,0.0,5.1716417910447765,0.0029850746268656717,32.907462686567165,1.2970149253731342,49.680597014925375,-29.01194029850746,47.13880597014926,1.5388059701492538,0.3611940298507463,1.1776119402985075,-0.25,-0.048484848484848485,2.0709052338283254,0.32370415898381477,3.375,87.72629441624366,0.0,Technology
2020-09-30,FI,2020,Q3,USD,0.5066032752245113,0.14712097200211305,0.3547279450607501,0.14315900686740624,0.10063391442155309,0.07290015847860538,0.06973058637083994,0.06973058637083994,1.629789065863108,5.008042895442359,22.555755460835336,2.3226993865030674,0.05231304924556458,1.0574530649174394,1.051208851692679,0.026484892775243806,0.0706476664404735,65.36258522727273,0.0050668670718816075,0.0050668670718816075,2.1779278682317305,18.23108557844691,82.07240190249702,66.2407773512476,0.29374620018791797,0.6708002019437082,0.40148439122962737,0.39175495163519114,2.2836046951912152,5.1024258760107815,0.0785644273542939,0.2752245113576334,0.8071017274472169,4.104377104377105,3.0795454545454546,8.611570247933884,0.04901453502046192,5.1840796019900495,5.1840796019900495,0.0,0.0,0.0,5.65243356225739,0.3941475067184234,32.00209017617199,1.3989250522544043,48.80412063302478,-28.16960286652732,47.31561660197074,1.5556882651537773,0.3000895789787996,1.2555986861749775,0.6929133858267716,0.7029520295202952,2.1779278682317305,0.29748102404868876,0.32545931758530183,66.5263514519732,0.0,Technology
2020-12-31,FI,2020,Q4,USD,0.5153966597077244,0.13308977035490605,0.33507306889352817,0.13465553235908143,0.08768267223382047,0.0824634655532359,0.07828810020876827,0.07828810020876827,1.5439161966156325,4.249427917620137,22.724491544090654,2.3538083538083536,0.051354212734022166,1.0372194154889045,1.0319934770096566,0.026011140712036813,0.0579395024621091,63.48643833333333,4.12661849166667,4.12661849166667,2.3564406433652954,19.880930584551148,78.13715487179488,64.23585666104553,0.27719481633364157,0.6397772966285185,0.3901610895235221,0.38253213392157986,2.308042066192391,5.7023809523809526,0.07584575046364392,0.3094989561586639,0.8220910623946037,2.7841409691629955,2.9655172413793105,4.235714285714286,0.05733900599497196,5.62085308056872,5.62085308056872,0.0,0.0,0.0,5.727096099237782,0.44836347332237336,31.173217755193544,1.3574234045733073,49.8116873412046,-27.426393663129577,48.3186369750411,1.7725302645344492,0.3153489762367359,1.4571812882977133,0.8928571428571429,0.6511627906976745,2.3564406433652954,0.2665792429212507,0.05952380952380952,74.73654672897196,0.0,Technology
2021-03-31,FI,2021,Q1,USD,0.4921438082556591,0.13235685752330226,0.33874833555259654,0.12649800266311584,0.085219707057257,0.08468708388814913,0.08095872170439414,0.08095872170439414,1.434849063813527,3.94824016563147,20.12919842090819,2.281287970838396,0.05017370390165687,1.0336372209996856,1.0276807293303993,0.026217406834146924,0.05224772084250236,65.45242105263158,0.0,0.0,2.4988271639822925,21.19577736351531,110.84978272980501,83.60309243697479,0.28332442544094066,0.6657247810115852,0.3996607294317218,0.3895352180162913,2.3496907475432485,6.723366159355416,0.05985539138635649,0.2535286284953395,0.7542016806722689,4.75,2.6988636363636362,10.818181818181818,0.0448971892095831,4.068376068376068,4.068376068376068,0.0,0.0,0.0,5.616212982351182,0.45468142387077476,31.97726592880646,1.2462638348788513,49.12503739156446,-27.714627580017947,47.63834878851331,1.4238707747532158,0.34998504337421477,1.073885731379001,0.95,0.6736842105263158,2.4988271639822925,0.25646391593411366,0.05625,78.58737735849057,0.0,Technology
2021-06-30,FI,2021,Q2,USD,0.5144408787953592,0.15946679832140212,0.35966428042458654,0.15897309306344112,0.11602073562083436,0.07010614663046161,0.06640335719575413,0.06640335719575413,1.5212166729252723,4.106471816283925,20.7752429235319,2.455151515151515,0.05346019847972973,1.0275926033273433,1.0221042258419801,0.02517274271223507,0.04875079705524318,65.93205669144982,-7.417356377788094,-7.417356377788094,2.231399773535055,17.512439644532215,88.5679063670412,66.864178133836,0.2750607052364865,0.6555845626395748,0.39598373736606124,0.38550001932815336,2.383417733463341,8.013847675568744,0.06150368094603211,0.26191063934830905,0.7549481621112158,4.016339869281046,3.68,8.099236641221374,0.05090438036750947,4.0807692307692305,4.0807692307692305,0.0,0.0,0.0,6.10366129275275,0.4053036010245593,31.667922254030437,1.2701913515142385,49.40937170408317,-28.003616091607654,47.90266686756065,1.5986138315503993,0.3917432574958566,1.2068705740545427,0.5723404255319149,0.7298136645962733,2.231399773535055,0.2829881775472562,0.4851063829787234,62.419281400137265,0.0,Technology
2021-09-30,FI,2021,Q3,USD,0.5073264472736008,0.15637761229882297,0.34614460725438384,0.1527744415085275,0.11482104251741533,0.107134278164785,0.10281047321643046,0.10281047321643046,1.4905119942713927,4.13508064516129,0.0,2.424577751892836,0.05494476487125002,1.049140189044528,1.049140189044528,0.02855290276266123,0.05312606764605398,41.9169976635514,0.716082043419003,0.716082043419003,2.2712337004684136,17.238025462406917,200.4522346368715,105.84351032448377,0.27702033866986947,0.6642929484744905,0.39914424265474946,0.387139947628746,2.3979934168882138,6.218073188946975,0.038606081311923474,0.1628633197213548,0.528023598820059,4.241590214067278,3.697674418604651,4.374193548387097,0.03230263471342132,2.11875,2.11875,0.0,0.0,0.0,6.29422437254309,0.6471121862715452,31.9942546114303,1.4106440882975506,49.2651950408225,-27.19534321136982,47.771394012700334,1.025098276383429,0.48382219534321136,0.5412760810402177,0.895397489539749,0.7515723270440252,2.2712337004684136,0.2802880079819514,0.11297071129707113,63.71818181818182,0.0,Technology
2021-12-31,FI,2021,Q4,USD,0.4824994127319709,0.1324876673713883,0.28071411792342027,0.12520554381019497,0.09349307023725628,0.08339206013624618,0.07822410147991543,0.07822410147991543,1.4884615384615385,3.715008431703204,0.0,2.4437428243398394,0.055830240396595364,1.0314293522820444,1.0314293522820444,0.021761213571412447,0.045640885487838206,50.64827327327327,-2.351526973401973,-2.351526973401973,2.179616826053244,15.84766267324407,67.6664994984955,50.233432613551756,0.27852168553030204,0.6861269061773068,0.40692483090306386,0.3974458807039402,2.463459550271388,5.920723226703755,0.07340803498223558,0.3154803852478271,0.742367833209233,2.065693430656934,3.135294117647059,3.552910052910053,0.06323868719687338,3.8815028901734103,3.8815028901734103,0.0,0.0,0.0,6.549230769230769,0.5123076923076924,32.933846153846154,1.2846153846153847,49.15384615384615,-28.44923076923077,47.61846153846154,2.066153846153846,0.5323076923076923,1.5338461538461539,0.8366834170854272,0.7467166979362101,2.179616826053244,0.30822592957673406,0.15829145728643215,73.52761506276151,0.0,Technology
2022-03-31,FI,2022,Q1,USD,0.5234412759787337,0.2042049299178347,0.3620106331561141,0.2044465925567907,0.16288061865635572,0.16481391976800386,0.16167230546157563,0.16167230546157563,1.4215046375815872,4.492027334851937,0.0,2.393290919606709,0.05482973366900755,1.040214326001128,1.040214326001128,0.03388109305760709,0.048674562887760855,24.516367713004488,0.2404489910313902,0.2404489910313902,2.0979086722947047,15.854470758820685,135.54917355371902,80.49791411042945,0.2791837816350868,0.6737656689690458,0.4025448014978411,0.39070628348757913,2.413341007930417,6.425465838509317,0.045967287084038355,0.19695505074915418,0.5938650306748466,3.240740740740741,4.947368421052632,3.1226053639846745,0.038680588514475554,2.4622356495468276,2.4622356495468276,0.0,0.0,0.0,6.395672333848531,1.0340030911901081,32.82998454404946,1.3338485316846986,49.678516228748066,-27.57032457496136,48.3338485316847,1.259659969088099,0.5115919629057187,0.7480680061823802,0.9925816023738873,0.7966903073286052,2.0979086722947047,0.3096372576814855,0.14540059347181009,57.2849132176235,0.0,Technology
2022-06-30,FI,2022,Q2,USD,0.5406741573033708,0.17842696629213484,0.3750561797752809,0.19325842696629214,0.13887640449438202,0.13685393258426967,0.1343820224719101,0.1343820224719101,1.393237319974953,3.7504587155963303,0.0,2.466740576496674,0.05763352846707766,1.0480595318071417,1.0480595318071417,0.03109942089209142,0.04563071675882383,23.916266722408025,-2.463375472408028,-2.463375472408028,1.8389440354881224,12.855665168539327,94.87182421227197,57.78556565656566,0.2786483966222867,0.6916005014625992,0.40884387351778656,0.39656276065408413,2.4819827059693336,5.4169202678028,0.05116014676244122,0.22247191011235956,0.6090909090909091,3.132924335378323,4.886363636363637,3.1629392971246006,0.046014408552172904,2.558139534883721,2.558139534883721,0.0,0.0,0.0,6.920684292379471,0.9300155520995335,33.734059097978225,1.3732503888024883,49.72006220839813,-27.799377916018663,48.38102643856921,1.5396578538102643,0.6018662519440124,0.937791601866252,0.9676375404530745,0.7186046511627907,1.8389440354881224,0.3628357086833226,0.22168284789644013,46.63853205512283,0.0,Technology
2022-09-30,FI,2022,Q3,USD,0.5582115980522355,0.18702965914121292,0.39065958388667554,0.1892430278884462,0.14431164231961044,0.11177512173528109,0.1064630367419212,0.1064630367419212,1.3678474114441417,4.255863539445629,0.0,2.3482328482328483,0.05973030142781597,1.0614719077120274,1.0614719077120274,0.02856372339708295,0.04769280068361461,30.9306237006237,-1.6920870612694137,-1.6920870612694137,1.9623596913539536,13.171872509960158,79.34736,50.43264406779661,0.2825885774722369,0.7048407307261096,0.4134349432312721,0.40076667720518494,2.494229374134406,4.342143200384431,0.0630207220679342,0.26117751217352814,0.635593220338983,3.5955555555555554,4.430051813471502,4.591439688715953,0.0552046783625731,2.744186046511628,2.744186046511628,0.0,0.0,0.0,7.10377358490566,0.7562893081761006,33.911949685534594,1.4040880503144655,48.966981132075475,-27.60062893081761,47.68238993710692,1.8553459119496856,0.6761006289308176,1.179245283018868,0.7377300613496932,0.7625730994152047,1.9623596913539536,0.3451322556079161,0.2254601226993865,45.32154107648725,0.0,Technology
2022-12-31,FI,2022,Q4,USD,0.5724465558194775,0.2532930252645217,0.418268192614986,0.25458864176203844,0.2092420643489527,0.17274886633556466,0.16886201684301447,0.16886201684301447,1.2917712691771268,3.03680981595092,0.0,2.365168539325843,0.05521706470805661,1.0410461864086478,1.0410461864086478,0.02976179069009793,0.03409176808526722,20.547161810159846,0.33225197820684005,0.33225197820684005,2.084842420597509,13.878540734653422,49.36368828124424,39.357943749038576,0.2553744530160131,0.6947580121967043,0.40994525896719364,0.40037345366840427,2.720546256649799,4.140366562360304,0.06172046262000151,0.3526236234074714,0.7973055725658298,4.398009950248756,5.779411764705882,8.247474747474747,0.07624428051171911,4.933534743202417,4.933534743202417,0.0,0.0,0.0,7.282465925804262,1.2297318838218383,34.00161482352402,1.4184375437433479,49.83087459660666,-27.579332197528643,48.47848403383584,2.5679695220985446,0.5205131119501643,2.04745641014838,0.8070175438596491,0.821882951653944,2.084842420597509,0.3233469397850347,0.17440660474716202,43.77259790510067,0.0,Technology
2023-03-31,FI,2023,Q1,USD,0.5590499230261711,0.20277105784033428,0.3789311634044425,0.20541016054541456,0.1565867605014295,0.12931603254893337,0.12381790191334946,0.12381790191334946,1.361377245508982,4.7176470588235295,0.0,2.2712287712287713,0.0594006375084914,1.075597731007793,1.075597731007793,0.02956529367899285,0.05545247309547792,31.46470115452931,-1.1727752248506378,-1.1727752248506378,2.3559034145692723,15.583573125137454,89.5809190897598,62.70664336283186,0.2926791033077285,0.7448881204907404,0.42689735332787104,0.41600326200924237,2.5450676596735047,3.620222929936306,0.05990563537083179,0.24851550472839234,0.7,3.7099767981438516,4.447619047619048,5.113122171945701,0.050437421888948404,3.3333333333333335,3.3333333333333335,0.0,0.0,0.0,7.253150422714946,0.8980698676024884,36.072738873823575,1.6685276758653693,49.37629605997767,-28.803636943691178,47.97734885946722,1.8025203381719572,0.5407561014515871,1.26176423672037,0.7907303370786517,0.7623126338329764,2.3559034145692723,0.30548202208099023,0.17415730337078653,53.520897852582706,0.0,Technology
2023-06-30,FI,2023,Q2,USD,0.5944070647603028,0.23338940285954585,0.406013456686291,0.23780487804878048,0.18355761143818336,0.14613120269133725,0.1436080740117746,0.1436080740117746,1.3725829725829726,4.682038834951456,0.0,2.350963914977756,0.06128944960630936,1.101839482067619,1.101839482067619,0.031740935747613545,0.05559551947384647,28.416072474377746,1.2178316774733315,1.2178316774733315,2.5885335600680204,16.323109756097562,144.29871747211897,88.4199430523918,0.2990115852008402,0.7736654329632223,0.4361958115576945,0.42336089213612765,2.5874095562001935,2.791079812206573,0.04511355461925804,0.18460891505466778,0.6127562642369021,2.9215358931552586,4.772151898734177,2.425414364640884,0.03783993449122958,2.5823529411764707,2.5823529411764707,0.0,0.0,0.0,7.728306792330192,1.1098472538186546,38.08904777380565,1.7582060448488788,50.17387065323367,-29.267143321416963,48.73415664608385,1.4267143321416964,0.5524861878453039,0.8742281442963926,0.7823596792668958,0.7718832891246684,2.5885335600680204,0.28829342683000503,0.2073310423825888,51.659093733816675,0.0,Technology
2023-09-30,FI,2023,Q3,USD,0.6113277241945414,0.30330391955674124,0.43012517956084545,0.3084342294274574,0.24830699774266365,0.19926123537861687,0.19536219987687256,0.19536219987687256,1.4079745738225946,4.294784580498866,0.0,2.2964184731385484,0.05790574423081493,1.0733035412520184,1.0733035412520184,0.03200788573128999,0.05065905591648203,17.982235294117647,0.4339191560102302,0.4339191560102302,2.3155023839312885,14.052196183049457,56.87404651162791,43.923253367543296,0.2769446490957055,0.7880837250194435,0.44074207152177614,0.4261569806927331,2.8456362222297367,2.4773767158108795,0.058545195088061885,0.3199261235378617,0.77228992944195,2.915227629513344,5.608208955223881,4.224932249322493,0.06689264567064275,4.391549295774648,4.391549295774648,0.0,0.0,0.0,8.038601121742,1.5704387990762125,38.888155724183434,2.2253381722203893,50.125371164632135,-29.510062685582316,48.784229627185745,2.571758495546024,0.5856153084790499,1.9861431870669746,0.7867768595041322,0.8050565535595475,2.3155023839312885,0.3261125826329066,0.1975206611570248,43.14568320610687,0.0,Technology
2023-12-31,FI,2023,Q4,USD,0.7417124262761846,0.2830994508846858,0.45108806182631683,0.29509863738051656,0.22432377465934514,0.1816148057758796,0.17693715680292862,0.17693715680292862,1.3726968174204355,2.8285077951002227,0.0,1.762997490139835,0.054098360655737705,1.0375238435860754,1.0375238435860754,0.02718320851530197,0.035884597043395326,22.9270584482069,-2.999623480307066,-2.999623480307066,2.672276631937569,16.22659414272117,62.97250465647987,49.22033522502159,0.26296622290681043,0.8005157919415883,0.444603593883701,0.42349874493145395,3.0441772448672,3.0625973217066336,0.04831306628516929,0.3296725645718934,0.7816162862430598,2.746922024623803,5.02076124567474,3.667420814479638,0.06782143006568762,4.5790960451977405,4.5790960451977405,0.0,0.0,0.0,8.186560829192155,1.4485067971114856,40.27514876106533,2.0046002111749757,51.06236202369213,-29.54620876039129,49.71042234638808,2.6988845035835842,0.589392420893639,2.109492082689945,0.7887579329102448,0.7601654031702274,2.672276631937569,0.28043709644105164,0.19038984587488667,46.205213435419296,0.0,Technology
2024-03-31,FI,2024,Q1,USD,0.5893917673561335,0.24247388900266229,0.4009830022527135,0.24185951259471636,0.18533688306369037,0.15400368625844768,0.15052221994675405,0.15052221994675405,1.3662562954672635,3.712962962962963,3.692449355432781,2.193620844564241,0.052676433148503746,1.056267441198246,1.0408052850390113,0.023908738017903827,0.034569166809043796,31.870412585034014,-2.200576107061873,-2.200576107061873,3.2533249887156694,19.188821011673152,216.39494919168592,109.84643962485346,0.2647198429308076,0.852019027117114,0.4600487439070116,0.445131584017262,3.218568799694455,3.018856259659969,0.024289538128595023,0.1746876919926275,0.5076201641266119,2.772657450076805,4.357933579335794,2.2447368421052634,0.03476099270548922,2.030952380952381,2.030952380952381,0.0,0.0,0.0,8.263665594855306,1.2438652902352343,41.986799796919954,2.054493146048401,50.064308681672024,-31.10678625825013,48.740903706210865,1.4435606701641563,0.7107801658487054,0.732780504315451,0.8121546961325967,0.7662997459779848,3.2533249887156694,0.2506429816928808,0.16906077348066298,59.76711593462717,0.0,Technology
2024-06-30,FI,2024,Q2,USD,0.6119052281182691,0.2803994517329156,0.4341100450362248,0.2796162130409242,0.2212649304875661,0.1779909927550421,0.1750538476600744,0.1750538476600744,1.3640491452991452,3.796934865900383,0.0,2.2350109409190373,0.054668850423370476,1.058727659456921,1.058727659456921,0.025975030554309317,0.03301013784149609,23.976084451901563,1.0251843007019978,1.0251843007019978,3.045339134758826,16.788423340513017,84.88958217821781,63.13584536082474,0.27424344605371614,0.9099595084179868,0.47642869097874396,0.45750236044472703,3.3180720323932658,2.4900048756704045,0.03751277589016878,0.26590953593107497,0.7437407952871871,1.8345588235294117,4.857142857142857,1.7103274559193955,0.053007533471251804,3.9022988505747125,3.9022988505747125,0.0,0.0,0.0,8.764372747554487,1.534237171786511,44.47056804530633,2.0507980092672042,49.38733482066243,-31.990732795606657,48.31645786854299,2.3305302900291744,0.5972198386819976,1.7333104513471769,0.7911504424778761,0.7913165266106442,3.045339134758826,0.2861842264099907,0.19557522123893806,49.68988633288227,0.0,Technology
2024-09-30,FI,2024,Q3,USD,0.6151486097794823,0.3087248322147651,0.4579098753595398,0.3071907957813998,0.1236816874400767,0.10949185043144774,0.10814956855225312,0.10814956855225312,1.4041464728056003,4.15527950310559,-1.080193756727664,2.19394194362642,0.06535742931622218,1.0661998726925526,1.1450456185020157,0.026114538130728365,0.05211118183747083,45.68493129432624,-1.2708717250967114,-1.2708717250967114,3.7139276062123887,19.763222435282838,56.1357325708061,45.64446634189549,0.31825245638660515,0.9150661237432886,0.47782481889171136,0.4577446899974598,2.8752837735577095,2.8296256104177973,0.0958200721408869,0.43298178331735376,0.8131089459698848,1.9171499585749794,4.725663716814159,2.6013824884792625,0.08891864219894463,5.616915422885572,5.616915422885572,0.0,0.0,0.0,9.090116785776539,0.9830922084713265,44.85445354715008,2.1404915461042355,49.50845389576434,-33.20899424786474,48.37197141363082,3.9358549764685375,0.7007146592295624,3.2002788914066587,0.8744186046511628,0.40262172284644193,3.7139276062123887,0.23571485643481715,0.11472868217054263,53.27939907872697,0.0,Technology
2024-12-31,FI,2024,Q4,USD,0.6155018091792039,0.28908779280137115,0.4334412492858503,0.3176537802323367,0.21729194439154448,0.18053704056370215,0.1786326414016378,0.1786326414016378,1.4096644295302014,3.9510763209393347,0.0,2.2118786857624264,0.06803928682491966,1.0595748521911812,1.0595748521911812,0.034269549403919984,0.0557837252335605,31.683516524520254,0.4704522150610584,0.4704522150610584,4.391774567755283,22.63884098266997,65.24509001097695,53.52388743809095,0.32186171866901625,0.9176887838037535,0.47853895353317405,0.4671443757628253,2.8511895965715977,3.6465277777777776,0.10023920205804035,0.4229670538944963,0.820351193156236,1.4425207756232687,4.994011976047904,2.000900900900901,0.0894122383252818,5.5664160401002505,5.5664160401002505,0.0,0.0,0.0,9.073786072230861,1.620874373595991,43.5009504060826,2.135821669258683,47.8417141869708,-22.412303438742008,46.77380335234145,3.8379125626404007,0.6894764126490409,3.14843614999136,0.8220858895705522,0.684052757793765,4.391774567755283,0.20895625894404712,0.1691498685363716,62.60129789103691,0.0,Technology
2025-03-31,FI,2025,Q1,USD,0.595906432748538,0.2699805068226121,0.4196881091617934,0.2719298245614035,0.2023391812865497,0.16530214424951267,0.1658869395711501,0.1658869395711501,1.185304990757856,3.1266968325791855,0.0,2.1137206427688504,0.06380438297554787,1.0986562486583953,1.0986562486583953,0.030047697704199995,0.027518997123599363,36.4135954759107,-4.820784656076494,-4.820784656076494,4.788745132127956,24.162159649122806,396.012392971246,191.28376388888893,0.35341160667645083,1.0977824138463916,0.5233061382345899,0.4991873693986534,3.106243239066605,2.8358208955223883,0.027819516592967844,0.12631578947368421,0.48302469135802467,1.6426778242677824,4.115044247787611,0.7570093457943925,0.022804856589829316,1.9343283582089552,1.9343283582089552,0.0,0.0,0.0,9.139497594869054,1.5161232852307145,51.227507571708536,1.1419918047389988,47.249242829146624,-37.349011223944416,46.11437733832175,1.1544628540887225,0.5968287903082131,0.5576340637805095,0.8198458574181118,0.7440860215053764,4.788745132127956,0.21505119740863307,0.18304431599229287,70.47184347422201,0.0,Technology
2025-06-30,FI,2025,Q2,USD,0.0,0.0,0.3074691805656273,0.3074691805656273,0.23422770123277736,0.0,0.18600435097897028,0.0,1.3401360544217686,0.0,0.0,2.1338491295938105,0.06765524769719493,1.0886586067933217,1.0886586067933217,0.018397647396356333,0.041080680977054036,23.219056286549705,1.0237085090433948,1.0237085090433948,3.6987542988006052,17.27538197969543,47.6455035,57.23183603603603,0.36289264206252836,1.1484299188759073,0.5345438121047877,0.5213295678347144,3.164654737414121,2.47687471935339,0.06846780162842339,0.301849166062364,1.2012012012012012,1.6698194325021496,-4.646575342465753,1.0896596858638743,0.05627471524656099,4.970149253731344,4.970149253731344,0.0,0.0,0.0,9.980097702189253,1.8563415958024245,52.87135878415054,1.807490501176045,46.61299077257102,-30.00180929980098,46.61299077257102,3.0124841686267416,0.6061154333273023,3.6185996019540436,0.7941176470588235,0.7617924528301887,3.6987542988006052,0.3104909994287289,-0.19040247678018576,73.04186733490566,0.0,Technology
