date,symbol,fiscalYear,period,reportedCurrency,grossProfitMargin,ebitMargin,ebitdaMargin,operatingProfitMargin,pretaxProfitMargin,continuousOperationsProfitMargin,netProfitMargin,bottomLineProfitMargin,receivablesTurnover,payablesTurnover,inventoryTurnover,fixedAssetTurnover,assetTurnover,currentRatio,quickRatio,solvencyRatio,cashRatio,priceToEarningsRatio,priceToEarningsGrowthRatio,forwardPriceToEarningsGrowthRatio,priceToBookRatio,priceToSalesRatio,priceToFreeCashFlowRatio,priceToOperatingCashFlowRatio,debtToAssetsRatio,debtToEquityRatio,debtToCapitalRatio,longTermDebtToCapitalRatio,financialLeverageRatio,workingCapitalTurnoverRatio,operatingCashFlowRatio,operatingCashFlowSalesRatio,freeCashFlowOperatingCashFlowRatio,debtServiceCoverageRatio,interestCoverageRatio,shortTermOperatingCashFlowCoverageRatio,operatingCashFlowCoverageRatio,capitalExpenditureCoverageRatio,dividendPaidAndCapexCoverageRatio,dividendPayoutRatio,dividendYield,dividendYieldPercentage,revenuePerShare,netIncomePerShare,interestDebtPerShare,cashPerShare,bookValuePerShare,tangibleBookValuePerShare,shareholdersEquityPerShare,operatingCashFlowPerShare,capexPerShare,freeCashFlowPerShare,netIncomePerEBT,ebtPerEbit,priceToFairValue,debtToMarketCap,effectiveTaxRate,enterpriseValueMultiple,dividendPerShare,sector
1985-09-30,OMC,1985,Q3,USD,1.0,1.0,1.0,1.0,0.0,-0.01417004048582996,-0.01417004048582996,-0.01417004048582996,0.0,0.0,0.0,0.0,0.0,0.0,0.0,0.0,0.0,-37.297,0.0,0.0,0.0,2.1140000000000003,0.0,0.0,0.0,0.0,0.0,0.0,0.0,0.0,0.0,,0.0,0.0,0.0,0.0,0.0,0.0,0.0,-6.644,0.044534412955465584,4.4534412955465585,1.1684011352885526,-0.016556291390728478,,,,,,,,,0.0,0.0,0.0,,0.0,,0.11,Communication Services
1985-12-31,OMC,1985,Q4,USD,1.0,-2.198142414860681,-2.198142414860681,-2.198142414860681,0.0,0.03560371517027864,0.03560371517027864,0.03560371517027864,0.36129753914988816,0.0,0.0,2.494208494208494,0.2339731981166244,1.0387972841901068,1.0387972841901068,0.009943795936013834,0.038797284190106696,11.764869565217392,-0.03619959866220736,-0.03619959866220736,2.416,1.6754922600619195,0.0,0.0,0.12278160086925027,0.7566964285714286,0.4307496823379924,0.2328767123287671,6.162946428571429,0.0,,,0.0,-6.995073891625616,0.0,,,0.0,0.0,2.022086956521739,0.04296875,4.296875,1.5279091769157995,0.054399243140964997,0.8017975402081362,0.1892147587511826,1.0596026490066226,0.47540208136234624,1.0596026490066226,,,,0.0,0.0,2.416,0.3132021641438032,0.0,-0.9446253521126761,0.11,Communication Services
1986-03-31,OMC,1986,Q1,USD,1.0,1.0,1.0,1.0,0.0,0.029197080291970802,0.029197080291970802,0.029197080291970802,0.0,0.0,0.0,0.0,0.0,0.0,0.0,0.0,0.0,18.365375,-0.8264418750000004,-0.8264418750000004,0.0,2.144861313868613,0.0,0.0,0.0,0.0,0.0,0.0,0.0,0.0,0.0,,0.0,0.0,0.0,0.0,0.0,0.0,0.0,2.90675,0.03956834532374101,3.956834532374101,1.2961210974456008,0.03784295175023652,,,,,,,,,0.0,0.0,0.0,,0.0,,0.11,Communication Services
1986-06-30,OMC,1986,Q2,USD,1.0,1.0,1.0,1.0,0.0,0.047697368421052634,0.047697368421052634,0.047697368421052634,0.0,0.0,0.0,0.0,0.0,0.0,0.0,0.0,0.0,49.730089655172414,0.5801843793103449,0.5801843793103449,0.0,9.487977631578948,0.0,0.0,0.0,0.0,0.0,0.0,0.0,0.0,0.0,,0.0,0.0,0.0,0.0,0.0,0.0,0.0,7.367420689655172,0.037037037037037035,3.7037037037037033,0.31302771942831253,0.014930598459574118,,,,,,,,,0.0,0.0,0.0,,0.0,,0.11,Communication Services
1986-09-30,OMC,1986,Q3,USD,1.0,1.0,1.0,1.0,0.0,-0.16694677871148458,-0.16694677871148458,-0.16694677871148458,0.0,0.0,0.0,0.0,0.0,0.0,0.0,0.0,0.0,-3.6979671140939603,0.011179900577493369,0.011179900577493369,0.0,2.4694547899159662,0.0,0.0,0.0,0.0,0.0,0.0,0.0,0.0,0.0,,0.0,0.0,0.0,0.0,0.0,0.0,0.0,-0.7167865771812081,0.048458149779735685,4.845814977973569,0.9192312445927574,-0.15346269517570962,,,,,,,,,0.0,0.0,0.0,,0.0,,0.11,Communication Services
1986-12-31,OMC,1986,Q4,USD,1.0,-2.2706660368445912,-2.2706660368445912,-2.2706660368445912,0.0,0.03117619272555503,0.03117619272555503,0.03117619272555503,0.4273314493338716,0.0,0.0,2.566060606060606,0.2419705109155332,1.030855315747402,1.030855315747402,0.009420496717099628,0.1342925659472422,18.535745454545452,-0.15446454545454544,-0.15446454545454544,2.8074795180722893,2.311495890410959,0.0,0.0,0.09418219225054292,0.47274813539873783,0.320997273081418,0.16841603053435114,5.019506597819851,0.0,,,0.0,-10.205944798301486,0.0,,,0.0,0.0,0.9010431818181818,0.012152777777777778,1.2152777777777777,1.0902031063321387,0.03398838215300952,0.42433980142545213,0.4325794092201211,0.8976022741317513,0.33318914019692664,0.8976022741317513,,,,0.0,0.0,2.8074795180722893,0.16838881008946513,0.0,-1.0146529644268776,0.030625,Communication Services
1987-03-31,OMC,1987,Q1,USD,1.0,1.0,1.0,1.0,0.0,0.035553047404063204,0.035553047404063204,0.035553047404063204,0.0,0.0,0.0,0.0,0.0,0.0,0.0,0.0,0.0,24.427114285714286,1.4656268571428563,1.4656268571428563,0.0,3.473833408577878,0.0,0.0,0.0,0.0,0.0,0.0,0.0,0.0,0.0,,0.0,0.0,0.0,0.0,0.0,0.0,0.0,0.94395,0.009660883280757098,0.9660883280757098,0.9125365632595889,0.03244345569150908,,,,,,,,,0.0,0.0,0.0,,0.0,,0.030625,Communication Services
1987-06-30,OMC,1987,Q2,USD,1.0,1.0,1.0,1.0,0.0,0.05192211682476285,0.05192211682476285,0.05192211682476285,0.0,0.0,0.0,0.0,0.0,0.0,0.0,0.0,0.0,14.38368269230769,0.2517144471153846,0.2517144471153846,0.0,2.987325012481278,0.0,0.0,0.0,0.0,0.0,0.0,0.0,0.0,0.0,,0.0,0.0,0.0,0.0,0.0,0.0,0.0,0.5777052884615385,0.010040983606557377,1.0040983606557377,1.0209803042042165,0.05301145863067325,,,,,,,,,0.0,0.0,0.0,,0.0,,0.030625,Communication Services
1987-09-30,OMC,1987,Q3,USD,1.0,1.0,1.0,1.0,0.0,0.015625,0.015625,0.015625,0.0,0.0,0.0,0.0,0.0,0.0,0.0,0.0,0.0,56.97864827586207,-0.7834564137931034,-0.7834564137931034,0.0,3.5611655172413794,0.0,0.0,0.0,0.0,0.0,0.0,0.0,0.0,0.0,,0.0,0.0,0.0,0.0,0.0,0.0,0.0,2.077346551724138,0.009114583333333334,0.9114583333333334,0.9435113262027736,0.014742364471918337,,,,,,,,,0.0,0.0,0.0,,0.0,,0.030625,Communication Services
1987-12-31,OMC,1987,Q4,USD,1.0,-1.9673913043478262,-1.9673913043478262,-1.9673913043478262,0.0,0.061191626409017714,0.061191626409017714,0.061191626409017714,0.4261451363870304,0.0,0.0,2.1432269197584124,0.23859379502449332,1.0199277785207972,0.9772636083990905,0.01814275483408928,0.12023538852480942,7.926717105263159,0.018292424089068827,0.018292424089068827,2.3706069847515985,1.9401948470209343,0.0,0.0,0.6046489290173854,3.0964092474176095,0.7558837656099904,0.1718940936863544,5.121003443187408,0.0,,,0.0,-0.8321130597650264,0.0,,,0.0,0.0,0.3963358552631579,0.012499999999999999,1.25,1.2627597706291431,0.07727032412867542,3.200109805197446,0.45701329862946843,1.0334905852210339,0.4107527756313799,1.0334905852210339,,,,0.0,0.0,2.3706069847515985,1.3061672674275289,0.0,-2.090330263965623,0.030625,Communication Services
1988-03-31,OMC,1988,Q1,USD,1.0,1.0,1.0,1.0,0.0,0.037073170731707315,0.037073170731707315,0.037073170731707315,0.0,0.0,0.0,0.0,0.0,0.0,0.0,0.0,0.0,16.306389473684213,-0.32612778947368426,-0.32612778947368426,0.0,2.418118243902439,0.0,0.0,0.0,0.0,0.0,0.0,0.0,0.0,0.0,,0.0,0.0,0.0,0.0,0.0,0.0,0.0,0.7926717105263158,0.012152777777777778,1.2152777777777777,1.0421326609459514,0.03863516206433771,,,,,,,,,0.0,0.0,0.0,,0.0,,0.030625,Communication Services
1988-06-30,OMC,1988,Q2,USD,1.0,1.0,1.0,1.0,0.0,0.055456171735241505,0.055456171735241505,0.055456171735241505,0.0,0.0,0.0,0.0,0.0,0.0,0.0,0.0,0.0,9.86350322580645,0.1578160516129032,0.1578160516129032,0.0,2.1879685152057244,0.0,0.0,0.0,0.0,0.0,0.0,0.0,0.0,0.0,,0.0,0.0,0.0,0.0,0.0,0.0,0.0,0.49519637096774194,0.012551229508196721,1.2551229508196722,1.11518972190081,0.06184415273510753,,,,,,,,,0.0,0.0,0.0,,0.0,,0.030625,Communication Services
1988-09-30,OMC,1988,Q3,USD,1.0,1.0,1.0,1.0,0.0,0.017578125,0.017578125,0.017578125,0.0,0.0,0.0,0.0,0.0,0.0,0.0,0.0,0.0,34.34627777777778,-0.49611290123456797,-0.49611290123456797,0.0,2.4149726562500002,0.0,0.0,0.0,0.0,0.0,0.0,0.0,0.0,0.0,,0.0,0.0,0.0,0.0,0.0,0.0,0.0,1.7173138888888888,0.012499999999999999,1.25,1.0145042403106919,0.017833082349211382,,,,,,,,,0.0,0.0,0.0,,0.0,,0.030625,Communication Services
1988-12-31,OMC,1988,Q4,USD,1.0,-2.2125,-2.2125,-2.2125,0.0,0.06330645161290323,0.06330645161290323,0.06330645161290323,0.4238591693727568,0.0,0.0,2.0893007582139846,0.21842522459045272,1.0771252135067666,1.0377085796872947,0.01687083601977219,0.19524372618578373,7.707980891719746,0.02569326963906582,0.02569326963906582,2.3635800781250005,1.951859677419355,0.0,0.0,0.1216311432094416,0.67431640625,0.4027413240011665,0.35859693078609456,5.5439453125,0.0,,,0.0,-23.25,0.0,,,0.0,0.0,0.3853990445859873,0.012499999999999999,1.25,1.2552131837875045,0.07946309268332186,0.6989715350042516,0.7521156415758999,1.036563145321294,0.32797505769931573,1.036563145321294,,,,0.0,0.0,2.3635800781250005,0.28529450408336793,0.0,-0.8630603244031347,0.030625,Communication Services
1989-03-31,OMC,1989,Q1,USD,1.0,1.0,1.0,1.0,0.0,0.03789279112754159,0.03789279112754159,0.03789279112754159,0.0,0.0,0.0,0.0,0.0,0.0,0.0,0.0,0.0,15.350609756097562,-0.35087108013937285,-0.35087108013937285,0.0,2.3267097966728283,0.0,0.0,0.0,0.0,0.0,0.0,0.0,0.0,0.0,,0.0,0.0,0.0,0.0,0.0,0.0,0.0,0.7521798780487805,0.01225,1.225,1.0744786494538232,0.0407149950347567,,,,,,,,,0.0,0.0,0.0,,0.0,,0.030625,Communication Services
1989-06-30,OMC,1989,Q2,USD,1.0,1.0,1.0,1.0,0.0,0.060775862068965514,0.060775862068965514,0.060775862068965514,0.0,0.0,0.0,0.0,0.0,0.0,0.0,0.0,0.0,9.633581560283687,0.1445037234042553,0.1445037234042553,0.0,2.341956896551724,0.0,0.0,0.0,0.0,0.0,0.0,0.0,0.0,0.0,,0.0,0.0,0.0,0.0,0.0,0.0,0.0,0.4291322695035461,0.011136363636363637,1.1136363636363635,1.1742316880592785,0.07136494311049925,,,,,,,,,0.0,0.0,0.0,,0.0,,0.030625,Communication Services
1989-09-30,OMC,1989,Q3,USD,0.6816707218167072,0.05474452554744526,0.0867802108678021,0.05474452554744526,0.040145985401459854,0.0227088402270884,0.0227088402270884,0.0227088402270884,0.3953823953823954,0.1451284895544463,0.0,1.6867305061559508,0.1749184281458363,1.035481444332999,1.035481444332999,0.011582017844886754,0.06431795386158476,25.166666711607142,-0.41944444519345236,-0.41944444519345236,2.5462210223125563,2.2860232536090836,0.0,0.0,0.2415945524187828,1.5383920505871724,0.6060498220640569,0.5993485342019544,6.367660343270099,0.0,,,0.0,1.8191489361702127,0.0,,,0.0,0.0,1.02083333515625,0.010140728476821192,1.0140728476821192,1.3210714262123724,0.02999999994642857,1.8246428538845663,0.274821428080676,1.3082142833781887,-0.6417857131396684,1.186071426453444,,,,0.5656565656565656,0.7333333333333333,2.5462210223125563,0.6041863754584657,0.43434343434343436,39.861370763551406,0.030625,Communication Services
1989-12-31,OMC,1989,Q4,USD,-0.11175666438824333,0.127136021872864,0.1684894053315106,0.127136021872864,0.10868079289131921,0.05844155844155844,0.05844155844155844,0.05844155844155844,0.41847826086956524,0.4571388420460933,6.721074380165289,1.9124183006535949,0.18906694236236754,0.9553562327999184,0.906023850779737,0.02275029216984807,0.08837019671796963,8.869395727339182,0.04319510906171679,0.04319510906171679,2.5479490455690885,2.073365234962406,4.6134347357414445,3.9938556138907173,0.19423623675368312,1.262494750104998,0.55801002413217,0.5288880094974278,6.499790004199916,-37.75483870967742,0.15482621547242892,0.5191387559808612,0.8657011191573404,1.039039039039039,0.0,4.561561561561562,0.5053226879574185,7.446078431372549,5.425,0.4444444444444444,0.01252747250510204,1.252747250510204,1.567499997200893,0.09160714269355867,1.610357139981505,0.4644642848848852,1.4148214260449616,-0.6032142846371173,1.275535712007972,0.813749998546875,0.10928571409056123,0.7044642844563138,0.5377358490566038,0.8548387096774194,2.5479490455690885,0.49549450460969385,0.46226415094339623,16.64435431541582,0.04071428564158163,Communication Services
1990-03-31,OMC,1990,Q1,USD,0.7251184834123223,0.0929639081297849,0.13124316441851988,0.0929639081297849,0.07546481954064893,0.03937294932555596,0.03937294932555596,0.03937294932555596,0.401610541727672,0.11808927173061863,1.1304347826086956,1.773109243697479,0.1800105000656254,0.9900133155792277,0.9160008877052819,0.01698835539958526,0.06535730137594319,13.363636338888888,-0.33445603514814815,-0.33445603514814815,2.407460758298582,2.1046631055049216,-5.91505215,-7.410899741206675,0.21551384696154352,1.3694745621351125,0.5779655051038367,0.5697111071236318,6.354462051709758,-10.390151515151516,-0.08644030181979583,-0.2839956252278527,1.2528883183568678,2.3944954128440368,0.0,-7.146788990825688,-0.23721071863580998,-3.954314720812183,-2.9732824427480917,0.6018518518518519,0.011259133303793054,1.1259133303793054,1.3968981507349967,0.055000000101851854,1.6724074105044582,0.2999537042591735,1.3750000025462963,-0.6340277789519033,1.2212037059651921,-0.3967129636976166,0.1003240742598594,-0.497037037957476,0.5217391304347826,0.8117647058823529,2.407460758298582,0.5688460579947137,0.4782608695652174,23.52247471777778,0.03310185191315158,Communication Services
1990-06-30,OMC,1990,Q2,USD,0.7249581239530988,0.1423785594639866,0.17822445561139028,0.1423785594639866,0.1135678391959799,0.05829145728643216,0.05829145728643216,0.05829145728643216,0.4382616355894876,0.12798129384255652,1.1185286103542234,1.8586550435865505,0.19253095975232198,0.9750579406246551,0.8940514292020748,0.022392222487847637,0.05672663061472244,9.64705880689655,0.17686274479310338,0.17686274479310338,2.534674567610419,2.249364465527638,-108.29601499354837,20.346524029090908,0.20562435500515996,1.2034730086825216,0.5461709782422477,0.5382604148509674,5.85277463193658,-18.89240506329114,0.03641982121178678,0.11055276381909548,-0.18787878787878787,3.67,0.0,3.3,0.10351317440401506,0.8418367346938775,0.6947368421052632,0.47701149425287354,0.01236157837847595,1.236157837847595,1.4581896576865339,0.08500000014655172,1.5573563245241775,0.25109195445590565,1.4435344852474732,-0.5969540240177368,1.2940517263690547,0.16120689682966707,0.19149425320372573,-0.03028735637405866,0.5132743362831859,0.7976470588235294,2.534674567610419,0.47480375747688347,0.48672566371681414,17.647279942857143,0.04054597708140111,Communication Services
1990-09-30,OMC,1990,Q3,USD,0.71484375,0.07776988636363637,0.11967329545454546,0.07776988636363637,0.049005681818181816,0.023792613636363636,0.023792613636363636,0.023792613636363636,0.4136310223266745,0.12953702210033877,1.1,1.7479826194909993,0.17488510744006955,0.9877689199519494,0.9080484874959047,0.014235149276700523,0.0718575952822977,19.285714242537313,-0.3278571421231344,-0.3278571421231344,1.8452593420207068,1.8354301906960229,-17.228571390000003,-56.797488098901106,0.22183579679542914,1.2752588361299535,0.5604895653538365,0.5532695374800638,5.748661192431275,-16.662721893491124,-0.00993775253904117,-0.03231534090909091,3.2967032967032965,2.5825242718446604,0.0,-0.883495145631068,-0.02547592385218365,-0.4354066985645933,-0.30847457627118646,1.2835820895522387,0.01663902712403983,1.6639027124039831,1.4710447794127868,0.03500000007835821,1.8659701534312765,0.3437313440531299,1.622537317065382,-0.696343285141067,1.4632089584997217,-0.04753731353926264,0.10917910472204277,-0.15671641826130542,0.4855072463768116,0.6301369863013698,1.8452593420207068,0.6911000568263986,0.5144927536231884,23.983891445103858,0.04492537323490755,Communication Services
1990-12-31,OMC,1990,Q4,USD,0.746757257566399,0.11395923409512045,0.15534280420012353,0.11395923409512045,0.09110562075355158,0.052810376775787524,0.052810376775787524,0.052810376775787524,0.418833268658647,0.10330057949105569,1.7558886509635974,1.9901659496004918,0.18518730340291678,0.9288426763110308,0.8866184448462929,0.021525866327898935,0.1015370705244123,8.088136991081871,0.05213347968468979,0.05213347968468979,1.854604660375461,1.7085502476528722,3.4772380275927093,3.34075223544686,0.1778095510437518,1.042239356352665,0.5103414313854235,0.483284254287199,5.861548776399598,-7.203559510567297,0.14972875226039783,0.5114268066707844,0.9607487922705314,1.188087774294671,0.0,5.191222570532916,0.5326471534255388,25.476923076923075,10.159509202453988,0.5730994152046783,0.01771419721984767,1.771419721984767,1.6914925411003565,0.08932835840894408,1.624104481247995,0.5866417923581533,1.732238809848296,-0.665000001488806,1.5582835855782469,0.8650746288024059,0.033955223956616175,0.8311194048457897,0.5796610169491525,0.7994579945799458,1.854604660375461,0.5619738689439429,0.42033898305084744,14.946890063419485,0.051194029965359766,Communication Services
1991-03-31,OMC,1991,Q1,USD,0.7411598302687411,0.09724186704384724,0.14391796322489392,0.09724186704384724,0.07036775106082037,0.03712871287128713,0.03712871287128713,0.03712871287128713,0.39585666293393057,0.10715854194115064,1.13312693498452,1.8435462842242503,0.17036144578313253,0.9735833837467232,0.9084492841298649,0.018003646308113037,0.08842508570276265,17.95,-0.4078715012722646,-0.4078715012722646,2.417896087235407,2.6658415841584158,-6.910174152153987,-9.494962216624685,0.18150602409638555,0.9663245670301476,0.4914369597129343,0.4812843120944934,5.323925593329057,-5.391801715919923,-0.08005646299657189,-0.28076379066478074,1.3740554156171285,2.6083333333333334,0.0,-6.616666666666666,-0.26352472618652506,-2.6734006734006734,-2.1344086021505375,0.7142857142857143,0.009948269001193792,0.9948269001193792,1.3466666666666667,0.05,1.4347619047619047,0.4176190476190476,1.6361904761904762,-0.37952380952380954,1.4847619047619047,-0.3780952380952381,0.14142857142857143,-0.5195238095238095,0.5276381909547738,0.7236363636363636,2.417896087235407,0.39965512667462527,0.4723618090452261,23.77149877149877,0.03571428571428571,Communication Services
1991-06-30,OMC,1991,Q2,USD,0.722001325381047,0.12856196156394964,0.16368455931080186,0.12856196156394964,0.11398277004638833,0.061630218687872766,0.061630218687872766,0.061630218687872766,0.41713890808569454,0.1149157649637036,1.2071942446043165,2.024144869215292,0.18303111165019104,0.9467345539998042,0.8786840301576422,0.021966448506732867,0.08861255262900225,10.382352921639784,0.1483193274519969,0.1483193274519969,2.652634125583791,2.5594667242213385,18.979043178624078,13.249520709605488,0.18036266601977075,1.0212912087912087,0.5052667346245328,0.48240312833274085,5.662431318681318,-7.488833746898263,0.057084108489180455,0.1931742876076872,0.6981132075471698,1.2923076923076924,0.0,2.2423076923076923,0.19603227975790183,3.3125,2.074733096085409,0.5645161290322581,0.013593164605675402,1.3593164605675403,1.3791935509823534,0.08500000015994624,1.3590860240627962,0.41357526959543733,1.4605376371569256,-0.38844086094599084,1.3307526906761475,0.26642473168413255,0.0804301076782287,0.18599462400590386,0.5406976744186046,0.8865979381443299,2.652634125583791,0.38501020511693945,0.45930232558139533,19.824839218016194,0.047983871058034165,Communication Services
1991-09-30,OMC,1991,Q3,USD,0.7164124909222949,0.09186637618010167,0.12962962962962962,0.09186637618010167,0.06318082788671024,0.02795933188090051,0.02795933188090051,0.02795933188090051,0.41994510521500455,0.12494000959846424,1.0713305898491083,1.8202247191011236,0.17046298588759595,0.996685449121644,0.9161418627775937,0.014276699794920335,0.0961219754723235,26.0,-0.44200000000000006,-0.44200000000000006,2.504848295276822,2.907770515613653,-24.340425531914892,-49.4320987654321,0.1996162416439713,1.0087582108226463,0.5021800062285893,0.5021800062285893,5.053487644666875,-9.595818815331011,-0.017898574743122307,-0.058823529411764705,2.0308641975308643,0.0,0.0,0.0,-0.05023255813953489,-0.9700598802395209,-0.5625,1.5714285714285714,0.01510989010989011,1.510989010989011,1.2518181818181817,0.035,1.4659090909090908,0.39545454545454545,1.5809090909090908,-0.44772727272727275,1.4531818181818181,-0.07363636363636364,0.07590909090909091,-0.14954545454545454,0.4425287356321839,0.6877470355731226,2.504848295276822,0.4027222777222777,0.5574712643678161,29.028011204481793,0.055,Communication Services
1991-12-31,OMC,1991,Q4,USD,0.7401009832580387,0.11613074674461865,0.14802019665160776,0.11613074674461865,0.09194791389848525,0.0539463194259899,0.0539463194259899,0.0539463194259899,0.4473903221971228,0.11797346200241254,2.020661157024793,2.369647355163728,0.19953337928840342,0.9279866332497911,0.8875522138680033,0.02178752107925801,0.0949874686716792,10.783251231527094,0.06586628151892643,0.06586628151892643,2.391043145821955,2.3268668615466384,4.114661654135339,4.8402432283029295,0.1638474998674373,0.843801201529219,0.45764218009478674,0.40104677788681714,5.14991807755325,-8.437219730941704,0.1511278195488722,0.48073345734786077,1.1763405196241017,0.6489028213166145,0.0,2.835423197492163,0.5854368932038835,5.670846394984326,4.412195121951219,0.4482758620689655,0.010392873458200093,1.0392873458200091,1.7104545454545454,0.09227272727272727,1.4045454545454545,0.5168181818181818,1.8336363636363637,-0.1990909090909091,1.6645454545454546,0.8222727272727273,0.145,0.9672727272727273,0.5867052023121387,0.7917620137299771,2.391043145821955,0.35290086797624487,0.41329479768786126,19.2262118491921,0.041363636363636366,Communication Services
1992-03-31,OMC,1992,Q1,USD,0.7241825833603108,0.07478148268047911,0.1120103593395921,0.07478148268047911,0.053739074134023956,0.028811913240530916,0.041113629006150856,0.041113629006150856,0.39430686750063826,0.11846496106785318,1.247437774524158,2.0110677083333335,0.17085176991150441,0.9488007380073801,0.8857933579335794,0.016759002770083103,0.0705719557195572,17.958333361614173,-0.5131746654108323,-0.5131746654108323,2.7864487928222355,2.953329021592748,-6.895565644520029,-8.574091492199246,0.17549778761061946,0.9691508857666463,0.4921668993330231,0.4921668993330231,5.522296884544899,-4.3599153140437545,-0.0981549815498155,-0.34444804143735835,1.243421052631579,0.0,0.0,0.0,-0.33532934131736525,-4.108108108108108,-3.084057971014493,0.6771653543307087,0.009426895869108677,0.9426895869108677,1.4593700764419368,0.05999999990551181,1.4990551157495196,0.3614173222654845,1.7196850366619134,-0.3614173222654845,1.5467716511074463,-0.5026771645627132,0.12236220453171306,-0.6250393690944261,0.7650602409638554,0.7186147186147186,2.7864487928222355,0.347808611542812,0.463855421686747,33.32610794132948,0.04062992119585839,Communication Services
1992-06-30,OMC,1992,Q2,USD,0.7200805523590333,0.13032220943613348,0.1642692750287687,0.13032220943613348,0.11334867663981588,0.06444188722669736,0.06444188722669736,0.06444188722669736,0.41723682631136716,0.11887599266951741,1.332876712328767,2.1834170854271355,0.17913832199546487,0.9281688956177979,0.8667676003028009,0.022232334395111488,0.07141054756497603,10.95,0.16424999999999998,0.16424999999999998,2.706537931034483,2.822554660529344,21.802666666666667,16.00522022838499,0.15821480107194394,0.8468965517241379,0.4585511575802838,0.4585511575802838,5.352827586206897,-4.933995741660753,0.051560265791908484,0.17635212888377447,0.734094616639478,0.0,0.0,0.0,0.1996742671009772,3.7607361963190185,2.295880149812734,0.4642857142857143,0.010600130463144163,1.0600130463144164,1.5517857142857143,0.1,1.3705357142857142,0.37901785714285713,1.7950892857142857,-0.37723214285714285,1.6183035714285714,0.2736607142857143,0.07276785714285715,0.20089285714285715,0.5685279187817259,0.869757174392936,2.706537931034483,0.31290769732550555,0.43147208121827413,21.07215411558669,0.04642857142857143,Communication Services
1992-09-30,OMC,1992,Q3,USD,0.7092739475289811,0.0921293471629042,0.13117754728492984,0.0921293471629042,0.06406345332519829,0.03172666259914582,0.03172666259914582,0.03172666259914582,0.4143073811931244,0.1277822472512738,0.0,2.0839160839160837,0.17391765704584042,0.934855726677288,0.934855726677288,0.01556420233463035,0.06735705434590193,21.949999999999996,-0.4389999999999999,-0.4389999999999999,2.5955656623081294,2.7856009762050027,95.11666666666666,-88.65242718446602,0.21445246179966043,1.1489482660602615,0.5346560846560846,0.4745332337565347,5.3575895395110855,-4.123270440251573,-0.009116657815542575,-0.03142159853569249,-0.9320388349514563,0.3745664739884393,0.0,-0.11907514450867052,-0.025482434438396834,-0.5175879396984925,-0.34563758389261745,0.9519230769230769,0.010841948484317505,1.0841948484317505,1.5759615384615384,0.05,1.9432692307692307,0.3658653846153846,1.8951923076923076,-0.3956730769230769,1.6913461538461538,-0.04951923076923077,0.09567307692307692,0.046153846153846156,0.49523809523809526,0.695364238410596,2.5955656623081294,0.4426581391273875,0.5047619047619047,28.865581395348837,0.047596153846153844,Communication Services
1992-12-31,OMC,1992,Q4,USD,0.7496259351620947,0.11970074812967581,0.1538653366583541,0.11970074812967581,0.10423940149625935,0.059351620947630926,0.059351620947630926,0.059351620947630926,0.48506108624652233,0.10832973672852828,1.7460869565217392,2.617493472584856,0.20543032786885246,0.8673126812147108,0.8234396459636808,0.023348483905111763,0.08583854723027622,11.273949579831934,0.0939495798319328,0.0939495798319328,3.4745224991906767,2.676508728179551,4.780757238307349,4.526697595951076,0.1391905737704918,0.8795726772418259,0.4679641749913882,0.43216911764705884,6.319197151181612,-3.2404040404040404,0.18090950709598658,0.5912718204488778,0.9468578658793758,1.1939890710382515,0.0,6.478142076502732,0.8726536621273463,18.817460317460316,9.298039215686275,0.542016806722689,0.01201923076923077,1.2019230769230769,1.9278846153846154,0.11442307692307692,1.30625,0.5408653846153846,1.6629807692307692,-0.6379807692307692,1.4850961538461538,1.1399038461538462,0.06057692307692308,1.0793269230769231,0.569377990430622,0.8708333333333333,3.4745224991906767,0.25314922480620156,0.430622009569378,19.975364667747165,0.06201923076923077,Communication Services
1993-03-31,OMC,1993,Q1,USD,0.7222914072229141,0.09744707347447074,0.13387297633872977,0.09744707347447074,0.07907845579078455,0.04576587795765878,0.04576587795765878,0.04576587795765878,0.38872080358223404,0.11686099829686886,0.0,2.0952380952380953,0.1670306812272491,0.9637534174089426,0.9637534174089426,0.016760840581550376,0.06887732604286093,22.730769215306122,-0.5556410252630386,-0.5556410252630386,4.299032582373753,4.161174439165629,-7.53421211871477,-7.885364187964602,0.231201248049922,1.4300418140881312,0.5884844473858372,0.5474526928675401,6.185268575104535,-2.987906976744186,-0.14948408148866743,-0.5277085927770859,1.0466076696165192,0.47153284671532847,0.0,-2.4744525547445257,-0.38124156545209176,-21.455696202531644,-10.210843373493976,0.5918367346938775,0.006509202670265938,0.6509202670265938,1.4202721098097089,0.06500000004421769,1.9659183686842983,0.345340136289347,1.5383333343798187,-0.5827891160427137,1.3747278920916517,-0.7494897964282243,0.034931972812878895,-0.7844217692411033,0.5787401574803149,0.8115015974440895,4.299032582373753,0.3326427019770386,0.421259842519685,39.60626115953489,0.038469387781271694,Communication Services
1993-06-30,OMC,1993,Q2,USD,0.7367731796752226,0.14824515453116816,0.1825563122053431,0.14824515453116816,0.12572027239392353,0.071503404924044,0.071503404924044,0.071503404924044,0.40504986208359856,0.10204081632653061,0.0,2.4521515735388566,0.17708719851576996,0.8811874352778737,0.8811874352778737,0.02253081255925492,0.08581290990680014,11.173913027106227,0.1320553357748918,0.1320553357748918,3.7567466211822658,3.195891311052907,14.338323179318449,13.022319130843115,0.1946660482374768,1.292179802955665,0.5637340496977837,0.46622843056696794,6.637931034482759,-3.5816135084427767,0.06468760787021056,0.24541644840230487,0.9082177161152615,0.3602941176470588,0.0,0.6889705882352941,0.2232547057421968,10.895348837209303,5.47953216374269,0.31135531135531136,0.006966120789557123,0.6966120789557123,1.6083150206715238,0.11500000016849816,1.7679670355574608,0.5236080593752499,1.5286996359394867,-0.5922710631388587,1.3682051302098244,0.3947069602852849,0.03622710628018624,0.3584798540050987,0.56875,0.8480565371024735,3.7567466211822658,0.34396245827966165,0.43125,21.744495015208035,0.03580586085832361,Communication Services
1993-09-30,OMC,1993,Q3,USD,1.0394698085419736,0.07687776141384389,0.11634756995581738,0.07687776141384389,0.061855670103092786,0.03770250368188512,0.03770250368188512,0.03770250368188512,0.36384096024006,-0.016082573211713875,0.0,2.1487341772151898,0.16308002689979825,0.876535719702715,0.876535719702715,0.015304632279922892,0.07674806613074472,25.363636393359375,-0.4682517488004808,-0.4682517488004808,3.8822666168609863,3.8250903780265095,-30.130352281670532,-38.08264467272728,0.23114612354693054,1.4385650224215247,0.5899227657226922,0.49071254567600486,6.223617339312407,-2.0274708868318903,-0.025860761413620505,-0.1004418262150221,1.2639296187683284,0.19697923222152297,0.0,-0.2146003775959723,-0.07086450540315876,-3.7888888888888888,-1.8944444444444444,0.703125,0.006930443540265483,0.6930443540265483,1.4587890607904817,0.05499999993554688,2.0676562475769655,0.4348437494904175,1.5894140606374054,-0.7111328116666412,1.4373046858156586,-0.14652343732829284,0.0386718749546814,-0.18519531228297426,0.6095238095238096,0.8045977011494253,3.8822666168609863,0.37054771461952785,0.3904761904761905,42.496662869367086,0.0386718749546814,Communication Services
1993-12-31,OMC,1993,Q4,USD,1.0491120368340277,0.12080684060513046,0.16991887743915807,0.12080684060513046,0.11247533435650077,0.06730980048235036,0.06730980048235036,0.06730980048235036,0.48552267404726424,-0.02117002173707589,-0.3771043771043771,2.8417445482866044,0.1991790034499323,0.8361763548090801,0.7972050911953812,0.028556063457918796,0.11468311245243407,10.954101286156353,0.08033007609847992,0.08033007609847992,3.3445142663848837,2.9492734881385663,4.325285009453377,4.2154924410529615,0.14249530547185466,0.8112879164594728,0.4479066575154427,0.4089639970609846,5.693436101442068,-2.2113939393939392,0.20935572759480384,0.699627274720456,0.9746161078031965,1.1854166666666666,0.0,6.647916666666666,0.9779344161814282,39.39506172839506,18.339080459770116,0.30293159609120524,0.006913656998818473,0.6913656998818473,1.959804685203354,0.1319140623454132,1.4020703108569488,0.751093749119812,1.8493749978327636,-0.7437890616283722,1.7282031229747619,1.3711328108932037,0.03480468745921326,1.3363281234339905,0.5984405458089669,0.9310344827586207,3.3445142663848837,0.24257271814134063,0.4015594541910331,19.311788876645164,0.039960937453170774,Communication Services
1994-03-31,OMC,1994,Q1,USD,1.043559096945551,0.100398406374502,0.1439575033200531,0.100398406374502,0.08525896414342629,0.050199203187251,-0.024169986719787515,-0.024169986719787515,0.40172855313700384,-0.017695295640914977,-0.23163841807909605,2.3013447432762835,0.16356053694773884,0.910417569715359,0.8592688917786447,0.0039041608728206225,0.0854645282473631,-42.64285714285714,0.3359740259740259,0.3359740259740259,3.8737209882705264,4.122709163346614,-7.2195348837209306,-7.597650513950073,0.2133454971979669,1.2256051909158971,0.5506840098676833,0.5019266625233064,5.744696780633891,-2.014985282312015,-0.14759427828348504,-0.5426294820717131,1.0523739598629467,0.46964490263459335,0.0,-2.3402061855670104,-0.4160048869883934,-19.093457943925234,-9.822115384615385,-1.10989010989011,0.006506893441566808,0.6506893441566808,1.448076923076923,-0.035,1.8888461538461538,0.455,1.6619230769230768,-0.7457692307692307,1.541153846153846,-0.7857692307692308,0.04115384615384615,-0.8269230769230769,-0.2834890965732087,0.8492063492063492,3.8737209882705264,0.31638964051024354,0.411214953271028,35.51660516605166,0.03884615384615384,Communication Services
1994-06-30,OMC,1994,Q2,USD,1.0293979303857008,0.1526340545625588,0.18203198494825965,0.1526340545625588,0.13476011288805267,0.07878645343367827,0.07878645343367827,0.07878645343367827,0.4366399671390429,-0.01219869230018542,-0.14845605700712589,2.529446757882213,0.17409818613601932,0.8438685208596713,0.7906447534766119,0.023365672778991212,0.0979772439949431,11.596153860000001,-0.024597902127272735,-0.024597902127272735,3.541213804102097,3.6544793444026342,15.35459107944664,13.911232025425246,0.19588093190844696,1.09024612579763,0.5215874400348888,0.40670632774472687,5.565861440291704,-2.2921832884097033,0.07060682680151707,0.2626999059266228,0.9059982094897046,0.30180180180180183,0.0,0.6289414414414415,0.2334866220735786,10.638095238095238,4.397637795275591,0.44477611940298506,0.009588871551135685,0.9588871551135685,1.6500298487760838,0.12999999984477612,1.8564776097236089,0.6014925365952328,1.837850744074208,-0.7536119393986723,1.7028059681160526,0.4334626860495968,0.04074626860806416,0.39271641744153263,0.5846422338568935,0.8828967642526965,3.541213804102097,0.30787356711834307,0.41535776614310643,24.25432322015504,0.05782089545334818,Communication Services
1994-09-30,OMC,1994,Q3,USD,1.0542268529481411,0.08311626805588444,0.13734312100402557,0.08311626805588444,0.07222353776935828,0.043097324177125265,0.043097324177125265,0.043097324177125265,0.4431269674711438,-0.02467406529468807,-0.22319688109161792,2.4681472822910577,0.1717434625238928,0.8994795946316078,0.829224869898658,0.021799087726742335,0.08100520405368392,24.153846153846153,-0.48307692307692307,-0.48307692307692307,3.2714418604651163,4.1638645512668715,-67.37164750957854,-105.2934131736527,0.17951116352840701,0.8212093023255814,0.45091429155174173,0.39313537315117986,4.574697674418605,-2.1447435246317927,-0.011435223226513283,-0.039545346909779774,1.562874251497006,0.490343347639485,0.0,-0.1791845493562232,-0.03783416402356139,-1.7765957446808511,-1.1360544217687074,0.29120879120879123,0.0030141037306642402,0.30141037306642404,1.5082142857142857,0.065,1.5764285714285715,0.4225,2.0482142857142858,-0.44142857142857145,1.9196428571428572,-0.05964285714285714,0.03357142857142857,-0.09321428571428571,0.5967213114754099,0.8689458689458689,3.2714418604651163,0.2510236578707916,0.40327868852459015,35.88793103448276,0.01892857142857143,Communication Services
1994-12-31,OMC,1994,Q4,USD,1.0385193536264563,0.12551672303645245,0.16403607666290868,0.12551672303645245,0.11743705373919579,0.07046223224351747,0.07046223224351747,0.07046223224351747,0.45553368141744416,-0.01437789311263852,-0.31490015360983103,3.0905923344947737,0.18659280555360774,0.8063525621665156,0.7735830061411457,0.025551786422309354,0.11491996375717306,12.2295686376,0.122295686376,0.122295686376,3.3920770999260355,3.446890822322435,4.163493635133908,4.090156734983278,0.07005118855620222,0.3694526627218935,0.26978125843910344,0.2572448839445131,5.274038461538462,-2.002634054562559,0.2257626094835397,0.842728297632469,0.9823857302118172,4.984,0.0,35.88,2.244744744744745,56.77215189873418,23.73015873015873,0.29333333333333333,0.005996395744316676,0.5996395744316676,1.8770539403509925,0.13226141067862124,0.7046887960956939,0.8052074682114461,2.0537551850176308,-0.6214522816419483,1.9073858905332897,1.5818464717163099,0.027863070516296207,1.5539834012000138,0.6,0.9356287425149701,3.3920770999260355,0.10891635179222472,0.4,20.686544050859105,0.03879668046572889,Communication Services
1995-03-31,OMC,1995,Q1,USD,1.040878451837356,0.10393563818221352,0.14481409001956946,0.10393563818221352,0.08849749945640356,0.052402696238312674,0.052402696238312674,0.052402696238312674,0.3827078305733544,-0.015402261183024742,-0.15719063545150502,2.622006841505131,0.15528768233387358,0.8863122780587539,0.8219627676745938,0.018340387328459665,0.09060583234692779,20.117647075518672,-0.5811764710705395,-0.5811764710705395,3.383949010783458,4.216875794911937,-6.0985571637735845,-6.272125414230272,0.16670043219881145,0.8614552434130169,0.46278590176227974,0.4134083930399181,5.167684522770895,-1.5432885906040268,-0.16636177768212634,-0.6723200695803435,1.0284605433376455,0.5567928730512249,0.0,-3.443207126948775,-0.6262912700020256,-35.13636363636363,-15.537688442211055,0.4605809128630705,0.005723593210653784,0.5723593210653783,1.6220539405626109,0.08499999992946058,1.7412655587209414,0.5939419082207951,2.1955394172651124,-0.6048755181702278,2.0213070522644756,-1.0905394181821249,0.031037344372583115,-1.1215767625547082,0.5921375921375921,0.8514644351464435,3.383949010783458,0.2545709881170967,0.40786240786240785,34.00362129249249,0.03914937756087188,Communication Services
1995-06-30,OMC,1995,Q2,USD,1.0290874524714828,0.15342205323193916,0.18250950570342206,0.15342205323193916,0.13688212927756654,0.08003802281368821,0.08003802281368821,0.08003802281368821,0.4110980851895272,-0.011340053364957012,-0.13076923076923078,2.956717256885891,0.1677295918367347,0.901401376261992,0.8426339846300668,0.023072594259988744,0.10442513436134411,12.633333348337294,0.16520512840133392,0.16520512840133392,3.5749509928751473,4.044588090988594,27.59342848067445,23.69101710311804,0.16779336734693878,0.8842211393043186,0.46927673236422013,0.40638403990024935,5.269702570996471,-2.5809617271835132,0.04510522879099905,0.17072243346007604,0.8585746102449888,0.5563973063973064,0.0,0.7558922558922558,0.17065754465982516,7.070866141732283,3.789029535864979,0.26128266033254155,0.005170501187774992,0.5170501187774992,1.8741092614321744,0.14999999982185272,1.874821850504962,0.740736341163021,2.3095011849055807,-0.5878859850500167,2.1203087860803933,0.31995249368176665,0.045249406122031585,0.27470308755973505,0.5847222222222223,0.8921933085501859,3.5749509928751473,0.24733797500065463,0.4152777777777778,25.47659724854167,0.03919239900333444,Communication Services
1995-09-30,OMC,1995,Q3,USD,1.0530035335689045,0.08517760833178352,0.13818114190068811,0.08517760833178352,0.07290310582108983,0.04407662265203645,0.04407662265203645,0.04407662265203645,0.39328554710356933,-0.021401216490200495,-0.18095238095238095,2.7060895822848514,0.16056018394099555,0.9228941992493706,0.848068791866597,0.01898941394739714,0.11083661931683216,25.4375,-0.5450892857142857,-0.5450892857142857,4.375748502994012,4.4847963548447085,-178.62777777777777,1148.3214285714287,0.177670279793365,1.0796588640900018,0.5191519064654044,0.482146213117835,6.076755579749592,-2.9988845510317903,0.0009976720984369804,0.003905523526129812,-6.428571428571429,0.717948717948718,0.0,0.02564102564102564,0.0035294117647058825,0.1346153846153846,0.05121951219512195,1.0717299578059072,0.010532972558289014,1.0532972558289013,1.8150210970464136,0.08,2.0084388185654007,0.7875105485232068,2.0253164556962027,-0.7267510548523207,1.860253164556962,0.007088607594936709,0.052658227848101265,-0.04556962025316456,0.6045918367346939,0.8558951965065502,4.375748502994012,0.24673695559771508,0.39540816326530615,37.32402422611036,0.08573839662447258,Communication Services
1995-12-31,OMC,1995,Q4,USD,1.0341275941583397,0.1349730976172175,0.16910069177555725,0.1349730976172175,0.12313604919292852,0.07317448116833206,0.07317448116833206,0.07317448116833206,0.4327434805747738,-0.012799077543960796,-0.20923656927426956,3.2443890274314215,0.18439776624996457,0.8415920716112532,0.7991927749360613,0.02394100497341794,0.12547953964194372,14.203431349264706,0.14203431349264706,0.14203431349264706,4.903596244605621,4.15731487916987,6.268737433704219,6.09221295088984,0.08827281231397227,0.5646418857660924,0.3608761154247306,0.34493407768143486,6.396554850407978,-2.328620010739216,0.17738970588235295,0.6823981552651807,0.9718405046181573,3.6904761904761907,0.0,21.13809523809524,1.4254977520873475,35.512,16.750943396226415,0.29411764705882354,0.005176876626260625,0.5176876626260626,2.2394262331793873,0.16386885272765386,1.0720327886426766,1.0809836083294813,2.107573773946842,-0.7590983619001612,1.898606560489519,1.5281803303740662,0.043032786955791456,1.4851475434182746,0.5942571785268415,0.9123006833712984,4.903596244605621,0.11514852724411134,0.40574282147315854,24.56121208090909,0.048196721390486426,Communication Services
1996-03-31,OMC,1996,Q1,USD,1.0361552028218695,0.10511463844797178,0.14126984126984127,0.10511463844797178,0.09206349206349207,0.053791887125220456,0.053791887125220456,0.053791887125220456,0.3606182026330853,-0.014083539433910415,-0.14590747330960854,2.8097125867195243,0.15908644538593195,0.9149675923938705,0.8546593982057775,0.017233222950598093,0.0831866763961025,26.404761861475407,-0.844952379567213,-0.844952379567213,5.914046166880851,5.681447878483245,-7.809408356606061,-8.075660433943344,0.18907999214387924,1.2371947861208004,0.5530116527162318,0.4899812734082397,6.543234808151276,-1.9074852817493693,-0.17122376271622955,-0.7035273368606701,1.0340937578340437,0.38778220451527223,0.0,-2.648738379814077,-0.591927585695207,-29.330882352941178,-9.10730593607306,0.9901639344262295,0.009374861432388833,0.9374861432388832,1.9519672163147004,0.10500000017213115,2.319983610360629,0.6671803289625907,2.081754101773367,-0.7735573783173072,1.8751967243855685,-1.373262297333217,0.0468196722079011,-1.420081969541118,0.5842911877394636,0.8758389261744967,5.914046166880851,0.20919599732737862,0.4157088122605364,46.210748403245944,0.10396721328519215,Communication Services
1996-06-30,OMC,1996,Q2,USD,1.037059264816204,0.15183795948987247,0.18889722430607653,0.15183795948987247,0.13713428357089272,0.0795198799699925,0.0795198799699925,0.0795198799699925,0.4128213069061629,-0.014388070134560494,-0.14436002337814144,3.154283009938476,0.1791137029373035,0.884687720398088,0.8176475197868506,0.025362318840579712,0.09799388762636158,15.624999976415095,0.2455357139150944,0.2455357139150944,5.566291371198118,4.969992490622656,15.796375751072961,14.954853250564334,0.15430920964231007,0.9648798521256932,0.49106302916274697,0.4020297427652733,6.252898672492019,-2.70714865962632,0.08678786928924065,0.33233308327081773,0.946726862302483,0.5025847214244687,0.0,1.2722573233773693,0.38575409265064436,18.771186440677965,12.953216374269006,0.1,0.0016000000024150942,0.16000000024150943,2.2635849090771094,0.1800000002716981,1.9501132104907368,0.8493962276972018,2.2330188712951227,-0.746150944522492,2.02109434267335,0.7522641520788893,0.040075471758604486,0.7121886803202848,0.5798687089715536,0.9031620553359684,5.566291371198118,0.17334339648806552,0.4201312910284464,28.8848291898332,0.01800000002716981,Communication Services
1996-09-30,OMC,1996,Q3,USD,1.03877809433365,0.09433364988920545,0.13311174422285532,0.09433364988920545,0.08610319721430833,0.05096549540993985,0.05096549540993985,0.05096549540993985,0.4360850358917725,-0.016462841015992474,-0.13129689174705253,2.971777986829727,0.1775716694772344,0.925924264178033,0.8422020818377602,0.02049891540130152,0.08569633883704235,27.833333363586956,-0.7157142864922361,-0.7157142864922361,4.880116168295671,5.674158495140867,-143.3973334892,-286.7946669784,0.13749297358066329,0.6659406479716853,0.3997385193659095,0.36819471918809665,4.843452218894637,-2.7505441880713977,-0.005608399138549892,-0.01978474200696423,2.0,1.0130932896890343,0.0,-0.20458265139116202,-0.025551921504497137,-1.0,-0.3698224852071006,0.6614906832298136,0.00594153307644433,0.594153307644433,2.0602173890649813,0.10499999988586957,1.5952173895704158,0.6228260862795368,2.5826086928449907,-0.3952173908747637,2.3954347800049622,-0.040760869520912096,0.040760869520912096,-0.08152173904182419,0.5919117647058824,0.912751677852349,4.880116168295671,0.13645999910782,0.40808823529411764,46.17281019298454,0.06945652166363421,Communication Services
1996-12-31,OMC,1996,Q4,USD,1.0398989227290862,0.13924724032451125,0.17914616305359754,0.13924724032451125,0.13419337677882698,0.08006383827636654,0.08006383827636654,0.08006383827636654,0.4834126269769834,-0.014492753623188406,-0.1914486279514997,3.3915200721695986,0.18538425503587366,0.8469840382801858,0.7922531521777095,0.028253719655442443,0.17823338339562014,15.240664451827243,0.20955913621262456,0.20955913621262456,4.58342949918821,4.880904375581859,5.453123328380387,5.3662114344202365,0.05263936487585986,0.2666416885225428,0.21051074738710313,0.2036005569922419,5.065442737604596,-2.493037135278515,0.23886696238343055,0.909562441814071,0.9840619973680362,10.681818181818182,0.0,77.7159090909091,3.2032786885245903,62.74311926605505,20.978527607361965,0.36046511627906974,0.005912883874230508,0.5912883874230509,2.3438279301745637,0.18765586034912718,0.6655236907730673,1.59071072319202,2.6913965087281797,-0.42674563591022446,2.4959476309226933,2.131857855361596,0.033977556109725686,2.0978802992518704,0.5966303270564915,0.9637058261700095,4.58342949918821,0.058175147794848545,0.40336967294350845,25.04195991091314,0.06764339152119701,Communication Services
1997-03-31,OMC,1997,Q1,USD,1.0373241458512776,0.10623026126902096,0.1435544071202986,0.10623026126902096,0.09819121447028424,0.05756531725523974,0.05756531725523974,0.05756531725523974,0.42828158622809714,-0.015331996697723789,-0.14582164890633764,3.135013501350135,0.1717201597396835,0.9451939629288603,0.8738140037631611,0.020630461922596755,0.09127667240482006,24.94,-0.7897666666666667,-0.7897666666666667,5.048430085815245,5.742716049382716,-8.111062449310625,-8.409451334874921,0.14319873785929102,0.7330893488137304,0.42299570377921797,0.4094940010432968,5.119384149419485,-2.4229565217391302,-0.19043996957444254,-0.6828883146712604,1.0367878915282742,2.28343949044586,0.0,-15.14968152866242,-0.8189017042520227,-27.18285714285714,-12.323834196891191,0.5261845386533666,0.0052745041966055185,0.5274504196605518,2.1714463840399003,0.125,1.810785536159601,0.7107231920199502,2.657730673316708,-0.6122194513715711,2.470074812967581,-1.48285536159601,0.05455112219451372,-1.5374064837905237,0.5862573099415205,0.9243243243243243,5.048430085815245,0.1452113501330875,0.4137426900584795,43.53276,0.06577306733167082,Communication Services
1997-06-30,OMC,1997,Q2,USD,1.0373903090423502,0.1561744881088643,0.19356479715121455,0.1561744881088643,0.1454915426681928,0.08444614015006995,0.08444614015006995,0.08444614015006995,0.4664531055347927,-0.015442798613299717,-0.14648729446935724,3.435124508519004,0.18111251871472994,0.9180142361744844,0.844752692097098,0.0279463243873979,0.10731885380543894,18.792682925414155,0.3053810975379801,0.3053810975379801,5.93147544265003,6.347878144461402,22.11491619401861,20.82326485185649,0.1321202349418404,0.6816399286987522,0.4053423786304855,0.39307609087630724,5.159239453357101,-4.350207468879668,0.08749771856178135,0.304845478824876,0.9415936587400918,3.6433566433566433,0.0,8.381118881118882,0.4178870292887029,17.12142857142857,7.732258064516129,0.2560240963855422,0.0034059013473710788,0.3405901347371079,2.427582831508101,0.20500000001543675,1.7709036145911825,0.9076807229599158,2.820293674911167,-0.7242921687292388,2.598004518267922,0.7400376506581353,0.0432228915695198,0.6968147590886156,0.5804195804195804,0.9315960912052117,5.93147544265003,0.11491911840306182,0.4195804195804196,34.631646419119576,0.05248493976298833,Communication Services
1997-09-30,OMC,1997,Q3,USD,1.0399035886448849,0.1068559185859668,0.14675950723085163,0.1068559185859668,0.09560792715586502,0.05557043385109802,0.05557043385109802,0.05557043385109802,0.441371158392435,-0.016210629385845617,-0.13713759779107226,3.263986013986014,0.17018755269934596,0.891991341991342,0.8136002886002885,0.020320916578789865,0.08596681096681097,34.98076920548193,-0.9182451916439006,-0.9182451916439006,7.083200400231764,7.775586084775041,-313.8814966545946,-2150.669514114815,0.15984138921173172,0.8555745303732618,0.46108335524585853,0.42116783167408034,5.352646987070017,-2.850381679389313,-0.000974025974025974,-0.003615425816818425,6.851851851851852,0.7597712106768351,0.0,-0.025738798856053385,-0.003849443969204448,-0.17088607594936708,-0.05065666041275797,0.9036144578313253,0.006457937306376595,0.6457937306376594,2.339373495667017,0.13000000009397591,2.19715662809433,0.7464819282504689,2.7547469899431904,-0.8830602416022122,2.568048194627505,-0.0084578313314153,0.04949397593939323,-0.057951807270808536,0.5812324929971989,0.8947368421052632,7.083200400231764,0.12078925937846784,0.41876750700280113,57.207186935310226,0.11746987960299027,Communication Services
1997-12-31,OMC,1997,Q4,USD,1.0389944134078213,0.1416759776536313,0.18067039106145252,0.1416759776536313,0.13932960893854748,0.08312849162011174,0.08312849162011174,0.08312849162011174,0.4279020845285906,-0.01344738565869071,0.0,3.733833959115561,0.1802364218539179,0.834981838502375,0.834981838502375,0.027085966346987834,0.15546241967029897,23.382132343514787,0.30396772046569226,0.30396772046569226,8.02875572335295,7.77488557031285,9.357884057867134,9.007796227093852,0.06949674768914756,0.3981769931925695,0.2847829674863839,0.2827706057596822,5.729433483327564,-2.0112359550561796,0.21584241408214586,0.8631284916201117,0.9625889967637541,32.76470588235294,0.0,227.2058823529412,2.238481599536366,26.730103806228374,14.279112754158964,0.3387096774193548,0.0036214583901422763,0.36214583901422764,2.725442041347928,0.22656188589529144,1.0508939089041005,1.6943418455932817,2.833241648346494,-0.9263457753944577,2.6392632594818424,2.352406678146675,0.08800589384911187,2.2644007842975635,0.5966319165998396,0.9834384858044164,8.02875572335295,0.049593860731670616,0.4033680834001604,41.72679397297465,0.07673870328711484,Communication Services
1998-03-31,OMC,1998,Q1,USD,1.0315911730545877,0.11800232288037166,0.15737514518002324,0.11521486643437863,0.10325203252032521,0.059581881533101046,0.05911730545876887,0.059581881533101046,0.3922015214321505,-0.011818892847831755,0.0,2.883456128600134,0.14989815282299482,0.8361468664275163,0.8361468664275163,0.016787034648783422,0.0733804600126609,39.524852652259334,-1.1363395137524555,-1.1363395137524555,7.863259722493649,9.346411149825784,-12.35,-12.783574265289914,0.11351172548268598,0.6370920461207739,0.3891607974215113,0.3891607974215113,5.612565956615204,-1.421026572041591,-0.1660424140113948,-0.7311265969802555,1.0351072279586975,0.0,0.0,0.0,-0.9654907975460123,-28.4841628959276,-12.514910536779324,0.5540275049115914,0.0035042983574533446,0.35042983574533443,2.517543859649123,0.14883040935672515,1.9064327485380117,0.8134502923976609,3.1915204678362574,-1.9719298245614034,2.9923976608187135,-1.840643274853801,0.06461988304093567,-1.9052631578947368,0.5725534308211474,0.8961693548387096,7.863259722493649,0.08102136627870853,0.42744656917885265,62.148044280442804,0.0824561403508772,Communication Services
1998-06-30,OMC,1998,Q2,USD,1.0389919163100332,0.16909177365668093,0.20808368996671422,0.16623870660960532,0.14816928197812648,0.08207322872087494,0.08178792201616739,0.08207322872087494,0.39634376177911795,-0.015484553213988972,0.0,3.428431692207369,0.170958930836016,0.8780754649772282,0.8780754649772282,0.025397968162546997,0.08597308093529756,25.027,0.375405,0.375405,7.981169926763697,8.187625297194485,39.062105263157896,34.27264331210191,0.15196891360192502,0.8665059794196718,0.46423959471540677,0.4371804236669102,5.701863354037267,-1.911123227917121,0.06391369615550976,0.23889681407513078,0.8773885350318471,1.5392561983471074,0.0,2.5950413223140494,0.2687493313362576,8.155844155844155,5.8013856812933025,0.14534883720930233,0.0014519202981709985,0.14519202981709986,3.046060254924681,0.24913093858632676,2.7077056778679025,0.9788528389339514,3.331981460023175,-2.026361529548088,3.1248551564310545,0.727694090382387,0.08922363847045191,0.6384704519119351,0.55198973042362,0.8913043478260869,7.981169926763697,0.10856879221603459,0.44801026957637996,42.07535648994516,0.036210892236384705,Communication Services
1998-09-30,OMC,1998,Q3,USD,1.0429910350448248,0.12082314588427058,0.16381418092909536,0.11297881010594947,0.097799511002445,0.05704971475142624,0.054808475957620215,0.05704971475142624,0.38139643315071686,-0.01754750717285542,0.0,3.255721393034826,0.15770448082515304,0.8894524403845132,0.8894524403845132,0.01889912591542641,0.0831695788411493,36.59386617100372,-1.0164962825278812,-1.0164962825278812,7.377740303541315,8.022616136919316,-163.04347826086956,-219.35933147632312,0.1913950163070546,1.1160764474423834,0.5274272811794395,0.5001638960430812,5.8312722503279,-2.1922948073701845,-0.009533166923362897,-0.036572942135289326,1.3454038997214484,0.9626623376623377,0.0,-0.2913961038961039,-0.030135146478636785,-2.8951612903225805,-1.078078078078078,0.38847583643122674,0.002653968253968254,0.2653968253968254,2.8045714285714287,0.15371428571428572,3.403714285714286,0.8948571428571429,3.2705714285714285,-2.236285714285714,3.049714285714286,-0.10257142857142858,0.03542857142857143,-0.138,0.5604166666666667,0.8656447249774571,7.377740303541315,0.15127619047619048,0.4395833333333333,54.434701492537314,0.05971428571428571,Communication Services
1998-12-31,OMC,1998,Q4,USD,1.036730945821855,0.14617246848651808,0.18290341430837298,0.14617246848651808,0.13373403456048083,0.07880457467234327,0.07880457467234327,0.07880457467234327,0.46522195036700453,-0.013072672173034643,0.0,3.6677893447642376,0.17335494421209535,0.8300600450337753,0.8300600450337753,0.024141359521359172,0.13510132599449587,26.741959698093222,0.38897395924499234,0.38897395924499234,9.293846278877128,8.429555039652726,34.033582682844624,11.402172518066847,0.11813143080418517,0.7513115508513576,0.4289993693504309,0.3971926320461607,6.359963184537506,-1.9455903849277245,0.18463847885914436,0.7392937640871525,0.3350271002710027,1.5268924302788844,0.0,8.820717131474103,1.0848952590959207,1.5038206826286296,1.3497942386831276,0.711864406779661,0.006654938669569708,0.6654938669569708,3.440276487143587,0.2711095253246136,2.3443506940940897,1.8610060636689578,3.38082768233194,-2.4523349965538936,3.120344271877041,2.543374953680909,1.6912754180472982,0.8520995356336107,0.5892634207240949,0.9149057681324957,9.293846278877128,0.08083967910669275,0.4107365792759051,46.85560922866271,0.19299322141752154,Communication Services
1999-04-30,OMC,1999,Q1,USD,1.0392362019356527,0.11733978550876276,0.1565759874444154,0.11735983956752986,0.10122940099398378,0.05719766326619583,0.05719766326619583,0.05719766326619583,0.37718288551978163,-0.015933151577382006,0.0,3.0665775401069517,0.16597204133020751,0.8669230425256004,0.8669230425256004,0.019001803968731208,0.06946742386978491,48.98648654249238,-1.653293920809118,-1.653293920809118,12.679082727115803,11.20765024740605,-19.119521149412464,-19.925676745853355,0.19744725188851264,1.3458275794042218,0.5737112101589438,0.5228278264143839,6.8161373051884,-1.6264624547968518,-0.14423377900997184,-0.5624727526375447,1.0421640055805301,0.5089787066246056,0.0,-2.543769716088328,-0.47280856053943127,-23.716911764705884,-9.376453488372093,0.6341463414634146,0.003236333049285626,0.3236333049285626,3.234397862155795,0.18499999978849085,3.84777438584477,0.8762118892421358,3.0730868867304646,-2.705907009101478,2.8590396308776223,-1.8192606686517598,0.07670731698547181,-1.8959679856372318,0.5650301464254953,0.862555720653789,12.679082727115803,0.10614550029916607,0.43496985357450474,77.44730154056477,0.11731707303660395,Communication Services
1999-06-30,OMC,1999,Q2,USD,1.0369962216624684,0.16567144206549117,0.2026676637279597,0.16569584382871536,0.14774874055415618,0.08430415617128463,0.08430415617128463,0.08430415617128463,0.3890130752977922,-0.015284552845528456,0.0,3.3378875459800317,0.17579497965848392,0.8626846770789363,0.8626846770789363,0.02519044038316932,0.06473195441114395,32.7868852474323,0.5191256830843448,0.5191256830843448,13.61036980620155,11.056282777078085,-126.65375689810641,82.33236600234467,0.19758946115739076,1.3836240310077519,0.5804707508435302,0.5266706416548181,7.002519379844961,-2.0394926954567345,0.0360067539046011,0.13428841309823678,-0.6500586166471278,0.6325786838340487,0.0,0.6101573676680973,0.11947615379228237,0.6060390763765542,0.585650532097494,0.0915032679738562,0.0006977124182680806,0.06977124182680806,3.617852474154162,0.304999999985761,4.066381885897928,0.873422035440083,3.1587861809916533,-2.9198552753071962,2.9389355740924867,0.4858356675776921,0.8016573295610804,-0.31582166198338835,0.57059136920618,0.891686460807601,13.61036980620155,0.1016595471474482,0.4294086307938199,58.90845748420198,0.027908496730723226,Communication Services
1999-09-30,OMC,1999,Q3,USD,1.0239491287472129,0.1215624741927492,0.14551160293996201,0.1215624741927492,0.10256833760013213,0.05805599141134693,0.05805599141134693,0.05805599141134693,0.40372753642516584,-0.009491081656030109,0.0,3.102485267742762,0.16227987884960735,0.863865374808771,0.863865374808771,0.015750904130448575,0.06037735849056604,49.487500000000004,-1.3946477272727276,-1.3946477272727276,13.124478921060078,11.492183499876127,50.09317854571635,265.06447619047617,0.20763086654694576,1.4611902291804206,0.5936925199264255,0.521093044263776,7.037442233330189,-1.8374810318664643,0.010708822029576747,0.04335618135271286,5.291428571428572,0.3091506572295248,0.0,0.1327098078867543,0.033886271219260314,0.23302263648468707,0.20858164481525626,0.3755334281650071,0.0018971125444051885,0.18971125444051887,3.444950213371266,0.2,4.407681365576102,0.9590327169274537,3.2927453769559034,-3.0065433854907537,3.0165007112375535,0.14935988620199148,0.6409672830725462,0.7903271692745377,0.5660225442834138,0.84375,13.124478921060078,0.11133319943359692,0.43397745571658614,86.09072077185019,0.07510668563300142,Communication Services
1999-12-31,OMC,1999,Q4,USD,1.049720447284345,0.15435303514376997,0.20407348242811502,0.15435303514376997,0.1385782747603834,0.07980564430244941,0.07980564430244941,0.07980564430244941,0.4107723855092276,-0.018162808792063802,0.0,3.3784573870024737,0.16660752306600426,0.7841939724750795,0.7841939724750795,0.026506483600305112,0.09592118620092858,36.498403148457044,0.521405759263672,0.521405759263672,11.27222239036641,11.651114317092652,29.91733746368142,13.231015986394556,0.09337295954577715,0.5422113465129758,0.351580441772099,0.31424155442702584,5.80694185073089,-1.529783117808777,0.22016608144314456,0.880591054313099,0.4422524565381708,1.674079754601227,0.0,10.145705521472392,1.5712589073634204,1.7929258707141889,1.7316753926701571,0.2176814011676397,0.0014910337329158063,0.14910337329158063,4.291435019794458,0.3424807367367915,2.405077400603657,1.7164026247300919,4.787303709515117,-2.1491451736510587,4.435682536101448,3.778999288596957,2.107727569958953,1.6712717186380042,0.5758885686839578,0.8978007761966365,11.27222239036641,0.048101548012073135,0.4241114313160423,57.95901549249837,0.07455168664579032,Communication Services
2000-03-31,OMC,2000,Q1,USD,1.0381692729955803,0.1186984913144527,0.15686776431003288,0.1186984913144527,0.18274420510291767,0.10408733770118526,0.10408733770118526,0.10408733770118526,0.38711127180530003,-0.016540368132860923,0.0,3.074226491563246,0.15664846807643454,0.8894140267829508,0.8894140267829508,0.02731914508430438,0.06954815207320046,28.5426829327948,1.3863588853071764,1.3863588853071764,10.917481527256667,11.883727509294678,-17.5208037445688,-18.163361575300335,0.20581408266905185,1.2070318121012829,0.5469027702650491,0.5080431998966968,5.86467066027831,-1.4837475461675562,-0.17752859306966207,-0.6542691703861089,1.0366739928201478,0.41215201482698666,0.0,-3.4478361388692513,-0.49797497781251243,-27.267279156215057,-7.589688588300611,0.5976744834120581,0.005234918567565224,0.5234918567565224,3.9389997762392537,0.4099999999143084,5.175292395356918,1.1222256821631431,4.634261379293094,-2.4812915041700543,4.2876188874818615,-2.577166115751125,0.09451497162538527,-2.6716810873765104,0.5695794164447813,1.5395663675184956,10.917481527256667,0.1105595470061294,0.4304205835552187,82.49797058671525,0.24504653814772814,Communication Services
2000-06-30,OMC,2000,Q2,USD,1.0375222414808138,0.16689217856332367,0.20441442004413762,0.16689217856332367,0.1471098408480212,0.0837937306157889,0.0837937306157889,0.0837937306157889,0.4515808128095206,-0.0159700571577033,0.0,3.3463239291838267,0.1620904463933864,0.8465697265919113,0.8465697265919113,0.0234210684721153,0.07543214177537622,30.499999960494403,-3.126249995950677,-3.126249995950677,11.231724744411498,10.22283512188496,55.59567138824497,49.22748028162635,0.22108367295760567,1.4985607314938545,0.5997695843870426,0.5415909243756499,6.778251471248236,-2.093228670408169,0.05439388504268954,0.2076652118572993,0.8854552711100975,0.4888734923832879,0.0,0.7195126398220488,0.15225252249532442,8.730214036834246,5.192723325164071,0.19338708031431778,0.0015851400046295527,0.15851400046295527,4.355934480902519,0.3650000004727719,5.941287815713633,1.3982846383910208,4.310700234021255,-3.3527697139677284,3.9646626865706027,0.9045760568131367,0.10361441918795779,0.8009616376251789,0.569599763909445,0.8814663581864833,11.231724744411498,0.13342213823744964,0.43040023609055506,55.27399916292316,0.07058628440615398,Communication Services
2000-09-30,OMC,2000,Q3,USD,1.039474762189652,0.12547408887845493,0.164948851068107,0.12547408887845493,0.10341729528551355,0.058976002445400175,0.058976002445400175,0.058976002445400175,0.3645989901332667,-0.016567314212934107,0.0,3.1561012283069005,0.15530827804071953,0.8790979087761851,0.8790979087761851,0.017922516155731705,0.07571799067213893,37.214285757727865,-1.1474404775299425,-1.1474404775299425,10.175496598325696,8.778999231406319,229.51633939775735,132.74584171099613,0.23614343307655747,1.7623488142536927,0.6379892376951057,0.6011030663934306,7.46304392755373,-1.832649281272198,0.01671910404914523,0.06613389254421445,0.5783720760766596,0.5468188662505545,0.0,0.3000912197834467,0.04349534872664459,2.3717594192879363,1.347146843928366,0.3596026335450131,0.002415756652472757,0.2415756652472757,4.154232052957798,0.24499999971399888,6.316434842738566,1.3818229928770276,3.928548568910454,-3.7892317031784275,3.584100259637537,0.2747355361940424,0.11583617375345982,0.15889936244058256,0.5702721414496459,0.8242123629659706,10.175496598325696,0.1731953617422146,0.42972785855035417,60.624684048716155,0.08810264511568144,Communication Services
2000-12-31,OMC,2000,Q4,USD,1.0325407626410097,0.1544744450183556,0.1870152076593653,0.1544744450183556,0.13430075891274473,0.07889607849773114,0.07889607849773114,0.07889607849773114,0.4672963318816691,-0.013480228515533876,0.0,3.730963248155163,0.18222182502368953,0.8100891887339149,0.8100891887339149,0.024479619634103063,0.07800950090655892,26.697477839753596,0.4767406757098856,0.4767406757098856,9.807162866946038,8.425305229346549,13.370140113520808,12.909421781133885,0.13622879606013205,0.8702144106757801,0.46530194918203965,0.4457579180661621,6.387888874035585,-1.8459921078316406,0.17756283271436965,0.652647761626278,0.9655412487471979,2.3229631805718762,0.0,11.519418331374853,0.8729921254583464,29.020204262877442,5.577532703367771,1.198085875420165,0.011219092329727193,1.1219092329727194,4.918516169082934,0.388051637768327,3.67707620110463,1.573259237917623,4.601702566668811,-3.4450382075294352,4.225483002802875,3.2100585682746328,0.11061460971110153,3.0994439585635316,0.5874581732556698,0.8694043788070337,9.807162866946038,0.08873253381043991,0.41254182674433015,47.515778319177656,0.4649191861438949,Communication Services
2001-03-31,OMC,2001,Q1,USD,1.0,0.11946782717748795,0.15689942253427883,0.11946782717748795,0.1067836920582537,0.059507823829860584,0.059507823829860584,0.059507823829860584,0.4224922263714412,0.0,0.0,3.3196439715459207,0.1735227336397525,0.9343321988375494,0.9343321988375494,0.020432156573035026,0.08197539052810658,39.84615379596978,-1.1953846138790931,-1.1953846138790931,10.045826975469161,9.4846316015524,-16.012929708499538,-16.618879758719178,0.2501625352529996,1.5269721483717882,0.6042694809104512,0.585328641169921,6.103920184641153,-2.0074624713669036,-0.1780541997615396,-0.570714256270868,1.0378412983289378,1.051631945439436,0.0,-5.237069089033441,-0.39587022003572314,-26.42615460250441,-9.658696938948081,0.630027287993283,0.003952873916133199,0.3952873916133198,4.369173389213905,0.2600000003274559,6.298906599033048,1.2502567186191311,4.449915832640532,-3.508755671925385,4.125095932987106,-2.4935495413436812,0.09435915209197207,-2.5879086934356534,0.5572744553297265,0.8938280253445139,10.045826975469161,0.1520006418685581,0.3960988448603597,67.96422270276295,0.16380709508455973,Communication Services
2001-06-30,OMC,2001,Q2,USD,1.0,0.16665216385731985,0.20438313063749006,0.16665216385731985,0.1555237384273306,0.08665390419444145,0.08665390419444145,0.08665390419444145,0.42598642335752185,0.0,0.0,3.3420091988153273,0.17777928857060013,0.9222848364060021,0.9222848364060021,0.027152258293489426,0.07637355936939932,25.90361442959449,0.4209337344809106,0.4209337344809106,9.396026208598807,8.97859729228733,46.171459376950345,40.11516574800431,0.22641825704468502,1.3328031344638251,0.5713311658294554,0.557183340266223,5.886464951458346,-4.538714974640392,0.07021726624881172,0.22382052086458115,0.8688303616417754,2.0047022699504855,0.0,3.1426194456948107,0.1757395957648127,7.623715461263966,7.286411838157184,0.015683839171280207,0.0001513672851901476,0.01513672851901476,4.789166793006438,0.41500000045238034,6.09944390422161,1.2534581425605524,4.999594927691378,-3.5776155186125456,4.5764027308319335,1.0719138061180566,0.1406025462996936,0.9313112598183632,0.5571747764726669,0.9332236367508743,9.396026208598807,0.14184753265631653,0.39612098635461795,48.97050537794036,0.006508793263176347,Communication Services
2001-09-30,OMC,2001,Q3,USD,1.0,0.11598256410517552,0.15923366594271718,0.11598256410517552,0.10444859746456424,0.05878694752172485,0.05878694752172485,0.05878694752172485,0.3787299553097245,0.0,0.0,2.832448688177006,0.15162572224348764,0.919154366561584,0.919154366561584,0.019139546051417194,0.07436568574840598,31.9,-0.7881176470588235,-0.7881176470588235,6.5132949280356645,7.501214503772091,174.21607557323006,104.0151285129219,0.23644166585111762,1.3540050594180397,0.575192077009715,0.5639830470692767,5.726592453762479,-3.528155974294739,0.0200057812215541,0.07211657199308472,0.5970466741985595,1.697092024988127,0.0,1.0347422642750155,0.04624704057474079,2.4816769982257463,1.3610764055742433,0.40698392074062045,0.0031895291594092514,0.3189529159409251,4.252644686264956,0.25,6.631476368361215,1.214595852958692,5.374998646526988,-3.9835255265010017,4.897674733365816,0.30668615667803584,0.12358020681067619,0.18310594986735965,0.5628313730269974,0.9005543054717084,6.5132949280356645,0.20788327173546128,0.392101895301359,55.217714404496355,0.10174598018515511,Communication Services
2001-12-31,OMC,2001,Q4,USD,1.0,0.15406656168341307,0.18667548350066202,0.15406656168341307,0.12613113704171536,0.08330030403867497,0.08330030403867497,0.08330030403867497,0.5295845774687633,0.0,0.0,3.597059881234244,0.18558878838105022,0.7877772120027328,0.6954676602365488,0.02758115328917051,0.07106654683541179,25.359642954776685,0.3336795125628511,0.3336795125628511,7.643262667540083,8.44986387378056,14.265359997875217,14.049794333209292,0.1459493808944438,0.7113438691087436,0.4156639013053564,0.38087135401094324,4.873908095733649,-2.1099343882257515,0.17837522485293403,0.6014226025933874,0.984888873137584,1.2190262529832936,0.0,5.656739856801909,0.764767150338312,66.17640160821979,22.112307347837444,0.21741064085146308,0.0021432738745490905,0.21432738745490904,5.287659146633056,0.44046361456741423,4.158282327095229,1.3873392282716603,6.269985773868656,-4.2880672237301525,5.84567114116724,3.1801177255947826,0.04805516238888062,3.1320625632059023,0.6604261722553493,0.8186795088015179,7.643262667540083,0.09306809147482607,0.45245797423331646,48.1941355238569,0.09576147671485336,Communication Services
2002-03-31,OMC,2002,Q1,USD,1.0,0.1321031894002976,0.16044898887456088,0.1321031894002976,0.12556726809687688,0.07421153919417049,0.07421153919417049,0.07421153919417049,0.4617324087096713,0.0,0.0,3.111335803351586,0.15794071878358662,0.9079854393544375,0.7987242256693253,0.019977997250555858,0.08367584584635336,34.08695647931801,-1.666473427877769,-1.666473427877769,9.155780823021367,10.11858202709957,-22.17674221002108,-23.12051178187996,0.26367581175652444,1.5106084600261986,0.6016901815149763,0.576824644287885,5.729036918339249,-1.7662748920308797,-0.12645132797677341,-0.437645244299035,1.0425567273552205,0.7014013298117162,0.0,-2.68436444488504,-0.26214768808841105,-23.49804748031984,-10.976142220163299,0.28631208873263536,0.002099865449313089,0.20998654493130892,4.6488727248558686,0.34500000042935147,7.761109984302052,1.4746049129313876,5.5692332023324775,-5.245577336459814,5.137737666428434,-2.034557039384667,0.08658408921373811,-2.1211411285984054,0.5910102235951751,0.9505241218392111,9.155780823021367,0.16498958299961844,0.3671024566048838,71.66416247627409,0.09877767073568772,Communication Services
2002-06-30,OMC,2002,Q2,USD,1.0,0.17243835207602753,0.19851620265171774,0.17243835207602753,0.16933802018085442,0.09773454542988017,0.09773454542988017,0.09773454542988017,0.472601096375343,0.0,0.0,3.4353209619627854,0.16557040514608676,0.8990245358474741,0.7915517184984872,0.025830678457663736,0.06478091362402638,10.084158413688172,0.2205909652994287,0.2205909652994287,3.4239059556920264,3.9422825544188598,22.510789739904542,20.678277606837607,0.23513598011257,1.2334184968206436,0.5522558797540461,0.5366724482809373,5.245554067183388,-3.2191225624401634,0.057736676033174596,0.19064849739299758,0.9185940540407399,1.5591617098801926,0.0,2.204257809200922,0.1342446568098143,12.28411497730711,5.461830520635585,0.1983503723674025,0.0049173754573847974,0.49173754573847966,5.1670573376754785,0.5050000001078397,7.338032967426641,1.2250378242479327,6.44071740254453,-5.369086993645802,5.949345648976184,0.9850917173712925,0.08019232310924215,0.9048993942620505,0.5771565377078275,0.9820206360252958,3.4239059556920264,0.360237259078382,0.3759505527687738,25.93506592645938,0.10016693806692832,Communication Services
2002-09-30,OMC,2002,Q3,USD,1.0,0.11953401238027006,0.14876680771225118,0.11953401238027006,0.11638777036957035,0.07130727938843931,0.07130727938843931,0.07130727938843931,0.47733284460802466,0.0,0.0,3.2328195922366656,0.15758426498223582,0.8965164236923071,0.781247327051479,0.020336318264107128,0.06033782189048465,20.470588254773837,-0.6141176476432152,-0.6141176476432152,4.473666598841907,5.83880782371545,78.90942069557909,64.48519747147542,0.2348040380645441,1.1416478019847451,0.5330698170477598,0.520823307688443,4.862130189051191,-2.8240579867520905,0.027014177951605777,0.09054493205666628,0.8172053083528493,1.5307993097661754,0.0,1.2674735225671632,0.06076750929681223,5.470618380594465,2.4164704817095255,0.29336103533591323,0.0035827137902045884,0.35827137902045886,4.768096645846511,0.33999999967645755,7.104569396271741,1.0586390588162415,6.684600482124659,-5.359936713798195,6.223083322124833,0.4317269868377907,0.07891740143476743,0.3528095854030233,0.6126698635261651,0.9736791064898694,4.473666598841907,0.255192866245393,0.33861446748968793,47.90445115368242,0.09974275191929574,Communication Services
2002-12-31,OMC,2002,Q4,USD,1.0,0.1573380780566771,0.1828340440192652,0.1573380780566771,0.12798718169568798,0.09508670997642583,0.09508670997642583,0.09508670997642583,0.5341783161689629,0.0,0.0,3.799017454525895,0.17926230913174349,0.8241898120395513,0.7360522457410779,0.028144339209038055,0.09751424221919537,14.737096800579728,0.25053064560985544,0.25053064560985544,4.623162652422587,5.60520819748495,9.836839642325875,9.630120308479954,0.1717920486316099,0.7904265088108771,0.4414738638648976,0.43087580931914726,4.6010657367842684,-2.333721213910172,0.1803156184553194,0.5820496544107757,0.9789851881943414,3.307974314068885,0.0,14.398984238178635,0.6073596881236001,47.58548443106841,19.461464415338487,0.1858949541876371,0.003153520613712811,0.3153520613712811,5.762497816672174,0.5479369586336941,5.522361671876919,1.8925465256607488,7.456554060763482,-6.001750078129848,6.986559294658268,3.3540598627368885,0.07048493680032883,3.2835749259365596,0.7429393218651474,0.8134533183352081,4.623162652422587,0.17097094959371267,0.38375647620627984,34.177250632297095,0.10185871582292379,Communication Services
2003-03-31,OMC,2003,Q1,USD,1.0,0.10437502742296405,0.14164444868873063,0.1152946581356514,0.11102674158405364,0.05962075008581775,0.06637467124705446,0.05962075008581775,0.48101676616851186,0.0,0.0,3.463256050099129,0.1639632931176119,0.8912012635201565,0.7834750737615707,0.0196823013572342,0.05669132127746902,19.623766707074754,-0.4607319139921898,-0.4607319139921898,3.740948383934975,5.210084255243916,-14.569099187118024,-15.205334295052381,0.21007380885195015,0.9199458124153319,0.4791519669287025,0.4686926582469921,4.37915519998814,-2.0577083936343383,-0.10613447798009457,-0.34264845179623643,1.0436701747831405,1.9533120862956608,0.0,-6.50937974993871,-0.26743823442434184,-22.89892369256244,-10.027251166936056,0.2893905929198034,0.003686736053780547,0.36867360537805466,5.199532036882914,0.3451172295866308,6.661768487732368,1.0216526411349145,7.722043639706512,-5.7071993098299565,7.241479223914061,-1.781611602502862,0.07780329007697112,-1.8594148925798333,0.5978259858847159,0.9629825299748381,3.740948383934975,0.24591245801891354,0.34967873315789966,44.53605201548834,0.09987367969691502,Communication Services
2003-06-30,OMC,2003,Q2,USD,1.0,0.1566149090861723,0.18123310078399335,0.1566149090861723,0.1505893441661999,0.08873984186148644,0.08873984186148644,0.08873984186148644,0.5146654567264813,0.0,0.0,3.776964031558047,0.17073551027248873,0.9009829929943216,0.7975869803736281,0.025866219087716424,0.07961485208678615,17.573529388732197,0.272389705525349,0.272389705525349,4.491109665300192,6.237888875617118,49.77242270150783,44.61656115547792,0.021424029732253245,0.09034275529962577,0.08285720692920971,0.05818034297474646,4.216888999347187,-3.2300308350714375,0.04574529555243543,0.13981106374109797,0.8964112802595458,3.2711977676687147,0.0,3.5234840313276745,1.1142027717427574,9.653560759371688,4.378533131301358,0.19662170309362664,0.002797128834286649,0.27971288342866496,5.747136685959854,0.5100000006684247,0.7211553533229296,1.4533664506563229,8.47437350059814,-6.3975138880264355,7.982437008160597,0.8035132935295356,0.08323491337116037,0.7202783801583752,0.5892836731100147,0.9615262368370242,4.491109665300192,0.02011590943718074,0.3415427581072189,33.76890467050174,0.10027706870917638,Communication Services
2003-09-30,OMC,2003,Q3,USD,1.0,0.11555291991582385,0.14153237474261846,0.11555291991582385,0.10390352375501762,0.06668086362881254,0.06668086362881254,0.06668086362881254,0.5027666250297407,0.0,0.0,3.5441666171655792,0.15997567010709268,0.9070570240171743,0.8003546798029557,0.020051899762583016,0.08646796112782963,24.951388874132284,-0.8483472217204975,-0.8483472217204975,4.3306999629693435,6.655120635461941,63.47696211044502,54.40674164978117,0.20416913991399685,0.8304974919941733,0.4537004260461543,0.4474370588795196,4.067693542442349,-3.2286889100923037,0.03805056448985068,0.12232161738891247,0.8571100418308871,3.2713850625357512,0.0,3.8362784657483417,0.09584446855493245,6.998392418986378,3.4201480297162075,0.27423873910504254,0.002747730201397251,0.27477302013972515,5.398850294094789,0.36000000021290907,6.890289131665224,1.564115356254051,8.799727067576297,-6.290593413888233,8.296580300465934,0.6603961000142804,0.09436397110608578,0.5660321289081945,0.6417574805839291,0.8991856184223437,4.3306999629693435,0.19176980605803573,0.3582425194160709,54.075275889492985,0.09872594613620324,Communication Services
2003-12-31,OMC,2003,Q4,USD,1.0,0.14774816763286258,0.17497629734147152,0.14774816763286258,0.13604408215644712,0.08829918660775851,0.08829918660775851,0.08829918660775851,0.5532114790286976,0.0,0.0,4.199170235725441,0.17283738093346399,0.9386131300162912,0.839858457205179,0.0266933098507466,0.19693633124971496,18.58379053412614,0.2908767214037135,0.2908767214037135,4.745745340137026,6.563734353009201,14.636493857997202,14.066589201432569,0.1787227051828703,0.7476450920194954,0.42780144288652583,0.4225789125943291,4.1832686633435845,-4.629560080138256,0.15064416451593038,0.4666187559057129,0.9610627611985609,5.819774764086371,0.0,21.34391370215562,0.45125303795426536,25.68235526662567,14.081487903857038,0.1695167252645945,0.002280437956848797,0.22804379568487967,6.653224772873252,0.587474335763297,6.879775215150642,4.112216810520162,9.699305301151057,-6.25012565818573,9.201926540529268,3.104519466279186,0.12088141582222883,2.9836380504569573,0.6490483467426151,0.9207835490352829,4.745745340137026,0.15754007820358693,0.35095165325738487,39.93556507059309,0.09958672557558697,Communication Services
2004-03-31,OMC,2004,Q1,USD,1.0,0.10276059872725643,0.1372232679035583,0.10276059872725643,0.09809984762929103,0.06076902393116429,0.06076902393116429,0.06076902393116429,0.47246395223273835,0.0,0.0,3.6036821705426356,0.15895087011960138,0.9294097826697366,0.8162239568708934,0.020756209769581653,0.07290672207558825,27.868055580217554,-0.7148762083621025,-0.7148762083621025,4.175935394289582,6.774058145877028,-18.17219685827122,-19.221303848817396,0.18624762257538305,0.7223250545625328,0.41938950644017775,0.4130914161559166,3.878304831892146,-4.557072151600153,-0.1104060201044533,-0.35242448686923006,1.0577314343845372,3.476831091180867,0.0,-11.754857997010463,-0.30077258471659146,-17.3215859030837,-9.474698795180723,0.27728613569321536,0.0024874908736909687,0.24874908736909687,5.924070791217637,0.35999999968141594,6.941415923060694,1.4450442465088105,10.089557513195082,-5.969734507991386,9.609823000345289,-2.0877876087718694,0.12053097334466285,-2.208318582116532,0.6194609410689813,0.9546445704317488,4.175935394289582,0.172973235062564,0.3362265874828689,56.20814286972567,0.09982300876121858,Communication Services
2004-06-30,OMC,2004,Q2,USD,1.0,0.14274441398787274,0.17235650801561592,0.14274441398787274,0.13971260071434505,0.08559681036630949,0.08559681036630949,0.08559681036630949,0.5083500475034308,0.0,0.0,3.9621523778180023,0.1670076921476282,0.9012303664921466,0.7875916230366492,0.026196749487680727,0.08615183246073299,17.250000012554587,0.3268421055010342,0.3268421055010342,3.895496633525996,5.906179919573885,29.03409557033483,27.21703351263158,0.17973545670826022,0.709828521338958,0.4151460292539131,0.3925790349417637,3.949296006135978,-3.8298075393669477,0.06839005235602094,0.21700307334496222,0.9374162679425837,1.301854247520483,0.0,2.253126347563605,0.20163624435611469,15.978593272171254,6.985294117647059,0.20426977195536147,0.002960431475459326,0.2960431475459326,6.425473066648127,0.5499999995997089,6.915162537422249,1.8103833077556648,10.21596311726155,-6.238403682990002,9.742018430561364,1.3943474031579228,0.08726346427418961,1.3070839388837332,0.6126634958382877,0.9787605469886529,3.895496633525996,0.1822177216712055,0.33620689655172414,38.925301229759036,0.11234837449368143,Communication Services
2004-09-30,OMC,2004,Q3,USD,1.0,0.1066839154808107,0.13695558430357913,0.1066839154808107,0.10288917636912462,0.06265631737818025,0.06265631737818025,0.06265631737818025,0.5136895268474215,0.0,0.0,3.856643938134043,0.16412470363424042,0.8859647926694575,0.7665434910072678,0.021202908389661244,0.05851071082809496,23.12025314784928,-0.8477426154211404,-0.8477426154211404,3.686655636514033,5.794519676382062,156.06842194576075,120.7321754674753,0.18292933224813335,0.7091278224368296,0.4149062540130988,0.3929213857428381,3.876512387171116,-2.9153309447482556,0.015176513901577648,0.04799482535575679,0.7735849056603774,1.0518617021276595,0.0,0.4933510638297872,0.04306109026192595,4.416666666666667,1.6587183308494784,0.28836889194769444,0.0031181415932562944,0.31181415932562945,6.304232626716755,0.3950000002854439,7.026541643068045,1.232302134407376,10.781080530846618,-6.256658641823463,9.908709573574773,0.30257054392133453,0.0685065382463399,0.23406400567499464,0.6089689857502095,0.9644300727566694,3.686655636514033,0.19234989441741157,0.33654652137468566,49.09663453882242,0.11390571240165244,Communication Services
2004-12-31,OMC,2004,Q4,USD,1.0,0.14158689182890538,0.16700727833351262,0.14158689182890538,0.13800150586210605,0.08479437811480406,0.08479437811480406,0.08479437811480406,0.5672707303679297,0.0,0.0,4.3826209930861095,0.17429260610908365,0.9257997003625384,0.8226191973833187,0.02620898983698247,0.13330436075435445,16.247302327103593,0.2707883721183933,0.2707883721183933,3.76834481610317,5.510719587479832,11.107058824570023,10.672092765893625,0.16154451832225167,0.6338048888126119,0.3879318106785918,0.36637616317907135,3.9234069679064407,-3.7561106996161873,0.16470911149487072,0.5163672869384389,0.9608387723927232,1.4838994265549184,0.0,6.35288928098809,0.5571157788866968,25.5354609929078,14.710929519918285,0.17547568710359407,0.0027000741964847176,0.2700074196484718,7.6505435144597245,0.6487230795488598,7.090968426815042,4.771749129738675,11.722549483128995,-6.165749421606457,11.187935833217482,3.9504903981660378,0.15470605364294163,3.795784344523096,0.614445310470252,0.9746771334515067,3.76834481610317,0.1681918507309071,0.33619121849831124,36.04432804087591,0.11383512812379569,Communication Services
2005-03-31,OMC,2005,Q1,USD,1.0,0.10707449022055764,0.13524760715771952,0.10707449022055764,0.10203911776945485,0.0626300457761132,0.0626300457761132,0.0626300457761132,0.42713165893457045,0.0,0.0,3.894020418084589,0.15967307883982856,0.8972873517491733,0.8972873517491733,0.019824649071003498,0.07311221064670927,26.987804897774083,-0.7509650058511049,-0.7509650058511049,4.217172887335496,6.760989824577611,-21.74629707998929,-22.659216943458855,0.1707432140602678,0.666995457495133,0.4001183413525171,0.3796895630051847,3.906424399740428,-3.258305084745763,-0.08913697506153807,-0.2983770287141074,1.0419804741980474,1.1295508274231678,0.0,-3.3900709219858154,-0.27903175591531754,-23.82059800664452,-10.0,0.2764119601328904,0.0025605265154011137,0.25605265154011136,6.5463787327568,0.40999999970033224,7.000239197541354,1.6492624572663197,11.014152815870055,-6.6482657758717,10.495182716581594,-1.9532890351171974,0.08199999994006645,-2.035289035057264,0.613784665579119,0.9529731830547998,4.217172887335496,0.15816175322054574,0.351141924959217,56.08664168756923,0.11332890357165329,Communication Services
2005-06-30,OMC,2005,Q2,USD,1.0,0.1460356296352932,0.17096108265157886,0.1460356296352932,0.14056885082957413,0.08632158421897698,0.08632158421897698,0.08632158421897698,0.46183724995144687,0.0,0.0,4.341576763485477,0.1777750592968649,0.8975781776694498,0.8975781776694498,0.027122751421381302,0.04453404553233418,16.100806434499557,0.3143490780068961,0.3143490780068961,3.8193692374629022,5.5593884745164,132.56379554822243,99.06163740899183,0.16927301024187683,0.6541562705187131,0.3954621955479343,0.38244071755279463,3.864504267892318,-3.2369756218289814,0.01903230825079085,0.056120498509060326,0.747275204359673,2.4314759036144578,0.0,1.105421686746988,0.0589392540249729,3.9568733153638815,1.8844672657252888,0.18069087688219662,0.0028056184268979577,0.2805618426897957,7.182444648909596,0.6200000006589903,6.838945977153884,1.002488929320626,10.942258647591418,-6.823569537810703,10.45460585699338,0.4030823742105393,0.10186891064857634,0.30121346356196294,0.6140875713897199,0.962565445026178,3.8193692374629022,0.17127337784006721,0.33804732118574926,37.31987560742397,0.11202834378603545,Communication Services
2005-09-30,OMC,2005,Q3,USD,1.0,0.10880336121130445,0.1336557136628483,0.10880336121130445,0.10234254231241825,0.06409290895398152,0.06409290895398152,0.06409290895398152,0.4468314972902129,0.0,0.0,4.2062354118039345,0.1700812350423029,0.8990339911147845,0.8990339911147845,0.020747425063333273,0.051089988635189584,23.233333311781077,-0.8473333325473099,-0.8473333325473099,3.917547377684507,5.956367666597963,65.16617513469211,56.53619257358916,0.17343850069100347,0.670690059699158,0.401444933370783,0.38070713593800454,3.867019473917464,-3.2102048606692963,0.03432689327409856,0.10535494867018114,0.8675696012039127,1.1663560111835973,0.0,1.238583410997204,0.1033155828507016,7.551136363636363,3.4699738903394257,0.2560296846011132,0.0027549822615346217,0.27549822615346214,7.021057520427697,0.4500000004174397,7.159647502003383,1.141001856346013,11.180983312783843,-7.0703154054455615,10.675046392091879,0.7397031546750493,0.09795918376434061,0.6417439709107087,0.6262587141750581,0.9406193078324225,3.917547377684507,0.17120151846014786,0.336560805577072,51.02141158380782,0.11521335817737788,Communication Services
2005-12-31,OMC,2005,Q4,USD,1.0,0.1449615567802953,0.1676192420221814,0.1449615567802953,0.13934816629244062,0.08593590528679322,0.08593590528679322,0.08593590528679322,0.4975203534131108,0.0,0.0,4.828979793001478,0.18463683817109405,0.9157615254646392,0.9157615254646392,0.027053369381891533,0.0960656529085204,14.853710749079571,0.24756184581799293,0.24756184581799293,3.801466398396657,5.1058683203612985,12.149428754853073,11.583968308791293,0.2061759181904409,0.8313829787234043,0.45396456578565203,0.3738799460788201,4.032396149949341,-3.88116458704694,0.14891440525039368,0.4407702252160305,0.9534578573633837,0.3836505190311419,0.0,1.4009515570934257,0.3947232123815617,21.485903814262024,12.891542288557213,0.15914489311163896,0.002678537636150962,0.2678537636150962,8.337465310305474,0.7164876292383353,9.310084502965115,3.431822575674829,11.689016310733095,-7.07269162116306,11.198310214698921,3.674906462554185,0.1710380207564197,3.5038684417977657,0.61669921875,0.9612766956113589,3.801466398396657,0.21870059908304237,0.336669921875,35.42660714607267,0.11402534717094646,Communication Services
2006-03-31,OMC,2006,Q1,USD,1.0,0.11096804401264193,0.13434000546256195,0.11096804401264193,0.10507628077568379,0.06465332240820945,0.06465332240820945,0.06465332240820945,0.44548930992525637,0.0,0.0,4.22920792079208,0.15382814750792279,1.0026976116834492,1.0026976116834492,0.017746312684365783,0.211960186972396,22.143616990540135,-0.637736169327556,-0.637736169327556,3.8935639584374586,5.726633634293184,217.4339161678519,145.31474595376238,0.2025593008739076,0.8952911526727683,0.47237657993085397,0.4707170839242337,4.419896538002388,-7.222488375369875,0.01174391293225739,0.03940848257832923,0.6683168316831684,11.3125,0.0,4.508928571428571,0.029927699419224844,3.014925373134328,1.2833545108005082,0.2727821363910682,0.003079692632278662,0.3079692632278662,7.269541349861162,0.47000000065238384,9.572456259515178,5.280621612640573,11.19916115012557,-7.794568508103505,10.692003635842854,0.2864815936384476,0.0950211226424554,0.1914604709959922,0.6152989231340512,0.9469057665260197,3.8935639584374586,0.22994129857110682,0.33754177497215004,47.135316123526,0.1282076042817607,Communication Services
2006-06-30,OMC,2006,Q2,USD,1.0,0.14783594248069704,0.14783594248069704,0.14783594248069704,0.1388042785294326,0.08645604590210385,0.08645604590210385,0.08645604590210385,0.4685829986390945,0.0,0.0,4.569347790904677,0.17160083387527122,0.9495753530999803,0.9495753530999803,0.02441669899530509,0.12652507907817442,15.468750010139287,0.2908125001906186,0.2908125001906186,4.156444358495238,5.349467843699086,327.62879631019524,176.44494754556075,0.19678119283061757,0.8909956519346139,0.47117805428218,0.4698433077529106,4.5278496339919645,-13.705825242718447,0.009918083121878874,0.030318056244244527,0.5385514018691588,16.514450867052023,0.0,4.9479768786127165,0.026438521172437224,2.1670886075949367,1.0178359096313911,0.18271200327734535,0.0029529212631528618,0.2952921263152862,8.327931170288943,0.7199999995280623,9.549954930241734,3.3483981952652857,11.275182294944575,-9.08804587687797,10.71829577339235,0.2524866856190173,0.11650962712559795,0.13597705849341937,0.622862975248788,0.9389075227599425,4.156444358495238,0.2143648693656955,0.33605511610104616,41.3257966217058,0.13155264227345997,Communication Services
2006-09-30,OMC,2006,Q3,USD,1.0,0.11080272501171466,0.1345925098222975,0.11080272501171466,0.10117867570197887,0.06383592257506399,0.06383592257506399,0.06383592257506399,0.4535244883279932,0.0,0.0,4.492066062176166,0.1699324386404425,0.9302598141035311,0.9302598141035311,0.01951309568721254,0.09379532821982664,22.499999994918124,-0.8099999998170527,-0.8099999998170527,4.322792361792145,5.745233030458134,101.3931297480916,78.24742266273931,0.18790388278747266,0.831986331091343,0.4541443988808124,0.4531324157570005,4.427722933391191,-5.354757768770508,0.023637397449435466,0.07342392675629889,0.7717231222385862,22.44,0.0,16.296,0.06640153861198944,4.380645161290323,2.2683741648106905,0.24449463579898362,0.0027166070650467278,0.2716607065046728,8.145883683375693,0.5200000001174477,9.00736307374531,2.4922416719350067,11.356024847285381,-9.013529081651841,10.826335406171957,0.5981027669335072,0.1365330322160436,0.46156973471746354,0.6309226932668329,0.913142485361093,4.322792361792145,0.1924650229432759,0.33095831848949053,48.7370112383503,0.12713721064418684,Communication Services
2006-12-31,OMC,2006,Q4,USD,1.0,0.1474410795348548,0.16948572849947144,0.1474410795348548,0.13991667184876563,0.08618866985883962,0.08618866985883962,0.08618866985883962,0.4852370966038533,0.0,0.0,5.0268834010628325,0.1770606240778666,0.9369372869338876,0.9369372869338876,0.024697927530987703,0.16894746554520643,15.54380680654762,0.2525868606063989,0.2525868606063989,4.451985892878361,5.3588001327964685,13.331507570467204,12.758141229624695,0.16880821827310563,0.7920595148916385,0.44198281826568264,0.4410482240831649,4.692067264226488,-5.144685275533872,0.1312050193762687,0.4200298488899944,0.9569916352061588,33.939655172413794,0.0,116.45689655172414,0.44056354564132666,23.2512908777969,13.401785714285714,0.15404040404040403,0.0024775205642596607,0.24775205642596607,9.754049172332747,0.840688523901075,9.29943441860702,5.849639339467509,12.34374589152152,-8.870901632073032,11.74082785922883,4.096991799920499,0.17620491788835663,3.920786882032142,0.616,0.9489666807254323,4.451985892878361,0.17791150599975167,0.33644444444444443,34.05205097615117,0.12949999989385247,Communication Services
2007-03-31,OMC,2007,Q1,USD,1.0,0.11106808420756178,0.13437301978455257,0.11106808420756178,0.10462578328522143,0.06442300922340351,0.06442300922340351,0.06442300922340351,0.44588506757499174,0.0,0.0,4.479735057561899,0.16568675485872938,0.9119288399428178,0.9119288399428178,0.01873430663519223,0.10888971250066183,23.268181837254097,-0.6739749221825327,-0.6739749221825327,4.677149907971771,5.9960251724530025,-44.68076890049842,-49.18368208163442,0.17893306269102446,0.8424044376098418,0.4572310077057219,0.4561772919373385,4.7079305799648505,-3.836056718433491,-0.03667072589611902,-0.12191086390199253,1.1007796708056599,21.630769230769232,0.0,-26.638461538461538,-0.11288587541154611,-9.922636103151863,-4.468387096774194,0.23278688524590163,0.00250112886853489,0.250112886853489,8.53732239737378,0.5499999995491803,9.219863380420877,3.200819669507525,11.548797804741422,-9.591639336400295,10.944699444580847,-1.0407923488736674,0.10489071029653767,-1.1456830591702052,0.6157469717362046,0.9419968304278923,4.677149907971771,0.18011063450714745,0.33815612382234184,49.9651797350537,0.128032786780301,Communication Services
2007-06-30,OMC,2007,Q2,USD,1.0,0.14766002367166758,0.14766002367166758,0.14766002367166758,0.1405585233997633,0.08851284347909535,0.08851284347909535,0.08851284347909535,0.47164345740106517,0.0,0.0,4.722918869919927,0.18005206713434935,0.9039809950394542,0.9039809950394542,0.02559613016188625,0.08083387403980995,15.56470589360318,0.2853529413827251,0.2853529413827251,4.673761220608264,5.510705506234606,74.09469455070968,57.6540042939759,0.1766481206298741,0.8320898559374915,0.454175243228835,0.4532198009226981,4.710437071000299,-3.574319689000686,0.03127027649287314,0.09558235501103611,0.7781124497991968,26.508474576271187,0.0,25.322033898305083,0.09742419302249755,4.506787330316742,2.769230769230769,0.1503433321286592,0.0024148116443120145,0.24148116443120146,9.60312612244082,0.8499999993856162,9.421575706959468,2.521431151050646,11.930104798026669,-10.223346577359345,11.32278640309159,0.9178894102508931,0.2036682325958307,0.7142211776550624,0.6297223486572598,0.9519064124783362,4.673761220608264,0.17803431041117665,0.33864360491579426,42.29119688700173,0.1277918322169918,Communication Services
2007-09-30,OMC,2007,Q3,USD,1.0,0.112916747275424,0.112916747275424,0.112916747275424,0.10669375120913135,0.06519636293286903,0.06519636293286903,0.06519636293286903,0.4334772946454778,0.0,0.0,4.4915278783490225,0.17103434584077823,0.9027495111536773,0.9027495111536773,0.01936237333276364,0.05758410152041183,19.47580643620178,-0.7197580639465874,-0.7197580639465874,4.068505371180618,5.07900697929967,100.58768994636014,72.85861353191488,0.16956190854344516,0.7941472738073715,0.4426321547852125,0.44117604607190797,4.683524033370354,-3.277915763885219,0.021569096931242267,0.06971045334365125,0.7243293246993524,13.154696132596685,0.0,11.94475138121547,0.07031580316778872,3.62751677852349,1.9816681943171401,0.24480712166172106,0.0031424516677095293,0.31424516677095293,9.509732945210471,0.6200000004906033,9.427863508943908,1.9476953526786907,12.542581612298779,-10.421028692716936,11.87168151285593,0.6629277947876778,0.18274975286468823,0.4801780419229896,0.6110607434270172,0.9448886350656768,4.068505371180618,0.19519386146881798,0.33877304321547297,52.111742563106795,0.15178041555037025,Communication Services
2007-12-31,OMC,2007,Q4,USD,1.0,0.14666703439146142,0.16682754626437574,0.14666703439146142,0.1427507653272291,0.08654403044761301,0.08654403044761301,0.08654403044761301,0.4905565927970344,0.0,0.0,5.130748549596717,0.18814634931012833,0.9356028217186833,0.9356028217186833,0.025900561658599938,0.15971925324212627,12.15438879137986,0.20932558474043095,0.20932558474043095,3.728569741413105,4.20755917453322,11.148924883762058,10.664189019250664,0.1592646211802799,0.7501283085270181,0.4286133221617093,0.4274459867905519,4.7099494097807755,-4.271292260572506,0.12742268775830126,0.39455031854160344,0.9565217391304348,29.410958904109588,0.0,97.98630136986301,0.4660997621607533,23.0,12.853548966756513,0.15646908859145953,0.0032183660420347627,0.32183660420347626,11.296335482975806,0.9776304019851094,9.562272124961428,5.735556309925387,13.501767482865096,-9.908399396027539,12.747515346725532,4.456972763160922,0.1937814244852575,4.263191338675665,0.6062596599690881,0.9732982324182023,3.728569741413105,0.20118392857061704,0.33906491499227204,27.330614665134735,0.15296893797791228,Communication Services
2008-03-31,OMC,2008,Q1,USD,1.0,0.11428929085560494,0.13219002315829004,0.1097828127933905,0.10634036427364336,0.07282343368592352,0.06531263691556613,0.06531263691556613,0.4491012072915349,0.0,0.0,4.410489993098689,0.17331077049909424,0.9154572790470573,0.9154572790470573,0.019902012149360673,0.07869318456495886,16.84534499281265,-0.5002556997865575,-0.5002556997865575,3.483488320245733,4.40085560493209,-25.577471807930156,-27.703888888888887,0.16692158330350265,0.7623671629220441,0.43258134795136693,0.4307570822228803,4.5672174193068935,-4.000751220733692,-0.04907809372794338,-0.15885335169305878,1.0831363278171788,6.373443983402489,13.811023622047244,-22.263157894736842,-0.1649337145827918,-12.028436018957345,-5.5596933187294635,0.23526593195975085,0.0034915570452865616,0.34915570452865613,10.038956958843858,0.6556707508639649,9.74866478165253,2.7109644989004082,13.550738297203896,-10.571159283694628,12.682689286836318,-1.5947219604147032,0.13257932767829092,-1.727301288092994,0.6141848145968216,0.9686431014823261,3.483488320245733,0.2188516489322591,0.33902295467922305,38.65102746212121,0.15425699026076028,Communication Services
2008-06-30,OMC,2008,Q2,USD,1.0,0.15229083378871983,0.16911616670022145,0.14863815467801778,0.14325980039690528,0.09833472346055394,0.08829704621933332,0.08829704621933332,0.4808192277906848,0.0,0.0,4.7446779475982535,0.18609368644158514,0.9215392497075967,0.9215392497075967,0.026710277204781148,0.08852329076972151,11.603745928338762,0.24330435011032894,0.24330435011032894,3.343359924917879,4.098305962207713,38.975382932166305,34.2451333813987,0.16488257081076452,0.7228061942749883,0.4195516574510391,0.4174889976218462,4.383763491318629,-4.124191922187296,0.040221163233545666,0.11967557306796284,0.8786349435231915,7.331010452961673,16.45859872611465,16.003846153846155,0.13507109004739337,8.239603960396039,4.21580547112462,0.15700325732899023,0.003382598565553637,0.3382598565553637,10.950866141732284,0.9669291338582677,9.801574803149606,3.020787401574803,14.261417322834646,-10.39748031496063,13.423622047244095,1.3105511811023622,0.15905511811023623,1.151496062992126,0.6163420999799237,0.9638157894736842,3.343359924917879,0.21619155894283268,0.3356755671551897,27.91530612244898,0.15181102362204724,Communication Services
2008-09-30,OMC,2008,Q3,USD,1.0,0.11694107713648151,0.1351848501296665,0.11259875761413667,0.10635667330076594,0.07276400699595922,0.06441107291478199,0.06441107291478199,0.5614967829326108,0.0,0.0,4.608393551973318,0.19125449847743842,0.8654362311781714,0.7731432065245551,0.018342543082262172,0.05498616537301678,13.950018726591763,-0.47828635634028904,-0.47828635634028904,3.2554615972905063,3.594142693444304,44.64005992509363,36.57224915618288,0.18653109716711266,0.883398885611275,0.46904502936697845,0.4548216093870987,4.735933573691685,-3.1430196189934603,0.033773070665409285,0.09827513418973524,0.8192697146363915,1.5353488372093023,10.638176638176638,1.811561978877154,0.10076368920631976,5.533106960950764,3.048643592142189,0.2247191011235955,0.004027218628302486,0.40272186283024863,10.728566806858622,0.6910384988676803,10.577159495308962,1.7877709479132966,12.654157230669686,-11.989647363312844,11.844710449692656,1.0543513426075704,0.1905532190229699,0.8637981235846005,0.6056138361213496,0.9445634708087841,3.2554615972905063,0.27135902519830696,0.33512900481996033,32.61788088333705,0.1552895503073439,Communication Services
2008-12-31,OMC,2008,Q4,USD,1.0,0.133001127128196,0.16829803642403748,0.133001127128196,0.12591208400071188,0.08038203713590793,0.08038203713590793,0.08038203713590793,0.0,0.0,0.0,4.685102834908283,0.19467156319290466,0.8780730352053474,0.8091796354390929,0.028750460744563215,0.1124951303028439,7.6240221402214035,0.25921675276752787,0.25921675276752787,2.3459861473827637,2.4513377232010445,7.518595342066958,7.125745818244525,0.1774528824833703,0.8723742477574656,0.4659187386294724,0.4643839990269268,4.916089474281821,-2.710346490875472,0.11890262656086609,0.3440113899270333,0.9477496120020693,2.9637630662020906,3.5987158908507224,61.36507936507937,0.37739164388910584,19.138613861386137,10.808946877912396,0.17232472324723247,0.005650715595975044,0.5650715595975044,10.981758957654723,0.8827361563517915,10.41628664495114,3.6234527687296416,12.226058631921823,-12.012377850162867,11.474918566775244,3.7778501628664496,0.1973941368078176,3.580456026058632,0.6383981154299175,0.9466993755575379,2.3459861473827637,0.37185822632870463,0.3347467608951708,18.04783221713077,0.1521172638436482,Communication Services
2009-03-31,OMC,2009,Q1,USD,0.2668025922959295,0.10478409670137624,0.12510012378941238,0.10281802956382437,0.09502657831500765,0.06488021553921211,0.0598922303939416,0.0598922303939416,0.0,0.35732916940220383,3.1623743718592965,3.9800028981307056,0.1765087688857185,0.8369594056778986,0.7601606406329144,0.01861443696186702,0.04973588364408211,10.935410334346505,-0.27494745983499785,-0.27494745983499785,2.1599675802239364,2.619784460787883,-28.58760429082241,-31.503940455341503,0.17765267629348294,0.8298261939783268,0.4535000082025034,0.4493172876648924,4.671059346201183,-2.1616559105934203,-0.02754528570394848,-0.08315735818830554,1.1020140105078808,3.4870041039671684,10.537313432835822,-4.93304535637149,-0.08262190710461582,-9.802575107296137,-3.262857142857143,0.2838905775075988,0.006490167465777221,0.6490167465777221,8.932032520325203,0.5349593495934959,9.077073170731706,1.3892682926829267,12.116422764227643,-11.75219512195122,10.83349593495935,-0.7427642276422765,0.07577235772357724,-0.8185365853658536,0.6302681992337165,0.9242209631728046,2.1599675802239364,0.38418455979431587,0.3398467432950192,27.786670547147846,0.15186991869918698,Communication Services
2009-06-30,OMC,2009,Q2,USD,0.2991953182150695,0.14059288675236006,0.1607621834395792,0.13867697774062077,0.13104817640296793,0.08841049221444247,0.08841049221444247,0.08130421151635489,0.0,0.3413591244591499,3.2760136785539813,4.073070374574347,0.1807131076334244,0.8284167176938131,0.7546854926821068,0.026860038260689726,0.048013543204985056,9.584119385342788,0.2308901488287127,0.2308901488287127,2.5209996113486204,3.3893468492005434,32.67225654801881,28.803428063943162,0.1547080967429212,0.6367664205207928,0.3890392743505723,0.38474414155906267,4.115921751522218,-2.0645091693635385,0.04055757663076757,0.11767164803009719,0.881586737714624,4.780979827089337,14.52919708029197,8.042857142857143,0.137451171875,8.445,3.891705069124424,0.18439716312056736,0.004809966250070146,0.48099662500701457,9.317429406037,0.8237585199610516,8.065563128854269,1.3369036027263876,13.894190197987667,-10.973060694579681,12.526777020447906,1.0963972736124634,0.12982797792924375,0.9665692956832197,0.6746411483253588,0.9449886963074604,2.5209996113486204,0.25236906254374447,0.3447634237107921,25.541707475622967,0.1518987341772152,Communication Services
2009-09-30,OMC,2009,Q3,USD,0.2775937411897378,0.10561742317451367,0.1267972934874542,0.1038906117846067,0.09370594868903298,0.06438539610938822,0.05835917676910065,0.05835917676910065,0.0,0.3478415801262472,3.0641255605381166,4.086994094771713,0.17514535780858445,0.8262289366647299,0.7484834398605462,0.01924224598018654,0.069424753050552,17.209667874396132,-0.5866932229907772,-0.5866932229907772,2.8254105633628273,4.017368198477587,36.351033163265306,33.167541460576075,0.1489254015085116,0.5980122437851637,0.37422256688639005,0.35657901031782735,4.015515403871415,-1.940637395705102,0.03994189424753051,0.12112348463490273,0.9124236252545825,1.2928468554968795,8.721893491124261,1.9696275071633238,0.1424486074270557,11.418604651162791,4.469440832249675,0.2826086956521739,0.004105376956062993,0.41053769560629927,9.195074530136099,0.5366169799092677,7.928062216461439,1.9873622812702527,14.491250810110175,-10.718405703175632,13.074206092028517,1.1137394685677253,0.09753726506804926,1.016202203499676,0.6227905227529146,0.9019674355495251,2.8254105633628273,0.21145322975619324,0.34035351635953365,36.728971650917174,0.15165262475696695,Communication Services
2009-12-31,OMC,2009,Q4,USD,0.2727356237369098,0.12407373384775552,0.14520178822953028,0.12235899320227815,0.11360156776287586,0.07857186600526671,0.07027374609590299,0.07027374609590299,0.0,0.3324654600428337,3.9089861751152073,4.821792411043851,0.18223618497045316,0.8716588147780808,0.8113959831391024,0.022522862403042285,0.1574014381353831,13.067058823529411,0.3147973262032086,0.3147973262032086,2.8596262038714597,3.673084695939739,9.663707403528559,9.382526398122799,0.12598280201108217,0.5382139792123581,0.3498953893839597,0.34613586058546625,4.272122628015638,-2.341662782777041,0.12680386808827177,0.3914814134362178,0.9709034024247165,6.721153846153846,11.68421052631579,71.82584269662921,0.5662842716038446,34.36827956989247,15.220238095238095,0.20392156862745098,0.00390144353410762,0.39014435341076203,10.658616187989557,0.7490208877284595,7.48009138381201,5.204960835509138,15.233355091383812,-10.425913838120104,13.690600522193211,4.172650130548303,0.12140992167101827,4.051240208877284,0.6185983827493261,0.9284284284284284,2.8596262038714597,0.18660237621253198,0.3361185983827493,26.71079713201181,0.15274151436031333,Communication Services
2010-03-31,OMC,2010,Q1,USD,0.25945205479452055,0.10160958904109589,0.12284246575342465,0.09965753424657534,0.09140410958904109,0.061952054794520546,0.05595890410958904,0.05595890410958904,0.0,0.33753746253746253,3.208784686155216,4.5096525096525095,0.17350485754181647,0.8501261491483579,0.7771545516561813,0.018106017399127632,0.09749759071369016,18.193671970624234,-0.6202388171803717,-0.6202388171803717,3.032124024682544,4.072391780821918,-39.232543714945564,-42.79015473191796,0.1334085979975638,0.5724922229588454,0.3640668071996108,0.3609685356275765,4.291269315110409,-2.180650461147829,-0.030091715303570073,-0.09517123287671232,1.0906801007556675,6.411483253588517,9.765100671140939,-23.158333333333335,-0.12377516479600927,-11.027777777777779,-3.854368932038835,0.28702570379436965,0.003944032082388391,0.3944032082388391,9.530026109660575,0.533289817232376,7.424934725848564,2.964751958224543,14.296997389033942,-11.10476501305483,12.799608355091383,-0.9069843342036553,0.08224543080939947,-0.9892297650130548,0.612214312476583,0.9171821305841924,3.032124024682544,0.18730368138813783,0.33982765080554517,36.900429328129356,0.15306788511749347,Communication Services
2010-06-30,OMC,2010,Q2,USD,0.29192424043140863,0.13862948835985794,0.1587531237669341,0.13659081941338946,0.1287978429567276,0.08838616335656978,0.08000131527028805,0.08000131527028805,0.0,0.3390380225143667,3.0282660666572916,4.838822593476531,0.18624304926144575,0.8085817172111588,0.7314525575946895,0.0251245915706789,0.05788754392815307,10.654428688861486,0.20914248907765137,0.20914248907765137,2.7523398720569103,3.409473234249638,149.40763688760808,96.6345759552656,0.13518114788232125,0.5859368778700926,0.36945788073041325,0.33544426608336714,4.334457038197117,-1.9315951602146781,0.011638248947893618,0.03528212547678548,0.646784715750233,5.329268292682927,13.892976588628763,3.0056022408963585,0.0486092235208843,2.8311345646437993,1.079476861167002,0.2527743526510481,0.005931203822202763,0.5931203822202763,10.060205094277208,0.8048296394310288,7.400926232219649,1.7965597088984453,13.925239827985445,-11.54945418458485,12.462123718160768,0.35494541845848493,0.12537214687396625,0.22957327158451868,0.6211386264998724,0.9429465575349061,2.7523398720569103,0.18683774251631563,0.34005616543272915,24.943227009113503,0.20344029110155476,Communication Services
2010-09-30,OMC,2010,Q3,USD,0.2617377946971215,0.10699258665598077,0.1278300941695051,0.10488879983971149,0.09493755426434249,0.06531757162893208,0.05830494890803446,0.05830494890803446,0.0,0.33534569062281955,2.945377031707967,4.698148729212425,0.16379418794816958,0.9333721714601092,0.8566566505181824,0.017321016166281754,0.17265591463788557,16.91919243986254,-0.6152433614495466,-0.6152433614495466,2.8699999999999997,3.945890603085554,65.97634840871022,55.19086408220457,0.1761610703014325,0.7822549305353153,0.43891304051567887,0.41365461847389556,4.440566404352473,-2.478255472338313,0.02188221827027248,0.0714953583116276,0.8365249883232134,2.9293032786885247,8.700831024930748,3.48130081300813,0.06647623187505822,6.117142857142857,2.2348643006263047,0.34822451317296677,0.005145406827345536,0.5145406827345536,10.005345806882726,0.5833611760775143,10.881389909789508,5.674239893083862,15.368860674908118,-11.30304042766455,13.75609756097561,0.7153357834948213,0.11693952555963916,0.5983962579351821,0.6141399929651776,0.9051257561286215,2.8699999999999997,0.2510163024768025,0.3408371438621175,34.86876698014629,0.20314066154360175,Communication Services
2010-12-31,OMC,2010,Q4,USD,0.2506691201070592,0.12442845990855358,0.14321958291513326,0.12256049960967993,0.11361101817776291,0.07764581242332999,0.06872421099587377,0.06872421099587377,0.0,0.3478367780092922,3.7983323911814586,5.490280116332466,0.18331706369690434,0.9247942956155709,0.8606018270722392,0.020288393797788247,0.2076276183650697,13.173306288032453,0.26346612576064904,0.26346612576064904,3.6276721128334026,3.6213003234080516,9.351918784649722,8.991955694011768,0.1623317881437793,0.8870828096634549,0.47008154868500895,0.46600348988083695,5.464627845273006,-4.844081301911,0.1310429915359563,0.4027266644362663,0.961509172724126,9.310945273631841,11.329896907216495,1031.7857142857142,0.4547887412631446,25.980215827338128,12.44186046511628,0.24543610547667344,0.00465783039030309,0.46578303903030904,12.647390691114245,0.8691819464033851,11.33638928067701,8.110014104372356,14.436530324400564,-14.080042313117067,12.625176304654444,5.093441466854725,0.19605077574047955,4.8973906911142455,0.6049079754601226,0.9269790718835305,3.6276721128334026,0.24066740165433817,0.34208588957055214,27.01261436636169,0.21332863187588152,Communication Services
2011-03-31,OMC,2011,Q1,USD,0.23260241804969378,0.1053216133024466,0.1260114873226922,0.102211785612287,0.09202551328023355,0.06889220321771967,0.06406879700441087,0.06406879700441087,0.0,0.3495663486556808,3.0112065745237206,4.763149939540508,0.16439992696350783,0.8815993228750878,0.8043551443218652,0.017842708938722886,0.1454472006078735,17.228103021297674,-0.8816735075605275,-0.8816735075605275,3.947516313907961,4.4151353409703935,-64.41396296296297,-78.6513058224986,0.16586065680674023,0.9020314361913409,0.47424633422336254,0.46917075815536613,5.438489473982863,-3.059514563106796,-0.017014687070184383,-0.05613556310094247,1.2210288298473715,3.0957854406130267,7.687350835322196,-2.8304,-0.055641178875853174,-4.524296675191816,-1.8237113402061855,0.2867756315007429,0.004161451077147409,0.4161451077147409,11.111777150916785,0.7119181946403385,11.358251057827927,5.351904090267983,14.805359661495064,-16.372355430183358,12.428067700987306,-0.6237658674188998,0.13787023977433005,-0.7616361071932299,0.6962068965517242,0.9003415088481838,3.947516313907961,0.22839107232903838,0.25482758620689655,39.235749181566355,0.2041607898448519,Communication Services
2011-06-30,OMC,2011,Q2,USD,0.2909330733497735,0.1426277455984401,0.16232723518953948,0.13996100246602053,0.13204679704077538,0.08808854734185927,0.07888398233641108,0.07888398233641108,0.0,0.34557549331991727,3.160531697341513,5.256858607175158,0.18204596825131678,0.8724842585081315,0.7969250975393054,0.023041659964613156,0.09525051183991966,12.197557251908396,0.30493893129770977,0.30493893129770977,3.776325014770841,3.8487675632276193,-105.10722004698512,-156.6183430571762,0.1677272181534398,0.9040036012716991,0.4747909093595768,0.4696420311264306,5.389725121683594,-2.733714823234303,-0.00827635492718353,-0.024574181338533004,1.4900816802800467,4.0476190476190474,13.227642276422765,-1.3411580594679187,-0.026672061249260838,-2.0404761904761903,-0.7563989408649603,0.25917848055252635,0.005312098053730717,0.5312098053730717,12.513096519555077,0.9870828848223897,11.661284535342663,3.599928238249013,15.198780050233225,-16.897021887334052,12.753139576605669,-0.30749910297811267,0.15069967707212056,-0.45819878005023323,0.5973941368078176,0.9434542102028273,3.776325014770841,0.23925302215912275,0.3433224755700326,27.64351174704116,0.2558306422676713,Communication Services
2011-09-30,OMC,2011,Q3,USD,0.25916176166109617,0.11278062054482534,0.11745393238486794,0.11044396462480405,0.10100860717560413,0.0677038658345411,0.060250229228903544,0.060250229228903544,0.0,0.3604870396223428,3.1344012013515203,5.348679006486315,0.17854351499788762,0.8797949200560735,0.8014586948210451,0.01533409306998793,0.08828632767696967,12.528674521354935,-0.49112404123711356,-0.49112404123711356,2.961693164674481,3.019422047383833,44.38419130434782,38.800319270239456,0.1690747782002535,0.9288615527445747,0.4815594729558992,0.4801990649977379,5.493791342694673,-2.655226576611953,0.025791841896303267,0.07781951551362064,0.8741923223109084,6.862745098039215,9.381909547738694,263.1,0.08217766116941529,7.948640483383686,2.556851311953353,0.3426607756504664,0.0068375304799084356,0.6837530479908436,12.201010465535907,0.7351136773727897,11.697582100324793,3.2912306026705163,14.818837964633707,-17.05954529050884,12.438830747022735,0.9494767232046193,0.11945146156622158,0.8300252616383977,0.5964860907759882,0.9145688269951794,2.961693164674481,0.31201865450722566,0.34289897510980966,31.501798035759254,0.2518946228798268,Communication Services
2011-12-31,OMC,2011,Q4,USD,0.25905162345246435,0.12888992706792288,0.14708401463832438,0.12650211528978172,0.11863790910742558,0.0797321498092346,0.07057021983441045,0.07057021983441045,0.0,0.35419354838709677,4.458535061689833,5.6419680773173235,0.18789684668428805,0.8929397652300574,0.8380772855796419,0.020951389101601985,0.15261759917744838,11.202385068039721,0.31452850383342285,0.31452850383342285,3.476789658419656,3.1622191076851203,9.797920386007238,9.266591116519622,0.15571995669433417,0.9111948177952801,0.4767671036521635,0.475969015432468,5.85149673258568,-3.112574221432322,0.1126552994602005,0.3412494484673882,0.945771219957408,10.196517412935323,12.339240506329114,1878.2857142857142,0.4117628636747988,18.44039270687237,9.298444130127299,0.257815373299007,0.005753582199976132,0.5753582199976132,14.097694840834247,0.9948774240761068,11.828027808269301,6.604463959019393,15.30150018294914,-17.353823637028906,12.822173435784851,4.8108305890962315,0.260885473838273,4.549945115257958,0.5948370159702472,0.9378334017234304,3.476789658419656,0.2612996332645366,0.3430321592649311,23.990848773601552,0.25649469447493595,Communication Services
2012-03-31,OMC,2012,Q1,USD,0.26393130348018023,0.11241798445862183,0.13337163244943004,0.10960602303994195,0.10077706890817283,0.06833368608835001,0.061863151210957576,0.060502524718047956,0.0,0.3366895330825404,3.435021871031466,4.811318009892348,0.16683733952127525,0.885278636631331,0.8200640459363958,0.01762208067940552,0.1382784893992933,16.914277859237536,-0.6440436569478907,-0.6440436569478907,3.867740989103101,4.185482115320655,-300.274295010846,-27685.29,0.16106641107776123,0.8921207041072925,0.47149249102910556,0.47054646587177135,5.538837664151997,-2.649867799054563,-4.601001177856302e-05,-0.0001511807214344027,92.2,8.52956298200514,9.415584415584416,-1.25,-0.00015659745059350434,-0.010964912280701754,-0.004332755632582322,0.3411534701857282,0.005042388936507438,0.5042388936507438,12.101353823637028,0.7486278814489572,11.823637028905964,5.5195755579948775,15.66227588730333,-17.405049396267838,13.09549945115258,-0.0018294914013904135,0.1668496158068057,-0.16867910720819612,0.6138613861386139,0.919448275862069,3.867740989103101,0.22981157141572295,0.32793279327932795,35.21388574019497,0.25539699963410173,Communication Services
2012-06-30,OMC,2012,Q2,USD,0.286352148272957,0.14476270710474587,0.1489469250210615,0.1422072451558551,0.13240662735186745,0.08823364223532716,0.07938781241224376,0.07759056444818871,0.0,0.34060661296591654,3.6371833404894804,5.100257805786308,0.17710690572700372,0.9221407322868529,0.8567793597635128,0.018975789936087412,0.15578401841007317,11.561195613724797,0.28132242660063667,0.28132242660063667,3.9981039175509956,3.6712721145745575,144.2980132450331,82.84790874524715,0.19590182279362395,1.2045934126425886,0.5464016202419265,0.5455947748749305,6.148964800146794,-3.4256854256854257,0.014761735486164381,0.0443133951137321,0.5741444866920152,10.439093484419264,14.510028653295128,394.5,0.040061946228642516,2.3482142857142856,1.0457256461232605,0.29607357622921826,0.006402313093762908,0.6402313093762908,13.237918215613384,1.0509293680297398,14.772490706319703,6.245353159851301,14.660966542750929,-18.962453531598513,12.155762081784387,0.5866171003717472,0.24981412639405204,0.33680297397769515,0.599575821845175,0.9310821484992101,3.9981039175509956,0.3003426805574678,0.34337221633085896,28.93476621417798,0.31115241635687735,Communication Services
2012-09-30,OMC,2012,Q3,USD,0.26149239711148947,0.11589267891739564,0.12170492573240181,0.11369107027534786,0.10186109317207773,0.06857277050431515,0.05985440028180591,0.058533435096577234,0.0,0.3385911550160157,3.5929734361610968,4.8665714285714285,0.1637945956341956,0.971491842798677,0.9060660424959354,0.013799195444833061,0.182794191848405,16.89294752329573,-0.6214191410355215,-0.6214191410355215,4.102271184422081,4.0444689719955385,142.18666666666667,96.48380952380953,0.21454466775651504,1.3285595188471386,0.57054995077167,0.5699175331660093,6.192461144524504,-5.990152980481801,0.013343050961484554,0.041918628544589914,0.6785714285714286,7.27027027027027,9.610421836228287,357.0,0.03200286860446875,3.111111111111111,1.1173708920187793,0.40166748406081415,0.005944307284251403,0.5944307284251403,12.77794448612153,0.7648162040510128,16.88822205551388,7.399849962490623,15.166541635408851,-19.24981245311328,12.597899474868717,0.5356339084771192,0.17216804201050262,0.36346586646661666,0.5876080691642651,0.8959462948618642,4.102271184422081,0.32305386718196577,0.3420749279538905,39.27565846599132,0.3072018004501125,Communication Services
2012-12-31,OMC,2012,Q4,USD,0.2675556456928459,0.14123105004309688,0.15950920245398773,0.1389240987679359,0.12870760026365158,0.08710642397201238,0.0778532677584546,0.07214926735283679,0.5668994854991234,0.3482348403582147,2.8651328837762793,5.449848024316109,0.1780705041102569,0.9819464793950723,0.8970343050573435,0.02084020312603047,0.22552585931053065,10.615076522305438,0.18514668352858324,0.18514668352858324,3.7677877947295424,3.3056735790701213,12.033554817275748,11.326928422515637,0.20112495993571658,1.2873613037447988,0.5628150225489824,0.5624391539074254,6.40080328247804,-15.18614051973051,0.09693662742720491,0.29184201186432085,0.9412786657400973,9.879518072289157,11.093117408906883,2878.0,0.25838888514802594,17.02958579881657,5.005217391304348,0.5288179746011071,0.012454407970821101,1.2454407970821102,15.113409961685823,1.1766283524904215,17.259386973180078,10.340613026819923,15.158237547892721,-20.47509578544061,13.259770114942528,4.410727969348659,0.2590038314176245,4.151724137931034,0.6048847744731141,0.9264598540145985,3.7677877947295424,0.3411848252548399,0.27023832972227696,23.548251748251747,0.6222222222222222,Communication Services
2013-03-31,OMC,2013,Q1,USD,0.2545823648827562,0.11174203418753126,0.13266056665391746,0.10935891023566448,0.09732560534290506,0.06613904498514225,0.060343052163935394,0.05875430286269087,0.5383799024266616,0.347320657463638,2.131045504247624,4.800706214689265,0.16256223604979841,0.9687388630486233,0.8600970456809189,0.013362163916940093,0.1893213198943646,18.73193564115066,-0.5262781918228043,-0.5262781918228043,4.8431124137279005,4.521368678101739,-61.99144816458249,-73.28412017167382,0.21323110917673843,1.4050297816015884,0.5842047330764997,0.5835498858177809,6.589234502536951,-12.21527403414196,-0.019162409876362706,-0.06169643119832887,1.1821649976156414,8.27360774818402,9.0880195599022,-524.25,-0.04703586568871543,-5.489528795811518,-3.426470588235294,0.1121404193076548,0.001496647509578544,0.1496647509578544,13.022605363984674,0.785823754789272,17.23831417624521,8.008812260536398,14.015708812260536,-21.037164750957853,12.157471264367816,-0.803448275862069,0.14636015325670498,-0.949808429118774,0.6200120918984281,0.8899650255582459,4.8431124137279005,0.28935402090621354,0.3301088270858525,39.374983366600134,0.08812260536398467,Communication Services
2013-06-30,OMC,2013,Q2,USD,0.2854550453670608,0.14613692603794337,0.16560351938410778,0.14379983502886995,0.13260929337365962,0.0884245257080011,0.07959857025020621,0.07745394555952709,0.5479885490432425,0.33327776139117943,2.0656545584611714,5.293261533983409,0.1771985383678441,0.9163719927675,0.8043127789010519,0.018500561246378344,0.12468936769067702,13.957637305699482,0.32144861673732134,0.32144861673732134,5.289440717347907,4.444031894418477,65.86366748166259,58.518986241853725,0.1973495736906212,1.325588244919331,0.5700012664818541,0.569207127953533,6.716955198481526,-5.678376268540203,0.024601188196417597,0.07594171020071487,0.88848660391021,8.154275092936803,12.85012285012285,21.083969465648856,0.0681874290228608,8.967532467532468,2.0087272727272727,0.368566493955095,0.006601520119107015,0.6601520119107015,14.113310050446255,1.1233993015133876,15.876212650368645,5.4893286767559175,13.617772603802871,-21.753201396973225,11.857586340706247,1.0717889018238262,0.11951882033372138,0.9522700814901047,0.6002488077959776,0.9221797323135755,5.289440717347907,0.250610284858996,0.3392079618494713,31.23633405279761,0.41404734187039194,Communication Services
2013-09-30,OMC,2013,Q3,USD,0.2610800744878957,0.11090101704626844,0.137086377309841,0.10869502936542043,0.0964331757627847,0.06437473141383757,0.05615241369431313,0.05477725254261567,0.5306485451062666,0.3423822861770055,1.941730030866521,4.975057012542759,0.1672432297755716,0.9314666144507538,0.8132420741584634,0.01564807651733596,0.13542018975737402,20.893122448979593,-0.6506715276967929,-0.6506715276967929,4.903813429931443,4.692797020484171,68.50777080719364,55.82892978868439,0.19424267397512313,1.2136634434032871,0.548260146328929,0.5471209512317475,6.248181301080741,-4.085083972145825,0.02611389002616729,0.08405672539750753,0.8149284253578732,5.243125904486252,7.512871287128712,15.774193548387096,0.0723729649728663,5.403314917127072,1.8314606741573034,0.5403061224489796,0.006465119368447581,0.646511936844758,13.518590240123935,0.7591014717273431,15.896591789310612,5.942680092951201,14.748257164988381,-21.14291247095275,12.93687064291247,1.1363284275755228,0.21030209140201395,0.9260263361735089,0.5822935234699941,0.8871903004744334,4.903813429931443,0.24749380471847487,0.3452168746286393,39.524990595611285,0.4101471727343145,Communication Services
2013-12-31,OMC,2013,Q4,USD,0.25755895616175056,0.1379216874892191,0.1567975160789532,0.13580246913580246,0.12599492373278134,0.08388161947709519,0.0740247899263202,0.07229984475493458,0.6118415101166963,0.36044216344255825,2.3392080745341617,5.503254678600488,0.18363523646187332,0.9490621207555161,0.8441564788193229,0.020648002307163297,0.22076610440066136,16.005394474034624,0.28199980739965763,0.28199980739965763,5.368490955783832,4.739183854513196,14.137078800352837,13.271742460837762,0.1828026082982257,1.1276518535060294,0.5299982944332927,0.5296094960476904,6.168685797230907,-5.816396732119823,0.11802699202619384,0.35708829255070107,0.9387895935408185,8.409506398537477,11.386363636363637,230.015873015873,0.35871475604624103,16.337091319052988,7.4503856041131105,0.3521970705725699,0.005501224464413161,0.550122446441316,15.692575406032482,1.1616395978344933,15.808584686774942,10.551817478731632,15.730471771075019,-20.240139211136892,13.853054911059552,5.603634957463264,0.34300077339520496,5.260634184068059,0.5875220027381185,0.9277808020322991,5.368490955783832,0.21005006114262617,0.34480735380402894,32.313817381738176,0.4091260634184068,Communication Services
2014-03-31,OMC,2014,Q1,USD,0.2510993090057678,0.11175832333961509,0.1295185883159157,0.10927417052138656,0.09813831306036205,0.06510193592598938,0.05867740277539832,0.05750671006795728,0.5830586355009489,0.35426965988599834,1.7619239553943302,4.784426229508196,0.16607628071073932,0.9238576906614956,0.7938296515639877,0.01637285565349256,0.18186979726247565,22.884014598540144,-0.6985646561659625,-0.6985646561659625,5.058668818071803,5.371098166866541,-39.78565989847716,-43.715221938182665,0.19154112073748453,1.0862444534086324,0.5206697861479562,0.504008216510384,5.67107704719645,-4.678645381070069,-0.03758636653476936,-0.1228656273199703,1.0987683011852196,1.0940642231592606,8.023060796645701,-1.6511895625479662,-0.10653099623687859,-10.124705882352941,-2.8995956873315363,0.5153284671532846,0.005629786514667748,0.5629786514667748,13.51678888460054,0.7931300656117329,15.773446545735238,8.06291007333076,16.23427248166731,-19.934774218448474,14.351601698186029,-1.660748745658047,0.16402933230412967,-1.8247780779621767,0.5979051498399767,0.8980925006532532,5.058668818071803,0.21472930774358795,0.33837649112598195,45.78430335097002,0.40872250096487844,Communication Services
2014-06-30,OMC,2014,Q2,USD,0.27804903252473584,0.14472086594848743,0.16037613991578187,0.1416724792683872,0.13296649358030432,0.0925882869616885,0.08401147020072851,0.08238394171898009,0.5955963810930576,0.34865384135539085,1.9103151274864993,5.250813890396094,0.18242268867168723,0.892931225711407,0.7690731599935654,0.023021516084952637,0.1299370930734648,14.027186346863468,0.23785229022942406,0.23785229022942406,5.279218817810953,4.713778191118345,94.15151702786378,75.15059308072487,0.19147572504406346,1.1755345311460232,0.5403428510632639,0.5227093834150384,6.139339756386888,-3.6239292234236764,0.020556933731828535,0.06272443101087602,0.7981878088962109,1.424373646767708,12.052747252747253,0.8740100791936645,0.05975879891705636,4.955102040816326,1.567462879276953,0.32564575645756455,0.00580383243661656,0.580383243661656,15.108899297423887,1.269320843091335,16.036299765807964,6.028883684621389,15.412177985948478,-21.646760343481656,13.490632318501172,0.9476971116315379,0.1912568306010929,0.7564402810304449,0.6318243637070138,0.9385485047410649,5.279218817810953,0.22267206033968917,0.31144355935496404,33.46466494845361,0.4133489461358314,Communication Services
2014-09-30,OMC,2014,Q3,USD,0.2497333048858545,0.11851930872626414,0.13540110945167486,0.11563900149349264,0.10726477490932367,0.07296778323021122,0.06502026882867507,0.06387347983784937,0.6111120165588279,0.3776817119995704,1.8410994764397905,5.254484304932736,0.1877748064461204,0.8638321309580779,0.7258674708585772,0.01931677320564859,0.07563677733334537,17.75164479081214,-0.7590358462278294,-0.7590358462278294,5.697727018398447,4.616866865799018,99.6053164556962,78.47417951042611,0.19082459461354326,1.254155284204983,0.556374839387922,0.5543184885290149,6.572293716881151,-2.7046561113715875,0.01991819634682582,0.058832942180499254,0.7878513145965549,5.058265582655826,10.274881516587678,6.981012658227848,0.05789266500459257,4.713675213675214,1.255549231644849,0.5287120590648072,0.007445958744882853,0.7445958744882853,14.914876690533015,0.9697692919649961,15.324980111376293,3.3822593476531426,13.967382657120128,-22.875099443118536,12.08552108194113,0.8774860779634049,0.18615751789976134,0.6913285600636436,0.6061660865241174,0.9275830258302583,5.697727018398447,0.22011501782293336,0.3341621084037792,39.95312980106362,0.5127287191726333,Communication Services
2014-12-31,OMC,2014,Q4,USD,0.2564420395222998,0.14092631880050535,0.1452647135944316,0.13811351338466307,0.1309623131748945,0.08891325594145551,0.07854401563729113,0.0771852875974351,0.6429567642956764,0.3545666382495027,2.673838505057432,5.925282485875706,0.1945806296005974,0.9278175290810954,0.8310933496944723,0.0197111588735854,0.19800018240458997,14.635834597875569,0.39725836765662254,0.39725836765662254,6.768431578947368,4.5982288860813805,14.093687440637101,13.364299570458638,0.21197883087427005,1.603578947368421,0.6159133177003315,0.6144532676776558,7.56480701754386,-3.5272207508302853,0.11967399325103018,0.344068079425997,0.9482471941249827,11.361702127659575,19.313333333333333,189.92105263157896,0.3158286289440287,19.322623828647924,7.145544554455445,0.3863429438543247,0.0065992639721140925,0.6599263972114093,16.847791164658634,1.323293172690763,18.47469879518072,9.599598393574297,13.33855421686747,-23.65582329317269,11.44578313253012,5.796787148594378,0.3,5.496787148594377,0.5997451765562432,0.9482222989299275,6.768431578947368,0.23585759068285533,0.3316345103749545,35.234870364292746,0.5112449799196788,Communication Services
2015-03-31,OMC,2015,Q1,USD,0.24455205811138014,0.1115819209039548,0.1302605788077943,0.10887236250432376,0.09901418194396402,0.06624005534417157,0.06027326184711172,0.05946615934509397,0.5940309241280115,0.33385136684415684,1.8583280153158903,5.090535583272194,0.17284639529669674,0.8987133887416978,0.7707509164156353,0.016434335172261765,0.13852393568758392,22.972587278813965,-0.6492252926621336,-0.6492252926621336,8.041126595522076,5.538531073446328,-69.5665170166546,-80.73223529411764,0.2293707338946739,1.926637371835112,0.6583109306183149,0.6578265290049117,8.399665201925089,-3.4920730786652574,-0.021594744673901208,-0.06860371267150928,1.1605042016806724,6.34018691588785,8.662844036697248,-24.04040404040404,-0.05169754762473663,-6.230366492146596,-1.4476885644768855,0.6035389765662362,0.006568034427742044,0.6568034427742044,14.079545454545455,0.8486201298701299,18.860795454545453,6.2191558441558445,11.496347402597403,-25.058035714285715,9.697646103896103,-0.9659090909090909,0.15503246753246752,-1.1209415584415585,0.6087336244541485,0.90945194598888,8.041126595522076,0.23959794053087205,0.32809315866084426,49.327886700597475,0.5121753246753247,Communication Services
2015-06-30,OMC,2015,Q2,USD,0.2668909153023415,0.14419362468136546,0.16067064357606498,0.1415394318450582,0.13244685044543136,0.0900586024754947,0.08249021102147006,0.08146532467873754,0.5852866986587917,0.32354476183848857,1.8458942632170978,5.3853665440135865,0.1831628600996366,0.8367652683921969,0.7163314420502359,0.021857954384874093,0.1080581410174678,13.53162233195285,0.2643386688102416,0.2643386688102416,6.419187320538007,4.464905526502509,144.5983404255319,91.3457258064516,0.21983105099756925,1.7255176061659363,0.633097215098629,0.5727315285647409,7.849289708327037,-2.404840901191266,0.014822134387351778,0.04887919480724253,0.6317204301075269,0.4193063257824984,12.049217002237137,0.1824960753532182,0.040726062490420614,2.7153284671532845,0.9647302904564315,0.39598598279706915,0.0073159369416852735,0.7315936941685273,15.56359918200409,1.2838445807770962,18.862167689161556,5.570961145194274,12.613496932515337,-24.706748466257668,10.825357873210635,0.7607361963190185,0.28016359918200406,0.48057259713701433,0.6228174603174603,0.9357593761604159,6.419187320538007,0.26880623979381185,0.3279761904761905,33.04122505724567,0.5083844580777096,Communication Services
2015-09-30,OMC,2015,Q3,USD,0.2357956078346733,0.1181675929423191,0.13489451249123185,0.1155506393999892,0.10586521340311876,0.07195273296282308,0.06456051367830357,0.0638860411158474,0.5870539603097927,0.3397828825046482,1.9464028035456606,5.361782149573267,0.18118715568525662,0.8277131485682455,0.7102261259879389,0.01771706249964395,0.11524271609522964,16.74350188048475,-0.7088082462738544,-0.7088082462738544,6.46766747376917,4.3238763287109485,35.30927517074246,32.522077922077926,0.22560650721258427,1.8625100887812753,0.6506562530838961,0.5924476168547087,8.255569007263922,-1.7724327555289898,0.03978396531819906,0.13295203151135812,0.9210633116883117,0.353765490943756,9.392543859649123,0.4911301574646203,0.1067752908803328,12.668380462724937,3.0363524337646335,0.5156707062264939,0.007699564731251497,0.7699564731251497,15.240953947368421,0.9839638157894737,19.16488486842105,5.879934210526316,11.939144736842104,-25.15625,10.189144736842104,2.026315789473684,0.15995065789473684,1.8663651315789473,0.6098369011213048,0.9161802474900771,6.46766747376917,0.28736722306525037,0.3284913353720693,38.42936,0.5074013157894737,Communication Services
2015-12-31,OMC,2015,Q4,USD,0.24907904557821492,0.14104447066188333,0.15599643656851178,0.13856451496400451,0.1297040907230395,0.08768930729781138,0.07984012712782607,0.07902150097512821,0.5751776094392665,0.31785568691398286,2.7779460229803155,5.995813483470478,0.1878411809666813,0.8425342485020676,0.7635798475343891,0.021018349435261922,0.18321190469492812,13.689987937273823,0.3238850804672101,0.3238850804672101,7.404338607078779,4.37204150916139,10.84472049689441,10.487092116661852,0.2067234415916276,1.8638068830533354,0.6508144435584918,0.5923943755609481,9.01594356548687,-1.899432909539925,0.1217685448254522,0.41689740688127513,0.9670228125902397,0.44940391034811633,12.218683651804671,1.7290792889954065,0.37881771243545986,30.32399299474606,9.62479155086159,0.3703256936067551,0.006762710370957795,0.6762710370957794,17.305416666666666,1.3816666666666666,19.24125,10.915416666666667,12.039166666666667,-25.549166666666668,10.218333333333334,7.214583333333334,0.23791666666666667,6.976666666666667,0.6155559680712828,0.9360556038227628,7.404338607078779,0.25143184421534936,0.3280118804529423,31.06034881926223,0.5116666666666667,Communication Services
2016-03-31,OMC,2016,Q1,USD,0.16415649738504187,0.1149724214798091,0.1332628390157469,0.11205738618501901,0.10059729644765797,0.06753165099597039,0.06241604984138779,0.061987368180389246,0.5535324453443857,0.3479383282971282,2.1481454278369445,5.070424576148384,0.16608837224756381,0.8149836932160688,0.7097624310246224,0.013584502543996829,0.13503717328469636,22.865384615384617,-0.6573798076923079,-0.6573798076923079,8.408840244159125,5.70866794318539,-39.74373259052925,-43.31136166522116,0.2207977140361786,1.958198274047569,0.661956397996357,0.6033031628870111,8.868743422437381,-1.5104789449828409,-0.03564307464024607,-0.13180532136835185,1.0897658282740676,0.33721042007113333,9.778054862842893,-0.4611077784443111,-0.09914654857363975,-11.140096618357488,-2.8190709046454767,0.5595238095238095,0.006117585806399936,0.6117585806399936,14.579583333333334,0.91,19.549166666666668,7.291666666666667,12.11375,-27.24125,9.897916666666667,-1.9216666666666666,0.1725,-2.0941666666666667,0.6204545454545455,0.8977301708747768,8.408840244159125,0.23093135488005126,0.328125,49.066266352133816,0.5091666666666667,Communication Services
2016-06-30,OMC,2016,Q2,USD,0.19194831269788154,0.1470565522922083,0.16340188936652167,0.1446111869031378,0.13307935854204742,0.09058148214883266,0.08394038456588329,0.08342557079976319,0.6048796437579796,0.36901375337956976,2.299611750054941,5.684664910740415,0.18556784745309335,0.8937162068487453,0.7754315125467905,0.021974331162145345,0.11313773741854984,14.849871971787794,0.29054097336106555,0.29054097336106555,8.488616065559402,4.986015856263997,576.4932440476191,276.3220114122682,0.24045148840230807,2.2060125334151364,0.6880860603078269,0.6875864240631974,9.174459879924624,-2.145997900900403,0.006074102315264106,0.018044222502509717,0.4793152639087018,8.263716814159292,12.540178571428571,5.9914529914529915,0.013925584536840223,1.9205479452054794,0.44592875318066155,0.370131861392211,0.006231229839816093,0.6231229839816093,16.34371055952882,1.3718973496003366,21.366007572570467,6.464871687000421,11.666386201093816,-28.408498106857383,9.599915860328144,0.2949095498527556,0.15355490113588557,0.14135464871687,0.6307543520309478,0.9202563189747242,8.488616065559402,0.25987893861350647,0.3247582205029014,36.38685097668557,0.5077829196466134,Communication Services
2016-09-30,OMC,2016,Q3,USD,0.1662578143546728,0.11951676294479174,0.13879876552979348,0.11951676294479174,0.10843818416818338,0.0733823956107726,0.06694626889293345,0.06662973807074464,0.5842438625961257,0.3584852162275578,2.3326937269372694,5.584180291648255,0.177138478359398,0.9056318244904101,0.7923431934852767,0.017598733795598433,0.16191495409929269,19.87687155240347,-0.9010848437089573,-0.9010848437089573,8.683247988295538,5.322729550790008,29.45409429280397,28.51349441853893,0.23514267424854804,2.1655406859159174,0.6840982002066228,0.6830123308598866,9.209475450750892,-3.219207744236403,0.059169272444526196,0.18667405238585108,0.9680655645047337,5.017925736235595,8.565217391304348,28.083333333333332,0.14062593144560356,31.3141592920354,4.598440545808967,0.5173364854215918,0.006506764458100005,0.6506764458100005,15.969250210614996,1.0690817186183657,21.4212299915754,8.29486099410278,11.906908171861836,-28.06571187868576,9.788963774220724,2.981044650379107,0.09519797809604044,2.8858466722830665,0.6173680369739722,0.9073052306334143,8.683247988295538,0.24939293324743544,0.32668450498662127,44.232041049030784,0.5530749789385004,Communication Services
2016-12-31,OMC,2016,Q4,USD,0.18749115941345657,0.14472629544061483,0.15901268329482768,0.1418973077467113,0.13242019897213447,0.08967890989674195,0.08258286576453393,0.0821820925078976,0.5647600788198328,0.32896809109738756,3.062466678514306,6.286010669828097,0.18310929230662973,0.9080073371446516,0.8276841601895667,0.020623433370070908,0.21427602794966777,14.36519768769626,0.3713929158282449,0.3713929158282449,9.31013644773358,4.745276769296053,12.989490836344864,12.46656447417317,0.21365053053260466,2.289222941720629,0.6959768256155696,0.6947405577126721,10.714801110083256,-3.5090999338186633,0.11523884975269255,0.3806402942147202,0.9597423510466989,6.07911001236094,11.55278310940499,56.0625,0.32622795142747457,24.84,8.229357798165138,0.3745361119040822,0.006518116214733179,0.6518116214733178,17.935729386892177,1.481183932346723,21.14756871035941,12.78139534883721,11.245665961945031,-28.515433403805496,9.141649048625792,6.827061310782241,0.2748414376321353,6.552219873150106,0.6236425137974008,0.9332114969263997,9.31013644773358,0.24588500443276615,0.32526259569165034,32.728858413639735,0.5547568710359408,Communication Services
2017-03-31,OMC,2017,Q1,USD,0.16479901878798014,0.11975246696772035,0.13614316775380497,0.11426102469755255,0.10322238947427106,0.0731448960249763,0.0674025756815521,0.06726319897418744,0.5278072033898306,0.31694081557095255,2.219900718678225,5.289590091418461,0.16132354197676876,0.897376454656047,0.7941102210388596,0.016069859177959,0.18685396439200924,20.9107382133995,-0.6986087539476651,-0.6986087539476651,9.47478028670477,5.637750459943135,-88.93960422163589,-103.5579416282642,0.22228867713256556,2.315703176239108,0.6984048490328779,0.6971812004369352,10.417548955307787,-2.727853395179074,-0.014942502352698143,-0.05444054189663823,1.1643625192012288,4.32764505119454,6.912310286677909,-6.828671328671328,-0.039509619469563634,-6.08411214953271,-1.1988950276243093,0.5409429280397022,0.006467286359276745,0.6467286359276745,15.29156010230179,1.030690537084399,21.3231031543052,10.595907928388748,11.36615515771526,-29.082693947144076,9.098891730605285,-0.8324808184143222,0.13682864450127877,-0.969309462915601,0.6529840669727248,0.9033910709929251,9.47478028670477,0.24440705812340116,0.2916554145287605,46.53105241605242,0.5575447570332481,Communication Services
2017-06-30,OMC,2017,Q2,USD,0.1997308778132503,0.15382179889712672,0.1695469776523047,0.14920450647740166,0.13725231524234188,0.09369145932824992,0.08669955937838052,0.08656763673781695,0.5306182449459595,0.3079539454981115,2.1640268264840183,5.511269448887596,0.1710071559417779,0.8943849747739764,0.7854272099007285,0.0205984209766857,0.1425717328606855,14.638686853317102,0.39678545944517424,0.39678545944517424,8.528473915163335,5.076670800242738,-112.19294460641399,-141.79137803979367,0.22330960051255674,2.1937414121714465,0.6868876120687263,0.6860466734390003,9.823766677008997,-2.807585466128375,-0.010549064421589434,-0.03580380464895385,1.2638172439204127,5.79658952496955,9.004777070063694,-7.0310880829015545,-0.027418018709716524,-3.7905027932960893,-0.8189499094749547,0.3953134510042605,0.006751176778446543,0.6751176778446543,16.329599310641964,1.4157690650581647,21.594571305471778,8.075829383886257,11.887117621714777,-29.363636363636363,9.72037914691943,-0.5846617837139164,0.15424386040499785,-0.7389056441189142,0.631680123029604,0.919893899204244,8.528473915163335,0.2572255521906503,0.3204536716647443,34.790522875817,0.5596725549332184,Communication Services
2017-09-30,OMC,2017,Q3,USD,0.16999596719989246,0.12980239279473046,0.1448581798628848,0.12480172066137922,0.11232692566205135,0.07713402339024063,0.07086974055652641,0.07078908455437559,0.5279106405325233,0.3274570949744373,2.1172759070022633,5.386676321506155,0.16748846110548238,0.9046207967546668,0.789092954711121,0.017332867227732588,0.1460241498431211,16.241449165402123,-0.8481645675265551,-0.8481645675265551,6.788893557978196,4.604109154456244,127.22870728083208,97.85705142857142,0.22362265000562873,1.9687215064420218,0.6631546617525305,0.6614048510718264,8.803766105054509,-2.903137683421792,0.013865559534751054,0.04704933458798226,0.7691428571428571,3.922854387656702,7.141538461538461,4.521963824289406,0.03523891987676446,4.3316831683168315,1.0441527446300716,0.48254931714719274,0.0074277441660675425,0.7427744166067543,16.08780276816609,1.1401384083044983,21.760813148788927,8.0060553633218,13.155709342560554,-28.85726643598616,10.910467128027681,0.7569204152249135,0.17474048442906576,0.5821799307958477,0.6309238870272857,0.9000430848772081,6.788893557978196,0.289991511816887,0.31594064145524176,37.57996288047513,0.5501730103806228,Communication Services
2017-12-31,OMC,2017,Q4,USD,0.19427285351721496,0.15127136905617009,0.16089642292774026,0.14847004740698175,0.13803093425274146,0.06890772398601734,0.06091078867978739,0.06086290283963032,0.5166629555407111,0.290740068771275,3.0300738339636233,6.045158488927486,0.16752502887947632,0.934283766521719,0.860777422578745,0.014885899260755774,0.25124264506350563,16.547067610062893,-4.71591426886794,-4.71591426886794,6.438872700852739,4.031579753866781,7.897146609136104,7.724343318500849,0.19753160698241562,1.8831784635386792,0.6531605612880979,0.6526168969181722,9.533555122175061,-3.802613010424728,0.14427919967701155,0.521931714791936,0.9781182623056104,5.700447093889717,11.213381555153708,184.73728813559322,0.44264625256360796,45.700209643605874,12.45657142857143,0.5003930817610063,0.007560147416341891,0.7560147416341891,18.064878892733564,1.1003460207612457,21.53979238754325,16.420415224913494,13.634083044982699,-28.34645328719723,11.31098615916955,9.42863321799308,0.20631487889273356,9.222318339100346,0.44128360797918476,0.9296887598774392,6.438872700852739,0.29247021195018785,0.5021682567215958,26.73660119047619,0.5506055363321799,Communication Services
2018-03-31,OMC,2018,Q1,USD,0.16434317831165968,0.12042649327749615,0.13530416574829182,0.11618360149878774,0.10326206744544854,0.07843839541547278,0.07276283888031738,0.07276283888031738,0.5041951436350502,0.2985569729899992,2.2010885341074022,5.247361572936244,0.15436501354564053,0.9073227049445539,0.8059902344324499,0.016431566344604683,0.18884754537165044,15.83551117001136,3.4838124574025193,3.4838124574025193,6.369415930551325,4.608946991404012,-25.462152207001523,-26.946897551546392,0.20812228077114459,1.863234846177277,0.6507446808510639,0.650344809223314,8.95259671032592,-3.2217290963962366,-0.045651086860605344,-0.17103813092351774,1.058311855670103,5.644569816643159,6.768860353130016,-72.18604651162791,-0.12685957168546674,-17.14917127071823,-3.5454026270702457,0.5259371450208254,0.008303128635607664,0.8303128635607665,15.767158992180713,1.1472632493483927,21.528670721112075,11.164205039096437,13.97393570807993,-29.727628149435272,11.409209383145091,-2.696785403996525,0.157254561251086,-2.854039965247611,0.7046424759871932,0.8887834953758597,6.369415930551325,0.2925283678272834,0.24252934898612594,38.798888210140504,0.603388357949609,Communication Services
2018-06-30,OMC,2018,Q2,USD,0.19875116592392994,0.1544719660068401,0.16833350606280442,0.15087055653435588,0.13726811068504507,0.10229039278681729,0.09436211006321898,0.09436211006321898,0.5709045188965314,0.32320941461732217,2.2848171407462137,5.535857716580608,0.1740950404835472,0.8900133936708962,0.7827451477662686,0.022350418940892566,0.15163379009185363,11.873995057660625,0.29684987644151556,0.29684987644151556,7.4515533729645895,4.481820914084361,-3034.7431578947367,361.1281002087682,0.2204650533390469,2.105453605582838,0.6779858510195589,0.6770540608219026,9.550056000689239,-2.9149956572636984,0.003796194295405733,0.012410612498704529,-0.11899791231732777,5.88302752293578,8.769578313253012,2.3028846153846154,0.009800310991079466,0.8936567164179104,0.24844398340248963,0.38220757825370677,0.00804715633612972,0.804715633612972,17.01763668430335,1.6058201058201058,21.843033509700177,8.459876543209877,12.605379188712522,-30.69400352733686,10.235449735449736,0.21119929453262787,0.23633156966490299,-0.02513227513227513,0.6874292185730464,0.9098402885110768,7.4515533729645895,0.2825523082504858,0.25802189505473766,31.202610435585655,0.6137566137566137,Communication Services
2018-09-30,OMC,2018,Q3,USD,0.1835339094849635,0.13865331287187357,0.14457636701397303,0.1352340952534798,0.11996876935088711,0.08919581078534314,0.08047276741243303,0.08047276741243303,0.5453384231390398,0.31694571601764177,2.23116539140671,5.518199376021394,0.1651710275885377,0.8716274726846936,0.7692788457918238,0.01866758094146424,0.15806356879842773,12.800588825694213,-0.7360338574774172,-0.7360338574774172,6.42582357139858,4.120395229249119,49.705696654758036,45.780388872270414,0.21649709173055373,2.0441281437628587,0.6714987172767648,0.6466058312931227,9.441827266238402,-2.4020565220203065,0.025173003215337234,0.09000349998653852,0.9210290158540233,0.7269436304085503,7.237752161383285,0.6545917368317995,0.06866591352572661,12.662878787878787,2.06358024691358,0.4536634325861492,0.008860206330421401,0.8860206330421401,16.522686832740213,1.329626334519573,21.965747330960856,9.367437722419929,13.10364768683274,-30.526245551601424,10.594750889679716,1.487099644128114,0.11743772241992882,1.3696619217081851,0.6707809694793537,0.8871192514433606,6.42582357139858,0.3181114640092669,0.25875224416517056,33.65695344506518,0.603202846975089,Communication Services
2018-12-31,OMC,2018,Q4,USD,0.1975921892969878,0.15770670712310667,0.15499057919592826,0.15347346269606285,0.14048009396334452,0.10514596128905963,0.09768272689456041,0.09770719651552598,0.5330872281864312,0.2860357806407718,2.8232458028411536,5.88522465437788,0.1660112930088963,0.8989338712001153,0.8228706893164464,0.021408547612516912,0.2391848174876557,10.301668336673346,0.3044715308394566,0.3044715308394566,6.458208943504377,4.025180218758411,8.74333156160306,8.38885409760824,0.19871633424056545,1.9205370813866751,0.6575972253962279,0.6325167359187442,9.664716736680932,-2.516363412456513,0.12841351128341474,0.4798247975138865,0.9594573920138711,0.8494906919564453,10.165316045380875,3.862320267874729,0.40085449118933725,24.665408805031447,9.150256649556697,0.3376753507014028,0.008194676329738212,0.8194676329738213,18.19545859305432,1.7773820124666073,22.054764024933213,16.286286731967945,13.833036509349956,-29.65360641139804,11.340605520926092,8.730632235084595,0.3539626001780944,8.3766696349065,0.6953492422922836,0.9153380102040817,6.458208943504377,0.2973792112003961,0.26075596585960636,27.927224502683927,0.6001780943900267,Communication Services
2019-03-31,OMC,2019,Q1,USD,0.17068811438784628,0.1285421891665946,0.14082273919686356,0.12364150018737928,0.11038081236126726,0.08063074749920725,0.07587419643114532,0.07587419643114532,0.49297255815936447,0.27814249388469386,2.188679245283019,1.747380616562563,0.13759360918956653,0.876558193802764,0.7884209185213,0.01451334436371484,0.23132011453017817,15.607887537993923,-0.46303399696048636,-0.46303399696048636,6.808927195127004,4.736943699731904,-38.86467360454116,-41.536865520728014,0.26635780922764485,2.7825798698877056,0.7356301692501507,0.6458996669258873,10.446774126714457,-2.050056143253945,-0.02652701316292387,-0.11404191530456341,1.0687563195146612,0.33310309100328095,6.807936507936508,-0.3612125639152666,-0.058911126995472955,-14.544117647058824,-2.4419753086419753,0.5121580547112462,0.008203513343245709,0.8203513343245709,15.541666666666666,1.17921146953405,30.368279569892472,15.47983870967742,13.304659498207885,-30.363351254480285,10.812275985663083,-1.7724014336917562,0.12186379928315412,-1.8942652329749103,0.6873857404021938,0.892748892515738,6.808927195127004,0.33454268212529903,0.2682162444502481,40.32238280450358,0.6039426523297491,Communication Services
2019-06-30,OMC,2019,Q2,USD,0.19872036130974782,0.1586375611592021,0.16976719178450456,0.15422872197429968,0.14073337276197645,0.10594655626646594,0.09965589547825152,0.09965589547825152,0.5134370384684399,0.28533683071827226,2.185991932526586,1.7586875325043734,0.1485418555153122,0.8496625321042467,0.7591733529774822,0.019404330086447763,0.1923334727006059,12.373603992446721,0.2862912296291595,0.2862912296291595,7.612471994025392,4.932410344642185,-154.31101766190076,-188.567112024666,0.2736112386740729,2.8428346195336487,0.7397754264737638,0.6255185593760196,10.390050618205958,-1.811796795090351,-0.006457350296321367,-0.026157320286036883,1.221993833504625,0.3181125365172107,8.614114114114114,-0.06452254641909815,-0.01420064800490382,-4.50462962962963,-0.5819377990430622,0.39277043431346104,0.007935651459211514,0.7935651459211515,16.938979963570127,1.6880692167577414,31.50455373406193,13.22176684881603,13.47632058287796,-30.77777777777778,10.975409836065573,-0.4430783242258652,0.09836065573770492,-0.5414389799635702,0.7081184336198663,0.9124978211608855,7.612471994025392,0.3016147088607871,0.24947468958930277,35.31477434679335,0.663023679417122,Communication Services
2019-09-30,OMC,2019,Q3,USD,0.1734091285391026,0.1343341243998013,0.1465864562061924,0.13060875324245266,0.11700424968265356,0.08615265743142557,0.08008168221204261,0.08008168221204261,0.5534293437590678,0.31732276791389463,2.0977659499964982,1.7693471998437575,0.15320354281607373,0.8748925323157212,0.7672061418724264,0.016844091744894995,0.18404500822033515,14.718349414197105,-0.6909447363886975,-0.6909447363886975,6.93359035753419,4.714680721894144,73.38943298969072,65.46,0.2703743632020631,2.595389797491985,0.7218660405896562,0.6465263731692272,9.59924516050485,-1.8468987309515315,0.019683554804748187,0.07202384237540703,0.8919540229885058,0.6214211541314345,7.536624203821656,0.42695893996401113,0.04081122074023111,9.25531914893617,1.5325895478567235,0.4896623018607857,0.008317208133890077,0.8317208133890078,16.6076993583868,1.3299725022914757,29.597158570119156,11.208065994500458,13.691567369385885,-30.42346471127406,11.292850595783685,1.1961503208065996,0.12923923006416133,1.0669110907424382,0.684433962264151,0.8958377350517642,6.93359035753419,0.2995775256276536,0.2648584905660377,39.60835843373494,0.6512373968835931,Communication Services
2019-12-31,OMC,2019,Q4,USD,0.19320486815415822,0.16029170288805178,0.15826330532212884,0.15609002221578286,0.14676905244856564,0.10842267941659423,0.1002124987926205,0.1002124987926205,0.5289564439902925,0.2839043540328337,2.656727099236641,2.008633651840714,0.15461815900893838,0.9126332058895307,0.8339392649975909,0.02012840830937603,0.26942787953119035,10.64973734939759,0.24849387148594387,0.24849387148594387,6.194528189495077,4.268947165072926,8.5705938818054,8.467150725609464,0.23966710723806536,2.2492378849994745,0.6922355224846328,0.613596360583823,9.384841795437822,-2.711007822984518,0.13064971309500717,0.5041775330821984,0.9879304564394846,0.7417475728155339,11.340350877192982,3.408816326530612,0.32526366624604697,82.85317460317461,12.502395209580838,0.3416867469879518,0.008021013471456166,0.8021013471456165,18.978918423464712,1.9019248395967003,29.679651695692026,19.749312557286892,15.461503208065995,-29.353803849679192,13.079285059578368,9.568744271310724,0.1154903758020165,9.453253895508707,0.6827903915761764,0.9402846534653465,6.194528189495077,0.2909964859136749,0.2612701546561369,30.198297223069883,0.6498625114573785,Communication Services
2020-03-31,OMC,2020,Q1,USD,0.16554639114737738,0.1270656608647157,0.14006868414100795,0.12333793184419854,0.10989462561272711,0.07974991928145822,0.07575802048783352,0.07575802048783352,0.5092145579553098,0.3028485597409238,2.1648644532439842,1.7140772791306098,0.14389738088098022,0.9216846853853932,0.8195457727308081,0.015184590844910922,0.2094189935443727,11.51815187911662,-0.3082322333848109,-0.3082322333848109,4.858367380290897,3.4903695441603806,-11.731787687450671,-12.0455226904376,0.2674745205039724,2.5873100179767934,0.7212395931801875,0.675427662113778,9.673108351037751,-2.835420914651908,-0.07678307536750409,-0.2897648889019343,1.026742301458671,5.472622478386167,7.182905982905983,-90.56880733944953,-0.1558892731378401,-37.39393939393939,-5.872694824509221,0.5490120108485084,0.011916234839807792,1.191623483980779,15.72899353647276,1.1915974145891044,29.506925207756233,12.438134810710988,13.502308402585411,-30.42382271468144,11.300092336103416,-4.557710064635272,0.12188365650969529,-4.679593721144967,0.6893696581196581,0.8910042836744407,4.858367380290897,0.42924514814983006,0.26014957264957267,32.54723386420788,0.6542012927054478,Communication Services
2020-06-30,OMC,2020,Q2,USD,0.07201770985824972,0.02463669796836505,0.04502445817117149,0.022315849609026314,0.005462919984289642,-0.005141571749919663,-0.008640696968614988,-0.008640696968614988,0.529352838890149,0.32817728391943934,2.2432245813913343,1.499063319595354,0.12369982023841598,0.9613622924922116,0.8591109267578039,0.0016633214861701644,0.2895621707013565,-121.2142561983471,1.109576652892562,1.109576652892562,4.862635723166183,4.189502624343914,99.6056027164686,93.86832000000001,0.30458767462711617,2.857936179030253,0.7407940531946892,0.7030921238818275,9.382967260671364,-3.8772063404166954,0.011031780352840463,0.04463169921805263,0.9424,1.7337770382695508,1.1638733705772812,19.53125,0.01812592442214553,17.36111111111111,0.8423180592991913,-5.8347107438016526,0.012033878948723063,1.2033878948723062,13.03257328990228,-0.11261051651931131,32.34015821312238,15.267566309911587,13.315030246626337,-31.136807817589577,11.22847836202885,0.5816658911121452,0.03350395532805956,0.5481619357840857,-1.5816993464052287,0.2448,4.862635723166183,0.48753402638930793,1.4313725490196079,121.7187946074544,0.6570497906002792,Communication Services
2020-09-30,OMC,2020,Q3,USD,0.2015593326056448,0.15636987369405894,0.17526898487447373,0.15636987369405894,0.14124434741930453,0.10444409792608764,0.09770778106970217,0.09770778106970217,0.5091056316783894,0.29864570088770165,2.180006811989101,1.7416218564988322,0.13484303706974496,0.9752215590522698,0.87867278317631,0.017814266904190225,0.26951281671845967,8.508059368017873,-0.005999272631294654,-0.005999272631294654,4.040586630286494,3.325214408233276,57.821583514099785,53.099103585657375,0.29159570218044956,2.6277095649537667,0.7243439745946849,0.6858683618442198,9.011482492041837,-8.675595238095237,0.01650799914500403,0.06262279744269453,0.9183266932270916,5.6551282051282055,9.216911764705882,8.508474576271187,0.028958753965964812,12.24390243902439,1.2855313700384123,0.4462176827322056,0.01311161756844208,1.311161756844208,14.886258124419685,1.4545032497678738,32.44382544103993,15.219591457753017,14.493500464252554,-30.746053853296193,12.250696378830083,0.9322191272051996,0.07613741875580315,0.8560817084493965,0.6917641863546037,0.9032708416433984,4.040586630286494,0.5425752417395872,0.2669463457716935,25.476868327402133,0.649025069637883,Communication Services
2020-12-31,OMC,2020,Q4,USD,0.2049241416023423,0.16595688048975246,0.13939313281873836,0.1636145861059356,0.1508384349214799,0.11405376630290125,0.10596220388607931,0.10596220388607931,0.48084060716205496,0.25945452966212107,2.7125862695241554,2.0772973570717683,0.13589079545125726,1.0041867685232302,0.9332564685573684,0.018774173982044264,0.3607384171438509,8.44055199698568,0.3059700098907308,0.3059700098907308,4.357649786019971,3.577517966462603,5.693779123951538,5.63316638725901,0.25048467837611044,2.245234081182726,0.6918558184143222,0.6531147024753422,8.963558552716897,-31.785109983079526,0.1536866107142627,0.6350811817939845,0.9893545683151719,6.456081081081081,11.115732368896927,611.7948717948718,0.34453878588344017,93.93700787401575,14.425634824667473,0.35167043456417985,0.01041609703635999,1.0416097036359993,17.4338747099768,1.8473317865429235,32.39211136890951,25.988399071925755,16.59814385150812,-29.37958236658933,14.31276102088167,11.071925754060326,0.11786542923433875,10.954060324825987,0.7024880889359449,0.9219131283552953,4.357649786019971,0.4323573078406798,0.24969119463560968,28.194452931067406,0.6496519721577726,Communication Services
2021-03-31,OMC,2021,Q1,USD,0.17225480755201494,0.1358078730047565,0.1531996848463626,0.1358078730047565,0.12194694913770462,0.08929353059616563,0.08398260818815839,0.08398260818815839,0.51662847494422,0.2996682794903759,2.49108632651269,1.9686907565921756,0.13378854780337546,1.0193142763826928,0.934790192920078,0.015559285851130797,0.3635196223249876,13.887022237665047,-0.49405752191692953,-0.49405752191692953,4.978431738913802,4.665073389944265,-33.777181491654346,-34.68591885441528,0.2663746422896585,2.1247508719481814,0.6799744872535927,0.6418309984830909,7.976550822122571,21.075645756457565,-0.0342119522858691,-0.13449473284893051,1.026903883705793,6.919597989949748,8.650557620817844,-78.11864406779661,-0.06755093067565587,-37.16935483870968,-3.022295081967213,0.4867963863794302,0.008763512761200845,0.8763512761200845,15.894712430426717,1.3348794063079776,31.896103896103895,22.714749536178108,17.12291280148423,-28.435064935064936,14.894248608534323,-2.1377551020408165,0.0575139146567718,-2.1952690166975883,0.6886815027518545,0.8979372582724539,4.978431738913802,0.3603173630145983,0.26776740847092606,34.11893333333333,0.6498144712430427,Communication Services
2021-06-30,OMC,2021,Q2,USD,0.20301825512375407,0.16104826968305522,0.17602755067756748,0.1591443610706686,0.13856534886325456,0.10404300593571508,0.09749132041662001,0.09749132041662001,0.49288602459186065,0.2849777243830405,2.5469756621331423,2.1109994680536674,0.13921978296120743,0.9968178898814737,0.9152507736322765,0.0184118253695428,0.32026186722718514,12.370653360137851,0.5673437575511496,0.5673437575511496,5.145080625895843,4.824125321984544,111.37586296056884,104.29688861985471,0.24717397405513283,1.893543956043956,0.6544030382150486,0.612833111740563,7.660774008600096,32.97876269621422,0.012056986045425351,0.04625377981856871,0.9364406779661016,5.641741071428571,7.078455790784558,17.763440860215052,0.026052262225796787,15.733333333333333,1.0147420147420148,0.4373923032739805,0.008839312899256326,0.8839312899256326,16.581244196843084,1.61652739090065,29.811513463324047,20.371866295264624,17.812906220984214,-28.617455896007428,15.546889507892294,0.7669452181987001,0.04874651810584958,0.7181987000928505,0.7035764800969893,0.8706896551724138,5.145080625895843,0.30818615558142537,0.24893917963224893,30.511923015746778,0.7070566388115135,Communication Services
2021-09-30,OMC,2021,Q3,USD,0.2002037845705968,0.15767103347889375,0.17458515283842796,0.15767103347889375,0.1449490538573508,0.11065502183406113,0.10352256186317321,0.10352256186317321,0.47799949903982636,0.27600514376419055,2.1985435339308577,2.0908150222168116,0.13428039779834877,0.9955009692445679,0.9051152967045685,0.018631178707224333,0.3205161588982438,10.90160292463442,4.4151491844769595,4.4151491844769595,4.72901494358036,4.514247452692867,30.13299650213758,29.02197267452742,0.24515652364273205,1.9125648063433973,0.6566600002094175,0.6165226238787468,7.801402866727661,-64.93383742911153,0.038646818852530164,0.15554585152838427,0.9631293280928317,7.876847290640394,10.682445759368836,52.38235294117647,0.08519764642099724,27.121827411167512,3.1374045801526718,0.4235095613048369,0.009712093813925054,0.9712093813925055,16.05140186915888,1.6616822429906541,29.542056074766354,20.706542056074767,17.53177570093458,-28.634579439252338,15.322429906542055,2.4967289719626167,0.09205607476635513,2.404672897196262,0.7141996384816228,0.9193131462333826,4.72901494358036,0.3406262172361935,0.24101225145611568,28.92536268134067,0.7037383177570093,Communication Services
2021-12-31,OMC,2021,Q4,USD,0.20399906636582898,0.15454238958479213,0.16634248813506575,0.16144090873725978,0.14992608729479498,0.1166783370938043,0.1079384838818434,0.1079384838818434,0.45510770138683976,0.25798507211780924,2.5556203164029974,1.7566742596810934,0.13566698801624105,0.980482183135916,0.9064660857132292,0.019084635326860895,0.3276675993146886,9.339196299855837,0.5167688619253562,0.5167688619253562,4.754416855238212,4.032234757125444,14.348370247323736,9.109382470119522,0.23388384972098883,2.03271971133264,0.6702629668468177,0.6348552350964168,8.691150388355453,-20.353127474267616,0.10518790597921879,0.44264633418916466,0.6348722756034685,8.297385620915033,12.063953488372093,177.79166666666666,0.2567620423022535,2.738767650834403,2.209449838187702,0.3587217683805863,0.00960258669116216,0.960258669116216,18.171065032987748,1.9613572101790764,31.56927426955702,25.054194156456173,17.783694627709707,-29.514137606032044,15.410933081998115,8.043355325164939,2.936852026390198,5.106503298774741,0.7199446462549732,0.9286746987951807,4.754416855238212,0.36630684515857903,0.23110188548693997,26.315082631743064,0.7035815268614515,Communication Services
2022-03-31,OMC,2022,Q1,USD,0.14805149107116675,0.10591443568014544,0.12210069495352315,0.1035099551359118,0.09095973961235082,0.05706242852534968,0.05096325836436677,0.05096325836436677,0.48225295548390745,0.2934866055194149,2.2064094775212637,1.568026116143271,0.13043445002428697,0.9450032446463336,0.8521217165589821,0.010319126884705161,0.2768882430945462,25.56626501611047,-0.4434502604564294,-0.4434502604564294,5.925148327899456,5.211760677711639,-31.308204050026422,-32.642180788246094,0.252771966327159,2.2031869853652033,0.6878109193847178,0.6530574478666682,8.716104943827716,-6.220904779277636,-0.038406737578647404,-0.1596633727238073,1.0426078971533517,4.746056782334385,6.921568627450981,-43.91129032258065,-0.08238889981691355,-23.469827586206897,-3.1916764361078545,0.8481012658227848,0.008293167434589658,0.8293167434589658,16.286242835937127,0.8300000014326813,31.805046084818837,19.189332599291138,18.882261252385952,-30.234349879575976,14.325379771562796,-2.600316460184666,0.1107940163017158,-2.7111104764863816,0.5602836879432624,0.8787535410764873,5.925148327899456,0.3183811117968518,0.3723404255319149,49.1284040326609,0.7039240518479701,Communication Services
2022-06-30,OMC,2022,Q2,USD,0.19853106077595872,0.15182776407266202,0.17055393586005832,0.15182776407266202,0.14058645436196457,0.10372280780444046,0.09766763848396501,0.09766763848396501,0.5064383775572497,0.29926518307618233,2.3132939558216683,1.7046736117748256,0.14322940715906124,0.9457154317110272,0.8521837184134649,0.01911397434442048,0.24255885936565838,9.370790040183696,0.08939949118795938,0.08939949118795938,4.6093226740081885,3.660891735815205,-60.8250256171402,-66.83281985670419,0.2609544076609584,2.2939432443879713,0.6964124983926964,0.6619778803822614,8.790590145418609,-4.765798263193052,-0.014787682481061323,-0.05477685579726396,1.0987717502558854,7.4850393700787405,10.578125,-15.886178861788618,-0.030065238798621368,-10.124352331606218,-1.1806646525679758,0.4196326061997704,0.01119523018871161,1.119523018871161,17.375547978567948,1.6970287384315637,31.906478324403313,16.195811008280565,18.3336580613736,-30.537749634680953,13.80029225523624,-0.9517778860204579,0.09400876765708718,-1.045786653677545,0.694715852442672,0.92596011816839,4.6093226740081885,0.42581693593288317,0.2654037886340977,26.879081196581197,0.7121285923039454,Communication Services
2022-09-30,OMC,2022,Q3,USD,0.19930882267526281,0.1585642097926468,0.18086774699424987,0.1585642097926468,0.15011326014985188,0.11131439855956322,0.10585467851542081,0.10585467851542081,0.5271343937051268,0.3054010943973061,2.023411125788933,1.7072735385988398,0.14268902130763048,0.9468493711335337,0.8396036331008863,0.020420414557842385,0.2517433532198908,8.87067901234568,1.8850192901234546,1.8850192901234546,4.708723195106856,3.7560115002613697,27.74227799227799,26.432556713672597,0.26426102883284575,2.3217679397094697,0.6989554905248851,0.6649262562063118,8.78588852077038,-4.945282205945713,0.03851118422088246,0.1420979264680258,0.9527896995708155,7.847266881028939,10.5,47.970588235294116,0.07672646302452486,21.181818181818183,2.9264354066985647,0.3953360768175583,0.011141652072726146,1.1141652072726145,16.797073170731707,1.778048780487805,31.361951219512196,16.065365853658538,17.770243902439024,-30.124878048780488,13.398536585365854,2.386829268292683,0.1126829268292683,2.2741463414634144,0.7051654091700522,0.9467032967032967,4.708723195106856,0.42222299541112385,0.2605919907138712,25.870504174694926,0.7029268292682926,Communication Services
2022-12-31,OMC,2022,Q4,USD,0.20210950829843338,0.17142340106509488,0.17100977198697068,0.16614963031901142,0.15945400961687606,0.117858435448012,0.1066904503386588,0.1111111111111111,0.4777265934717368,0.2805767167869675,2.4600669536107125,1.8731296305263667,0.14325340246273494,0.9707828443877551,0.8874362244897959,0.020456853680745256,0.2844520620748299,10.075189605039979,0.5434496211203386,0.5434496211203386,5.114271701362196,4.299706064836357,14.282630313439242,14.12974513635205,0.24047773354319044,1.9967098182712708,0.6663006895419471,0.6316695547778419,8.30309646074844,-6.937853107344632,0.07819807610544217,0.3043017424124916,0.9892957267861694,6.984572230014026,11.814338235294118,69.6508875739645,0.18127358127358129,93.42063492063492,7.545512820512821,0.34746789435425246,0.008621869859909046,0.8621869859909046,18.97106424717999,2.0240313879352625,32.11329082883766,21.297204512015693,20.398724865129967,-28.878862187346737,15.949485041687101,5.772927905836195,0.06179499754781756,5.711132908288377,0.6690985732814526,0.9597012603080753,5.114271701362196,0.3363431114596736,0.26507782101167315,28.48650491307634,0.7032859244727808,Communication Services
2023-03-31,OMC,2023,Q1,USD,0.14218917898527575,0.10063020939215288,0.12662271658002497,0.10063020939215288,0.09502512124996369,0.07083321232538553,0.06607033949989835,0.06607033949989835,0.48756761349154654,0.3081521512331511,1.9575187222479953,1.7557107893126658,0.13643531873078263,0.9576757692107746,0.8456157028169119,0.013245656563754725,0.24221877297606403,20.962140659340662,-0.4513277223592734,-0.4513277223592734,6.120627607007637,5.539903000029042,-34.98816581071166,-36.53619613100938,0.2582733698925413,2.091445806327408,0.6765267571719185,0.6428374971349988,8.097798883398575,-6.820441715360999,-0.03877431285322797,-0.15162779891383266,1.044244397624976,4.8038147138964575,6.311475409836065,-28.221621621621622,-0.08009880028228653,-22.6017316017316,-3.156590084643289,0.6254945054945055,0.0074598119016030355,0.7459811901603036,17.02917903066271,1.1251236399604352,32.50791295746785,16.562314540059347,19.747279920870426,-30.16815034619189,15.413452027695351,-2.582096933728981,0.1142433234421365,-2.696340257171118,0.6952933985330073,0.9443001443001443,6.120627607007637,0.29503215320472054,0.25488997555012227,51.22075229357798,0.7037586547972304,Communication Services
2023-06-30,OMC,2023,Q2,USD,0.1941605030610266,0.1608908834039724,0.17504640017729023,0.1525527022909222,0.14496246433419208,0.10615252500069254,0.10147095487409624,0.10147095487409624,0.48389431777053926,0.29239707301383083,1.7759462759462759,1.845457798681049,0.14400660613700553,0.9632514359606652,0.8401046522118305,0.019801980198019802,0.20555288244669653,12.916554054054055,0.20557332508564893,0.20557332508564893,6.0013746630727764,5.242620294190975,-67.73562992125984,-72.09651428571429,0.2586685602131836,2.0561915332170604,0.6727953764902415,0.6403070535632813,7.949135880767401,-6.819495607820913,-0.019735061498210686,-0.07271669575334497,1.0643809523809524,6.291025641025641,9.577391304347826,-12.804878048780488,-0.04048302026464329,-15.532544378698224,-1.643706950532248,0.38984438984438985,0.007545441071452632,0.7545441071452632,18.149321266968325,1.841628959276018,32.88939165409754,14.12770236299648,20.054801407742584,-30.18350930115636,15.854700854700855,-1.3197586726998491,0.08496732026143791,-1.404725992961287,0.6999808905025798,0.9502451425458507,6.0013746630727764,0.2977067512939665,0.26982610357347603,35.884530780186736,0.717948717948718,Communication Services
2023-09-30,OMC,2023,Q3,USD,0.19647298845756128,0.1567312260697018,0.17562393449037197,0.1567312260697018,0.14602722115089015,0.10852128224476677,0.10393784410720773,0.10393784410720773,0.49110598698838837,0.29945527075022654,1.7774961360123647,1.8805381825826457,0.14306219713083948,0.9651048467624241,0.8408633535601813,0.02034348509838518,0.2127352331208234,9.918316751815006,4.562425705834929,4.562425705834929,4.569650644202181,4.123553841424219,38.69522161028062,36.38591368680641,0.25647320357605513,1.9866823587710605,0.6651803305887964,0.633128430046927,7.746159563924678,-7.587954617749974,0.031146785467393807,0.11332830273049943,0.9403205918618989,7.239705882352941,10.482242990654205,27.96551724137931,0.0632151654039223,16.75619834710744,2.4862047823421216,0.3734874966388814,0.00941408471781603,0.941408471781603,18.062089853609287,1.8773346794548207,32.65068147400303,13.980817768803634,20.969207470974254,-30.895002523977787,16.298838970217062,2.0469459868753157,0.12216052498738011,1.9247854618879354,0.7117703349282297,0.9317047075606276,4.569650644202181,0.37863733394205207,0.26047846889952153,29.279898154042012,0.7011610297829379,Communication Services
2023-12-31,OMC,2023,Q4,USD,0.20094067817478883,0.1648895565022532,0.14580511709227018,0.1592504124701421,0.1526508901967544,0.11273363047600285,0.08313428057819695,0.10482897879780344,0.4689369269498141,0.2789152484098332,2.4170577281191807,2.1136209857908708,0.14480149476191495,0.9469530961467438,0.8643173704296442,0.016718721293404373,0.27280561368952355,12.684375,0.8832083333333336,0.8832083333333336,4.736603710975307,4.218025560836268,9.58640026863667,9.510816213214882,0.23189847599894453,1.7983850897325997,0.6426510405343979,0.5748230535894844,7.755053507728894,-6.171111617658233,0.1108580573679675,0.44349774680489545,0.9921154913936702,0.5256756756756756,12.29467680608365,2.3653795639611244,0.27692780810332895,126.83098591549296,11.778940483976456,0.41084123222748814,0.008097388169056184,0.8097388169056184,20.50959595959596,1.7050505050505051,33.11161616161616,22.383838383838384,23.432828282828282,-29.34090909090909,18.264141414141413,9.095959595959595,0.07171717171717172,9.024242424242424,0.5446039683819971,0.9585588371733416,4.736603710975307,0.32987953748559457,0.26488143248911117,32.42776558013849,0.7005050505050505,Communication Services
2024-03-31,OMC,2024,Q1,USD,0.15540559151632008,0.1319102052058945,0.14832667676628564,0.1319102052058945,0.12452830188679245,0.09282467979617133,0.0877565073681311,0.0877565073681311,0.45921981330162664,0.29661336660959403,1.7914816545921943,1.9297825971402753,0.1331043130123627,0.9272760101111424,0.8128168091053779,0.016651256989389338,0.2121734943626369,14.997788763339612,-0.5971341822440773,-0.5971341822440773,5.354582434514638,5.2646142404627465,-29.789872194513716,-30.902476960388036,0.259928287553711,1.9861885418125789,0.6651249624737317,0.6064715285816659,7.641294298921418,-3.724926896834761,-0.04136072436437561,-0.17036220906211266,1.037348423605497,0.5182141542990311,8.901486988847584,-0.8122127380170716,-0.08723923438227288,-26.774891774891774,-3.820259419394688,0.43565599497802887,0.007262003783566755,0.7262003783566756,18.34512379989894,1.6099039919151086,36.09651339060132,16.032339565437088,23.055078322385043,-33.67458312278929,18.03688731682668,-3.1253158160687216,0.1167256189994947,-3.242041435068216,0.7047113470471135,0.9440384213823345,5.354582434514638,0.3276534488082623,0.256580402565804,42.76709749303621,0.7013643254168772,Communication Services
2024-06-30,OMC,2024,Q2,USD,0.17621568322175515,0.1474129430691785,0.1630857854585085,0.1474129430691785,0.12159427059006694,0.09035237946961441,0.08513674814468836,0.08513674814468836,0.45701749184702045,0.2981554875185484,1.7637222222222222,2.054921616721766,0.14103981086363004,0.9341650453630718,0.8138208609957812,0.017139075769273187,0.18129851374932307,13.089356141420298,3.512310564614461,3.512310564614461,4.7248118708399796,4.457540868752919,-94.96114427860697,-121.23127028934368,0.25841195716617504,1.9420485175202156,0.6601007787448465,0.6015648972077324,7.51531987458056,-3.719525142360776,-0.00947376162491392,-0.03676890342000104,1.2766407904022583,0.6096618357487923,9.06060606060606,-0.18515614791585,-0.02006826325255987,-3.614795918367347,-0.7902955939765756,0.4270039622066443,0.008155557034150478,0.8155557034150479,19.67228177641654,1.6748340990301174,36.363450740173555,13.842266462480858,23.770801429300665,-33.24400204185809,18.559469116896377,-0.7233282286881062,0.20010209290454314,-0.9234303215926493,0.7001707212974818,0.8248547790881887,4.7248118708399796,0.3641010890899429,0.2639778062313274,34.252459824980114,0.7151607963246555,Communication Services
2024-09-30,OMC,2024,Q3,USD,0.19600267861742132,0.1612579199505486,0.1770720651110081,0.15456137639725956,0.14415597795291815,0.10557358471127595,0.0993921598928553,0.0993921598928553,0.45304550758459744,0.2854034285714286,1.64433206911083,2.0303299691471004,0.13482841724370237,0.983326499931666,0.8597785977859779,0.01879782982353658,0.22998626811664943,13.101246436900752,0.7293027183208082,0.7293027183208082,5.118083668666008,5.208644722608561,37.63134350576851,35.56019694039036,0.26960821763680437,1.9648723205021132,0.6627173476965625,0.6099946700357305,7.287879938248172,-6.257716173744862,0.037011005030685225,0.1464740122598259,0.9449621944786355,0.6447857914316573,9.037650602409638,0.7415569174599035,0.07325021252479456,18.169329073482427,3.3770783847980996,0.35527338688779475,0.006779381423723503,0.6779381423723503,19.849693251533743,1.9729038854805725,40.03169734151329,18.066973415132924,25.569018404907975,-33.057770961145195,20.200920245398773,2.9074642126789367,0.16002044989775052,2.7474437627811863,0.6894765052706807,0.9326778870188301,5.118083668666008,0.3435183278673025,0.2683580489547972,35.56797672727273,0.700920245398773,Communication Services
2024-12-31,OMC,2024,Q4,USD,0.19848688168062562,0.1641525149229559,0.17810374346397667,0.15855351441395585,0.14973855906714173,0.11080005552727777,0.10365091851371987,0.10365091851371987,0.467669335641636,0.27749030790426454,2.1355566514609787,2.3134400256918055,0.1459182261053925,0.995257755992221,0.8957381152494126,0.020792937846173986,0.2662159592154746,9.43421052294643,0.5995288622646605,0.5995288622646605,4.031502386340765,3.911458344620795,9.002185972907348,8.782392341361039,0.23195940676621415,1.6384404435435793,0.6209882233851215,0.5900301110589707,7.0634791939907,-25.92023988005997,0.11809598596344853,0.44537504048864,0.9755844155844156,6.943221320973349,10.543076923076923,90.3755868544601,0.2801711591081097,40.95744680851064,10.479041916167665,0.30513392857142857,0.008085836324864287,0.8085836324864288,21.996910722141752,2.2800000008142858,35.29826786974938,22.08444643645873,26.33654465226305,-30.66040179666443,21.34191965047926,9.796875003498885,0.23919642865685586,9.557678574842027,0.69221260815822,0.9444039106960456,4.031502386340765,0.35824927787251676,0.26359703337453644,25.25007178113796,0.6957053573913233,Communication Services
2025-03-31,OMC,2025,Q1,USD,0.17057771515282896,0.13069044006069802,0.14667786689789725,0.12264253197485367,0.11467591588987644,0.08196943420767397,0.07795902883156297,0.07795902883156297,0.44846275367602384,0.2843434155766944,1.585794218215729,1.9864355689525246,0.13126696237065916,1.0061806481774307,0.8734789005458771,0.015242709482838212,0.2322589959712349,14.171356447688563,-0.39403283781377957,-0.39403283781377957,3.729167886216043,4.419140743550835,-19.978435624157786,-20.7275,0.2464278981421869,1.5841946400804903,0.6130322443634304,0.5830957987359029,6.428633494923626,585.7777777777778,-0.054092702847635676,-0.21320182094081944,1.0374936451448906,5.378516624040921,7.658206429780034,-41.19371727748691,-0.11356812933025404,-26.671186440677968,-4.705741626794258,0.4786235662148071,0.008443503061643643,0.8443503061643642,18.76156583629893,1.4626334519572954,35.52160650737163,17.174885612608033,27.292323335027962,-30.12709710218607,22.23284189120488,-4.0,0.14997458057956278,-4.1499745805795625,0.679820415879017,0.9350419796730004,3.729167886216043,0.3762233651780736,0.2852079395085066,36.68593571032699,0.7000508388408744,Communication Services
2025-06-30,OMC,2025,Q2,USD,0.16642593883852974,0.11482717402131687,0.12939535810339675,0.1093734435700767,0.09923797190955275,0.06918019723079988,0.06918019723079988,0.0,0.4637594123897076,0.29526228973157975,0.0,2.087110187110187,0.13948576867232168,0.9221093668589363,0.9221093668589363,0.01416854036665572,0.20230600898620196,0.0,0.0,0.0,0.0,0.0,0.0,0.0,0.2462085686695428,1.579745029865383,0.6123647924802157,0.5590888543857235,6.41628777748061,-6.801490514905149,0.012878588197794518,0.05232094830162367,0.7996192289386007,0.27313167259786475,7.015974440894569,0.1502216502216502,0.029641647855530473,4.990498812351544,1.1556655665566558,0.5028797696184305,,,0.0,0.0,0.0,0.0,0.0,0.0,0.0,0.0,0.0,0.0,0.6971141781681305,0.9073315118397086,0.0,0.0,0.30238393977415307,7.289453425712086,0.0,Communication Services
