date,symbol,fiscalYear,period,reportedCurrency,grossProfitMargin,ebitMargin,ebitdaMargin,operatingProfitMargin,pretaxProfitMargin,continuousOperationsProfitMargin,netProfitMargin,bottomLineProfitMargin,receivablesTurnover,payablesTurnover,inventoryTurnover,fixedAssetTurnover,assetTurnover,currentRatio,quickRatio,solvencyRatio,cashRatio,priceToEarningsRatio,priceToEarningsGrowthRatio,forwardPriceToEarningsGrowthRatio,priceToBookRatio,priceToSalesRatio,priceToFreeCashFlowRatio,priceToOperatingCashFlowRatio,debtToAssetsRatio,debtToEquityRatio,debtToCapitalRatio,longTermDebtToCapitalRatio,financialLeverageRatio,workingCapitalTurnoverRatio,operatingCashFlowRatio,operatingCashFlowSalesRatio,freeCashFlowOperatingCashFlowRatio,debtServiceCoverageRatio,interestCoverageRatio,shortTermOperatingCashFlowCoverageRatio,operatingCashFlowCoverageRatio,capitalExpenditureCoverageRatio,dividendPaidAndCapexCoverageRatio,dividendPayoutRatio,dividendYield,dividendYieldPercentage,revenuePerShare,netIncomePerShare,interestDebtPerShare,cashPerShare,bookValuePerShare,tangibleBookValuePerShare,shareholdersEquityPerShare,operatingCashFlowPerShare,capexPerShare,freeCashFlowPerShare,netIncomePerEBT,ebtPerEbit,priceToFairValue,debtToMarketCap,effectiveTaxRate,enterpriseValueMultiple,dividendPerShare,sector
2002-03-31,CNC,2002,Q1,USD,1.0,0.06539742880118639,0.07036855242133405,0.06539742880118639,0.0749532651718484,0.04490720917360291,0.04490720917360291,0.04490720917360291,9.900020678246484,0.0,0.0,20.2694750211685,0.6690306172356452,1.5781476017931053,1.533448863554989,0.06364860002398817,1.3138650587915157,13.464909104651165,0.0,0.0,3.4015779775280905,2.4186859586644807,239.7478639751553,100.51928671875,0.0,0.0,0.0,0.0,2.102107659543218,0.0,0.0329977228133996,0.02406190928743747,0.4192708333333333,0.0,0.0,0.0,0.0,1.7219730941704037,1.7219730941704037,0.0,0.0,0.0,0.7907186103052503,0.03550896603043848,0.0,0.9261316393673735,0.5622390586470707,0.5390839096355942,0.5622390586470707,0.019026199473053552,0.01104906896482016,0.00797713050823339,0.5991361293019367,1.146119450654743,3.4015779775280905,0.0,0.4008638706980633,20.75666913030573,0.0,Healthcare
2002-06-30,CNC,2002,Q2,USD,1.0,0.0717219589257504,0.0717219589257504,0.0717219589257504,0.08068952699563238,0.04863860236037543,0.04863860236037543,0.04863860236037543,14.302232854864434,0.0,0.0,19.94624652455978,0.6822158543388954,0.9553553232990771,0.9055139887624094,0.07806797755869056,0.6453754112201229,14.05208182078716,0.7508425808719106,0.7508425808719106,3.4898503558718863,2.7338944800669083,53.30574107628193,44.494008620689655,0.0,0.0,0.0,0.0,1.8711269276393832,5.769818503525375,0.09624734344522402,0.06144410370783385,0.8346944948578342,0.0,0.0,0.0,0.0,6.049405306495883,6.049405306495883,0.0,0.0,0.0,0.8687240920658632,0.042253525674869695,0.0,1.0431793251254609,0.6805449397003277,0.6584897940863147,0.6805449397003277,0.05337797320638869,0.008823672824347073,0.04455430038204162,0.6027870551652654,1.12503239181135,3.4898503558718863,0.0,0.3972129448347345,32.373462684633324,0.0,Healthcare
2002-09-30,CNC,2002,Q3,USD,1.0,0.06897025722091445,0.06897025722091445,0.06897025722091445,0.12697812677193765,0.0796663172906751,0.0796663172906751,0.0796663172906751,14.108848484848485,0.0,0.0,20.785357142857144,0.6816228054765,1.1207834450270588,1.0844853209208423,0.12958667229017293,0.7860527717802764,7.695572487576513,0.1090206102406673,0.1090206102406673,3.0080318535332897,2.452311678114641,22.76995650200925,21.600013220521227,0.0,0.0,0.0,0.0,1.7995447552005395,41.960346070656094,0.18527605641701483,0.11353287857179677,0.9486189935679152,0.0,0.0,0.0,0.0,19.46244477172312,19.46244477172312,0.0,0.0,0.0,0.9069675032946706,0.07225476088980463,0.0,1.1132671958772726,0.7394093906909438,0.7143426845783047,0.7394093906909438,0.10297063142011952,0.00529073467531299,0.09767989674480654,0.6274018944519621,1.8410563029397111,3.0080318535332897,0.0,0.3725981055480379,28.57226889750722,0.0,Healthcare
2002-12-31,CNC,2002,Q4,USD,1.0,-2.609754032428771,-2.602479432143714,0.06772222457417834,0.0740583943665947,0.04807868704401451,0.04807868704401451,0.04807868704401451,8.449651225183331,0.0,0.0,22.51405877680699,0.6738364546634527,0.913272964514515,0.8853515682484867,0.07313798793619422,0.5852701390183362,12.912186832603465,-0.5115483854446728,-0.5115483854446728,3.4441596381926547,2.4832039591143475,21.04871796109091,20.078421058274763,0.0,0.0,0.0,0.0,2.0583365139015295,-1259.7866666666666,0.17196283687664943,0.12367526071433611,0.9539023277042447,0.0,0.0,0.0,0.0,21.693069306930692,21.693069306930692,0.0,0.0,0.0,1.1272400681087602,0.05419622245807468,0.0,0.5506078503236184,0.8197357604078381,0.7346713930481216,0.8127285881176174,0.13941170931099692,0.006426555290009442,0.13298515402098748,0.6491996951219512,1.0935611585747032,3.4441596381926547,0.0,0.3618521341463415,-0.7924285780772641,0.0,Healthcare
2003-03-31,CNC,2003,Q1,USD,0.9945049990418973,0.057187461253198374,0.06495936517240214,0.057187461253198374,0.06252465705558123,0.03866789904978753,0.040358668575357595,0.040358668575357595,8.905094102885823,0.0,0.5261737722611981,25.354958559588454,0.7894832856500865,0.8855959622104309,0.868466786222707,0.07458710708577518,0.554364103607018,11.114210048249685,7.5298773076891505,7.5298773076891505,2.9030870831203797,1.794218879256873,34.69813979532033,32.29084416493194,0.0,0.0,0.0,0.0,2.0494706413401302,-16.726432880844644,0.09113683003937954,0.05556432250865111,0.9306217669134801,0.0,0.0,0.0,0.0,14.413742690058479,14.413742690058479,0.0,0.0,0.0,1.356672270112429,0.054753486514845545,0.0,1.1918383555352694,0.8429788979558331,0.7412250369672052,0.8384753644329671,0.07538257555507083,0.005229909897521904,0.07015266565754892,0.6454840454299622,1.093328077264216,2.9030870831203797,0.0,0.38155759870200107,22.417615184978658,0.0,Healthcare
2003-06-30,CNC,2003,Q2,USD,0.9859691137935478,0.055500665836161346,0.06292151724730444,0.055500665836161346,0.062228832853644916,0.038269470338072945,0.04138923493277202,0.04138923493277202,11.125634745205806,0.0,1.5479857819905214,22.70568154108754,0.8449191067718022,0.8028388401192478,0.7854261870622338,0.0886180843285401,0.4479219318967207,13.73388827430851,1.987799618649916,1.987799618649916,3.5938318970802463,2.2737405133031916,-180.88135124881674,-912.5931967100862,0.0,0.0,0.0,0.0,1.870689582007214,-11.82838451522754,-0.004786416480127087,-0.0024915159585892866,5.045258620689655,0.0,0.0,0.0,0.0,-0.24720298348428343,-0.24720298348428343,0.0,0.0,0.0,1.4121369528378773,0.05844726809825571,0.0,1.132214878484581,0.8935349799468545,0.7946644650619095,0.8934288224801478,-0.0035183617537092177,0.014232683214896987,-0.017751044968606203,0.6651134696695142,1.1212267801857585,3.5938318970802463,0.0,0.38502027784968507,32.43055498152244,0.0,Healthcare
2003-09-30,CNC,2003,Q3,USD,0.986510895433025,0.06359652432919252,0.07133477230532369,0.06359652432919252,0.06950335340850201,0.04379304966465915,0.04379304966465915,0.04379304966465915,9.003125566225766,0.0,0.121383619323584,9.485658378275188,0.6051203828869972,0.9649798519351513,0.7579983131852684,0.08541975947023403,0.5895042638927935,16.087700139878216,0.0,0.0,2.6857318056581154,2.818117804863323,-734.0882936697249,43.321940449377365,0.026052513000377527,0.041030927835051544,0.039413745296098236,0.035553417993137194,1.5749316710620955,-17.3963238512035,0.12116015368756443,0.0650505904313394,-0.05901461829994586,10.434982738780207,0.0,14.878020713463751,1.5109267266565385,0.9442740286298569,0.9442740286298569,0.0,0.0,0.0,1.3479741668160097,0.059031899634051054,0.058034922468816044,1.6158490450152416,1.4144189646922505,1.311113140332661,1.4144189646922505,0.08768651543757423,0.09286130167617498,-0.005174786238600753,0.6300854205878095,1.092879746835443,2.6857318056581154,0.015277373469908796,0.3699145794121905,35.672194108477925,0.0,Healthcare
2003-12-31,CNC,2003,Q4,USD,0.9901086888474745,0.06647500445446096,0.07682380078687451,0.06647500445446096,0.07414149294268915,0.04669719778288235,0.04669719778288235,0.04669719778288235,10.225379160921804,0.0,0.08893314859715969,8.9871461957933,0.572543645848268,0.8564673178761667,0.6771310546177379,0.08308492954684135,0.499635053499604,12.89181259707126,0.8330094293492192,0.8330094293492192,2.2717562502110265,2.408046090501163,16.25325446971332,14.849224261772829,0.02259492903069271,0.03723053858210481,0.03589417896719373,0.03344296560415578,1.6477386820525635,-18.689316893168932,0.26148028512415944,0.1621664571866106,0.913615441722346,17.70984455958549,0.0,58.16062176165803,4.1092129347162905,11.57614300446889,11.57614300446889,0.0,0.0,0.0,1.4540004088008585,0.06789774466616548,0.057380841243603806,0.556695688092003,1.5412304905839964,1.405673066974946,1.5412304905839964,0.23579009504311874,0.020368623206545877,0.21542147183657287,0.6298389191997922,1.1153288901767604,2.2717562502110265,0.016388438935139464,0.3701610808002078,27.82527593651351,0.0,Healthcare
2004-03-31,CNC,2004,Q1,USD,0.9910608579980047,0.06511029819310497,0.07518013523999556,0.06511029819310497,0.07140671765879614,0.0449528877064627,0.0449528877064627,0.0449528877064627,10.424563187575114,0.14403086375651925,0.6351606805293005,9.375,0.5976024357217998,0.84431374336996,0.820194835787778,0.0857241546060585,0.33710998647395857,15.231841391635433,-1.9152630194297133,-1.9152630194297133,2.655233385979332,2.738861022563352,60.32636313249341,49.95403413777598,0.02075345206328849,0.03366748628711935,0.032570905763952426,0.031410822244058424,1.6222595732242036,-11.57339696713109,0.09396039453487134,0.05482762443188117,0.8280630812778003,38.15625,0.0,42.93402777777778,1.578779366700715,5.816086547507055,5.816086547507055,0.0,0.0,0.0,1.3961277949113433,0.062759975988521,0.048484526725399144,1.7873407247391777,1.4400993977369958,1.2801598889937102,1.4400993977369958,0.07654637039830955,0.013161147065653547,0.063385223332656,0.6295330352707402,1.0967038953963497,2.655233385979332,0.012679671197604252,0.37046696472925983,34.27606205329401,0.0,Healthcare
2004-06-30,CNC,2004,Q2,USD,0.9913444745042977,0.06822112256429574,0.07862316359028801,0.06822112256429574,0.07350775658367864,0.04628694222800589,0.04628694222800589,0.04628694222800589,10.969056674649012,0.0,0.6145896656534955,8.98215933558905,0.5992791452355605,1.0767763294634638,1.052354582974554,0.08971371279146964,0.5973900650256837,18.147470670563212,2.2684338338203993,2.2684338338203993,3.2407562373532732,3.359963706051163,53.05985273056176,44.2230210965801,0.019906878904095534,0.03203950437859464,0.031044842995507298,0.029927144705274498,1.60946899476055,-46.05381961557418,0.13175123964488256,0.07597770624293688,0.8334554059383628,41.69444444444444,0.0,61.62847222222222,2.287242268041237,6.0043978349120435,6.0043978349120435,0.0,0.0,0.0,1.4341821583731784,0.0663839067090561,0.04764072098976004,1.7028917868526638,1.486936889747535,1.330600425829463,1.486936889747535,0.10896587072773853,0.01814767670692406,0.09081819402081448,0.6296878639645935,1.0774926272196774,3.2407562373532732,0.009886428361783025,0.37031213603540647,38.775869845004635,0.0,Healthcare
2004-09-30,CNC,2004,Q3,USD,0.9916805586755103,0.0649121355071864,0.07483556196624143,0.0649121355071864,0.07104826537086738,0.044734238974080076,0.044734238974080076,0.044734238974080076,11.15893399006113,0.0,0.6716512885777919,8.80104748361139,0.6024960050148046,1.1211028576307476,1.1004603997136457,0.0839375416086667,0.5824745992026744,19.21223123116906,5.187302432415654,5.187302432415654,3.4084945347624087,3.437778172481605,37.99930941017599,31.881588641497018,0.018254648548152334,0.03004028555463948,0.029164185106084345,0.0281023685739567,1.6456238790573727,17.632061705232438,0.17970037895953606,0.10782957559420359,0.8390044223529842,42.75,0.0,95.00347222222223,3.558922996878252,6.211350737797956,6.211350737797956,0.0,0.0,0.0,1.5482383484208009,0.06925926426709116,0.04690910260641325,0.8069671390753361,1.5615398369330253,1.4154065113056062,1.5615398369330253,0.16694588402888566,0.02687754903502216,0.1400683349938635,0.629631684047038,1.0945297796126525,3.4084945347624087,0.008813358873915125,0.37036831595296205,41.67218636157775,0.0,Healthcare
2004-12-31,CNC,2004,Q4,USD,-1.7854643412574984,0.08288088758053766,0.09258359253499222,0.060555987558320375,0.06589855032215064,0.04169212397245057,0.04169212397245057,0.04169212397245057,9.152152501985704,0.0,0.0,6.6607473177950425,0.5456439630711415,1.1094831296157974,1.1094831296157974,0.05769185806361107,0.4160339138994554,24.08977456598668,4.684122832275192,4.684122832275192,4.26546842804594,4.017415470694012,43.82281013897304,27.60011376460768,0.08989570666030224,0.17492407265436102,0.1488811717502533,0.1475815699765933,1.9458556938137643,14.200138026224982,0.2074109982736361,0.14555793157076205,0.6298115907464822,40.52880658436214,0.0,86.27572016460906,0.8834994416232959,2.7013271485633297,2.7013271485633297,0.0,0.0,0.0,1.7641939330650378,0.07355299216879271,0.29065374315892867,1.0925038440471768,1.6615994513987917,0.9507505087650057,1.6615994513987917,0.25679241978663436,0.09506157738917573,0.1617308423974586,0.6326713375125111,1.0882251777115342,4.26546842804594,0.04100934647745025,0.3673286624874888,42.01825159917511,0.0,Healthcare
2005-03-31,CNC,2005,Q1,USD,0.997463715791754,0.0641382049245433,0.072508243675837,0.0641382049245433,0.06882566731653308,0.04335752280549739,0.04335752280549739,0.04335752280549739,8.986292481142023,0.0,0.0,7.34305408271474,0.592698793118206,1.1227128172325878,1.1227128172325878,0.06349317724393892,0.4652113983008856,21.62240656668517,1.1448986498618916,1.1448986498618916,4.29795276580264,3.749975943299155,76.8814460973353,62.70574051064044,0.0772810921852264,0.14944189462722285,0.13001256986173151,0.993278035169395,1.9337445991193074,13.463331645569621,0.08953684267425832,0.05980275350807519,0.8156160386376213,32.17078189300412,0.0,40.89917695473251,0.458650606857723,5.423465211459755,5.423465211459755,0.0,0.0,0.0,1.9993461593793178,0.08668669670137238,0.26069169812255055,1.1583330139201355,1.7444351784540484,1.0483490043102615,1.7444351784540484,0.11956640554667815,0.0220461275005572,0.09752027804612096,0.6299615317363175,1.0730837789661318,4.29795276580264,34.380950815231905,0.3700384682636825,49.2308715406639,0.0,Healthcare
2005-06-30,CNC,2005,Q2,USD,0.9979177869049389,0.06383928060681639,0.07276019083139794,0.06383928060681639,0.06924216595924812,0.04361492786618921,0.04361492786618921,0.04361492786618921,5.006199974226435,0.0,0.0,7.21194744116009,0.6086351023420826,1.1153859976075695,1.1153859976075695,0.07182659633124387,0.3367782278558997,23.234449909502263,8.132057468325758,8.132057468325758,4.446576786071743,4.05347542725411,-44.280846951413835,-52.68041434391495,0.09264056151492046,0.16697153291771122,0.14308106771057386,0.1419598869296002,1.8023588176418726,14.064726351147495,-0.13811408710295153,-0.07694463830128022,1.1896884989963572,33.907407407407405,0.0,-55.35390946502058,-0.5055151549316947,-5.271800901430531,-5.271800901430531,0.0,0.0,0.0,2.0710622651256356,0.09032923129984101,0.3152371107668463,0.7756087546884834,1.8879691960557432,1.0263791447368453,1.8879691960557432,-0.15935713688952213,0.030228216100930468,-0.1895853529904526,0.6298897104382668,1.0846326164874551,4.446576786071743,0.037550579007367045,0.37011028956173325,55.22337775384252,0.0,Healthcare
2005-09-30,CNC,2005,Q3,USD,0.995003020152655,0.03778934809630543,0.04716679729034899,0.03778934809630543,0.04185282621392665,0.030216502513465887,0.030216502513465887,0.030216502513465887,9.266612698045565,0.0,0.0,7.274744430120022,0.6263838489331797,1.1658760293428465,1.1658760293428465,0.05177591080299499,0.5806593532714214,22.01038098608128,-0.9904671443736581,-0.9904671443736581,3.198454801505253,2.6603069295530672,24.296313688109784,20.52160673257986,0.1377962542858081,0.26448761077084204,0.2091658380184589,0.20825264978628266,1.9194107426335327,14.017774045694692,0.24836691947932707,0.12963443672904987,0.8446386968827618,29.290123456790123,0.0,106.86625514403292,0.5892824725424344,6.4366092452596355,6.4366092452596355,0.0,0.0,0.0,2.352172198811384,0.07107441715748877,0.5174471196590475,1.0571688418866985,1.956413452225463,0.8949587748419061,1.956413452225463,0.3049225180826445,0.04737315975910927,0.2575493583235352,0.7219704198473282,1.1075297225891678,3.198454801505253,0.08269230837539714,0.27802958015267176,54.64056140498492,0.0,Healthcare
2005-12-31,CNC,2005,Q4,USD,-1.9043826113256053,0.07340897598873394,0.0814686520894669,0.048232825635960666,0.05198975468907277,0.03276325676129087,0.03276325676129087,0.03276325676129087,9.5950394486261,0.0,0.0,6.297980624711677,0.6335314282292711,1.2699917540565848,1.2699917540565848,0.054677165154977184,0.6865004122971707,20.056184252488098,1.1797755442640063,1.1797755442640063,3.1597856070194976,2.6284236572641047,58.35061914498531,38.179441357084016,0.13838899450623476,0.26260055446984504,0.207983873870631,0.207983873870631,1.897553742671454,9.13673211644952,0.1357366143181257,0.06884395276193357,0.6543108182317408,0.0,0.0,0.0,0.31516095534787125,2.8927720413026212,2.8927720413026212,0.0,0.0,0.0,2.5005481828759817,0.08192610215954511,0.5462212817283735,1.2056596390071006,2.0800461858548633,1.0481648907621248,2.0800461858548633,0.1721476209808529,0.05950957024022345,0.11263805074062945,0.630186792710085,1.0778915397050899,3.1597856070194976,0.08310707976087843,0.369813207289915,30.670442976304415,0.0,Healthcare
2006-03-31,CNC,2006,Q1,USD,0.17099925727018225,0.03545765780811202,0.04539002105133626,0.027678771551250553,0.031067201666527496,0.019262631900465416,0.019262631900465416,0.019262631900465416,6.856888862102218,10.69179538047329,0.0,5.492595319421143,0.6167981599523995,1.1970678558802608,1.1970678558802608,0.03556609683101419,0.5047853920954778,35.76194414898472,-0.9181514814425857,-0.9181514814425857,3.442581337601476,2.755476664747582,-261.6225348716879,134.2135084705127,0.17979227629989958,0.3641794486738467,0.266958609461442,0.2644242905234163,2.02555669336086,8.732942497193465,0.03979520992260741,0.02053054641182391,-0.5130043883121054,4.119676549865229,6.3043043043043046,5.457359813084112,0.07043240961312305,0.6609366157328805,0.6609366157328805,0.0,0.0,0.0,2.646547544131729,0.050979471149690245,0.7830693349652967,1.1031245728448373,2.1183232245954278,0.8602538593890577,2.1183232245954278,0.05433506718589504,0.08220919509149227,-0.02787412790559723,0.6200311217994059,1.1224198158145442,3.442581337601476,0.10578673761346151,0.37996887820059416,61.39120883230055,0.0,Healthcare
2006-06-30,CNC,2006,Q2,USD,0.16302875267770794,0.020587813677964355,0.0307252474797746,0.012731857708467513,0.015629132654812403,0.010024369413660196,0.010024369413660196,0.010024369413660196,5.113916078139842,11.165620707301963,0.0,5.482300982909767,0.6182383515408121,1.2713249099304815,1.2713249099304815,0.023381105463161765,0.5130390997341827,51.14705199899295,-1.2786762999748238,-1.2786762999748238,2.7157073265087335,2.0508677746303703,-239.74048919046496,199.21169890174545,0.20657666114117954,0.4424565352810803,0.3067382097546962,0.30540704659787077,2.1418515181571975,8.555908721864258,0.019903119157191316,0.010294916342447804,-0.8309472445577564,3.5650429799426933,2.567589576547231,4.931334622823985,0.03081041233624982,0.546165381319623,0.546165381319623,0.0,0.0,0.0,2.8682980310908675,0.028752879052129057,0.972629112298727,1.2053392214287881,2.1661023419495065,0.801837589840441,2.1661023419495065,0.02952888827528823,0.05406583662249283,-0.024536948347204594,0.6413900012918228,1.2275610529654297,2.7157073265087335,0.16292497021389077,0.3586099987081772,68.98675599290314,0.0,Healthcare
2006-09-30,CNC,2006,Q3,USD,0.18142761414275507,-0.09810867027116082,-0.08900766575471802,-0.10543541455115177,-0.10299105424325425,-0.11278116876224754,-0.11278116876224754,-0.11278116876224754,7.3308984066521115,10.46845623987034,0.0,6.118236006784589,0.775641679394378,1.1211679705613977,1.1211679705613977,-0.12885087885087884,0.5997816038653124,-2.495052994395517,0.0017011724961787616,0.0017011724961787616,2.3226859035321423,1.1255799713266874,7.5514260802839805,6.452655284298857,0.20822371937516052,0.5539661005867835,0.3564853186807639,0.3550852352983341,2.660437063794315,11.47600261789623,0.3294281312171845,0.17443671197894967,0.854494927937664,-15.159455517744288,-21.595068137573005,106.69864341085271,0.6497837260490614,6.8726126575958055,6.8726126575958055,0.0,0.0,0.0,3.6514509006016396,-0.4118149002478143,0.9980725399050275,2.3978891902143253,1.7695031402006889,0.8933386393265026,1.7695031402006889,0.6369470890535246,0.09267903209262822,0.5442680569608964,1.0950579114946242,0.9768165154155899,2.3226859035321423,0.2385023733705703,-0.09505791149462416,-12.093799724486528,0.0,Healthcare
2006-12-31,CNC,2006,Q4,USD,-1.6315858904502438,-0.07234442213937482,-0.06472469171207341,0.02687983940349871,0.03080298250645254,0.01983510180671064,0.01983510180671064,0.01983510180671064,7.6082213300750565,0.0,0.0,6.300592656837236,0.7792352901740821,1.1646341934935083,1.1646341934935083,0.03367648274491388,0.698662975478862,19.165443689004555,-0.16033119592923623,-0.16033119592923623,3.248736547976092,1.5205941069687412,17.777183548187015,15.046927794883436,0.19622449663679636,0.5380043685647151,0.3498067883037208,0.3485468069267905,2.7417798378178007,13.363865441549855,0.18166469476815372,0.10105678233438486,0.8464179803340097,-54.36457260556128,0.0,72.58187435633367,0.4013108070403207,6.5111788617886175,6.5111788617886175,0.0,0.0,0.0,4.039539527247603,0.08012467777518799,1.0172237068492147,1.9576069614924263,1.8907350316930664,1.0098501281021741,1.8907350316930664,0.408222866736205,0.06269569234718678,0.3455271743890182,0.6439344567544921,1.1459511362423984,3.248736547976092,0.16560418507923724,0.3560655432455079,-21.379125151199627,0.0,Healthcare
2007-03-31,CNC,2007,Q1,USD,0.18078568697175995,0.03284685818551896,0.04229232469280404,0.023788303519542812,0.028131652399606164,0.017459208652372507,0.05752641388426368,0.05752641388426368,0.0,0.0,0.0,5.471314547416456,0.683806596203122,1.2303333035246624,1.2303333035246624,0.0739060296089302,0.7969263001903496,5.964678795438486,0.03415087716330398,0.03415087716330398,2.4675350394355062,1.3725063242923428,43.031500321438685,25.338114669538633,0.20730262297748453,0.5450300976549812,0.3527634176720687,0.3516674036794486,2.6291519606781715,8.625351417682234,0.09192994110658304,0.05416765778325108,0.5888271261812118,5.126433976080059,5.045019157088123,37.284974093264246,0.17867695623457433,2.4320670542111666,2.4320670542111666,0.0,0.0,0.0,3.8232975011649466,0.2199405944546858,1.1770974721043077,2.0431261539096286,2.1266162044857775,1.2833983513900928,2.1266162044857775,0.20709907064666183,0.08515352004298819,0.12194555060367364,2.044899925077598,1.1825833807986836,2.4675350394355062,0.22088038830024753,0.37937493310499837,28.518060864658974,0.0,Healthcare
2007-06-30,CNC,2007,Q2,USD,0.18676543942748075,0.02833739389966897,0.037567452808798855,0.019284598292500937,0.02254816683637223,0.013981814709006488,0.024434852988260772,0.024434852988260772,0.0,0.0,0.0,5.520264888605694,0.6930758227127186,0.9767192263592488,0.9767192263592488,0.037177773157766145,0.525396197569929,13.135247036328872,-0.24081286233269603,-0.24081286233269603,2.389271113179706,1.283831321188736,100.07324884318767,39.1011907257052,0.19155582560795123,0.5143657952142147,0.3396575628158948,0.33857187560787894,2.6852004818007686,18.268174515513607,0.05309447412161021,0.03283356075253081,0.39072570519795763,4.07039537126326,3.331117968193686,24.58230452674897,0.11879642427436435,1.6412968814397582,1.6412968814397582,0.0,0.0,0.0,4.171108705341176,0.10192042801306636,1.1769797621864322,1.603736448056462,2.241269301947665,1.3770033307838898,2.241269301947665,0.13695235108222964,0.08344154712710719,0.053510803955122456,1.083673593759522,1.169231865469574,2.389271113179706,0.2152814690542518,0.3799134621244439,32.88250671933868,0.0,Healthcare
2007-09-30,CNC,2007,Q3,USD,0.1655527225398993,0.04035669326619442,0.05021149825040539,0.0318860949901852,0.034794529316377915,0.021955278654945804,0.02125117350857728,0.02125117350857728,0.0,0.0,0.0,5.368959912938262,0.6903520400648108,0.9690494988587447,0.9690494988587447,0.034419816701121896,0.5917059454994095,14.77865343373494,-1.97048712449799,-1.97048712449799,2.3058445485853594,1.2562549133737304,10.189176305269534,8.982346006598142,0.1860896302842834,0.49477051712279313,0.33100098741253703,0.3299059028455491,2.658775324379695,-60.31917631917632,0.2256222046773184,0.1398582188273449,0.8815576193291252,5.421745018378797,5.732678014864541,105.08817635270542,0.5188435623188119,8.4429238447915,8.4429238447915,0.0,0.0,0.0,4.3064508185454144,0.09151713355106325,1.184789677822936,1.8557430401036166,2.3462119349368313,1.5021363645719166,2.3462119349368313,0.602292540949323,0.07133696241034812,0.5309555785389749,0.6107619193622567,1.0912132491321986,2.3058445485853594,0.2145723645708623,0.36900199294803004,23.08290134863092,0.0,Healthcare
2007-12-31,CNC,2007,Q4,USD,0.17274673378569483,0.006987817377427767,0.016622338700260777,-0.0038688584143129596,0.001655487369773084,-0.03977840341476705,0.001911075937049963,0.001911075937049963,0.0,0.0,0.0,5.57966975293002,0.6887274130970529,0.9168837304847987,0.9168837304847987,0.012639278485956753,0.551733771569433,202.77261167684998,-2.2329126881081693,-2.2329126881081693,2.8785564719176384,1.5500554354736173,47.17615905231984,31.869831092616305,0.18530330026574404,0.49964702792695764,0.33317641993239333,0.33213452988399766,2.6963741455786936,-28.105673862310386,0.07700903861955628,0.04863707720850578,0.6755495091762698,-3.7638260185002954,-0.7255474452554744,38.6076210092688,0.18077221678392494,3.0821343418564497,3.0821343418564497,0.0,0.0,0.0,4.425648169095279,0.008457749721807213,1.2143273017079717,1.8078396966464132,2.3831389333244526,1.497544209398495,2.3831389333244526,0.21525059169796934,0.06983816012650451,0.14541243157146483,1.1543887147335423,-0.4279007377598927,2.8785564719176384,0.173575551774429,25.0282131661442,88.47402653762099,0.0,Healthcare
2008-03-31,CNC,2008,Q1,USD,0.16913406602432152,0.05631599480511481,0.0663233354037586,0.046585851637774824,0.05119040896887689,0.03199705349397096,0.03288254528841366,0.03288254528841366,0.0,0.0,0.0,5.151409777542723,0.6839683131816287,0.9503987042647002,0.9503987042647002,0.04801591862536636,0.5651274096863069,5.921658330211138,0.003557179915674536,0.003557179915674536,1.3693020758288492,0.778876792902719,88.77030943103699,22.717570204371913,0.18979965328827544,0.4878540728958679,0.3278910760020562,0.32746683498899176,2.5703633512696427,-24.499017496423686,0.05723687875191211,0.034285215623668555,0.2559140589908669,8.32766439909297,9.088883324987481,64.22115384615384,0.12355133790245752,1.3439307812264198,1.3439307812264198,0.0,0.0,0.0,4.47439188297304,0.14712939372997147,1.2645674636991826,1.8648505667677129,2.545092176166097,1.6629302166715318,2.545092176166097,0.15340549049252303,0.11414686874909663,0.03925862174342641,0.6423575421795482,1.0988402523346463,1.3693020758288492,0.3562793641429091,0.3749404597758781,10.823641291383678,0.0,Healthcare
2008-06-30,CNC,2008,Q2,USD,0.16645467454759505,0.04042940541065382,0.05066207080698603,0.03383418494289563,0.03549573386088624,0.02170451373296275,0.022092896241185538,0.022092896241185538,0.0,0.0,0.0,5.2221834891459356,0.6780954105335929,1.1173638685293033,1.1173638685293033,0.03526294954170346,0.6900686617237433,10.00222627808603,-0.37508348542822617,-0.37508348542822617,1.584020853473926,0.8839125893704562,16.09178708206284,12.14613241761174,0.18278446009061244,0.4830588470706965,0.3257179228085407,0.32538351491141193,2.642778531781246,43.77018699532512,0.11574239402988531,0.07277317247824451,0.7548032021347565,6.899613899613899,6.857810578105781,177.39644970414201,0.2699745604358495,4.078356686165147,4.078356686165147,0.0,0.0,0.0,4.748772729879954,0.10491414319420922,1.3034874814482424,2.461110702282353,2.64990198253668,1.7670047711238284,2.64990198253668,0.3455832569315379,0.0847359079954548,0.2608473489360831,0.6224099022088491,1.049108584137461,1.584020853473926,0.3049573785668902,0.3885317650276961,14.203658180250107,0.0,Healthcare
2008-09-30,CNC,2008,Q3,USD,0.20245190129501664,0.04032266517897179,0.05172379655694917,0.037168689923934226,0.03522482555884645,0.021079689121464153,0.021253227641774564,0.021253227641774564,0.0,0.0,0.0,5.049453651536715,0.6322279027401729,1.06259582917899,1.06259582917899,0.03184289460623138,0.4612938091208432,12.148011013672733,0.0,0.0,1.8566915701231643,1.0327377738734846,40.61690348174614,22.25783472840002,0.1840671903084784,0.523422548128667,0.34358330114755475,0.3433341904187022,2.843649361146126,17.494758290458968,0.06675659597999213,0.04639884276594778,0.5479943772277724,6.934235976789168,7.291066940827051,144.34057971014494,0.15936921187488248,2.212361859276948,2.212361859276948,0.0,0.0,0.0,4.964958317316419,0.10552138934984784,1.4708113426750218,2.5192595618234717,2.7616326171286842,1.6808942051848843,2.7616326171286842,0.23036832030464918,0.10412777608629493,0.12624054421835423,0.6033593440021161,0.9477015636261085,1.8566915701231643,0.28191141520287377,0.40156725300886126,19.396456201531187,0.0,Healthcare
2008-12-31,CNC,2008,Q4,USD,0.2968399032721533,0.05097815529068944,0.06286171762753709,0.0431443126859178,0.04561942246595301,0.028259505838071918,0.027094673897646557,0.027094673897646557,8.544941695215657,0.0,0.0,4.496082066212512,0.5448581540734534,1.0395723410163844,1.0395723410163844,0.032445150966437866,0.5914383957015685,9.953717217126453,1.0949088938839109,1.0949088938839109,1.7015790544255414,1.078770888269725,10.289446243123914,8.934822925605463,0.18253911375238432,0.5284396495315916,0.3457379882114012,0.3455201597056569,2.8949392744857083,25.212755102040816,0.14893490884242516,0.12073780278041969,0.8683482778848571,8.009127337488868,8.05121548265282,374.3686274509804,0.3603883847001797,7.595798854232973,7.595798854232973,0.0,0.0,0.0,4.567698344088034,0.12376029709588546,1.5547535357848368,2.822009758155407,2.8958395951009988,1.8504657183803734,2.8958395951009988,0.5514938618289507,0.07260511664571201,0.4788887451832386,0.5939284724147491,1.0573681587664527,1.7015790544255414,0.31055838878434866,0.38053784308289434,14.86322627950023,0.0,Healthcare
2009-03-31,CNC,2009,Q1,USD,0.16429134470499285,0.037026709636596655,0.04800120115611276,0.03315190871213543,0.032751880828154244,0.021121043289880796,0.01979548172258656,0.01979548172258656,6.304538908309048,4.013990480703851,0.0,5.276370961809426,0.6004746173116181,0.9351219361872911,0.9351219361872911,0.028596403098549997,0.5021974780729108,10.511502002383791,-1.261380240286056,-1.261380240286056,1.4748863851007221,0.8323209830604814,63.297056996982306,33.140542140234004,0.42685999111300016,1.2596750285062714,0.5574584896567907,0.3388708033938468,2.9510262257696693,-98.9478431580623,0.034364301510133345,0.02511488736480291,0.5235716115808352,0.08539822117466937,7.755143000501756,0.05956808180500089,0.035329739711333484,2.098951331002958,0.0196433858963207,63.983096760212376,1.5217401077815125,152.17401077815126,5.412575306506048,0.10714453555206381,3.8707806484221505,2.4242423468454253,3.189851525931369,1.7861466585207872,3.0544725651476856,0.13593621917641296,0.06476387383001278,0.07117234534640017,0.6044074789613282,0.9879334886128365,1.4748863851007221,0.8540827559542807,0.35511968302825897,24.50281996157112,6.8554391855557135,Healthcare
2009-06-30,CNC,2009,Q2,USD,0.15455583571996856,0.03449164910160861,0.044745923158843605,0.030241402100495543,0.030489605750628444,0.019148238186997398,0.019461859853444403,0.019461859853444403,6.584627176729189,4.839145397979131,0.0,5.350448071567916,0.6553165440367569,1.0336426284660047,1.0336426284660047,0.030852224148814614,0.5795500449171294,10.617438418932279,1.1679182260825518,1.1679182260825518,1.5744989075162092,0.8265403940473454,42.90452518651686,22.2000236908607,0.4309287111597526,1.2526581805253687,0.5560800086559168,0.3458612996846031,2.9068802984932396,-94.96336561300932,0.058333484061955494,0.03723150954958734,0.517428490219891,0.08698364187479646,7.556490384615385,0.09796977444751032,0.05661823762367547,2.072231741272221,2.072231741272221,0.0,0.0,0.0,6.043261812699598,0.11761311445643195,3.998165677263056,2.5913023689106782,3.4011701127018514,2.0010042985587573,3.1724378951012877,0.22499975989018156,0.10857847383036694,0.11642128605981462,0.6383112990250213,1.0082074121202482,1.5744989075162092,0.7955916479494113,0.37197488404379514,24.901253802459582,0.0,Healthcare
2009-09-30,CNC,2009,Q3,USD,0.16184598077119416,0.04022214645253382,0.04976527449495971,0.03661024393344853,0.03630780729585045,0.024339407108609427,0.020484784740241603,0.020484784740241603,9.907002042023702,0.0,0.0,4.945855564024391,0.6350000672777114,0.867407896056492,0.867407896056492,0.02992636478564579,0.5565322782279993,9.573718941602408,0.0,0.0,1.418266986265827,0.784462286729196,7.985248471003481,7.090976839227568,0.16962056594010816,0.4829372010288005,0.32566261112996464,0.3251514781161716,2.8471618305961925,-29.02324411209728,0.16224645900754744,0.11062823987655962,0.8880095422173466,8.333404119770652,9.352854330708661,178.07441860465116,0.4141534334299684,8.929332193112026,8.929332193112026,0.0,0.0,0.0,6.035981691028786,0.12364578563676416,1.6359521109198274,2.5561330239824454,3.449018612446389,2.03888226256207,3.3385815547091324,0.6677500304056545,0.07478163158950994,0.5929683988161445,0.56419779286927,0.9917390160484083,1.418266986265827,0.34051219248946346,0.32963709677419356,13.505562781605637,0.0,Healthcare
2009-12-31,CNC,2009,Q4,USD,0.19482102558189335,0.03815046040819016,0.05023400193644152,0.03457225324555287,0.0343910550311789,0.02177947628225191,0.021702604312517502,0.021702604312517502,10.562229353541602,0.0,0.0,4.742302133920085,0.641887398934658,0.860632930488275,0.860632930488275,0.034091549185224994,0.5639719070048107,9.604116861374658,0.5762470116824792,0.5762470116824792,1.5162754545182202,0.8337373920543668,29.578472305119966,12.792363243421608,0.18076686302106953,0.5121637027852441,0.33869593737893144,0.3382254138534909,2.833283126263845,-11.286218168860612,0.09947926269855903,0.06517461833982169,0.43248897750568677,8.647665124106016,9.19620253164557,110.24458204334366,0.23142939775323254,1.7620803127396887,1.7620803127396887,0.0,0.0,0.0,6.347922080067729,0.13776644111040298,1.8115517279960764,2.5752768266029222,3.5984083203750195,2.163139353924131,3.490460776258911,0.4137233988193413,0.23479258909378692,0.1789308097255544,0.6310537519957424,0.9947588543596803,1.5162754545182202,0.33777748050929074,0.3667110164981373,14.847801600779713,0.0,Healthcare
2010-03-31,CNC,2010,Q1,USD,0.19823789370658945,0.03431017075551056,0.04603165840289467,0.027706950644742642,0.030742354646348297,0.019022738394772816,0.022458621099426323,0.022458621099426323,9.705058118416273,4.27116616404556,0.0,3.965687293129295,0.6175182920381748,0.8347557264276112,0.8347557264276112,0.03723129389677486,0.5109945366676738,11.83388430714107,-1.6567438029997477,-1.6567438029997477,1.549364671927822,1.063090895154114,-18.444253389827757,-29.51032635220779,0.3914955528809346,0.9239750770149694,0.4802427474520661,0.24039040236677808,2.3601164054498915,-10.03564570274902,-0.056195109419905916,-0.036024369316220044,1.599974025974026,8.19807735300693,7.765801206399161,-58.333333333333336,-0.05682237473249207,-1.6667388198623316,-1.6667388198623316,0.0,0.0,0.0,5.653326566331605,0.12696591930456236,3.6042779632994963,2.064658820008517,3.9648893158914187,2.634397355909604,3.8790093183949783,-0.20365752409072788,0.12218922464861619,-0.32584674873934405,0.7305432963019327,1.1095538820033095,1.549364671927822,0.20483606818285782,0.3812205143813727,29.751165048480537,0.0,Healthcare
2010-06-30,CNC,2010,Q2,USD,0.18734699639292254,0.0425819022039949,0.05408944511930102,0.038735219712251065,0.03898875527966923,0.022964935938155896,0.021149324090893894,0.021149324090893894,6.548911324656368,5.220609379940696,0.0,3.4309693823903338,0.6211416312429443,0.8571305190328806,0.8571305190328806,0.03684528730501515,0.417072983061121,11.597224432441926,-1.5076391762174493,-1.5076391762174493,1.3841363258781756,0.9810938323061893,-10.536853230133953,-17.678799919673338,0.4085139226910069,0.9278644707362133,0.4812913380689464,0.24824034875864065,2.2713166411173566,-10.54661031475124,-0.0938351399691278,-0.0554954995115029,1.6778064127451637,0.08910144234427138,10.780304988369087,-0.1310019160531935,-0.08438039238944102,-1.4753475051230773,-1.4753475051230773,0.0,0.0,0.0,5.478578932012405,0.1158682413906737,3.6228503141676316,1.502272733193269,3.9643800073722586,2.5962616640594574,3.8832880110922536,-0.3040364744452245,0.20607787208740425,-0.5101143465326288,0.542446762898385,1.0065453499244768,1.3841363258781756,0.6703562744424922,0.41098566052117574,25.73724061673706,0.0,Healthcare
2010-09-30,CNC,2010,Q3,USD,0.19069563876451717,0.036511653404477026,0.04872528771389682,0.03587610229787826,0.032181348669754986,0.02044816603839513,0.02020036350314344,0.02020036350314344,6.151261932568991,6.223921522926849,0.0,3.605009720593197,0.6249305778761649,1.0225324160631197,1.0225324160631197,0.03668517873986754,0.6015289853757118,12.813674847100874,0.0,0.0,1.4697492294513184,1.0353635588900942,26.276077311163895,16.0072488394912,0.14715874813458507,0.33427559870124285,0.2505296499663338,0.2500581225974016,2.271530594943148,-29.48928843676892,0.10976233262541371,0.06468091858082241,0.6091947686837644,7.516754211193624,8.2848909016056,109.44645550527903,0.27467673066440557,2.5588193807743846,2.5588193807743846,0.0,0.0,0.0,5.696066806061919,0.11506262002063998,1.3659763884314209,2.175755852047688,4.081834005755589,2.6989450064650753,4.012589278377533,0.36842683331381604,0.14398313381631403,0.224443699497502,0.6277040689139407,0.8970135161995627,1.4697492294513184,0.22743716547212173,0.3645957399662078,18.8069443232168,0.0,Healthcare
2010-12-31,CNC,2010,Q4,USD,0.3026074350808531,0.04131691856433149,0.052646597836183674,0.03852853038479418,0.036700370627848825,0.022340975927395215,0.021506915084138534,0.021506915084138534,8.668107719295671,4.4466466542128735,903.0690789473684,3.6188189654379928,0.6075312184587336,0.8583135357780374,0.8571217621523014,0.03381416726324023,0.5673548113939831,12.160423215284066,1.4592507858340853,1.4592507858340853,1.556102366781327,1.0461327579132051,6.9898576907365815,6.347850260655106,0.17009314351385527,0.41645642801273147,0.29401287591812053,0.29223998295540143,2.448402207222469,-25.253536336323492,0.2543299801632416,0.16480110824246869,0.9081515735388568,5.468133994437054,8.345744680851064,69.08945686900958,0.5886293593353517,10.887502797046318,10.887502797046318,0.0,0.0,0.0,6.0556367746641175,0.13023806589308773,1.7233789629593896,2.335721952482073,4.087046797528054,2.5120271384973507,4.071068931733225,0.9979756515784952,0.09166249324401891,0.9063131583344763,0.5860135665174657,0.9525504933957496,1.556102366781327,0.26762791247091167,0.3912602094965622,18.2057669923119,0.0,Healthcare
2011-03-31,CNC,2011,Q1,USD,0.1789063572618894,0.03522485586057383,0.047001825944192374,0.03214270152595003,0.030542842274102092,0.018763405809314206,0.019521406955359324,0.019521406955359324,9.21322042371405,0.0,0.0,3.6398258423604046,0.6070599919648049,0.9103870401580325,0.9103870401580325,0.032469387772507886,0.6022236174907931,17.274891360286375,-2.245735876837227,-2.245735876837227,1.9792101604097456,1.3489207374150844,21.27856905678974,17.456662674085816,0.15240070170710465,0.3683501366703579,0.26919289646630495,0.26723107710584376,2.4169845187345746,-13.392830992661429,0.1150374458262499,0.07727254416261016,0.8203870583353725,4.906436097114063,6.865144863915716,30.948633519920975,0.307800879608859,5.567527544129843,5.567527544129843,0.0,0.0,0.0,6.112293903791384,0.11932057672667352,1.5630920174961302,2.737383375379871,4.176828220379201,2.639565125366756,4.165803190042779,0.47231250061557256,0.08483343762053916,0.38747906299503343,0.6391483405561088,0.9502263600787785,1.9792101604097456,0.18610966335889276,0.385669295577508,25.43399942978083,0.0,Healthcare
2011-06-30,CNC,2011,Q2,USD,0.179147902607881,0.0378307759461116,0.048661078893456645,0.04205506557344637,0.03383386032392051,0.021340457211862382,0.02157695659513891,0.02157695659513891,8.64373089690078,7.074624126676192,0.0,3.863234153564126,0.6540913350483774,1.0330273296050938,1.0330273296050938,0.03737786587612048,0.6327915249015369,15.704829752237965,0.9422897851342774,0.9422897851342774,2.0523950938321134,1.355449719592339,-30.168328581148554,-43.64755877170213,0.16893780677303122,0.39108036468900337,0.28113427133049584,0.2792418505909867,2.3149369117501433,-54.277742235063464,-0.05446581832101183,-0.031054422234288,1.4468006954477557,5.643213099193166,10.521879756468797,-12.87421185372005,-0.12023613237545637,-2.238134385618766,-2.238134385618766,0.0,0.0,0.0,6.55317557826599,0.1413975850125696,1.7187376288325653,2.757078490480166,4.337029809923852,2.7806148545463665,4.327870411839228,-0.2035050813828965,0.09092621188903027,-0.29443129327192674,0.6377326260900836,0.8045133175415439,2.0523950938321134,0.19054828471588323,0.36925739458779105,25.74816936333802,0.0,Healthcare
2011-09-30,CNC,2011,Q3,USD,0.17548376195724386,0.03935685292638063,0.05048404996793481,0.037285480037018974,0.03584542658223473,0.02166838833057483,0.022262842396709767,0.022262842396709767,9.335792696480171,6.1801931977801825,0.0,3.767462384259259,0.6390362100968934,1.0492839343903173,1.0492839343903173,0.03835807160585107,0.6183863194501492,12.448734165660468,0.0,0.0,1.5989695794219627,1.108576827074541,98.13079264667891,39.52479063063063,0.17241538396602107,0.38915709364026096,0.2801390104991523,0.2782956228918543,2.2570903169345637,42.859000312710876,0.05,0.028047633128141715,0.40277663681919,6.080128617363344,10.61832895888014,11.401498595067125,0.10395506922936783,1.6744154057771665,1.6744154057771665,0.0,0.0,0.0,6.465496864943989,0.14394033772066914,1.7671287164583807,2.7708577082302788,4.48947167326454,2.946255666244888,4.482574335523691,0.18134188405909946,0.10830160988331988,0.07304027417577956,0.6210790195406239,0.9613776340453581,1.5989695794219627,0.2433799233259607,0.39550479945149125,20.43213091097183,0.0,Healthcare
2011-12-31,CNC,2011,Q4,USD,0.12369690069374778,0.034081620195650676,0.04421447793754678,0.03143428504700181,0.030898846584605913,0.019416445060165502,0.019979086715818193,0.019979086715818193,9.57241028898063,6.1003168532683,0.0,4.310872885573563,0.6881026472650772,1.1222485801915683,1.1222485801915683,0.03619378316108642,0.6849201242101066,16.606292527397716,2.3248809538356814,2.3248809538356814,2.13779610653311,1.3271142337324906,12.88345295962075,11.62748424536254,0.16051327284946237,0.375764454904375,0.27313138783665786,0.27130059860838734,2.341017962151867,21.78110164531443,0.20537288700151501,0.11413597350276278,0.9025130360475053,6.142821566430084,9.876381071503022,53.19202226345084,0.4892882944894163,10.25778175313059,10.25778175313059,0.0,0.0,0.0,7.457911119047694,0.14900225296631855,1.7634390907569002,3.484555643335635,4.633652388432089,3.1026037668672113,4.629767997870899,0.8512159458695875,0.08298245823077717,0.7682334876388103,0.646596521365686,0.9829664183042405,2.13779610653311,0.17577188664346327,0.3716126261541765,26.68219394558742,0.0,Healthcare
2012-03-31,CNC,2012,Q1,USD,0.11528501040797876,0.023064010821494403,0.03276702714952212,0.01997374058784638,0.020261098923691177,0.013201545660772316,0.014004630440826378,0.014004630440826378,0.0,9.56555482583546,0.0,4.854265543931275,0.7499070362092323,1.0360848881374096,1.0360848881374096,0.031127399104927195,0.4874336107852783,26.103347399491202,-1.3051673699745603,-1.3051673699745603,2.555477448691397,1.4622709343935218,-53.18260378494349,-78.00424525735293,0.15347106428101212,0.3576541605721699,0.263435395374504,0.26163960173973205,2.3304338329034437,25.468538958141195,-0.036131042572400546,-0.01874604298226555,1.4667248255234298,5.478590988299726,7.1260679308189205,-9.921483771251932,-0.09159895775363373,-2.1425901201602136,-2.1425901201602136,0.0,0.0,0.0,8.372251483667482,0.11725028798642341,1.7368768576038724,2.7345311868162363,4.787804851237756,3.281208576340725,4.790689898777667,-0.15694658617116716,0.07325086804723592,-0.23019745421840307,0.6912078408763332,1.0143868062459793,2.555477448691397,0.13995590560007354,0.34842894205823005,43.15395628997183,0.0,Healthcare
2012-06-30,CNC,2012,Q2,USD,0.07075650030842176,-0.02023028824879924,-0.012340660600564919,-0.02214667231395914,-0.02247546602007063,-0.018397287025535048,-0.016581341383567705,-0.016581341383567705,5.274306961123855,13.738544191193983,0.0,5.555033292102008,0.8616872486783287,1.0379043081076273,1.0379043081076273,-0.012217935577794605,0.4079281711330876,-11.098312760364582,0.04592405280150861,0.04592405280150861,1.633039382065695,0.7360996506448432,-76.66630776670286,69.99997266174086,0.16687309914065848,0.42963208986912305,0.300519338446337,0.29881714803705534,2.5746036484105996,59.24319014272282,0.02146125255744337,0.010515713401802016,-0.9130473959271941,-2.168884467106081,-9.86410635155096,6.72198667474258,0.0543002808466499,0.5227262022514249,0.5227262022514249,0.0,0.0,0.0,10.243178343305498,-0.16984563696311594,2.006676774226673,2.787678443711402,4.600458751614429,3.2476287173114238,4.617157481200705,0.1077143277817458,0.20606261426691705,-0.09834828648517123,0.7377529510961214,1.0148461900483463,1.633039382065695,0.26308740290492244,0.18145025295109612,-59.14424881756757,0.0,Healthcare
2012-09-30,CNC,2012,Q3,USD,0.06267337276221233,-0.0017960713543162287,0.004995259629732354,-0.011290700092029765,-0.00377922496477911,0.0001205005798324511,0.0015599719131529856,0.0015599719131529856,7.744203996545648,0.0,0.0,6.412369918880196,0.9097655982899631,1.075298762453969,1.075298762453969,0.011791527863648527,0.6223047322347853,125.04499645195077,-1.1337413011643536,-1.1337413011643536,1.981565330572554,0.7802667293814317,6.283035710456117,6.022370014061328,0.14690427420050123,0.41008154741960146,0.2908211572373498,0.2890758669923419,2.791488196319629,36.10984342849557,0.24777636991705426,0.12956140648276782,0.9585127781526064,2.658203125,-5.693305870236869,95.0500449505544,0.8023627026890289,24.103807280188462,24.103807280188462,0.0,0.0,0.0,11.864532539198517,0.01850833752383936,1.9393529419290854,4.538836588875108,4.638298911734955,3.2926376072359216,4.671811651713313,1.5371855230391243,0.06377355681492593,1.4734119662241982,-0.41277561608300906,0.3347201620780724,1.981565330572554,0.20694828532406367,1.0318849978383053,123.38509819282034,0.0,Healthcare
2012-12-31,CNC,2012,Q4,USD,-0.05362687176859522,0.006861812812083133,0.013527096962901981,0.005452731518899506,0.004330306680680982,0.0019356612730467408,0.003780777494088493,0.003780777494088493,0.0,11.526749929245067,0.0,6.344802846507786,0.8741338346314416,1.147450901770126,1.147450901770126,0.014002343511855989,0.7050029655247309,58.61659049773756,0.410316133484163,0.410316133484163,2.229144673555384,0.8864651445361903,-52.93515986445408,-74.3065896960582,0.19654139320315048,0.5653959473525165,0.36118398562915993,0.35973643920171283,2.8767270758486383,17.563727771405958,-0.023883751430552422,-0.01192983217453748,1.40372844601448,2.8262711864406778,2.153947585297511,-8.476430477319893,-0.0530588990709914,-2.4769124144503163,-2.4769124144503163,0.0,0.0,0.0,11.562778371125837,0.04371629223468577,2.629061437017681,4.742983711196616,4.601606544067933,3.2673164088449163,4.598176207043448,-0.1379420054389031,0.0556911114959693,-0.1936331169348724,0.8730969358257853,0.7941536577900214,2.229144673555384,0.2536380675780616,0.55299672383889,56.12146290755421,0.0,Healthcare
2013-03-31,CNC,2013,Q1,USD,0.09617807610586811,0.017368169719681234,0.023581241125456447,0.015680175111127303,0.014744908100711072,0.008928196676911576,0.009107964341064399,0.009107964341064399,0.0,12.657265800885005,0.0,6.596479588771669,0.8747297081523451,1.0521592173171936,1.0521592173171936,0.020358018695935603,0.5590959793251289,25.368232816928963,0.15972591032881203,0.15972591032881203,2.367922716483989,0.9242118395696346,72.17540322891864,54.28977659200334,0.18570275187667315,0.5439268018520698,0.35230090001649295,0.3508425083078577,2.9290185328718037,20.64238277977351,0.032892049079867244,0.01702368102405798,0.7521922173377061,4.466746316208682,5.977358490566037,12.574729453056449,0.08018793143002091,4.03538577060259,4.03538577060259,0.0,0.0,0.0,12.058923639400403,0.10983224649927739,2.5917105943128766,4.187100134367592,4.710581955435707,3.3947389274799478,4.706656987753662,0.20528726953062487,0.05087178307118083,0.15441548645944403,0.6177023470648263,0.9403535353535354,2.367922716483989,0.22970631518739754,0.3944894999731457,35.92441087114216,0.0,Healthcare
2013-06-30,CNC,2013,Q2,USD,0.11192937550444564,0.027892707214870187,0.034495558196985375,0.026330577708281698,0.025198627563120107,0.015252022666583414,0.015124845865164244,0.015124845865164244,7.293882785520301,10.716696713354597,0.0,6.711501034797475,0.857253709483833,1.0164989110779268,1.0164989110779268,0.029496698060959115,0.5215255207591861,18.13997791155911,0.2850567957530718,0.2850567957530718,2.5620976719337296,1.0974574796392622,154.50334635388018,75.50085783587203,0.1811032646084785,0.49320206366084274,0.3302982735314956,0.3290811673506612,2.7233195642667236,58.03454676818763,0.028734518072471626,0.014535695501963387,0.48866810731038846,6.369111508646393,9.773496374235746,12.52756685374711,0.06880482754368977,1.9556769571715713,1.9556769571715713,0.0,0.0,0.0,11.968573036941272,0.18102282240969747,2.5607228779910947,3.759657515309825,5.1453046043212645,3.324985426113163,5.1266585750754885,0.17397153325798753,0.08895719337492047,0.08501433988306707,0.6002249855583595,0.9570100528099859,2.5620976719337296,0.19249932157683947,0.3947280411054696,30.290782563851998,0.0,Healthcare
2013-09-30,CNC,2013,Q3,USD,0.11912427098893677,0.03174632132003228,0.037931826376607546,0.03004469932407296,0.02938436840026785,0.01783751996016552,0.017661169393840537,0.017661169393840537,7.8538883597839,9.107696176876333,0.0,7.164449000512557,0.8905814107957313,0.9866349140429655,0.9866349140429655,0.03411813837229893,0.5344599602587508,17.708621380106536,0.637510369683835,0.637510369683835,2.964981279635519,1.2510198477017909,30.569564735807,26.751964366523627,0.16596714215219507,0.4416784862560712,0.306364068318087,0.3051193835531703,2.6612405354973427,1719.8203629652414,0.0942564089253424,0.046763663055236,0.8751176079124309,7.644419110788683,12.7202786612146,42.918910045961916,0.25093430228205854,8.007533994854834,8.007533994854834,0.0,0.0,0.0,12.781571794703916,0.22573750458580027,2.412140090117605,3.949878254546572,5.418335629738737,3.5982392721534846,5.392951419229746,0.5977131167238421,0.07464384379858982,0.5230692729252523,0.6010396123974387,0.9780217163539384,2.964981279635519,0.14896501684164637,0.392958878095099,30.9032077554908,0.0,Healthcare
2013-12-31,CNC,2013,Q4,USD,0.12091084290731591,0.034529585094350855,0.04092877552235252,0.032760878623727605,0.0320383653788916,0.01897471575689029,0.019807726650395856,0.019807726650395856,0.0,6.990683431952663,171.9312377210216,6.797654062775823,0.7615787833281388,1.1546076282725972,1.1457930462100119,0.030815522028679786,0.6658065666487719,15.19874554986852,3.495711476469762,3.495711476469762,2.6228665435751326,1.2042103891228646,21.664244948595755,18.944168494521705,0.18948856713795936,0.5419285096686415,0.35146150179498353,0.3505187519637734,2.8599535995967718,24.15873087207604,0.10958482375646278,0.06356628370736353,0.8744439762138877,7.724525577557756,13.150537634408602,56.952,0.2554810231442576,7.964572067872459,7.964572067872459,0.0,0.0,0.0,12.238309960715965,0.2424130983646787,3.0755046317657615,5.1915697284430555,5.661643512724976,3.8530523852337897,5.618852410199971,0.7779438830615241,0.09767554068593327,0.6802683423755909,0.6182502264440161,0.9779458526392296,2.6228665435751326,0.20669041408466093,0.40775019160647513,26.065029109171896,0.0,Healthcare
2014-03-31,CNC,2014,Q1,USD,0.11473988439306358,0.02167630057803468,0.02745664739884393,0.02023121387283237,0.019653179190751446,0.00953757225433526,0.00953757225433526,0.00953757225433526,0.0,4.984207725766059,146.81493553180272,8.383834223005143,0.7781493853407001,1.1288218366780562,1.1185009916183637,0.018362798027819375,0.6286558661312736,27.10887334090909,-0.6506129601818181,-0.6506129601818181,2.533062508052151,1.0342113528901735,15.270714597851738,14.174855041692249,0.18376020224687262,0.5783957425180475,0.36644532605956015,0.36470447501299674,3.1475571720420823,13.799759900131217,0.12488356090179144,0.07296098265895953,0.92823783398364,4.5686438742100055,9.9672504627652,41.31669394435352,0.30895995496157047,13.934919408257894,13.934919408257894,0.0,0.0,0.0,15.047697897058994,0.1435185059546089,3.5840615549306385,5.960314854203638,6.70996419935218,3.4799932419310067,6.143748900996168,1.0978948253245833,0.0787873107234453,1.019107514601138,0.4852941176470588,0.9714285714285714,2.533062508052151,0.22833851935332475,0.5147058823529411,32.89115032631579,0.0,Healthcare
2014-06-30,CNC,2014,Q2,USD,0.11058648111332008,0.02485089463220676,0.030318091451292245,0.023111332007952286,0.022614314115308152,0.01143141153081511,0.012176938369781311,0.012176938369781311,6.586258877291646,5.33905776594967,258.86011861709824,9.492692938276265,0.8593576984589862,1.0978317585954998,1.0913029989512242,0.023004311094283452,0.5944150914172734,22.281296028724487,0.4456259205744899,0.4456259205744899,2.9584321682400003,1.085271874162525,32.113168580725336,27.38976707577582,0.19028558480850355,0.6036079977509289,0.37640620313536305,0.37478584785191366,3.172116260716112,17.211843835880106,0.07529086885012894,0.03962326043737575,0.8529138757181205,5.087545424512719,10.333333333333334,25.98924205378973,0.1789444740607727,6.7987378475183355,6.7987378475183355,0.0,0.0,0.0,17.417294642954378,0.21208932343557765,3.8956263943899136,5.999725617012424,6.949699666801613,3.816092898101572,6.389364002638357,0.6901300017522907,0.10150854720839116,0.5886214545438995,0.5384615384615384,0.978494623655914,2.9584321682400003,0.204029689857659,0.4945054945054945,32.781655915,0.0,Healthcare
2014-09-30,CNC,2014,Q3,USD,0.10891544117647059,0.02619485294117647,0.031479779411764705,0.024816176470588234,0.02412683823529412,0.017922794117647058,0.01884191176470588,0.01884191176470588,6.351541474748537,4.184380327585835,301.60211541452793,10.258610326026744,0.7990679988138835,1.0506466061292348,1.0457656001059867,0.02862561207379949,0.6009096178747011,14.780247748902438,0.2217037162335366,0.2217037162335366,2.9688972716934194,1.1139524957812499,11.684975985248922,10.971995296178523,0.17531959506788497,0.5847567185558481,0.36898831960070394,0.3677346635571665,3.3353757081712754,25.555128201364074,0.16772811528558138,0.10152688419117648,0.9389831275673596,7.784304012454887,12.0,86.11284350029234,0.46273711814722923,16.388909495548962,16.388909495548962,0.0,0.0,0.0,18.562281675663574,0.34974887348446987,4.111046359230241,7.464003504722565,7.598720799466553,3.843795567586462,6.964707131212333,1.8845706220090928,0.11499060523343059,1.7695800167756621,0.780952380952381,0.9722222222222222,2.9688972716934194,0.19696091344457692,0.2571428571428571,30.801461763795615,0.0,Healthcare
2014-12-31,CNC,2014,Q4,USD,0.1245176525769327,0.043117324799753456,0.048195479316447215,0.040927063756958065,0.0409814604604755,0.021958488753746123,0.022549021060413996,0.022549021060413996,0.0,5.385756510416667,376.0237272727273,10.616968539325843,0.8092756080849606,1.0462068965517242,1.0424137931034483,0.03306967316949582,0.5551724137931034,14.333551314838454,0.45606754183576864,0.45606754183576864,3.5023177884747705,1.292830201875268,18.244180669605786,16.54103606370475,0.15296334361082561,0.5120412844036697,0.3386423966628745,0.3373860182370821,3.3474770642201834,35.3345773283773,0.12733310344827586,0.07815896156058004,0.9066472407424458,9.188466666666667,19.3362,73.8532,0.413511758118701,10.712056161522394,10.712056161522394,0.0,0.0,0.0,20.08191018614899,0.45282741572081586,3.8382409033350546,7.59572147758554,8.037778015732655,4.32280287784247,7.4129481012362515,1.5695812463022396,0.1465247402212248,1.4230565060810147,0.5502249262727315,1.0013291132694118,3.5023177884747705,0.1462006920356189,0.46418481657275373,23.675866804419808,0.0,Healthcare
2015-03-31,CNC,2015,Q1,USD,0.11440265055544728,0.026895342038588968,0.03215747417657377,0.025141297992594035,0.02494640420970571,0.012668095887741182,0.01227830832196453,0.01227830832196453,0.0,4.534930139720559,0.0,11.402222222222223,0.7662783751493429,1.073885731379001,1.073885731379001,0.01913265306122449,0.4983547711636255,33.32072873392857,-0.8067123798740602,-0.8067123798740602,4.57094373486663,1.6364887236308712,466.490202275,186.59608091,0.16845878136200718,0.6140446379967338,0.38043844856661047,0.3793918918918919,3.6450734893848664,26.93438320209974,0.013460963206700568,0.008770220229974663,0.4,6.8,12.9,9.0,0.0398936170212766,1.6666666666666667,1.6666666666666667,0.0,0.0,0.0,21.598071217735118,0.2651877775710997,4.790217315490658,7.648352251534732,8.38498496701001,4.525029537919558,7.7325388475890495,0.18941984112221405,0.11365190467332843,0.07576793644888563,0.4921875,0.9922480620155039,4.57094373486663,0.13433651202329888,0.4921875,47.629234187575754,0.0,Healthcare
2015-06-30,CNC,2015,Q2,USD,0.1211405739193607,0.03323646930621141,0.03795859062840538,0.03142026879767526,0.03123864874682165,0.015982564475118054,0.015982564475118054,0.015982564475118054,0.0,4.819721115537849,0.0,11.917748917748918,0.7841070919965821,1.10989010989011,1.10989010989011,0.02313781205601786,0.5688259109311741,27.181497010227275,0.7339004192761367,0.7339004192761367,4.931900488453608,1.737720113984744,29.993376011285267,27.336819850285718,0.16291654799202507,0.5896907216494846,0.37094682230869,0.369925300422215,3.6195876288659794,17.562998405103666,0.10121457489878542,0.06356701779876499,0.9114285714285715,7.8125,15.727272727272727,70.0,0.30594405594405594,11.290322580645162,11.290322580645162,0.0,0.0,0.0,23.133759963115057,0.369736810162391,4.852795633381382,8.852675670592703,8.802257014661468,4.772966094823593,8.151016042216348,1.4705441313276915,0.1302481944890241,1.3402959368386673,0.5116279069767442,0.9942196531791907,4.931900488453608,0.11956663015201699,0.4883720930232558,41.84156434258374,0.0,Healthcare
2015-09-30,CNC,2015,Q3,USD,0.12042604363511424,0.0328122315753307,0.037794193437553684,0.03143789726851057,0.030922521903453015,0.015976636316784056,0.015976636316784056,0.015976636316784056,0.0,4.946859903381642,0.0,11.92827868852459,0.7950013657470636,1.0092618579848442,1.0092618579848442,0.02386074711519656,0.4673028346898681,17.365484533655913,3.212614638726337,3.212614638726337,3.1496636989371036,1.1097681234358356,339.99790771157893,104.19290720193548,0.17495219885277247,0.6245733788395904,0.38445378151260506,0.38352870453862337,3.569965870307167,28.188861985472155,0.017401066516980073,0.010651090877856038,0.3064516129032258,8.3125,16.636363636363637,12.4,0.04839968774395004,1.441860465116279,1.441860465116279,0.0,0.0,0.0,24.4330319346821,0.3903576653367867,5.423033372205682,7.668639296454938,9.272043900311417,5.032675706868894,8.608855608663973,0.26023844355785775,0.18048795279012717,0.07975049076773061,0.5166666666666667,0.9836065573770492,3.1496636989371036,0.1982984339091063,0.48333333333333334,27.61800112054545,0.0,Healthcare
2015-12-31,CNC,2015,Q4,USD,0.12551570929863534,0.03617899079657252,0.04078070453824183,0.03490955252300857,0.034433513170422085,0.017772135829895272,0.017613456045699777,0.017613456045699777,0.0,5.646516393442623,0.0,12.166023166023166,0.858700095380842,0.9933866078809589,0.9933866078809589,0.027916251246261216,0.4849820887296776,17.710328160427927,0.8633784978208617,0.8633784978208617,3.6455195657070005,1.2477603464344653,51.73280067914474,39.12132190661692,0.16637144025071535,0.5660639777468707,0.3614564831261101,0.3605099318114438,3.4024107556791843,1400.4444444444443,0.05538715899696886,0.03189463662329419,0.7562189054726368,9.5,20.0,40.2,0.16461916461916462,4.1020408163265305,4.1020408163265305,0.0,0.0,0.0,26.37124997122052,0.4644888522382542,5.155407801419182,8.101355116515856,9.724973807222547,5.552943305587057,9.026148236737967,0.8411014351341359,0.20504462846553564,0.6360568066686003,0.511520737327189,0.9863636363636363,3.6455195657070005,0.15527662588119726,0.4838709677419355,28.499555265486382,0.0,Healthcare
2016-03-31,CNC,2016,Q1,USD,0.1186538184956134,0.005033798360419963,0.010067596720839926,0.0028764562059542644,0.00028764562059542645,-0.002013519344167985,-0.0023011649647634116,-0.0023011649647634116,0.0,1.8983890954151177,0.0,11.98793103448276,0.37277503752948743,0.9593444289162749,0.9593444289162749,0.0014395029926509584,0.4365391945114979,-120.776362333125,1.0610259868517522,1.0610259868517522,1.459257539988673,1.1117053342902343,51.5312479288,39.63942148369231,0.22946600900707698,0.8080045308665282,0.4469040409313981,0.4466729342943696,3.5212384368510476,-40.424418604651166,0.024774488629144963,0.02804544800805408,0.7692307692307693,1.4594594594594594,0.6060606060606061,48.75,0.0455607476635514,4.333333333333333,4.333333333333333,0.0,0.0,0.0,27.691690460093554,-0.06372314790184049,17.177371056289875,14.755891436019937,21.71764534429601,-2.529012432354294,21.096344652253062,0.7766258650536808,0.17922135347392634,0.5974045115797545,-8.0,0.1,1.459257539988673,0.5537093410343455,8.0,122.48124556171427,0.0,Healthcare
2016-06-30,CNC,2016,Q2,USD,0.13756079654950903,0.037533266036523814,0.044507662659447556,0.03459667798476645,0.0327613104524181,0.015600624024960999,0.015600624024960999,0.015600624024960999,0.0,2.920447482908639,0.0,17.4073482428115,0.558935166187936,0.8909689130928069,0.8909689130928069,0.017814468824679557,0.30746539596097117,17.901170338235296,-0.020594266760801668,-0.020594266760801668,2.201627026587086,1.117077712214371,-25.95478855010661,-28.98284721428572,0.2305088223225277,0.812805208898535,0.4483687518706974,0.39758117236870777,3.526134924941219,-17.01327088212334,-0.047651463580667124,-0.038542718179315406,1.1166666666666667,0.33221850613154963,7.25,-0.4970414201183432,-0.09345794392523364,-8.571428571428571,-8.571428571428571,0.0,0.0,0.0,31.944957463399763,0.4983612708798715,13.32676669070527,9.243135806377852,16.671650279375466,-1.8439367022555244,16.20846745114594,-1.2312454927620353,0.14364530748890414,-1.3748908002509395,0.47619047619047616,0.946949602122016,2.201627026587086,0.36918388041344485,0.5238095238095238,28.7768986185567,0.0,Healthcare
2016-09-30,CNC,2016,Q3,USD,0.13405863912963303,0.03457495851004979,0.04176654988014014,0.03153236216116541,0.02931956481652222,0.013737783514659782,0.013553383735939516,0.013553383735939516,0.0,2.447107868681605,0.0,14.96,0.552409086278904,0.8594702427130666,0.8594702427130666,0.01634936782444412,0.330488750969744,19.44739174408163,-1.3890994102915448,-1.3890994102915448,2.002638589408056,1.0543118518827217,31.501560180495865,23.823054886499996,0.23372720790465518,0.803677758318739,0.4455772405087873,0.39602284747196953,3.4385288966725045,-9.731718259309107,0.05319738446193062,0.04425594689286373,0.75625,0.3148558758314856,6.0,0.5680473372781065,0.10459795162344737,4.102564102564102,4.102564102564102,0.0,0.0,0.0,31.755310290986095,0.43039190602756366,13.602726499347353,9.919508691301944,17.192253552339142,-1.2414025044604557,16.717944104880196,1.4053613258042896,0.3425568231647956,1.062804502639494,0.46226415094339623,0.9298245614035088,2.002638589408056,0.4013094337487484,0.5314465408805031,28.790433433818983,0.0,Healthcare
2016-12-31,CNC,2016,Q4,USD,0.14826630845436992,0.04659558391402905,0.054067668541684155,0.04374107967425069,0.040298883385106204,0.02157669381244228,0.022248341868860717,0.022248341868860717,0.0,2.3177975782499427,0.0,14.944792973651191,0.5897410506510868,0.9700800185550272,0.9700800185550272,0.025030050201513117,0.45575785689435233,9.12389263418868,0.11539040684415093,0.11539040684415093,1.6405981666225613,0.8119659300008395,6.443255291299134,6.059728190626567,0.23047977422389465,0.7896522476675149,0.44123222748815166,0.4410202920538593,3.4261238337574214,-15.610747051114023,0.18508639684564537,0.13399378725547814,0.9404761904761905,5.329113924050633,6.946666666666666,399.0,0.34285714285714286,16.8,16.8,0.0,0.0,0.0,34.79825809929092,0.7742035426338757,13.818802855314084,12.95695362860845,17.68689904568107,-0.5930691288855727,17.222376920100746,4.662750392617606,0.2775446662272385,4.385205726390368,0.5520833333333334,0.9213051823416507,1.6405981666225613,0.4813197184616771,0.46458333333333335,16.143363652546583,0.0,Healthcare
2017-03-31,CNC,2017,Q1,USD,0.1169396110542477,0.02396792903445923,0.03130330945069942,0.02047082906857728,0.018679631525076765,0.011258955987717503,0.011856021835551006,0.011856021835551006,0.0,2.4217543859649124,0.0,13.940546967895363,0.5488250163842336,1.022386437730928,1.022386437730928,0.014861294583883751,0.5258639426211693,22.053944676258993,-0.4717093722422062,-0.4717093722422062,2.020097733113674,1.045888198567042,10.52531608583691,9.825315096153847,0.21753581125362795,0.7655683690280066,0.43361015209480264,0.4333986745076076,3.5192751235584843,-450.9230769230769,0.13562269071940883,0.10644831115660185,0.9334935897435898,4.242424242424242,3.870967741935484,312.0,0.2685603615235636,15.036144578313253,15.036144578313253,0.0,0.0,0.0,34.066738728686495,0.40389599823331823,13.683066587630902,16.16746283575671,18.07943094250148,0.01743435963597057,17.63776049839023,3.6263468042818787,0.2411753082975929,3.385171495984286,0.634703196347032,0.9125,2.020097733113674,0.37897590620429994,0.3972602739726027,32.888264959128065,0.0,Healthcare
2017-06-30,CNC,2017,Q2,USD,0.12899447883553622,0.040404885394010374,0.047682784005353855,0.03664045507779823,0.035218336958340306,0.02108080977078802,0.021248117784841893,0.021248117784841893,0.0,2.4568192543652665,0.0,13.107456140350877,0.5473443223443224,1.0760651349542716,1.0760651349542716,0.022270114942528736,0.49353111755520856,13.551060196850393,0.16836165699117153,0.16836165699117153,2.158651169645657,1.1517380926886398,-34.07890386138614,-44.99306261437908,0.21611721611721613,0.740043900909376,0.4253018561903046,0.4250946457544619,3.4242709313264346,26.923423423423422,-0.03412893151907205,-0.025598126150242595,1.3202614379084967,6.075757575757576,7.064516129032258,-76.5,-0.06483050847457628,-3.122448979591837,-3.122448979591837,0.0,0.0,0.0,34.678022940756684,0.7368427159906473,13.872369558532581,14.53668838515407,18.93743799207459,1.0153344511682147,18.50229465585964,-0.8876924058784964,0.28429364632710014,-1.1719860522055965,0.6033254156769596,0.9611872146118722,2.158651169645657,0.34282699831990654,0.4014251781472684,24.671714315789472,0.0,Healthcare
2017-09-30,CNC,2017,Q3,USD,0.11833921667507144,0.03286266599428475,0.04051101025382417,0.028576231299378047,0.0273995629517566,0.016893595562279373,0.017229786518742646,0.017229786518742646,0.0,2.1835970024979185,0.0,11.862412761714856,0.5408181818181819,0.9949531362653208,0.9949531362653208,0.019312324655836106,0.44093109486043874,20.358047756097562,-1.076068238536585,-1.076068238536585,2.514096259036145,1.403059267103715,-725.8086591304348,172.09896041237113,0.21459090909090908,0.7109939759036145,0.41554440630226214,0.41533855771770717,3.3132530120481927,37.59241706161137,0.009990730250283242,0.008152630694234326,-0.23711340206185566,5.173913043478261,5.230769230769231,24.25,0.020546494386782462,0.8083333333333333,0.8083333333333333,0.0,0.0,0.0,34.48535720082547,0.5941753425928072,13.871820437313053,14.132677904792821,19.34113200547221,1.544855890741299,19.245484267396293,0.28114638161708444,0.34780995663969205,-0.06666357502260764,0.6288343558282209,0.9588235294117647,2.514096259036145,0.2828030045978413,0.3834355828220859,35.54688622406639,0.0,Healthcare
2017-12-31,CNC,2017,Q4,USD,0.11557082617523036,0.018272684679056694,0.025847259097298143,0.014133999687646415,0.013118850538809932,0.0174137123223489,0.017960331094799314,0.017960331094799314,0.0,2.4026304624522696,0.0,11.59963768115942,0.5859528711965225,0.9325975139305616,0.9325975139305616,0.021830562787903064,0.43634804972138874,18.962406034,1.625349088628571,1.625349088628571,2.546775700916788,1.3622843628986412,53.02557310419453,38.767585669511114,0.2150080073209792,0.685985401459854,0.40687505411723957,0.40666955391944565,3.1905109489051093,-37.77581120943953,0.04822117445349336,0.03513977822895518,0.7311111111111112,5.514285714285714,2.742424242424242,112.5,0.09576505639497765,3.71900826446281,3.71900826446281,0.0,0.0,0.0,37.026043441234826,0.664999999335,13.777065203614239,13.308673899734805,19.880608675771565,2.1077608674574564,19.805434762803262,1.301086955220652,0.3498478257371087,0.9512391294835435,1.369047619047619,0.9281767955801105,2.546775700916788,0.2693544630620251,-0.3273809523809524,54.59943671081571,0.0,Healthcare
2018-03-31,CNC,2018,Q1,USD,0.15658632711838716,0.04403516750037896,0.051917538274973474,0.040927694406548434,0.038881309686221006,0.025617705017432168,0.025769289070789753,0.025769289070789753,0.0,2.0317692167244843,0.0,10.5552,0.5241954707985698,1.0078971533516987,1.0078971533516987,0.025253099761119325,0.5204775022956841,13.701282062363973,0.2961244832833505,0.2961244832833505,2.4835057450106626,1.4122891924219343,11.44578845504607,10.09411896252167,0.20564163686928882,0.6898573903771824,0.40823408786181875,0.4080473372781065,3.354658136745302,-48.59668508287293,0.16951331496786043,0.1399120812490526,0.8819068255687974,7.083333333333333,7.9411764705882355,461.5,0.35664605873261207,8.46788990825688,8.46788990825688,0.0,0.0,0.0,37.83573526351521,0.974999999211397,15.037941164307547,17.707720573912873,21.75970586475318,2.2195588217341804,21.515955864950328,5.293676466306585,0.6251470583178957,4.668529407988689,0.6627680311890838,0.95,2.4835057450106626,0.2777756370256436,0.341130604288499,26.484297233306574,0.0,Healthcare
2018-06-30,CNC,2018,Q2,USD,0.1377900007051689,0.03906635639235597,0.046893731048586136,0.034482758620689655,0.03342500528876666,0.021084549749665046,0.02115506663845991,0.02115506663845991,0.0,2.822483841181902,0.0,10.686510926902788,0.4933722993424486,1.255019265868992,1.255019265868992,0.022789021347380093,0.6800851754208072,20.0748619875,-0.93682689275,-0.93682689275,2.2704839194156454,1.6987401724137932,-35.95497669402985,-45.798164230038026,0.21845318860244234,0.5918001885014138,0.3717804488128368,0.37163162570328695,2.709048067860509,10.904267589388697,-0.05333603731494626,-0.03709188350609971,1.273764258555133,5.833333333333333,6.1125,-131.5,-0.0837713011626055,-3.6527777777777777,-3.6527777777777777,0.0,0.0,0.0,36.26511046269279,0.7671908284893757,16.261888261213134,18.691325884762822,27.38359797154745,9.873745962658266,27.132982300907585,-1.3451412526180386,0.36825159767490034,-1.713392850292939,0.6329113924050633,0.9693251533742331,2.2704839194156454,0.2606493635302757,0.3691983122362869,35.581705842105265,0.0,Healthcare
2018-09-30,CNC,2018,Q3,USD,0.13706587566431838,0.0074774440736620935,0.0160672351996045,0.0025336793968607093,0.0014831294030404152,0.000988752935360277,0.0011741441107403288,0.0011741441107403288,0.0,2.5537673738112656,0.0,10.215909090909092,0.5193696440607247,1.0272349109175103,1.0272349109175103,0.0077466169837222985,0.5373989482772152,392.62764375,-4.177466984765787,-4.177466984765787,2.8010608208955223,1.8440057424916574,70.8781494655582,54.45200898722628,0.20486568026446705,0.5991739416126912,0.3746771542615637,0.37453029591357445,2.924716042429363,11.30817610062893,0.043010752688172046,0.033864788036089485,0.7682481751824818,2.495049504950495,0.422680412371134,137.0,0.08585304715650947,4.31496062992126,4.31496062992126,0.0,0.0,0.0,39.41148247282575,0.04627476004101405,15.782128687672161,18.122657340272923,26.208562779018536,3.7385135085766614,25.945527300890667,1.3346615001303,0.30931023816888337,1.0253512619614167,0.7916666666666666,0.5853658536585366,2.8010608208955223,0.21390965063769318,0.3333333333333333,112.98346509615385,0.0,Healthcare
2018-12-31,CNC,2018,Q4,USD,0.13183163234494838,0.027477504680234313,0.03599251162509813,0.02343136662841959,0.021559272902953078,0.014554018962497736,0.014554018962497736,0.014554018962497736,0.0,3.047699809200763,0.0,9.706330597889801,0.535872625481376,1.0022554506724584,1.0022554506724584,0.019217225072944964,0.44624509230640713,24.58306037344398,0.020934259615421304,0.020934259615421304,2.170749308418064,1.4311293073253215,-28.900085609756097,-37.378659621451106,0.21636840231707713,0.6124393148300815,0.37982162131454866,0.3784799316823228,2.8305395255106713,88.55080213903743,-0.052961323197727846,-0.03828733619179902,1.2933753943217665,3.5294117647058822,3.9591836734693877,-16.68421052631579,-0.09482500747831289,-3.4086021505376345,-3.4086021505376345,0.0,0.0,0.0,40.282872906672374,0.5862776961475961,16.503352243424445,14.751817217589304,26.815514708028843,4.303424250975508,26.557649829225333,-1.5423238977492775,0.45247988167407827,-1.9948037794233557,0.6750700280112045,0.9201030927835051,2.170749308418064,0.28213267762199473,0.32492997198879553,42.01689630872483,0.0,Healthcare
2019-03-31,CNC,2019,Q1,USD,0.12790067230535676,0.04250704836261115,0.05091086532205595,0.03713944914335285,0.03713944914335285,0.028139232270657125,0.02830188679245283,0.02830188679245283,0.0,3.001492815823848,0.0,10.246666666666666,0.549435491078078,1.0359887392528342,1.0359887392528342,0.03087799315849487,0.48276649166856883,10.710710651340996,0.09431819827300279,0.09431819827300279,1.9379518058925476,1.2125332812838863,19.617512140350875,16.993893495440727,0.20301468616878668,0.5905545927209706,0.3712884772541542,0.36991536991536994,2.9089254766031196,73.776,0.1001293464201476,0.07135111689438299,0.8662613981762918,5.561151079136691,6.91919191919192,32.9,0.19310344827586207,7.4772727272727275,7.4772727272727275,0.0,0.0,0.0,44.666815200860206,1.2641551471941568,16.744001317433717,17.053985721343395,28.198893743158546,5.945403996861408,27.947031414981932,3.18702715269638,0.42622855537580767,2.7607985973205724,0.762043795620438,1.0,1.9379518058925476,0.3047313101003476,0.24233576642335766,24.31732038338658,0.0,Healthcare
2019-06-30,CNC,2019,Q2,USD,0.12426454565264763,0.04156679015035956,0.050174329919372415,0.03502941817389409,0.03606450207016779,0.02680322510350839,0.026966659402920028,0.026966659402920028,0.0,3.303534730785039,0.0,9.77422790202343,0.5341014897579144,1.074527779973129,1.074527779973129,0.029550185537152683,0.5433494033035644,10.720479545454547,-2.2513007045454523,-2.2513007045454523,1.7464661428336352,1.1563820821529744,28.040356010568033,23.14781842966194,0.2075768156424581,0.5869672535790686,0.36986727498963085,0.3670121347846466,2.8277110416323845,25.926553672316384,0.07247293132063543,0.0499564175201569,0.8255179934569248,3.99468085106383,6.366336633663367,10.540229885057471,0.1285393888421643,5.73125,5.73125,0.0,0.0,0.0,44.40573820064349,1.1974744175919878,17.5024796187435,18.482231414955123,29.68285071485594,7.211457048165082,29.40223044729903,2.218351597842127,0.38706243800953144,1.8312891598325955,0.7477341389728097,1.0295489891135303,1.7464661428336352,0.33608853855404053,0.256797583081571,23.32850108577633,0.0,Healthcare
2019-09-30,CNC,2019,Q3,USD,0.11219435075885328,0.01443929173693086,0.022976391231028667,0.00927487352445194,0.009222175379426644,0.00505902192242833,0.005006323777403035,0.005006323777403035,0.0,3.4678880197612187,0.0,9.521324636226794,0.5540114445871774,1.013328313253012,1.013328313253012,0.01178034470113678,0.4679969879518072,47.08691621052632,-0.5825185510580576,-0.5825185510580576,1.4534179319307936,0.9429293929173693,-61.06835549488055,-180.73765818181818,0.2055646385612519,0.571927544472423,0.3638383629599008,0.36166130872135227,2.782227276419462,33.885714285714286,-0.007454819277108434,-0.005217116357504216,2.95959595959596,2.1636363636363636,1.7777777777777777,-1.5,-0.01406050276949297,-0.5103092783505154,-0.5103092783505154,0.0,0.0,0.0,45.87830258017098,0.229681637074001,17.26238830219334,16.96984642760435,30.066535143708172,8.408765618351321,29.764322463347646,-0.2393524428455379,0.4690340799195389,-0.7083865227650767,0.5428571428571428,0.9943181818181818,1.4534179319307936,0.39350522097429036,0.4514285714285714,42.93355082568807,0.0,Healthcare
2019-12-31,CNC,2019,Q4,USD,0.10995069713195144,0.019774161056035626,0.02868048560674336,0.014684832741345492,0.013783597518952447,0.010708794995493823,0.011079891851773313,0.011079891851773313,0.0,4.194104421683737,0.0,8.893446487505894,0.4601405083670781,1.5715279925765542,1.5715279925765542,0.01332061338421313,0.9374420043303433,31.137495550239233,0.26524533246500087,0.26524533246500087,2.074013726396303,1.380000332926894,-30.588656028202116,-39.986092596006145,0.33482948724203543,1.0936180384033145,0.5223579556265936,0.5207529878956814,3.266193928770616,4.9849365750528545,-0.050340241261985774,-0.034512007633992474,1.3072196620583718,2.4029850746268657,2.4513274336283186,-7.3977272727272725,-0.047428238379717325,-3.255,-3.255,0.0,0.0,0.0,45.55796002357238,0.5047772700485939,33.42398392441383,31.363816405985837,30.653746944769154,9.095651669870835,30.313203427655033,-1.5722966641226537,0.48304044980726685,-2.0553371139299204,0.8038461538461539,0.9386281588447654,2.074013726396303,0.5272954679540754,0.2230769230769231,51.07938314232902,0.0,Healthcare
2020-03-31,CNC,2020,Q1,USD,0.1212295869356388,0.011950048030739673,0.023016330451488952,0.007223823246878002,0.005033621517771374,0.0017675312199807876,0.0017675312199807876,0.0017675312199807876,0.0,2.3865177919231972,0.0,10.670356703567036,0.3917598711444958,1.1406401551891368,1.1406401551891368,0.00781487634245069,0.42991085862084893,175.78773239130433,-2.115375841050594,-2.115375841050594,1.373516614718247,1.2428412203650336,-77.56580997601918,-134.77059483333332,0.26010446929897185,0.7337466559089558,0.42321446066425,0.4213862748470478,2.8209690432714765,4.987543119969337,-0.011084938340030484,-0.009221902017291067,1.7375,1.6634304207119741,1.0444444444444445,-1.8604651162790697,-0.013889692690549222,-1.3559322033898304,-1.3559322033898304,0.0,0.0,0.0,47.801761823244604,0.08449110639267059,32.06804840238338,19.642345473113462,43.516593318590246,-4.8178298275646725,43.25393618349999,-0.44082316378784653,0.3251070832935368,-0.7659302470813834,0.3511450381679389,0.6968085106382979,1.373516614718247,0.5342102512967934,0.648854961832061,67.3054136227045,0.0,Healthcare
2020-06-30,CNC,2020,Q2,USD,0.17497834872979215,0.07689809468822172,0.08880629330254042,0.07282043879907621,0.0701501154734411,0.04337471131639723,0.04351905311778291,0.04351905311778291,0.0,2.2987130504725517,0.0,10.89308176100629,0.40546037134036605,1.2237430422483804,1.2237430422483804,0.03560335635807334,0.5839036408431426,7.630070677860696,0.003230974554142966,0.003230974554142966,1.4690078603927204,1.32821380448903,10.579896795056051,9.910463368336027,0.24600933471842218,0.6710568326947637,0.4015763076188202,0.4000574657599847,2.7277697956577267,6.972449364699962,0.169449767314536,0.13402136258660508,0.936725901992461,5.8668941979522184,10.79144385026738,35.0377358490566,0.22088735577494945,15.804255319148936,15.804255319148936,0.0,0.0,0.0,47.84621254892617,2.0822218654014493,29.35311271450252,24.78638233806236,43.51774636603941,-1.6074200304218484,43.26049009908682,6.412414600415408,0.40573974989165884,6.0066748505237495,0.6203703703703703,0.9633300297324083,1.4690078603927204,0.4568095588783067,0.3816872427983539,16.5881596708655,0.0,Healthcare
2020-09-30,CNC,2020,Q3,USD,0.13434169817806807,0.032863526985218286,0.04310759711240976,0.02959779993124785,0.026538329322791338,0.019422481952561018,0.019525610175317978,0.019525610175317978,0.0,3.6474507531865585,0.0,7.742879957412829,0.4255163536364168,1.2514338150952053,1.2514338150952053,0.020383664822878664,0.5596696490020647,14.878001012323944,-0.28132947368758005,-0.28132947368758005,1.3140065422740526,1.1620081918184944,-28.09876832917706,-35.507162079831936,0.26421800947867297,0.7021574344023324,0.41251027678816116,0.39416419386745793,2.657492711370262,5.602850539291217,-0.04367974306033494,-0.032726022688209004,1.263655462184874,2.2229299363057327,4.679347826086956,-3.317073170731707,-0.05270442340696451,-3.7928286852589643,-3.7928286852589643,0.0,0.0,0.0,50.19758071474176,0.9801383927801073,31.48694586806095,23.632033959724595,44.65669272316267,-0.37100308881641386,44.3909509758244,-1.6427671653638418,0.433124536246139,-2.0758917016099807,0.7357512953367875,0.8966318234610917,1.3140065422740526,0.5036266458291142,0.26813471502590674,31.63302894736842,0.0,Healthcare
2020-12-31,CNC,2020,Q4,USD,0.11679864253393665,0.0036411199095022625,0.015766402714932126,0.0005302601809954751,-0.0026159502262443437,-0.0006716628959276018,-0.0004242081447963801,-0.0004242081447963801,0.0,2.929987099800633,0.0,10.197548666186012,0.41164743375194635,1.0837618716701414,1.0837618716701414,0.00774142245714152,0.5003474635163307,-701.448935443125,6.864589142543066,6.864589142543066,1.306388425921313,1.1902414062948954,12.133170775232433,11.294716169496812,0.24416827951512682,0.6510301478291235,0.39431754089114496,0.3929336945000589,2.6663174640127263,7.762897914379803,0.1381051656242761,0.10538037330316742,0.9308956725930896,1.8284671532846715,0.0847457627118644,30.7319587628866,0.17766255438345552,14.470873786407767,14.470873786407767,0.0,0.0,0.0,50.435146754697016,-0.02139500003734319,30.23113505276593,22.07250837185906,46.28808258079199,-1.9219841700213298,45.95111133020384,5.314874592610004,0.36728083397439143,4.9475937586356125,0.16216216216216217,-4.933333333333334,1.306388425921313,0.4983434749661022,0.7432432432432432,88.89809170688342,0.0,Healthcare
2021-03-31,CNC,2021,Q1,USD,0.12060167428209319,0.03705433078744622,0.04909448687589634,0.035153253510322516,0.0313844511890071,0.023246506353600375,0.023313210819464362,0.023313210819464362,0.0,3.957820474332032,0.0,7.2057197788993035,0.42659173365582986,1.0969971722249652,1.0969971722249652,0.024229125237148277,0.43211095650612685,13.30016015379113,-0.0023303047919692992,-0.0023303047919692992,1.41170935350391,1.2402777503918887,-258.24477631944444,864.8197160465115,0.2607668777121719,0.6957710120719763,0.4102977389747034,0.3879220205869368,2.668172500189811,15.108591584782062,0.001930068674536559,0.0014341460160757762,-3.3488372093023258,2.81651376146789,6.2,0.16165413533834586,0.0023461370580532518,0.22994652406417113,0.22994652406417113,0.0,0.0,0.0,51.52878053307531,1.201301323837496,31.790660784472106,19.40127416995922,45.60476670865779,-0.8369581469368534,45.27135832979588,0.07389979531475298,0.3213781796246234,-0.24747838430987043,0.742826780021254,0.8927893738140418,1.41170935350391,0.456097210952002,0.2592986184909671,31.174081379076085,0.0,Healthcare
2021-06-30,CNC,2021,Q2,USD,0.10614020950846093,-0.012215954875100726,-0.000741337630942788,-0.01347300564061241,-0.017469782433521354,-0.017244157937147463,-0.017244157937147463,-0.017244157937147463,0.0,3.5313892779829366,0.0,10.65418956043956,0.433679531444387,1.0770662380509264,1.0770662380509264,-0.0039417762216203125,0.46603502241773115,-19.86132744657477,0.11242260818815908,0.11242260818815908,1.6403550899490564,1.3699674693205481,29.61898309105924,25.22447521404748,0.23468317980402298,0.6479487476361391,0.39318501170960185,0.389568167361651,2.7609509474740457,15.578709515440623,0.07127146603502242,0.054311039484286866,0.8516320474777448,-0.038461538461538464,-2.5644171779141103,6.660079051383399,0.10036333313479064,6.74,6.74,0.0,0.0,0.0,53.234840704772736,-0.9179900008719876,29.087414008938193,21.592497515837554,44.83222942576316,-1.2800383937392574,44.45988581793284,2.891239535456634,0.428967290127097,2.4622722453295367,0.9870848708487084,1.2966507177033493,1.6403550899490564,0.39500517394454027,0.012915129151291513,-2098.8800319856523,0.0,Healthcare
2021-09-30,CNC,2021,Q3,USD,0.11281861383694378,0.027464049867308524,0.03922113188915633,0.01681787323335185,0.022218107757822625,0.01792877862124298,0.01802135407023391,0.01802135407023391,0.0,3.6443148688046647,0.0,9.81405208964264,0.4168349562018445,1.1203577988978517,1.1203577988978517,0.018896003446317727,0.5360194872614008,15.557334606164385,-0.07454556165453768,-0.07454556165453768,1.3731555066878258,1.1214569413071653,23.044980114140774,20.16755473917869,0.24232406776172774,0.711818937504723,0.41582606776294007,0.4126498002663116,2.9374669387138215,13.401985111662531,0.07195910869738839,0.05560698636055052,0.8751387347391787,2.727710843373494,3.2058823529411766,7.355102040816327,0.09565263549020649,8.008888888888889,8.008888888888889,0.0,0.0,0.0,55.56165172723594,1.0012961985035422,32.59184835163328,25.61535137952555,45.733860956992274,-2.0025923970070845,45.37723491368964,3.089616009766067,0.38577336414948116,2.703842645616586,0.8111111111111111,1.3211009174311927,1.3731555066878258,0.518381883215612,0.19305555555555556,32.85439310778914,0.0,Healthcare
2021-12-31,CNC,2021,Q4,USD,0.1115819209039548,0.026283468435273887,0.03788995332842054,0.018515106853352985,0.021309260623925325,0.018208056988454926,0.01839228690739376,0.01839228690739376,0.0,3.490650259379901,0.0,9.604246534945444,0.4155406698564593,1.1060353192315155,1.1060353192315155,0.019025178665316535,0.5091403066175043,20.064193656093494,6.688064552031158,6.688064552031158,1.7941335323754433,1.476105625153525,112.58503044496487,71.22045629629629,0.2403572567783094,0.7030416122410897,0.4128152871825214,0.4093594321738747,2.9249860048516516,11.33588583362339,0.02619833106928003,0.02072586588061901,0.6325925925925926,2.641025641025641,3.7222222222222223,2.5280898876404496,0.03583182928124005,2.721774193548387,2.721774193548387,0.0,0.0,0.0,55.822563504850706,1.0267046038874224,32.56659010661273,25.122553220664358,46.31654725583628,-0.9821397963731103,45.927462205615164,1.1569709643138735,0.4250797024442083,0.7318912618696651,0.8631123919308358,1.1509121061359868,1.7941335323754433,0.39185578974729857,0.14553314121037464,43.59303727714749,0.0,Healthcare
2022-03-31,CNC,2022,Q1,USD,0.11706333198870512,0.03517547398144413,0.04566357402178298,0.0336963829501143,0.030872663708484602,0.02291246470350948,0.02283178701089149,0.02283178701089149,0.0,3.360491299897646,0.0,5.257316555916867,0.44854706215847817,1.0480040424456796,1.0480040424456796,0.022335995384975934,0.3785413508505979,14.458814399293287,0.34633904258772286,0.34633904258772286,1.8072852773381427,1.320482283178701,54.01774884488449,42.66041155516942,0.27344664117441286,0.8343700541057824,0.4548537260724748,0.4069069396843415,3.051308476572564,17.890305508780372,0.03877379147717702,0.030953341401102594,0.789748045178106,2.117824773413897,7.83125,2.2928286852589643,0.05077418501036658,4.756198347107438,4.756198347107438,0.0,0.0,0.0,63.75700838434237,1.4556864358829278,39.14236236133258,22.126776743308813,47.031188381941945,-2.762203590350291,46.58368053769525,1.97349244723351,0.41493064485708897,1.558561802376421,0.7395470383275261,0.9162011173184358,1.8072852773381427,0.389840492817525,0.2578397212543554,35.65025541813899,0.0,Healthcare
2022-06-30,CNC,2022,Q2,USD,0.1247773820124666,-0.0020592163846838824,0.008042074799643811,-0.0035897150489759572,-0.006567230632235085,-0.004758459483526269,-0.004786286731967943,-0.004786286731967943,0.0,3.4566435872073855,0.0,6.809929884404017,0.443325931408833,1.1141442618441861,1.1141442618441861,0.003504780079637411,0.46190607164959085,-71.77633552325582,0.5988197135083058,0.5988197135083058,1.8784327604701585,1.3741684895369546,16.0749084765625,14.723350876565295,0.2742166296570442,0.845524744189585,0.4581486901498444,0.412470667113644,3.083418920461029,15.146891464699683,0.11531320910403631,0.09333259127337488,0.9159212880143113,0.5315315315315315,-0.7962962962962963,6.654761904761905,0.15089076840021595,11.893617021276595,11.893617021276595,0.0,0.0,0.0,61.57178005770641,-0.29470019395384855,38.362426410620174,26.09296077746023,45.51233286044233,-2.4295632268985887,45.04286859798096,5.746653782100047,0.4831712482266587,5.263482533873389,0.7288135593220338,1.8294573643410852,1.8784327604701585,0.3839446432307035,0.2754237288135593,201.29798906574393,0.0,Healthcare
2022-09-30,CNC,2022,Q3,USD,0.11074864073609368,0.032845392443886796,0.04291091593475533,0.013271992192945769,0.028133277568660253,0.020632929039453508,0.020577164366373902,0.020577164366373902,0.0,3.2537237298510506,0.0,7.267477203647417,0.4418395505839452,1.0620810724545164,1.0620810724545164,0.01977614626070683,0.47835939993616344,15.128694244579945,-0.027767856524861922,-0.027767856524861922,1.7597882185357399,1.2452225124773455,14.476468528363046,13.403332956182473,0.26565810870743606,0.8497123492789029,0.4593753994290827,0.4160876167686715,3.1985184017653085,13.623931623931623,0.10635173954676029,0.09290394535062038,0.9258703481392557,2.078559738134206,2.8165680473372783,7.538461538461538,0.15451678723798923,13.489878542510121,13.489878542510121,0.0,0.0,0.0,62.486824017659735,1.2858016485440649,37.86494204310049,29.9288627624525,44.6023336080326,-3.420093002834687,44.21554774627544,5.805272483670493,0.4303428281712521,5.374929655499241,0.7314172447968286,2.119747899159664,1.7597882185357399,0.4148239865248743,0.2666005946481665,33.29233619883041,0.0,Healthcare
2022-12-31,CNC,2022,Q4,USD,0.10818030989004809,0.006045949214026602,0.016591209471049747,-0.007930035713281405,0.0011529484547678638,-0.006158431990101515,-0.0059897078259891455,-0.0059897078259891455,0.0,3.393686463349385,0.0,14.622121710526315,0.46261220241966955,1.0584598088813941,1.0584598088813941,0.0030779168962438014,0.4241849353569421,-53.89693349765259,0.4138514536426895,0.4138514536426895,1.9088077208296963,1.2913075374708247,-25.384293720287452,-29.13717470812183,0.23442175100819565,0.7490543293012428,0.42826247118378213,0.42714608882009764,3.1953277632289976,19.70684400110834,-0.055368184373243395,-0.04431821377351593,1.1478426395939085,1.2890625,-1.6206896551724137,-19.21951219512195,-0.0874583795782464,-6.763948497854077,-6.763948497854077,0.0,0.0,0.0,63.50927073547954,-0.3804019759471652,32.493115260012786,25.70838705990349,43.28545864334011,-2.6538842077816316,42.963992184793206,-2.8146174370550816,0.41612047134126523,-3.2307379083963466,-5.195121951219512,-0.1453900709219858,1.9088077208296963,0.3924200018300709,6.341463414634147,87.90879210169491,0.0,Healthcare
2023-03-31,CNC,2023,Q1,USD,0.1176168068091234,0.04039702743706446,0.04875414641672452,0.03131991051454139,0.03576846923294505,0.029057059836971894,0.029057059836971894,0.029057059836971894,0.0,3.236043002640513,0.0,7.691653481012659,0.4686438022703719,1.0654959369388564,1.0654959369388564,0.02517475257803308,0.48248470645524544,7.702376236725663,-0.012311175132471349,-0.012311175132471349,1.3902539968852328,0.895233628789632,8.608986298219584,8.155244926212228,0.260791496951146,0.8641881638846738,0.4635734635734636,0.4211949612851034,3.3137129622234647,20.382075471698112,0.12992665185500807,0.1097739720743655,0.9472944483485594,3.601321585903084,6.766666666666667,15.58029197080292,0.19726445173513238,18.973333333333333,18.973333333333333,0.0,0.0,0.0,70.60726716160202,2.051639586839731,39.618431349052884,32.659197246082364,45.72795985322607,-0.6899318964593785,45.46651197667304,7.750840173644964,0.40851230711410563,7.342327866530859,0.8123652048885693,1.1420361247947455,1.3902539968852328,0.5312979412321969,0.18763479511143064,21.414947568565402,0.0,Healthcare
2023-06-30,CNC,2023,Q2,USD,0.12045309508615189,0.042437779195915765,0.051079557540948735,0.031136992129334184,0.03762497340991278,0.0280525420123378,0.02813231227398426,0.02813231227398426,0.0,3.4129178704085845,0.0,15.566225165562914,0.4539123507899533,1.1137162205328053,1.1137162205328053,0.024235096204394912,0.5484571647607487,8.74892802457467,-1.4946085375315077,-1.4946085375315077,1.4423070156986484,0.9845103009997873,15.883939682539683,14.542601492537315,0.2173246593364151,0.7014140469790815,0.4122535888453877,0.4107696192071981,3.2274940594445094,13.168067226890756,0.08132626333610171,0.06769836205062753,0.915553809897879,5.364261168384879,6.469613259668508,23.145454545454545,0.14139731200710876,11.841860465116278,11.841860465116278,0.0,0.0,0.0,68.51121814723864,1.9273789831891746,33.1316082866366,35.30856280923685,46.976674706521024,1.0037673154416211,46.76535527169121,4.638097250661284,0.39166964214146743,4.2464276085198165,0.7477031802120141,1.2083689154568744,1.4423070156986484,0.4863139673763003,0.254416961130742,19.709246954711087,0.0,Healthcare
2023-09-30,CNC,2023,Q3,USD,0.11963093423058725,0.024946112191788022,0.03356816150570422,0.01932075074917197,0.02018821302770622,0.012486199463750592,0.012328479049471637,0.012328479049471637,2.453847642391795,2.2460599557373753,0.0,15.629416598192275,0.4508360886929522,1.1235787359908822,1.1235787359908822,0.013516492834732469,0.4936094000162818,19.80979253731343,-0.3606877320473106,-0.3606877320473106,1.4691903854516701,0.9768984490825929,41.99228338983051,36.39879608227228,0.22643723113023073,0.7553666732555842,0.43031845412368813,0.41423708403770004,3.335876655465507,9.376879467586887,0.02770616808227728,0.026838757163135482,0.8667972575905974,2.1206896551724137,4.060773480662983,3.607773851590106,0.05343591353954048,7.507352941176471,7.507352941176471,0.0,0.0,0.0,70.50886411446893,0.8692670540372729,35.7493026402365,37.86779356297553,47.10723122688982,2.930301092607523,46.88296403384396,1.8923702818167496,0.252068911192045,1.6403013706247047,0.6106770833333334,1.0448979591836736,1.4691903854516701,0.48895182000993304,0.3815104166666667,29.820024119028975,0.0,Healthcare
2023-12-31,CNC,2023,Q4,USD,0.0927521540800811,0.005245818550430816,0.013228585909782058,-0.0049163710086163204,0.0006082108464267612,0.000988342625443487,0.0011403953370501775,0.0011403953370501775,2.5405614215812515,2.202805808515875,0.0,19.544328875681032,0.46620432178258764,1.1100337727421288,1.1100337727421288,0.006134446621794325,0.4682699640483713,220.26105188888886,-2.438624524603376,-2.438624524603376,1.534326212848297,1.0047387060314241,-6607.831556666667,182.70502,0.2230243026429272,0.7305340557275541,0.42214370373683385,0.4066590126291619,3.2755804953560372,9.183151035606237,0.005910229872535135,0.005499239736441967,-0.027649769585253458,1.7781456953642385,-1.0601092896174864,1.8235294117647058,0.011495470678603592,0.9730941704035875,0.9730941704035875,0.0,0.0,0.0,73.8599991764217,0.08422959865532126,35.67591445267607,36.7840016172083,48.5836325043893,4.299453069139398,48.36650731674447,0.4061738424045491,0.41740445555859196,-0.011230613154042833,1.875,-0.12371134020618557,1.534326212848297,0.4496936664497814,-0.625,79.17814049808429,0.0,Healthcare
2024-03-31,CNC,2024,Q1,USD,0.1149553295221125,0.040859257059420395,0.04848169871556909,0.027371495037988466,0.03645407973865914,0.02865840077214344,0.02878214170811988,0.02878214170811988,2.401747503566334,2.576327353937036,0.0,20.325452716297786,0.4890467660728118,1.1727672035139092,1.1727672035139092,0.026475881929445645,0.5363897022938019,8.94340600816853,0.0036102923860762788,0.0036102923860762788,1.543316445952964,1.0296415163214294,-68.54155642504118,-91.23843146929825,0.2178543764523625,0.6677053193857111,0.40037368210329644,0.398862749470398,3.0649157949402777,8.32790601813685,-0.013909224011713031,-0.011285173361051302,1.331140350877193,5.649484536082475,6.213483146067416,-4.035398230088496,-0.025333333333333333,-3.019867549668874,-3.019867549668874,0.0,0.0,0.0,75.51171817330675,2.173388973087726,33.97064897058356,36.7532596162651,50.57661149410681,6.686488173437561,50.37852101160698,-0.8521628303766149,0.28218549865541415,-1.134348329032029,0.7895451459606245,1.3318264014466545,1.543316445952964,0.43264316993228036,0.21384928716904278,21.449578739152628,0.0,Healthcare
2024-06-30,CNC,2024,Q2,USD,0.11118084144994478,0.04247414399036048,0.050155638116276734,0.03085149111356562,0.038056029721859626,0.028767948589215785,0.028767948589215785,0.028767948589215785,2.4016398384276845,2.5570159601357694,0.0,19.517883390494855,0.47916090308767456,1.1734547343334658,1.1734547343334658,0.026077586206896552,0.5379021662745578,7.548908089005237,-16.38113055314183,-16.38113055314183,1.2651893780848964,0.8686663992368712,17.39778515837104,15.909974565517244,0.2120355557693927,0.6445102555665241,0.3919162275728673,0.39039828827423273,3.0396329201857335,7.025130059077683,0.06645482599529469,0.054598855306757704,0.9144827586206896,5.652777777777778,6.982954545454546,19.419642857142858,0.12338325391422736,11.693548387096774,11.693548387096774,0.0,0.0,0.0,75.21874917390795,2.163889109180101,33.61769781836171,38.16828486297257,51.84459273190056,7.8247438642603315,51.64444243035336,4.106857602501501,0.35120713290357664,3.7556504695979247,0.7559366754617414,1.2335231895850285,1.2651893780848964,0.5094180102445315,0.24406332453825857,17.33092826826827,0.0,Healthcare
2024-09-30,CNC,2024,Q3,USD,0.09601884682197843,0.026104752159531685,0.033553054279799155,0.015824667444018753,0.021916569497656045,0.01689550960188468,0.016966899079075743,0.016966899079075743,2.298725452655763,2.8481031638926377,0.0,20.579333986287953,0.5102913140095445,1.0982942368104283,1.0982942368104283,0.018674238287648793,0.4279674701271249,13.77753338008415,-0.3767021784934401,-0.3767021784934401,1.4389543047570221,0.9350480736739405,-34.7422857648099,-40.177428629856855,0.21378003910092166,0.6447064855165342,0.3919887780548628,0.3904823553045691,3.015746878089867,9.312576177285319,-0.028713191039605415,-0.023272969564286223,1.156441717791411,4.177700348432055,3.778409090909091,-8.81081081081081,-0.05555239988639591,-6.392156862745098,-6.392156862745098,0.0,0.0,0.0,80.50922954604236,1.365991972641844,34.06550247621967,33.6593449752378,52.51118370005652,8.178709300432022,52.31576829864071,-1.873688848869177,0.2931231021237056,-2.1668119509928827,0.7741585233441911,1.3849624060150376,1.4389543047570221,0.4480381923075713,0.2290988056460369,30.01526609929078,0.0,Healthcare
2024-12-31,CNC,2024,Q4,USD,0.09116529837029776,0.012719029530694767,0.020414164930768287,0.004288690111505943,0.008503859821100355,0.006861904178409509,0.006935424580321039,0.006935424580321039,2.0699538375691167,2.849185617701291,0.0,19.74117077890663,0.4949360179513615,1.1091036455444967,1.1091036455444967,0.010673102708500939,0.41046671142114943,26.780641272084807,-0.45861848178445225,-0.45861848178445225,1.1478866308216584,0.7429404710207083,-40.911856842105266,-51.645120817717206,0.23566013706107103,0.7356683074592957,0.42385305089552566,0.4109249882898758,3.121734191594093,11.517075924357888,-0.017133183503108492,-0.014385491974022791,1.262350936967632,2.7163120567375887,1.0174418604651163,-5.336363636363636,-0.030212568840393226,-3.811688311688312,-3.811688311688312,0.0,0.0,0.0,81.54085335635381,0.5655204386680095,39.168784870429874,33.34172621616869,52.97507713458987,7.079996163253561,52.77524659089092,-1.173005291512797,0.3077390372963727,-1.4807443288091697,0.8155619596541787,1.9828571428571429,1.1478866308216584,0.6113336854362027,0.1930835734870317,42.83515716686674,0.0,Healthcare
2025-03-31,CNC,2025,Q1,USD,0.11158301158301158,0.041098241098241096,0.047854997854997854,0.0329043329043329,0.03745173745173745,0.028185328185328186,0.02812097812097812,0.02812097812097812,2.077910500980567,2.9694579868081443,0.0,22.80821917808219,0.5355911952575709,1.1115957246318284,1.1115957246318284,0.027547649301143583,0.3988638505236518,5.744689538520214,0.01581871032346146,0.01581871032346146,1.0791356906433587,0.6461851552981553,21.90920141090909,19.95043174834437,0.210468268921465,0.6562544777188709,0.3962280474089454,0.39607130494980963,3.118068491187849,11.82798426994799,0.04065368979350079,0.03238953238953239,0.9105960264900662,9.884615384615385,9.023529411764706,125.83333333333333,0.0824235807860262,11.185185185185185,11.185185185185185,0.0,0.0,0.0,93.9514000008061,2.642005263857932,37.262148992168704,34.83779175920067,56.46555719911167,10.52973112407147,56.25798546594816,3.0430419133680227,0.2720600386123729,2.7709818747556496,0.7508591065292096,1.138200782268579,1.0791356906433587,0.608129712888678,0.24742268041237114,15.074025970416853,0.0,Healthcare
2025-06-30,CNC,2025,Q2,USD,0.19065692831644168,0.0,-0.009396413770464896,-0.009396413770464896,-0.005272660128841656,0.0,-0.005190595379754626,0.0,0.0,0.0,0.0,22.969839773798302,0.5641761676022918,1.0979448703311043,1.0979448703311043,-0.00429599945663248,0.39452509106725386,-26.47212,0.22186157714285715,0.22186157714285715,0.977515341166168,0.5496242550572401,16.98781575142676,15.008283159663865,0.20344927368481971,0.6413559074655185,0.390747615765956,0.3904088260153921,3.1524118806100856,12.58182756840475,0.04852389496003914,0.03662139428008699,0.8834733893557423,3.1724137931034484,2.6941176470588237,71.4,0.1015531660692951,8.58173076923077,8.58173076923077,0.0,0.0,0.0,98.75837811114623,-0.5126147811357761,35.26911262936938,35.013818311491484,55.72507638568082,9.999027450217609,55.528540283822444,3.6166695032701988,0.42143823903652733,3.195231264233671,0.9844357976653697,0.5611353711790393,0.977515341166168,0.6561082782602532,-0.007782101167315175,-65.1829376419214,0.0,Healthcare
