date,symbol,fiscalYear,period,reportedCurrency,grossProfitMargin,ebitMargin,ebitdaMargin,operatingProfitMargin,pretaxProfitMargin,continuousOperationsProfitMargin,netProfitMargin,bottomLineProfitMargin,receivablesTurnover,payablesTurnover,inventoryTurnover,fixedAssetTurnover,assetTurnover,currentRatio,quickRatio,solvencyRatio,cashRatio,priceToEarningsRatio,priceToEarningsGrowthRatio,forwardPriceToEarningsGrowthRatio,priceToBookRatio,priceToSalesRatio,priceToFreeCashFlowRatio,priceToOperatingCashFlowRatio,debtToAssetsRatio,debtToEquityRatio,debtToCapitalRatio,longTermDebtToCapitalRatio,financialLeverageRatio,workingCapitalTurnoverRatio,operatingCashFlowRatio,operatingCashFlowSalesRatio,freeCashFlowOperatingCashFlowRatio,debtServiceCoverageRatio,interestCoverageRatio,shortTermOperatingCashFlowCoverageRatio,operatingCashFlowCoverageRatio,capitalExpenditureCoverageRatio,dividendPaidAndCapexCoverageRatio,dividendPayoutRatio,dividendYield,dividendYieldPercentage,revenuePerShare,netIncomePerShare,interestDebtPerShare,cashPerShare,bookValuePerShare,tangibleBookValuePerShare,shareholdersEquityPerShare,operatingCashFlowPerShare,capexPerShare,freeCashFlowPerShare,netIncomePerEBT,ebtPerEbit,priceToFairValue,debtToMarketCap,effectiveTaxRate,enterpriseValueMultiple,dividendPerShare,sector
1987-03-31,FCX,1987,Q1,USD,1.0,1.0,1.0,1.0,0.0,0.11290322580645161,0.11290322580645161,0.11290322580645161,0.0,0.0,0.0,0.0,0.0,0.0,0.0,0.0,0.0,444.0625,0.0,0.0,0.0,200.54435483870967,0.0,0.0,0.0,0.0,0.0,0.0,0.0,0.0,0.0,,0.0,0.0,0.0,0.0,0.0,0.0,0.0,,,,0.061083743842364535,0.006896551724137931,,,,,,,,,0.0,0.0,0.0,,0.0,,,Basic Materials
1987-06-30,FCX,1987,Q2,USD,1.0,1.0,1.0,1.0,0.0,0.16972477064220184,0.16972477064220184,0.16972477064220184,0.0,0.0,0.0,0.0,0.0,0.0,0.0,0.0,0.0,168.02364864864865,1.025985111217412,1.025985111217412,0.0,114.0711009174312,0.0,0.0,0.0,0.0,0.0,0.0,0.0,0.0,0.0,,0.0,0.0,0.0,0.0,0.0,0.0,0.0,,,,0.10738916256157635,0.018226600985221674,,,,,,,,,0.0,0.0,0.0,,0.0,,,Basic Materials
1987-09-30,FCX,1987,Q3,USD,1.0,1.0,1.0,1.0,0.0,0.19730941704035873,0.19730941704035873,0.19730941704035873,0.0,0.0,0.0,0.0,0.0,0.0,0.0,0.0,0.0,141.29261363636365,7.34721590909091,7.34721590909091,0.0,111.51345291479821,0.0,0.0,0.0,0.0,0.0,0.0,0.0,0.0,0.0,,0.0,0.0,0.0,0.0,0.0,0.0,0.0,,,,0.10985221674876847,0.02167487684729064,,,,,,,,,0.0,0.0,0.0,,0.0,,,Basic Materials
1987-12-31,FCX,1987,Q4,USD,1.0,-0.4649350649350649,-0.4649350649350649,-0.4649350649350649,0.0,0.3181818181818182,0.3181818181818182,0.3181818181818182,3.989637305699482,0.0,0.0,0.7312440645773979,0.3894790085988872,2.578034682080925,1.6502890173410405,0.24329692154915591,1.0809248554913296,50.75,0.28530440414507774,0.28530440414507774,51.27319587628865,64.5909090909091,0.0,0.0,0.20232675771370764,0.41237113402061853,0.291970802919708,0.291970802919708,2.038144329896907,0.0,,,0.0,0.0,0.0,0.0,,0.0,0.0,,,,0.1896551724137931,0.0603448275862069,0.09852216748768473,0.09211822660098522,0.23891625615763548,0.23891625615763548,0.23891625615763548,,,,0.0,0.0,51.27319587628865,0.008042625917362019,0.0,-138.99720670391062,,Basic Materials
1988-03-31,FCX,1988,Q1,USD,1.0,1.0,1.0,1.0,0.0,0.2513586956521739,0.2513586956521739,0.2513586956521739,0.0,0.0,0.0,0.0,0.0,0.0,0.0,0.0,0.0,67.20945945945947,-2.75695945945946,-2.75695945945946,0.0,67.57472826086956,0.0,0.0,0.0,0.0,0.0,0.0,0.0,0.0,0.0,,0.0,0.0,0.0,0.0,0.0,0.0,0.0,,,,0.1812807881773399,0.04556650246305419,,,,,,,,,0.0,0.0,0.0,,0.0,,,Basic Materials
1988-06-30,FCX,1988,Q2,USD,1.0,1.0,1.0,1.0,0.0,0.24041811846689895,0.24041811846689895,0.24041811846689895,0.0,0.0,0.0,0.0,0.0,0.0,0.0,0.0,0.0,90.09963768115942,-3.5418478260869564,-3.5418478260869564,0.0,86.64634146341463,0.0,0.0,0.0,0.0,0.0,0.0,0.0,0.0,0.0,,0.0,0.0,0.0,0.0,0.0,0.0,0.0,,,,0.1413793103448276,0.03399014778325123,,,,,,,,,0.0,0.0,0.0,,0.0,,,Basic Materials
1988-09-30,FCX,1988,Q3,USD,1.0,1.0,1.0,1.0,0.0,0.25396825396825395,0.25396825396825395,0.25396825396825395,0.0,0.0,0.0,0.0,0.0,0.0,0.0,0.0,0.0,64.75911458333333,1.6554961622807018,1.6554961622807018,0.0,65.78703703703704,0.0,0.0,0.0,0.0,0.0,0.0,0.0,0.0,0.0,,0.0,0.0,0.0,0.0,0.0,0.0,0.0,,,,0.18620689655172415,0.04729064039408867,,,,,,,,,0.0,0.0,0.0,,0.0,,,Basic Materials
1988-12-31,FCX,1988,Q4,USD,1.0,-0.0514018691588785,-0.0514018691588785,-0.0514018691588785,0.0,0.3333333333333333,0.3333333333333333,0.3333333333333333,3.798816568047337,0.0,0.0,0.8514588859416445,0.44108553761593955,2.2068403908794787,1.6074918566775245,0.28325612177365983,1.0456026058631922,29.050817757009344,0.2191552918511231,0.2191552918511231,35.525,38.73442367601246,0.0,0.0,0.13740982480247338,0.2857142857142857,0.2222222222222222,0.2222222222222222,2.079285714285714,0.0,,,0.0,0.0,0.0,0.0,,0.0,0.0,,,,0.316256157635468,0.10541871921182266,0.09852216748768473,0.158128078817734,0.3448275862068966,0.3448275862068966,0.3448275862068966,,,,0.0,0.0,35.525,0.008042625917362019,0.0,-749.8939393939394,,Basic Materials
1989-03-31,FCX,1989,Q1,USD,1.0,1.0,1.0,1.0,0.0,0.29523809523809524,0.29523809523809524,0.29523809523809524,0.0,0.0,0.0,0.0,0.0,0.0,0.0,0.0,0.0,40.83333337449597,-1.283333334627016,-1.283333334627016,0.0,48.222222270833335,0.0,0.0,0.0,0.0,0.0,0.0,0.0,0.0,0.0,,0.0,0.0,0.0,0.0,0.0,0.0,0.0,,,,0.25403225780843525,0.07499999992439516,,,,,,,,,0.0,0.0,0.0,,0.0,,,Basic Materials
1989-06-30,FCX,1989,Q2,USD,0.6418848167539267,0.5287958115183246,0.5916230366492147,0.5287958115183246,0.4900523560209424,0.2554973821989529,0.2554973821989529,0.2554973821989529,2.5880758807588076,2.124223602484472,0.868020304568528,0.532329988851728,0.3161204899040053,3.0077720207253886,1.9870466321243523,0.21823402727925342,0.9870466321243523,40.8333332914959,0.0,0.0,28.671462800359713,41.73123904973822,0.0,0.0,0.19860973187686196,0.4316546762589928,0.3015075376884422,0.3015075376884422,2.1733812949640288,0.0,,,0.0,0.0,0.0,0.0,,0.0,0.0,,,,0.29354508226797654,0.07500000007684426,0.18442622969715802,0.11711065585769534,0.5004098365782887,0.5004098365782887,0.4272540987984161,,,,0.5213675213675214,0.9267326732673268,28.671462800359713,0.015055202424257797,0.47863247863247865,70.92448370353982,,Basic Materials
1989-09-30,FCX,1989,Q3,USD,0.6974697469746974,0.5588558855885588,0.6281628162816282,0.5588558855885588,0.5192519251925193,0.27832783278327833,0.27832783278327833,0.27832783278327833,4.1506849315068495,2.0220588235294117,0.5522088353413654,0.40634778721502013,0.27093889716840536,3.6666666666666665,1.919298245614035,0.1874258600237248,1.119298245614035,40.833333292984186,0.0,0.0,28.998830380701754,45.4602126430143,-5903.3333275,82.81229116733466,0.23845007451564829,0.5614035087719298,0.3595505617977528,0.3595505617977528,2.354385964912281,1.1843648208469055,1.750877192982456,0.5489548954895489,-0.014028056112224449,0.0,0.0,0.0,0.62375,0.9861660079051383,0.690179806362379,0.857707509881423,0.005251270473850775,0.5251270473850775,0.2694664034283265,0.07500000007411067,0.2371541504319705,0.09456521748474823,0.4947628463386985,0.4947628463386985,0.42243083045694746,0.1479249013319416,0.15000000014822135,-0.0020750988162797418,0.5360169491525424,0.9291338582677166,28.998830380701754,0.01935952248424249,0.4639830508474576,73.21249263134851,0.064328063304672,Basic Materials
1989-12-31,FCX,1989,Q4,USD,0.6523076923076923,0.5241025641025641,0.5907692307692308,0.5241025641025641,0.48205128205128206,0.24820512820512822,0.24820512820512822,0.24615384615384617,3.271812080536913,2.3379310344827586,0.740174672489083,0.36834151870041554,0.23488316068417248,2.184,1.4512,0.12449310624493107,0.9648,42.68939389721075,-9.702134976638822,-9.702134976638822,28.756668957898402,42.38290594102564,-918.2962953888889,96.32478622960375,0.3372681281618887,0.9742519137091162,0.4934790271413465,0.4749725977347461,2.8886569241475297,1.3,0.6864,0.44,-0.1048951048951049,3.48,0.0,4.29,0.30642857142857144,0.9050632911392406,0.6085106382978723,0.9545454545454546,0.005590062117325019,0.559006211732502,0.28903162083896405,0.07173913050567107,0.41501976325594836,0.17875494088809776,0.4995059293473379,0.4995059293473379,0.425988142713427,0.12717391316914417,0.1405138341309425,-0.01333992096179834,0.5148936170212766,0.9197651663405088,28.756668957898402,0.033879164347424356,0.4851063829787234,73.1255786328125,0.06847826093723149,Basic Materials
1990-03-31,FCX,1990,Q1,USD,0.6267166042446941,0.4419475655430712,0.5368289637952559,0.4419475655430712,0.37952559300873906,0.1947565543071161,0.1947565543071161,0.1947565543071161,3.8509615384615383,1.86875,0.5537037037037037,0.2669110296567811,0.18571759795965684,2.2815533980582523,1.233009708737864,0.0838150289017341,0.8038834951456311,68.05555562099359,-1.827559302631176,-1.827559302631176,32.171717202651514,53.017062056803994,-154.42424257272728,273.9784948870968,0.42893577556225365,1.4015151515151516,0.583596214511041,0.5570469798657718,3.2674242424242426,1.1442857142857144,0.30097087378640774,0.19350811485642946,-1.7741935483870968,1.4842105263157894,0.0,0.8157894736842105,0.08378378378378379,0.36046511627906974,0.22048364153627312,1.75,0.00642857142239011,0.642857142239011,0.23105769208552146,0.04499999995673077,0.5336538456407175,0.11942307680824704,0.44567307649454513,0.44567307649454513,0.3807692304031065,0.044711538418546595,0.1240384614191938,-0.07932692300064718,0.5131578947368421,0.8587570621468926,32.171717202651514,0.04356357923597694,0.4868421052631579,102.09922490116278,0.07874999992427885,Basic Materials
1990-06-30,FCX,1990,Q2,USD,0.6154562383612663,0.4748603351955307,0.5502793296089385,0.4748603351955307,0.4106145251396648,0.2122905027932961,0.2122905027932961,0.2122905027932961,2.9184782608695654,2.107142857142857,0.7454873646209387,0.3194527067221892,0.2218091697645601,2.5074626865671643,1.4738805970149254,0.09423604757548033,0.7705223880597015,43.750000038377195,0.7875000006907892,0.7875000006907892,29.910045003748124,37.15083802141527,-302.2727275378788,128.70967753225807,0.45229244114002476,1.64167916041979,0.6214528944381384,0.6046235921754594,3.629685157421289,1.4632152588555858,0.5783582089552238,0.2886405959031657,-0.4258064516129032,2.52,0.0,2.066666666666667,0.1415525114155251,0.7013574660633484,0.4725609756097561,0.9385964912280702,0.005363408516598514,0.5363408516598513,0.3297368418160203,0.06999999993859649,0.6723684204628347,0.12679824550280855,0.4798684206316944,0.4798684206316944,0.40956140314950756,0.095175438513004,0.1357017542669283,-0.040526315753924284,0.5170068027210885,0.8647058823529412,29.910045003748124,0.0548872179969661,0.48299319727891155,70.51945860406092,0.0657017543283318,Basic Materials
1990-09-30,FCX,1990,Q3,USD,0.6622516556291391,0.5298013245033113,0.601177336276674,0.5298013245033113,0.47019867549668876,0.24503311258278146,0.24503311258278146,0.24503311258278146,3.3890274314214466,2.206730769230769,0.8406593406593407,0.34405063291139243,0.23597846848411183,3.341317365269461,2.251497005988024,0.11345646437994723,1.437125748502994,30.625,0.7145833333333332,0.7145833333333332,23.230353075170843,30.016556291390728,152.21082089552237,60.97533632286996,0.44295884702205246,1.4527334851936218,0.5922916182957976,0.5864342910975036,3.2796127562642368,1.3720343260979304,1.3353293413173652,0.4922737306843267,0.40059790732436473,8.37704918032787,0.0,10.967213114754099,0.262250098000784,1.6683291770573565,1.073836276083467,0.6666666666666666,0.005442176870748299,0.54421768707483,0.4081081081081081,0.1,0.7660660660660661,0.21621621621621623,0.5912912912912913,0.5912912912912913,0.5273273273273273,0.2009009009009009,0.12042042042042042,0.08048048048048048,0.5211267605633803,0.8875,23.230353075170843,0.06253600539314826,0.4788732394366197,52.170746634026926,0.06666666666666667,Basic Materials
1990-12-31,FCX,1990,Q4,USD,0.6130198915009042,0.4168173598553345,0.5081374321880651,0.4168173598553345,0.35985533453887886,0.18896925858951175,0.18896925858951175,0.18896925858951175,2.8727272727272726,1.3544303797468353,0.5903448275862069,0.22115576884623075,0.16394900681885563,2.317037037037037,1.242962962962963,0.06837229819144243,0.6577777777777778,48.79485645933014,-1.311689689766939,-1.311689689766939,19.527285782671136,36.88291139240506,-149.42307692307693,123.98936170212767,0.4506374147643048,1.4552417424605075,0.5927081302398128,0.5846092662557169,3.2292963140258495,1.0727449078564502,0.4874074074074074,0.2974683544303797,-0.8297872340425532,3.73,0.0,3.29,0.10822368421052632,0.5465116279069767,0.30406654343807765,2.2966507177033493,0.011766868909726053,1.1766868909726054,0.3321321321321321,0.06276276276276277,0.9129129129129129,0.13333333333333333,0.6642642642642642,0.6642642642642642,0.6273273273273273,0.0987987987987988,0.18078078078078078,-0.08198198198198198,0.5251256281407035,0.8633405639913232,19.527285782671136,0.07452350309493166,0.4748743718592965,77.20373665480427,0.14414414414414414,Basic Materials
1991-03-31,FCX,1991,Q1,USD,0.5838926174496645,0.401006711409396,0.4890939597315436,0.401006711409396,0.36661073825503354,0.18540268456375839,0.18540268456375839,0.18540268456375839,3.425287356321839,2.1471861471861473,0.6093366093366094,0.2267452919916302,0.16023659093964243,2.695266272189349,1.4911242603550297,0.06308049535603716,0.9378698224852071,51.04166662047511,-11.447916656306564,-11.447916656306564,21.213367791490363,37.853048064177855,-168.9918849906367,169.62719282894736,0.5027557467401532,1.7583450869769628,0.6374637804670189,0.6192947914802219,3.4974141984015046,1.1714987714987715,0.39349112426035504,0.2231543624161074,-1.0037593984962405,1.3107142857142857,0.0,0.95,0.07112299465240642,0.49906191369606,0.37202797202797205,0.8235294117647058,0.00403361344902848,0.4033613449028481,0.32361990979513117,0.06000000005429864,1.0153846163035154,0.17212669698834995,0.6165610865308245,0.6165610865308245,0.57746606387101,0.07221719463549067,0.14470588248389674,-0.07248868784840605,0.505720823798627,0.9142259414225942,21.213367791490363,0.08288854010640943,0.494279176201373,82.72184098198971,0.049411764750598886,Basic Materials
1991-06-30,FCX,1991,Q2,USD,0.5658073270013568,0.32971506105834464,0.4151967435549525,0.32971506105834464,0.25237449118046135,0.12754409769335143,0.12754409769335143,0.12754409769335143,3.7035175879396984,0.6765327695560254,0.29739776951672864,0.12815162580420797,0.09235588972431077,2.185964912280702,0.927485380116959,0.026578635517183005,0.6713450292397661,122.5,-2.1,-2.1,23.644763860369608,62.4966078697422,-156.135593220339,158.28178694158078,0.5340852130325815,2.1878850102669403,0.6863123993558776,0.6708347414667117,4.096509240246407,0.6824074074074075,0.34035087719298246,0.3948439620081411,-1.013745704467354,0.7328767123287672,0.0,0.9965753424657534,0.0682778038479587,0.49658703071672355,0.33876600698486614,2.904255319148936,0.005927051671732523,0.5927051671732523,0.19601063829787235,0.025,1.1335106382978724,0.15265957446808512,0.5513297872340426,0.5513297872340426,0.5180851063829788,0.07739361702127659,0.15585106382978722,-0.07845744680851063,0.5053763440860215,0.7654320987654321,23.644763860369608,0.09253148067737733,0.4946236559139785,162.5751633986928,0.0726063829787234,Basic Materials
1991-09-30,FCX,1991,Q3,USD,0.5254569190600522,0.3714099216710183,0.47780678851174935,0.3714099216710183,0.31201044386422977,0.1618798955613577,0.1618798955613577,0.1618798955613577,2.173049645390071,2.541958041958042,0.7017374517374517,0.24555217182240743,0.1533073151205844,7.166306695464363,4.928725701943844,0.05172413793103448,3.3390928725701943,43.749999964717745,0.24305555535954299,0.24305555535954299,22.568902737909518,28.328981700391644,-64.29629624444445,-425.4901957352941,0.6327429200440309,3.2880915236609463,0.7667960223138491,0.765459202341749,5.196567862714509,0.7919359007495477,-0.2203023758099352,-0.06657963446475196,6.617647058823529,10.680851063829786,0.0,-2.1702127659574466,-0.016131583109283566,-0.17801047120418848,-0.12056737588652482,1.1008064516129032,0.006290322585718003,0.6290322585718002,0.43241935518743496,0.07000000005645161,1.7847177433747723,0.43637096809384757,0.5777822585304696,0.5777822585304696,0.5427822585022437,-0.028790322603863164,0.16173387109817247,-0.19052419370203563,0.5188284518828452,0.8400702987697716,22.568902737909518,0.14569124435712427,0.4811715481171548,65.8155737226776,0.07705645167504553,Basic Materials
1991-12-31,FCX,1991,Q4,USD,0.5494233937397035,0.400329489291598,0.4439868204283361,0.400329489291598,0.31054365733113676,0.3772652388797364,0.32948929159802304,0.32948929159802304,0.39686171951618177,1.7147335423197492,0.4498355263157895,0.20176167525344857,0.10487214927436074,12.237410071942445,9.321342925659472,0.04665774024101349,1.9376498800959232,27.124999978125,0.47468749961718754,0.47468749961718754,25.159420269565217,35.74958810955519,-102.35849048349057,124.35530075931233,0.34295093296475465,2.301449275362319,0.6971027216856892,0.6971027216856892,6.710724637681159,0.3219732131017107,0.8369304556354916,0.28747940691927515,-1.2148997134670487,0.0,0.0,0.0,0.08790931989924433,0.4514877102199224,0.3333333333333333,0.685,0.0063133640603909615,0.6313364060390961,0.3426612905989204,0.1129032258975026,1.1205645170327134,0.22806451631295527,0.5269758068765934,0.5269758068765934,0.48689516168297997,0.09850806459557102,0.21818548404692378,-0.11967741945135275,1.0610079575596818,0.7757201646090535,25.159420269565217,0.09147465445165007,-0.21485411140583555,86.38589974953618,0.07733870973978928,Basic Materials
1992-03-31,FCX,1992,Q1,USD,0.5454545454545454,0.32989690721649484,0.3992502343017807,0.32989690721649484,0.2633552014995314,0.16213683223992503,0.16213683223992503,0.16213683223992503,1.3803363518758085,0.0,0.32076719576719576,0.1630999694283094,0.09124337266974517,9.5,6.451612903225806,0.024974721941354906,4.8125,61.25,-1.1229166666666668,-1.1229166666666668,26.083076923076923,39.72352389878163,-155.82720588235293,119.39436619718309,0.5441251924063623,3.9156923076923076,0.7965698547821732,0.7965698547821732,7.196307692307692,0.23972141091889462,0.7157258064516129,0.33270852858481725,-0.7661971830985915,0.0,0.0,0.0,0.055791293415055794,0.5661881977671451,0.39444444444444443,1.5780346820809248,0.006440957886044592,0.6440957886044592,0.3083815028901734,0.05,1.8390173410404624,0.6898843930635838,0.5213872832369942,0.5213872832369942,0.46965317919075145,0.10260115606936417,0.18121387283236995,-0.07861271676300578,0.6156583629893239,0.7982954545454546,26.083076923076923,0.15012386457473162,0.38434163701067614,108.82863849765258,0.07890173410404624,Basic Materials
1992-06-30,FCX,1992,Q2,USD,0.5999172527927182,0.4526272238311957,0.5188249896565991,0.4526272238311957,0.376086057095573,0.2056268100951593,0.2056268100951593,0.2056268100951593,1.2000993048659385,2.6420765027322406,0.7120765832106039,0.333701504901284,0.19644018205461639,4.977395048439182,3.5156081808396125,0.06444335458558116,1.3153928955866523,22.685185176056336,0.1260288065336463,0.1260288065336463,24.181312670241287,18.658729056681835,-56.09222404228856,2652.8322429411764,0.517555266579974,3.4144772117962465,0.7734726102271346,0.7654088050314466,6.597319034852547,0.6110479079762356,0.01829924650161464,0.00703351261894911,-47.294117647058826,2.9752650176678443,0.0,0.06007067137809187,0.0026695979899497486,0.020706455542021926,0.015539305301645339,0.5492957746478874,0.006053463641412719,0.6053463641412719,0.6565291753144986,0.13500000005432597,1.7297384312795727,0.33193158967079744,0.572867203449846,0.572867203449846,0.506589537427199,0.004617706239282779,0.2230080483794801,-0.2183903421401973,0.5467546754675467,0.8308957952468007,24.181312670241287,0.14120313724731207,0.45324532453245325,40.06710377192982,0.07415492960730581,Basic Materials
1992-09-30,FCX,1992,Q3,USD,0.5741565881604074,0.3730108211330363,0.4430299172501591,0.3730108211330363,0.31890515595162316,0.16868236791852323,0.16868236791852323,0.14894971355824316,0.847814355099838,0.0,0.4761565836298932,0.19583644976315134,0.09607387475538161,7.624517374517374,6.268339768339768,0.0375037503750375,4.417953667953668,45.070754716981135,-0.7887382075471697,-0.7887382075471697,7.816590314136127,30.410566518141312,-248.828125,67.76595744680851,0.36698874755381605,0.9818390052356021,0.4954181457937753,0.4833474218089603,2.675392670157068,0.2975942413335859,0.6805019305019305,0.4487587523870146,-0.2723404255319149,1.6254416961130742,0.0,2.491166077738516,0.11748041993001167,0.7859531772575251,0.55078125,1.4452830188679244,0.008016745159602302,0.8016745159602303,0.40282051282051284,0.06794871794871794,1.5387179487179488,1.1735897435897436,1.628974358974359,1.628974358974359,1.567179487179487,0.18076923076923077,0.23,-0.04923076923076923,0.5289421157684631,0.8549488054607508,7.816590314136127,0.12560962846677132,0.47105788423153694,70.6882183908046,0.09820512820512821,Basic Materials
1992-12-31,FCX,1992,Q4,USD,0.6197318007662835,0.3510536398467433,0.5004789272030651,0.3510536398467433,0.3089080459770115,0.1743295019157088,0.1743295019157088,0.1556513409961686,1.3846153846153846,0.0,0.600151171579743,0.21018723575598952,0.12325855962219598,3.921115065243179,3.136417556346382,0.06588051846798558,2.2052194543297747,32.2032134375,0.580238079954955,0.580238079954955,7.2525721214230465,22.455880634578545,404.2058514224138,32.358784516908216,0.3246753246753247,0.8507347254447022,0.45967404931048894,0.42168351373110297,2.6202629543696827,0.3542585680352901,0.8594306049822064,0.6939655172413793,0.0800552104899931,0.9720101781170484,0.0,1.8435114503816794,0.26345454545454544,1.0870217554388597,1.0870217554388597,0.0,0.0,0.0,0.5455141216388956,0.09509920511329406,1.4369385387997728,0.9713704522286465,1.7449659092079424,1.7449659092079424,1.6890559369710059,0.3785679895856129,0.3482616494945631,0.030306340091049756,0.5643410852713179,0.8799454297407913,7.2525721214230465,0.11730110520814473,0.4356589147286822,46.57404666507177,0.0,Basic Materials
1993-03-31,FCX,1993,Q1,USD,0.50187265917603,0.1842696629213483,0.300374531835206,0.1842696629213483,0.14082397003745317,0.060674157303370786,0.060674157303370786,0.03146067415730337,1.5067720090293453,0.8333333333333334,0.4634146341463415,0.1236798221234019,0.07951161405598571,3.0638561686298824,2.1742095474271546,0.022943807116468987,1.5759454432734037,158.7962962962963,-1.7785947712418302,-1.7785947712418302,8.098536124665513,38.53932584269663,-100.09727626459144,107.41127348643006,0.3275759380583681,0.8657327246969936,0.46401754830000846,0.4259510255715189,2.642845899575004,0.3234795250787497,0.29696218226906385,0.3588014981273408,-1.0730688935281838,0.37404580152671757,0.0,0.6094147582697201,0.0870909090909091,0.4823766364551863,0.4823766364551863,0.0,0.0,0.0,0.31785714285714284,0.019285714285714285,1.3095238095238095,0.6052380952380952,1.5485714285714285,1.5485714285714285,1.5126190476190475,0.11404761904761905,0.23642857142857143,-0.12238095238095238,0.4308510638297872,0.7642276422764228,8.098536124665513,0.10689990281827016,0.5691489361702128,135.68079800498754,0.0,Basic Materials
1993-06-30,FCX,1993,Q2,USD,0.42857142857142855,-0.21619556913674562,-0.10236822001527884,-0.21619556913674562,-0.25133689839572193,-0.2055003819709702,-0.2055003819709702,-0.23529411764705882,1.1352992194275802,0.6487424111014745,0.5436046511627907,0.11224489795918367,0.08597136477078682,2.219846022241232,1.0427715996578273,-0.013380909901873328,0.026518391787852865,-43.83131970260223,0.05485772178047838,0.05485772178047838,7.606854838709677,36.029411764705884,-56.347072879330945,316.5268456375839,0.3549192171285958,0.8716129032258064,0.46570148224750085,0.46496375560925096,2.455806451612903,0.5505783385909568,0.12745936698032506,0.11382734912146678,-5.617449664429531,-4.625,0.0,9.3125,0.027572168763878607,0.1511156186612576,0.1511156186612576,0.0,0.0,0.0,0.34,-0.06987012987012987,1.4036363636363636,0.008051948051948052,1.6254545454545455,1.6254545454545455,1.6103896103896105,0.0387012987012987,0.2561038961038961,-0.2174025974025974,0.817629179331307,1.1625441696113075,7.606854838709677,0.114582560296846,0.182370820668693,-392.0559701492537,0.0,Basic Materials
1993-09-30,FCX,1993,Q3,USD,0.5679156908665105,0.3360655737704918,0.41978922716627637,0.3360655737704918,0.2980093676814988,0.17037470725995316,0.17037470725995316,0.11241217798594848,1.4221482098251457,0.531317494600432,0.5215547703180212,0.13534072900158478,0.10207984699976094,2.1144708423326133,1.095752339812815,0.07550607287449393,0.16918646508279336,40.412371134020624,-0.2355983938505456,-0.2355983938505456,4.003744999574432,27.540983606557376,-56.743063932448734,168.0,0.06962706191728425,0.09915737509575283,0.09021217283568221,0.09021217283568221,1.424121201804409,1.14862138533961,0.2015838732901368,0.16393442622950818,-2.960714285714286,0.0,0.0,0.0,0.24034334763948498,0.25247971145175835,0.25247971145175835,0.0,0.0,0.0,0.44479166666666664,0.07578125,0.3033854166666667,0.061197916666666664,3.0708333333333333,3.0708333333333333,3.0596354166666666,0.07291666666666667,0.28880208333333335,-0.21588541666666666,0.5717092337917485,0.8867595818815331,4.003744999574432,0.024766156462585034,0.42829076620825146,66.90376569037657,0.0,Basic Materials
1993-12-31,FCX,1993,Q4,USD,0.289586305278174,0.20664357040961892,0.2663541878948441,0.20664357040961892,0.18667210108008966,0.10291420419808436,0.08273894436519258,0.05971061748522519,2.6004239533651297,1.5983493810178817,1.6451156205757433,0.2980080165188874,0.23182312089573393,1.4883559263121307,0.7518248175182481,0.0786011469695266,0.047966631908237745,28.96551724137931,0.24137931034482762,0.24137931034482762,3.984414704387599,9.586305278174038,-61.409921671018274,69.48301329394387,0.12316341474937402,0.22081992207352194,0.18087837369041837,0.15217235188509876,1.7929019142808742,3.3233999322722654,0.23531456378171706,0.13796617077644183,-1.1314623338257017,1.8360655737704918,0.0,1.3872950819672132,0.2596854622171078,0.46916146916146917,0.46916146916146917,0.0,0.0,0.0,1.2778645833333333,0.10572916666666667,0.67890625,0.0359375,3.1963541666666666,3.1963541666666666,3.074479166666667,0.17630208333333333,0.37578125,-0.19947916666666668,0.4432314410480349,0.903353057199211,3.984414704387599,0.05542091836734694,0.44868995633187775,37.87987758224943,0.0,Basic Materials
1994-03-31,FCX,1994,Q1,USD,0.38091660405709993,0.19984973703981967,0.26408715251690457,0.19984973703981967,0.18407212622088656,0.09729526671675431,0.09729526671675431,0.05108940646130729,1.8232876712328767,0.6101443909663088,0.7118790496760259,0.1442740230881795,0.11460306526605821,1.3088369268144548,0.6058305496507743,0.05123927550047665,0.11448527178864258,45.94594599662162,-0.6738738746171171,-0.6738738746171171,3.337540320607208,17.881292281179565,-54.77560420310702,58.333333397671566,0.0702600309970725,0.11442995372318047,0.10268025670064175,0.06796497189909816,1.6286635815453654,2.1981833195706026,0.2477983601579107,0.3065364387678437,-1.0649509803921569,0.7972972972972973,0.0,1.3783783783783783,0.5,0.48427299703264093,0.48427299703264093,0.0,0.0,0.0,0.6850735286561689,0.06665441169118999,0.4199999995367647,0.09702205871651978,3.818088231082991,3.818088231082991,3.670367643010624,0.20999999976838235,0.43363970540407387,-0.2236397056356915,0.5285714285714286,0.9210526315789473,3.337540320607208,0.03428571424789916,0.4714285714285714,69.49502141180655,0.0,Basic Materials
1994-06-30,FCX,1994,Q2,USD,0.38650088809946714,0.18685612788632328,0.25186500888099467,0.18685612788632328,0.16589698046181173,0.07921847246891651,0.07921847246891651,0.034458259325044406,1.6627288836385115,0.5156763212899373,0.6264055132390279,0.13792934489685924,0.10899868349725084,1.2190144350423096,0.5328521652563465,0.03629212478770001,0.0547536087605774,53.2847533632287,-1.8649663677130046,-1.8649663677130046,3.3766695083830633,16.884547069271758,-33.68532955350815,332.37762237762234,0.13246340896770697,0.24303779482807616,0.1955192318683203,0.1635369622058474,1.8347541915316852,2.967843964153927,0.03558984569437531,0.05079928952042629,-9.867132867132867,0.695067264573991,0.0,0.21375186846038863,0.04180064308681672,0.09202059202059203,0.09202059202059203,0.0,0.0,0.0,0.7255154639175257,0.05747422680412371,0.881701030927835,0.05670103092783505,3.772938144329897,3.772938144329897,3.6278350515463917,0.036855670103092784,0.4005154639175258,-0.363659793814433,0.47751605995717344,0.8878326996197718,3.3766695083830633,0.07197559436145592,0.5224839400428265,71.55289139633287,0.0,Basic Materials
1994-09-30,FCX,1994,Q3,USD,0.38481174218251435,0.20229738353541799,0.2610082961072112,0.20229738353541799,0.1818761965539247,0.08551372048500319,0.08551372048500319,0.042756860242501596,1.6813304721030042,0.5682287061597406,0.7010909090909091,0.1409236026799766,0.11306732087452197,1.13256288239293,0.5094040335372763,0.037278350515463916,0.051212327215046455,43.75000001632463,1.0937500004081153,1.0937500004081153,3.1580364970372363,14.964901090459477,-34.28362574378655,70.0000000261194,0.1499747456526445,0.2799138105178102,0.21869739057239057,0.1743940404714254,1.866406302605885,4.278498293515359,0.15182415590301382,0.21378430121250797,-2.0417910447761196,0.5058823529411764,0.0,0.6568627450980392,0.16117392350252585,0.32875368007850836,0.32875368007850836,0.0,0.0,0.0,0.8185820892467978,0.0699999999738806,1.085783581684409,0.05902985072424259,4.072798505942986,4.072798505942986,3.8789925358660478,0.1749999999347015,0.5323134326371964,-0.357313432702495,0.47017543859649125,0.8990536277602523,3.1580364970372363,0.08863539442321706,0.5298245614035088,62.14058681845966,0.0,Basic Materials
1994-12-31,FCX,1994,Q4,USD,0.2849416453173925,0.2223171078849986,0.2829490463990891,0.2223171078849986,0.28721890122402505,0.15713065755764305,0.15713065755764305,0.11870196413321947,1.5,0.6251866600298656,0.8,0.14882440160982843,0.11555160844681271,1.3980537534754403,0.6705282669138091,0.05229696472518458,0.10264133456904541,23.248792267889492,0.08565344519748762,0.08565344519748762,3.433667781103679,14.612392065898092,-120.78431371176471,29.62108097374495,0.18081047299519767,0.3676923076923077,0.2688413948256468,0.2601207562110264,2.0335785953177257,3.050803300043422,0.4015291936978684,0.493310560774267,-0.24523946912867858,2.228215767634855,0.0,7.190871369294606,0.31526287065672187,0.8030583873957368,0.8030583873957368,0.0,0.0,0.0,0.8383295455498102,0.13172727274224175,1.3117840910581573,0.10571590910292226,3.7642500004277557,3.7642500004277557,3.567613636769047,0.4135568182288133,0.5149772727857929,-0.1014204545569796,0.5470763131813677,1.2919334186939821,3.433667781103679,0.10708441559658427,0.4529236868186323,56.72769952464789,0.0,Basic Materials
1995-03-31,FCX,1995,Q1,USD,0.4515655577299413,0.2979452054794521,0.3515166340508806,0.2979452054794521,0.26614481409001955,0.1404109589041096,0.1404109589041096,0.10763209393346379,1.9466666666666668,0.548971596474045,0.6532634032634033,0.16281663214911582,0.12810228127350212,1.35372460496614,0.5790067720090294,0.049799045465963324,0.07742663656884875,22.35772357469512,-1.453252032355183,-1.453252032355183,3.399108285491988,12.557077624143835,-60.109289610655736,61.40350876495215,0.21151917773878165,0.4469606674612634,0.3088962108731466,0.29777736445643077,2.1130976029664943,2.488888888888889,0.1887133182844244,0.2045009784735812,-1.0215311004784688,2.667630057803468,0.0,2.4161849710982657,0.12385185185185185,0.49467455621301776,0.3796548592188919,0.89198606271777,0.009974025975159386,0.9974025975159386,0.975545454656312,0.13697727274283833,1.6107954547284995,0.08185227273657412,3.815318182251741,3.815318182251741,3.6038863640458962,0.19950000002267046,0.4032954545912836,-0.20379545456861312,0.5275735294117647,0.8932676518883416,3.399108285491988,0.13149350650844893,0.4724264705882353,40.18116445894224,0.12218181819570248,Basic Materials
1995-06-30,FCX,1995,Q2,USD,0.4744958481613286,0.3103202846975089,0.37722419928825623,0.3103202846975089,0.2483985765124555,0.12858837485172006,0.12858837485172006,0.0963226571767497,1.6666666666666667,0.49932371505861134,0.6508962679988246,0.1577174929840973,0.12438398205801635,1.3035019455252919,0.6065943067786197,0.045324532453245324,0.06389514642637723,22.940498154981547,-2.5234547970479726,-2.5234547970479726,3.367298578199052,11.79952550415184,-59.13793103448276,90.42727272727272,0.2584471921385782,0.5929587000677048,0.3722373342400544,0.36007971924959925,2.294312796208531,2.764840931452935,0.11263567479008806,0.13048635824436536,-1.529090909090909,2.4272930648769573,0.0,1.2304250559284116,0.06279972596483216,0.39539899352983465,0.28901734104046245,0.9446494464944649,0.010294561174223383,1.0294561174223382,1.0381773399014778,0.13349753694581282,2.157142857142857,0.07684729064039408,3.8687192118226603,3.8687192118226603,3.6379310344827585,0.1354679802955665,0.34261083743842363,-0.20714285714285716,0.5176695319961796,0.8004587155963303,3.367298578199052,0.1760932944606414,0.48233046800382046,36.59182389937107,0.12610837438423644,Basic Materials
1995-09-30,FCX,1995,Q3,USD,0.5398041719880801,0.36292039165602386,0.4350787569178374,0.36292039165602386,0.29182630906768836,0.15772669220945082,0.15772669220945082,0.12877820349084718,2.0824468085106385,0.5289943724002936,0.5636079249217936,0.16974996386761093,0.13376231421900803,1.344352058406003,0.5664165483674711,0.05471678994832303,0.06793753802474144,17.431511456578946,0.34863022913157904,0.34863022913157904,3.5775515826963025,10.997658569029376,-76.77117378499258,46.63086638745488,0.30180513638175505,0.7339703642154827,0.4232888746905199,0.40317381601785274,2.4319346350920923,2.9547169811320755,0.22470087203407016,0.2358450404427416,-0.6074007220216606,1.6753554502369667,0.0,1.3127962085308056,0.10452830188679245,0.622122403144301,0.4755364806866953,0.7408906882591093,0.010625737907246774,1.0625737907246775,1.1647933893923912,0.1837190084162967,2.6280991757257017,0.08305785130831228,3.8142148791853017,3.8142148791853017,3.5806611599840177,0.27471074402868656,0.4415702482988184,-0.16685950427013183,0.5404814004376368,0.8041055718475073,3.5775515826963025,0.20515996687944588,0.45951859956236324,30.299412894960863,0.13611570259183117,Basic Materials
1995-12-31,FCX,1995,Q4,USD,0.4938225383751404,0.31710969674279293,0.39217521527517785,0.31710969674279293,0.25627105952826656,0.12710595282665668,0.12710595282665668,0.10183451890677649,2.085903943771964,0.7692745376955903,0.762119503945885,0.18772842282822602,0.14914705307535528,1.2401290812452543,0.566628701594533,0.051457975986277875,0.05106302201974184,21.08341141980854,1.5812558564856383,1.5812558564856383,4.144354448592314,10.719308389404716,133.16871027023257,39.84867461113431,0.325878772649859,0.8447564594340305,0.4579230256188944,0.43878960194963446,2.592241441702251,3.605804927438407,0.2727790432801822,0.2690003743916136,0.2992345163535143,1.6168009205983889,0.0,1.6536248561565017,0.12311514736120631,1.4270109235352533,0.8428152492668621,1.027982326951399,0.012189468612104877,1.2189468612104877,1.311651786592624,0.16671875011164203,2.8658928590619817,0.06604910718708645,3.6410491095810595,3.6410491095810595,3.3925669665575224,0.35283482166484476,0.24725446445128646,0.10558035721355828,0.4959824689554419,0.80814639905549,4.144354448592314,0.20383306252218933,0.504017531044558,32.77591666644391,0.1713839286861946,Basic Materials
1996-03-31,FCX,1996,Q1,USD,0.4727085478887745,0.27188465499485065,0.36251287332646753,0.27188465499485065,0.1923274974253347,0.09294541709577755,0.09294541709577755,0.057672502574665295,1.4700984102952308,0.5958684899621763,0.5200609446419502,0.13568084957730733,0.10672675313255661,1.4226462048942348,0.6059726254666113,0.030783179345479666,0.04106180008295313,43.71694784279778,-0.646250533328315,-0.646250533328315,5.163785086707566,16.25315980561277,-100.04322137083993,197.272727140625,0.3949769180039569,1.1757873210633947,0.540396255498327,0.5207385918143328,2.9768507157464215,2.351801392673327,0.06636250518457072,0.082389289392379,-1.971875,0.9367552703941339,0.0,0.2933088909257562,0.022262418255182968,0.33648790746582546,0.19863438857852267,1.8282548476454294,0.010455069131425125,1.0455069131425125,0.9536607149243264,0.08863839291649893,3.529330359506248,0.048616071461126835,3.248437502175293,3.248437502175293,3.0016741091529067,0.07857142862404337,0.2335044644420789,-0.15493303581803552,0.48326639892904955,0.7073863636363636,5.163785086707566,0.22769873287137085,0.5167336010709505,54.90289253196023,0.16205357153708944,Basic Materials
1996-06-30,FCX,1996,Q2,USD,0.43695498468065047,0.26302144708932357,0.36530756540183834,0.26302144708932357,0.18713174640584493,0.10063634221069997,0.10063634221069997,0.06858354937544191,2.2378691983122363,0.7308045273784032,0.618431271032876,0.14682168933181078,0.11708057395143488,1.323682566132056,0.5190585294730264,0.03706892840229044,0.09373047281816288,36.074004683840755,0.9920351288056211,0.9920351288056211,5.107294429708223,14.521423521093565,77.99291139240506,34.988302101078936,0.40618101545253865,1.220159151193634,0.5495818399044206,0.53005336761326,3.003978779840849,2.362472160356347,0.3667985836284107,0.4150365307565402,0.44860874503123227,1.0628930817610063,0.0,1.582210242587601,0.11963315217391304,1.8135942327497425,1.066626287098728,1.5925058548009368,0.011036381105715545,1.1036381105715545,1.0935567010309277,0.11005154639175257,3.7938144329896906,0.11597938144329897,3.3538659793814434,3.3538659793814434,3.109278350515464,0.4538659793814433,0.2502577319587629,0.2036082474226804,0.5377833753148614,0.7114695340501792,5.107294429708223,0.238905190994313,0.4622166246851385,48.95767741935484,0.17525773195876287,Basic Materials
1996-09-30,FCX,1996,Q3,USD,0.5142195070570887,0.3589635559300611,0.4541815883716031,0.3589635559300611,0.2631135453970929,0.12555298082999788,0.12555298082999788,0.09711396671582052,2.014000848536275,0.7332273449920509,0.5643661282427802,0.16007958454171445,0.12550232656514382,1.4634646962233169,0.6247947454844006,0.0412549698854466,0.10057471264367816,25.186765961451343,0.41977943269085566,0.41977943269085566,5.244584684435322,12.649094175710976,246.08709037745902,51.364627931650986,0.42335554145516074,1.3986374355838938,0.5830966426334572,0.5660463177045825,3.303694645820596,2.4905561385099686,0.23994252873563218,0.2462607962923952,0.20872540633019676,1.3929564411492121,0.0,1.0834105653382762,0.0730031849122588,1.2637837837837838,0.7229437229437229,1.1610738255033557,0.01152464182261821,1.1524641822618211,1.2356616041339161,0.15514099769619003,4.168242946491763,0.12754880683076025,3.2332321013160676,3.2332321013160676,2.980216917153825,0.3042950105819566,0.2407809108539862,0.06351409972797041,0.4771817453963171,0.732981220657277,5.244584684435322,0.266682210268187,0.5228182546036829,35.0502087440167,0.18013015168752264,Basic Materials
1996-12-31,FCX,1996,Q4,USD,0.5506800518134715,0.4059261658031088,0.48720854922279794,0.4059261658031088,0.31460492227979275,0.14216321243523317,0.14216321243523317,0.12467616580310881,2.608108108108108,0.7744906502930505,0.7386212403513441,0.19996114744544455,0.15977234510412625,1.1058705469141996,0.47750459943134305,0.053395240858966915,0.06205051011874895,17.12572561588838,0.20550870739066054,0.20550870739066054,5.117028106431853,9.738592675356218,88.44933582794118,21.8314150137931,0.4043202690466951,1.329675004253871,0.570755578278494,0.5482184725371873,3.288667687595712,4.272570044967139,0.4607793945475832,0.44608160621761656,0.24682395644283123,1.4231332357247437,0.0,2.0168374816983894,0.17627487363235012,1.3277108433734939,0.9963833634719711,0.785876993166287,0.01147217073881515,1.1472170738815148,1.5341025647171884,0.2180929488053257,3.8822035271963955,0.09215544875486997,3.181971155120982,3.181971155120982,2.9196634627081983,0.6843349361716086,0.5154246796936798,0.1689102564779288,0.4518785383427689,0.7750299162345433,5.117028106431853,0.2598529804013652,0.5481214616572311,25.05933810667996,0.17139423083789834,Basic Materials
1997-03-31,FCX,1997,Q1,USD,0.5185185185185185,0.37724322260404736,0.46754486445208093,0.37724322260404736,0.28713249331806034,0.13707521954944635,0.13707521954944635,0.11912943871706758,1.9378468368479467,0.6386426943530008,0.7201599086236437,0.16333021515434987,0.13108108108108107,1.169985775248933,0.5472972972972973,0.042734122712594184,0.044630156472261734,21.292479100104458,-0.7807242336704969,-0.7807242336704969,5.357161627288655,11.674684989595265,-115.16384176177024,82.52631575641024,0.44697197197197197,1.5646955759964958,0.6100901762535865,0.5930191100969766,3.5006570302233904,6.592825676526117,0.13175675675675674,0.14146620847651775,-0.7165991902834008,1.3542345276872965,0.0,0.6034201954397395,0.041487038799619284,0.5825471698113207,0.38694516971279375,0.8955431754874652,0.010514782840424062,1.0514782840424062,1.3011057697520456,0.17834935904581303,4.436626604341598,0.06234775643523548,3.003125001203175,3.003125001203175,2.835456731905231,0.184062500073743,0.3159615385881256,-0.13189903851438262,0.4773936170212766,0.7611336032388664,5.357161627288655,0.2920754841567872,0.5226063829787234,32.16088198264598,0.1597195513460415,Basic Materials
1997-06-30,FCX,1997,Q2,USD,0.5252204585537918,0.37689594356261025,0.4731922398589065,0.37689594356261025,0.2776014109347443,0.13950617283950617,0.13950617283950617,0.12328042328042328,2.381352372952541,0.6713216957605985,0.687787429739397,0.17237710151095978,0.1381006892856273,1.1481867083116433,0.4690265486725664,0.045902427301129534,0.040950893631789,19.643200267888748,1.5714560214310997,1.5714560214310997,5.556149262256392,10.961390766772487,1218.6487381882353,47.62535298666667,0.46571839150449373,1.7093688539245486,0.6309103507440526,0.6159708871189233,3.670391560879671,6.265193370165746,0.22644456012493494,0.23015873015873015,0.03908045977011494,1.6115351993214588,0.0,1.1068702290076335,0.0682495685372104,1.0406698564593302,0.6904761904761905,0.8040455120101138,0.01023312776233957,1.023312776233957,1.4195278985188067,0.19803290436126564,4.787088703276561,0.05908440635810201,2.9867668129328684,2.9867668129328684,2.8005007183124113,0.32671673854797934,0.31394849819093185,0.012768240357047468,0.5025412960609911,0.7365465605989705,5.556149262256392,0.30765351563474047,0.4974587039390089,30.20353546313828,0.1592274679820037,Basic Materials
1997-09-30,FCX,1997,Q3,USD,0.45372829417773236,0.2786516853932584,0.39877425944841677,0.2786516853932584,0.18529111338100102,0.09315628192032686,0.09315628192032686,0.07477017364657815,2.39013671875,0.6767906859023032,0.7807299270072993,0.144089249970564,0.11824528347464792,0.9991260269183709,0.4004544660024471,0.03361804995970991,0.020625764726446425,30.43663435734649,-0.6445404922732199,-0.6445404922732199,5.7655437810572225,11.341454763595506,474.49932536581196,30.65511930855881,0.5107616493948837,2.1958666528196074,0.6870958307607318,0.6748277725246522,4.299200332329422,11.531213191990577,0.3165530501660549,0.36996935648621043,0.06460519050248481,1.292850990525409,0.0,1.5598621877691645,0.08565077563374952,1.0690672963400236,0.8748792270531401,0.8245614035087719,0.006772770880543725,0.6772770880543725,1.2705601089424698,0.11836065570536594,5.4881967198119685,0.030628415292178027,2.6921857916141567,2.6921857916141567,2.499330600410019,0.470068305882495,0.43969945343177613,0.030368852450718894,0.5027563395810364,0.6649560117302052,5.7655437810572225,0.38086028589951204,0.4972436604189636,39.21230587489754,0.09759562838863507,Basic Materials
1997-12-31,FCX,1997,Q4,USD,0.43533048026628623,0.2765097479790775,0.4032334759866857,0.2765097479790775,0.1852116024726581,0.11554921540656206,0.11554921540656206,0.09415121255349501,3.2453703703703702,0.9068346697212677,0.7544472681067345,0.11943095664025896,0.10129569866576754,0.9735127180996427,0.31175110363674585,0.030759478386863076,0.018919487071683835,14.376406049176953,0.3035019054826245,0.3035019054826245,3.5881028835023754,6.644729757394199,-62.66307928161435,21.8512379668491,0.5753576417320938,3.06714597509308,0.7541273398781527,0.7476838354389375,5.3308512004108355,-64.21374045801527,0.26886693294092917,0.3040893961008084,-0.3487099296325254,1.7342398022249692,0.0,1.5809641532756489,0.053537044788614485,0.7414492753623189,0.49249133615710433,1.794238683127572,0.031201099165362883,3.1201099165362884,1.185902254524528,0.13703007505918227,6.735902249308363,0.025375939825774494,2.366729321083901,2.366729321083901,2.1961466144773056,0.36062030041295084,0.4863721799940111,-0.12575187958106027,0.6238767650834403,0.6698194325021496,3.5881028835023754,0.8548099301152744,0.3761232349165597,30.51163523561321,0.24586466142305952,Basic Materials
1998-03-31,FCX,1998,Q1,USD,0.5241100732138348,0.328957334006564,0.4761423882857864,0.32769502650845744,0.18379197172431205,0.08987629386518556,0.08987629386518556,0.06715475889926786,2.415243902439024,0.5228848821081831,0.5980329949238579,0.11183263220305485,0.09383143033116975,0.991259435836313,0.3651172030194676,0.027545542550382822,0.023639253079062377,24.831647963412923,-0.534835494596586,-0.534835494596586,4.73427054490561,8.927105958066145,-599.3265542355932,38.8147823270033,0.5853034538304828,3.30807336992904,0.767877676601299,0.7600321285140562,5.651894497255322,-46.6,0.1809694080254271,0.22999242615501136,-0.06476399560922064,1.4391634980988592,0.0,0.8659695817490495,0.036870649182451025,0.9391752577319588,0.7726887192536047,0.5870786516853933,0.005910588904030835,0.5910588904030836,1.1168233072210307,0.10037593975528578,6.966541346835958,0.03355263154741294,2.2908834564935305,2.2908834564935305,2.10592105065233,0.25686090201422845,0.2734962403444584,-0.016635338330229944,0.489010989010989,0.5608628659476117,4.73427054490561,0.698750385841119,0.510989010989011,31.786461664846236,0.05892857137318743,Basic Materials
1998-06-30,FCX,1998,Q2,USD,0.5026503802719521,0.3111315971421987,0.4586310209725743,0.3111315971421987,0.1691634017054621,0.0799723438580318,0.0799723438580318,0.05946070523162019,2.573546856465006,0.7537548026545582,0.7467128027681661,0.12168718624673977,0.10286378075956569,1.120879120879121,0.43048256091734355,0.029030265596046944,0.012422360248447204,20.1545903898415,-3.023188558476231,-3.023188558476231,3.7439201634234474,6.447239331896751,-83.75620197934133,31.4321027652809,0.5977905267649708,3.3747323340471094,0.77141458639256,0.7645576002016637,5.6453426124197,18.783549783549784,0.2126134734830387,0.20511638626411616,-0.3752808988764045,1.6838235294117647,0.0,0.9348739495798319,0.03529505076142132,0.7271241830065359,0.6206415620641562,0.6051873198847262,0.0075068174070875475,0.7506817407087547,1.1772480606466107,0.09414728671223184,6.841550379641608,0.014108527115377682,2.2201937958679916,2.2201937958679916,2.027286819348116,0.24147286793627185,0.33209302286965925,-0.09062015493338742,0.47275204359673023,0.5437037037037037,3.7439201634234474,0.9013900368434266,0.5272479564032697,26.702799729195984,0.05697674411979448,Basic Materials
1998-09-30,FCX,1998,Q3,USD,0.5308753675638995,0.30558697127346757,0.47545804116715673,0.30558697127346757,0.16104953630400362,0.07373897308301289,0.07373897308301289,0.05383397421397874,2.6875379939209725,0.6246987951807229,0.7201388888888889,0.12543267321114454,0.10591251018159169,0.8973528851647306,0.34888592649019234,0.03117943373284697,0.01885355170443725,15.565950920245397,0.0,0.0,3.4810495626822155,4.591268943677901,14.805251641137856,11.37142857142857,0.6003306022710939,4.297547590464758,0.8112334088701846,0.8018419085162781,7.158634882524439,-267.93939393939394,0.3399352504284898,0.40375480660484053,0.7680672268907563,1.1721311475409837,0.0,1.2192622950819672,0.07123189273314977,4.311594202898551,2.869774919614148,0.6380368098159509,0.010247315006404573,1.0247315006404574,1.3002941176470588,0.09588235294117647,7.370294117647059,0.02911764705882353,2.1176470588235294,2.1176470588235294,1.715,0.525,0.12176470588235294,0.4032352941176471,0.45786516853932585,0.5270170244263509,3.4810495626822155,1.234555128584097,0.5421348314606742,21.530922930542342,0.0611764705882353,Basic Materials
1998-12-31,FCX,1998,Q4,USD,0.5754639175257732,0.3597938144329897,0.5247422680412371,0.3597938144329897,0.22041237113402062,0.10474226804123711,0.10474226804123711,0.0868041237113402,2.12253829321663,0.711717939854822,0.6831453218314533,0.1395884299899266,0.11568000763249535,1.0528447444551592,0.47155255544840885,0.03799343538501757,0.011378977820636451,8.2671796753937,0.06430028636417323,0.06430028636417323,2.7840419457076564,3.4636925980206184,18.89641068661417,13.975797920465888,0.585984830415494,4.07159429897249,0.8028233448794196,0.794229982267085,6.9482930062976465,-36.60377358490566,0.23182256509161042,0.24783505154639177,0.7396006655574043,1.5524256651017214,0.0,0.9405320813771518,0.048925431455551935,3.840255591054313,2.298279158699809,0.41338582677165353,0.01250081173395954,1.250081173395954,1.507062146041208,0.1578531072554502,7.634124289472246,0.018333333322975518,2.3301977387964983,2.3301977387964983,1.8749717503531234,0.37350282464773854,0.09725988695070063,0.2762429376970379,0.4752104770813845,0.6126074498567335,2.7840419457076564,1.4624759175234188,0.5247895229186156,16.23100554043222,0.06525423725126879,Basic Materials
1999-03-31,FCX,1999,Q1,USD,0.5363155363155363,0.32852332852332855,0.49855699855699853,0.32852332852332855,0.1596921596921597,0.06349206349206349,0.06349206349206349,0.04256854256854257,3.035036496350365,0.5963501391896072,0.5678939617083947,0.12096,0.10159055926115956,1.018166804293972,0.31729975227085055,0.02919071669071669,0.011147811725846408,16.578512406060607,-0.25262495094949494,-0.25262495094949494,2.8540771276165637,4.21041584915825,14.540622176744188,11.265707272072072,0.5766815705245669,3.8478969677209,0.7937249890708545,0.7846661517938637,6.672481252037822,22.972375690607734,0.3208092485549133,0.37373737373737376,0.7747747747747747,1.337330135891287,0.0,1.2422062350119905,0.06583908825149346,4.44,3.264705882352941,0.4772727272727273,0.007197158520360528,0.7197158520360528,1.292033897575122,0.08203389825873791,7.334265532579511,0.016779661007469117,2.381779659671311,2.381779659671311,1.9060451966632512,0.48288135565938906,0.10875706208544798,0.37412429357394106,0.39759036144578314,0.486090775988287,2.8540771276165637,1.3482105758418217,0.6024096385542169,19.805069513169318,0.03915254235076127,Basic Materials
1999-06-30,FCX,1999,Q2,USD,0.4777801403359558,0.2871252392090155,0.4410695300871784,0.2870508186264087,0.1482032745056347,0.05847331490537955,0.05847331490537955,0.040187114607697215,2.516318887105404,0.7591962905718702,0.7587272165585418,0.13825440221065938,0.11508062740108156,1.036016532178705,0.3989372170832513,0.03033063120502778,0.009053335957488683,25.686818181818186,2.825550000000003,2.825550000000003,4.467979127134726,6.0079736338507335,34.626838235294116,22.93465909090909,0.5649546088531089,3.650853889943074,0.7849857201142391,0.7738359201773836,6.462207463630613,34.708487084870846,0.2424719543396969,0.26196045077610036,0.6623376623376623,1.139551724137931,0.0,0.8496551724137931,0.05336105336105336,2.9615384615384617,2.2158273381294964,0.509090909090909,0.004954787563483215,0.49547875634832156,1.493015873015873,0.0873015873015873,7.32952380952381,0.014603174603174604,2.5174603174603174,2.5174603174603174,2.0076190476190474,0.39111111111111113,0.13206349206349208,0.259047619047619,0.3945480631276901,0.5162962962962963,4.467979127134726,0.8171152518978606,0.6054519368723099,24.72943331646058,0.044444444444444446,Basic Materials
1999-09-30,FCX,1999,Q3,USD,0.51931602279924,0.3308000844416297,0.4872282035043276,0.3308000844416297,0.18767152206037577,0.07515305045387376,0.07515305045387376,0.056575891914713954,2.2094216417910446,0.6164049810503519,0.6330275229357798,0.13985415251985475,0.11463627123566139,1.0032406617772471,0.3897322190005117,0.03309599951728715,0.005799078969810677,18.302668539325843,0.5490800561797751,0.5490800561797751,4.028907095377956,5.502005488705932,31.363417569193743,23.889092575618697,0.5462465514737912,3.489256453856856,0.7772459626045936,0.7640859195507093,6.387695161539651,46.9009900990099,0.18608221047245438,0.23031454507071986,0.7616865261228231,1.095679012345679,0.0,0.6734567901234568,0.048334219386850966,4.196153846153846,2.7831632653061225,0.3707865168539326,0.0050646510378697775,0.5064651037869777,1.4140298507462687,0.10626865671641791,6.737910447761194,0.010149253731343283,2.4405970149253733,2.4405970149253733,1.931044776119403,0.3256716417910448,0.07761194029850746,0.2480597014925373,0.40044994375703036,0.5673261008296108,4.028907095377956,0.8660553274757319,0.5995500562429696,21.057625649913344,0.03940298507462687,Basic Materials
1999-12-31,FCX,1999,Q4,USD,0.48018957345971564,0.29345971563981044,0.4375355450236967,0.29345971563981044,0.2028436018957346,0.08890995260663508,0.08890995260663508,0.07071090047393365,3.0544296467863346,0.8641664040340372,0.7449062754686226,0.15684000832515685,0.12919738421220212,1.0959037080178606,0.38128518734226363,0.03820804576260648,0.013007183071248301,18.161736460554373,0.20756270240633568,0.20756270240633568,4.978290122735243,6.459036511848341,27.72287843775427,18.813593373826617,0.5261456317813319,3.1388077147866746,0.7583845230530255,0.7481786739274413,5.965663354763296,20.56530214424951,0.35158221704523396,0.3433175355450237,0.6786305908337935,1.4869337979094077,0.0,1.5775261324041812,0.08430313751047389,3.111683848797251,2.5834522111269616,0.2537313432835821,0.003492663598476161,0.3492663598476161,1.634918765458118,0.1453605499525796,6.658071074800246,0.020765792850368517,2.684986021831977,2.684986021831977,2.121210242804808,0.5612962813733937,0.18038345431215635,0.3809128270612374,0.4383177570093458,0.6912144702842378,4.978290122735243,0.6304991548106293,0.5616822429906542,24.04090883882149,0.03688252759990826,Basic Materials
2000-03-31,FCX,2000,Q1,USD,0.43959691354856373,0.25972215093500317,0.3952227583021095,0.25972215093500317,0.12661465551164264,0.040058427004739175,0.040058427004739175,0.019762955739191432,3.144871001587259,0.6853980194497774,0.7077246345106237,0.14061060810317075,0.11618728239359837,1.0959566804614898,0.34335897164879303,0.0256537262592092,0.01065101265925703,25.967051679034757,-0.32458814598793445,-0.32458814598793445,3.0578329375264244,4.160796976851614,22.180923922337623,13.364074844931688,0.5325911399966405,3.368779400647227,0.7711031140982189,0.7620703169114947,6.3252636922733565,9.680192116594899,0.295913182051011,0.3113419391264179,0.6025030738901368,1.3677068427985255,0.0,1.3795616287774692,0.06792072020289298,2.5157427248220086,2.0411794397240683,0.7182745181784208,0.006915249053460508,0.6915249053460507,1.4492415836551515,0.05805433819108249,6.643181691389325,0.01624070963222851,2.5555655424211055,2.5555655424211055,1.9719847758844058,0.45120968491783564,0.17935446278583958,0.27185522213199603,0.31638064995608406,0.48750041171239417,3.0578329375264244,1.101688506034714,0.6836193500439159,22.097646575001487,0.041698951792366865,Basic Materials
2000-06-30,FCX,2000,Q2,USD,0.3624681639268349,0.18417105408860746,0.3208975507615491,0.18417105408860746,0.0228414387388385,-0.023093107301408337,-0.023093107301408337,-0.04684306955112395,3.6598997863090412,0.7322714921662716,0.6539991686954456,0.12050273259176343,0.0997196241980479,0.8713650018683903,0.2393057094416532,0.013732376803378106,0.009563873654391859,-39.95721283783784,0.20317226866697202,0.20317226866697202,2.670979687952459,3.6909448141175996,29.76396355075699,17.743935973285904,0.5567459843419199,4.040261672643298,0.8015976024761502,0.7857131706768801,7.25692108479046,-25.13031654175758,0.13487166851329985,0.20801161702084822,0.5961550094975379,0.53257160683994,0.0,0.40289449568116675,0.03725727865404458,2.476197609275293,2.124482714304074,-0.6022231909328684,0.0037679254142232595,0.37679254142232593,1.25442135636669,-0.02896848698375416,7.0035768630942234,0.018503084373559627,2.1993319821440975,2.1993319821440975,1.733446353367555,0.2609342147633209,0.10537697548286074,0.15555723928046017,-1.0110180696342002,0.12402295709210166,2.670979687952459,1.5126515903011282,2.0110180696342,28.854405527496315,0.01744549466785369,Basic Materials
2000-09-30,FCX,2000,Q3,USD,0.4114305130245211,0.20766001810749266,0.37190426243623864,0.20766001810749266,0.07366668284663291,0.0003250062785303807,0.0003250062785303807,-0.019399076053579607,2.9693314199414704,0.6972062849214384,0.7051603947478211,0.14529079039315904,0.1190194447716791,0.8776519258421955,0.2694210554645628,0.023082258017250643,0.00919359923719886,2148.9872727272727,623.2063090909119,623.2063090909119,2.706284097483589,2.793737424472973,31.816188622106857,17.262067364742396,0.570675778219133,4.6447176627162685,0.8228432209098666,0.8086276010306706,8.138978102786677,-5.983319232760471,0.11793736110790715,0.16184257455622925,0.5425561046852792,0.6897543661202719,0.0,0.3738968903277394,0.03375369009740053,2.186060433295325,1.0047955346497033,267.7987012987013,0.031154058553222473,3.1154058553222472,1.5785305953840414,0.0005130323543521135,7.568756329619957,0.01991498320985022,2.0083684238580033,2.0083684238580033,1.6295406694739087,0.25547345557273066,0.1168647726667022,0.13860868290602846,0.004411848965793846,0.35474658780247365,2.706284097483589,1.7162712765578132,0.9955881510342062,20.37065269943594,0.1373893982197111,Basic Materials
2000-12-31,FCX,2000,Q4,USD,0.5818739112135333,0.38747680873029805,0.5536499236551895,0.38747680873029805,0.25172837478979226,0.12697963320517974,0.12697963320517974,0.10958924793283921,3.5538987825736994,0.7073159050854384,0.5530033174657457,0.16309027275441637,0.134109778393471,0.8977933845707291,0.2658334279836949,0.04658714281000957,0.01256956801574982,4.577407770742294,-0.005281624350856493,-0.005281624350856493,2.401538125614112,2.3249502390375834,7.6630504510108866,5.83534436449249,0.5543327188494512,4.269587238953788,0.810231816145331,0.7948803259290421,7.7022104122151696,-7.341203366933389,0.3330099445979884,0.39842554163292965,0.761491053960464,1.123345230209497,0.0,1.043525759538098,0.09639113708747617,4.192714850344594,2.251026349182653,0.6455304854484378,0.03525633490501522,3.525633490501523,1.8408996150264756,0.23375675788361847,7.609220602337637,0.027684738648840215,2.1428258724445124,2.1428258724445124,1.7821911525579197,0.7334614262087752,0.17493711172570983,0.5585243144830654,0.5044311484997076,0.6496604935264835,2.401538125614112,1.7778552809200086,0.4955688515002924,11.637925561290235,0.15089711339346518,Basic Materials
2001-03-31,FCX,2001,Q1,USD,0.5604859904224457,0.3758731522052755,0.5282573637793092,0.3758731522052755,0.24093520947824473,0.10535757022682386,0.10535757022682386,0.08508187444501854,2.418503632458983,0.6978985015680439,0.48645122639547667,0.13878000417190223,0.11275116297720146,0.89977579299445,0.30588745543426327,0.03482973680249397,0.016741279817693976,9.974802352241849,-0.2294204541015625,-0.2294204541015625,3.5051238553497828,4.203683757300033,28.40321540298327,17.81332208594772,0.5387016821621011,3.983828493630989,0.7993510408157232,0.7791961139109043,7.395240493108786,-6.7251353790613715,0.15511596280369022,0.2359853898681912,0.6271586450059712,0.7197376242697551,0.0,0.4325345905503741,0.04939213675085635,2.6821059053817016,2.173544014338394,0.19539741847826086,0.004897275444118075,0.48972754441180755,1.553399441301961,0.1636623907272803,7.42182049393354,0.039564020958125445,2.282003530082137,2.282003530082137,1.8629869498144622,0.36657957277667363,0.1366760246271872,0.22990354814948646,0.4372859012801827,0.6410013805579359,3.5051238553497828,1.1365728168351517,0.5627140987198173,16.953870868035413,0.03197920865009103,Basic Materials
2001-06-30,FCX,2001,Q2,USD,0.4999359044623499,0.3244423223764024,0.4699466242087917,0.3244423223764024,0.2189001948875913,0.0843775951725842,0.0843775951725842,0.06742478992455304,3.092198540816913,0.8746218509239673,0.7009771240468353,0.1673738280529704,0.13703204625075643,1.0193887726915711,0.34164835455772946,0.03833294918597936,0.026380027004844986,8.763960851663475,0.0,0.0,2.800508764060755,2.9579277634001473,11.057465187829457,8.591346981944548,0.5124698986425335,3.5407526626386288,0.7797721932251425,0.7696573150409197,6.909191490110199,-18.825181428696336,0.32709044858048064,0.3442915027895493,0.7769725552833507,1.592683421695675,0.0,1.6347885919953422,0.09206193233782305,4.483753115095207,3.3957817968592527,0.2915648325516877,0.008317153553246024,0.8317153553246025,1.8695520791363909,0.1577483084874335,6.991716103755366,0.0519124164663712,2.431509371049085,2.431509371049085,1.9746412048293205,0.6436708948691944,0.14355627492115536,0.500114619948039,0.3854614894971356,0.6746967944386546,2.800508764060755,1.2643247927224894,0.6145385105028645,14.192977509655943,0.04599385914945052,Basic Materials
2001-09-30,FCX,2001,Q3,USD,0.43985558814064063,0.24928496639002082,0.41019585801766845,0.24928496639002082,0.12174155444454013,0.030441621075247373,0.030441621075247373,0.009627457290623202,3.7212350197768465,0.7392606107737864,0.6575370527531174,0.13761156586104925,0.1093341302242693,0.9685111815974091,0.3419967031080457,0.02538576091888084,0.05479374423918968,28.243661033353185,-0.319276168203123,-0.319276168203123,2.65506889293644,3.439131307820269,10.380939943493933,8.234037212482296,0.5128751408683138,3.621453654081349,0.7836178668335516,0.7739479209967287,7.061082445817346,-111.60693056785126,0.30717599035934123,0.41767254860188835,0.7931880212487723,1.2453225949199045,0.0,1.6310558456500575,0.08903895155188757,4.835309859894002,3.6952459246486073,0.8754466944609887,0.007749054676615454,0.7749054676615453,1.532363707083967,0.046647635320511485,7.18816028005251,0.11416723969077536,2.4647850638661417,2.4647850638661417,1.98488258215082,0.6400262549227981,0.13236509623332152,0.5076611586894765,0.2500511942215686,0.48836300161827007,2.65506889293644,1.363977282742412,0.7499488057784314,19.638238947147418,0.04083751814576344,Basic Materials
2001-12-31,FCX,2001,Q4,USD,0.41834229968807757,0.22574354446713657,0.38689780296010984,0.22574354446713657,0.19286556289141898,0.017153307687456643,0.017153307687456643,-0.005052367069141995,3.475917073458617,0.779794228780656,0.6495525315015656,0.11925049685055608,0.09788436604700601,0.8724481920732241,0.2849686598443415,0.018311732631217104,0.012073001319166745,68.20130090497737,1.0768626458680635,1.0768626458680635,18.471893071885415,4.679511596431569,-134.68852275900588,56.96800330715172,0.5552325312226298,22.39094634445253,0.957248416319968,0.953323704071819,40.32715139213359,-8.324808932952378,0.05389010975021761,0.08214280516733692,-0.42296108191106124,0.6320708791743744,0.0,0.1648622334728848,0.014481313606431198,0.7027599086947499,0.5901747904431626,1.2999151583710407,0.004764993999829159,0.4764993999829159,1.4317733511140747,0.024559648830360617,8.121492470967384,0.026348141356892816,0.685527449019281,0.685527449019281,0.3627132299827749,0.1176098794243485,0.1673542812691004,-0.0497444018447519,0.08893919386279318,0.8543569356398409,18.471893071885415,1.2121630553682663,0.37314972017858267,26.708448947094556,0.03192545979885537,Basic Materials
2002-03-31,FCX,2002,Q1,USD,0.3998395640215952,0.2229372517062239,0.3580447183457268,0.2229372517062239,0.09402312315371295,0.020645309157583783,0.01288071712335744,-0.010578588163390037,2.7154039775399,0.8658231475460427,0.6691491929186956,0.11605226075525586,0.09399020843575764,1.0901186952840376,0.40615459905385565,0.014668676272623528,0.01819851941615592,127.92505338078294,-0.7934591918554892,-0.7934591918554892,22.180721594707162,6.591065702353061,-233.44274195003158,124.74958692823058,0.5590627021059953,20.016951476612448,0.9524193601002127,0.9495654413963966,35.804483828394154,-23.26854704906376,0.04029075683779606,0.05283436895181828,-0.5343905142912229,0.8055155218632001,0.0,0.14950422275386965,0.008882569578772597,0.6517245712131683,0.5070756446291091,1.795373665480427,0.0035086435729995372,0.3508643572999537,1.3624503844338969,0.01754933799650262,8.103984511616288,0.03251380908762872,0.7502810392205845,0.7502810392205845,0.4048560801621007,0.07198420628972715,0.11045188330973991,-0.03846767702001277,0.1369952059803364,0.4217470271752167,22.180721594707162,0.9024481638770921,0.780423065464099,34.95456289963513,0.031507619285535846,Basic Materials
2002-06-30,FCX,2002,Q2,USD,0.49283209027473107,0.30002524515991463,0.46745212610815223,0.30002524515991463,0.14969399434802536,0.03685058051612872,0.03685058051612872,0.013666700163480794,2.7823551876048502,0.7695460242254296,0.5331333992909556,0.12154848381300912,0.09732039096177589,1.047736694589713,0.36910700454077344,0.021117920828003917,0.01514698502786185,43.83767143332225,-0.1878757347142382,-0.1878757347142382,18.761991773295946,6.461774563172949,31.974549864771447,19.959402519532432,0.5382095580307648,16.057380549111144,0.9413743512891193,0.9377459936593223,29.83481119856531,11.07083452046617,0.2309517440101831,0.32374589153404787,0.6242277875355824,1.0356700573383824,0.0,0.9455321159366343,0.05854053735433893,2.661186662637252,2.661186662637252,0.0,0.0,0.0,1.4098294378636884,0.05195303321400434,7.796759457628993,0.02993476067395541,0.848940552046331,0.848940552046331,0.48555612378885676,0.4564264882721254,0.17151239132538112,0.28491409694674424,0.24617273843634876,0.49893799526182503,18.761991773295946,0.8558462631864976,0.7538272615636512,25.60867009228188,0.0,Basic Materials
2002-09-30,FCX,2002,Q3,USD,0.5561134426874609,0.38251546667310143,0.5311477357310311,0.38251546667310143,0.3037296353150598,0.13172055485123593,0.13172055485123593,0.1142241419314362,3.246217439247043,0.9556118554867791,0.6094965018924189,0.16127128974164934,0.12812601150268066,1.117290022022991,0.44380360916142697,0.0388397724701187,0.0652742231445673,6.870739822160845,0.0072323577075377316,0.0072323577075377316,9.773601142599414,3.620070646454035,22.356801705756933,12.879466666666668,0.5243068627714454,11.04805432358616,0.9169990462242251,0.9114035835495575,21.071733193014108,11.266919022921197,0.2599245073149631,0.281073024228801,0.576087171867261,1.3502374256604122,0.0,0.997286563881004,0.06868642791565212,2.35897555732112,2.35897555732112,0.0,0.0,0.0,1.8590797410520794,0.24487901500407194,7.607575192899637,0.1312235151213991,1.0905869118113931,1.0905869118113931,0.6885895896310407,0.5225371651000041,0.2215102074620067,0.3010269576379974,0.43367699274587335,0.794032298763563,9.773601142599414,1.1303975026596784,0.49583514126296363,14.386965717281146,0.0,Basic Materials
2002-12-31,FCX,2002,Q4,USD,0.5449737673454235,0.39245312095039964,0.5168515911208243,0.39245312095039964,0.24527882264764186,0.1288832384194563,0.1288832384194563,0.11223478400963849,2.9974646867077146,0.990583660554306,0.6709929321595778,0.1719721456705659,0.13621605684661942,1.1861164252528014,0.4661565090644074,0.03810516165746322,0.014568494793380593,8.258845688741543,0.433589398658931,0.433589398658931,9.112073411136846,4.257707111886299,14.635329986516421,11.662660213361988,0.48623477020261235,7.6393979597190675,0.8842511938143758,0.8802452668277603,15.711336226604605,6.780505470888225,0.3875859171216997,0.36507169324955696,0.7968839940135846,2.6664462081128746,0.0,2.703496213300135,0.10227287221777971,4.9232949178159835,4.029067295427312,0.12769368732846,0.0038653612181703562,0.3865361218170356,1.9705441871700198,0.25397011629110733,7.03402463853135,0.027040270540736395,1.3682770281928294,1.3682770281928294,0.9207564098140032,0.7193899030332309,0.14611960385106457,0.5732702991821664,0.5254560382679471,0.6249888446641798,9.112073411136846,0.8383819593005185,0.6392032270731446,15.11762726795304,0.03243038062044929,Basic Materials
2003-03-31,FCX,2003,Q1,USD,0.5282655605456389,0.3647111300886778,0.5016145757878444,0.3647111300886778,0.26282129486309463,0.09483488246193261,0.11214725236181748,0.09387223692136425,2.482237153402101,1.0619161435112277,0.6431985528227494,0.15934836168526606,0.10557339610631238,2.756241382967441,2.0143348856043732,0.028989240669651882,1.470702571370723,10.529110008158824,-0.3290346877549633,-0.3290346877549633,7.72247401474186,4.723243028921304,129.89066890333405,50.404703201920334,0.5610987042306356,8.689623038444157,0.8967968107704045,0.8925557012234429,15.486799333032055,1.0378945181697226,0.09479073265264802,0.09370639501635544,0.38805484356564546,1.515095461990401,0.0,0.4005736682991224,0.017631304945394888,1.6341333687919686,1.2389545580563046,0.16309151482186565,0.0038723955466200104,0.38723955466200105,1.8059625447535115,0.20253373726246213,9.598282153676672,2.8349869182043514,1.5909460203800605,1.5909460203800605,1.104568300743597,0.16923023960341504,0.10355962544753511,0.06567061415587992,0.4267053490480508,0.7206286652101649,7.72247401474186,1.12523823606995,0.560029011786038,17.11301525774763,0.03303153401266869,Basic Materials
2003-06-30,FCX,2003,Q2,USD,0.5418283548416208,0.3958060890467713,0.5169356228105438,0.3958060890467713,0.293887161480339,0.1098424001772075,0.1098424001772075,0.09413656463561706,2.5084478578866567,1.0979196401539726,0.733651244055595,0.18717043133762265,0.12313329178077626,2.2795745756326764,1.6745799244332895,0.03192342930749832,1.1768315072173043,13.349670993666347,0.7564813563077595,0.7564813563077595,9.281856775634202,5.865439614081433,18.073043535413287,15.549095472359602,0.5197410676313325,6.6795289902110975,0.8697836805779788,0.8631097158939242,12.85164749565082,0.7104136614649357,0.36543355486216306,0.37722063154785834,0.8603473699320137,1.5058739493467226,0.0,1.594350744819551,0.08936838164779841,7.160624182395813,4.2054438692447,0.3370130258126195,0.006311260891233066,0.6311260891233066,2.088505006613802,0.22940640270857465,8.815502340531983,2.7454782841124827,1.850613747112887,1.850613747112887,1.319779037331999,0.7878271775857224,0.1100221373888847,0.6778050401968377,0.3737570556805556,0.7425028811156343,9.281856775634202,0.7196328441250598,0.546633093444847,17.16192877933274,0.07731294591760506,Basic Materials
2003-09-30,FCX,2003,Q3,USD,0.5801958891754616,0.494099590183389,0.6013307172581844,0.4529786863716198,0.337218943337711,0.12368075444231713,0.08463741514897388,0.07494738840804444,2.249891419661229,0.942795209836182,0.6962363475093554,0.19489442537614912,0.13181727167302126,1.819300526718018,1.2581757621360867,0.03160285058707874,0.77836023860606,24.660551972331277,-0.9864220788932506,-0.9864220788932506,6.782212855989676,8.348821500340195,33.677606862701296,27.662928729461356,0.48559456370295595,2.992593563778645,0.7495362390321577,0.7345330052525456,6.162741075514286,0.9284460842680989,0.28086424752360073,0.3018054083134227,0.8214042298860217,1.4944829589796464,0.0,1.0865352298814563,0.08192671103372028,5.599236753265815,3.42112532061055,0.4054589642923911,0.0041104003343812945,0.41104003343812945,1.98231570759126,0.1677780774997334,7.30254631226985,1.7664782600513151,3.003243270370812,3.003243270370812,2.440206515397693,0.5982736015356916,0.10684913460513026,0.4914244669305614,0.2509865380374345,0.7444477046786689,6.782212855989676,0.4412414690193263,0.5521938447534007,18.619160603628615,0.06802712553401043,Basic Materials
2003-12-31,FCX,2003,Q4,USD,0.3628363414656015,0.23872510781755746,0.31401359263343825,0.23419049412271029,0.12030287543373591,0.005366221050649595,0.005366221050649595,0.0005290009055778215,2.2710445937690897,0.9112223832177158,0.7159563455382127,0.13677665338012698,0.0945505287211717,1.741317416450611,1.1128933714477462,0.00958287514484704,0.7338797243352929,871.0429532163743,-9.073364096003898,-9.073364096003898,10.749071269510711,18.696836126278793,140.55519210029658,81.55408664704674,0.47226730609706835,2.871618486979113,0.7417100875607543,0.72790802540606,6.08049392770985,0.8707007680920266,0.16188653681174836,0.2292568882194188,0.5802282037994857,0.6223326071550435,0.0,0.6711265387542981,0.04589849797830663,2.382246756574197,1.5466753368518154,9.688387635756056,0.002780685958132475,0.2780685958132475,1.1269286342187959,0.0060473481595247,5.628858531459346,1.1712051248370703,2.4339515403813317,2.4339515403813317,1.9601693459568148,0.2583561519263608,0.10845062595358143,0.14990552597277937,0.044605925097820014,0.5136966634123931,10.749071269510711,0.2671503811798456,0.8430780696851127,72.13832149562064,0.058589053137851246,Basic Materials
2004-03-31,FCX,2004,Q1,USD,0.22862140289018143,0.11487430070658133,0.1917764482141122,0.11487430070658133,-0.009642267168260756,-0.0538140122437081,-0.0538140122437081,-0.054280439218734815,1.621038371873228,0.9368349001254332,0.610710329183372,0.10976544810364826,0.07277049750666821,2.9737449925178225,1.916610898883715,0.002290527967247323,1.2397410515944938,-99.82169684775319,0.1088963965611853,0.1088963965611853,6.830520414665445,21.48722406541083,-29.78458619561662,-34.320348197814674,0.44361869903883183,1.9378849096868827,0.6596190692485027,0.6504124489992373,4.368357136174847,0.5466608588487771,-0.5239940886150071,-0.6260782653358691,1.1522855470412943,0.5787192298040289,0.0,-2.572308534665663,-0.10270087114297893,-6.566611339215515,-3.064454319377064,-2.0247639684259404,0.005070951587594442,0.5070951587594441,0.9098429811355071,-0.04896230132667805,5.546524669340905,1.3546489304731786,3.3318463357212864,3.3318463357212864,2.86215380573715,-0.5696329153573341,0.08674686012791884,-0.656379775485253,5.581053843938958,-0.08393754833720031,6.830520414665445,0.283709701756568,-5.281025050388713,136.1068664495114,0.09913710353747134,Basic Materials
2004-06-30,FCX,2004,Q2,USD,0.23575361788400565,0.09602865520403674,0.1880662260915338,0.09602865520403674,0.010466058305608903,-0.07862497789584935,-0.07862497789584935,-0.10961808140084797,2.0189300377355357,1.4181999252131046,0.8910024523729045,0.14800723093965695,0.10291663510043564,2.3611586350564537,1.408313556011887,0.0018187556844828326,0.6846920105712543,-37.960891521523095,-0.30493175156633306,-0.30493175156633306,6.1223331994183665,11.938697027145952,-1471.4126406487583,158.84316690832492,0.44671648417505483,2.2259040051119667,0.690009374607757,0.6820123062417411,4.982811434018409,0.67297947300106,0.0834941787291196,0.07516028079468019,-0.10795283560856837,0.6921457258347522,0.0,0.4750906562341595,0.01731577738143456,0.902565495444332,0.44546407331578436,-1.0867984727234687,0.007157356091777211,0.7157356091777212,1.387923653839568,-0.1091254666042625,6.024374721749751,0.8633120626476867,3.2505222543121652,3.2505222543121652,2.706484515016952,0.10431673154416045,0.11557801851577036,-0.011261286971609913,-7.51237721021611,0.10898890839792728,6.1223331994183665,0.3635711962431956,7.5068762278978385,83.28403048227152,0.1185973904407484,Basic Materials
2004-09-30,FCX,2004,Q3,USD,0.38393921632620437,0.24751563551109304,0.3437664430960643,0.24749731915092016,0.18953769506923585,0.053713558768874174,0.053713558768874174,0.028528563531127822,2.33807653226089,1.0157644610514582,0.8463646574659319,0.18389448839536476,0.12555884679778484,2.1396962166018594,1.2781705199635003,0.02532914358965561,0.6190567223951077,55.59898707297415,-0.38224303612669724,-0.38224303612669724,6.92040192851603,11.94567783853629,76.36678482467906,56.26351679894595,0.4211087286308525,1.9429760421047757,0.6602079032608047,0.6516295064349197,4.6139533806909165,1.022931630934111,0.25129631198992514,0.21231658662972314,0.7367537723123255,1.7984425956738768,0.0,1.697277870216306,0.0633048520745312,3.7987249001966275,1.545289284242674,1.5173910347820696,0.006822925716211704,0.6822925716211704,1.6951737920366723,0.09105381710201708,5.6854016947334545,0.8866301224475971,3.4645415695196373,3.4645415695196373,2.926130622060891,0.35991351326939036,0.0947458746619848,0.26516763860740555,0.28339248691007485,0.7658171640786888,6.92040192851603,0.2807605775177015,0.6267614295252486,42.98418753118173,0.138164245753287,Basic Materials
2004-12-31,FCX,2004,Q4,USD,0.5278165553081723,0.48967928969896984,0.5812080783658146,0.504829739908801,0.49626239874739264,0.24614210129640102,0.24614210129640102,0.22978705458855028,2.125653355153978,1.1295455133345405,0.9356326813966643,0.28906114227772894,0.18179514625038948,2.092927940455472,1.4238662656509387,0.08430982710646999,0.7905390488587395,7.505731010850941,0.00647045776797495,0.00647045776797495,5.873006550944486,7.389905611105644,18.46036169149525,16.96661403482639,0.38370511470917507,1.6774010032234805,0.6265034640698046,0.6168856246302276,4.3715888554022735,1.3795973350598358,0.5774368443235153,0.4355557093440572,0.9190835108416626,4.279412892832485,0.0,5.149947579717186,0.20636137191032766,12.358420519743504,2.711695760766388,0.5093704696217546,0.01696605130417557,1.696605130417557,2.5859599574967844,0.6365136178066104,5.458044852077625,1.5433980202449527,3.8675046138359153,3.8675046138359153,3.2538700296404004,1.12632962362284,0.0911386387785918,1.035190984844248,0.49599184205308333,0.9830292463297505,5.873006550944486,0.28561197551426604,0.44185828617746586,15.320252057689732,0.32422124042279515,Basic Materials
2005-03-31,FCX,2005,Q1,USD,0.543093024848549,0.4452927222578496,0.5161786405832653,0.4452927222578496,0.4117176069184935,0.18120575544943435,0.18120575544943435,0.16237166356397054,2.0276654193620063,1.0654343464260099,0.8215950667484696,0.25359336074951455,0.16766488444064276,1.5679599855557091,0.9684386876099934,0.05969258254309055,0.4168735090901036,12.205639087410665,-0.2957520240411046,-0.2957520240411046,6.069177772671241,8.846928206309576,52.24320842402494,43.79158027095994,0.36931663612545496,1.5111031570638631,0.6017686500903205,0.5738813964857437,4.091619519004146,1.35483974369789,0.21778929860617963,0.20202349747529777,0.8382253232904745,1.3021151177115768,0.0,0.8433336625480177,0.09171600476449715,6.181437171378496,0.7257574605333202,1.3558067619571192,0.027770089551385047,2.7770089551385047,2.239195293330359,0.4057550747267455,4.932291434307383,0.8658877983493196,3.803446352888691,3.803446352888691,3.2640335712692394,0.45237006468882446,0.07318202096810172,0.37918804372072273,0.44012146287760556,0.9245999010064346,6.069177772671241,0.2489798805808876,0.4960984284832868,20.657459501839455,0.5501254740129378,Basic Materials
2005-06-30,FCX,2005,Q2,USD,0.5674137703799608,0.47672910559092885,0.5411530951624139,0.47672910559092885,0.44949823293377295,0.2108429531658229,0.2108429531658229,0.19409154189403363,2.987944431207476,1.126055895428153,0.8973872367018344,0.2869962953721554,0.1821018404828787,1.6449120079942263,1.1079565992462235,0.06961083762761412,0.7222364095067143,8.767637257579894,0.2703354821087134,0.2703354821087134,5.468081173739911,7.394378126699368,15.70087237905312,14.568718995009524,0.35942136199282654,1.4595630089124692,0.593423711294892,0.565390444744866,4.060868838790944,1.9092073030839025,0.5653608196549406,0.5075517023310212,0.9278923261898475,1.5483671130476082,0.0,2.365817269470228,0.25715249261267287,13.868149493115448,2.883725466753085,0.6611896707499002,0.018853131445940044,1.8853131445940041,2.531653058477827,0.5337812072407528,4.996820394338395,1.6414896480563468,3.973441600681905,3.973441600681905,3.4235044077073193,1.2849448195419573,0.09265438191157668,1.1922904376303807,0.46906291886777574,0.9428797773456649,5.468081173739911,0.2669241663642305,0.46490380824726013,16.11324028063167,0.3529306206679976,Basic Materials
2005-09-30,FCX,2005,Q3,USD,0.5582413782582607,0.46737010180316696,0.5320674890925178,0.46737010180316696,0.39940708045602935,0.1840084615619311,0.1840084615619311,0.16862611490231574,2.348449565190392,0.9866864745393874,0.9651957309607561,0.315119230102384,0.20158141581182099,1.3595572462439283,0.8797534618123819,0.07543526932376166,0.4188345196108953,11.946190515669043,-2.9268166763389125,-2.9268166763389125,5.970706876083809,8.792800553255972,38.22147214854112,32.93398116686221,0.28416630430927503,0.9572395113600028,0.48907632704331505,0.45120424598613096,3.3685890861929297,2.286669100769533,0.2798833197575985,0.26698261921954297,0.8616617653781102,1.7202795772595498,0.0,1.3422367203358199,0.1893916821357174,7.228659544002643,0.613389535861824,2.164704581882496,0.045301148074007216,4.530114807400722,2.763624610022766,0.5085303128249811,3.8958402428398773,1.1041485145732033,4.59820399673965,4.59820399673965,4.0698698670564095,0.737839736923466,0.10207144663987183,0.6357682902835943,0.4607040550003183,0.8545841484405431,5.970706876083809,0.16032264373826657,0.475426825386721,18.42427260181281,1.1008178981983754,Basic Materials
2005-12-31,FCX,2005,Q4,USD,0.6936150305327833,0.6240078020020485,0.6779707545738767,0.6240078020020485,0.609260246168468,0.32103721522759643,0.32103721522759643,0.3108853500363118,2.165514534883721,0.7952526132404181,0.8078931858928637,0.4823267337470471,0.268435802202657,1.4772932800965393,1.0645627614176414,0.16035234274748933,0.5577876342790022,5.217437513720324,0.0306524453931069,0.0306524453931069,5.41624432852196,6.6999664401150705,16.04481602985828,14.909391233693492,0.2262885377587787,0.6814715620343853,0.40528283523860725,0.3523337147419588,3.0115160440023137,3.0078715994549032,0.48906410475551837,0.44937894076948787,0.9292341654742665,2.504231300572331,0.0,2.6426603512926783,0.5330778025841835,14.131112940332216,3.0166485687637707,0.36495959690992147,0.017487492468773472,1.7487492468773473,4.014945483747527,1.2889469173929213,3.3845565131156996,2.057763513185765,5.567462178170863,5.567462178170863,4.966541087953606,1.804231948733703,0.1276779795301308,1.6765539692035722,0.5269295301089212,0.9763663919164713,5.41624432852196,0.12581994472549068,0.41383200344599275,10.369813016846997,0.4704135474100064,Basic Materials
2006-03-31,FCX,2006,Q1,USD,0.5576086296014628,0.4913812628783875,0.5266581470589861,0.489585884458652,0.47473764457399814,0.24564459609509798,0.24562157842305007,0.23174192217817152,1.7629274943595903,1.1078087570406543,0.7844469259879645,0.3508396432691093,0.2264550710230116,2.3174215974984063,1.3876392725947964,0.11405047393347494,0.4312061689790218,10.52634429762909,-0.2228076209664824,-0.2228076209664824,6.0316816456413305,10.341989205632517,-63.86730348258706,-90.76678545166581,0.22961340997191104,0.5913567100920003,0.3716053769351389,0.35190657984945034,2.575445006301426,1.4278913688666564,-0.18785178663590274,-0.11394023875770862,1.4211776684201596,3.888817345160252,0.0,-1.373857921556002,-0.11237298755073688,-2.3742949234488315,-0.5614876453026743,0.6307937400431075,0.01498131075251797,1.498131075251797,2.8901596593932943,0.7098855774348057,2.93046833422033,0.7559073975518893,5.529212346993082,5.529212346993082,4.955500266098989,-0.3293054816391698,0.13869611495476317,-0.4680015965939329,0.5173838250039273,0.9696718382698637,6.0316816456413305,0.09804176427635765,0.4300079709400085,21.0656398870659,0.4477913783927621,Basic Materials
2006-06-30,FCX,2006,Q2,USD,0.5734229793535558,0.5181594192127061,0.5488002400781937,0.5183886994969857,0.5151149696887257,0.26784424646719046,0.2681106883877599,0.25732680223418564,2.0812111925869177,1.0470946022697936,0.7691904083990988,0.45935301593722766,0.27912537706434964,2.1093177659587794,1.208726018990102,0.14434953789567406,0.4073466803757941,6.811914849102987,0.14722525641609688,0.14722525641609688,5.366846678301147,7.305388717727222,23.601248589899832,20.851223080325248,0.2097745021615453,0.5521146044311296,0.35571767887171374,0.33595345890781125,2.6319433426944876,1.5484136436525662,0.5689526978173566,0.3503578034528068,0.8834796600230947,5.268066411694524,0.0,5.571635650011708,0.46618513207526047,8.582192604297271,1.8324409760677116,0.5608635388880172,0.0205839162449995,2.05839162449995,3.793090425531915,1.016968085106383,2.8506675531914896,0.9514654255319149,5.745226063829787,5.745226063829787,5.16318085106383,1.328938829787234,0.15484840425531915,1.174090425531915,0.5204870837859249,0.9936847971195425,5.366846678301147,0.10287504702964595,0.42229717773440156,14.223917209658874,0.5703803191489362,Basic Materials
2006-09-30,FCX,2006,Q3,USD,0.5142407103943708,0.46758990714825777,0.5042636253559643,0.44951832127277364,0.4375357950770423,0.2237096810670096,0.22357948936737224,0.214541251515083,2.967238030291764,1.3214665187887535,1.057471784377021,0.5256183058762752,0.3098349382971595,2.1939612655916463,1.3829107571836508,0.15921456724430125,0.7542374527583103,6.916183461960102,-1.3555719585441814,-1.3555719585441814,4.2300780562558495,6.185267067184418,16.194667605543643,14.612282264807003,0.14667726184567084,0.3237593578260457,0.24457568961608103,0.22685650664068244,2.207290712630667,1.5726696276700818,0.7473705453595765,0.4232923341538059,0.9022897302199048,7.180732187883214,0.0,9.541962329663667,0.8941450950468229,10.234338747099768,2.3953174666311563,0.6054069718169317,0.021883708520268,2.1883708520268,4.305392105263158,0.9625973684210526,2.0381921052631577,1.8391842105263159,6.844468421052632,6.844468421052632,6.295392105263158,1.8224394736842104,0.17807105263157894,1.6443684210526315,0.5109970244331755,0.9733436311076181,4.2300780562558495,0.0765374429313991,0.42446390902868,12.357603636363637,0.5827631578947369,Basic Materials
2006-12-31,FCX,2006,Q4,USD,0.6020344346082854,0.5250257744985619,0.5768530692205901,0.5250726649035062,0.5235648643497123,0.26889942129932703,0.26889942129932703,0.2596888060424072,3.3788621399176955,0.828276299112801,0.9023290364626482,0.5299744844444186,0.304672973144468,2.2119792400424085,1.4672121622830605,0.1928027256556696,0.933173873385648,6.841788448865065,0.7069848063827241,0.7069848063827241,4.942303814852639,7.359011818208945,16.658049379618742,15.143986796479563,0.1261855259247,0.2781541539592843,0.21762175798408814,0.21280673513409099,2.2043269378238364,1.4373518009710564,0.8205767089070996,0.4859362278313431,0.9091092511112587,0.0,0.0,0.0,1.1732854002631907,11.002219832340613,1.7947617012662782,0.8426399617725057,0.03079019353164468,3.0790193531644685,3.787193265682657,1.0183740774907748,1.5685309040590405,2.092859778597786,6.1303713099631,6.1303713099631,5.6390705719557195,1.8403344095940959,0.16726937269372694,1.673065036900369,0.5135933283707081,0.9971283964019132,4.942303814852639,0.054698392113092284,0.4249616171954964,12.517163077741627,0.8581226937269373,Basic Materials
2007-03-31,FCX,2007,Q1,USD,0.5865647661644015,0.547136219549264,0.5975074905553867,0.5120066003734421,0.46354596378479307,0.21234096139650008,0.2140344782665335,0.20669590516305528,1.021513484740951,0.3604391444255158,0.36747848238063996,0.09704552446049532,0.0555799584881981,2.3591759060069504,1.6446025704672071,0.025746356966561856,0.8622924595951238,7.286163522012579,0.9289858490566019,0.9289858490566019,0.8813831777994565,6.2379608319944415,27.28471035137702,21.476154881148155,0.2904884877154028,0.7384699393203139,0.42478154072024504,0.5391369013957066,2.542165939614816,0.7542222559921188,0.18448342434773016,0.2904598549654783,0.7871131708775602,4.597389558232932,0.0,3.3579317269076303,0.05557448010568207,4.697331460674158,3.0349364791288567,0.15824710894704808,0.005429713060548262,0.5429713060548261,5.306221198156682,1.1357142857142857,27.73294930875576,7.203917050691245,40.95023041474654,23.947926267281105,37.55460829493087,1.5412442396313364,0.328110599078341,1.2131336405529953,0.46173302107728337,0.905351539309643,0.8813831777994565,1.341146087126011,0.43110070257611244,16.91497093023256,0.17972350230414746,Basic Materials
2007-06-30,FCX,2007,Q2,USD,0.4370587222317892,0.4212157740657827,0.4864818322713966,0.41312209402445327,0.388841053900465,0.20113655932495264,0.20113655932495264,0.19011537799207853,2.365376782077393,1.234982999622214,1.3695014662756597,0.2389515266233232,0.14290987842693312,1.8544776119402986,1.2606965174129354,0.07113553787425839,0.5169154228855721,6.7539426369863005,0.21226676859099805,0.21226676859099805,1.8169182933149073,5.433859135526088,20.338008378988075,15.162375666714718,0.24090662991583403,0.5636552081533943,0.3604728236853734,0.48852893535561775,2.33972476535959,1.388719493967548,0.5176865671641792,0.3583778198725676,0.7455191965787324,13.473684210526315,0.0,13.691447368421052,0.21259577076310143,3.929569486404834,3.1360759493670884,0.11472602739726027,0.004246631692168642,0.42466316921686414,7.620734908136483,1.5328083989501313,12.846456692913385,2.727034120734908,24.791338582677167,15.615485564304462,22.791338582677167,2.7311023622047244,0.6950131233595801,2.036089238845144,0.5172719220549159,0.9412255106294289,1.8169182933149073,0.5305120487082318,0.3441098317094774,13.89926371681416,0.17585301837270342,Basic Materials
2007-09-30,FCX,2007,Q3,USD,0.46664034741413346,0.37761547572048954,0.4504540071061982,0.37050927753651797,0.35254638768258983,0.1630477694433478,0.16541650217133833,0.15298065534938807,2.3399538106235567,0.9601990049751243,1.2655737704918033,0.21090757701915072,0.12239967141027809,1.8059546117010201,1.3614407661877992,0.05542799412196914,0.49489902144493025,12.67027446300716,-0.41754313571273605,-0.41754313571273605,2.3708138885787653,8.383489932885906,26.21651851851852,20.359904122722916,0.21097393027132813,0.4874399910684381,0.3277039705771973,0.46576404628414647,2.3104275985262923,1.3868053654530523,0.4343118884030814,0.4117647058823529,0.7766059443911792,24.313432835820894,0.0,31.134328358208954,0.23889143380668804,4.476394849785407,3.1274362818590706,0.2398568019093079,0.004732667840179926,0.47326678401799255,6.630890052356021,1.0968586387434556,11.429319371727749,3.1112565445026177,25.671465968586386,17.38350785340314,23.44764397905759,2.730366492146597,0.6099476439790575,2.1204188481675392,0.46920492721164614,0.9515183803942462,2.3708138885787653,0.3693129108120505,0.36562150055991044,21.39603856266433,0.2630890052356021,Basic Materials
2007-12-31,FCX,2007,Q4,USD,0.10946462715105162,0.27581261950286806,0.37141491395793497,0.27533460803059273,0.25693116634799235,0.11639579349904397,0.11424474187380497,0.09894837476099426,3.230888030888031,3.117991631799163,1.2915077989601387,0.1627065914835699,0.10289958436831362,1.525717239596795,0.7800465236495219,0.04143855012271097,0.4202636340139571,20.520146443514644,-0.5314191771269177,-0.5314191771269177,2.1517231545464517,9.377275334608031,50.821917098445596,28.246594672426205,0.17734438405351566,0.39547000109685204,0.28339555904892905,0.436212973842063,2.229955029066579,1.417104149026249,0.3590074954768674,0.3319789674952199,0.5557955363570914,33.193548387096776,0.0,44.806451612903224,0.1926223824712245,2.2512155591572123,1.73625,0.38284518828451886,0.004664259942520005,0.46642599425200054,5.462140992167102,0.6240208877284595,9.413838120104439,2.122715404699739,25.42167101827676,16.8355091383812,23.804177545691907,1.8133159268929504,0.8054830287206266,1.0078328981723237,0.44465116279069766,0.9331597222222222,2.1517231545464517,0.3603714280179801,0.4883720930232558,28.84138996138996,0.23890339425587467,Basic Materials
2008-03-31,FCX,2008,Q1,USD,0.4464033850493653,0.4217207334273625,0.5038787023977433,0.422425952045134,0.39386459802538787,0.26533850493653033,0.20909732016925248,0.19781382228490832,2.662910798122066,1.400535236396075,1.4357567443987198,0.2197257302239095,0.1356029453954289,2.0911799761620977,1.4395113230035756,0.07633733104892443,0.5455899880810489,7.768182967959527,0.056662040472175365,0.056662040472175365,1.9088500984150005,6.497224964739069,344.4136448598131,59.92237398373984,0.1810031557808167,0.3921578783797783,0.28169066488075306,0.4275972485768501,2.1665803377188437,1.9915730337078652,0.183253873659118,0.10842736248236953,0.17398373983739837,10.592039800995025,14.521212121212121,17.083333333333332,0.08123101307621186,1.2106299212598426,0.8299595141700404,0.19645868465430016,0.006322543040779589,0.6322543040779589,7.404699738903394,1.5483028720626633,10.099216710182768,2.3903394255874675,27.174934725848566,18.673629242819842,25.203655352480418,0.8028720626631853,0.6631853785900783,0.13968668407310705,0.5308863025962399,0.9323873121869783,1.9088500984150005,0.3923232930626236,0.3263205013428827,14.902820153953813,0.304177545691906,Basic Materials
2008-06-30,FCX,2008,Q2,USD,0.4151810328983643,0.38136371990442935,0.458187833118912,0.3773203455247197,0.3569196838816394,0.23598603197941556,0.18562764197757764,0.17404888807204558,2.4608774310266845,1.323076923076923,0.9848344165892913,0.2082360595506908,0.12848304524416737,2.2521984924623117,1.2374371859296482,0.0715953307392996,0.5175879396984925,11.139801980198019,-0.7119786482996128,-0.7119786482996128,2.2310529446757883,8.271420694725235,127.13220338983051,44.603369672943515,0.1738925096816851,0.3650604798730914,0.26743172574084834,0.41345119362623944,2.0993456276026174,1.4226696300169956,0.3168969849246231,0.1854438522330454,0.3508424182358771,10.730994152046783,14.664285714285715,32.54838709677419,0.13701792504073873,1.5404580152671756,1.2260024301336574,0.16633663366336635,0.0037329351535836178,0.37329351535836175,7.084635416666667,1.3151041666666667,9.770833333333334,2.1458333333333335,28.369791666666668,19.911458333333332,26.265625,1.3138020833333333,0.8528645833333334,0.4609375,0.5200823892893924,0.9459327812956648,2.2310529446757883,0.3166328924914676,0.3388259526261586,20.345286803048538,0.21875,Basic Materials
2008-09-30,FCX,2008,Q3,USD,0.37738301559792026,0.24545060658578857,0.3412045060658579,0.24545060658578857,0.2123050259965338,0.12716637781629117,0.12716637781629117,0.11330155979202773,3.73462783171521,1.049288061336254,0.8379008746355685,0.1743070765047957,0.10988906346712374,1.8214689265536723,0.8525423728813559,0.05007299270072993,0.33954802259887007,9.250647359454854,-0.2085600495586185,-0.2085600495586185,1.0845618415139562,4.7054852686308495,27.882567394094995,14.058588996763753,0.17161834023710898,0.35996404853447844,0.2646864444118079,0.41266349932547364,2.097468417636191,1.3389412617839014,0.4364406779661017,0.3347053726169844,0.5042071197411003,58.04347826086956,0.0,67.17391304347827,0.21431543903454014,2.0169712793733683,1.6557267247153382,0.2847103918228279,0.007694336967991558,0.7694336967991559,6.041884816753926,0.768324607329843,9.43586387434555,1.5732984293193717,28.083769633507853,19.582460732984295,26.213350785340314,2.0222513089005236,1.0026178010471205,1.0196335078534031,0.5989795918367347,0.8649602824360106,1.0845618415139562,0.6488794927561586,0.24489795918367346,17.604774603174604,0.21875,Basic Materials
2008-12-31,FCX,2008,Q4,USD,-1.2564102564102564,-8.859700048379294,-8.58055152394775,-8.849540396710209,-8.926463473633286,-6.700532172230285,-6.700532172230285,-6.7406869859700045,1.7054455445544554,4.006872852233677,1.6880202678248282,0.1291713535808024,0.08851111206269002,1.6570614312856238,0.7821405953134896,-0.8166994831405365,0.27612412919569346,-0.1764620938628159,6.764380264741276e-05,6.764380264741276e-05,1.6934003117962932,4.729559748427673,-16.913494809688583,48.636815920398014,0.3147775446409455,1.2733414169409318,0.5601188661993295,0.5578616833882208,4.045210462497835,0.8296207104154124,0.0636478784040532,0.09724238026124818,-2.8756218905472637,-197.98507462686567,0.0,3.0,0.027343218609712963,0.25802310654685495,0.19476744186046513,-0.018267148014440432,0.025879705400981994,2.5879705400981994,2.58375,-17.3125,9.18875,1.09,8.87625,8.42125,7.21625,0.25125,0.97375,-0.7225,0.7506368218524742,1.0086923245134485,1.6934003117962932,0.751943535188216,0.24231748956696114,-0.9164975191700496,0.31625,Basic Materials
2009-03-31,FCX,2009,Q1,USD,0.29169869331283627,0.2528823981552652,0.3535741737125288,0.2582628747117602,0.20253651037663337,0.07955418908531899,0.039584934665641815,0.016525749423520367,2.956818181818182,0.949510561566203,0.6663051337671728,0.14990206244959098,0.10975198245318037,2.039274924471299,0.9947129909365559,0.023550492768462817,0.243202416918429,37.009708737864074,-0.3689248823797449,-0.3689248823797449,1.886661717396684,5.860107609531129,-19.62419562419562,-59.10077519379844,0.3953096001349755,1.159613956941351,0.5369542798212444,0.5298155797312235,2.933432318732987,1.0781023409985497,-0.09743202416918428,-0.09915449654112221,3.011627906976744,1.4873737373737375,5.129770992366412,-0.9735849056603774,-0.027528809218950064,-0.49710982658959535,-0.44559585492227977,0.5825242718446602,0.003934942287513117,0.3934942287513117,3.2525,0.12875,11.87875,0.805,10.1025,9.65375,10.1025,-0.3225,0.64875,-0.97125,0.1954459203036053,0.7842261904761905,1.886661717396684,0.6146379853095488,0.6280834914611005,26.06086956521739,0.075,Basic Materials
2009-06-30,FCX,2009,Q2,USD,0.43295331161780676,0.40852334419109665,0.4788273615635179,0.40933767643865365,0.36563517915309446,0.22041259500542887,0.22041259500542887,0.15960912052117263,2.7720090293453725,1.1478021978021977,0.778606038017145,0.22893363161819538,0.14961013645224172,2.1197724991636,1.2221478755436601,0.06781485468245425,0.4412847106055537,6.357586206896551,0.005258154005703915,0.005258154005703915,2.8407538863667625,5.605168295331162,26.50762516046213,17.893795493934142,0.3010883690708252,1.0199477232081442,0.5049376830348021,0.4845777494150181,3.387536112257532,1.2080668962124939,0.38608230177316827,0.3132464712269272,0.6750433275563258,1.6558265582655827,9.544303797468354,1.9896551724137932,0.15565147019152953,3.0773333333333333,2.317269076305221,0.15147783251231528,0.005956577999209664,0.5956577999209663,4.470873786407767,0.9854368932038835,9.189320388349515,1.6007281553398058,10.717233009708737,10.28640776699029,8.821601941747574,1.4004854368932038,0.4550970873786408,0.9453883495145631,0.6028210838901262,0.8932360742705571,2.8407538863667625,0.35904121370845893,0.4023756495916852,15.16124716553288,0.14927184466019416,Basic Materials
2009-09-30,FCX,2009,Q3,USD,0.5207528957528957,0.4937258687258687,0.5678088803088803,0.502895752895753,0.4546332046332046,0.2902992277992278,0.23624517374517376,0.22321428571428573,3.2074303405572757,1.0,0.6810699588477366,0.25779160186625194,0.1612137716397588,2.3458980044345896,1.4222363002850809,0.07913258512459578,0.7187203040861577,7.28956077630235,0.13121209397344225,0.13121209397344225,3.4773931051285176,6.888494208494208,16.693520467836258,14.608966223132036,0.2648900992024898,0.8294554756974053,0.4533892662138767,0.4448502062622574,3.131319283712998,1.091100579252238,0.6189420335761799,0.4715250965250965,0.8751279426816786,4.246819338422392,12.864197530864198,8.458874458874458,0.2869731238067264,8.008196721311476,4.997442455242966,0.1501532175689479,0.005149597560702195,0.5149597560702195,4.980769230769231,1.1766826923076923,8.37860576923077,2.7271634615384617,11.939903846153847,11.528846153846153,9.866586538461538,2.3485576923076925,0.2932692307692308,2.0552884615384617,0.5196390658174098,0.9040307101727447,3.4773931051285176,0.23852795776068875,0.3630573248407643,14.061164470888228,0.17668269230769232,Basic Materials
2009-12-31,FCX,2009,Q4,USD,0.5377440347071584,0.475704989154013,0.5503253796095444,0.4856832971800434,0.44642082429501084,0.28459869848156183,0.2210412147505423,0.21062906724511932,3.038892551087673,2.39438202247191,0.7425087108013937,0.28465575794998454,0.17733497461147868,2.4760159893404396,1.5199866755496336,0.08944156440711333,0.8847435043304464,8.488881256133464,1.5845911678115856,1.5845911678115856,3.794350257703696,7.505570498915401,31.512459016393443,22.366308985132516,0.24411447915063855,0.6959096392148262,0.4103459424506951,0.4097352579454981,2.850751178857331,1.0622119815668203,0.5153231179213857,0.3355748373101952,0.7097608274078863,11.834437086092715,16.585185185185185,96.6875,0.2437756066813741,3.44543429844098,2.8127272727272725,0.09911678115799803,0.0029190177765292475,0.29190177765292474,5.348027842227379,1.1821345707656612,7.518561484918793,3.0812064965197217,12.479118329466358,12.076566125290023,10.578886310904872,1.794663573085847,0.5208816705336426,1.2737819025522041,0.49514091350826045,0.9191603394372487,3.794350257703696,0.18340680009757035,0.36443148688046645,15.09289712258573,0.11716937354988399,Basic Materials
2010-03-31,FCX,2010,Q1,USD,0.4911757964703186,0.46596378638551456,0.5280770112308045,0.4694017877607151,0.43272977309190924,0.27847811139124456,0.21659408663763466,0.2055924822369929,2.9125500667556743,1.0407876230661042,0.7472231571861326,0.2493855387253501,0.16091911629107808,1.9888553517529604,1.2990480612955653,0.07958115183246073,0.8711400046436034,9.525328042328043,-0.8028490778533643,-0.8028490778533643,3.60345676541233,8.252518909007563,22.021859327217125,19.805137513751376,0.304245196031424,0.8255604483586869,0.45222301408913984,0.33563829787234045,2.713470776621297,1.0041426927502877,0.4221035523566287,0.4166857666743067,0.8993399339933993,1.2216378662659655,14.124137931034483,1.5328836424957841,0.22039035034549642,9.934426229508198,4.873994638069705,0.20105820105820105,0.005276936399585177,0.5276936399585177,5.061484918793504,1.0962877030162412,9.737819025522041,4.352668213457076,13.727378190255221,13.337587006960558,11.591647331786543,2.109048723897912,0.2122969837587007,1.896751740139211,0.5005296610169492,0.921875,3.60345676541233,0.17313906060533682,0.3591101694915254,17.57931423611111,0.22041763341067286,Basic Materials
2010-06-30,FCX,2010,Q2,USD,0.3946687370600414,0.3579192546583851,0.422360248447205,0.36853002070393376,0.32634575569358176,0.2153209109730849,0.17184265010351968,0.1679606625258799,3.829534192269574,1.1326876513317192,0.8076657458563536,0.2374631268436578,0.14873551714846606,2.444854173650687,1.4740194435132417,0.0667105070875347,1.019778746228629,10.198087349397591,-0.3213942679810149,-0.3213942679810149,2.571792631978732,7.009865424430642,37.61961111111111,25.45687969924812,0.18418722814581007,0.45432966198252944,0.3123979891623686,0.3078338590956887,2.466672996581846,0.9018555257322908,0.35668789808917195,0.2753623188405797,0.6766917293233082,5.376681614349776,11.672131147540984,10.534653465346535,0.22236154649947754,3.0930232558139537,2.030534351145038,0.2710843373493976,0.006645470078401779,0.6645470078401778,4.218340611353712,0.7248908296943232,5.356986899563319,3.3209606986899565,13.420305676855895,13.056768558951966,11.497816593886462,1.1615720524017468,0.37554585152838427,0.7860262008733624,0.5265662172878668,0.8855337078651685,2.571792631978732,0.1766587462508473,0.34337827121332276,17.664901960784313,0.1965065502183406,Basic Materials
2010-09-30,FCX,2010,Q3,USD,0.5007763975155279,0.4813664596273292,0.5407608695652174,0.485054347826087,0.4613742236024845,0.297554347826087,0.22864906832298137,0.22864906832298137,2.435933806146572,1.0698835274542429,1.1507829977628636,0.312982200352348,0.18432256448785375,2.774449877750611,2.0913814180929093,0.10161630358397751,1.136919315403423,8.53637521222411,0.11223752593850217,0.11223752593850217,3.468730596757503,7.807336956521739,40.794523326572005,30.10733532934132,0.17097778254803048,0.41212487064505,0.2918473282442748,0.28758370707132763,2.4104001379786135,1.018584420719652,0.4083129584352078,0.2593167701863354,0.7380239520958084,9.656716417910447,24.262135922330096,13.63265306122449,0.2795563925507428,3.817142857142857,1.9734121122599704,0.2775891341256367,0.008129596205193991,0.812959620519399,5.469214437367303,1.2505307855626326,5.182590233545648,3.949044585987261,14.565817409766455,14.215498938428874,12.309978768577494,1.4182590233545647,0.37154989384288745,1.0467091295116773,0.4955826672275978,0.9511804721888756,3.468730596757503,0.11881143811811036,0.355490113588557,14.817803302225412,0.3471337579617834,Basic Materials
2010-12-31,FCX,2010,Q4,USD,0.5713010887024809,0.549348563269677,0.6100303408888096,0.5527396037836874,0.5329287881492057,0.35052650365875426,0.2764590398001071,0.2764590398001071,2.6280487804878048,1.8883647798742138,0.6994758299359348,0.3338099493595472,0.19066902606683456,2.6178580919479137,1.7052883337762423,0.12741130446512883,0.9933563646027106,9.129615881213686,0.2853004962879278,0.2853004962879278,4.523920345489444,10.095859361056577,37.21519736842105,27.52656934306569,0.16181174709045124,0.380278310940499,0.2755084303841474,0.2714984852015847,2.350127959053103,0.9421557087607197,0.5461068296571884,0.36676780296269856,0.7396593673965937,12.786096256684491,33.66304347826087,21.63157894736842,0.43217665615141954,3.8411214953271027,2.5122249388753057,0.1826985151710781,0.005002908050792776,0.5002908050792776,5.947983014861996,1.6443736730360934,5.145435244161359,3.968152866242038,15.456475583864119,15.10828025477707,13.273885350318471,2.1815286624203822,0.5679405520169851,1.6135881104033971,0.5187541862022773,0.9641588634162093,4.523920345489444,0.08405946212551112,0.3439383791024782,16.847308367466354,0.30042462845010615,Basic Materials
2011-03-31,FCX,2011,Q1,USD,0.5342441758626729,0.5148011911017691,0.5554387808723069,0.5142757050271501,0.4976353126642144,0.325976528288667,0.26256787528463826,0.26256787528463826,3.595088161209068,1.1471095772217428,0.7169048260986789,0.3089620088754194,0.18411377708978327,2.3460324142285836,1.5653546621763839,0.11604209961788563,0.8608713954956851,8.764226150767177,-2.0658533069665515,-2.0658533069665515,3.807716832113615,9.204816955684008,27.29885714285714,22.276515472657902,0.22632868937048503,0.508513875806101,0.3370959219943321,0.29036404771698887,2.2467937106006812,0.9146839701994712,0.49652704693748684,0.41320721667542476,0.8160237388724035,1.4887678692988429,29.959183673469386,1.7206418672501824,0.33613565118267313,5.435483870967742,2.9304347826086956,0.247498332221481,0.007059902607596912,0.7059902607596912,6.034883720930233,1.5845665961945032,7.5221987315010574,4.323467230443975,17.00951374207188,16.66596194503171,14.588794926004228,2.4936575052854124,0.4587737843551797,2.0348837209302326,0.5276311158042942,0.9676430517711172,3.807716832113615,0.1335482385447847,0.34635691657866946,17.495521917376223,0.39217758985200846,Basic Materials
2011-06-30,FCX,2011,Q2,USD,0.5142758857929136,0.46405228758169936,0.5304437564499485,0.4742002063983488,0.4513243894048848,0.29686962504299963,0.23529411764705882,0.23529411764705882,3.792563600782779,1.2052923602219376,0.7534685165421559,0.33222857142857143,0.1901304817031296,3.2752736638763684,2.068576947842885,0.1213178006974846,1.4095299420476497,9.155025584795322,-1.033210030284043,-1.033210030284043,3.4530121312379376,8.616494668042655,43.562,29.81922619047619,0.11583112593609994,0.2441411634960022,0.19623268698060942,0.19600997506234413,2.107733664185277,0.8637646709255683,0.5408886027044431,0.2889576883384933,0.6845238095238095,27.569620253164558,37.25675675675676,336.0,0.4743083003952569,3.169811320754717,1.516245487364621,0.42251461988304095,0.011537778239111472,1.1537778239111471,6.139387539598733,1.4445617740232313,3.818373812038015,4.6230200633579726,18.05913410770855,17.71805702217529,15.319957761351636,1.7740232312565998,0.5596620908130939,1.2143611404435057,0.5213414634146342,0.9517591585056221,3.4530121312379376,0.07070382443413985,0.34527439024390244,15.972859922178989,0.6103484688489969,Basic Materials
2011-09-30,FCX,2011,Q3,USD,0.45582290664100095,0.4192492781520693,0.4687199230028874,0.4138594802694899,0.40423484119345526,0.2490856592877767,0.2026948989412897,0.2026948989412897,4.561018437225637,1.0957364341085272,0.7597420048374093,0.2891572971167761,0.16383877885707077,3.366237032379755,2.196479094624332,0.09592150545507798,1.612071675573719,6.853418803418804,-0.2990582750582753,-0.2990582750582753,1.8797030670052746,5.556612127045236,24.949524632670702,15.731117166212535,0.11148606030023969,0.2301881877970958,0.18711623967817065,0.1869440914866582,2.0647261834993813,0.7119364122242017,0.5768626218170386,0.3532242540904716,0.6305177111716621,19.841463414634145,27.564102564102566,458.75,0.5190947666195191,2.706489675516224,2.0054644808743167,0.22507122507122507,0.008210180623973728,0.8210180623973727,5.479957805907173,1.110759493670886,3.811181434599156,5.409282700421941,19.04113924050633,18.70253164556962,16.199367088607595,1.9356540084388185,0.7151898734177216,1.220464135021097,0.5014285714285714,0.9767441860465116,1.8797030670052746,0.12245986711285707,0.38476190476190475,11.200657084188911,0.25,Basic Materials
2011-12-31,FCX,2011,Q4,USD,0.3608841902931283,0.3159538683325324,0.3798654493032196,0.31162902450744834,0.3010571840461317,0.20807304180682365,0.15377222489187892,0.15377222489187892,3.6444833625218913,1.9660014781966002,0.6875161540449729,0.20670474298485225,0.12977860929217336,3.41734693877551,2.101360544217687,0.06702670710956574,1.6401360544217687,13.60942578125,-0.3433286958451704,-0.3433286958451704,2.2273449686740823,8.371006727534839,-893.3366666666667,46.70258713136729,0.11028999064546305,0.22612197928653624,0.18442045987799155,0.1842503259452412,2.0502493287303416,0.5688123547902145,0.2537414965986395,0.17924074963959635,-0.05227882037533512,18.060606060606062,20.919354838709676,186.5,0.2109132032796155,0.9503184713375796,0.7017873941674506,0.434375,0.007979304325213482,0.7979304325213482,4.3949313621964095,0.675818373812038,3.8004223864836324,5.091869060190074,19.591341077085534,19.248152059134107,16.517423442449843,0.7877507919746568,0.8289334741288279,-0.04118268215417107,0.5107741420590582,0.9660755589822668,2.2273449686740823,0.1015208611448924,0.31045490822027133,21.223991144845034,0.293558606124604,Basic Materials
2012-03-31,FCX,2012,Q1,USD,0.4147665580890337,0.337242128121607,0.3952225841476656,0.37654723127035833,0.32356134636264927,0.21737242128121606,0.16590662323561348,0.16590662323561348,3.9527896995708156,1.2593457943925233,0.657958984375,0.22210968021993924,0.13994833611913082,3.506155950752394,2.1053351573187413,0.07577539320887844,1.5376196990424076,11.812814136125654,0.5653275336574421,0.5653275336574421,2.2373696932135108,7.839296416938111,384.0421276595745,45.06861423220973,0.1729524388390822,0.3527114967462039,0.2607440667094291,0.1789639731325056,2.0393554384877595,0.6380325597506061,0.27393980848153215,0.1739413680781759,0.11735330836454431,19.83582089552239,27.523809523809526,200.25,0.14074855034264627,1.1329561527581329,0.8476190476190476,0.31151832460732987,0.0065928050889807075,0.6592805088980708,4.852476290832455,0.8050579557428873,6.063224446786091,4.737618545837724,20.33614330874605,19.992623814541624,17.002107481559538,0.8440463645943098,0.7449947312961012,0.09905163329820864,0.512751677852349,0.8592848904267589,2.2373696932135108,0.09753473411050871,0.3295302013422819,20.491736263736264,0.2507903055848261,Basic Materials
2012-06-30,FCX,2012,Q2,USD,0.3490502793296089,0.30435754189944136,0.3693854748603352,0.2929608938547486,0.2947486033519553,0.19977653631284917,0.15865921787709497,0.15865921787709497,4.253802281368821,1.232233502538071,0.7237267080745342,0.20851777643166675,0.1328326753539731,3.458871515975527,2.0907545887151597,0.07254148851366041,1.5322909585316111,11.384658450704226,-1.5369288908450682,-1.5369288908450682,1.950321510435517,7.225124022346368,94.53926900584796,27.354001692047376,0.17091632283534686,0.3473277838098685,0.2577901146131805,0.25765717356260076,2.032151043551695,0.6146133772833402,0.4017675050985724,0.2641340782122905,0.2893401015228426,26.19148936170213,30.488372093023255,295.5,0.20527961097603334,1.4071428571428573,1.0395778364116095,0.4183098591549296,0.009185823645176066,0.9185823645176067,4.715489989462593,0.7481559536354057,6.112750263435195,4.750263435194942,20.958904109589042,20.61749209694415,17.46891464699684,1.2455216016859854,0.8851422550052687,0.36037934668071653,0.5382865807429871,1.0061022120518688,1.950321510435517,0.17808744965967607,0.3199393479909022,20.31604960677556,0.3129610115911486,Basic Materials
2012-09-30,FCX,2012,Q3,USD,0.4131763640479964,0.31605161874575505,0.38351822503961963,0.31944758886121805,0.3065429024224587,0.25809372877518677,0.18655195834276658,0.18655195834276658,3.101825842696629,1.024101145792177,0.584573748308525,0.21765053710456292,0.12796592983167715,3.231746031746032,1.824126984126984,0.08145781907942501,1.183174603174603,11.473801577669903,0.7171125986043693,0.7171125986043693,2.206526051694965,8.56184061580258,-84.98348314606741,71.89667300380228,0.10206564881073095,0.20555458311453412,0.1705062433452715,0.17042594385285575,2.0139448042476222,0.6193213684800898,0.16698412698412698,0.11908535204890197,-0.8460076045627376,33.61363636363637,33.595238095238095,263.0,0.1493045699687766,0.5417095777548918,0.4148264984227129,0.3604368932038835,0.00785347582411916,0.7853475824119162,4.654373024236038,0.8682824025289779,3.756585879873551,3.927291886195996,21.857744994731295,21.519494204425712,18.060063224446786,0.5542676501580611,1.0231822971548998,-0.46891464699683877,0.6085672082717873,0.959603118355776,2.206526051694965,0.0931575600281879,0.1587887740029542,22.204043683589138,0.3129610115911486,Basic Materials
2012-12-31,FCX,2012,Q4,USD,0.3212940394416131,0.3017948149789497,0.3733658320407711,0.3009084865942832,0.2933746953246178,0.2093950808774651,0.1646354974518059,0.1646354974518059,2.7704112952731736,1.9534438775510203,0.6693618881118881,0.2149149959521882,0.12734198645598194,3.0801675142087945,1.711337122345199,0.0754476608394083,1.1082859706850134,10.920524899057874,-1.0556507402422612,-1.0556507402422612,1.8500712534914212,7.191624196764902,112.30380622837372,25.656758893280635,0.09952031602708804,0.20104885139371828,0.16739439962031324,0.16731535978735523,2.0201789887704495,0.6454519450800915,0.3784026323661382,0.2803013516507866,0.22845849802371543,32.575,35.73684210526316,632.5,0.35866175219733487,1.2961065573770492,0.9937156323644933,0.3997308209959623,0.00915090677167101,0.915090677167101,4.755532139093783,0.7829293993677555,3.756585879873551,3.904109589041096,22.45626975763962,22.10432033719705,18.48577449947313,1.3329820864067439,1.0284510010537409,0.30453108535300316,0.5611782477341389,0.9749631811487481,1.8500712534914212,0.10867086930533217,0.28851963746223563,19.1559643916914,0.3129610115911486,Basic Materials
2013-03-31,FCX,2013,Q1,USD,0.3349334497054331,0.28518437704560334,0.3569714161029893,0.29565786602662014,0.27274710888064585,0.17979489417412176,0.1413921012437268,0.1413921012437268,4.235674676524954,1.053941908713693,0.6338116032439176,0.21130526995251048,0.10761247299708838,5.06351145038168,3.5951145038167938,0.047109310960027004,2.929770992366412,11.86766975308642,-0.9256782407407408,-0.9256782407407408,1.714659977703456,6.711979053022039,1183.1153846153848,37.01684717208183,0.23696816004508311,0.5625418060200669,0.3600171232876712,0.35992578849721707,2.373913043478261,0.4523739018853025,0.2537404580152672,0.18132227798385336,0.031287605294825514,19.80327868852459,23.771929824561404,207.75,0.08234244946492271,1.0322981366459627,0.7540834845735027,0.4583333333333333,0.009655082734631514,0.9655082734631514,4.824210526315789,0.6821052631578948,10.683157894736842,10.1,22.998947368421053,22.998947368421053,18.88421052631579,0.8747368421052631,0.8473684210526315,0.02736842105263158,0.5184,0.922509225092251,1.714659977703456,0.32807776080101425,0.3424,19.10635696821516,0.3126315789473684,Basic Materials
2013-06-30,FCX,2013,Q2,USD,0.21105410447761194,0.18190298507462688,0.30550373134328357,0.1490205223880597,0.15111940298507462,0.14225746268656717,0.11240671641791045,0.11240671641791045,3.446945337620579,0.8971095200212146,0.6839870602507077,0.09270549574090889,0.06795239529023976,1.8853832442067737,1.0037433155080213,0.026371335504885993,0.5871657754010695,14.36960580912863,-0.5142806289582876,-0.5142806289582876,1.3937317637589295,6.460960820895522,-199.3136690647482,26.793617021276596,0.3361963773513145,1.0672602877553075,0.5162679775144186,0.5154071184787908,3.1745145386859845,0.4692749658002736,0.1843137254901961,0.24113805970149255,-0.1344294003868472,6.195121951219512,4.840909090909091,14.164383561643836,0.04873909969361301,0.8815004262574595,0.7029231815091774,0.6182572614107884,0.010756336492856781,1.0756336492856782,4.375510204081633,0.49183673469387756,21.78265306122449,3.3612244897959185,25.23265306122449,23.38469387755102,20.283673469387754,1.0551020408163265,1.1969387755102041,-0.14183673469387756,0.7438271604938271,1.0140845070422535,1.3937317637589295,0.7657573110602571,0.06172839506172839,34.828702290076336,0.3040816326530612,Basic Materials
2013-09-30,FCX,2013,Q3,USD,0.31046228710462287,0.2773722627737226,0.42643957826439577,0.27688564476885646,0.2510948905109489,0.1699918896999189,0.13317112733171127,0.13317112733171127,3.6200822078684673,1.1495402920497566,0.8759530187512878,0.13216284005402276,0.09848557461899742,2.1214664310954063,1.049690812720848,0.04661879755653199,0.4900618374558304,10.455858708891595,0.17077902557856273,0.17077902557856273,1.6827757902474885,5.569673965936739,147.3692703862661,18.283833865814696,0.33743889581136777,1.0351874540553785,0.508644769793874,0.5078151382121665,3.0677775055133547,1.227476356396217,0.41475265017667845,0.3046228710462287,0.12406815761448349,9.181034482758621,10.537037037037036,26.82857142857143,0.08890782559295554,1.1416413373860181,0.6245427336215498,1.658952496954933,0.03966562056601268,3.966562056601268,5.9393063583815024,0.7909441233140655,20.50578034682081,2.1377649325626202,24.34874759152216,22.48747591522158,19.65799614643545,1.8092485549132948,1.5847784200385358,0.22447013487475914,0.5303617571059431,0.9068541300527241,1.6827757902474885,0.6151665956063772,0.32235142118863047,20.251441612780525,1.3121387283236994,Basic Materials
2013-12-31,FCX,2013,Q4,USD,0.32795242141036535,0.27765505522514866,0.4508071367884452,0.2803738317757009,0.24927782497875955,0.1629566694987256,0.12013593882752761,0.12013593882752761,3.4056712962962963,1.8446828358208955,0.788162614587485,0.12415349887133183,0.09266257282317746,2.077962577962578,1.0347193347193346,0.04594947155445518,0.4126819126819127,13.852234794908064,-0.9948423170888522,-0.9948423170888522,1.8713155631986245,6.656604927782498,58.12183976261127,16.762567394094994,0.32602739726027397,0.9891086271137862,0.4972622478386167,0.49346689895470386,3.0338205789624535,1.1468381564844587,0.48586278586278586,0.39711129991503824,0.28840393667094566,4.478079331941545,9.880239520958083,7.490384615384615,0.11286583598956824,1.4052916416115453,1.1761449421238048,0.4582743988684583,0.008270766516261246,0.8270766516261246,5.669556840077071,0.6811175337186898,20.108863198458575,1.9123314065510597,24.997109826589597,22.785163776493256,20.167630057803468,2.2514450867052025,1.6021194605009634,0.649325626204239,0.48193592365371507,0.889090909090909,1.8713155631986245,0.5285632453262511,0.34628493524199044,21.82251036562382,0.31213872832369943,Basic Materials
2014-03-31,FCX,2014,Q1,USD,0.2571715145436309,0.22948846539618856,0.42326980942828485,0.22286860581745235,0.1971915747241725,0.12557673019057172,0.10230692076228685,0.10210631895687061,3.299139642620781,1.045159469376235,0.7093869731800766,0.1037115632671743,0.07803816590741872,1.7468167558590146,0.7835393984129914,0.03920006373994104,0.2542904594943717,16.82679411764706,-0.6022221052631578,-0.6022221052631578,1.6230099290780142,6.885989969909729,-91.53776,27.74992724333064,0.3263983468745597,0.9858156028368794,0.49642857142857144,0.482998851108558,3.0202836879432624,1.0799393414211438,0.22827089868979517,0.24814443329989969,-0.30315278900565884,1.4001597444089458,6.900621118012422,1.1338221814848763,0.05932853717026379,0.7673697270471465,0.6382868937048504,0.6392156862745098,0.009496991551173343,0.9496991551173344,4.802504816955684,0.4913294797687861,20.241811175337187,1.3275529865125242,25.265895953757227,23.42003853564547,20.3757225433526,1.1917148362235068,1.5529865125240847,-0.36127167630057805,0.5188199389623601,0.8847884788478848,1.6230099290780142,0.6073996130121603,0.3631739572736521,25.496995260663507,0.3140655105973025,Basic Materials
2014-06-30,FCX,2014,Q2,USD,0.25842086200651937,0.20825787758058675,0.3917059036580949,0.2088011590003622,0.17855849329952916,0.11952191235059761,0.08909815284317277,0.086925027164071,3.004352557127312,1.0367088607594936,0.7625698324022346,0.11690978764846612,0.08626911840522426,1.3567081238422862,0.6462026991267531,0.04002978961087321,0.1929081767663403,19.27007113821138,-3.1474449525745283,-3.1474449525745283,1.7777751734483405,6.867710974284679,-63.20583333333333,28.091481481481484,0.317080410567264,0.9514344646540409,0.4875564523878159,0.45082895685305324,3.000609413088318,1.6378466557911908,0.17861868219105584,0.24447663889894966,-0.4444444444444444,0.6224559023066486,7.030487804878049,0.4849137931034483,0.06651556957035869,0.6923076923076923,0.5928853754940712,0.6646341463414634,0.008622621857159809,0.8622621857159809,5.314725697786333,0.4735322425409047,19.692011549566892,1.4032723772858517,25.420596727622716,23.768046198267566,20.531280076997113,1.2993262752646775,1.8768046198267565,-0.5774783445620789,0.49898580121703856,0.8551604509973981,1.7777751734483405,0.5351826703758883,0.332657200811359,26.242024965325935,0.314725697786333,Basic Materials
2014-09-30,FCX,2014,Q3,USD,0.2266502808988764,0.2129564606741573,0.36060393258426965,0.19873595505617977,0.18521769662921347,0.12359550561797752,0.09866573033707865,0.09655898876404495,3.76221928665786,1.1641120507399578,0.8025141191473857,0.1171028556156329,0.08903338752032013,1.4237742393189343,0.558410846602554,0.04044443251657229,0.10373640233328078,15.09045818505338,0.9916586807320792,0.9916586807320792,1.5711801213468573,5.955644311797752,464.70342465753424,17.613369678089303,0.3085063148680755,0.9141308878699458,0.47756968641114983,0.4543042005762523,2.963086471214858,2.1158989598811293,0.3036418098691471,0.3381320224719101,0.03790238836967809,0.8880208333333334,7.1645569620253164,1.0930760499432464,0.09758321933424532,1.039395574743659,0.8838916934373566,0.5800711743772242,0.009609899965657873,0.9609899965657874,5.482194417709336,0.5409047160731473,19.148219441770934,0.6333012512030799,25.712223291626565,24.059672762271415,20.78055822906641,1.8537054860442734,1.7834456207892204,0.07025986525505294,0.5327014218009478,0.9319787985865724,1.5711801213468573,0.581811643012851,0.33080568720379144,25.804454722492697,0.31376323387872956,Basic Materials
2014-12-31,FCX,2014,Q4,USD,-0.39465138490926455,-0.6305635148042025,-0.17707736389684814,-0.63018147086915,-0.6586437440305635,-0.5224450811843362,-0.5428844317096466,-0.544603629417383,5.493179433368311,2.993439934399344,1.361872784928185,0.1150397749747286,0.08903818351900672,1.7359215837017106,0.7055544877955026,-0.053500140567894296,0.08917931962329426,-2.1350316678395496,0.003460448880596212,0.003460448880596212,1.3272291791983377,4.636301814708691,-35.588035190615834,21.709338103756707,0.3226464835445191,1.0373489364029091,0.5091660627533081,0.5027869164468854,3.2151254989883524,1.6065674390056774,0.21487603305785125,0.21356255969436486,-0.6100178890876565,-0.3472,-22.4421768707483,2.3389121338912133,0.05893516078017923,0.6211111111111111,0.5258701787394168,-0.11470795214637579,0.01343164528590452,1.343164528590452,5.0384985563041385,-2.735322425409047,18.39942252165544,0.4629451395572666,22.35322425409047,22.031761308950916,17.60057747834456,1.0760346487006738,1.7324350336862369,-0.6564003849855631,0.824245939675174,1.0451652015762352,1.3272291791983377,0.7815899112687383,0.20591647331786542,-46.14567421790723,0.31376323387872956,Basic Materials
2015-03-31,FCX,2015,Q1,USD,-0.6746929930170961,-0.7117746207560799,-0.2374187334457019,-0.7134601492896702,-0.7469299301709608,-0.5793402359739948,-0.5933060438237419,-0.5964363111004093,4.173869346733668,2.2356155576984893,1.3277968690339825,0.09664207758359901,0.07407473468295728,2.0077097505668933,0.8199546485260771,-0.04322684883358372,0.12448979591836734,-1.9963861415685875,0.1478404872404846,0.1478404872404846,1.2458925987019567,4.737871854394413,-17.10989722721739,27.44265245648535,0.3622937661642736,1.2861394288608878,0.5625813599224484,0.555714968914395,3.549990502121193,1.0039888794874894,0.16258503401360544,0.17264627979773658,-1.6039051603905161,-0.4133522727272727,-20.294520547945204,1.2849462365591398,0.035299330445057106,0.38403856454204605,0.3268003646308113,-0.13271103896103897,0.01661890906244797,1.6618909062447973,3.99968605787084,-2.373037911532326,19.702763633980652,0.5287328788276164,20.018655044282035,20.018655044282035,15.2099787892979,0.6905309182502751,1.7980770214410928,-1.1075461031908178,0.7943262411347518,1.04691191360108,1.2458925987019567,1.0323036112429456,0.22404900064474534,-39.99937303377282,0.31492832673338905,Basic Materials
2015-06-30,FCX,2015,Q2,USD,-0.512241054613936,-0.5614406779661016,-0.3519303201506591,-0.5588512241054614,-0.585216572504708,-0.4303201506591337,-0.4333804143126177,-0.4364406779661017,4.476290832455216,1.9028436018957346,1.1828392561222612,0.1034684333593141,0.07865501407198934,1.8351972990082295,0.6891749314201309,-0.027020115922263895,0.09833298164169656,-2.629373581768061,0.10386025647983842,0.10386025647983842,1.4025865306874323,4.558076048997175,-32.707275432668915,18.112915861683817,0.38701673826099836,1.5140890981528432,0.6022416227274037,0.5929649722844675,3.912205722564288,1.0111878124256128,0.22557501582612366,0.2516478342749529,-0.5537885874649204,-0.8595744680851064,-15.93288590604027,1.3514538558786346,0.05114343125059803,0.6435881998795906,0.6236872812135356,-0.028788701792504073,0.0027372205676784987,0.27372205676784983,4.085056896779201,-1.7703836504167862,20.243534071115572,0.4481253563792626,18.09041674722465,18.09041674722465,13.275473272136738,1.0279957209644457,1.5972880191973287,-0.569292298232883,0.7405470635559132,1.0471777590564448,1.4025865306874323,1.079497817087094,0.27634754625905067,-26.621208733204014,0.050967046970173645,Basic Materials
2015-09-30,FCX,2015,Q3,USD,-1.019288236892149,-1.0880195599022005,-0.7457212713936431,-1.071719641401793,-1.1268676989948383,-1.0364031513175767,-1.0374898125509373,-1.041293126867699,1.9353312302839116,2.1576197387518143,1.390645463049579,0.09705998681608438,0.07306035766032193,1.6894551481251294,0.5821421172570955,-0.08516140279513032,0.07002278848145846,-0.6788550284328357,-0.006675407779589551,-0.006675407779589551,0.9473953420738168,2.817220704792176,-14.709488530978724,12.615802207226276,0.41081317110930277,1.890919057189841,0.6540892428264442,0.6438935519552346,4.602868627809245,1.0104309634916278,0.17029210689869484,0.22330888345558272,-0.8576642335766423,-2.2310570626753976,-24.20245398773006,0.9072847682119205,0.03971398202724901,0.5383104125736738,0.4852420306965762,-0.0437287247970673,0.01610385243003091,1.610385243003091,3.4395601251676955,-3.5685085895179105,19.492709527607524,0.3438625716005737,14.918776679822718,14.918776679822718,10.228042686793152,0.7680843311295424,1.4268427903099894,-0.658758459180447,0.9206846673095468,1.0514575411913816,0.9473953420738168,1.9959133987831121,0.08678881388621022,-11.194968821253187,0.1560463300469995,Basic Materials
2015-12-31,FCX,2015,Q4,USD,-1.0321475625823453,-1.0798418972332016,-0.49828722002635045,-1.080368906455863,-1.1291172595520422,-1.0787878787878789,-1.0727272727272728,-1.0753623188405796,5.5079825834542815,3.4260328742780986,1.6106934001670843,0.10967574128663084,0.08147798269532172,1.7325284420710472,0.6208497794288368,-0.09745624685362314,0.05200835848618528,-0.48933247359371157,0.15881063006632273,0.15881063006632273,1.0179215636177823,2.0996811594202898,-11.615583090379006,13.020081699346402,0.43858556798419823,2.6096065406234032,0.7229614949037373,0.7164487267721955,5.950051098620337,1.170754280425729,0.1420942651497562,0.16126482213438736,-1.1209150326797386,-2.0311004784688995,-21.925133689839573,0.9429892141756548,0.029958879968670454,0.4714946070878274,0.45132743362831856,-0.014247113731269958,0.007278851547822682,0.7278851547822683,3.2242990654205608,-3.4587935429056924,17.514868309260834,0.2141036533559898,10.881903143585387,10.612574341546305,6.650807136788445,0.5199660152931181,1.102803738317757,-0.5828377230246389,0.9500583430571762,1.0451219512195122,1.0179215636177823,2.5636617141193407,0.04504084014002334,-14.89809095716552,0.04927782497875956,Basic Materials
2016-03-31,FCX,2016,Q1,USD,-1.1431215299198025,-1.1832202344231955,-1.1511412708204811,-1.1943244910549045,-1.2421344848858729,-1.2637260950030844,-1.2871684145589142,-1.2914867365823566,3.873357228195938,2.3260796786072984,1.7479245283018867,0.11757026291931097,0.07598912432027001,1.6342069588793493,0.7361048350655219,-0.10171839537831226,0.05693628558517849,-0.7749424874191229,0.22344175053918053,0.22344175053918053,3.503613217768147,3.9899259716224553,-53.45181818181818,17.48018918918919,0.4869913744609038,5.627573131094258,0.8491152069966079,0.84174882126018,11.555796316359697,1.0875545119087555,0.16719385449615906,0.2282541640962369,-0.327027027027027,-2.8639097744360904,-20.272251308900522,0.6496927129060579,0.03561630649275641,0.7535641547861507,0.7505070993914807,-0.000958543014617781,0.000309230371988676,0.030923037198867596,2.5915267785771383,-3.3357314148681056,16.760991207034373,0.2246203037569944,6.984012789768186,6.984012789768186,2.9512390087929656,0.5915267785771383,0.7849720223820943,-0.19344524380495604,1.036255276881053,1.0400309917355373,3.503613217768147,1.6062198597021802,-0.019120933697541594,-8.965793140407289,0.0031974420463629096,Basic Materials
2016-06-30,FCX,2016,Q2,USD,-0.16346730653869226,0.02459508098380324,0.22015596880623875,0.005398920215956809,-0.03419316136772645,-0.06868626274745052,-0.14067186562687461,-0.14457108578284344,4.804034582132565,1.5099260412611912,1.0360576923076923,0.12512196952638294,0.08073421154591244,2.356828193832599,1.53215859030837,0.0056821710240327885,0.07753303964757709,-7.439811648933903,0.08366656871191662,0.08366656871191662,3.486656670846865,4.186288738272346,340.41674764390245,15.969206697254005,0.4678177063153816,4.826130402198351,0.828359488894606,0.8224991131606952,10.316262802897826,0.7436154789784767,0.19251101321585903,0.2621475704859028,0.04691075514874142,0.639751552795031,0.09183673469387756,1.135064935064935,0.04524043687561468,1.04921968787515,1.0479616306954436,-0.0021321961620469083,7.164819025870246e-05,0.007164819025870246,2.661068238832806,-0.3743374337170324,15.576108782490165,0.30489744068210317,7.255282030890884,7.255282030890884,3.1950378404462274,0.6975925737072203,0.6648679792884605,0.03272459441875976,4.114035087719298,-6.333333333333333,3.486656670846865,1.3841713876078727,-1.0175438596491229,44.85570388746594,0.0007981608394819455,Basic Materials
2016-09-30,FCX,2016,Q3,USD,0.12019602785659014,0.09388702605107041,0.2597369099819448,0.09259736909981944,0.04565385607428424,0.0750580345628063,0.058550425586793915,0.0551973175135414,4.92005076142132,1.4533446953557734,0.9253933803581118,0.14889776480528458,0.09364734299516908,2.5619429590017826,1.7406417112299466,0.027566539923954372,0.24688057040998218,16.09863436123348,-0.11238669271049787,-0.11238669271049787,3.089087066779374,3.7703275728656176,30.077283950617282,14.915877551020408,0.4585024154589372,4.011411665257819,0.8004554271738213,0.7934706703910615,8.74894336432798,0.5887623386484434,0.21836007130124777,0.2527727624451896,0.4959183673469388,1.1334681496461072,1.9197860962566844,1.2219451371571073,0.051627857970709096,1.9838056680161944,1.9838056680161944,0.0,0.0,0.0,2.8803863298662704,0.1686478454680535,14.241456166419018,0.8439821693907875,7.310549777117385,7.310549777117385,3.515601783060921,0.7280832095096582,0.36701337295690933,0.3610698365527489,1.2824858757062148,0.49303621169916434,3.089087066779374,1.2985751383951905,-0.6440677966101694,32.265700099304865,0.0,Basic Materials
2016-12-31,FCX,2016,Q4,USD,0.23646333104866346,0.15375828192826135,0.2892392049348869,0.1606122915238748,0.11240575736806031,0.04615033127713045,0.022846698652044778,0.06671236006397076,3.887211367673179,2.17012987012987,0.9176276771004942,0.18791053106083372,0.11729238684781734,2.446658851113716,1.5927315357561547,0.024697077690662865,0.9953106682297772,46.26392499999999,1.4804455999999997,1.4804455999999997,3.0582664022475625,4.227911811743203,29.327369255150554,16.30446696035242,0.4294825414690356,2.6486531151875723,0.7259262614367243,0.7097284850810707,6.167079821517104,0.6641881638846737,0.2661195779601407,0.25931002970070827,0.5559471365638766,0.689313517338995,3.883977900552486,0.9212662337662337,0.07081799463405503,2.251984126984127,2.2475247524752477,0.01,5.403778429953793e-05,0.005403778429953793,3.119743406985032,0.07127583749109052,11.552387740555952,3.0456165359942977,6.59800427655025,6.380612972202424,4.312900926585887,0.8089807555238774,0.3592302209550962,0.44975053456878117,0.2032520325203252,0.6998577524893315,3.0582664022475625,0.8660635689686943,0.5934959349593496,23.923830963665086,0.0007127583749109052,Basic Materials
2017-03-31,FCX,2017,Q1,USD,0.22508231068542353,0.18108350793175695,0.2975157138581263,0.17360071834780005,0.13109847351092488,0.08021550434001797,0.06824304100568691,0.06734510625561209,2.388134381701215,1.4544943820224718,0.68801488174329,0.14417019073099163,0.09134405074365705,2.017141676992978,1.2399834779016936,0.022861165660083737,0.8263114415530772,21.18263157894737,-0.8896705263157897,-0.8896705263157897,3.057701804368471,5.782268781801855,43.121785714285714,24.392121212121207,0.4200295275590551,2.4316239316239314,0.7085927770859277,0.6752171901506194,5.789173789173789,0.6022532672374944,0.16356877323420074,0.23705477401975455,0.5656565656565656,0.34237995824634654,3.4730538922155687,0.35547576301615796,0.051552431165787935,2.302325581395349,2.2956521739130435,0.0043859649122807015,5.1763692531948555e-05,0.005176369253194856,2.3105117565698476,0.15767634854771784,10.73997233748271,2.789073305670816,6.630013831258645,6.630013831258645,4.369294605809128,0.5477178423236515,0.23789764868603042,0.30982019363762103,0.5205479452054794,0.7551724137931034,3.057701804368471,0.7952456083683256,0.3972602739726027,30.865754527162977,0.0006915629322268327,Basic Materials
2017-06-30,FCX,2017,Q2,USD,0.20641336566963084,0.18189167340339532,0.30315278900565884,0.18027485852869846,0.13823767178658045,0.08784694152519537,0.07221773106979251,0.07221773106979251,2.587866108786611,1.5664893617021276,0.8086216364634816,0.16054510058403634,0.10018087087978836,2.106998381877023,1.3703478964401294,0.02654343807763401,0.9439724919093851,16.21125932835821,1.2969007462686568,1.2969007462686568,2.6042964184025172,4.682961465912153,25.745881481481483,16.75840887174542,0.4144912669060281,2.300914131575004,0.6970536160167068,0.6631669274645399,5.551176382436685,0.7137911136757069,0.20974919093851133,0.27943950417677177,0.6509161041465766,0.3948696383515559,4.12962962962963,0.46796028880866425,0.06753940341279145,2.8646408839779007,2.8567493112947657,0.0037313432835820895,5.754246490053497e-05,0.005754246490053497,2.564616447823082,0.1852107809260539,10.722874913614374,3.248790601243953,6.906012439530063,6.906012439530063,4.611610228058051,0.7166551485832757,0.25017277125086385,0.4664823773324119,0.5224171539961013,0.7668161434977578,2.6042964184025172,0.883507006082814,0.36257309941520466,24.947084444444446,0.000691085003455425,Basic Materials
2017-09-30,FCX,2017,Q3,USD,0.2529002320185615,0.21577726218097448,0.280046403712297,0.21276102088167054,0.14524361948955916,0.05614849187935035,0.06496519721577726,0.06357308584686774,2.7878395860284604,1.5347950428979982,0.8348457350272233,0.18793058341327287,0.1154660165563801,2.021025919883995,1.3219140837411636,0.025759309148614237,0.8984955591807141,18.151714285714284,3.2673085714285697,3.2673085714285697,2.9155198623261147,4.71691879350348,23.234194285714285,17.185054945054944,0.3960136094516034,2.119891008174387,0.6794759825327511,0.6431422722620266,5.353076150867632,0.776157032234828,0.21442813123074134,0.27447795823665894,0.7396449704142012,0.3255260023818976,3.0164473684210527,0.5340857787810384,0.08002976593153836,3.840909090909091,3.840909090909091,0.0,0.0,0.0,2.976519337016575,0.19337016574585636,10.418508287292818,3.451657458563536,7.064917127071824,7.064917127071824,4.81560773480663,0.8169889502762431,0.212707182320442,0.6042817679558011,0.4472843450479233,0.6826608505997819,2.9155198623261147,0.7271056649509688,0.6182108626198083,24.983363711681857,0.0,Basic Materials
2017-12-31,FCX,2017,Q4,USD,0.35171592937909146,0.29617139456457053,0.38603451696092045,0.291013687760365,0.26284467367585795,0.23586589962309065,0.2065066455068439,0.2063082721682206,3.2087842138765117,2.1138421733505823,0.839455432828153,0.2206706356154789,0.13514020695941237,2.1395394998015087,1.3668122270742358,0.05760209182496347,0.8826915442635966,6.593198847262248,0.024090534249612067,0.024090534249612067,3.4416547574276044,5.446157508430867,21.54951334379906,16.43956886227545,0.3516433435204547,1.6443525134762442,0.6218355930596378,0.5946646341463414,4.6761940579165095,0.8864075962721998,0.3314807463279079,0.33128347550089265,0.7628742514970059,1.1441213653603035,8.732142857142858,1.181046676096181,0.12731569718685676,4.217171717171717,4.1959798994974875,0.0019212295869356388,7.284891717369512e-05,0.007284891717369512,3.481353591160221,0.7189226519337016,9.174723756906078,3.1070441988950277,7.801104972375691,7.5897790055248615,5.508977900552487,1.1533149171270718,0.27348066298342544,0.8798342541436464,0.7856603773584906,0.9032038173142468,3.4416547574276044,0.4777796232836795,0.10264150943396226,18.563247687564235,0.0013812154696132596,Basic Materials
2018-03-31,FCX,2018,Q1,USD,0.33052588331963845,0.3054642563681183,0.3981101068200493,0.29971240755957274,0.2744453574363188,0.1705012325390304,0.14215283483976993,0.14215283483976993,3.371191135734072,1.4753282028066999,0.8388674388674389,0.21358371358371359,0.13287114119605864,2.326427255985267,1.4320902394106814,0.04625470438266359,0.8522099447513812,9.197590317919074,-0.2720953802384393,-0.2720953802384393,2.9411887707948248,5.229854149548069,29.029566704675027,18.59673484295106,0.31678357944154817,1.340804066543438,0.5727963675846413,0.5623641235653977,4.232555452865065,0.8463878988090063,0.31514732965009207,0.28122432210353326,0.6406135865595325,2.2586750788643535,9.66225165562914,2.8343685300207038,0.11795622953644666,2.782520325203252,2.782520325203252,0.0,0.0,0.0,3.3595583160800553,0.4775707384403037,8.113871635610765,2.639751552795031,8.230503795721187,8.230503795721187,5.973775017253278,0.9447895100069013,0.33954451345755693,0.6052449965493444,0.5179640718562875,0.9156956819739548,2.9411887707948248,0.4558714761382352,0.3787425149700599,17.215134158926727,0.0,Basic Materials
2018-06-30,FCX,2018,Q2,USD,0.35042569659442724,0.32759287925696595,0.4131191950464396,0.3219814241486068,0.30011609907120745,0.20046439628482973,0.1681501547987616,0.1681501547987616,3.9692780337941627,1.3871900826446282,0.8038793103448276,0.22545042097456702,0.1395700550934428,2.722558568044222,1.623321926822848,0.05420491193252295,1.015793629902606,7.1949769850402765,0.26012609099760997,0.26012609099760997,2.63982900569981,4.839345975232199,30.095956678700365,19.105989304812837,0.3005023225667063,1.1744775174160862,0.5401194116790448,0.540030101471088,3.9083808317500526,0.8399154883796522,0.3445643590418531,0.2532894736842105,0.6348357524828113,11.095890410958905,11.71830985915493,327.25,0.11764177226566011,2.7384937238493725,2.3756805807622503,0.08400460299194476,0.002918862811048815,0.2918862811048815,3.5665976535541755,0.5997239475500346,7.7770876466528644,2.746031746031746,8.862663906142167,8.862663906142167,6.538302277432712,0.9033816425120773,0.32988267770876467,0.5734989648033126,0.5602836879432624,0.9320913461538461,2.63982900569981,0.4449066643635639,0.33204384268214054,15.118379391100705,0.05037957211870255,Basic Materials
2018-09-30,FCX,2018,Q3,USD,0.28137734311328444,0.2707823960880196,0.3640994295028525,0.2679299103504483,0.24164629176854116,0.13528932355338225,0.1132844335778321,0.11246943765281174,3.8046511627906976,1.4720367278797997,0.8715097603162837,0.21327076000521444,0.13001668918381945,2.8358867826538563,1.784990911451571,0.041736982918295945,1.1830693326408726,8.932104316546761,-0.2436028449967299,-0.2436028449967299,1.991079482810464,4.047473512632437,27.027210884353742,15.930232558139535,0.29476277517285226,1.1152651097524307,0.527246019711903,0.5271563981042654,3.783602285256089,0.7210224768620538,0.32381199688392626,0.2540749796251019,0.5894145950280674,8.605442176870747,9.195804195804195,311.75,0.11206974027141188,2.435546875,2.13527397260274,0.12949640287769784,0.0036244651396929273,0.3624465139692928,3.3848275862068964,0.383448275862069,7.772413793103448,3.2220689655172414,9.278620689655172,9.278620689655172,6.8806896551724135,0.86,0.35310344827586204,0.506896551724138,0.4688026981450253,0.9019011406844106,1.991079482810464,0.5601308834633778,0.44013490725126475,14.793508673754896,0.0496551724137931,Basic Materials
2018-12-31,FCX,2018,Q4,USD,0.10369163952225842,0.08903365906623235,0.1984256243213898,0.08577633007600434,-0.0491313789359392,-0.003257328990228013,0.038002171552660155,0.03718783930510315,2.7866868381240546,1.987959060806743,0.6938432443790712,0.12934484937855487,0.08630059970014993,3.2298885206387467,1.7960228984633926,0.02155189521730502,1.270563422717686,26.695535714285715,-0.3579500201633229,-0.3579500201633229,1.5567530979902113,4.057953311617807,-23.070216049382715,-241.12096774193552,0.2609866941529235,1.160158283869624,0.5370709602776707,0.5366912722535823,4.445277517442466,0.5091562435215258,-0.018680325399216633,-0.016829533116178068,10.451612903225806,1.7110266159695817,0.6208251473477406,-3.6470588235294117,-0.005565030069114083,-0.10580204778156997,-0.09408194233687406,0.5214285714285715,0.00488310645840998,0.488310645840998,2.5406896551724136,0.09655172413793103,8.03448275862069,2.9082758620689657,12.064137931034482,11.789655172413793,6.622758620689655,-0.04275862068965517,0.40413793103448276,-0.44689655172413795,-0.7734806629834254,-0.5727848101265823,1.5567530979902113,0.7452423157965149,0.9337016574585635,29.922708618331054,0.0503448275862069,Basic Materials
2019-03-31,FCX,2019,Q1,USD,0.12368143459915612,0.08676160337552742,0.17827004219409281,0.08465189873417721,0.048259493670886076,0.020569620253164556,0.008175105485232068,0.007383966244725738,3.1838790931989926,1.2785686802616392,0.744900246581484,0.13306663859353615,0.09235490391875106,2.76778564829073,1.3939020634431782,0.016280472047549316,0.8724976901755467,153.29112903225806,-1.9691387053877827,-1.9691387053877827,1.9429725033220893,5.012684599156118,-198.00104166666668,35.59569288389513,0.24123821817384739,1.0124706122866196,0.5030983340105648,0.5030226060452121,4.196974343248493,0.577125028536641,0.16445950107791807,0.14082278481012658,-0.1797752808988764,3.8322147651006713,2.1986301369863015,178.0,0.053912165572942955,0.8476190476190476,0.7596017069701281,2.3548387096774195,0.003840468011005835,0.3840468011005835,2.613370089593384,0.021364576154376293,6.926946933149552,1.952446588559614,12.29565816678153,12.29565816678153,6.74224672639559,0.3680220537560303,0.4341833218470021,-0.06616126809097174,0.16939890710382513,0.5700934579439252,1.9429725033220893,0.5210936390275724,0.5737704918032787,38.58002958579882,0.05031013094417643,Basic Materials
2019-06-30,FCX,2019,Q2,USD,0.05414551607445008,0.01071630005640158,0.10998307952622674,0.009306260575296108,-0.026508742244782856,-0.02086858432036097,-0.02030456852791878,-0.02030456852791878,3.6556701030927834,1.2326350606394707,0.7662782727895819,0.12294996706078153,0.08630677116292654,2.6567255021302496,1.3247108947048083,0.0120331771885341,0.7982349360925137,-57.687326388888884,0.17387447672143974,0.17387447672143974,1.7111906478525079,4.685265087422447,-224.51283783783782,29.98907942238267,0.2413474176118386,1.0213204243485425,0.5052738853503185,0.5051730288976097,4.231743742918941,0.6341201716738197,0.16859403530127814,0.1562323745064862,-0.13357400722021662,2.9779411764705883,0.25,138.5,0.055869302137958855,0.8821656050955414,0.7902995720399429,-1.0138888888888888,0.004393897899054711,0.43938978990547106,2.4438318401102688,-0.04962095106822881,6.924879393521709,1.8077188146106133,12.279117849758787,12.279117849758787,6.691247415575465,0.3818056512749828,0.4328049620951068,-0.05099931082012405,0.7659574468085106,-2.8484848484848486,1.7111906478525079,0.5968478296852947,0.1595744680851064,61.2998717948718,0.05031013094417643,Basic Materials
2019-09-30,FCX,2019,Q3,USD,0.08464328899637243,-0.007859733978234583,0.08948004836759371,0.03536880290205562,0.0018137847642079807,-0.07103990326481258,-0.039600967351874246,-0.06257557436517533,4.52530779753762,1.099092558983666,0.6829048263419035,0.1127855438117968,0.080555217338366,2.4851190476190474,1.1654761904761906,0.008152985871003543,0.66875,-25.690458003091603,-0.29293027975938923,-0.29293027975938923,1.4140546211785714,4.069467954540508,-30.251235940719102,60.09732140008929,0.24154389382685987,1.0419117647058824,0.5102628736046093,0.5101620787239516,4.313550420168068,0.6340808894000384,0.06666666666666667,0.06771463119709795,-1.9866071428571428,1.1496062992125984,0.9512195121951219,56.0,0.022582921665490474,0.33482810164424515,0.30229419703103916,-0.549618320610687,0.005348467518023089,0.5348467518023089,2.351658768887042,-0.09312796212944453,7.138862562625054,1.5973933656859685,12.538862565184296,12.538862565184296,6.767772515055817,0.15924170623660744,0.4755924172870106,-0.3163507110504032,-21.833333333333332,0.05128205128205128,1.4140546211785714,0.7368256848787641,25.0,71.39797295141892,0.05118483414748096,Basic Materials
2019-12-31,FCX,2019,Q4,USD,0.13065712094093582,0.14957811301457427,0.2296087957044234,0.1981590386090514,0.0935822040398875,0.009460496036819227,0.002301201738685758,0.002301201738685758,3.3513281919451585,2.0556227327690446,0.8590197069226883,0.13219983775013522,0.09583670268813252,2.4306637581801183,1.1972577126830788,0.017122554685159025,0.6294795886569025,529.1733333333333,-4.9613330647868406,-4.9613330647868406,2.0488535168853517,4.8709383789312195,-34.324756756756756,112.06023529411763,0.2407802200494989,1.0567864056786405,0.5138046433800461,0.5136774935927612,4.389008388900839,0.8164074731238911,0.05297600498597694,0.04346714395295321,-3.264705882352941,2.5401785714285716,3.538812785388128,34.0,0.01730103806228374,0.23448275862068965,0.21303258145363407,8.11111111111111,0.0038319727205536522,0.3831972720553652,2.693526170798898,0.006198347107438017,6.9180440771349865,1.3911845730027548,12.016528925619834,11.739669421487603,6.403581267217631,0.11707988980716254,0.49931129476584024,-0.3822314049586777,0.02459016393442623,0.472258064516129,2.0488535168853517,0.5157940267419203,0.8989071038251366,29.906726057906457,0.05027548209366391,Basic Materials
2020-03-31,FCX,2020,Q1,USD,-0.11079342387419586,-0.17333809864188707,-0.05682630450321658,-0.1690493209435311,-0.2187276626161544,-0.19621157969978556,-0.17548248749106504,-0.17655468191565404,2.5298372513562386,1.2608519269776877,0.8064348728593669,0.09358172514130908,0.06956910912752678,2.34075723830735,1.1145402481705378,-0.006449948400412796,0.5097041043588928,-4.990325865580448,0.0008937036501039507,0.0008937036501039507,1.1068322981366459,3.5028591851322375,-15.125,-257.92105263157896,0.2504786295034685,1.1376623376623376,0.5321992709599028,0.526065082423464,4.541953698475438,0.6355479840999432,-0.012090359529112313,-0.013581129378127233,17.05263157894737,-0.2661290322580645,-3.7244094488188977,-0.15510204081632653,-0.003772086559459996,-0.06229508196721312,-0.055636896046852125,-0.14867617107942974,0.007448219569431691,0.7448219569431691,1.9269972451790633,-0.3381542699724518,7.0254820936639115,1.103305785123967,11.682506887052341,11.682506887052341,6.098484848484849,-0.026170798898071626,0.4201101928374656,-0.4462809917355372,0.8022875816993464,1.2938689217758985,1.1068322981366459,1.0278543005815732,0.09803921568627451,-114.9245283018868,0.05027548209366391,Basic Materials
2020-06-30,FCX,2020,Q2,USD,0.1444007858546169,0.10870988867059594,0.22593320235756384,0.10510805500982318,0.0710543549443353,0.03962017026850033,0.017354289456450556,0.016371971185330715,2.2406456346294936,1.057466612707406,0.6858267716535433,0.10201763762693747,0.07591349739000745,2.4621472814865797,1.1510667584308327,0.01781148429035753,0.5041293874741913,79.29816037735849,-0.7161055651607405,-0.7161055651607405,1.8775083761447398,5.504652914210871,-466.97805555555556,34.238716904276984,0.24643301019139946,1.1072146526691982,0.525439898240407,0.5231654063265524,4.492964038418584,0.7217298830202056,0.1689607708189952,0.16077275703994762,-0.07331975560081466,2.897560975609756,2.791304347826087,5.455555555555556,0.04952592293726044,0.9316888045540797,0.9316888045540797,0.0,0.0,0.0,2.101858224363386,0.0364762560220234,6.902271163110806,1.0082587749483827,11.806607019958706,11.806607019958706,6.162422573984859,0.3379215416379904,0.36269786648313834,-0.02477632484514797,0.24423963133640553,0.67601246105919,1.8775083761447398,0.589725546227785,0.4423963133640553,36.609,0.0,Basic Materials
2020-09-30,FCX,2020,Q3,USD,0.25525837444819527,0.21890418073227733,0.3212152687613607,0.22851207478576993,0.18774344326149053,0.11062061802129317,0.08543235523240716,0.08543235523240716,2.8378776713338247,1.132254243979471,0.736896197327852,0.1287486209086958,0.09370057665636633,2.6069121447028425,1.3498062015503876,0.03060706121412243,0.7761627906976745,17.268176291793313,0.03257304571836981,0.03257304571836981,2.4833264124139443,5.901043884705271,28.370686641697876,18.370994341147938,0.24404486727170976,1.096055075947984,0.522913299619415,0.5217414027385805,4.4912031471970275,0.8349956634865568,0.3995478036175711,0.3212152687613607,0.6475343573160873,5.62874251497006,7.333333333333333,26.319148936170212,0.12333000997008974,2.8371559633027523,2.8371559633027523,0.0,0.0,0.0,2.650378527185134,0.2264280798348245,6.98554714384033,1.653819683413627,12.028217481073641,12.028217481073641,6.298004129387474,0.8513420509291122,0.30006882312456984,0.5512732278045424,0.45504840940525587,0.821590909090909,2.4833264124139443,0.44136569017624705,0.4107883817427386,24.536717865804366,0.0,Basic Materials
2020-12-31,FCX,2020,Q4,USD,0.31790878754171303,0.3793103448275862,0.4760845383759733,0.38020022246941043,0.3268075639599555,0.19087875417130146,0.1575083426028921,0.1575083426028921,3.1834277620396603,2.0814663951120163,0.7875674287182122,0.150747870413844,0.1066581245254366,2.722563652326602,1.5832601697395376,0.048688021809507584,1.0702370500438982,13.395889830508475,0.11850210234680578,0.11850210234680578,3.7288342834676627,8.439857619577309,40.401661341853035,28.588666164280333,0.2304242596810934,0.9544918419500688,0.48835805883832034,0.48748173895521635,4.142323569884018,0.8277322530153761,0.3883523558677202,0.29521690767519465,0.707611152976639,5.662962962962963,7.241525423728813,39.029411764705884,0.13664916074554628,3.420103092783505,2.8973799126637556,0.09887005649717515,0.0018451565694427312,0.1845156569442731,3.0829903978052124,0.48559670781893005,6.822359396433471,2.5082304526748973,12.803840877914952,12.52880658436214,6.978052126200274,0.9101508916323731,0.2661179698216735,0.6440329218106996,0.48196051735874745,0.8595669982445875,3.7288342834676627,0.25597593494083376,0.415929203539823,20.556616822429906,0.04801097393689986,Basic Materials
2021-03-31,FCX,2021,Q1,USD,0.3389690721649484,0.3181443298969072,0.40371134020618554,0.31587628865979384,0.28824742268041237,0.19649484536082473,0.14804123711340206,0.1472164948453608,2.7401129943502824,1.1186322400558268,0.7734620024125453,0.16288832913518053,0.11112893247485278,2.3543699848189115,1.4554326610279766,0.04723722476111342,0.9932769464324441,16.786044568245124,0.0,0.0,4.414791208791209,9.940107216494845,68.38229787234043,44.84606511627907,0.22475540178264555,0.8982600732600733,0.47320179458729317,0.4559856523688537,3.9966117216117216,0.7996043195119941,0.2331381479071785,0.22164948453608246,0.6558139534883721,1.8913857677902621,10.565517241379311,1.638719512195122,0.10959323070649403,2.9054054054054053,2.9054054054054053,0.0,0.0,0.0,3.3128415300546448,0.49043715846994534,6.799180327868853,3.128415300546448,13.369535519125684,13.369535519125684,7.459016393442623,0.7342896174863388,0.2527322404371585,0.48155737704918034,0.5135908440629471,0.912532637075718,4.414791208791209,0.20346603741335736,0.3168812589413448,27.292400408580185,0.0,Basic Materials
2021-06-30,FCX,2021,Q2,USD,0.3823938761308281,0.36116910229645094,0.44450243562978425,0.3596033402922756,0.3354210160055672,0.23051496172581767,0.1884133611691023,0.1884133611691023,3.4255065554231225,1.1429491307147457,0.8416311047889995,0.19265317066630916,0.12650761510696365,2.27953681925095,1.516374163198842,0.06391575854046773,1.142210964356794,12.575595567867037,0.24648167313019398,0.24648167313019398,4.535632337024395,9.477640918580375,27.766299694189602,22.7463382045929,0.21337705783959857,0.8071767546415786,0.4466506956601861,0.4183253426316044,3.7828657064357674,0.8632574904257716,0.43332730233399674,0.4166666666666667,0.8192066805845512,1.6199170124481328,13.966216216216216,2.2658467360454115,0.24703455389375967,5.531177829099307,4.4025735294117645,0.10249307479224377,0.002037539181327771,0.2037539181327771,3.915531335149864,0.7377384196185286,6.705040871934605,4.300408719346049,14.260899182561309,14.260899182561309,8.181880108991825,1.6314713896457766,0.2949591280653951,1.3365122615803815,0.5617219917012448,0.9327527818093856,4.535632337024395,0.1779634447114661,0.31275933609958506,22.64558904109589,0.07561307901907358,Basic Materials
2021-09-30,FCX,2021,Q3,USD,0.41624198586223904,0.41065263850073974,0.4974519151734342,0.4047345060003288,0.387966463915831,0.28472793029755056,0.22998520466874897,0.22998520466874897,3.9967148488830486,1.204136995591726,0.8618932038834951,0.20207959604013023,0.12965449623803738,2.497012493210212,1.7510411008509867,0.07902074961043222,1.3891001267427123,8.533602573266618,0.30070790020082366,0.30070790020082366,3.5762779899648023,7.850409337497945,33.5351404494382,24.302310432569975,0.20600208879510626,0.72380738410844,0.4198887826918064,0.3963654446001537,3.5135924511345764,0.793089960886571,0.35578489951113523,0.32303139898076605,0.7246819338422392,2.3169082125603864,17.840579710144926,2.190635451505017,0.2033109156751164,3.632162661737523,3.023076923076923,0.07791279485346676,0.002282529394371659,0.22825293943716593,4.143732970027248,0.9529972752043597,6.677792915531335,5.226158038147139,15.348092643051771,15.348092643051771,9.096049046321525,1.3385558583106267,0.3685286103542234,0.9700272479564033,0.5927966101694915,0.958570268074736,3.5762779899648023,0.20239125317983567,0.26610169491525426,16.439867812293457,0.07425068119891008,Basic Materials
2021-12-31,FCX,2021,Q4,USD,0.3960090850097339,0.34782608695652173,0.4399740428293316,0.3739454899415964,0.3200843608046723,0.21868916288124596,0.17942894224529526,0.17942894224529526,3.5384615384615383,1.8294840294840296,0.8278852568378919,0.20313066403031801,0.1283578359918371,2.516972165648337,1.753733876442634,0.0669519657641083,1.3693143245078072,13.743356690777574,-0.6871678345388789,-0.6871678345388789,4.349113733905579,9.863823815704087,40.29198807157057,26.666934210526314,0.19678480696347508,0.6759656652360515,0.4033290653008963,0.3937028363257871,3.435050071530758,0.7164942461931885,0.3869653767820774,0.3698896820246593,0.6618421052631579,3.8434622467771637,13.47953216374269,6.129032258064516,0.24126984126984127,2.9571984435797667,2.5850340136054424,0.1003616636528029,0.0018256395782871259,0.1825639578287126,4.230610844200412,0.7590940288263556,6.6032944406314344,5.5374056280027455,15.798901853122855,15.516129032258064,9.595058339052848,1.5648592999313657,0.5291695264241593,1.0356897735072066,0.560567663456665,0.8559652928416486,4.349113733905579,0.1554260722055256,0.31677648251393814,22.92869100294985,0.07618393960192175,Basic Materials
2022-03-31,FCX,2022,Q1,USD,0.4488868696047251,0.43010752688172044,0.5041647735877631,0.42541269120096925,0.41087384522186887,0.28835377858549144,0.23125851885506588,0.23125851885506588,3.3331650681474003,1.1504900411002212,0.8170184104176021,0.2150254005470887,0.13521870904325034,2.370932754880694,1.6808180973039974,0.08132311415893505,1.2919119925627518,11.848673870333988,0.3105169703949597,0.3105169703949597,4.868269877572986,10.960427078600636,74.76415289256198,42.79816676522768,0.19702244429882046,0.6471814879591014,0.3929023563523502,0.35706253784274716,3.2848109780707655,0.7424940964803778,0.262008057018903,0.25609571406936243,0.5724423418095801,1.6789544235924934,22.118110236220474,1.2388278388278389,0.17576135536846482,2.338865836791148,1.7932131495227996,0.14407334643091027,0.003039862266604211,0.30398622666042113,4.538144329896907,1.0494845360824743,6.699656357388316,5.730584192439863,16.523711340206187,16.523711340206187,10.217182130584192,1.1621993127147767,0.49690721649484537,0.6652920962199312,0.5628455584224106,0.9658241367034532,4.868269877572986,0.13293870394090507,0.30372281607077034,22.125172724541905,0.15120274914089346,Basic Materials
2022-06-30,FCX,2022,Q2,USD,0.34859675036927623,0.32403988183161003,0.41765140324963074,0.3205317577548006,0.2952363367799114,0.19165435745937962,0.155096011816839,0.155096011816839,3.8356940509915014,0.9156501427459123,0.7554603854389722,0.17358974358974358,0.1080757488076946,2.7279163857046527,1.9406608226567768,0.05167651346581754,1.600134861766689,12.600958333333335,-0.28151077127659574,-0.28151077127659574,2.8436577338975084,7.81743353028065,55.85649076517151,26.119198025909935,0.22133977211502007,0.7449795150782457,0.4269273700011547,0.4030790201659784,3.3657733897508226,0.567179809404126,0.27326365475387726,0.2992983751846381,0.4676125848241826,1.416247906197655,11.128205128205128,1.5616570327552985,0.14614136314460874,1.8783314020857473,1.4995374653098983,0.25952380952380955,0.00514889031966106,0.514889031966106,3.742916378714582,0.580511402902557,7.77332411886662,6.559778852798894,16.618521078092606,16.618521078092606,10.289564616447823,1.120248790601244,0.5964063579820318,0.5238424326192122,0.525328330206379,0.9210829493087558,2.8436577338975084,0.26197931846642425,0.35709818636647905,19.42494252873563,0.15065653075328264,Basic Materials
2022-09-30,FCX,2022,Q3,USD,0.2206675994403358,0.20127923246052368,0.3028183090145912,0.19228462922246653,0.17329602238656805,0.11193284029582251,0.1103337997201679,0.08075154907055766,3.764484574868322,0.9878388649607297,0.8090890226188006,0.15725781102659206,0.10020630119975164,2.5625937656276045,1.7592932155359227,0.04117144410782257,1.4299049841640274,17.712513586956522,-0.5406977831807782,-0.5406977831807782,2.6153022602648117,7.817155706576054,-501.4003846153846,51.59529023746702,0.21411260440242755,0.7148589006285944,0.41686164404929027,0.3924102064033805,3.338705363113548,0.5098858540562576,0.1263543923987331,0.15150909454327405,-0.10290237467018469,1.023890784982935,6.871428571428571,0.7344961240310077,0.07090739008419084,0.9066985645933014,0.7219047619047619,0.38768115942028986,0.005471854086618428,0.5471854086618428,3.496156533892383,0.3857442348008386,7.568134171907757,5.994409503843466,16.897973445143258,16.897973445143258,10.450034940600979,0.5296995108315863,0.5842068483577918,-0.05450733752620545,0.6366782006920415,0.9012474012474012,2.6153022602648117,0.27333701021472423,0.3633217993079585,27.208732673267328,0.14954577218728163,Basic Materials
2022-12-31,FCX,2022,Q4,USD,0.3013199027440083,0.2905522750955193,0.3799930531434526,0.2657172629385203,0.26675929142063215,0.16967697117054534,0.17002431399791595,0.12104897533865926,3.207799442896936,1.489448352462051,0.7766409266409267,0.17647960278297115,0.11269645548313859,2.460677698975571,1.644286840031521,0.05697505911067043,1.283845547675335,13.876404494382022,0.18661371561410303,0.18661371561410303,3.4934104789456764,9.437304619659605,2470.0,50.83255378858747,0.2078562621102695,0.682738669238187,0.405730659025788,0.38121568939454215,3.2846673095467693,0.6177448771591031,0.16847911741528762,0.1856547412295936,0.0205799812909261,1.389267461669506,11.167883211678832,1.0308582449373191,0.10065913370998117,1.0210124164278893,0.8477398889770024,0.21859039836567926,0.003938167096061833,0.3938167096061833,4.026573426573426,0.6846153846153846,7.522377622377622,6.046153846153846,17.392307692307693,17.1013986013986,10.877622377622378,0.7475524475524475,0.7321678321678322,0.015384615384615385,0.6373697916666666,1.003921568627451,3.4934104789456764,0.19543614280456387,0.3626302083333333,25.96617915904936,0.14965034965034965,Basic Materials
2023-03-31,FCX,2023,Q1,USD,0.3386528112822416,0.3134162182223047,0.38745592874373724,0.2970866580070514,0.28539617739840417,0.19465578029318983,0.1928001484505474,0.12302839116719243,3.2001187648456058,0.9290928050052137,0.6212306083318808,0.16251997949274707,0.10585554617061817,2.7922741904942248,1.705926907782617,0.05692569573651083,1.2974815375875781,14.105878248315687,1.9183994417709345,1.9183994417709345,3.6509952045836704,10.878461681202449,-825.6905633802816,55.832409523809524,0.18925926653440453,0.6000498225073176,0.3750194613109139,0.3738252154584097,3.170517531294762,0.5753483158063311,0.19882597992804393,0.19484134347745408,-0.06761904761904762,7.945,10.602649006622517,21.428571428571427,0.10897768552153607,0.936663693131133,0.7847533632286996,0.2088546679499519,0.00370155378263828,0.370155378263828,3.7606420097697137,0.7250523377529658,6.829030006978367,4.781577110956036,17.89811584089323,17.89811584089323,11.205163991625959,0.732728541521284,0.782274947662247,-0.04954640614096301,0.6755526657997399,0.9606495940037476,3.6509952045836704,0.16435239951944622,0.32444733420026006,29.40949712643678,0.15143056524773202,Basic Materials
2023-06-30,FCX,2023,Q2,USD,0.2860379989541572,0.2508279588635175,0.34617395851490323,0.24577305211783163,0.22102143977688687,0.12741851141711696,0.1270698971587938,0.05978734530242287,5.253663003663004,1.1246567819879187,0.7049913941480207,0.16950805141084355,0.11269570000196437,2.9358813700918964,1.7224310776942355,0.05128617363344051,1.39578111946533,19.670781893004115,-0.6527123082678639,-0.6527123082678639,3.5403036662140477,9.998256928708384,112.47058823529412,34.285714285714285,0.1865165890741941,0.5860387606468337,0.3694983850254894,0.36858924395947,3.1420195037649674,0.6124693071420946,0.34941520467836257,0.29161582708732786,0.30484160191273163,6.956730769230769,8.24561403508772,45.21621621621622,0.17619799894681412,1.4385210662080825,1.2140783744557329,0.29492455418381347,0.0037482566248256627,0.3748256624825662,4.000697350069735,0.5083682008368201,6.7405857740585775,4.660390516039052,18.149930264993028,18.149930264993028,11.298465829846583,1.1666666666666667,0.8110181311018131,0.35564853556485354,0.5749211356466877,0.8992907801418439,3.5403036662140477,0.1655334728033473,0.4250788643533123,30.298086606243707,0.1499302649930265,Basic Materials
2023-09-30,FCX,2023,Q3,USD,0.29842032967032966,0.2692307692307692,0.36074862637362637,0.25618131868131866,0.25274725274725274,0.16552197802197802,0.0779532967032967,0.07709478021978022,4.55,1.0972073039742212,0.686838124054463,0.16864050962791372,0.1127633209417596,2.896502057613169,1.6724279835390947,0.03952584998598374,1.1820987654320987,29.4664922907489,-0.7513955534140969,-0.7513955534140969,3.2511786864329544,9.188040865384615,922.6060344827587,43.293810679611646,0.18209804832713755,0.5714198918524819,0.3636328487472935,0.36277052925006775,3.1379792210948416,0.630098452883263,0.254320987654321,0.21222527472527472,0.04692556634304207,12.16030534351145,15.541666666666666,35.31428571428572,0.1314194577352472,1.0492359932088284,0.8872936109117013,0.473568281938326,0.004017854222904946,0.4017854222904946,4.058536585365854,0.31637630662020905,6.620905923344948,4.2125435540069684,18.590243902439024,18.590243902439024,11.469686411149826,0.8613240418118467,0.8209059233449477,0.04041811846689895,0.30842391304347827,0.9865951742627346,3.2511786864329544,0.17575776263451637,0.3451086956521739,27.211399333650643,0.14982578397212543,Basic Materials
2023-12-31,FCX,2023,Q4,USD,0.3136747715123297,0.3147094326608036,0.3807553026383859,0.27918606656320055,0.29798241076047594,0.17365062941886533,0.06690808760131058,0.06690808760131058,3.4849759615384617,1.6139497161394971,0.6567656765676567,0.16430089247768806,0.11044452062621414,2.4187446259673258,1.3766122098022355,0.03877599618987141,0.9743766122098022,39.333363402061856,-3.0483356636597967,-3.0483356636597967,3.6569448271730662,10.526880496637352,-1453.4614285714285,46.246500000000005,0.1860549270559555,0.5852153597316241,0.3691708865543043,0.34147303641169274,3.1453902833523033,0.6639949619282075,0.22699914015477213,0.22762545266425246,-0.031818181818181815,1.575371549893843,9.198863636363637,1.723237597911227,0.13512130207800185,0.9691629955947136,0.8365019011406845,0.5567010309278351,0.0035383513052093377,0.3538351305209338,4.043933054393306,0.2705718270571827,6.935146443514644,4.160390516039052,19.04463040446304,18.750348675034868,11.640864714086472,0.9205020920502092,0.9497907949790795,-0.029288702928870293,0.22453703703703703,1.067325509573811,3.6569448271730662,0.15434419443371472,0.41898148148148145,29.505606884057972,0.1506276150627615,Basic Materials
2024-03-31,FCX,2024,Q1,USD,0.2806763285024155,0.2838969404186795,0.37971014492753624,0.2466988727858293,0.26956521739130435,0.18711755233494365,0.07616747181964573,0.07616747181964573,2.774798927613941,1.2221614227086184,0.7473648987786515,0.1715611791032406,0.11457987379608103,2.3540047581284695,1.4060269627279935,0.04093051776338481,0.9741475019825535,35.922769556025365,1.6165246300211422,1.6165246300211422,4.004352795616567,10.94458615136876,105.86585669781931,35.846983122362865,0.17389940588213587,0.5552937017616214,0.357034623835139,0.3377424011861563,3.1931891828197725,0.7398582236254244,0.3007137192704203,0.30531400966183575,0.33860759493670883,2.1515151515151514,17.213483146067414,2.4655396618985694,0.20116710875331564,1.5119617224880382,1.2880434782608696,0.4608879492600423,0.003207491759100302,0.3207491759100302,4.3245125348189415,0.3293871866295265,6.625348189415042,4.346796657381615,19.571727019498606,19.571727019498606,11.819637883008356,1.3203342618384402,0.8732590529247911,0.44707520891364905,0.28255675029868577,1.0926892950391645,4.004352795616567,0.13867252215376302,0.3058542413381123,30.215810008481764,0.15181058495821728,Basic Materials
2024-06-30,FCX,2024,Q2,USD,0.3321256038647343,0.3197463768115942,0.39658816425120774,0.30932971014492755,0.3064613526570048,0.1932367149758454,0.0929951690821256,0.0929951690821256,4.25706940874036,1.131457800511509,0.683348779734322,0.1800782949108308,0.12124096275281412,2.399282920469361,1.3441981747066494,0.04335427184091872,1.0109191655801826,28.212970779220775,0.9310280357142857,0.9310280357142857,3.9942978625603303,10.494679951690822,82.75804761904762,35.54026584867075,0.1725267685549556,0.541599632268444,0.3513231457323891,0.3322078121402809,3.139220868765801,0.773696198096128,0.31877444589308995,0.29528985507246375,0.4294478527607362,2.1880841121495327,23.28409090909091,2.546875,0.207511139401655,1.7526881720430108,1.469571750563486,0.349025974025974,0.003092779352777661,0.3092779352777661,4.612813370473537,0.42896935933147634,6.625348189415042,4.389275766016713,19.97632311977716,19.97632311977716,12.119777158774374,1.3621169916434541,0.7771587743732591,0.584958217270195,0.30344827586206896,0.9907271839921913,3.9942978625603303,0.13559320083387086,0.37142857142857144,27.68928816140084,0.14972144846796656,Basic Materials
2024-09-30,FCX,2024,Q3,USD,0.30559646539027985,0.29970544918998526,0.38807069219440354,0.28541973490427097,0.2891016200294551,0.1820324005891016,0.07746686303387335,0.07746686303387335,4.383473208521627,1.2330020920502092,0.7318019556107404,0.17986754966887417,0.12256317689530685,2.3283175924443733,1.2969425324155595,0.04243611969548504,0.8003841844085161,34.28441064638783,-2.106042368278109,-2.106042368278109,4.110690677000228,10.623622974963181,107.18335809806835,38.53333333333333,0.17471119133574006,0.5515728288124003,0.35549270944283246,0.3367601481593469,3.157054935035332,0.8043117744610282,0.2996638386425484,0.275699558173785,0.359508547008547,2.256837098692033,26.916666666666668,2.434330299089727,0.19340840995970657,1.561301084236864,1.3229681978798586,0.41064638783269963,0.0029944104338568,0.29944104338568,4.698961937716263,0.36401384083044985,6.7480968858131485,4.233217993079585,19.976470588235294,19.976470588235294,12.143944636678201,1.2955017301038063,0.829757785467128,0.4657439446366782,0.26795720835455933,1.0128998968008256,4.110690677000228,0.13418008606157394,0.37544574630667343,29.151195445920305,0.14948096885813147,Basic Materials
2024-12-31,FCX,2024,Q4,USD,0.2491258741258741,0.229020979020979,0.3229020979020979,0.2173076923076923,0.21678321678321677,0.12604895104895106,0.0479020979020979,0.0479020979020979,9.896193771626297,1.539978486912872,0.6308754406580493,0.14851742223607,0.10428821470245041,2.4192139737991267,1.180494905385735,0.03110855389336402,0.7137918486171762,49.92788321167883,-1.0572963503649635,-1.0572963503649635,3.112505545759627,9.5666013986014,277.7713705583756,38.10651810584958,0.17754521586931155,0.5538934076559923,0.35645521431970423,0.3362654787073392,3.1197315283544738,0.7106472853770655,0.2612809315866084,0.25104895104895103,0.1371866295264624,11.954954954954955,17.757142857142856,35.02439024390244,0.1474635448757445,1.158999192897498,0.9869415807560138,0.7883211678832117,0.003947299170189996,0.3947299170189997,3.9805149617258175,0.1906750173973556,6.825330549756437,2.7299930410577593,20.026443980514962,19.728601252609604,12.234516353514266,0.9993041057759221,0.8622129436325678,0.1370911621433542,0.22096774193548388,0.997586484312148,3.112505545759627,0.16352052303175968,0.41935483870967744,32.77528965890633,0.15031315240083507,Basic Materials
2025-03-31,FCX,2025,Q1,USD,0.2561103351955307,0.23760474860335196,0.3189594972067039,0.2274790502793296,0.2253840782122905,0.13809357541899442,0.061452513966480445,0.061452513966480445,4.379204892966361,1.044874938695439,0.6023466214305909,0.14612244897959184,0.10224554639248866,2.322396096247686,1.1320881709574289,0.03051327961802447,0.8152448258455326,38.828011363636364,1.4754644318181822,1.4754644318181822,3.0907869742198097,9.5443156424581,-479.56,51.67281663516068,0.1678626253971654,0.531659882406151,0.3471135390521187,0.33496258976576304,3.1672320217096335,0.7315920556868255,0.17802456671714623,0.18470670391061453,-0.10775047258979206,2.348672566371681,18.614285714285714,2.1373737373737374,0.11250531688643131,0.9027303754266212,0.7611510791366907,0.6193181818181818,0.003987573404275557,0.39875734042755573,3.966759002770083,0.24376731301939059,6.5609418282548475,3.3552631578947367,20.23130193905817,20.23130193905817,12.249307479224377,0.7326869806094183,0.8116343490304709,-0.07894736842105263,0.2726568551510457,0.9907904834996163,3.0907869742198097,0.17201440501746484,0.3872966692486445,32.41863163656267,0.15096952908587258,Basic Materials
2025-06-30,FCX,2025,Q2,USD,0.2561103351955307,0.0,-0.571927374301676,-0.4245810055865922,-0.4174231843575419,0.0,-0.8170391061452514,0.061452513966480445,-6.087141339001063,0.0,0.0,-0.14379314673026233,-0.10139488777171989,2.4653769661905622,2.4653769661905622,0.20184178743961353,0.8533719038148617,3.343878205128205,0.027673474801061006,0.027673474801061006,3.437906414762742,-10.928317039106146,18.591446391446393,28.518177676537587,0.005983148056361963,0.018563268892794377,0.018224954168014666,0.0,3.102592267135325,-0.7176146329240792,0.39685409510034353,-0.38320530726256985,1.5339407744874716,44.189655172413794,-10.954954954954955,6.494082840236686,6.494082840236686,1.8728668941979523,1.579136690647482,0.04658119658119658,0.0034825727586129773,0.3482572758612978,-3.966759002770083,3.2409972299168976,0.08033240997229917,3.268698060941828,20.77285318559557,20.77285318559557,12.609418282548477,1.5200831024930748,0.8116343490304709,2.331717451523546,1.9573400250941029,0.983141447368421,3.437906414762742,0.005399585286289846,-0.7737348389795065,17.77026862026862,0.15096952908587258,Basic Materials
