date,symbol,fiscalYear,period,reportedCurrency,grossProfitMargin,ebitMargin,ebitdaMargin,operatingProfitMargin,pretaxProfitMargin,continuousOperationsProfitMargin,netProfitMargin,bottomLineProfitMargin,receivablesTurnover,payablesTurnover,inventoryTurnover,fixedAssetTurnover,assetTurnover,currentRatio,quickRatio,solvencyRatio,cashRatio,priceToEarningsRatio,priceToEarningsGrowthRatio,forwardPriceToEarningsGrowthRatio,priceToBookRatio,priceToSalesRatio,priceToFreeCashFlowRatio,priceToOperatingCashFlowRatio,debtToAssetsRatio,debtToEquityRatio,debtToCapitalRatio,longTermDebtToCapitalRatio,financialLeverageRatio,workingCapitalTurnoverRatio,operatingCashFlowRatio,operatingCashFlowSalesRatio,freeCashFlowOperatingCashFlowRatio,debtServiceCoverageRatio,interestCoverageRatio,shortTermOperatingCashFlowCoverageRatio,operatingCashFlowCoverageRatio,capitalExpenditureCoverageRatio,dividendPaidAndCapexCoverageRatio,dividendPayoutRatio,dividendYield,dividendYieldPercentage,revenuePerShare,netIncomePerShare,interestDebtPerShare,cashPerShare,bookValuePerShare,tangibleBookValuePerShare,shareholdersEquityPerShare,operatingCashFlowPerShare,capexPerShare,freeCashFlowPerShare,netIncomePerEBT,ebtPerEbit,priceToFairValue,debtToMarketCap,effectiveTaxRate,enterpriseValueMultiple,dividendPerShare,sector
1985-09-30,PGR,1985,Q3,USD,1,0.0,0.0,0.0,0.0,0.033707865168539325,0.033707865168539325,0.033707865168539325,0.0,0,0,0.0,0.0,0.0,0.0,0.0,0.0,21.626126130219642,0.0,0.0,0.0,2.9158821748610753,0.0,0.0,0.0,0.0,0.0,0.0,0.0,0.0,0.0,,0.0,0.0,0.0,0.0,0.0,0.0,0.0,2.1641641645738097,0.025017936078131874,2.501793607813187,0.1481849999719507,0.004994999999054518,,,,,,,,,0.0,0.0,0.0,,0.0,0.0,0.01081,Financial Services
1985-12-31,PGR,1985,Q4,USD,1,0.0,0.0,0.0,0.0,0.054241200230813615,0.054241200230813615,0.054241200230813615,0.0,0,0,0.0,0.21373951652688702,0.0,0.0,0.05923125393824827,0.0,12.252461797241223,0.09881017578420342,0.09881017578420342,3.8909844896644423,2.6583529346582226,0.0,0.0,0.19573260976813023,1.3403716216216217,0.5727174305304944,0.5727174305304944,6.847972972972973,0.0,0.0,,0.0,0.0,0.0,0.0,,0.0,0.0,0.92788841465,0.018932693486522937,1.8932693486522936,0.2147833692644758,0.011650107738523213,0.19668852107485466,0.0,0.808195240030956,0.808195240030956,0.14674178257884557,,,,0.0,0.0,3.8909844896644423,0.34448135817092784,0.0,0.0,0.01081,Financial Services
1986-03-31,PGR,1986,Q1,USD,1,0.0,0.0,0.0,0.0,0.09157754010695188,0.09157754010695188,0.09157754010695188,0.0,0,0,0.0,0.0,0.0,0.0,0.0,0.0,15.118806313236679,0.8063363367059562,0.8063363367059562,0.0,5.538172366078676,0.0,0.0,0.0,0.0,0.0,0.0,0.0,0.0,0.0,,0.0,0.0,0.0,0.0,0.0,0.0,0.0,0.8115615619335766,0.013419736074385808,1.3419736074385809,0.14545051088223143,0.01331999999389419,,,,,,,,,0.0,0.0,0.0,,0.0,0.0,0.01081,Financial Services
1986-06-30,PGR,1986,Q2,USD,1,0.0,0.0,0.0,0.0,0.11316113161131611,0.11316113161131611,0.11316113161131611,0.0,0,0,0.0,0.0,0.0,0.0,0.0,0.0,12.41741742185462,0.3303033034213328,0.3303033034213328,0.0,5.62067602858856,0.0,0.0,0.0,0.0,0.0,0.0,0.0,0.0,0.0,,0.0,0.0,0.0,0.0,0.0,0.0,0.0,0.26208026217391306,0.005276464768605035,0.5276464768605035,0.1618488586378176,0.018314999993455372,,,,,,,,,0.0,0.0,0.0,,0.0,0.0,0.0048000000000000004,Financial Services
1986-09-30,PGR,1986,Q3,USD,1,0.0,0.0,0.0,0.0,0.06937394247038917,0.06937394247038917,0.06937394247038917,0.0,0,0,0.0,0.0,0.0,0.0,0.0,0.0,20.40690690031199,-0.5658278731450145,-0.5658278731450145,0.0,5.662830341203327,0.0,0.0,0.0,0.0,0.0,0.0,0.0,0.0,0.0,,0.0,0.0,0.0,0.0,0.0,0.0,0.0,0.411840411707317,0.005045355645017185,0.5045355645017185,0.16800256102990327,0.011655000003766555,,,,,,,,,0.0,0.0,0.0,,0.0,0.0,0.0048,Financial Services
1986-12-31,PGR,1986,Q4,USD,1,0.0,0.0,0.0,0.0,0.014026402640264026,0.014026402640264026,0.014026402640264026,0.0,0,0,0.0,0.19143895119254462,0.0,0.0,0.03373015873015873,0.0,63.91551175065,-0.8797782205677706,-0.8797782205677706,2.791428901120231,3.5860188110925746,0.0,0.0,0.0796082767335334,0.3236994219653179,0.2445414847161572,0.2445414847161572,4.066152858060373,0.0,0.0,,0.0,0.0,0.0,0.0,,0.0,0.0,1.4251446719999998,0.0055743302093857776,0.5574330209385778,0.24012422838843014,0.0033680791110588387,0.09985363952786204,0.0,1.1544586458905794,1.1544586458905794,0.3084764221128595,,,,0.0,0.0,2.791428901120231,0.1159619081952665,0.0,0.0,0.0048,Financial Services
1987-03-31,PGR,1987,Q1,USD,1,0.0,0.0,0.0,0.0,0.09694364851957975,0.09694364851957975,0.09694364851957975,0.0,0,0,0.0,0.0,0.0,0.0,0.0,0.0,10.154585332415763,0.02043690129794368,0.02043690129794368,0.0,3.9376902053111746,0.0,0.0,0.0,0.0,0.0,0.0,0.0,0.0,0.0,,0.0,0.0,0.0,0.0,0.0,0.0,0.0,0.2506789220098522,0.006171569635877391,0.6171569635877391,0.19751680793754514,0.019148000005406715,,,,,,,,,0.0,0.0,0.0,,0.0,0.0,0.0048,Financial Services
1987-06-30,PGR,1987,Q2,USD,1,0.0,0.0,0.0,0.0,0.09540034071550256,0.09540034071550256,0.09540034071550256,0.0,0,0,0.0,0.0,0.0,0.0,0.0,0.0,9.624855625962054,0.7353389698235006,0.7353389698235006,0.0,3.672858024217206,0.0,0.0,0.0,0.0,0.0,0.0,0.0,0.0,0.0,,0.0,0.0,0.0,0.0,0.0,0.0,0.0,0.01924999806181095,0.0005000074497191955,0.05000074497191955,0.22688598211677538,0.02164499999751179,,,,,,,,,0.0,0.0,0.0,,0.0,0.0,0.000416666208,Financial Services
1987-09-30,PGR,1987,Q3,USD,1,0.0,0.0,0.0,0.0,0.09637625289128758,0.09637625289128758,0.09637625289128758,0.0,0,0,0.0,0.0,0.0,0.0,0.0,0.0,9.419914671607,0.8138806276268451,0.8138806276268451,0.0,3.631424314420586,0.0,0.0,0.0,0.0,0.0,0.0,0.0,0.0,0.0,,0.0,0.0,0.0,0.0,0.0,0.0,0.0,0.1150548812898748,0.0030535011542266685,0.3053501154226668,0.2505077680918562,0.024143000008852757,,,,,,,,,0.0,0.0,0.0,,0.0,0.0,0.00277777,Financial Services
1987-12-31,PGR,1987,Q4,USD,1,0.0,0.0,0.0,0.0,0.07964900438744515,0.07964900438744515,0.07964900438744515,0.0,0,0,0.0,0.16592932743461947,0.0,0.0,0.10880590133702167,0.0,9.293254980842267,-1.7228265002946077,-1.7228265002946077,2.220970304282304,2.960794026971009,0.0,0.0,0.12146497171977376,0.5491139240506329,0.35446968458898515,0.35446968458898515,4.520759493670886,0.0,0.0,,0.0,0.0,0.0,0.0,,0.0,0.0,0.12188017085791822,0.003278726643925355,0.3278726643925355,0.28614283610492286,0.022790992008357002,0.2094646680768065,0.0,1.5150215365555282,1.5150215365555282,0.3814594001398735,,,,0.0,0.0,2.220970304282304,0.24724055201993192,0.0,0.0,0.00277777,Financial Services
1988-03-31,PGR,1988,Q1,USD,1,0.0,0.0,0.0,0.0,0.10650069156293222,0.10650069156293222,0.10650069156293222,0.0,0,0,0.0,0.0,0.0,0.0,0.0,0.0,6.553898687440422,0.2371887144026057,0.2371887144026057,0.0,2.791978970583195,0.0,0.0,0.0,0.0,0.0,0.0,0.0,0.0,0.0,,0.0,0.0,0.0,0.0,0.0,0.0,0.0,0.09533152581989807,0.0036364433738725176,0.3636443373872517,0.2735944675974551,0.02913800000692122,,,,,,,,,0.0,0.0,0.0,,0.0,0.0,0.00277777,Financial Services
1988-06-30,PGR,1988,Q2,USD,1,0.0,0.0,0.0,0.0,0.07664826242286457,0.07664826242286457,0.07664826242286457,0.0,0,0,0.0,0.0,0.0,0.0,0.0,0.0,9.615735386563664,-0.42396651477121594,-0.42396651477121594,0.0,2.9481176371926274,0.0,0.0,0.0,0.0,0.0,0.0,0.0,0.0,0.0,,0.0,0.0,0.0,0.0,0.0,0.0,0.0,0.12357727556928856,0.0032128919578518805,0.32128919578518805,0.29326170336380974,0.022477999998005555,,,,,,,,,0.0,0.0,0.0,,0.0,0.0,0.00277777,Financial Services
1988-09-30,PGR,1988,Q3,USD,1,0.0,0.0,0.0,0.0,0.08202499198974687,0.08202499198974687,0.08202499198974687,0.0,0,0,0.0,0.0,0.0,0.0,0.0,0.0,7.466870740985155,0.5091048232489876,0.5091048232489876,0.0,2.4498800508711307,0.0,0.0,0.0,0.0,0.0,0.0,0.0,0.0,0.0,,0.0,0.0,0.0,0.0,0.0,0.0,0.0,0.10763212961877656,0.003603655847020057,0.3603655847020057,0.31463581236392,0.02580799998883804,,,,,,,,,0.0,0.0,0.0,,0.0,0.0,0.00277777,Financial Services
1988-12-31,PGR,1988,Q4,USD,1,0.0,0.0,0.0,0.0,0.0659012629161883,0.0659012629161883,0.0659012629161883,0.0,0,0,0.0,0.18876511637987084,0.0,0.0,0.0598914858096828,0.0,5.285385476922649,0.4398804687245301,0.4398804687245301,1.454367815797507,1.3932543117123306,0.0,0.0,0.2077066447054744,1.1486097794822627,0.5345827755466309,0.5345827755466309,5.529961649089166,0.0,0.0,,0.0,0.0,0.0,0.0,,0.0,0.0,0.09192076894710384,0.004347874405209116,0.43478744052091156,0.4585523221635014,0.030219177143725576,0.50456549433008,0.0,1.9246562334848776,1.9246562334848776,0.4392836482356206,,,,0.0,0.0,1.454367815797507,0.789765674821688,0.0,0.0,0.00277777,Financial Services
1989-03-31,PGR,1989,Q1,USD,1,0.03554026941817139,0.046718257380338205,0.7515047291487532,0.0,0.0644883920894239,0.0644883920894239,0.0644883920894239,1.7864823348694316,0,0,7.091463414634147,0.13821106005387418,0.0,0.0,0.041127901542296307,0.0,9.422657711992779,-0.425491887307174,-0.425491887307174,1.9260485897782194,2.4306081802216966,16.726611323064102,15.792163763116388,0.2630724132467121,1.5082898024074494,0.6013219847881203,0.593143596377749,5.733363615716557,3.5729646697388633,0.0,0.15391229578675839,0.9441340782122905,0.36127167630057805,21.14516129032258,2.418918918918919,0.0808613160668574,17.9,8.95,0.13333333333333333,0.0035375723444679534,0.3537572344467953,0.34855885325076363,0.022477999994675212,0.6758385331732347,0.0,1.880659332887826,1.880659332887826,0.43986948434024425,0.05364749332062484,0.002997066665956695,0.050650426654668144,0.0,0.0,1.9260485897782194,0.783100597987056,0.0,92.76927571038956,0.002997066665956695,Financial Services
1989-06-30,PGR,1989,Q2,USD,1,0.03506787330316742,0.04694570135746606,0.7661199095022625,0.0,0.08908371040723982,0.08908371040723982,0.08908371040723982,1.6087352138307551,0,0,6.696969696969697,0.13651455486062852,0.0,0.0,0.05615856536101935,0.0,6.496627446414047,0.146174117544316,0.146174117544316,1.8082064463180252,2.3149747122403,18.603978596549318,15.833173273658993,0.24928576943865338,1.4263309034680804,0.5878550619082301,0.5840683572216097,5.721669980119285,1.7036858588291979,0.0,0.146210407239819,0.851063829787234,0.45982142857142855,21.846774193548388,5.17,0.08006814310051108,6.714285714285714,4.877358490566038,0.09206349206349207,0.003542741708019154,0.3542741708019154,0.36446618424763977,0.032468000010748455,0.6783235176848749,0.0,2.0145620959050112,2.0145620959050112,0.4666115430116135,0.05328874922399032,0.007936622224849622,0.0453521269991407,0.0,0.0,1.8082064463180252,0.7888097658165405,0.0,88.20934085832349,0.0029891174613070007,Financial Services
1989-09-30,PGR,1989,Q3,USD,1,0.034385569334836524,0.047068771138669675,0.7443630214205186,0.0,0.06679819616685456,0.06679819616685456,0.06679819616685456,1.4475724194206447,0,0,7.096,0.13468473598299358,0.0,0.0,0.044627314448488685,0.0,11.368511371518988,-0.40160502127648595,-0.40160502127648595,2.3107523113636366,3.0375842108793685,23.53132921441048,22.78509255856237,0.24480886763086968,1.3827186963979416,0.580311347070998,0.575343713011017,5.648156089193825,1.5263497526349752,0.0,0.13331454340473506,0.9682875264270613,0.5714285714285714,21.647540983606557,3.6384615384615384,0.07334470460536517,31.533333333333335,10.75,0.12236286919831224,0.0026908287549604415,0.26908287549604415,0.3489615188950216,0.023309999993833177,0.6462869618543368,0.0,1.9694491134030192,1.9694491134030192,0.45872506316978034,0.04652164555731263,0.0014753164553058973,0.04504632910200673,0.0,0.0,2.3107523113636366,0.5983846427841341,0.0,103.15178910299402,0.0028522784802580683,Financial Services
1989-12-31,PGR,1989,Q4,USD,1,0.03667262969588551,0.050983899821109124,0.7438878950506858,0.0,0.0008944543828264759,0.0008944543828264759,0.0008944543828264759,1.4266269672479797,0,0,6.9154639175257735,0.12671905697445973,0.0,0.0,0.007895959126799815,0.0,906.585156825,-9.18410180609674,-9.18410180609674,2.499775248598346,3.243596267710197,30.559050230056183,26.995091518362283,0.24403052742934864,1.4841452205882353,0.5974470446767182,0.5974470446767182,6.0818014705882355,1.396917950853811,0.0,0.12015503875968993,0.8833746898263027,1.7398373983739837,20.284552845528456,0.0,0.062393559374516176,8.574468085106384,5.373333333333333,9.333333333333334,0.002573760794303123,0.25737607943031227,0.32988075940639866,0.0002950632910611795,0.6473688605882277,0.0,1.9679737969477133,1.9679737969477133,0.42803848089941765,0.039636835432551774,0.004622658226625145,0.03501417720592663,0.0,0.0,2.499775248598346,0.5937114632287097,0.0,101.39194082982456,0.0027539240499043416,Financial Services
1990-03-31,PGR,1990,Q1,USD,1,0.0351288056206089,0.0471311475409836,0.7540983606557377,0.0,0.08021077283372366,0.08021077283372366,0.08021077283372366,1.4328859060402686,0,0,7.591111111111111,0.1294478760089431,0.0,0.0,0.04884478213676539,0.0,8.55617381752281,0.0009167329090203009,0.0009167329090203009,2.0983590297616916,2.745189257612705,63.36193583787162,45.96846325492647,0.24438212891735192,1.4430521369433877,0.5906759479758198,0.5906759479758198,5.90490042515104,1.4428722280887012,0.0,0.059718969555035126,0.7254901960784313,0.8333333333333334,21.466666666666665,0.0,0.03163281128857187,3.642857142857143,2.372093023255814,0.10948905109489052,0.003199124206390593,0.3199124206390593,0.35288277386107625,0.028305000011105065,0.6785968798282817,0.0,2.059860219786259,2.059860219786259,0.4616607483563085,0.02107379562870596,0.005784963505919283,0.015288832122786677,0.0,0.0,2.0983590297616916,0.6877050669004311,0.0,98.30165530437887,0.003099087592456759,Financial Services
1990-06-30,PGR,1990,Q2,USD,1,0.03498120844174617,0.04567794160161896,0.7499277247759468,0.0,0.1063891298063024,0.1063891298063024,0.1063891298063024,1.2730953257269046,0,0,7.808126410835214,0.12830594606624876,0.0,0.0,0.06280043417584122,0.0,7.327327326630435,0.15591230326589572,0.15591230326589572,2.3762559649261954,3.1181919123446082,31.263263260289854,28.383752170526314,0.23921510441781965,1.4207975324961446,0.5869129959956316,0.5869129959956316,5.939413967834325,1.3562046657518134,0.0,0.10985834056085574,0.9078947368421053,0.6033057851239669,21.43801652892562,0.0,0.05892386416498682,10.857142857142858,5.846153846153846,0.08152173913043478,0.0027814281898582657,0.2781428189858266,0.3912523777546028,0.0416250000039589,0.7431419837663314,0.0,2.319915081742383,2.319915081742383,0.5134127038531778,0.042982336960609734,0.003958899456898265,0.03902343750371147,0.0,0.0,2.3762559649261954,0.5979143465465319,0.0,109.08117610632911,0.003393342391627084,Financial Services
1990-09-30,PGR,1990,Q3,USD,1,0.03649425287356322,0.046839080459770116,0.7514367816091954,0.0,0.05201149425287356,0.05201149425287356,0.05201149425287356,1.2668365489625046,0,0,7.820224719101123,0.1304690136092678,0.0,0.0,0.03367473618870267,0.0,16.095709408563536,-0.3219141881712707,-0.3219141881712707,2.856199414656863,3.3486475895977015,21.741219425,20.05730397900172,0.2415926217523338,1.5794117647058823,0.6123147092360319,0.6123147092360319,6.5375,1.273792093704246,0.0,0.16695402298850576,0.9225473321858864,1.3937007874015748,20.590551181102363,0.0,0.09016139044072005,12.911111111111111,8.069444444444445,0.14917127071823205,0.002316941535967144,0.2316941535967144,0.40016154705636986,0.020813000004943374,0.755592392444657,0.0,2.326111475690605,2.326111475690605,0.4691549172385026,0.0668085801263652,0.005174502763659955,0.06163407736270524,0.0,0.0,2.856199414656863,0.552976713250825,0.0,111.02634117668713,0.003104701658195973,Financial Services
1990-12-31,PGR,1990,Q4,USD,1,-0.01290609701824655,0.0,0.7679127725856698,0.0,-0.012349799732977304,-0.012349799732977304,-0.012349799732977304,-3.44367816091954,0,0,0.0,-0.8274719204566379,0.0,0.0,0.017322097378277154,0.0,26.678071316666664,-0.6936298542333332,-0.6936298542333332,2.8996483879069768,-1.317875352091678,-6.2771932509803925,-6.277193250980392,0.5899466028355735,1.5686658506731945,0.6106928428476127,0.6106928428476127,2.658996328029376,-3.3556094829195446,0.0,0.20994659546061414,1.0,1.8189655172413792,-59.5,0.0,-0.29447565543071164,0.0,-67.39285714285714,0.25225225225225223,0.0023638539051234002,0.23638539051234,-1.077491887033348,0.013306809018769654,0.782104703049128,0.0,0.5339506970234238,0.5339506970234238,0.4897145481231895,-0.2262157533190841,0.0,-0.2262157533190841,0.0,0.0,2.8996483879069768,0.5409848508582409,0.0,0.0,0.003356672545275228,Financial Services
1991-03-31,PGR,1991,Q1,USD,1,0.034287333522244265,0.05185604987248512,0.7599886653442902,0.0,0.07282516293567583,0.07282516293567583,0.07282516293567583,1.1751581751581752,0,0,5.941077441077441,0.12808972451090705,0.0,0.0,0.0495034140285537,0.0,13.310391843579765,0.09465167533212278,0.09465167533212278,3.2127454367691946,3.877325818985548,31.74729191461717,27.924658806530612,0.23389350658778266,1.5130312279877907,0.6020741848079978,0.6020741848079978,6.468889410659779,1.257438090147871,0.0,0.13884953244545198,0.8795918367346939,1.2396694214876034,22.165289256198346,0.0,0.07603972687771571,8.305084745762711,5.568181818181818,0.11284046692607004,0.0021194054287082906,0.21194054287082909,0.4229719338956881,0.03080300000317139,0.786854844438989,0.0,2.5298012492876985,2.5298012492876985,0.5104668366284317,0.058729455258964905,0.007071505837303938,0.05165794942166097,0.0,0.0,3.2127454367691946,0.4709465028481457,0.0,109.98405909945355,0.0034758249030815967,Financial Services
1991-06-30,PGR,1991,Q2,USD,1,0.03158458244111349,0.04764453961456103,0.7633832976445396,0.0,0.025963597430406854,0.025963597430406854,0.025963597430406854,1.089848308051342,0,0,5.712538226299694,0.12704458122215798,0.0,0.0,0.024363749224084418,0.0,34.648433891752575,-0.5335858819329897,-0.5335858819329897,2.694646692723993,3.5983919566381157,46.67914010416666,32.789249634146344,0.21913149930288706,1.2916416115454,0.5636315927578064,0.5636315927578064,5.894367608739226,1.1618721816202768,0.0,0.10974304068522484,0.7024390243902439,2.016949152542373,24.16949152542373,0.0,0.06362507759155804,3.360655737704918,2.546583850931677,0.4020618556701031,0.0029010103091976006,0.2901010309197601,0.4168528659677783,0.010822999999698742,0.7321703711136406,0.0,2.562149989619404,2.562149989619404,0.5566592474071858,0.045746701029654474,0.013612432989311819,0.03213426804034265,0.0,0.0,2.694646692723993,0.4793361649351113,0.0,111.72804691011235,0.004351515463796401,Financial Services
1991-09-30,PGR,1991,Q3,USD,1,0.030459473412493547,0.052400619514713476,0.7555498193082085,0.0,0.028910686628807435,0.028910686628807435,0.028910686628807435,1.1310948905109488,0,0,5.0051679586563305,0.1309226089895235,0.0,0.0,0.030590062111801243,0.0,28.74302874419643,3.4491634493035748,3.4491634493035748,2.6588636955193063,3.3239227871450696,48.04804805,27.109214478736845,0.21764109496451503,1.3297542845343795,0.5707701852344235,0.5707701852344235,6.109849266983275,1.1305997373413104,0.0,0.12261228704181724,0.5642105263157895,1.3644067796610169,24.805084745762713,0.0,0.07375776397515528,2.2946859903381642,1.8410852713178294,0.45535714285714285,0.003960587686406265,0.39605876864062656,0.4031381249836225,0.011654999999526516,0.6824418749722758,0.0,2.4090468749021325,2.4090468749021325,0.503974687479526,0.04942968749799192,0.0215409374991249,0.02788874999886702,0.0,0.0,2.6588636955193063,0.5001212686363989,0.0,95.15702895270935,0.005307187499784396,Financial Services
1991-12-31,PGR,1991,Q4,USD,1,-0.02030590717299578,0.0,0.3256856540084388,0.0,-0.036128691983122366,-0.036128691983122366,-0.036128691983122366,1.1729044231364059,0,0,5.035856573705179,0.1272867644590648,0.0,0.0,-0.009316770186335404,0.0,-26.30367593978102,0.11836654172901459,0.11836654172901459,3.095214604895856,3.8012696242088606,30.800030801282052,27.145789858757063,0.2161726695982008,1.382864505046167,0.5803370280255925,0.5803370280255925,6.397036718917758,1.1390808050465606,0.0,0.14003164556962025,0.8813559322033898,0.0,10.206611570247935,0.0,0.08245341614906833,8.428571428571429,4.657894736842105,-0.3722627737226277,0.003538124999856264,0.3538124999856264,0.3946049999839692,-0.014256562499420828,0.6827540624722631,0.0,2.4299634374012826,2.4299634374012826,0.48461906248031233,0.05525718749775518,0.0065559374997336654,0.048701249998021515,0.0,0.0,3.095214604895856,0.4467749999818498,0.0,0.0,0.005307187499784396,Financial Services
1992-03-31,PGR,1992,Q1,USD,1,0.02945736434108527,0.04806201550387597,0.7633074935400517,0.0,0.056589147286821705,0.09328165374677003,0.09328165374677003,1.187116564417178,0,0,5.420168067226891,0.12789583264483295,0.0,0.0,0.0672360248447205,0.0,7.649071915512466,-0.018729748012299364,-0.018729748012299364,2.209935943577431,2.8540723116279074,37.82623234931507,33.67457270121951,0.21282924088700883,1.288515406162465,0.5630354957160343,0.5630354957160343,6.0542216886754705,1.1920529801324504,0.0,0.08475452196382428,0.8902439024390244,1.1666666666666667,25.912280701754387,0.0,0.05093167701863354,9.11111111111111,3.6853932584269664,0.14681440443213298,0.0047984384920734795,0.479843849207348,0.47300833777052637,0.04412299998324548,0.8010585647927726,0.0,2.9112624282574076,2.9112624282574076,0.6108774346710829,0.040089595552644096,0.004400077560656059,0.03568951799198804,0.0,0.0,2.209935943577431,0.5830555450745888,0.0,94.0067733655914,0.006477891964299198,Financial Services
1992-06-30,PGR,1992,Q2,USD,1,0.022090729783037475,0.03471400394477318,0.7339250493096647,0.0,0.07909270216962525,0.07909270216962525,0.07909270216962525,1.5424399148159416,0,0,7.567164179104478,0.1680811563453123,0.0,0.0,0.07220496894409938,0.0,7.857857859788029,0.5873415790112748,0.5873415790112748,2.492387582974095,2.485996845581854,20.73026974851974,20.798686480363035,0.2134995358705742,1.2734823017599368,0.5601461250761068,0.5601461250761068,5.964801265572474,1.548800977546968,0.0,0.11952662721893491,1.0033003300330032,0.4017857142857143,33.223214285714285,0.0,0.09409937888198758,303.0,11.222222222222221,0.12967581047381546,0.004125673077436958,0.41256730774369577,0.6315374063286623,0.04994999998773049,0.8161406481785789,0.0,2.955146632690569,2.955146632690569,0.6299180796457683,0.07548553614105905,0.00024912718198369317,0.07573466332304274,0.0,0.0,2.492387582974095,0.5109487426671924,0.0,108.2045682221591,0.006477306731576023,Financial Services
1992-09-30,PGR,1992,Q3,USD,1,0.027151515151515152,0.041212121212121214,0.7260606060606061,0.0,0.10836363636363637,0.10836363636363637,0.10836363636363637,1.2826492537313432,0,0,6.415241057542768,0.1365532309322034,0.0,0.0,0.07846488502175264,0.0,7.850707850167786,0.47293420784143303,0.47293420784143303,2.7421499582144953,3.4029250026909095,137.61829055,104.75422116492537,0.2130561440677966,1.2572768118773199,0.5569883167459974,0.5569883167459974,5.9011525688611055,1.2686452406581579,0.0,0.032484848484848484,0.7611940298507462,0.05357142857142857,26.741071428571427,0.0,0.020820385332504663,4.1875,1.6144578313253013,0.11409395973154363,0.0036332379802257327,0.36332379802257325,0.5377726510437059,0.05827500000400885,0.8536570470385905,0.0,3.0991348995420545,3.0991348995420545,0.6673595638042982,0.01746946308845008,0.0041718120808239,0.013297651007626182,0.0,0.0,2.7421499582144953,0.4585003851124081,0.0,120.42979785941178,0.006648825503813091,Financial Services
1992-12-31,PGR,1992,Q4,USD,1,0.02452000925283368,0.03585473051121906,0.7244968771686329,0.0,0.07610455702058755,0.07610455702058755,0.07610455702058755,1.385576923076923,0,0,6.807874015748031,0.14385544574223819,0.0,0.0,0.06649076517150396,0.0,14.163664314665654,-0.5361958633409142,-0.5361958633409142,2.9633358089189192,4.311677593823734,48.666794355352486,42.555667210273974,0.18917839672556655,0.9038155802861685,0.47473903966597075,0.47473903966597075,4.77758346581876,1.3645833333333333,0.0,0.10131852879944483,0.8744292237442922,1.0660377358490567,29.547169811320753,0.0,0.07704485488126649,7.963636363636364,4.093457943925234,0.1580547112462006,0.0027897920293575456,0.27897920293575457,0.5635857382938038,0.04289144295597072,0.7549676175016001,0.0,3.1765741612923484,3.1765741612923484,0.8200218121369478,0.05710167785627713,0.007170302013916077,0.04993137584236105,0.0,0.0,2.9633358089189192,0.3049993785941855,0.0,156.9314983103226,0.006779194631338837,Financial Services
1993-03-31,PGR,1993,Q1,USD,1,0.02252355780280395,0.03263617559181797,0.7301769708113077,0.0,0.11859342679843714,0.11859342679843714,0.11859342679843714,1.3265243902439023,0,0,6.6024279210925645,0.1391207034372502,0.0,0.0,0.09850483729111698,0.0,12.265683155523254,0.32481346134070854,0.32481346134070854,3.736182118211334,5.818517589749482,38.533287721461186,34.91913108,0.1817745803357314,0.8389905548996458,0.45622341706123104,0.45622341706123104,4.615554899645809,1.3596875,0.0,0.16662836129625375,0.9062068965517242,-0.6326530612244898,32.41836734693877,0.0,0.12752858399296393,10.661764705882353,5.8,0.11046511627906977,0.002251507618418448,0.2251507618418448,0.49840873646389716,0.05910800000353274,0.6624448915124609,0.0,2.93134441877985,2.93134441877985,0.7761934264029803,0.08304903101271556,0.007789426357054701,0.07525960465566087,0.0,0.0,3.736182118211334,0.22455825983699787,0.0,218.31950727464786,0.0065293720934134995,Financial Services
1993-06-30,PGR,1993,Q2,USD,1,0.019215210355987056,0.027912621359223302,0.8250404530744336,0.0,0.16120550161812297,0.16120550161812297,0.16120550161812297,1.4330434782608696,0,0,6.4375,0.1522776973542366,0.0,0.0,0.14775725593667546,0.0,7.385724179642409,0.13107996967473465,0.13107996967473465,3.231634461254461,4.762477484769417,37.314879056576856,30.07112220268199,0.17510087165429514,0.7802635190776832,0.4382854059054815,0.4382854059054815,4.456080153719462,1.4692421991084696,0.0,0.158373786407767,0.8058748403575989,-1.9894736842105263,42.93684210526316,0.0,0.13773087071240106,5.151315789473684,3.7464114832535884,0.07151819322459223,0.0024208253478284806,0.24208253478284805,0.5732310564681183,0.09240800000102958,0.6701609033951706,0.0,3.105233445454924,3.105233445454924,0.8447737616154348,0.09078477289938039,0.01762360853219134,0.07316116436718904,0.0,0.0,3.231634461254461,0.24144547548078796,0.0,211.81658467173912,0.006608853199571752,Financial Services
1993-09-30,PGR,1993,Q3,USD,1,0.01764934057408844,0.024631497284716836,0.8235065942591155,0.0,0.16020170674941817,0.16020170674941817,0.16020170674941817,1.4153170463903377,0,0,5.995348837209303,0.14346531623027908,0.0,0.0,0.15160042208934224,0.0,9.445809445883777,-10.909909909995852,-10.909909909995852,3.2730943271316204,6.052939179441427,29.72281372304762,26.336670387510548,0.15821252678149086,0.5963293130571579,0.373562840812036,0.373562840812036,3.769166229680126,1.4538277174679262,0.0,0.22982932505818465,0.8860759493670886,-2.3626373626373627,46.65934065934066,0.0,0.2084066127330285,8.777777777777779,6.076923076923077,0.07263922518159806,0.001922525157789739,0.19225251577897393,0.5716231234821846,0.09157499999927937,0.6404706719077929,0.0,3.3540175241866814,3.3540175241866814,1.0571036622192842,0.13137575665756182,0.014966858353393118,0.1164088983041687,0.0,0.0,3.2730943271316204,0.18219130078654092,0.0,290.5114520409449,0.006651937045952497,Financial Services
1993-12-31,PGR,1993,Q4,USD,1,0.7541691190896606,0.7616244849911713,-1.5979988228369628,0.731999215224642,0.10476751030017657,0.10476751030017657,0.10476751030017657,0.6693368351936967,0,0,4.776944704779757,0.12706603844140305,0.0,0.0,0.11989100817438691,0.0,14.230880523127341,-0.40232983207360024,-0.40232983207360024,3.0461129168654173,5.963735687149304,102.34734275218857,56.08332250442805,0.11893899733253559,0.4781040184387213,0.32345762711864406,0.32345762711864406,4.019741457059825,0.7466490881125027,0.0,0.10633706101628408,0.5479704797047971,32.716814159292035,-72.07964601769912,0.0,0.11360301823517083,2.2122448979591836,1.794701986754967,0.10674157303370786,0.00187517513164833,0.187517513164833,0.5650820520536646,0.05920223970897722,0.5414676755405332,0.26552315375093716,3.9182126513008857,3.9182126513008857,1.1063279963593329,0.060089164648437554,0.027162076270972696,0.03292708837746486,0.1431251675154114,-0.4580724370779619,3.0461129168654173,0.1569554482998979,0.04958456177968373,9.03687810340031,0.006319340193654872,Financial Services
1994-03-31,PGR,1994,Q1,USD,1,0.02584226646248086,0.03349923430321593,0.7329632465543645,0.0,0.0920750382848392,0.0920750382848392,0.0920750382848392,1.2396772662553392,0,0,4.468776732249786,0.11830781773711387,0.16136614028644877,0.16136614028644877,0.015330743879472693,0.006610356224752111,11.302480665280667,-0.8804037570850202,-0.8804037570850202,2.1378266614235155,4.162705359877489,17.082460958366063,15.314065352112678,0.15295769544342785,0.6639795517105781,0.3990310764504313,0.3990310764504313,4.340935902477389,-0.8145953531888351,0.052148365773044436,0.27182235834609497,0.8964788732394366,0.14074074074074075,28.362962962962964,0.0,0.21024578027835356,9.65986394557823,6.96078431372549,0.11850311850311851,0.002621174988317837,0.26211749883178365,0.5837549838193489,0.05374926248413223,0.7698101231874989,0.020114069120881085,1.13666839498668,1.13666839498668,1.13666839498668,0.1586776563980619,0.016426489782052887,0.142251166616009,0.0,0.0,2.1378266614235155,0.31058624335260826,0.0,161.828416,0.0063694552216123435,Financial Services
1994-06-30,PGR,1994,Q2,USD,1,0.023232323232323233,0.030471380471380472,0.7540404040404041,0.0,0.10185185185185185,0.10185185185185185,0.10185185185185185,1.2460667086217747,0,0,4.729299363057325,0.13116926134481616,0.17317505315379164,0.17317505315379164,0.018526989935956084,0.004252303330970942,10.146990743801654,0.3687216354789896,0.3687216354789896,2.38196892036085,4.133959191919192,22.821298884758363,20.395114285714286,0.1491663906370763,0.6552526918226792,0.39586263478668543,0.39586263478668543,4.392763604617325,-0.25731551473932723,0.04266477675407512,0.2026936026936027,0.893687707641196,-0.2246376811594203,32.45652173913044,0.0,0.17823834196891192,9.40625,6.508108108108108,0.09421487603305785,0.002321251650165581,0.23212516501655808,0.6700598316051656,0.06824683470052612,0.7775626968441761,0.013536562254649808,1.162903502359874,1.162903502359874,1.162903502359874,0.13581684128831975,0.014438999738293129,0.12137784155002662,0.0,0.0,2.38196892036085,0.27508868240120177,0.0,172.32440662983424,0.00642986707095866,Financial Services
1994-09-30,PGR,1994,Q3,USD,1,0.02176312884403091,0.03106765494401514,0.7607632865478631,0.0,0.1021920832676234,0.1021920832676234,0.1021920832676234,1.2445534838076546,0,0,4.548780487804878,0.13601750359295567,0.18001380738695202,0.18001380738695202,0.01979006298110567,0.004142216085605799,10.171425000000001,1.3385595299999984,1.3385595299999984,2.42007835505783,4.157756442201546,23.4349632,20.14082016806723,0.14491945344172977,0.6201578850743529,0.38277620396600565,0.38277620396600565,4.279328070497521,-0.2693255181787292,0.04518467380048326,0.2064343163538874,0.8594346829640948,-0.38405797101449274,34.95652173913044,0.0,0.19375370041444642,7.114130434782608,5.3428571428571425,0.0941358024691358,0.0023137319124197394,0.23137319124197395,0.7143275565288705,0.0729986211371563,0.7766242193203017,0.013518263173547462,1.2272329917718838,1.2272329917718838,1.2272329917718838,0.14746172078478023,0.020728003532772776,0.12673371725200747,0.0,0.0,2.42007835505783,0.25625529180832396,0.0,167.51438375634518,0.006871783779886627,Financial Services
1994-12-31,PGR,1994,Q4,USD,1,0.5926594464500602,0.6003309265944645,-1.4040312876052947,0.5712996389891697,0.15177496991576414,0.15177496991576414,0.15177496991576414,0.720963019195315,0,0,4.639218422889044,0.14220016684135098,0.42662451703547594,0.42662451703547594,0.03008628519527702,0.004706708816297857,6.431003369672943,0.11615179555429704,0.11615179555429704,2.2532797638683912,3.904261371841155,56.795469584245076,44.75091310344827,0.14451027785501913,0.5865092455942356,0.3696853625170999,0.3696853625170999,4.058598836704575,-0.3317448040120761,0.020372321742184757,0.08724428399518652,0.7879310344827586,25.028169014084508,-65.73239436619718,0.0,0.08584961515689757,4.715447154471545,3.1868131868131866,0.05847373637264618,0.0022731187114748757,0.22731187114748758,0.7479007479007479,0.11351261351261352,0.776025776025776,0.3290628290628291,1.295888795888796,1.295888795888796,1.295888795888796,0.06525006525006526,0.013837513837513837,0.05141255141255141,0.265666140073723,-0.40689950717805873,2.2532797638683912,0.26029135618176713,0.11506055818852028,8.162748584314707,0.006637506637506637,Financial Services
1995-03-31,PGR,1995,Q1,USD,1,0.020611127125972902,0.027529547420005764,0.762323436148746,0.0,0.08748918996829057,0.08748918996829057,0.08748918996829057,1.2078690807799444,0,0,4.650134048257373,0.1430250056690511,0.20095465393794748,0.20095465393794748,0.018149071765031864,0.005114217524718718,12.410750906095554,-0.3088648415544142,-0.3088648415544142,2.426387245349867,4.343226174690113,30.7169247706422,27.46882698268004,0.13929373930610814,0.5440856751751348,0.35236754276178556,0.35236754276178556,3.9060310814075208,-0.3489939637826962,0.03740197749744289,0.15811473046987604,0.894257064721969,-0.11888111888111888,36.98601398601399,0.0,0.1623501553944058,9.456896551724139,6.232954545454546,0.09884678747940692,0.0019911524336303096,0.19911524336303096,0.7805257805257805,0.06828756828756828,0.7762507762507762,0.016875016875016875,1.3971388971388972,1.3971388971388972,1.3971388971388972,0.1234126234126234,0.01305001305001305,0.11036261036261036,0.0,0.0,2.426387245349867,0.22423694990066673,0.0,192.35760837696336,0.00675000675000675,Financial Services
1995-06-30,PGR,1995,Q2,USD,1,0.01869651086240948,0.02554312047399605,0.7773535220539829,0.0,0.08005266622778144,0.08005266622778144,0.08005266622778144,1.2194926140012845,0,0,4.973804846103471,0.14953142227122382,0.20609400324149107,0.20609400324149107,0.017548057749062772,0.004213938411669368,11.695894736842105,0.0,0.0,2.1579861922464154,3.7451502304147466,22.432504731861197,20.884299559471366,0.1330327610647346,0.5126318185266672,0.3389005918346875,0.3389005918346875,3.853425385023898,-0.3169337339342347,0.04414910858995138,0.1793285055957867,0.9309838472834068,-0.3028169014084507,41.57746478873239,0.0,0.2015687435252331,14.48936170212766,8.787096774193548,0.10032894736842106,0.0021445333945333944,0.21445333945333947,0.8544383544383545,0.0684000684000684,0.7761382761382761,0.014625014625014626,1.482863982863983,1.482863982863983,1.482863982863983,0.15322515322515323,0.010575010575010575,0.14265014265014264,0.0,0.0,2.1579861922464154,0.2375510188010188,0.0,180.78049484536083,0.006862506862506863,Financial Services
1995-09-30,PGR,1995,Q3,USD,1,0.0184349619698337,0.025009668686347814,0.7713033389196855,0.0,0.08057238623179064,0.08057238623179064,0.08057238623179064,1.2202296680824287,0,0,5.001289490651192,0.147032621263529,0.2038353601496726,0.2038353601496726,0.017408771342484097,0.005612722170252572,13.31598064,5.476197038199999,5.476197038199999,2.3904891282493175,4.291601340724507,18.291182197802197,17.55799135021097,0.12807779062494076,0.48520752549188567,0.32669341971667554,0.32669341971667554,3.788381444779549,-0.3101249375312344,0.05912067352666043,0.24442439087276008,0.959915611814346,-0.3916083916083916,41.83916083916084,0.0,0.28059789847565486,24.94736842105263,13.941176470588236,0.096,0.0018023456663721913,0.18023456663721912,0.8691394432667183,0.07002863891216952,0.7731161735903516,0.02016824800670482,1.5603501207853965,1.5603501207853965,1.5603501207853965,0.21243887900395747,0.008515482491719814,0.20392339651223765,0.0,0.0,2.3904891282493175,0.20297416112794828,0.0,205.49975051546392,0.006722749335568274,Financial Services
1995-12-31,PGR,1995,Q4,USD,1,0.4600843019542726,0.4668540043428279,-1.752203346532124,0.44181887852854773,0.08481287520756163,0.08481287520756163,0.08481287520756163,0.7924089068825911,0,0,4.917713567839196,0.14626809901914992,0.408309903155264,0.408309903155264,0.01849511182191039,0.005060918462980318,13.731591566265061,1.3813571217406937,1.3813571217406937,2.471277083615666,4.6584630476433775,42.706214519906325,38.350270452155634,0.1262774404483886,0.4579888873831142,0.314123716131431,0.314123716131431,3.626846456159371,-0.3520787893778248,0.029709465791940018,0.1214714522927577,0.8980021030494216,23.748251748251747,-95.93006993006993,0.0,0.14070128717265867,9.804123711340207,6.057324840764331,0.09036144578313253,0.00164513788054123,0.16451378805412303,0.8736787129950363,0.07409920365675106,0.7702299753597829,0.3559886440738492,1.6469217583830305,1.6469217583830305,1.6469217583830305,0.10612702210477448,0.010824733064314538,0.09530228904045995,0.19196299508528478,-0.25215045925061963,2.471277083615666,0.18532478224296955,0.07487713211910957,11.783339863201094,0.006695711173802807,Financial Services
1996-03-31,PGR,1996,Q1,USD,1,0.017897371714643305,0.024405506883604506,0.7804755944931164,0.0,0.07934918648310388,0.07934918648310388,0.07934918648310388,1.1068014960520847,0,0,4.839491217443974,0.14050327958218298,0.21001712328767122,0.21001712328767122,0.016411090643764503,0.003995433789954338,13.073955835962145,-1.670310564559992,-1.670310564559992,2.2006871100491177,4.149631038798498,22.4024,20.839441860465115,0.11885627868535355,0.4486260454002389,0.3096907216494845,0.3096907216494845,3.7745254214788266,-0.3427639904763948,0.04540525114155251,0.19912390488110138,0.9302325581395349,-0.3006993006993007,43.60839160839161,0.0,0.2353898505696109,14.333333333333334,9.358823529411765,0.09305993690851735,0.0017794908074520973,0.17794908074520974,0.8916455379780738,0.07075134806984966,0.7702299753597829,0.01562332607220655,1.6812930757418847,1.6812930757418847,1.6812930757418847,0.17754794129200444,0.012387065671535193,0.16516087562046924,0.0,0.0,2.2006871100491177,0.20385726046726654,0.0,203.97206153846153,0.00658411598757276,Financial Services
1996-06-30,PGR,1996,Q2,USD,1,0.017686593562079942,0.026647800966867113,0.7810399717014503,0.0,0.0924419290178045,0.0924419290178045,0.0924419290178045,1.068001511144692,0,0,5.081485919712403,0.14638314030757546,0.2262788083192805,0.2262788083192805,0.01984218540907203,0.0030916245081506464,11.16381581632653,0.4825877343386722,0.4825877343386722,2.3987479547790342,4.128018677042801,23.86484417177914,22.777961223162006,0.1338695479572639,0.5314148681055156,0.3470090823676793,0.3470090823676793,3.969647139431312,-0.3072269516391958,0.04319842608206858,0.1812286286994458,0.9544567338972023,-0.6066666666666667,44.16,0.0,0.1981691593604951,21.957142857142856,12.598360655737705,0.0663265306122449,0.0014853015246643001,0.14853015246643003,0.9592979852593192,0.08867935626026487,0.8942589165735383,0.012442256618149407,1.6508612303808234,1.6508612303808234,1.6508612303808234,0.1738522583826876,0.007917799666095076,0.16593445871659254,0.0,0.0,2.3987479547790342,0.22153843510185214,0.0,188.74215221238939,0.005881794037670629,Financial Services
1996-09-30,PGR,1996,Q3,USD,1,0.018010963194988253,0.023716299362344782,0.7788343215124734,0.0,0.0898310773017116,0.0898310773017116,0.0898310773017116,1.1157014478282576,0,0,5.3979468599033815,0.14930184393372528,0.22130565419284348,0.22130565419284348,0.019245504124036597,0.002458344714558864,13.200484931506848,1.9140703150684952,1.9140703150684952,2.7358341463414635,4.743255129209083,19.246462823422604,18.60463255813953,0.13670831106360234,0.5281326622790038,0.34560655322383144,0.33353401565322094,3.863208155891083,-0.3190392062387351,0.06225075116088501,0.2549502181452064,0.9666520403685828,-0.19322033898305085,43.24223602484472,5.312354312354312,0.2784361637141112,29.986842105263158,19.3135593220339,0.052303860523038606,0.0009905670283028775,0.09905670283028775,1.0056385056385055,0.09033759033759034,0.9389259389259389,0.010125010125010126,1.7435267435267434,1.7435267435267434,1.7435267435267434,0.2563877563877564,0.00855000855000855,0.24783774783774784,0.0,0.0,2.7358341463414635,0.19304264587283457,0.0,238.18376226415094,0.004725004725004725,Financial Services
1996-12-31,PGR,1996,Q4,USD,1,0.4883720930232558,0.4946660977170898,-1.6433752933646255,0.47119692767228505,0.09782376786857265,0.09782376786857265,0.09782376786857265,0.8289706402546869,0,0,5.517363154796939,0.1515871860799819,0.3500134012329134,0.3500134012329134,0.02165520301752829,0.004127579737335835,13.742052889858234,1.2231787671269838,1.2231787671269838,3.0058948058918245,5.377197567740559,49.70991124260355,45.2070403587444,0.1254386390465564,0.4625797602719304,0.3162766044197994,0.3162766044197994,3.6876975371220704,-0.35535169354991564,0.029884749396944518,0.11894602090889694,0.9094170403587444,26.322981366459626,-95.6832298136646,0.0,0.1437411370375145,11.03960396039604,7.743055555555555,0.04689203925845147,0.000853075585472718,0.08530755854727179,1.0432943795214247,0.10205898720089038,0.8812465219810796,0.19488035614913746,1.866332776850306,1.866332776850306,1.866332776850306,0.12409571508069003,0.011240957150806901,0.11285475792988314,0.2076069730586371,-0.28672508925673484,3.0058948058918245,0.1538908678258575,0.09033280507131537,12.509995686866509,0.004785754034501948,Financial Services
1997-03-31,PGR,1997,Q1,USD,1,0.016658044490429385,0.023486808070356958,0.7822038282462493,0.0,0.07915157785825143,0.07915157785825143,0.07915157785825143,1.0039472317440532,0,0,5.20463112547119,0.14415045937238993,0.23655682903533906,0.23655682903533906,0.016741543606583798,0.0066857688634192934,15.620980392156863,-1.03450201272562,-1.03450201272562,2.74540233185917,4.945700982928091,24.06858006042296,21.91664374140303,0.11570814938551485,0.44558038021940155,0.30823632246016924,0.30823632246016924,3.850898857044397,-0.34380335799658507,0.05207736389684814,0.22565959648215209,0.9105914718019257,-0.5527950310559007,46.95652173913044,0.0,0.2811291569992266,11.184615384615384,9.163865546218487,0.05620915032679739,0.0008995778260342007,0.08995778260342006,1.0756816917084029,0.08514190317195326,0.8813578185865331,0.031163049526989426,1.9377851975514746,1.9377851975514746,1.9377851975514746,0.24273789649415692,0.021702838063439065,0.22103505843071786,0.0,0.0,2.74540233185917,0.16230057614821694,0.0,243.51629955947138,0.004785754034501948,Financial Services
1997-06-30,PGR,1997,Q2,USD,1,0.014390418305327135,0.021987844118698606,0.7930818734358241,0.0,0.09125849124061494,0.09125849124061494,0.09125849124061494,1.030107724887211,0,0,5.713993871297242,0.1567341906923314,0.24945823927765237,0.24945823927765237,0.02112218784614797,0.004288939051918736,15.992960333006856,0.5409571044909492,0.5409571044909492,3.434029968454259,5.8379737218448335,36.42791411042945,33.188643292682926,0.10869687035947438,0.4079390115667718,0.28974196198513763,0.28974196198513763,3.7529968454258675,-0.343074422740793,0.04442437923250565,0.17590275294958885,0.9110772357723578,-1.3726708074534162,55.11180124223603,0.0,0.25364093310993685,11.245714285714286,9.027522935779816,0.04211557296767875,0.0006583454859316928,0.06583454859316928,1.2418692418692419,0.11333111333111333,0.8791208791208791,0.021090021090021092,2.1112221112221112,2.1112221112221112,2.1112221112221112,0.21844821844821846,0.019425019425019424,0.199023199023199,0.0,0.0,3.434029968454259,0.11879308431032569,0.0,296.2774390243902,0.004773004773004773,Financial Services
1997-09-30,PGR,1997,Q3,USD,1,0.013462976813762155,0.02160724673813679,0.7814343887642317,0.0,0.09656777196044211,0.09656777196044211,0.09656777196044211,1.039478230822391,0,0,5.286906854130053,0.1588724584103512,0.25055272108843535,0.25055272108843535,0.022866683604950817,0.004464285714285714,17.44708356282272,0.9595895959552493,0.9595895959552493,3.929355770908033,6.73930394747777,44.45945416666667,36.34874244733303,0.10244256667546871,0.3759569725748619,0.27323308800225377,0.27323308800225377,3.6699292567109216,-0.35131308117892646,0.047427721088435376,0.185406797972243,0.8175705961452263,-1.6975308641975309,58.04320987654321,0.0,0.2875370537440392,5.481572481572481,4.946784922394679,0.0378657487091222,0.0005425799184828917,0.054257991848289173,1.3250626577455544,0.12795834856647006,0.8722530800301286,0.023125002752976517,2.2726371753139496,2.2726371753139496,2.2726371753139496,0.2456756244851934,0.04481845771648306,0.20085716676871032,0.0,0.0,3.929355770908033,0.09567903607974447,0.0,340.9347861538462,0.004845238672052223,Financial Services
1997-12-31,PGR,1997,Q4,USD,1,0.45070102311481625,0.45956801818870785,-1.5196665403561955,0.43842364532019706,0.0797271693823418,0.0797271693823418,0.0797271693823418,0.8925793140769803,0,0,5.067204301075269,0.17454627228953912,0.411144578313253,0.411144578313253,0.02155355200324502,0.005012908777969019,20.631957489710075,-2.6821544736623073,-2.6821544736623073,4.064763196624374,6.579710277885563,165.37005165085714,89.7820859531541,0.10263770569871422,0.36326607050891896,0.266467477161893,0.266467477161893,3.5393042745446883,-0.42140393459376596,0.020804647160068846,0.07328533535430087,0.5429162357807652,34.54938271604938,-123.77777777777777,0.0,0.1246294625596082,2.1877828054298645,1.9938144329896907,0.0408745247148289,0.0004952817096392155,0.04952817096392156,1.5183039340769209,0.12105007492602658,0.9114426268907382,0.49789322643052947,2.4577077474762374,2.4577077474762374,2.4577077474762374,0.11126941297858146,0.05085944212671459,0.060409970851866876,0.18184961106309422,-0.28849990025932576,4.064763196624374,0.08936955314164356,0.08072601555747623,15.558258099719657,0.004947864279295763,Financial Services
1998-03-31,PGR,1998,Q1,USD,1,0.012829707546418042,0.023109411108454856,0.7745637102557973,0.0,0.09570483703880787,0.09570483703880787,0.09570483703880787,0.9577196061970541,0,0,4.3831645127488645,0.15823319505213915,0.27273289365210224,0.27273289365210224,0.02363058117015795,0.0026793075020610057,20.297405841507082,1.2178443504904244,1.2178443504904244,4.2350911076528845,7.770239673487928,63.03085821758242,50.366083503409094,0.0978602141046818,0.33708304378040305,0.25210329706025664,0.25210329706025664,3.4445361362056985,-0.4005617887865681,0.03990107172300082,0.15427524105506416,0.7990702479338843,-1.6645962732919255,60.37267080745342,0.0,0.24945239015590775,4.976863753213368,4.481481481481482,0.035803497085761866,0.000440986121149355,0.0440986121149355,1.443970903276338,0.13819499998684212,0.9115576935018845,0.014958659449033703,2.6492936550350152,2.6492936550350152,2.6492936550350152,0.22276895917945577,0.04476091173595469,0.17800804744350107,0.0,0.0,4.2350911076528845,0.07959286712186382,0.0,362.5508195262069,0.004947864279295763,Financial Services
1998-06-30,PGR,1998,Q2,USD,1,0.011384914987641374,0.022095723166803985,0.7756722342895663,0.0,0.09212793049209797,0.09212793049209797,0.09212793049209797,0.9605727030721635,0,0,4.226337448559671,0.16113303643626972,0.27670131398313397,0.27670131398313397,0.023371406199465504,0.0041184545989409686,20.756050179369918,0.0,0.0,4.235577224491912,7.648847792861958,73.67948548520924,55.83366149945326,0.09367947186115838,0.3219411032766487,0.24353664658634538,0.24353664658634538,3.436623807548735,-0.36999778295089236,0.0358697783879192,0.1369934836341847,0.7577911427009295,-1.7105263157894737,68.13157894736842,0.0,0.23563514558103582,4.128668171557562,3.75564681724846,0.03577235772357724,0.0004308666318307094,0.04308666318307094,1.5361790845106515,0.141524999921212,0.9105925604686762,0.02416280486459717,2.7741201204068466,2.7741201204068466,2.7741201204068466,0.21044652427308677,0.05097201216674546,0.1594745121063413,0.0,0.0,4.235577224491912,0.07600879082431743,0.0,371.7687012966102,0.0050626829240108355,Financial Services
1998-09-30,PGR,1998,Q3,USD,1,0.010782659722731607,0.020905156605295974,0.7740042543827478,0.0,0.09909777745177144,0.09909777745177144,0.09909777745177144,0.936139531689899,0,0,3.8370391218688433,0.16354170415422078,0.28910256410256413,0.28910256410256413,0.02513334683681048,0.006216006216006216,15.148402664692819,2.1207763730569957,2.1207763730569957,3.394367790355351,6.004692144062202,31.13806314187904,37.46543157894737,0.09313707848994134,0.3219305883816395,0.24353062952855933,0.24353062952855933,3.456524443338724,-0.3710770570783092,0.04244366744366744,0.16027286730726914,1.2032036613272312,-2.312925170068027,71.78231292517007,0.0,0.2814270994332818,4.921171171171171,4.45010183299389,0.03478904515173945,0.0005741371866359235,0.05741371866359234,1.5654424530815092,0.15513186782902655,0.9083998566953582,0.03674477994469911,2.769293306019714,2.769293306019714,2.769293306019714,0.2508979505598986,0.05098338217327001,0.3018813327331686,0.0,0.0,3.394367790355351,0.09484257695832575,0.0,313.3542736842105,0.005396889554377681,Financial Services
1998-12-31,PGR,1998,Q4,USD,1,0.5049660219550445,0.5162422522589799,-1.7935180345007842,0.49368979165110893,0.05862146217608842,0.05862146217608842,0.05862146217608842,0.7708381303246604,0,0,3.5595427963849016,0.15822807245571954,0.42848508481185416,0.42848508481185416,0.01584828987470369,0.0036264379021251707,38.97703261146496,-0.9744258152866241,-0.9744258152866241,4.786198521762935,9.139562571876633,-108.88601637010676,532.121227826087,0.09176306554335882,0.3037034140236987,0.23295437501874794,0.23295437501874794,3.3096476477259396,-0.40634198148991046,0.004484304932735426,0.017175715032484506,-4.886956521739131,43.75496688741722,-159.05298013245033,0.0,0.029616276075199587,0.16986706056129985,0.16416845110635261,0.05987261146496815,0.00038402494657428603,0.0384024946574286,1.5438375621408742,0.0905020152550658,0.9127445283749758,0.5309067264325835,2.9480599134869907,2.9480599134869907,2.9480599134869907,0.026516514023777242,0.15610156516606255,-0.1295850511422853,0.11874149145363788,-0.27526335512345423,4.786198521762935,0.06345399436374266,0.04628649220995311,18.800503746564445,0.005418591996163176,Financial Services
1999-03-31,PGR,1999,Q1,USD,1,0.011914893617021277,0.0225531914893617,0.7634751773049645,0.0,0.07468085106382978,0.07468085106382978,0.07468085106382978,0.8714462299134734,0,0,3.483201581027668,0.15366340086531022,0.303192470935597,0.303192470935597,0.018535923945701915,0.004613397305775973,24.769494579012346,0.7430848373703705,0.7430848373703705,3.8844705922555667,7.399227742326241,51.04163951409002,42.11914055987082,0.11666430540873375,0.39857770496686273,0.284987887016479,0.284987887016479,3.416449475016755,-0.42043743384074067,0.045709540505628345,0.17567375886524822,0.8251917642309246,-0.7976190476190477,64.07738095238095,0.0,0.231387202241943,5.720554272517321,5.160416666666666,0.0446343779677113,0.00045049746398066233,0.04504974639806623,1.6163849007626165,0.12071300003567625,1.2464505692192858,0.02865930675111022,3.078926642885273,3.078926642885273,3.078926642885273,0.28395641129000004,0.049637919292922904,0.23431849199707716,0.0,0.0,3.8844705922555667,0.10260798621091469,0.0,360.9563244238994,0.005387949669208722,Financial Services
1999-06-30,PGR,1999,Q2,USD,1,0.013182921230405981,0.023348855512559847,0.7725454187709058,0.0,0.07352266019544829,0.07352266019544829,0.07352266019544829,0.8631191621851118,0,0,3.62937395858129,0.1586526955454044,0.30787116775749224,0.30787116775749224,0.01863589893383964,0.0036169479848432657,23.556023545762713,2.8267228254915207,2.8267228254915207,3.822430050273224,6.927606058844363,53.56247950263692,45.391151516630856,0.1082796582833002,0.37657872833206674,0.27356134493546097,0.27356134493546097,3.477834473274708,-0.39122458143562766,0.0400792283844299,0.15262018757788418,0.8474430597335625,-0.6467661691542289,58.601990049751244,0.0,0.223620987891601,6.554929577464788,5.788557213930348,0.04192685102586976,0.0004449695313007489,0.04449695313007489,1.7437481140512687,0.12820500005584523,1.2130869184588318,0.02401699376603702,3.1602932796995282,3.1602932796995282,3.1602932796995282,0.26613116425508637,0.040600156128300674,0.22553100812678573,0.0,0.0,3.822430050273224,0.09851814771735305,0.0,325.3404763460674,0.005375231938113047,Financial Services
1999-09-30,PGR,1999,Q3,USD,1,0.012427453949028514,0.024539490285137522,0.7763058289174868,0.0,0.046681806712086805,0.046681806712086805,0.046681806712086805,0.8549700663394639,0,0,3.605185353650216,0.1626813899550502,0.3136004039723952,0.3136004039723952,0.013349566712024637,0.0015148964820737249,20.247850330236485,-0.5734685278716214,-0.5734685278716214,2.1693863603540016,3.7808249418054505,33.87995306811758,27.217818790871934,0.10681225754807988,0.37673290621493466,0.2736426975154463,0.2736426975154463,3.527056864661382,-0.391581443604565,0.037064467261403805,0.1389099167297502,0.8033605812897366,0.4416243654822335,62.46700507614213,0.0,0.21156802459646426,5.085450346420323,4.577962577962578,0.06486486486486487,0.0008008858200616114,0.08008858200616115,1.801194211533114,0.08408300003371842,1.205000291023762,0.0102263108149117,3.139136543150728,3.139136543150728,3.139136543150728,0.2502037379381729,0.0491999175872974,0.20100382035087552,0.0,0.0,2.1693863603540016,0.1736587419833594,0.0,180.59546780848328,0.005454032434619573,Financial Services
1999-12-31,PGR,1999,Q4,USD,1,0.2692763198902948,0.28305179829209,-1.9153524901826342,0.25693448856198964,0.0023686342953312973,0.0023686342953312973,0.0023686342953312973,0.7959811461175886,0,0,3.58342640160822,0.16531165311653118,0.38263594782314075,0.38263594782314075,0.0037256001956299718,0.002405556496696595,350.16489340460527,-3.6903342776099373,-3.6903342776099373,1.9334882228095032,3.3176503021567036,108.40135192973523,71.44303865436241,0.10805073830205983,0.3809212438244696,0.2758457410427737,0.2758457410427737,3.5253923278116828,-0.41550335396648624,0.012620701338302558,0.04643769868478464,0.6590604026845638,23.28787878787879,-155.1919191919192,0.0,0.07104711043295824,2.9330708661417324,2.466887417218543,1.263157894736842,0.000901830764968563,0.09018307649685631,1.8356365033533149,0.004347951575604685,1.2224609114147489,0.2782689008386998,3.149747657190678,3.149747657190678,3.149747657190678,0.0852427348375129,0.02906262368956816,0.056180111147944745,0.009218825812712276,-0.13414475397032022,1.9334882228095032,0.19701244586375735,-0.016982047549733138,13.998912970160758,0.005492149358658549,Financial Services
2000-03-31,PGR,2000,Q1,USD,1,0.0124258507649079,0.02391507961286294,0.778707461754605,0.0,-0.02909772088666875,-0.02909772088666875,-0.02909772088666875,0.7649137889860056,0,0,3.4132566069906223,0.16055942653767105,0.382005804579168,0.382005804579168,-0.0038891723786012773,0.0017736214124475975,-29.825104044206007,0.02234284797736687,0.02234284797736687,2.0411952540167424,3.471370211576647,38.904124519524146,30.681012107284765,0.1051381021605093,0.3850418563665737,0.2780001590541579,0.2780001590541579,3.6622484946394476,-0.4283746372256624,0.029216381812318608,0.11314392756790509,0.7886313465783664,3.693467336683417,62.66834170854271,0.0,0.17278535329455516,4.731070496083551,4.213953488372093,-0.10085836909871244,0.0008454150650172314,0.08454150650172312,1.8263681525112996,-0.05314315073807466,1.2186431519035748,0.3141832194922654,3.106023290777256,3.106023290777256,3.106023290777256,0.20664246596006713,0.04367773976970514,0.16296472619036198,0.0,0.0,2.0411952540167424,0.18863548482629158,0.0,172.24802594882507,0.0053599315122092464,Financial Services
2000-06-30,PGR,2000,Q2,USD,1,-0.008107454017424976,0.0036302032913843175,-0.0202081316553727,-0.0202081316553727,-0.008530977734753146,-0.008530977734753146,-0.008530977734753146,0.7704283783153871,0,0,3.447642886942011,0.15662193920097037,0.42310304103926777,0.42310304103926777,0.0006775327580696708,0.001313847062297018,-95.9631914893617,1.3772014778608397,1.3772014778608397,1.9823184265465332,3.274639399806389,26.767181008902078,23.450277296360483,0.09939542112046092,0.38417023770281655,0.2775455122777307,0.2775455122777307,3.865069772552467,-0.4270414820365083,0.03407144966046649,0.13964181994191674,0.8760831889081456,1.265,-1.67,0.0,0.22004004194870816,8.06993006993007,6.910179640718563,-0.3404255319148936,0.0008868648661831775,0.08868648661831775,1.8841769265845874,-0.016073871409028728,1.2185362517099863,0.8217054263565892,3.1125170998632012,3.1125170998632012,3.1125170998632012,0.26310989512083904,0.03260373917008664,0.23050615595075238,0.4221556886227545,1.0,1.9823184265465332,0.1937984496124031,0.5778443113772455,1075.3873333333333,0.005471956224350205,Financial Services
2000-09-30,PGR,2000,Q3,USD,1,0.057591324200913244,0.06917808219178082,0.04628995433789954,0.04628995433789954,0.03356164383561644,0.03356164383561644,0.03356164383561644,0.8434430964760254,0,0,3.5294117647058822,0.16696049935674465,0.35195488721804513,0.35195488721804513,0.010274728843281159,0.002887218045112782,25.505408163265304,-0.04959384920634921,-0.04959384920634921,2.146286940966011,3.424013698630137,24.101534752912816,21.048673684210527,0.09997617572783152,0.37534883720930234,0.2729117348664187,0.2729117348664187,3.7543828264758496,-0.42641224718280724,0.04285714285714286,0.16267123287671234,0.8733333333333333,4.994949494949495,4.095959595959596,0.0,0.27166142407778093,7.894736842105263,6.91747572815534,0.08673469387755102,0.0008501598300480489,0.08501598300480488,1.9918144611186903,0.06684856753069578,1.215211459754434,0.2993406093678945,3.177580718508413,3.177580718508413,3.177580718508413,0.32401091405184174,0.04104138244656662,0.2829695316052751,0.7250308261405672,1.0,2.146286940966011,0.17488287798106045,0.2749691738594328,57.993168316831685,0.005798090040927694,Financial Services
2000-12-31,PGR,2000,Q4,USD,1,0.04760015866719556,0.05865019550065167,0.03734345781152604,0.03734345781152604,0.02720009066696889,0.02720009066696889,0.02720009066696889,0.9778356513547958,0,0,3.497918731417245,0.17556408929921605,0.310959117052697,0.310959117052697,0.00939875797153917,0.0013834913726099797,39.690000000000005,-2.134937903225807,-2.134937903225807,2.655404557808907,4.3182863942879814,77.68073394495414,60.76937799043063,0.07449560269011898,0.26092410620949197,0.2069308572376057,0.2069308572376057,3.502543731270472,-0.4037245055535855,0.019493237991605784,0.07106023686745623,0.7822966507177034,4.7292817679558015,3.6408839779005526,0.0,0.1674679487179487,4.593406593406593,3.8584615384615386,0.10833333333333334,0.0006823717141177458,0.06823717141177459,2.000793650793651,0.05442176870748299,0.8695011337868481,0.22188208616780045,3.2537414965986393,3.2537414965986393,3.2537414965986393,0.14217687074829932,0.030952380952380953,0.11122448979591837,0.7283763277693475,1.0,2.655404557808907,0.09826152683295539,0.2716236722306525,80.77661835748793,0.0058956916099773245,Financial Services
2001-03-31,PGR,2001,Q1,USD,1,0.07650242417408952,0.08670650580674259,0.0695681587552148,0.0695681587552148,0.04882173864020747,0.04882173864020747,0.04882173864020747,1.0220685681359838,0,0,3.483503534956795,0.1733462331544949,0.3067002442002442,0.3067002442002442,0.014340894148586456,0.0034035409035409036,20.626697459584292,0.25455219819441527,0.25455219819441527,2.4370162693134145,4.028124929529823,22.196607642124885,20.75250653499855,0.0731869399083331,0.25543163136532626,0.20346120408606824,0.20346120408606824,3.490125856952829,-0.39527136187897627,0.05254884004884005,0.19410305558687563,0.9349404589021203,9.512195121951219,10.032520325203253,0.0,0.45974095339831755,15.370535714285714,12.47463768115942,0.06004618937644342,0.0007277727020297021,0.07277727020297022,2.0083786231884058,0.09805253623188406,0.8618659420289855,0.31023550724637683,3.319633152173913,3.319633152173913,3.319633152173913,0.3898324275362319,0.025362318840579712,0.36447010869565216,0.7017828200972447,1.0,2.4370162693134145,0.10481326472116229,0.29821717990275526,51.18132639791938,0.00588768115942029,Financial Services
2001-06-30,PGR,2001,Q2,USD,1,0.08697519596263288,0.09744443251369055,0.0801030817137335,0.0801030817137335,0.055674863094598945,0.055674863094598945,0.055674863094598945,1.064099634369287,0,0,3.6744920102584335,0.17858615300535968,0.31761790327425654,0.31761790327425654,0.01663313937004685,0.005812556323220186,24.09410800385728,1.0914519892991568,1.0914519892991568,3.3062842397776895,5.36574465800494,30.221457514363472,28.70257323377369,0.0718141461403492,0.2477835119756517,0.19857892783286493,0.19857892783286493,3.450344051872436,-0.4100024213608048,0.05229798738359868,0.18694298292709116,0.9497415278575532,10.625,11.65625,0.0,0.4648865153538051,19.897142857142857,15.4070796460177,0.04918032786885246,0.0005102941335385716,0.05102941335385716,2.100360847992783,0.11693730266125395,0.8590437528191249,0.4108028867839423,3.408660351826793,3.408660351826793,3.408660351826793,0.3926477221470456,0.01973387460532251,0.3729138475417231,0.6950402144772118,1.0,3.3062842397776895,0.07494319725890003,0.3049597855227882,58.97815977961432,0.005751014884979702,Financial Services
2001-09-30,PGR,2001,Q3,USD,1,0.08123219181764421,0.09230686522229987,0.07429708080210741,0.07429708080210741,0.05182517068974786,0.05182517068974786,0.05182517068974786,1.045,0,0,3.671733122779313,0.17130831997937043,91.69353410097432,91.69353410097432,0.015083150702591207,0.20726306465899025,25.515684647302905,-3.0618821576763517,-3.0618821576763517,3.172593834644654,5.289418848449008,24.317469105289174,23.13390077592288,0.06898933524893629,0.24155165742293305,0.19455626834272655,0.19455626834272655,3.5012898232942087,0.653125,3.767050487156776,0.22864362131068222,0.95132847401834,10.069767441860465,10.713178294573643,0.0,0.5677479642237352,20.545893719806763,16.42084942084942,0.05394190871369295,0.0005285171597325215,0.05285171597325215,2.1060914855072466,0.10914855072463768,0.8627717391304348,0.3747735507246377,3.5113224637681157,3.5113224637681157,3.5113224637681157,0.481544384057971,0.0234375,0.458106884057971,0.6975397973950795,1.0,3.172593834644654,0.07613696237608306,0.3024602026049204,61.52910891089109,0.00588768115942029,Financial Services
2001-12-31,PGR,2001,Q4,USD,1,0.09589797660290204,0.10734548375759402,0.08876838881357633,0.08876838881357633,0.06260983079781092,0.06260983079781092,0.06260983079781092,1.1725538678912044,0,0,3.9993975903614456,0.17907106379918003,42204793.02832244,42204793.02832244,0.01873801084899069,244008.7145969499,21.99695268644747,0.8065549318364067,0.8065549318364067,3.375297628203156,5.508901943063714,107.04468292682927,93.93904109589042,0.09851291088254334,0.3370658627372566,0.2520936867292472,0.2520936867292472,3.421539976005168,0.3271383414787213,2544662.3093681918,0.05864336998543957,0.877568493150685,11.387323943661972,12.450704225352112,0.0,0.10659852149310943,8.167832167832168,6.020618556701031,0.0408981555733761,0.00046481615154100224,0.04648161515410022,2.2581632653061225,0.14138321995464853,1.258390022675737,0.27052154195011335,3.6856009070294786,3.6856009070294786,3.6856009070294786,0.13242630385487528,0.016213151927437643,0.11621315192743764,0.705316742081448,1.0,3.375297628203156,0.09986256024381886,0.29468325791855204,56.391861552853136,0.005782312925170068,Financial Services
2002-03-31,PGR,2002,Q1,USD,1,0.13506719520448612,0.14425215121338103,0.12631731605917046,0.12631731605917046,0.08517838151406748,0.08517838151406748,0.08517838151406748,1.1380315783682675,0,0,4.1380276055211045,0.17465088397696762,0.30661336224420654,0.30661336224420654,0.023033807304265737,0.002019243799972896,17.369693530079456,0.40529284903518725,0.40529284903518725,3.63301184081669,5.91808952915015,28.123501033769813,26.83507233669443,0.09252629979230341,0.32522182983648396,0.24540935148692225,0.24540935148692225,3.514912306733537,-1.3012927186080785,0.06182409540588155,0.22053562796093976,0.9541867601928978,11.784530386740332,14.43646408839779,0.0,0.41627885755999633,21.827751196172247,17.546153846153846,0.02894438138479001,0.000416593150228391,0.0416593150228391,2.3453514739229027,0.19977324263038548,1.2630385487528344,0.5043083900226757,3.8205215419501135,3.8205215419501135,3.8205215419501135,0.517233560090703,0.023696145124716555,0.4935374149659864,0.6743207041714504,1.0,3.63301184081669,0.08951851634025368,0.32567929582854954,44.648659517426275,0.005782312925170068,Financial Services
2002-06-30,PGR,2002,Q2,USD,1,0.11289180095625996,0.12214450150522402,0.10487869665309013,0.10487869665309013,0.07101115636621215,0.07101115636621215,0.07101115636621215,1.167217858619264,0,0,4.533012241621513,0.18074448676503538,78.73490813648294,78.73490813648294,0.019884400671221908,0.09776902887139108,19.609339152119702,-1.9609339152119685,-1.9609339152119685,3.722844207723036,5.569927395077032,22.669102702702702,21.884418159679946,0.08769964472041737,0.3243083296345613,0.24488883923583957,0.24488883923583957,3.6979434827637223,0.6712330802490231,3.772309711286089,0.2545156720382504,0.9653852843972864,11.01657458563536,13.088397790055248,0.0,0.524543795620438,28.889447236180903,22.996,0.031795511221945134,0.00040536184028552733,0.04053618402855273,2.5691537761601455,0.1824385805277525,1.267174704276615,0.5279799818016379,3.843835304822566,3.843835304822566,3.843835304822566,0.6538898999090081,0.022634212920837126,0.631255686988171,0.6770789362600254,1.0,3.722844207723036,0.08711305430449764,0.32292106373997465,49.5195795578108,0.005800727934485896,Financial Services
2002-09-30,PGR,2002,Q3,USD,1,0.11630695443645084,0.1252377408418093,0.10903001736541801,0.10903001736541801,0.07380302654428182,0.07380302654428182,0.07380302654428182,1.2089977505623595,0,0,4.855651475607308,0.18770663562281723,0.3130772027633014,0.3130772027633014,0.0214070222735734,0.002133074778814689,15.454420168067227,0.9272652100840332,0.9272652100840332,3.1191926729986434,4.562331927561399,21.941650427520383,21.038047664442324,0.0850756693830035,0.30987109905020355,0.2365661012559886,0.2365661012559886,3.6422998643147895,0.7828451205696715,0.06356805235729003,0.21686099396344993,0.9588179218303146,12.369318181818182,14.982954545454545,0.0,0.4784710819193578,24.28240740740741,19.354243542435423,0.03081232492997199,0.0004984387087138687,0.049843870871386864,2.7748967416245987,0.20479577787976136,1.2778797613584212,0.6685406149609913,4.058742542450665,4.058742542450665,4.058742542450665,0.601766865534649,0.024782010096374485,0.5769848554382745,0.676905574516496,1.0,3.1191926729986434,0.09934336590766232,0.323094425483504,39.99028062066689,0.006310234052317577,Financial Services
2002-12-31,PGR,2002,Q4,USD,1,0.09429445926856067,0.10308428818081934,0.08613247527860618,0.08613247527860618,0.05972374823418616,0.05972374823418616,0.05972374823418616,1.4622446637594675,0,0,5.065394553766647,0.18787414113414527,33640211.64021164,33640211.64021164,0.017822873708709323,223544.97354497356,17.7588567674113,-0.9323399802890937,-0.9323399802890937,2.86931847133758,4.242501962015382,32.871973244147156,30.335555555555555,0.10977264014626523,0.39516985138004246,0.2832413924291421,0.2832413924291421,3.5998938428874734,-1.6311847521866585,4714285.714285715,0.13985245644325853,0.9228395061728395,9.39423076923077,10.552884615384615,0.0,0.23935527199462728,12.96,10.832826747720365,0.035479632063074903,0.0004994639087379546,0.04994639087379546,2.9251606978879705,0.17470156106519744,1.733011937557392,0.6711432506887053,4.325068870523416,4.325068870523416,4.325068870523416,0.4090909090909091,0.03156565656565657,0.37752525252525254,0.6933940774487471,1.0,2.86931847133758,0.13772254816866933,0.30660592255125285,46.75939094023601,0.006198347107438017,Financial Services
2003-03-31,PGR,2003,Q1,USD,1,0.16816176470588234,0.17558823529411766,0.1593014705882353,0.1593014705882353,0.10716911764705882,0.10716911764705882,0.10716911764705882,1.4030743835757764,0,0,5.341712490180676,0.19217182421930196,83.50673194614443,83.50673194614443,0.030557625191168974,0.14259485924112608,11.08561578044597,0.1108561578044597,0.1108561578044597,3.26938182921894,4.7521426470588235,23.879231479770922,22.77277660324172,0.10521407376006782,0.3766693646297046,0.2736091717498346,0.2736091717498346,3.580028328611898,0.33947381718737335,3.473684210526316,0.2086764705882353,0.9536645525017619,13.933609958506224,17.979253112033195,0.0,0.38114423851732476,21.581749049429657,17.905362776025235,0.018524871355060035,0.00041776820796315717,0.04177682079631572,3.1206975676916016,0.33444240477283155,1.7362322166131252,0.9770536943552088,4.536025699862322,4.536025699862322,4.536025699862322,0.6512161541991739,0.030174391922900414,0.6210417622762735,0.6727440572351719,1.0,3.26938182921894,0.11521118801828402,0.32725594276482806,30.133433835845896,0.006195502524093621,Financial Services
2003-06-30,PGR,2003,Q2,USD,1,0.15354330708661418,0.16090380006846972,0.1454296473810339,0.1454296473810339,0.09801437863745292,0.09801437863745292,0.09801437863745292,1.27727491363855,0,0,5.559573658165207,0.1908988125191977,563.9809160305343,563.9809160305343,0.028185006455630133,0.683206106870229,13.893566189311912,-4.723812504366049,-4.723812504366049,3.6321307583436058,5.4470770284149275,22.240581492871122,21.124418481147107,0.09733813466829616,0.3399990868830754,0.25373083475298125,0.25373083475298125,3.492968999680409,0.2069305071958118,28.748091603053435,0.2578568983224923,0.949814126394052,13.987341772151899,17.924050632911392,0.0,0.5057069961058144,19.925925925925927,17.394919168591223,0.01921061823262312,0.000345674716823272,0.0345674716823272,3.3559283088235294,0.32892922794117646,1.7383961397058822,1.3114659926470589,5.032858455882353,5.032858455882353,5.032858455882353,0.8653492647058824,0.04342830882352941,0.8219209558823529,0.6739642184557438,1.0,3.6321307583436058,0.09360871331574204,0.3260357815442561,36.98385531914894,0.006318933823529412,Financial Services
2003-09-30,PGR,2003,Q3,USD,1,0.1620138933973901,0.1692852041810037,0.15422320327208985,0.15422320327208985,0.10381094591962604,0.10381094591962604,0.10381094591962604,1.4313725490196079,0,0,5.621532846715328,0.19062411049094713,460.5486725663717,460.5486725663717,0.029576235296151287,0.6460176991150443,11.719924953095685,0.9668938086303949,0.9668938086303949,3.265903060668773,4.866625981951569,20.01886500200294,18.8841516563799,0.09217479549026646,0.3244962422394075,0.24499597046101215,0.24499597046101215,3.5204443960352902,0.2031468439239271,23.4188790560472,0.25770953710316175,0.9433177982113616,15.258333333333333,19.795833333333334,0.0,0.5329618689581096,17.642222222222223,15.751984126984127,0.016885553470919325,0.0003601890272014753,0.03601890272014753,3.5507146150299675,0.3686030428769018,1.7445827570308898,0.7554172429691102,5.291032733978792,5.291032733978792,5.291032733978792,0.915053019824804,0.05186721991701245,0.8631857999077917,0.673121448116186,1.0,3.265903060668773,0.09935881017024399,0.32687855188381393,31.562469798657723,0.006224066390041493,Financial Services
2003-12-31,PGR,2003,Q4,USD,1,0.1735427706283119,0.18294221549331316,0.16606737320211962,0.16606737320211962,0.11285642190259904,0.11285642190259904,0.11285642190259904,1.3485899017397593,0,0,5.422267829656234,0.19472407333476646,44.62052117263843,44.62052117263843,0.03445057728715036,0.1970684039087948,12.541168250419227,1.1600580631637785,1.1600580631637785,3.5679481572774616,5.661405500883169,68.98124519600307,55.70738671632525,0.09150262567945214,0.29614757682980164,0.22848291515857924,0.22848291515857924,3.236492664890868,0.34730788190830914,5.247557003257329,0.10162755488266464,0.8075729360645562,17.354430379746834,22.21518987341772,0.0,0.21627064035441,5.196774193548387,4.7804154302670625,0.01509223029625489,0.0003008537561034313,0.03008537561034313,3.6916627852817885,0.41662785281788545,1.762342803912436,0.7686306474149976,5.857708430367955,5.857708430367955,5.857708430367955,0.37517466231951563,0.07219375873311598,0.3029809035863996,0.679582146248813,1.0,3.5679481572774616,0.08300220848942444,0.3204178537511871,33.4941724137931,0.006287843502561714,Financial Services
2004-03-31,PGR,2004,Q1,USD,1,0.2131512361674237,0.22010181995549188,0.20690180776148523,0.20690180776148523,0.14023107642593666,0.14023107642593666,0.14023107642593666,1.4590783738101591,0,0,5.325162337662338,0.19113851030480308,105.79219948849105,105.79219948849105,0.041548695794356334,0.14769820971867006,10.302521739130436,0.3520028260869565,0.3520028260869565,3.4206647659605176,5.7789348535194955,22.399432825239277,21.051238200999446,0.0751606756827624,0.23275830957450647,0.18881098408887978,0.18881098408887978,3.0968097008192284,0.3440669610547625,5.7576726342711,0.27451757461207815,0.9398112159911161,24.55121951219512,33.107317073170734,0.0,0.6981161330335685,16.61439114391144,15.109060402684564,0.011739130434782608,0.0002848606082090497,0.028486060820904973,3.789625693160813,0.5314232902033271,1.5138632162661738,1.3131931608133087,6.4022643253234754,6.4022643253234754,6.4022643253234754,1.040318853974122,0.06261552680221812,0.9777033271719039,0.6777663179608074,1.0,3.4206647659605176,0.06804475898682467,0.32223368203919256,28.010304709141273,0.006238447319778189,Financial Services
2004-06-30,PGR,2004,Q2,USD,1,0.17660509591970067,0.18367286333669894,0.17075488507453823,0.17075488507453823,0.11471758626833758,0.11471758626833758,0.11471758626833758,1.4498406957719796,0,0,5.197407007254206,0.19006925669001565,325.75763358778624,325.75763358778624,0.03418782043266225,0.4198473282442748,11.943253947709033,-0.7912405740357237,-0.7912405740357237,3.2256722365937214,5.480405060283899,24.748177551294088,22.882474891506508,0.0728126569846529,0.22547717262112843,0.18399132816065725,0.18399132816065725,3.0966755226176326,0.20159967431780357,15.391221374045802,0.23950228663063491,0.9246125232486051,21.81725888324873,29.18781725888325,0.0,0.6251937984496124,13.264802631578947,12.182779456193353,0.01397877297437225,0.00029260813333567424,0.02926081333356742,3.8920480813684697,0.44648636153490523,1.5137540453074434,1.313915857605178,6.612575127138234,6.612575127138234,6.612575127138234,0.9321544151641239,0.07027276930189552,0.8618816458622284,0.6718260869565217,1.0,3.2256722365937214,0.06990083185241106,0.32817391304347826,31.887980598221503,0.0062413314840499305,Financial Services
2004-09-30,PGR,2004,Q3,USD,1,0.17434928020939364,0.18185255198487713,0.16850370801221462,0.16850370801221462,0.11310164315835393,0.11310164315835393,0.11310164315835393,1.2768762300865237,0,0,5.097094574562703,0.18590807593116238,410.63824884792626,410.63824884792626,0.033539026421991636,0.7949308755760369,11.769195165852405,0.0,0.0,2.986162126896102,5.324461247637051,28.101550268610897,26.002215594375798,0.06975675427261471,0.21043875387375632,0.1738532851829893,0.1738532851829893,3.016750937856793,0.19763993148559014,16.223502304147466,0.2047695215937182,0.9252947024570374,21.6318407960199,28.82587064676617,0.0,0.5457293442877074,13.385931558935361,11.913705583756345,0.01671380817690923,0.0003550329470574869,0.035503294705748686,3.9797453703703702,0.45011574074074073,1.516550925925926,2.591087962962963,7.096064814814815,7.096064814814815,7.096064814814815,0.8149305555555556,0.06087962962962963,0.7540509259259259,0.6712115982050397,1.0,2.986162126896102,0.07047130896824148,0.3287884017949603,31.28715816408124,0.007523148148148148,Financial Services
2004-12-31,PGR,2004,Q4,USD,1,0.17267783219242944,0.19240239183960606,0.16713114532319598,0.16713114532319598,0.11188073270380693,0.11188073270380693,0.11188073270380693,1.6159059111577474,0,0,5.54523630907727,0.2150742247283858,45174444.44444445,45174444.44444445,0.04043595008687411,222222.22222222222,10.207472793228538,0.6561946795646912,0.6561946795646912,3.274849672188385,4.568078140642333,74.37515418502203,67.15656324582339,0.07473682372863602,0.24911743026729255,0.19943475627746635,0.19943475627746635,3.3332622104977307,0.3383904060819967,2793333.3333333335,0.06802132092318515,0.9029435163086714,24.726829268292683,30.13170731707317,0.0,0.1957486568558748,10.30327868852459,8.269736842105264,0.014510278113663845,0.00035538370778930007,0.035538370778930004,4.643090452261307,0.5194723618090452,1.6391959798994975,1.7548994974874372,6.476633165829146,6.476633165829146,6.476633165829146,0.31582914572864323,0.030653266331658293,0.2851758793969849,0.6694188117209001,1.0,3.274849672188385,0.07606988265229969,0.3305811882790999,25.520264379130925,0.007537688442211055,Financial Services
2005-03-31,PGR,2005,Q1,USD,1,0.18199782347213472,0.18835557592072857,0.1760410103671459,0.1760410103671459,0.1181911907898505,0.1181911907898505,0.1181911907898505,1.4141422323019601,0,0,5.28340142230292,0.19701859709307573,375.84140969162996,375.84140969162996,0.034992436677287506,0.3700440528634361,11.061448994426947,0.0,0.0,3.4487119437939113,5.22946331405006,28.447172456768968,27.73005315110099,0.07247562516926966,0.2425965097831835,0.19523353548249814,0.19523353548249814,3.347284127823525,0.3312353276169127,14.504405286343612,0.1885846841170743,0.974791192103265,21.908653846153847,29.552884615384617,0.0,0.5126508369015181,39.66867469879518,29.13716814159292,0.01453840562151684,0.000328582756853141,0.032858275685314096,4.386683417085427,0.518467336683417,1.639824120603015,1.3311557788944723,6.651758793969849,6.651758793969849,6.651758793969849,0.8272613065326633,0.02085427135678392,0.8064070351758794,0.6713844151618675,1.0,3.4487119437939113,0.0703440918629766,0.3286155848381324,29.69125741219401,0.007537688442211055,Financial Services
2005-06-30,PGR,2005,Q2,USD,1,0.16918748781370993,0.1755661402189354,0.16342163170942314,0.16342163170942314,0.10982980975460294,0.10982980975460294,0.10982980975460294,1.4232873453853472,0,0,5.097401675422406,0.19448838519545808,187.29113924050634,187.29113924050634,0.03241974713840559,0.2088607594936709,12.35,-3.2109999999999927,-3.2109999999999927,3.4841999821125125,5.425592601877385,27.906045845272207,25.485306816695015,0.06959131489988732,0.2297826670244164,0.18684819129903565,0.18684819129903565,3.3018871299525983,0.20705226914891775,8.06223628691983,0.21289100582156487,0.9132539578699463,21.154589371980677,28.342995169082126,0.0,0.5949711972598474,11.52790346907994,10.585872576177286,0.014963225970073548,0.00030289931113509206,0.030289931113509208,4.552498097895004,0.5,1.6552117676895766,2.8994420492011157,7.089145320821709,7.089145320821709,7.089145320821709,0.9691858990616282,0.08407304083185392,0.8851128582297743,0.6720640872677689,1.0,3.4841999821125125,0.06594990764137953,0.3279359127322311,32.91007456766619,0.007481612985036774,Financial Services
2005-09-30,PGR,2005,Q3,USD,1,0.12933057280883367,0.13579020013802623,0.12361628709454796,0.12361628709454796,0.08427881297446514,0.08427881297446514,0.08427881297446514,1.3785820299120903,0,0,5.206237424547283,0.18911412626402369,282.2645259938838,282.2645259938838,0.024631686225139757,0.10550458715596331,16.794455453652148,-0.7633843388023704,-0.7633843388023704,3.529711556664659,5.6616670807453415,45.31460229783473,40.847219677355106,0.06707352088999796,0.22111694346441788,0.18107761475906586,0.18107761475906586,3.2966354014284485,0.20094244642228146,7.67737003058104,0.13860593512767425,0.9014140609440351,16.879227053140095,21.632850241545892,0.0,0.3908001245330012,10.143434343434343,9.063176895306858,0.019325253848673438,0.00028767312375809926,0.028767312375809925,4.625845996679862,0.3898608096028604,1.6670923253735155,1.1826075852381561,7.419869748435704,7.419869748435704,7.419869748435704,0.6411697101264207,0.06321031796705402,0.5779593921593666,0.6817775792764627,1.0,3.529711556664659,0.0626444795600688,0.3182224207235373,44.29211018499695,0.00753415911122462,Financial Services
2005-12-31,PGR,2005,Q4,USD,1,0.11950541817171437,0.14253959433175883,0.11383717699360933,0.11383717699360933,0.07824395665462629,0.07824395665462629,0.07824395665462629,1.4391970248330468,0,0,4.743640437590615,0.19043738689638387,123769811.32075472,123769811.32075472,0.028496376386706383,211320.75471698114,20.251278409090908,-2.632666193181816,-2.632666193181816,3.734922636103152,6.338160600166713,-1281.5191011235954,330.11635311143266,0.06798916321843947,0.21038067949242734,0.17381364644770306,0.17381364644770306,3.0943266475644697,0.33209378760394587,2607547.169811321,0.01919977771603223,-0.2575976845151954,18.86764705882353,20.083333333333332,0.0,0.05377850416374815,0.7951668584579977,0.7446120689655172,0.020951704545454544,0.00025864669037448535,0.025864669037448534,4.607014848950333,0.3604710701484895,1.6708909370199694,0.9974398361495136,7.818100358422939,7.818100358422939,7.818100358422939,0.0884536610343062,0.11123911930363543,-0.022785458269329237,0.6873321942885038,1.0,3.734922636103152,0.05632798855291122,0.3126678057114962,46.95972709551657,0.007552483358934972,Financial Services
2006-03-31,PGR,2006,Q1,USD,1,0.18246879182714634,0.1890791881777705,0.17686907591029527,0.17686907591029527,0.11926029118522767,0.11926029118522767,0.11926029118522767,1.3868621434253892,0,0,4.450942249240121,0.19009564756830857,381.70186335403724,381.70186335403724,0.03560418163695788,0.2194616977225673,11.65716445258818,0.20982896014658717,0.20982896014658717,3.223304992162637,5.560947308039006,33.06492122787072,28.930044052863433,0.06672482371145798,0.20345477287480804,0.16905892723230143,0.16905892723230143,3.049161639671306,0.33791155580883414,14.56935817805383,0.19222049222868692,0.8749467102458434,23.478048780487804,31.585365853658537,0.0,0.5476264591439689,7.9965909090909095,7.502132196162047,0.013284470911589555,0.00028489927729895054,0.028489927729895056,4.686251920122888,0.5588837685611879,1.6711469534050178,0.9205069124423964,8.084869431643625,8.084869431643625,8.084869431643625,0.9007936507936508,0.11264720942140297,0.7881464413722479,0.6742857142857143,1.0,3.223304992162637,0.063119926091233,0.32571428571428573,31.251765385726667,0.007424475166410651,Financial Services
2006-06-30,PGR,2006,Q2,USD,1,0.1648642088513714,0.17160656975646593,0.15963213678901805,0.15963213678901805,0.10798565225599396,0.10798565225599396,0.10798565225599396,1.3924293063952833,0,0,4.107566190317935,0.18915347964045587,261.54685314685315,261.54685314685315,0.032275441378420824,0.24615384615384617,12.458498376623378,-1.7441897727272708,-1.7441897727272708,3.106913566790714,5.381356293319669,37.19204287045666,31.070587044534413,0.06046136736963464,0.18454447783504352,0.1557936247124548,0.1557936247124548,3.052270993257867,0.20033498122484264,8.981818181818182,0.17319776693006822,0.8354095297415135,22.927835051546392,30.510309278350515,0.0,0.541849476881539,6.075685903500473,5.754480286738351,0.014735264735264736,0.00029568701399266124,0.029568701399266123,4.777605978611004,0.5159128978224455,1.5521195722200747,0.9507795387192373,8.275093415796933,8.275093415796933,8.275093415796933,0.8274706867671692,0.13619378946012112,0.6912768973070481,0.6764656191924312,1.0,3.106913566790714,0.05939800830239019,0.32353438080756886,33.193668081093826,0.0076021131297513206,Financial Services
2006-09-30,PGR,2006,Q3,USD,1,0.16692625812342232,0.17412320747623394,0.1619582147268919,0.1619582147268919,0.10999516622804661,0.10999516622804661,0.10999516622804661,1.379900689246276,0,0,3.9547578589634664,0.18763289697775898,136.69703543022416,136.69703543022416,0.033231547124983815,0.10484454085321765,11.431230468749998,2.972119921874993,2.972119921874993,2.789491964671363,5.02952038240507,48.81138389366693,40.95545156352504,0.05972931845894932,0.1765538195737329,0.15006013038799923,0.15006013038799923,2.955898780179026,0.1991549898384854,3.306579898770788,0.12280466190450615,0.8390553247321233,24.589189189189188,32.6,0.0,0.3857769529272819,6.213315217391305,5.687810945273632,0.0166015625,0.00036307470454261984,0.036307470454261984,4.8791928721174,0.5366876310272537,1.577437106918239,1.4051362683438156,8.797300838574424,8.797300838574424,8.797300838574424,0.5991876310272537,0.09643605870020965,0.502751572327044,0.6791576852926546,1.0,2.789491964671363,0.06329246393600317,0.32084231470734537,30.690666255397904,0.00890985324947589,Financial Services
2006-12-31,PGR,2006,Q4,USD,1,0.16503329904163733,0.19183496670095837,0.15991661703394877,0.15991661703394877,0.10853321782446261,0.10853321782446261,0.10853321782446261,1.4785845808982467,0,0,3.7947400862954592,0.18959968381232004,411333333.3333333,411333333.3333333,0.03956313560998773,746666.6666666666,11.143374906460464,0.0,0.0,2.609983933631291,4.837705344090097,115.73520725388602,80.71145438121047,0.06085072964413487,0.1731516373090293,0.14759527396322256,0.14759527396322256,2.8455145619723656,0.3380758653726023,29520000.0,0.05993827494720884,0.6973803071364046,27.44973544973545,31.253968253968253,0.0,0.18675664276676507,3.3044776119402983,3.012244897959184,0.01621351958094288,0.00036374796049316616,0.036374796049316614,5.006505828137707,0.5433721875847113,1.6324207102195718,0.7953374898346436,9.279750609921388,9.279750609921388,9.279750609921388,0.30008132285172134,0.09081051775548929,0.20927080509623205,0.6786863043846284,1.0,2.609983933631291,0.06634203187148438,0.3213136956153716,26.88317245272368,0.008809975603144483,Financial Services
2007-03-31,PGR,2007,Q1,USD,1,0.14961484213952478,0.1567212759032223,0.14448844526418575,0.14448844526418575,0.09859498752305522,0.09859498752305522,0.09859498752305522,1.4000683552956366,0,0,3.7631928141267736,0.18423222414887291,132.81716678297278,132.81716678297278,0.02979107261621729,0.06908583391486392,11.072074277854195,-1.195784022008252,-1.195784022008252,2.32285747265749,4.3666041011175,26.724428950863214,25.312572327044027,0.05925033855194711,0.17108186881366694,0.14608873501472347,0.14608873501472347,2.887441202781866,0.3355540994300939,4.438241451500349,0.17250732342410763,0.9471698113207547,21.61904761904762,28.185185185185187,0.0,0.5363920047229485,18.928571428571427,18.928571428571427,0.0,0.0,0.0,4.997018162103551,0.49268094334507995,1.632691786391976,0.8189211168338303,9.393602602331255,9.393602602331255,9.393602602331255,0.8620222282461372,0.04554079696394687,0.8164814312821903,0.6823728177210437,1.0,2.32285747265749,0.07365147058202365,0.31762718227895625,29.89718933887158,0.0,Financial Services
2007-06-30,PGR,2007,Q2,USD,1,0.1162708452351805,0.12788704806986045,0.11069397970565031,0.11069397970565031,0.07717837808427867,0.07717837808427867,0.07717837808427867,1.226199212756021,0,0,3.7228073728985214,0.17443151620985498,357.4128113879004,357.4128113879004,0.020962448701728247,0.2491103202846975,15.220897074374339,-0.7458239566443426,-0.7458239566443426,3.1388311617510767,4.6988965967518155,32.43694647887324,30.436429955947133,0.10311954293523651,0.3949008704501263,0.28310317873892654,0.28310317873892654,3.8295444220320194,0.1888961402679356,10.097864768683275,0.15438396039065264,0.9383259911894273,16.921951219512195,19.848780487804877,0.0,0.26114766922829136,16.214285714285715,16.214285714285715,0.0,0.0,0.0,5.092684954280965,0.39304516486561375,3.0390689941812137,0.40454419506788586,7.6238570241064005,7.6238570241064005,7.6238570241064005,0.786228872263785,0.048489886395123305,0.7377389858686617,0.6972229048906365,1.0,3.1388311617510767,0.12581144066054856,0.30277709510936346,41.33540523292916,0.0,Financial Services
2007-09-30,PGR,2007,Q3,USD,1,0.12327474660340737,0.1319010135863705,0.11392063834375674,0.11392063834375674,0.08065559629070519,0.08065559629070519,0.08065559629070519,1.24931802108241,0,0,3.7466922533077467,0.18863491902061988,366.9056974459725,366.9056974459725,0.023125907719807843,0.1512770137524558,11.441906751336896,1.115585908255349,1.115585908255349,2.5624869477348002,3.691415246926892,30.876378804960538,28.90790373654211,0.11052350563169001,0.406725425251221,0.28912922020911486,0.28912922020911486,3.679990269278991,0.19193377312120036,9.306483300589392,0.12769570843217598,0.9362465695587925,10.544668587896254,12.178674351585014,0.0,0.21794340924775707,15.685430463576159,0.32971392775109626,4.7008689839572195,0.1027116608734807,10.271166087348071,5.279817819527469,0.425846854540279,3.14289780814119,0.5434101907201822,7.605892399658412,7.605892399658412,7.605892399658412,0.6742100768573869,0.04298320523768859,0.6312268716196983,0.7079981069569332,1.0,2.5624869477348002,0.15872292563704965,0.29200189304306673,32.41257715103208,2.0018502704241388,Financial Services
2007-12-31,PGR,2007,Q4,USD,1,0.1010651542398672,0.1309724719878268,0.09152026559690137,0.09152026559690137,0.06532023793055748,0.06532023793055748,0.06532023793055748,1.5091227923677508,0,0,3.6130547780887645,0.19182087873014525,60506521.73913044,60506521.73913044,0.024749058068969484,126086.95652173914,13.623401101228293,-0.7322578091910207,-0.7322578091910207,2.6068159254381524,3.5595352054226033,168.62306684141546,113.05746924428823,0.11536849032271759,0.4404619592746429,0.3057782653951107,0.3057782653951107,3.81787052983487,0.33767908181247286,2473913.0434782607,0.03148429934984092,0.6704745166959578,10.976811594202898,9.58840579710145,0.0,0.05234831408988454,3.034666666666667,0.07880888122293588,5.957220200338839,0.1093196213646263,10.93196213646263,5.382725241995533,0.3516008935219658,3.2887565152643337,0.578108711839166,7.349962769918093,7.349962769918093,7.349962769918093,0.16947133283693225,0.05584512285927029,0.11362620997766196,0.7137243047158404,1.0,2.6068159254381524,0.16896550116042824,0.28627569528415964,31.75758343895226,2.09456394534624,Financial Services
2008-03-31,PGR,2008,Q1,USD,1,0.1036002119412142,0.11204997350734823,0.09403497030034301,0.09403497030034301,0.06676148247301933,0.06676148247301933,0.06676148247301933,1.4325263662511984,0,0,3.5837497501499103,0.19158723713455292,92.95278069254984,92.95278069254984,0.019309525173263075,0.04459601259181532,11.268802213868003,3.9440807748537847,3.9440807748537847,2.271981851103251,3.0092877659722803,24.682079139981703,23.387527091460772,0.11616836211318174,0.45778591881421593,0.3140282210892705,0.3140282210892705,3.9407107966986694,0.35312538547200906,2.4207764952780693,0.12867062662093198,0.9475509319462505,8.862973760932945,9.830903790087463,0.0,0.2122062272915421,19.06611570247934,3.766530612244898,0.41060985797827904,0.009109438833547015,0.9109438833547014,5.340134028294862,0.35651526433358155,3.289054355919583,2.296053611317945,7.073119880863738,7.073119880863738,7.073119880863738,0.6871183916604616,0.03603871928518243,0.6510796723752792,0.7099644128113879,1.0,2.271981851103251,0.20149189069970777,0.2900355871886121,32.24690144350423,0.14638868205510053,Financial Services
2008-06-30,PGR,2008,Q2,USD,1,0.09523270938189221,0.10476163546909462,0.08553412882429452,0.08553412882429452,0.06093423061697676,0.06093423061697676,0.06093423061697676,1.4059232756907176,0,0,3.5270768923905456,0.18697923275388065,61.512362637362635,61.512362637362635,0.017662610125523604,0.033997252747252744,14.493883990719258,-1.3044495591647338,-1.3044495591647338,2.599880969722193,3.532694678504779,27.69,26.12111227263224,0.11497589138434208,0.4525439600457809,0.31155267757370847,0.31155267757370847,3.935990011445219,0.20124390424327263,1.6425137362637363,0.13524288865011594,0.9433409993727786,8.26530612244898,8.819241982507288,0.0,0.21993838230560536,17.649446494464943,17.649446494464943,0.0,0.0,0.0,5.299071021875936,0.322894815702727,3.3098591549295775,0.7837878333832784,7.200329637398862,7.200329637398862,7.200329637398862,0.7166616721606233,0.0406053341324543,0.676056338028169,0.7123966942148761,1.0,2.599880969722193,0.17406333802048515,0.28760330578512394,39.56417813765182,0.0,Financial Services
2008-09-30,PGR,2008,Q3,USD,1,-0.4735984797068006,-0.45825980724854076,-0.48907289262929277,-0.48907289262929277,-0.3095787520926655,-0.3095787520926655,-0.3095787520926655,0.8550371402042711,0,0,2.206789815277084,0.11857014099015001,24.345893719806764,24.345893719806764,-0.04522567633354197,0.009109730848861283,-4.23619555685472,0.01004135243106304,0.01004135243106304,2.7211237853823405,5.245744536446314,24.42819216182048,23.243023255813952,0.11669241829223803,0.5105149509458762,0.3379741131500847,0.3379741131500847,4.374876777918603,0.12799078044783163,0.6884748102139406,0.2256911451970499,0.9514835605453087,-18.014619883040936,-31.605263157894736,0.0,0.2293227897567928,20.611570247933884,20.611570247933884,0.0,0.0,0.0,3.3169743358847366,-1.0268647756265947,3.315773675521537,1.1112111661413777,6.394416929311121,6.394416929311121,6.394416929311121,0.7486117364550503,0.036319975986792735,0.7122917604682576,0.6329910259968545,1.0,2.7211237853823405,0.18761180718360615,0.3670089740031455,-13.588191153238547,0.0,Financial Services
2008-12-31,PGR,2008,Q4,USD,1,0.07207412687099074,0.08225231646471846,0.06240912330719886,0.06240912330719886,0.04541696364932288,0.04541696364932288,0.04541696364932288,1.4562401395001245,0,0,3.5177013338682177,0.19218651543793322,52738165.68047338,52738165.68047338,0.013893638850889192,42899.40828402367,15.49797237915882,-0.12569221693333532,-0.12569221693333532,2.3427295803382915,2.8154833927298646,112.60328392246294,89.20784101174345,0.11920221363798252,0.5160961260171281,0.34041121612317704,0.34041121612317704,4.329585082912248,0.3425426785790404,1637573.9644970417,0.03156094084105488,0.7922312556458898,6.752212389380531,6.457227138643068,0.0,0.050884854056538725,4.8130434782608695,0.9126156440039481,0.6170727922159447,0.009954089107904279,0.9954089107904279,5.260197960407918,0.23890221955608879,3.3134373125374923,1.7344031193761247,6.321685662867426,6.321685662867426,6.321685662867426,0.16601679664067187,0.034493101379724056,0.13152369526094781,0.7277295568752855,1.0,2.3427295803382915,0.2202969264351046,0.2722704431247145,41.7605129982669,0.14742005968806238,Financial Services
2009-03-31,PGR,2009,Q1,USD,1,0.11833227610864426,0.1269534628914134,0.10861542010264691,0.10861542010264691,0.06703765642119831,0.06703765642119831,0.06703765642119831,1.3780197075651621,0,0,3.476892230576441,0.19040246828181015,22.477937336814623,22.477937336814623,0.018861685763165083,0.17558746736292427,9.662348387096774,0.21081487390029327,0.21081487390029327,2.0881611786303536,2.590964765584453,17.274094579008075,16.597680088659033,0.11945583609203353,0.5056352101875305,0.33582849734535125,0.33582849734535125,4.23282132317059,0.34652199225790253,0.7067885117493472,0.15610403090940544,0.9608422608053195,8.786350148367953,11.178041543026707,0.0,0.24881658164437703,25.537735849056602,25.537735849056602,0.0,0.0,0.0,5.18725695483099,0.3477415495064313,3.3048160335028416,2.1362548609033802,6.4362847741549505,6.4362847741549505,6.4362847741549505,0.8097517200119653,0.03170804666467245,0.7780436733472929,0.6172020175205734,1.0,2.0881611786303536,0.2421437652237084,0.3827979824794266,25.045160118101293,0.0,Financial Services
2009-06-30,PGR,2009,Q2,USD,1,0.10844146783870517,0.11753871912934283,0.09875819729314915,0.09875819729314915,0.06979210269289801,0.06979210269289801,0.06979210269289801,1.4080550098231828,0,0,3.6200626325891503,0.18773968440243927,24.87438152831226,24.87438152831226,0.019961024105743297,0.2208631115997801,10.107568972411034,1.7688245701719303,1.7688245701719303,2.0531191878172588,2.821713966792242,27.358257575757577,26.148466511507625,0.11402166851778117,0.44190862944162435,0.30647477962091985,0.30647477962091985,3.8756548223350253,0.21189660320904943,0.5314733369983508,0.10791125994139808,0.9557796741660202,9.146974063400576,10.198847262247838,0.0,0.1776787355265576,22.614035087719298,22.614035087719298,0.0,0.0,0.0,5.354901374775852,0.373729826658697,3.3040944411237296,1.9394799760908548,7.359533771667663,7.359533771667663,7.359533771667663,0.5778541542139869,0.025552898983861327,0.5523012552301255,0.7066968070076293,1.0,2.0531191878172588,0.21523768910436833,0.29330319299237073,28.792288698955364,0.0,Financial Services
2009-09-30,PGR,2009,Q3,USD,1,0.11287551269260614,0.11362376676643388,0.10309278350515463,0.10309278350515463,0.07479769426892806,0.07479769426892806,0.07479769426892806,1.368840332309093,0,0,3.704342469972282,0.1799934156050161,38.85394173966185,38.5025463434508,0.018734107621469313,0.35139539621104093,10.238871804371987,1.2627941892058776,1.2627941892058776,2.0111138199548795,3.063376011528655,23.271338947368417,22.697917864476384,0.10858265909793789,0.3960410450476676,0.2836886826877965,0.2836886826877965,3.6473691871042866,0.20072593766948976,0.9920554084334895,0.13496286442744707,0.9753593429158111,8.722379603399434,10.538243626062323,0.0,0.22372289599411982,40.583333333333336,40.583333333333336,0.0,0.0,0.0,5.412329383530824,0.4048297585120744,3.3179841007949604,2.1004949752512374,8.24418779061047,8.24418779061047,8.24418779061047,0.7304634768261586,0.01799910004499775,0.7124643767811609,0.7255376344086022,1.0,2.0111138199548795,0.19692622124020462,0.27446236559139786,31.84923414634146,0.0,Financial Services
2009-12-31,PGR,2009,Q4,USD,1,0.12551915089986157,0.1343383069271394,0.1164692611393119,0.1164692611393119,0.07819309849766702,0.07819309849766702,0.07819309849766702,1.5889685514094836,0,0,4.057630292312494,0.19455043318220586,101.1917808219178,101.1917808219178,0.023733103973931347,4.402739726027397,9.752939344262293,0.6501959562841533,0.6501959562841533,2.0698232613157983,3.050450187150694,214.77592057761728,165.94959553695955,0.10859231993136917,0.378735692168528,0.27469782230184964,0.27469782230184964,3.4876839578332115,0.35078126756446865,1.9643835616438357,0.01838178741732041,0.7726638772663877,10.614730878186968,12.869688385269122,0.0,0.032932206503766305,4.398773006134969,0.7547368421052632,0.2580327868852459,0.006614231304459203,0.6614231304459203,5.897490172361657,0.46114302993649836,3.3451768974901723,1.8728454792863622,8.691563350468703,8.691563350468703,8.691563350468703,0.10840641064408829,0.024644693075294828,0.08376171756879347,0.6713625357693155,1.0,2.0698232613157983,0.18297972549007085,0.3286374642306846,26.555507633587784,0.11899002116722104,Financial Services
2010-03-31,PGR,2010,Q1,USD,1,0.12932704110859544,0.13794702528710548,0.1197250334160779,0.1197250334160779,0.0806350418723915,0.0806350418723915,0.0806350418723915,1.3463219361709942,0,0,3.8334204747464184,0.17416112005853038,24.067681895093063,24.067681895093063,0.02205238114494453,0.8747884940778342,10.67838802435724,-4.912058491204333,-4.912058491204333,2.0327016018675037,3.44420906189476,19.33556814701378,18.84496417910448,0.10345908812336986,0.35059164453030667,0.2595837505364039,0.2595837505364039,3.388698382033325,0.9464172765880545,3.778905809362662,0.18276548732916884,0.9746268656716418,10.295454545454545,12.46875,0.0,0.30766404922624785,39.411764705882355,5.3514376996805115,0.36603518267929636,0.008569532729199756,0.8569532729199756,5.542636830964621,0.4469307529482915,3.345781675234351,2.334895675839129,9.391442394919867,9.391442394919867,9.391442394919867,1.0130027214998487,0.025703054127608104,0.9872996673722407,0.6735019366598314,1.0,2.0327016018675037,0.172475706325123,0.3264980633401686,28.967225627842595,0.16359237980042335,Financial Services
2010-06-30,PGR,2010,Q2,USD,1,0.0944036025282804,0.10362694300518134,0.0848818598594797,0.0848818598594797,0.05748311314868568,0.05748311314868568,0.05748311314868568,1.3326223700383197,0,0,3.889733037881186,0.17148293218462454,10.964482841372691,10.964482841372691,0.016186150605581887,0.36909047276217904,14.585521472392637,-0.5048834355828221,-0.5048834355828221,1.9608996605653013,3.353684724520522,23.70147239263804,23.129444340505145,0.10132299991626582,0.34547790502173015,0.2567696606033456,0.2567696606033456,3.40966913047616,0.8945050411909586,1.2826973842092633,0.14499633779128124,0.9758652946679139,8.005698005698006,8.914529914529915,0.0,0.24539736467563472,41.434108527131784,41.434108527131784,0.0,0.0,0.0,5.581920048455482,0.32086614173228345,3.3513022410660205,2.729709267110842,9.54663840096911,9.54663840096911,9.54663840096911,0.8093579648697758,0.019533615990308905,0.789824348879467,0.6772131671460531,1.0,1.9608996605653013,0.17618336724181666,0.32278683285394694,37.6622722513089,0.0,Financial Services
2010-09-30,PGR,2010,Q3,USD,1,0.11137094416837182,0.11987457149690414,0.10289389067524116,0.10289389067524116,0.06951715341075178,0.06951715341075178,0.06951715341075178,1.316413629049185,0,0,4.037660944206008,0.17085584562996595,0.36167902344042535,0.4976409795551561,0.019175755992423747,0.0116078783793904,13.0796502293578,0.523186009174312,0.523186009174312,2.038812155519142,3.6370402062129625,29.509586028460543,28.911166032953105,0.08889897843359819,0.29167287352897364,0.22581017183715835,0.1785163611444235,3.2809474154625353,-1.721730377690847,0.03545270725679622,0.12580053679147513,0.9797211660329531,0.6131098135242041,12.137931034482758,0.9486973947895792,0.24177732379979572,49.3125,49.3125,0.0,0.0,0.0,5.738182372674596,0.3989021043000915,3.034309240622141,3.004727050930162,10.237877401646843,10.237877401646843,10.236352546508082,0.7218664226898445,0.01463860933211345,0.707227813357731,0.6756198347107438,1.0,2.038812155519142,0.14304558651978375,0.3243801652892562,34.337277765462204,0.0,Financial Services
2010-12-31,PGR,2010,Q4,USD,1,0.11882808238747046,0.13612633438092517,0.11069842341757356,0.11069842341757356,0.0777122672138386,0.0777122672138386,0.0777122672138386,1.3151943704310993,0,0,4.128350847094145,0.18203524299891727,81.89117043121149,81.89117043121149,0.024222919729296622,3.2628336755646816,10.821579211229947,0.7214386140819969,0.7214386140819969,2.1410944138603716,3.3638778213552896,-544.1708403361345,9250.904285714287,0.09258497515401673,0.32372828117508967,0.2445579548151016,0.2445579548151016,3.496553092297773,-1.6797626578826814,0.028747433264887063,0.00036362691878133035,-17.0,12.686900958466454,13.616613418530351,0.0,0.0007149422939434174,0.05555555555555555,0.00205670633171735,2.190842245989305,0.05061281267792662,5.061281267792661,5.906873274010433,0.45903651426818043,3.0523166615526236,1.9173059220619821,9.280300705737956,9.280300705737956,9.280300705737956,0.0021478981282602025,0.038662166308683646,-0.03651426818042344,0.7020178320037541,1.0,2.1410944138603716,0.15119757404411274,0.2979821679962459,28.14456401450105,1.005676587910402,Financial Services
2011-03-31,PGR,2011,Q1,USD,1,0.14817002696802362,0.15669705920123284,0.140079619879286,0.140079619879286,0.09320662642866316,0.09320662642866316,0.09320662642866316,1.3295202322007853,0,0,4.198296312270865,0.18087345129865606,1996.5733333333333,1975.84,0.026049784617408176,20.733333333333334,9.48782998071094,0.43644017911270305,0.43644017911270305,2.17899155143499,3.5373144985231795,20.994716463414633,20.44919673348181,0.09099186568862916,0.3098914660000633,0.2365779715676446,0.2365779715676446,3.405705154573933,0.41187546942272907,89.8,0.17298060870681906,0.9740163325909429,13.574603174603174,17.314285714285713,0.0,0.3438505130954204,38.48571428571429,2.3959445037353255,0.7263709010746762,0.019139542512655986,1.9139542512655987,5.973458115986499,0.5567658791040196,3.0533906106167534,1.9697760049094815,9.697146363915312,9.697146363915312,9.697146363915312,1.0332924209880332,0.02684872660325253,1.0064436943847805,0.6653832049871654,1.0,2.17899155143499,0.142217837327539,0.3346167950128346,25.529804950008195,0.404418533292421,Financial Services
2011-06-30,PGR,2011,Q2,USD,1,0.10049836031709143,0.1092519430888011,0.09236450021948511,0.09236450021948511,0.0633149998708911,0.0633149998708911,0.0633149998708911,1.2984308992154496,0,0,4.222767419038273,0.17758487866615308,133.93895870736085,132.5951526032316,0.018055259055123205,1.343806104129264,14.02953507340946,-0.436474424506072,-0.436474424506072,2.167126230411843,3.5531200454463296,40.530686303387334,38.479217002237135,0.08983565362534163,0.30854397984093235,0.2357918301518908,0.2357918301518908,3.434538152610442,0.2601204989219578,3.2100538599640935,0.09233867844139748,0.9493847874720358,9.86031746031746,11.355555555555556,0.0,0.1825327956714818,19.756906077348066,19.756906077348066,0.0,0.0,0.0,6.017246737103791,0.3809819763828465,3.0929148539465507,2.320074580484773,9.865599751398385,9.865599751398385,9.865599751398385,0.5556246115599751,0.0281230577998757,0.5275015537600994,0.6854906346100084,1.0,2.167126230411843,0.14237471519243078,0.31450936538999164,36.79878988418813,0.0,Financial Services
2011-09-30,PGR,2011,Q3,USD,1,0.06347248825798325,0.07255123192778988,0.05470861431082889,0.05470861431082889,0.03954238933641206,0.03954238933641206,0.03954238933641206,1.2349643551523006,0,0,4.183884070699309,0.17210297909620081,50.49212730318258,49.92160804020101,0.011348603625673689,0.5705192629815745,18.470046449900465,-0.501329832211584,-0.501329832211584,1.9142313842133316,2.9213990711343185,24.935596864501683,23.984799655320987,0.11036248605736014,0.4201812148616818,0.2958645069126655,0.2958645069126655,3.8072829805890342,0.2576564760604135,1.555108877721943,0.12180210437931306,0.9618698836708316,6.547904191616767,6.24251497005988,0.0,0.18994230533164205,26.225988700564972,26.225988700564972,0.0,0.0,0.0,6.079278991864731,0.2403892167809858,3.9516669325251237,2.9829318870633275,9.277875259211996,9.277875259211996,9.277875259211996,0.740468974318073,0.02823416812888818,0.7122348061891849,0.7227817745803358,1.0,1.9142313842133316,0.21950387937786242,0.2772182254196643,48.48949005424956,0.0,Financial Services
2011-12-31,PGR,2011,Q4,USD,1,0.10473428476939123,0.10137627515327279,0.0954997583250655,0.0954997583250655,0.06530311124678827,0.06530311124678827,0.06530311124678827,1.3416956788859309,0,0,4.313508175134423,0.1799467150076906,284.9289827255278,284.9289827255278,0.015182596442221958,2.9884836852207295,11.518272302298405,0.15357696403064539,0.15357696403064539,2.03677854891763,3.0087160701111704,-514.2157391304348,4548.831538461538,0.11179319563465905,0.4205658980143627,0.296055183784308,0.250661367126505,3.761999070039782,0.2659058854566547,0.04990403071017274,0.0006614261365081788,-8.846153846153847,0.5220149253731343,10.341597796143251,0.005203121873123874,0.001064657466934196,0.1015625,0.0049457865702872365,1.9481885469419555,0.042284738887298355,4.228473888729836,6.48449356647971,0.42345760475090727,4.0884196634774,2.8167271527548663,9.578851864071263,9.578851864071263,9.578851864071263,0.004289013526888816,0.04223028703398218,-0.03794127350709337,0.6838039424613745,1.0,2.03677854891763,0.20648582450844097,0.31619605753862545,35.41621580928482,0.824975255691191,Financial Services
2012-03-31,PGR,2012,Q1,USD,1,0.10089985204589003,0.10630866623008077,0.09316257973756337,0.09316257973756337,0.062480292997647284,0.062480292997647284,0.062480292997647284,1.3016258879242304,0,0,4.499017896115234,0.18513828454419312,1351.8761061946902,1338.070796460177,0.017473109888943687,13.805309734513274,13.637146739130435,0.0,0.0,2.2481306796365033,3.4082116956511195,20.691674274775437,19.83584980237154,0.09340212759269488,0.33277870216306155,0.24968789013732834,0.24968789013732834,3.5628599769614744,0.27433328010220376,62.690265486725664,0.17182080574353004,0.9586391869000565,9.774294670846395,12.04075235109718,0.0,0.34057692307692305,24.177474402730375,2.5272921869425615,0.9743788819875776,0.017862587032074943,1.7862587032074944,6.801220719234576,0.42494226327944573,3.483833718244804,2.7649290663147474,10.310788518640713,10.310788518640713,10.310788518640713,1.1685912240184757,0.048333883206862424,1.1202573408116134,0.6706586826347305,1.0,2.2481306796365033,0.14802462560444574,0.32934131736526945,36.449272187999085,0.41405476740349717,Financial Services
2012-06-30,PGR,2012,Q2,USD,1,0.0474618439309124,0.05301181761638199,0.040117697717812546,0.040117697717812546,0.028371848236926463,0.028371848236926463,0.028371848236926463,1.2973526582042767,0,0,4.572022312151373,0.18399577446190413,104.62449255751015,102.50473612990528,0.0086292933472895,1.1197564276048715,26.555615514333894,-0.5069708416372836,-0.5069708416372836,2.0039423535774503,3.013727572843404,31.299339130434777,29.5242184204359,0.09079624983493992,0.3281264912671396,0.2470596689582485,0.2470596689582485,3.613877135494544,0.27338901133398297,2.8870094722598107,0.10207645567197741,0.943285680806187,5.618892508143323,5.462540716612378,0.0,0.206854760519682,17.632231404958677,17.632231404958677,0.0,0.0,0.0,6.911706349206349,0.1960978835978836,3.461474867724868,3.0500992063492065,10.394510582010582,10.394510582010582,10.394510582010582,0.7055224867724867,0.040013227513227514,0.6655092592592593,0.7072152653548003,1.0,2.0039423535774503,0.1637404841917564,0.2927847346451998,65.41193140794223,0.0,Financial Services
2012-09-30,PGR,2012,Q3,USD,1,0.10021037392268192,0.10554889497138462,0.09328839324088946,0.09328839324088946,0.0626597597665528,0.0626597597665528,0.0626597597665528,1.3172526817640047,0,0,4.8145284251797,0.1886825470671339,334.2489451476793,329.1940928270042,0.01781365002044481,4.0548523206751055,11.34809657039711,0.08729305054151626,0.08729305054151626,1.9183002776675924,2.8442760196348993,25.172554554554555,23.71499622783855,0.08803933536213203,0.3146950233423855,0.23936731922992122,0.23936731922992122,3.574482043145272,0.28418247797452406,11.185654008438819,0.11993575678060035,0.9420973217653715,10.823529411764707,13.477124183006536,0.0,0.2570417414068939,17.270358306188925,16.517133956386292,0.005054151624548736,0.00011134359831174475,0.011134359831174475,7.344575510882207,0.46020933709918593,3.4778202359195878,4.296893171623193,10.889848812095032,10.889848812095032,10.889848812095032,0.8808772221299219,0.05100515035720219,0.8298720717727197,0.6716779825412221,1.0,1.9183002776675924,0.1640488858840256,0.32832201745877787,30.95626018002572,0.0023259677687323477,Financial Services
2012-12-31,PGR,2012,Q4,USD,1,0.08444170862004528,0.07993492646250577,0.07771451183854727,0.07771451183854727,0.054762899289907005,0.054762899289907005,0.054762899289907005,1.4287464271131074,0,0,4.8716932633608225,0.20043005635677053,313.39337474120083,313.39337474120083,0.013698712225171833,3.7080745341614905,12.712093536732237,-1.1695126053793654,-1.1695126053793654,2.108594972532046,2.784604392463781,-727.95,485.30000000000007,0.09090668746447408,0.34344930913933747,0.2556473897473389,0.24155955657685413,3.7780422840019976,0.2945610433678921,0.5403726708074534,0.005737903137160068,-0.6666666666666666,1.43601108033241,11.552287581699346,0.1741160773849233,0.01265086520285008,0.6,0.040477667493796526,2.413890004014452,0.04747231439572472,4.747231439572472,7.577377977677828,0.4149591870731301,3.4877561219390305,23.22705314009662,10.006663334999168,9.282858570714643,10.006663334999168,0.043478260869565216,0.07246376811594203,-0.028985507246376812,0.7046676096181047,1.0,2.108594972532046,0.1628806449855641,0.29533239038189535,40.017409240924096,1.0016658337497917,Financial Services
2013-03-31,PGR,2013,Q1,USD,1,0.1113868646075401,0.11673397558829501,0.10448299979694516,0.10448299979694516,0.069625250998353,0.069625250998353,0.069625250998353,1.3143255345016753,0,0,4.735869216796666,0.18826002930745217,1.0290788601722995,1.0217760106030485,0.019371913931105243,0.007302849569251159,12.314635450421257,0.5049000534672715,0.5049000534672715,2.378976806785815,3.4296383367551835,21.89110887096774,21.051358537598666,0.08764627179476289,0.322936555134746,0.24410585215241384,0.23045981164342316,3.6845441171867663,0.5709004727127529,0.047852882703777334,0.16291767254021614,0.9616396620966625,2.0105263157894737,15.133986928104575,4.817211474316211,0.34993942330991035,26.068592057761734,3.5518937530742747,0.5690213869086196,0.011551730239995747,1.1551730239995748,7.37978687978688,0.5138195138195139,3.4866799866799867,24.106227106227106,10.639027639027638,10.72061272061272,10.639027639027638,1.2022977022977024,0.04612054612054612,1.156177156177156,0.6663787518894407,1.0,2.378976806785815,0.13574598718810493,0.33362124811055927,33.15517201391573,0.29237429237429235,Financial Services
2013-06-30,PGR,2013,Q2,USD,1,0.11259042970452367,0.11810337313693019,0.10596618146953718,0.10596618146953718,0.07073128214067811,0.07073128214067811,0.07073128214067811,1.3490108468796849,0,0,4.827687776141384,0.19248546670133967,1.078287662252524,1.0719352301035794,0.020204528262664643,0.006352432148944539,11.815469038817007,2.0086297365988908,2.0086297365988908,2.351538956758994,3.34289309683605,41.096182694883474,36.95785352927006,0.08656645051967553,0.3163598461043241,0.24032930436200192,0.22682452772049586,3.654531798464109,5.620575627679118,0.027212534417202044,0.09045149481391092,0.8993013731630932,2.108093126385809,15.99671052631579,2.767333333333333,0.20112408546925722,9.930622009569378,9.930622009569378,0.0,0.0,0.0,7.655045871559633,0.5414512093411176,3.4934111759799835,24.360967472894078,10.882235195996664,10.995496246872394,10.882235195996664,0.6924103419516263,0.06972477064220184,0.6226855713094245,0.6674892041949414,1.0,2.351538956758994,0.13453310870951793,0.3325107958050586,31.933957564575646,0.0,Financial Services
2013-09-30,PGR,2013,Q3,USD,1,0.0830457481638793,0.08877532961684807,0.07632067958587736,0.07632067958587736,0.051411379523935936,0.051411379523935936,0.051411379523935936,1.291247714808044,0,0,4.73191667538993,0.1844391221148236,1.1078892072588347,1.1014645017510347,0.014579793749259157,0.0064247055078000635,17.543079819277107,-0.6315508734939759,-0.6315508734939759,2.4008549009215914,3.6076557384302275,28.376626065773447,26.699487557301904,0.08203550546944172,0.29599858669728824,0.22839422028353326,0.21501872139786438,3.608176545063746,3.12982067437513,0.03889207258834766,0.1351207857711707,0.9408971840209561,1.6003325942350333,11.348684210526315,4.072,0.30378991345866907,16.9196675900277,16.9196675900277,0.0,0.0,0.0,7.5478377024545,0.38804474870596095,3.4079145099348804,25.120554349641008,11.341793287694106,11.387543830355652,11.341793287694106,1.0198697612289196,0.06027717482050426,0.9595925864084154,0.673623188405797,1.0,2.4008549009215914,0.1232888279019554,0.3263768115942029,45.39682780961874,0.0,Financial Services
2013-12-31,PGR,2013,Q4,USD,1,0.09803879076823058,0.10375988731173474,0.09223101094376422,0.09223101094376422,0.06496911908115723,0.06496911908115723,0.06496911908115723,1.3938139970399008,0,0,4.802268706421064,0.1890553174752747,244.9522431259045,244.9522431259045,0.01790468035589806,1.0868306801736614,13.505381087391596,0.47882714764388407,0.47882714764388407,2.6166334922045396,3.5097308484126124,138.30617421007685,106.62049374588545,0.07624077154398931,0.3006543339526618,0.2311562158402067,0.2311562158402067,3.943484934162695,0.49747998814112065,2.1982633863965266,0.03291797594538953,0.7709019091507571,13.171641791044776,15.880597014925373,0.0,0.08162716964909453,4.364942528735632,4.364942528735632,0.0,0.0,0.0,7.769826570129651,0.5047987876746927,3.1784812257955886,25.06836167705001,10.421788179828255,9.668125947129147,10.421788179828255,0.2557669641353763,0.0585957231857215,0.19717124094965482,0.7044172932330827,1.0,2.6166334922045396,0.11490120219295881,0.2955827067669173,37.555248538011696,0.0,Financial Services
2014-03-31,PGR,2014,Q1,USD,1,0.10811098118422452,0.11295843520782396,0.10243435739343043,0.10243435739343043,0.06831083235888169,0.06831083235888169,0.06831083235888169,1.3377798003356183,0,0,4.951052631578947,0.19343708102683896,1.0064185814185813,1.000380869130869,0.019248411348787256,0.006037712287712288,11.192233115468408,1.3990291394335497,1.3990291394335497,2.234066101326375,3.0582030402891465,22.321939788950964,21.77453527096579,0.07654819579361227,0.28908458360513156,0.22425571392426416,0.22425571392426416,3.776504208989532,0.5546612892764697,0.04124625374625374,0.14044860210481555,0.9754768392370572,13.887640449438202,18.04494382022472,0.0,0.3549132326868318,40.77777777777778,0.7268926056338029,2.778089013383131,0.06205394814247631,6.205394814247631,7.919683448391985,0.541000168378515,3.178986361340293,24.37413706011113,10.841219060447887,10.927260481562552,10.841219060447887,1.1123084694392995,0.027277319414042767,1.0850311500252567,0.6668742216687422,1.0,2.234066101326375,0.129398402058695,0.3331257783312578,30.394989648033125,1.5029466240107763,Financial Services
2014-06-30,PGR,2014,Q2,USD,1,0.09861683032414739,0.10366381585893782,0.0923661704149509,0.0923661704149509,0.06195755464048147,0.06195755464048147,0.06195755464048147,1.3278467879875502,0,0,4.971653543307086,0.18605098869668052,0.9838964511424404,0.9762335926105979,0.017001098400621535,0.007662858531842489,12.775078391274711,-1.7246355828220834,-1.7246355828220834,2.2083355918223058,3.1660504698553478,42.581175802328886,39.39262217551235,0.0867491464559752,0.3252224120662228,0.24540968301249277,0.24540968301249277,3.748998409238202,-58.39087546239211,0.023128342245989305,0.08037166085946573,0.9251182343667893,11.719594594594595,14.777027027027026,0.0,0.1723731884057971,13.35438596491228,13.35438596491228,0.0,0.0,0.0,8.009979702300406,0.49627875507442487,3.784844384303112,26.62956698240866,11.483761840324764,11.65087956698241,11.483761840324764,0.6437753721244925,0.04820703653585927,0.5955683355886333,0.6707818930041153,1.0,2.2083355918223058,0.14727037560348838,0.3292181069958848,34.78250560195559,0.0,Financial Services
2014-09-30,PGR,2014,Q3,USD,1,0.09911894273127753,0.10438430878959513,0.09267883364799664,0.09267883364799664,0.06211453744493392,0.06211453744493392,0.06211453744493392,1.286431347150259,0,0,4.99685534591195,0.18386947465864384,1.0141795923218637,1.008795388363939,0.016913541891557447,0.0053842039579247635,12.588774062816617,0.0,0.0,2.1498917134082163,3.1277835116425425,25.38328907048008,24.192996917085836,0.08347990434313045,0.31207013395238853,0.2378456195876742,0.2378456195876742,3.7382665493922396,-361.1363636363636,0.036625661139834786,0.12928466540801342,0.9531072529612202,11.462540716612377,14.390879478827362,0.0,0.2847571963221365,21.325259515570934,21.325259515570934,0.0,0.0,0.0,8.082400813835198,0.5020345879959308,3.721600542556799,27.18056968463886,11.758731773482536,11.856052899287894,11.758731773482536,1.044930484910139,0.048999660902000676,0.9959308240081384,0.6702127659574468,1.0,2.1498917134082163,0.1451562104296243,0.32978723404255317,34.1315192926045,0.0,Financial Services
2014-12-31,PGR,2014,Q4,USD,1,0.11144199717672539,0.1163343840040222,0.10566008547173825,0.10566008547173825,0.07158741515673042,0.07158741515673042,0.07158741515673042,0.0,0,0,5.383406204455548,0.20053436535389102,77.78389261744967,77.78389261744967,0.02097141948141471,1.45503355704698,10.70997028633171,0.4119219340896812,0.4119219340896812,2.288965158906561,3.066796356815501,472.00369047619046,232.88287812041116,0.0839434456870744,0.31242963946540425,0.2380543916949842,0.2380543916949842,3.721906301417314,1.7356267830172847,0.9140939597315436,0.013168835689285093,0.4933920704845815,14.22742474916388,18.274247491638796,0.0,0.03145932461772994,1.9739130434782608,1.9739130434782608,0.0,0.0,0.0,8.80071477195371,0.6300204220558203,3.734853641933288,26.900272294077602,11.79135466303608,10.991320626276378,11.79135466303608,0.11589516678012253,0.05871341048332199,0.05718175629680054,0.6775256222547584,1.0,2.288965158906561,0.13649383794668676,0.32247437774524157,29.77996010638298,0.0,Financial Services
2015-03-31,PGR,2015,Q1,USD,1,0.097280163599182,0.10214723926380367,0.09063394683026585,0.09063394683026585,0.060449897750511246,0.060449897750511246,0.060449897750511246,1.294678316123908,0,0,5.107049608355092,0.1819149054898124,0.358987090367428,0.3530580057246335,0.016230664471410857,0.005929084642794556,13.51718538565629,-0.6550635994587277,-0.6550635994587277,2.219236590344215,3.268449897750511,21.34159433836293,20.727168979380107,0.09523933528516743,0.35547563837320706,0.2622515877893874,0.2622515877893874,3.732445604632111,-1.8617578191924768,0.04504351889713184,0.15768916155419224,0.9712099597976916,10.827692307692308,13.636923076923077,0.0,0.30119917190734735,34.734234234234236,1.8109441052137154,1.3653585926928282,0.02525227245425059,2.525227245425059,8.321987746766508,0.5030633083730429,4.41218515997277,28.230599046970728,12.25646698434309,12.421885636487406,12.25646698434309,1.312287270251872,0.03778080326752893,1.2745064669843431,0.6669675090252708,1.0,2.219236590344215,0.1601792435830697,0.33303249097472926,36.91955955955956,0.686861810755616,Financial Services
2015-06-30,PGR,2015,Q2,USD,1,0.10614673336365014,0.11402910413824466,0.09953387903592542,0.09953387903592542,0.06982340457783841,0.06883810823101409,0.06883810823101409,1.3646730276937398,0,0,5.179703601923643,0.18009705093467832,0.3020255141890133,0.28828950794064045,0.018451176609977943,0.013736006248372819,11.216646710707403,0.46736027961280846,0.46736027961280846,2.2147383081061984,3.0885309610428977,25.976145019920317,24.738247078464102,0.09348489295049857,0.3722247887170847,0.27125642371253456,0.2712203430110508,3.981657110247561,-0.43297878013462904,0.03430877375683416,0.12484841594664241,0.9523448171194415,12.750716332378223,15.051575931232092,0.0,0.24051834276327796,20.984076433121018,20.984076433121018,0.0,0.0,0.0,9.010756359911218,0.620283421546867,4.736896021854192,29.916510158784362,12.565818678504353,10.860338057025782,12.565818678504353,1.1249786580160492,0.05361106368448011,1.071367594331569,0.6916047972587093,1.0,2.2147383081061984,0.16803649023734987,0.29849609746811345,31.199287138584246,0.0,Financial Services
2015-09-30,PGR,2015,Q3,USD,1,0.08795400204941364,0.09590496793047175,0.08140726403279062,0.08140726403279062,0.054366389616304224,0.052810353334092376,0.052810353334092376,1.272960046379052,0,0,5.145786544282785,0.17604142308334725,0.32725846449719115,0.3174148489296017,0.01424820896186535,0.009843615567589453,16.107193675889327,-0.7133185770750987,-0.7133185770750987,2.4029118198874295,3.4025063569774945,25.74375879396985,24.579202193283074,0.09067312510439285,0.36374966496917716,0.26672759254345885,0.26672759254345885,4.011659072634682,-0.39478149475789687,0.03691988460954502,0.13843030096018824,0.9547635366689513,10.518840579710146,12.434782608695652,0.0,0.26876174335924546,22.106060606060606,22.106060606060606,0.0,0.0,0.0,9.005126452494874,0.4755639097744361,4.6971975393028025,30.670881749829118,12.751196172248804,11.116028708133971,12.751196172248804,1.2465823650034176,0.05639097744360902,1.1901913875598087,0.6487179487179487,1.0,2.4029118198874295,0.15137869894294245,0.3321678321678322,40.46364859517214,0.0,Financial Services
2015-12-31,PGR,2015,Q4,USD,1,0.10162202243025303,0.1096301788859023,0.09530076930206692,0.09530076930206692,0.06486235981091852,0.06124756696635462,0.06124756696635462,0.0,0,0,5.20102198225993,0.18090632576888122,70.46467991169978,70.46467991169978,0.016582408266348277,2.4768211920529803,14.032808716707022,0.7484164648910412,0.7484164648910412,2.544209399950613,3.4379015664102326,207.67928331466965,139.02368815592203,0.09081031412541542,0.37148462150519934,0.2708631330459224,0.2708631330459224,4.090775646829643,-1.5414618813578695,1.4724061810154525,0.024728890536657708,0.6694152923538231,12.527859237536656,15.07624633431085,0.0,0.04926326673806271,3.0249433106575965,3.0249433106575965,0.0,0.0,0.0,9.24982853223594,0.5665294924554184,4.70164609053498,30.39883401920439,12.498971193415638,10.882887517146777,12.498971193415638,0.22873799725651578,0.07561728395061729,0.1531207133058985,0.6426765220774169,1.0,2.544209399950613,0.14601181078586156,0.3193931141801206,35.55843760568143,0.0,Financial Services
2016-03-31,PGR,2016,Q1,USD,1,0.07592702649161669,0.08367100689754534,0.06976786068038972,0.06976786068038972,0.046589947232877696,0.04649990094908783,0.04649990094908783,1.2680581881294388,0,0,5.229023448535644,0.18074253945107024,0.4113245356793744,0.4010654936461388,0.013004226805459013,0.010259042033235582,19.84280402788536,-0.870030638145743,-0.870030638145743,2.7108358576171643,3.690753687395321,26.6082160477798,24.85584960582171,0.08793812822248841,0.35735922432836414,0.26327534960775717,0.26327534960775717,4.063757457109221,-1.9311052375321693,0.040298142717497556,0.14848632196949232,0.9341419041843542,0.17097628015881094,11.32748538011696,0.4271135515955242,0.3051895173230678,15.184162062615101,1.438165009593581,2.0100697134004646,0.025324920189904697,2.5324920189904696,9.521090534979423,0.44272976680384085,4.691015089163237,30.86968449931413,12.962791495198903,11.373285322359397,12.962791495198903,1.4137517146776406,0.09310699588477367,1.320644718792867,0.6664945792462571,1.0,2.7108358576171643,0.22602125302435175,0.33221476510067116,49.473413689195006,0.8899176954732511,Financial Services
2016-06-30,PGR,2016,Q2,USD,1,0.0553299841717707,0.06327850801734224,0.04942880737733122,0.04942880737733122,0.03353175968618815,0.032843575803454685,0.032843575803454685,1.285303613285569,0,0,5.363476977023161,0.18187507431582506,0.45777063236870313,0.4514935458315858,0.009828916331919728,0.006277086537117294,25.550550026191722,-1.0220220010476688,-1.0220220010476688,2.4900006381213706,3.356685706420756,28.882901554404146,26.71559633027523,0.08336201663422846,0.3400038287282241,0.25373347556097375,0.25373347556097375,4.078642077723183,-0.49091216216216216,0.034032340742811876,0.12564517239006262,0.9249623442420923,0.14015267175572518,8.376093294460642,0.37825659087377633,0.2741263466086108,13.326642335766424,13.326642335766424,0.0,0.0,0.0,9.980082417582418,0.3277815934065934,4.633241758241758,32.435782967032964,13.453811813186814,11.885817307692308,13.453811813186814,1.2539491758241759,0.09409340659340659,1.1598557692307692,0.6644622345979811,1.0,2.4900006381213706,0.23550516647531572,0.3216150365471632,59.923327895595435,0.0,Financial Services
2016-09-30,PGR,2016,Q3,USD,1,0.049543017098917404,0.05831169269164615,0.04359043539846885,0.04359043539846885,0.03465313142895687,0.0335064584668308,0.0335064584668308,1.2501475672485032,0,0,5.318565022421525,0.17638485699328987,0.48110137672090114,0.47469157875916324,0.009821320138994989,0.0064097979617378864,23.0463638651233,7.605300075490696,7.605300075490696,2.262869531915945,3.088808134632896,28.102562135624424,25.989287741203174,0.09380799980964165,0.38962531038827874,0.28038155859395836,0.28038155859395836,4.153433728241936,-0.5102454344038375,0.0315036652959056,0.11884927995683113,0.9248013620885358,8.294617563739378,7.3229461756373935,0.0,0.22346935540124924,13.29811320754717,13.29811320754717,0.0,0.0,0.0,10.19810834049871,0.3417024935511608,5.484436801375752,34.28460877042132,13.920378331900258,12.376612209802236,13.920378331900258,1.212037833190026,0.09114359415305245,1.1208942390369734,0.7686653771760155,1.0,2.262869531915945,0.1721819596282193,0.20502901353965183,61.676547137073456,0.0,Financial Services
2016-12-31,PGR,2016,Q4,USD,1,0.0938566831642737,0.10337955930154685,0.08779667107691805,0.08779667107691805,0.06502670652227177,0.06259290112869767,0.06259290112869767,0.0,0,0,5.20100246368193,0.18314561364146287,85.4129763130793,85.4129763130793,0.017333846347132358,2.1781668383110198,13.42366910229645,0.1426264842118998,0.1426264842118998,2.5858415754483417,3.3609055716175824,52.83975346687211,46.52000904363555,0.09417994166479694,0.39564665518844805,0.28348626331571414,0.28348626331571414,4.200965175754986,-3.588254256659731,4.555097837281154,0.07224645138106206,0.8803979199638254,13.30188679245283,14.487870619946092,0.0,0.1404929801156216,8.361058601134216,2.6280451574569224,0.3011482254697286,0.005608530409510201,0.5608530409510202,10.562629399585921,0.6611456176673568,5.495686680469289,34.5552104899931,13.728605935127675,12.206521739130435,13.728605935127675,0.7631124913733609,0.09126984126984126,0.6718426501035196,0.7129302325581396,1.0,2.5858415754483417,0.1530049864403814,0.25934883720930235,37.15041870753674,0.19910282953761216,Financial Services
2017-03-31,PGR,2017,Q1,USD,1,0.10739562057663991,0.11634129736062952,0.10156905587485553,0.10156905587485553,0.06812964106461471,0.06717965768932377,0.06717965768932377,1.3020594965675056,0,0,5.41672384219554,0.18143663549791011,0.34975837072833965,0.3405031066620642,0.018289992239687154,0.009255264066275457,13.3962726844214,1.263077138816876,1.263077138816876,2.66765467153199,3.5998280530090723,20.978182321461524,20.321910976045764,0.08938969563781043,0.36509873399899095,0.26745225448231996,0.26745225448231996,4.08434922385573,-1.8377536917145558,0.04827407663099759,0.1771402333792492,0.968716481944941,14.228260869565217,17.432065217391305,0.0,0.3595462287495581,31.965714285714284,2.599442379182156,0.9318878152250766,0.01739080409114048,1.739080409114048,10.883853179389972,0.7311735309322764,5.425641909357229,35.72221264863002,14.687058418059625,13.19352059279683,14.687058418059625,1.9279682922626227,0.06031363088057901,1.8676546613820437,0.6614185502727982,1.0,2.66765467153199,0.1368613178816435,0.329228371005456,34.88480402830702,0.681371704290884,Financial Services
2017-06-30,PGR,2017,Q2,USD,1,0.09061841766301465,0.09948326286917913,0.08404176327074904,0.08404176327074904,0.05647739843311967,0.055704565774120716,0.055704565774120716,1.2961522597371988,0,0,5.727888204148946,0.17986197798843276,0.3694016039481801,0.36278017684556857,0.015383615600957459,0.0066214271026115564,17.40631460826986,-1.2706609664036999,-1.2706609664036999,2.8464933548351223,3.878444787925627,29.094287825395025,27.883478592439268,0.09221636531133993,0.37628871712172607,0.2734082699658179,0.2734082699658179,4.08049824834566,-0.4341084761372233,0.03775035986016862,0.13909472503826278,0.9583832661509969,10.935483870967742,12.778801843317972,0.0,0.27129514689365725,24.028795811518325,24.028795811518325,0.0,0.0,0.0,11.36795865633075,0.6332472006890612,5.90318690783807,38.3786391042205,15.489233419465977,14.017226528854437,15.489233419465977,1.581223083548665,0.06580534022394488,1.51541774332472,0.6628200504868373,1.0,2.8464933548351223,0.1321937802814656,0.3279841327082582,43.89435643564357,0.0,Financial Services
2017-09-30,PGR,2017,Q3,USD,1,0.04255820807544945,0.0513852048334807,0.03704686118479222,0.03704686118479222,0.03165340406719717,0.03300913645741232,0.03300913645741232,1.229370097284371,0,0,6.008500088542589,0.17430122827656,0.3819186510197106,0.37337738786981123,0.009577238624709883,0.008541263149899359,31.41355580357143,-0.82460583984375,-0.82460583984375,3.0299638297414258,4.147737400530504,24.83372683959767,24.05893324215745,0.08507523258143561,0.3565569358623808,0.26283963941086846,0.26283963941086846,4.191078002885009,-0.42938904127791644,0.04443051915992556,0.1723990568818155,0.9688007522010428,8.344919786096257,6.721925133689839,0.0,0.3532093472616388,32.05205479452055,32.05205479452055,0.0,0.0,0.0,11.673834508859454,0.3853431962841906,5.762257010149664,39.90435231377946,15.980388783760537,14.539996559435748,15.980388783760537,2.0125580595217616,0.06279029760880785,1.9497677619129536,0.8910103420843277,1.0,3.0299638297414258,0.11767696114471736,0.14558472553699284,89.57225695440206,0.0,Financial Services
2017-12-31,PGR,2017,Q4,USD,1,0.10216300543913648,0.11076443057722309,0.09717361667439671,0.09717361667439671,0.081558938033197,0.08099675338364885,0.08099675338364885,0.0,0,0,6.355037513397642,0.18384701249573657,127.52459016393442,127.52459016393442,0.021671584558273616,3.9493293591654246,14.197272254034356,0.09228226965122333,0.09228226965122333,3.524852662415992,4.599731837922166,64.90986116620388,59.48300981461287,0.08543145948962823,0.3560981388936757,0.26259024231401545,0.2611231806208768,4.168231948991901,-1.8279232873896902,8.199701937406855,0.07732849854534722,0.9163940385314431,19.070422535211268,19.47605633802817,0.0,0.16640958170764902,11.960869565217392,11.960869565217392,0.0,0.0,0.0,12.244192049561176,0.9917398038203408,5.750817415246946,40.15849251419721,15.977972810187575,14.568060574771984,15.977972810187575,0.9468249870934434,0.0791602133884013,0.8676647737050421,0.8335261787677177,1.0,3.524852662415992,0.10026108888315265,0.1606884582007521,45.38618449435351,0.0,Financial Services
2018-03-31,PGR,2018,Q1,USD,1,0.12763836694010047,0.1355719885238615,0.12268153715601891,0.12268153715601891,0.09830147762018292,0.09671205937420024,0.09655042362037149,1.2283828055197061,0,0,6.676348920863309,0.17962589733105255,1.0554348226454013,1.048432723120557,0.02505506696723717,0.0070020995248443775,12.347235376044567,0.5093234592618384,0.5093234592618384,3.435103456292622,4.776506243180991,20.72182551276807,20.297212523610554,0.09337323890841961,0.3738375697458152,0.2721119133574007,0.2721119133574007,4.0036907160570365,1.4855925081042143,0.064352278168625,0.23532818792850313,0.9795089004636255,22.432065217391305,24.75,0.0,0.4527104063018242,48.80167597765363,2.5294628637614016,0.9121169916434541,0.01846804089871595,1.846804089871595,12.75618556701031,1.2336769759450172,6.694158075601375,44.09381443298969,17.73745704467354,16.3606529209622,17.73745704467354,3.001890034364261,0.06151202749140893,2.9403780068728524,0.7883179622310057,1.0,3.435103456292622,0.10882862030283189,0.1987263943785683,38.877655240933926,1.1252577319587629,Financial Services
2018-06-30,PGR,2018,Q2,USD,1,0.1150552934421728,0.12300606605257246,0.10985047055593,0.10985047055593,0.08752090666267255,0.08789535435233031,0.087059087845428,1.2859619273859588,0,0,7.176460050161232,0.18475907156940746,1.171995930252956,1.171995930252956,0.023727933701452597,0.005431007262393432,12.221421471172963,-5.01078280318091,-5.01078280318091,3.129345138535379,4.296824683591702,20.613952095808383,19.82795760857044,0.08900342453907088,0.3508381208639372,0.25971884820629465,0.25971884820629465,3.9418496836593704,2.5007959546774043,0.060912886362839,0.21670535959459797,0.9618707522174864,19.34292565947242,21.105515587529975,0.0,0.44985101697111024,26.226586102719033,26.226586102719033,0.0,0.0,0.0,13.7659793814433,1.2099656357388315,6.703092783505155,46.69278350515464,18.90171821305842,17.555841924398624,18.90171821305842,2.9831615120274915,0.11374570446735395,2.8694158075601375,0.8001363481422565,1.0,3.129345138535379,0.11211231274672988,0.20327235541415747,38.691019786910196,0.0,Financial Services
2018-09-30,PGR,2018,Q3,USD,1,0.13810365135453476,0.14625441696113073,0.13315665488810366,0.13315665488810366,0.10956419316843345,0.10935217903415784,0.10856301531213192,1.252840657556887,0,0,7.451944176248574,0.18641436686083915,1.1852774518021794,1.1852774518021794,0.02961564380479087,0.004087175188600168,11.093518418785006,0.350321634277421,0.350321634277421,3.4739509899821233,4.852401648998822,24.88636583303129,23.976772203468748,0.0847515682739874,0.32548824501635915,0.24556101967719976,0.24556101967719976,3.8404981954329274,1.6282615574925923,0.057609388097233864,0.20237926972909306,0.9634501222209289,24.795238095238094,26.916666666666668,0.0,0.445141065830721,27.35987261146497,22.51900393184797,0.014541146057733736,0.0003276946390856203,0.03276946390856203,14.570104685086665,1.593272696070019,6.696241633773812,49.037755277158055,20.351467307362277,19.038098506950405,20.351467307362277,2.9486871460442767,0.10777415479663635,2.8409129912476403,0.8212295444493587,1.0,3.4739509899821233,0.09369396573382117,0.1771782397169394,36.18820165901587,0.023168010983353356,Financial Services
2018-12-31,PGR,2018,Q4,USD,1,0.035895775209246715,0.044689119170984455,0.030166400956556396,0.030166400956556396,0.03235850936628139,0.03296881227580709,0.032121861299322436,0.0,0,0,7.094459662454714,0.17238432635534084,122.61730205278593,122.61730205278593,0.009378181533401206,1.0190615835777126,33.21910653570079,-0.4644795427115685,-0.4644795427115685,3.2501423053466154,4.380777949382224,35.813450768760816,32.46782054832456,0.09457648953301127,0.4070394943539892,0.2892878956044317,0.2892878956044317,4.303812674416456,1.1618934602972462,15.8841642228739,0.1349267636508569,0.9065817409766455,8.182608695652174,5.265217391304348,0.0,0.24593066811959408,10.704545454545455,9.44463818657367,0.05100113335851908,0.0003838237890572691,0.03838237890572691,13.771526586620926,0.4540308747855918,7.634476843910806,51.41835334476844,18.562264150943395,17.280445969125214,18.562264150943395,1.858147512864494,0.17358490566037735,1.6845626072041167,1.09289843104872,1.0,3.2501423053466154,0.1252374376606196,-0.0726672171758877,110.11089743589744,0.023156089193825044,Financial Services
2019-03-31,PGR,2019,Q1,USD,1,0.17376100195829478,0.1813467042544492,0.16866082764853987,0.16866082764853987,0.11650777937980158,0.11603434547763025,0.11531343476296026,1.2926367910094856,0,0,8.24430054111594,0.19025062282114952,1.1676305583561677,1.1676305583561677,0.03127143463728511,0.004886466960679405,9.842233864985165,0.031863347044916,0.031863347044916,3.505615695211673,4.568148658245282,23.682412004239417,22.72168049237356,0.09018163655085025,0.36376097170270916,0.2667336719927828,0.2667336719927828,4.033647931168305,1.3553246563855772,0.057787110860946,0.20104801050162474,0.9594327000267594,25.331223628691983,33.06962025316456,0.0,0.4241385572252236,24.650395778364118,1.1999871556097874,1.373609050445104,0.03489068308292973,3.489068308292973,15.927677806341045,1.8481576692373607,7.631191088260497,52.38149100257069,20.755269922879176,19.50522707797772,20.755269922879176,3.20222793487575,0.1299057412167952,3.0723221936589544,0.6879744816586922,1.0,3.505615695211673,0.10376521653516414,0.30921850079744817,27.710252758988965,2.5386461011139674,Financial Services
2019-06-30,PGR,2019,Q2,USD,1,0.1366933135687437,0.1451638519773413,0.13167451956164963,0.13167451956164963,0.10365821377521309,0.10370056646725608,0.10299115887553603,1.3177575309399896,0,0,8.03855647289131,0.18401650683303392,1.1852093344528007,1.1852093344528007,0.027883790342533177,0.00273614510203231,12.178195834184194,-1.3181106079352294,-1.3181106079352294,3.5788774867224773,5.0515432262163165,34.602045256744994,31.67527552781835,0.08584644280865557,0.33051279743151196,0.24841008524649316,0.24841008524649316,3.850046508836679,1.6226408611018048,0.04484419752645337,0.15947906188787125,0.9154162793785686,23.341772151898734,26.236286919831223,0.0,0.34185201997276443,11.822605965463108,8.106566200215285,0.05962834388401062,0.0012240800011737753,0.12240800011737754,16.18317340644277,1.6782042494859493,7.630911583276217,55.930431802604524,22.84235777930089,21.62337217272104,22.84235777930089,2.5808773132282385,0.21830020562028787,2.3625771076079505,0.7875522676101641,1.0,3.5788774867224773,0.0923509672118434,0.21276937922161468,37.945587162654995,0.10006854009595613,Financial Services
2019-09-30,PGR,2019,Q3,USD,1,0.11105978203809083,0.11864015286731201,0.10607269596623481,0.10607269596623481,0.0885706486361632,0.08837116519328896,0.08766772357894295,1.2390207097512749,0,0,7.844341953549662,0.17635502822724738,0.2593275326044371,0.35100328933460734,0.022913490853658538,0.0012937485730714268,13.40196180349293,-0.9325531754930496,-0.9325531754930496,3.194842919147791,4.73738792180249,26.846983399773904,25.656294422016263,0.08158961340984038,0.3120021524714479,0.23780612850651384,0.23780612850651384,3.8240425396330884,-0.9497484681235074,0.04957114630633373,0.18464817420154128,0.9556490589640075,20.28,21.269473684210528,0.0,0.399114943832974,22.547435897435896,11.740320427236314,0.08530355233456101,0.0015912512210027431,0.1591251221002743,16.306454374250983,1.441020373223763,7.625406608457456,58.7673343605547,24.17959253552474,22.98870056497175,24.17959253552474,3.0109570279061804,0.1335387776065742,2.8774182502996064,0.8331188755815104,1.0,3.194842919147791,0.09765805717755693,0.1650004949025042,43.78966814159292,0.12292415682246191,Financial Services
2019-12-31,PGR,2019,Q4,USD,1,0.12914073853262287,0.1369098632485002,0.12472519283079331,0.12472519283079331,0.10010433356932594,0.09975034467339866,0.09911689085963409,0.0,0,0,8.84468979154651,0.1955504387443005,135.59459459459458,-290.54480796586057,0.027999543933957757,3.217638691322902,9.871824570414644,0.3529177283923234,0.3529177283923234,3.0923996577246,3.9388716138167457,40.427382158906205,37.4782831058323,0.08028191848846805,0.32231664862651027,0.2437514864244509,0.2437514864244509,4.014809993271509,-1.2767516264465562,16.04836415362731,0.10509744010135261,0.9270519411451871,25.430379746835442,28.246835443037973,0.0,0.25599600644414694,13.708383961117862,8.012784090909092,0.05463205080313784,0.0013835347866408435,0.13835347866408435,18.378359869885294,1.8332477315528164,7.626262626262626,3.4668721109399074,23.40900530731039,22.243109056668377,23.40900530731039,1.9315185755863722,0.1409005307310392,1.790618044855333,0.7997609978340429,1.0,3.0923996577246,0.10422865227700617,0.1974008514452162,31.614546506089678,0.10015408320493066,Financial Services
2020-03-31,PGR,2020,Q1,USD,1,0.0990223328790204,0.10729655187216278,0.09387106813620802,0.09387106813620802,0.07502602461875275,0.0743391893197111,0.07362015861602687,1.2312011944558223,0,0,7.6685869475763315,0.16561035951174083,0.2864755186926508,0.37601897058300043,0.018366309822325396,0.010117826816759174,15.581870939800782,-0.4320427851490216,-0.4320427851490216,3.0083439361739193,4.63337461499662,27.61561212741461,26.555694427358837,0.09586742782394801,0.37584921436783614,0.2731761667215315,0.2731761667215315,3.920510051214159,-1.1229535361569563,0.04451843799374036,0.1744776295596742,0.9616188953130766,17.170833333333334,18.222916666666666,0.0,0.3014089729328884,26.05448717948718,1.1203142227122382,2.0049083297242674,0.03216732344706965,3.2167323447069647,15.936548657431162,1.1847101077475628,9.30733709594664,63.57157516675218,24.545065845732854,23.40516504190183,24.545065845732854,2.7805712331109973,0.10672139558748076,2.6738498375235165,0.7919286612552875,1.0,3.0083439361739193,0.12493558660245802,0.20075454441522808,48.208389677935585,2.375235163331623,Financial Services
2020-06-30,PGR,2020,Q2,USD,1,0.2120140053979138,0.21947260923480924,0.20687139835144797,0.20687139835144797,0.1632504194324896,0.1632504194324896,0.1626395068932818,1.4511869161351787,0,0,9.217683644309968,0.1846140379523315,2.269038958473921,2.251263228928354,0.04380901124357969,0.017775729545566766,6.542719364387846,-0.20689139611712928,-0.20689139611712928,2.8107170107854547,4.272406721861551,21.254860058970287,20.799156161221592,0.09081053965838524,0.3236056290715391,0.24448795167072282,0.24448795167072282,3.5635250080980887,-1.1955045401528281,0.37078855111345194,0.20541250273542927,0.9785600142045454,34.195035460992905,40.226950354609926,0.0,0.4175950469905648,46.64182194616977,21.093632958801496,0.03267426273458445,0.0012484970283316416,0.12484970283316416,18.750555650538555,3.061036074542657,9.319712771413917,67.59257992819285,28.50162420926654,27.38621986664387,28.50162420926654,3.8515985638570696,0.0825782184988887,3.769020345358181,0.7891396332863188,1.0,2.8107170107854547,0.11513276784172148,0.21086036671368125,21.66308226007478,0.1000170969396478,Financial Services
2020-09-30,PGR,2020,Q3,USD,1,0.18093671464473385,0.18871373086588988,0.17578249942883253,0.17578249942883253,0.1398949051862006,0.1398949051862006,0.1392826136623258,0.8711071837982423,0,0,9.260748138117807,0.17399206243202503,2.591939717212768,2.576682753365507,0.03606629824389112,0.015256963847261027,9.04770120198589,-0.17654051125826128,-0.17654051125826128,3.062988411694458,5.0629092072195565,39.180257425742575,37.44061904440089,0.08578997246020086,0.2982993498164448,0.22976161072453646,0.22976161072453646,3.4770887699588657,1.2789644391198902,0.25056303445940226,0.13522503998172264,0.9555991079272825,29.650709219858157,34.104609929078016,0.0,0.27425214071245874,22.5220700152207,10.753633720930232,0.04696890514763522,0.0012978132262293864,0.12978132262293865,18.698735475051265,2.615857826384142,9.31613123718387,70.18352699931647,30.907723855092275,29.817156527682844,30.907723855092275,2.528537252221463,0.11226930963773069,2.416267942583732,0.7958409149987002,1.0,3.062988411694458,0.09738833770233703,0.2041590850012997,29.39766779661017,0.12286397812713602,Financial Services
2020-12-31,PGR,2020,Q4,USD,1,0.18951298388298293,0.19720778594778401,0.18458760944059316,0.18458760944059316,0.14761224507681656,0.14761224507681656,0.14701629229731034,0.0,0,0,10.316726943942134,0.17801252139292306,170.74683544303798,169.86651323360184,0.03765642364910954,0.8803222094361335,8.584413703022026,0.01344546724569715,0.01344546724569715,3.394346483866045,5.068658317485079,38.55146780429276,37.377956440250756,0.08418475997023322,0.31669855504560235,0.24052472286235163,0.24052472286235163,3.761946404047281,0.9448663061750069,17.805523590333717,0.13560554937205857,0.9695598784980288,32.53202846975089,37.47686832740214,0.0,0.2867441300198291,32.85138004246284,14.63859981078524,0.03479190168022324,0.0010132288262148649,0.10132288262148648,19.508121046332707,2.8796375448794667,9.321764404171653,71.98820311164302,29.130791588305694,28.063771584886304,29.130791588305694,2.645409471704565,0.08052658574115233,2.5648828859634127,0.7996866394454468,1.0,3.394346483866045,0.0933017759238572,0.20031336055455323,28.066177228690783,0.10018806633612583,Financial Services
2021-03-31,PGR,2021,Q1,USD,1,0.16821392356376097,0.17495366970873108,0.16328368124759607,0.16328368124759607,0.12937515297737684,0.12937515297737684,0.12878946816322248,0.8561293219577908,0,0,10.617783552997958,0.1748818665317298,2.6036074828955553,2.58400714479371,0.0327281364026164,0.019600338101845208,9.446332601351351,-0.7352821051862674,-0.7352821051862674,3.1352725590782944,4.888482901500052,21.810565132605305,21.38928628800918,0.08250309952257416,0.30257057158074735,0.23228727731316687,0.21540552667000976,3.667384296246461,0.922321525753746,0.4169656954212717,0.22854820098604847,0.9806846433352457,2.900413445982384,33.11879432624114,5.23004600920184,0.48445375037058996,51.772277227722775,0.9478320765661253,1.8296621621621623,0.048422552946643514,4.842255294664351,19.55821507950077,2.5303470678748505,9.323303128739955,70.88015045306891,30.494956402803897,29.45221405368439,30.494956402803897,4.469994870918105,0.08633954522140537,4.3836553256967,0.7923336367043203,1.0,3.1352725590782944,0.09650534869915643,0.20766636329567964,30.5766908164285,4.629680287228586,Financial Services
2021-06-30,PGR,2021,Q2,USD,1,0.08871184617453275,0.095502218636547,0.08397203173322576,0.08397203173322576,0.06639942180986957,0.06639942180986957,0.0658363587468065,0.8412122754554516,0,0,10.952871870397644,0.17041631638269197,0.8918017653587246,0.886641565796434,0.01702682570622518,0.00516019956229061,18.166550436653587,-0.38972685124786766,-0.38972685124786766,3.074255499153976,4.824993781094527,25.226752493519047,24.70569559791729,0.07730116879080778,0.2890134721240549,0.2242129181534576,0.2242129181534576,3.7387982179956736,2.9864471438610583,0.12052048002821254,0.19529884361973915,0.9793450664830673,16.44148936170213,17.71631205673759,0.0,0.4305511811023622,48.41458333333333,21.820657276995306,0.07404126059992407,0.0010189229493252519,0.10189229493252519,20.354430379746834,1.3515224084844337,9.329284981183715,76.70390010263428,31.945945945945947,30.92097160451591,31.945945945945947,3.975196715703045,0.08210742387957577,3.893089291823469,0.7907325860688551,1.0,3.074255499153976,0.09401088237577858,0.20926741393114492,55.18441217881028,0.10006842285323297,Financial Services
2021-09-30,PGR,2021,Q3,USD,1,0.01630022104854631,0.023817559016587077,0.011727384708840254,0.011727384708840254,0.009997806388471728,0.009997806388471728,0.009432529571570794,1.156723628094899,0,0,10.208957795004306,0.16321826101206174,0.5532963706313375,3.7966685894899435,0.003840177580466149,0.012900396165159396,111.50006962025317,-1.2992182025316457,-1.2992182025316457,2.8478687473394366,4.459024433457638,23.16605286227755,22.288728491902834,0.0674515031376475,0.2639386575134308,0.20882236328832765,0.20882236328832765,3.913013724465328,-2.069166579379212,0.11304293934525483,0.20005737137843174,0.9621288798920378,4.830258302583026,2.5645756457564577,0.0,0.4840961986035687,26.40534521158129,14.664192949907235,0.6067510548523207,0.0013604275246616277,0.13604275246616276,20.271250213784846,0.20266803488968702,8.469984607491021,79.36548657431162,31.739524542500426,30.73969557037797,31.739524542500426,4.055413032324269,0.15358303403454762,3.9018299982897213,0.8525179856115108,1.0,2.8478687473394366,0.09267936163139895,0.1474820143884892,203.60833510449876,0.12296904395416453,Financial Services
2021-12-31,PGR,2021,Q4,USD,1,0.10055986736189539,0.10780049819384707,0.09642694091356897,0.09642694091356897,0.07707587444233527,0.07707587444233527,0.0765312252204628,0.0,0,0,10.977842257979425,0.17551941944798635,2.7955239830336924,3.560980317388582,0.01989954764303686,0.008807980378587805,15.5713745713395,0.020264117592839075,0.020264117592839075,3.2875521073301304,4.800709245420541,151.0136936255984,132.57539261225392,0.06886885423359008,0.2686983040435288,0.2117905440459309,0.2117905440459309,3.9015939358037692,0.8679068215469959,0.021283206462637875,0.03621116370713891,0.8779031187790312,21.401162790697676,23.33139534883721,0.0,0.09228790724259002,8.190217391304348,0.45657442940820037,0.9716304686688143,0.015599625842557063,1.559962584255706,21.382257235828053,1.6480561740023976,8.47816406918993,77.07278643603357,31.223839698578523,30.24764514471656,31.223839698578523,0.7742764171947252,0.09453673574242165,0.6797396814523035,0.7993188803056732,1.0,3.2875521073301304,0.08173202895991288,0.20068111969432678,48.03405527899547,1.6013015927384826,Financial Services
2022-03-31,PGR,2022,Q1,USD,1,0.03755555180046976,0.04479629598337248,0.03296777573125602,0.03296777573125602,0.026521232193852547,0.026521232193852547,0.025955153010358403,0.7614384971693258,0,0,10.716950380296995,0.1729128773767522,0.7822391399257804,1.7842083242377937,0.00777457620193664,0.01306574255984865,53.04584023574387,-0.788519246747544,-0.788519246747544,3.9061389814206624,5.627364183240677,27.41709834108591,26.61725492546857,0.09328921321558228,0.3744956366707329,0.2724604041507373,0.2724604041507373,4.014350896124613,0.7097420275602355,0.11379884304736956,0.21141790162050728,0.9708268393078368,8.359116022099448,7.186003683241252,0.0,0.39186607366574794,34.278082191780825,17.269151138716357,0.2290538388021663,0.0010795089576497226,0.10795089576497227,20.25637514975184,0.5372240287523532,11.021564264932397,11.104056135546807,29.182269382166695,27.456957042615095,29.182269382166695,4.282560328598323,0.12493582064008214,4.157624507958241,0.8044592516658124,1.0,3.9061389814206624,0.09587360778815116,0.1955407483341876,137.1230799698227,0.12305322608249188,Financial Services
2022-06-30,PGR,2022,Q2,USD,1,-0.049759842964223984,-0.0424639330165982,-0.05523177542494333,-0.05523177542494333,-0.047154160840071915,-0.047154160840071915,-0.04773609651446588,0.0,0,0,10.236774250911354,0.15759295456163117,0.0381204478014567,14.187516859994604,-0.007994146800337953,0.0381204478014567,-31.284104347025234,0.11492119964213351,0.11492119964213351,4.340245516747909,5.9007027524688835,51.2380730070141,48.88929260218768,0.0874178041315572,0.4080126751295304,0.2897791208392319,0.2897791208392319,4.667386457288519,-2.19438885394629,0.2342864850283248,0.12069519599072377,0.9541594703511802,-6.284126984126984,-10.093650793650793,0.0,0.2175839661786581,21.81475667189953,11.37152209492635,-0.10775465094860932,0.0008610974582596255,0.08610974582596255,19.704432654458326,-0.9291459866506931,11.037994181071367,82.16737977066576,26.788807119630327,26.23241485538251,26.788807119630327,2.378230361115865,0.10901933938045524,2.26921102173541,0.8537505897153641,1.0,4.340245516747909,0.09400681909701022,0.14624941028463595,-151.5585211699734,0.10011980147184665,Financial Services
2022-09-30,PGR,2022,Q3,USD,1,0.016094689378757514,0.02261554358717435,0.011155122745490981,0.011155122745490981,0.009714741983967936,0.009714741983967936,0.009190255511022044,0.7438004017584209,0,0,11.971136725705183,0.18553984827864672,0.8626046969945804,1.9752258170471342,0.0038355059853496247,0.014998357694202661,136.83469983883964,-1.1162830776326391,-1.1162830776326391,4.596902112857162,5.317255213552104,35.39590672225117,33.50502885611404,0.09277282900919247,0.4322762279882514,0.30181065603205504,0.30181065603205504,4.659513271341752,-2.822603988289234,0.08323616357365742,0.1587002129258517,0.9465791940018744,4.286846275752773,2.2583201267828845,0.0,0.31739048752230953,18.719298245614034,11.250277469478357,0.5793714746172441,0.0010585244007909047,0.10585244007909048,21.855260906757913,0.21231822070145423,11.035928143712574,16.979469632164243,25.280068434559453,24.343199315654406,25.280068434559453,3.4684345594525237,0.18528656971770743,3.283147989734816,0.8708771929824561,1.0,4.596902112857162,0.09403642221991411,0.12912280701754386,255.96000346140534,0.12301112061591103,Financial Services
2022-12-31,PGR,2022,Q4,USD,1,0.08084439459551805,0.08705405224728699,0.07615744007606087,0.07615744007606087,0.061383505782557996,0.061383505782557996,0.060878414011839944,0.0,0,0,11.561099184199227,0.1916866356560009,0.8009422082394317,1.8280469963037074,0.016745517813734637,0.009002326993532506,22.951167412875122,0.04050206014036786,0.04050206014036786,4.77423566798817,5.635292470418706,85.95896102424655,81.61292921686747,0.0929109731910089,0.41064124347114717,0.29110253607833514,0.2867370159744696,4.419728148008306,-3.2713069044697423,0.037883943744625705,0.06904901618522012,0.9494406196213425,15.421553090332806,16.248811410459588,0.0,0.1424565167420121,19.77872340425532,8.811374407582939,0.0707889641819942,0.0007710823910234199,0.07710823910234199,23.01743887844076,1.4128910924944436,11.264489656351513,15.3089416994358,27.168746794323816,26.241921696016412,27.168746794323816,1.5893315096597709,0.08035561634467431,1.5089758933150965,0.8060079976592217,1.0,4.77423566798817,0.08420351518931476,0.19399200234077832,70.11261006825939,0.1000170969396478,Financial Services
2023-03-31,PGR,2023,Q1,USD,1,0.04320275289032502,0.047958762598180125,0.038775467382865775,0.038775467382865775,0.031326716884533874,0.031326716884533874,0.030816145254131785,1.1519812430507437,0,0,15.066069546891464,0.19186058214228682,0.906927987194253,2.0214301052179513,0.008948379006086424,0.011267495656587346,46.704506586291586,-1.0059432187816648,-1.0059432187816648,4.960505679258258,5.852395420242416,34.77363337904667,34.16035680751174,0.08573790312299974,0.3787733276422186,0.27471762040098546,0.27471762040098546,4.417804889616087,-3.9342083539706123,0.0956331621996213,0.17132126146163368,0.982363747703613,9.150078988941548,8.75829383886256,0.0,0.3833753306308985,56.701388888888886,21.28149435273675,0.1605269033266354,0.0008592688107626442,0.08592688107626442,24.444691400239357,0.7657719268250983,11.031971277141391,17.98375790733459,28.839801675500084,27.922208924602497,28.839801675500084,4.1878953667293555,0.07385877927850915,4.114036587450847,0.8079004329004329,1.0,4.960505679258258,0.07635780546044175,0.1920995670995671,130.92678139127898,0.12292699606770388,Financial Services
2023-06-30,PGR,2023,Q2,USD,1,0.03267002879966639,0.03740047174114182,0.028389173410479952,0.028389173410479952,0.02250544066095886,0.02250544066095886,0.02188644330635808,0.8626884464480444,0,0,15.518099089989889,0.1988381222355523,0.8428945323382355,1.8750348235363117,0.006912049951962906,0.00657981554522661,56.038805008685586,-2.334950208695232,-2.334950208695232,4.632985644444179,5.04471200333607,34.462393394462744,33.129316645271714,0.0892202411336859,0.41208643253367483,0.2918280517675377,0.2918280517675377,4.618754974179148,-4.602057033194399,0.08566589932698934,0.1522733492317917,0.9613179289687633,7.3622526636225265,6.6316590563165905,0.0,0.33935961664125464,25.851769911504423,14.753787878787879,0.19687319050376376,0.0008782895641388584,0.08782895641388584,26.239357155069243,0.5905282954351171,11.88613438194563,17.724397332877416,28.5712087536331,27.658916054026328,28.5712087536331,3.995554795691571,0.1545563344161395,3.8409984612754315,0.7927473031902685,1.0,4.632985644444179,0.08894619240356248,0.20725269680973146,146.56831533101047,0.1162591896050607,Financial Services
2023-09-30,PGR,2023,Q3,USD,1,0.09514961358931166,0.09974024972031839,0.090668278318567,0.090668278318567,0.07209356153638433,0.07209356153638433,0.07142489745007523,1.2534977433913603,0,0,16.909545553381168,0.19420775562392617,0.846108759590344,1.8660580790532146,0.019025029071112167,0.004857469763654614,18.162543476322128,0.07783947204138054,0.07783947204138054,4.6830258748052636,5.2376097830699395,24.078576495625445,23.822968270214947,0.0860021177128701,0.395946031399286,0.2836399276857377,0.2836399276857377,4.60391025161969,-3.587617927248403,0.12001530243364851,0.21985546568595934,0.9893844129258663,18.11190817790531,20.23242467718795,0.0,0.49647192055287764,94.20110192837465,32.53568030447193,0.061357353072326766,0.0008445589290992778,0.08445589290992778,26.59610123119015,1.917407660738714,11.896887824897401,19.359439124487004,29.745725034199726,28.83823529411765,29.745725034199726,5.847298221614227,0.06207250341997264,5.785225718194255,0.7951354417813076,1.0,4.6830258748052636,0.08454918721023527,0.20486455821869237,56.863172822793786,0.11764705882352941,Financial Services
2023-12-31,PGR,2023,Q4,USD,1,0.15240052594795012,0.1569196507895142,0.14827230836659994,0.14827230836659994,0.11773415937170542,0.11773415937170542,0.11711818429500467,0.0,0,0,16.029431311117442,0.20022104741372154,0.8056141938926812,3.484198047090056,0.03222703973695017,0.0033640579455603554,11.72484455176577,0.15052165302942544,0.15052165302942544,4.597629049518915,5.521658868264253,39.58329823369565,38.24994214909941,0.08379167467133428,0.3484620581838626,0.25841443299723144,0.2535771211490961,4.158671604913918,-3.330170908983323,0.08232147018789412,0.14435731292718465,0.9663151848356788,30.61406025824964,35.916786226685794,0.0,0.34494324775680035,29.68696711327649,16.14105960264901,0.03466143475198712,0.000739059579829719,0.07390595798297189,28.84640355373313,3.396207073295746,12.191184008200922,19.57235605672305,34.643943276951994,31.371604305484368,34.643943276951994,4.164189304630105,0.1402699470357082,4.023919357594396,0.7940401054565791,1.0,4.597629049518915,0.07389094080718435,0.20595989454342095,37.81716011172341,0.11771740987527764,Financial Services
2024-03-31,PGR,2024,Q1,USD,1,0.17462435458606487,0.17868538608806636,0.17056332308406336,0.17056332308406336,0.13523234901665024,0.13523234901665024,0.13424609850902128,0.8979521668689668,0,0,22.79122041517916,0.18312317601901243,0.0,0.0,0.03320122904008208,0.0,13.181545474045473,0.7816425210925206,0.7816425210925206,5.634910803115815,7.130285432499855,29.367916367980882,29.02118772136954,0.07319508881001276,0.31587754971047116,0.24005086930768962,0.24005086930768962,4.3155566151490286,1.5517295703643688,0.0,0.24569240587109126,0.9881936245572609,35.3,42.0,0.0,0.6146856902332467,84.7,7.616906474820144,0.21707421707421706,0.004117009980006465,0.4117009980006465,29.444824051930304,3.981892722924496,11.888793987017424,14.632729757430816,37.2587974034848,37.2587974034848,37.2587974034848,7.23436966176973,0.08541168431841475,7.148957977451316,0.7928571428571428,1.0,5.634910803115815,0.056057240433301465,0.20714285714285716,42.090886363636365,0.8643662453023574,Financial Services
2024-06-30,PGR,2024,Q2,USD,1,0.10647101009543775,0.11019473713245435,0.10263143377282506,0.10263143377282506,0.0804711204280907,0.0804711204280907,0.0804711204280907,0.933135659094302,0,0,25.40574632095305,0.18517156487184988,0.0,0.0,0.020471452370541068,0.0,21.014924933159662,-0.5685544759313744,-0.5685544759313744,5.253461123202688,6.764378220334308,38.340853631843906,37.54145000306166,0.07039011982470657,0.2952263028911244,0.2279341472854114,0.2279341472854114,4.194144059227777,0.6469122937246616,0.0,0.18018425553042422,0.9791500826648705,22.92816091954023,26.729885057471265,0.0,0.47400119000972324,47.96182085168869,25.84018987341772,0.03996709398779735,0.00047546082266433496,0.0475460822664335,30.965152032798088,2.491800478305432,11.889818927229244,14.269217628971644,39.870857533310556,39.870857533310556,39.870857533310556,5.579432866416126,0.1163307140416809,5.463102152374445,0.7840786927542464,1.0,5.253461123202688,0.05619653328873299,0.2159213072457536,64.79017972465581,0.09959002391527161,Financial Services
2024-09-30,PGR,2024,Q3,USD,1,0.15293884881137187,0.1565255329295143,0.14939274952059173,0.14939274952059173,0.11837579520896113,0.11837579520896113,0.11837579520896113,0.984757879591745,0,0,28.61759581881533,0.1873700720039923,0.0,0.0,0.030804733788465877,0.0,15.921172537927488,0.2660652323452312,0.2660652323452312,5.471490649611735,7.538725839344961,32.632495059071545,32.23118013230669,0.06550985005109194,0.25375469912700255,0.2023958110017004,0.2023958110017004,3.8735350321989155,0.6909608421170705,0.0,0.23389543319230105,0.9877019846003687,35.393419170243206,42.128755364806864,0.0,0.6689834295829826,81.31393298059965,39.98699045967042,0.02511356818376618,0.0003943423156168386,0.03943423156168386,33.66086065573771,3.9846311475409837,11.888148907103826,14.934084699453551,46.37858606557377,46.37858606557377,46.37858606557377,7.873121584699454,0.09682377049180328,7.77629781420765,0.7923797881010595,1.0,5.471490649611735,0.04637761724860287,0.2076202118989405,50.352484604913464,0.10006830601092896,Financial Services
2024-12-31,PGR,2024,Q4,USD,1,0.1498860238609787,0.1536260201111144,0.14643713549838658,0.14643713549838658,0.11627046389768791,0.11627046389768791,0.11627046389768791,1.0592348698651615,0,0,25.65493670886076,0.19166296278783868,0.0,0.0,0.03034533522968286,0.0,14.884748090388287,14.810324349936609,14.810324349936609,5.48253821656051,6.9226262618786825,48.42899295847572,46.65435290792405,0.0651851151354674,0.26935250674065103,0.2121967737963305,0.2121967737963305,4.132116759798366,0.3254257209216815,0.0,0.14838114410333836,0.9633558341369335,35.79685264663805,42.45922746781116,0.0,0.43628318584070797,27.289473684210527,17.76314235085647,0.02507956715467855,0.00042122928453981506,0.04212292845398151,34.61258645717702,4.024421484074802,11.891213389121338,129.94620442319186,43.704209717359745,43.704209717359745,43.704209717359745,5.1358551788916404,0.18819912902399452,4.947656049867645,0.7939957545739412,1.0,5.48253821656051,0.04912916173152192,0.20600424542605883,47.22945641700925,0.1009307488685851,Financial Services
2025-03-31,PGR,2025,Q1,USD,1,0.16204293696696404,0.16547397313988824,0.1586119007940398,0.1586119007940398,0.1258209979413783,0.1258209979413783,0.1258209979413783,0.9596425211665098,0,0,23.88992974238876,0.1831270364153704,0.0,0.0,0.03198108058941241,0.0,16.151525126606934,1.803586972471107,1.803586972471107,5.727839331353181,8.128804038819723,32.62074350904799,32.246521485514286,0.06188009945336553,0.23810181667472544,0.192311983932158,0.192311983932158,3.8477930510464877,0.31775104154499084,0.0,0.2520831291049897,0.9885280964417655,38.67142857142857,46.22857142857143,0.0,0.7460110240789092,87.16949152542372,1.8674655047204067,1.0498636540708999,0.016250224759602194,1.6250224759602196,34.815699658703075,4.3805460750853245,11.8839590443686,19.242320819112628,49.40955631399317,49.40955631399317,49.40955631399317,8.776450511945393,0.10068259385665529,8.675767918088738,0.7932632880098888,1.0,5.727839331353181,0.041569220590982385,0.20673671199011126,51.10866706161138,4.598976109215017,Financial Services
2025-06-30,PGR,2025,Q2,USD,0,0.1841782223232553,0.1841782223232553,0.1841782223232553,0.1810411457149352,0.14435098886110478,0.14435098886110478,0.0,0.0,0,0,0.0,0.0,0.0,0.0,0.0,0.0,0.0,0.0,0.0,0.0,0.0,0.0,0.0,0.0,0.0,0.0,0.0,0.0,0.0,0.0,,0.0,0.0,58.710144927536234,0.0,0.0,0.0,0.0,0.0,,,0.0,0.0,0.0,0.0,0.0,0.0,0.0,0.0,0.0,0.0,0.7973380210949271,0.9829671686003456,0.0,0.0,0.20266197890507281,,0.0,Financial Services
