date,symbol,fiscalYear,period,reportedCurrency,grossProfitMargin,ebitMargin,ebitdaMargin,operatingProfitMargin,pretaxProfitMargin,continuousOperationsProfitMargin,netProfitMargin,bottomLineProfitMargin,receivablesTurnover,payablesTurnover,inventoryTurnover,fixedAssetTurnover,assetTurnover,currentRatio,quickRatio,solvencyRatio,cashRatio,priceToEarningsRatio,priceToEarningsGrowthRatio,forwardPriceToEarningsGrowthRatio,priceToBookRatio,priceToSalesRatio,priceToFreeCashFlowRatio,priceToOperatingCashFlowRatio,debtToAssetsRatio,debtToEquityRatio,debtToCapitalRatio,longTermDebtToCapitalRatio,financialLeverageRatio,workingCapitalTurnoverRatio,operatingCashFlowRatio,operatingCashFlowSalesRatio,freeCashFlowOperatingCashFlowRatio,debtServiceCoverageRatio,interestCoverageRatio,shortTermOperatingCashFlowCoverageRatio,operatingCashFlowCoverageRatio,capitalExpenditureCoverageRatio,dividendPaidAndCapexCoverageRatio,dividendPayoutRatio,dividendYield,dividendYieldPercentage,revenuePerShare,netIncomePerShare,interestDebtPerShare,cashPerShare,bookValuePerShare,tangibleBookValuePerShare,shareholdersEquityPerShare,operatingCashFlowPerShare,capexPerShare,freeCashFlowPerShare,netIncomePerEBT,ebtPerEbit,priceToFairValue,debtToMarketCap,effectiveTaxRate,enterpriseValueMultiple,dividendPerShare,sector
1985-09-30,WFC,1985,Q3,USD,0.0,0.0,0.0,0.0,0.0,0.0,0.0,0.0,0.0,0,0,0.0,0.0,0.0,0.0,0.0,0.0,0.0,0.0,0.0,0.0,0.0,0.0,0.0,0.0,0.0,0.0,0.0,0.0,0.0,0.0,0.0,0.0,0.0,0.0,0.0,0.0,0.0,0.0,0.0,0.018564356435643563,1.8564356435643565,0.0,0.0,,,,,,,,,0.0,0,0.0,,0.0,0.0,0.01875,Financial Services
1985-12-31,WFC,1985,Q4,USD,0.0,0.0,0.0,0.0,0.0,0.0,0.0,0.0,0.0,0,0,0.0,0.0,0.0,0.0,0.0,0.0,0.0,0.0,0.0,0.0,0.0,0.0,0.0,0.0,0.0,0.0,0.0,0.0,0.0,0.0,0.0,0.0,0.0,0.0,0.0,0.0,0.0,0.0,0.0,0.014423076923076922,1.4423076923076923,0.0,0.0,,,,,,,,,0.0,0,0.0,,0.0,0.0,0.01875,Financial Services
1986-03-31,WFC,1986,Q1,USD,0.0,0.0,0.0,0.0,0.0,0.0,0.0,0.0,0.0,0,0,0.0,0.0,0.0,0.0,0.0,0.0,0.0,0.0,0.0,0.0,0.0,0.0,0.0,0.0,0.0,0.0,0.0,0.0,0.0,0.0,0.0,0.0,0.0,0.0,0.0,0.0,0.0,0.0,0.0,0.012175324675324674,1.2175324675324675,0.0,0.0,,,,,,,,,0.0,0,0.0,,0.0,0.0,0.01875,Financial Services
1986-06-30,WFC,1986,Q2,USD,0.0,0.0,0.0,0.0,0.0,0.0,0.0,0.0,0.0,0,0,0.0,0.0,0.0,0.0,0.0,0.0,0.0,0.0,0.0,0.0,0.0,0.0,0.0,0.0,0.0,0.0,0.0,0.0,0.0,0.0,0.0,0.0,0.0,0.0,0.0,0.0,0.0,0.0,0.0,0.011942675159235668,1.1942675159235667,0.0,0.0,,,,,,,,,0.0,0,0.0,,0.0,0.0,0.01875,Financial Services
1986-09-30,WFC,1986,Q3,USD,0.0,0.0,0.0,0.0,0.0,0.0,0.0,0.0,0.0,0,0,0.0,0.0,0.0,0.0,0.0,0.0,0.0,0.0,0.0,0.0,0.0,0.0,0.0,0.0,0.0,0.0,0.0,0.0,0.0,0.0,0.0,0.0,0.0,0.0,0.0,0.0,0.0,0.0,0.0,0.012335526315789474,1.2335526315789473,0.0,0.0,,,,,,,,,0.0,0,0.0,,0.0,0.0,0.01875,Financial Services
1986-12-31,WFC,1986,Q4,USD,0.0,0.0,0.0,0.0,0.0,0.0,0.0,0.0,0.0,0,0,0.0,0.0,0.0,0.0,0.0,0.0,0.0,0.0,0.0,0.0,0.0,0.0,0.0,0.0,0.0,0.0,0.0,0.0,0.0,0.0,0.0,0.0,0.0,0.0,0.0,0.0,0.0,0.0,0.0,0.012335526315789474,1.2335526315789473,0.0,0.0,,,,,,,,,0.0,0,0.0,,0.0,0.0,0.01875,Financial Services
1987-03-31,WFC,1987,Q1,USD,0.0,0.0,0.0,0.0,0.0,0.0,0.0,0.0,0.0,0,0,0.0,0.0,0.0,0.0,0.0,0.0,0.0,0.0,0.0,0.0,0.0,0.0,0.0,0.0,0.0,0.0,0.0,0.0,0.0,0.0,0.0,0.0,0.0,0.0,0.0,0.0,0.0,0.0,0.0,0.011363636363636364,1.1363636363636365,0.0,0.0,,,,,,,,,0.0,0,0.0,,0.0,0.0,0.01875,Financial Services
1987-06-30,WFC,1987,Q2,USD,0.0,0.0,0.0,0.0,0.0,0.0,0.0,0.0,0.0,0,0,0.0,0.0,0.0,0.0,0.0,0.0,0.0,0.0,0.0,0.0,0.0,0.0,0.0,0.0,0.0,0.0,0.0,0.0,0.0,0.0,0.0,0.0,0.0,0.0,0.0,0.0,0.0,0.0,0.0,0.01059322033898305,1.0593220338983051,0.0,0.0,,,,,,,,,0.0,0,0.0,,0.0,0.0,0.01875,Financial Services
1987-09-30,WFC,1987,Q3,USD,0.0,0.0,0.0,0.0,0.0,0.0,0.0,0.0,0.0,0,0,0.0,0.0,0.0,0.0,0.0,0.0,0.0,0.0,0.0,0.0,0.0,0.0,0.0,0.0,0.0,0.0,0.0,0.0,0.0,0.0,0.0,0.0,0.0,0.0,0.0,0.0,0.0,0.0,0.0,0.009664948453608248,0.9664948453608248,0.0,0.0,,,,,,,,,0.0,0,0.0,,0.0,0.0,0.01875,Financial Services
1987-12-31,WFC,1987,Q4,USD,0.0,0.0,0.0,0.0,0.0,0.0,0.0,0.0,0.0,0,0,0.0,0.0,0.0,0.0,0.0,0.0,0.0,0.0,0.0,0.0,0.0,0.0,0.0,0.0,0.0,0.0,0.0,0.0,0.0,0.0,0.0,0.0,0.0,0.0,0.0,0.0,0.0,0.0,0.0,0.012175324675324674,1.2175324675324675,0.0,0.0,,,,,,,,,0.0,0,0.0,,0.0,0.0,0.01875,Financial Services
1988-03-31,WFC,1988,Q1,USD,0.0,0.0,0.0,0.0,0.0,0.0,0.0,0.0,0.0,0,0,0.0,0.0,0.0,0.0,0.0,0.0,0.0,0.0,0.0,0.0,0.0,0.0,0.0,0.0,0.0,0.0,0.0,0.0,0.0,0.0,0.0,0.0,0.0,0.0,0.0,0.0,0.0,0.0,0.0,0.01065340909090909,1.0653409090909092,0.0,0.0,,,,,,,,,0.0,0,0.0,,0.0,0.0,0.01875,Financial Services
1988-06-30,WFC,1988,Q2,USD,0.0,0.0,0.0,0.0,0.0,0.0,0.0,0.0,0.0,0,0,0.0,0.0,0.0,0.0,0.0,0.0,0.0,0.0,0.0,0.0,0.0,0.0,0.0,0.0,0.0,0.0,0.0,0.0,0.0,0.0,0.0,0.0,0.0,0.0,0.0,0.0,0.0,0.0,0.0,0.010521883838383839,1.0521883838383839,0.0,0.0,,,,,,,,,0.0,0,0.0,,0.0,0.0,0.02083333,Financial Services
1988-09-30,WFC,1988,Q3,USD,0.0,0.0,0.0,0.0,0.0,0.0,0.0,0.0,0.0,0,0,0.0,0.0,0.0,0.0,0.0,0.0,0.0,0.0,0.0,0.0,0.0,0.0,0.0,0.0,0.0,0.0,0.0,0.0,0.0,0.0,0.0,0.0,0.0,0.0,0.0,0.0,0.0,0.0,0.0,0.009834123222748816,0.9834123222748816,0.0,0.0,,,,,,,,,0.0,0,0.0,,0.0,0.0,0.02075,Financial Services
1988-12-31,WFC,1988,Q4,USD,0.0,0.0,0.0,0.0,0.0,0.0,0.0,0.0,0.0,0,0,0.0,0.0,0.0,0.0,0.0,0.0,0.0,0.0,0.0,0.0,0.0,0.0,0.0,0.0,0.0,0.0,0.0,0.0,0.0,0.0,0.0,0.0,0.0,0.0,0.0,0.0,0.0,0.0,0.0,0.010323383084577116,1.0323383084577116,0.0,0.0,,,,,,,,,0.0,0,0.0,,0.0,0.0,0.02075,Financial Services
1989-03-31,WFC,1989,Q1,USD,0.0,0.0,0.0,0.0,0.0,0.0,0.0,0.0,0.0,0,0,0.0,0.0,0.0,0.0,0.0,0.0,0.0,0.0,0.0,0.0,0.0,0.0,0.0,0.0,0.0,0.0,0.0,0.0,0.0,0.0,0.0,0.0,0.0,0.0,0.0,0.0,0.0,0.0,0.0,0.010054347826086957,1.0054347826086958,0.0,0.0,,,,,,,,,0.0,0,0.0,,0.0,0.0,0.023125,Financial Services
1989-06-30,WFC,1989,Q2,USD,0.0,0.0,0.0,0.0,0.0,0.0,0.0,0.0,0.0,0,0,0.0,0.0,0.0,0.0,0.0,0.0,0.0,0.0,0.0,0.0,0.0,0.0,0.0,0.0,0.0,0.0,0.0,0.0,0.0,0.0,0.0,0.0,0.0,0.0,0.0,0.0,0.0,0.0,0.0,0.00879277566539924,0.879277566539924,0.0,0.0,,,,,,,,,0.0,0,0.0,,0.0,0.0,0.023125,Financial Services
1989-09-30,WFC,1989,Q3,USD,0.0,0.0,0.0,0.0,0.0,0.0,0.0,0.0,0.0,0,0,0.0,0.0,0.0,0.0,0.0,0.0,0.0,0.0,0.0,0.0,0.0,0.0,0.0,0.0,0.0,0.0,0.0,0.0,0.0,0.0,0.0,0.0,0.0,0.0,0.0,0.0,0.0,0.0,0.0,0.00802951388888889,0.802951388888889,0.0,0.0,,,,,,,,,0.0,0,0.0,,0.0,0.0,0.023125,Financial Services
1989-12-31,WFC,1989,Q4,USD,0.0,0.0,0.0,0.0,0.0,0.0,0.0,0.0,0.0,0,0,0.0,0.0,0.11586100782151558,0.11586100782151558,0.0,0.0781177073983844,0.0,0.0,0.0,1.656486836750665,0.0,0.0,0.0,0.28142528981249,5.359524182188136,0.8427555314907337,0.6667883592364661,19.044216622319613,0.0,,0.0,0.0,0.0,0.0,,,0.0,0.0,0.0,0.0090547703180212,0.9054770318021201,0.0,0.0,9.156398408419971,2.0364041843152356,1.7084349463055664,1.7084349463055664,1.7084349463055664,,,,0.0,0,1.656486836750665,3.2354764694063505,0.0,0.0,0.025625,Financial Services
1990-03-31,WFC,1990,Q1,USD,0.4531269983373833,0.10986059598414119,0.1340324849725029,0.10986059598414119,0.10986059598414119,0.08031717610947692,0.08031717610947692,0.08031717610947692,1.066857688634193,0,0,2.09849704777241,0.03167998314506588,0.10777257378283879,0.10777257378283879,0.0034984199302885233,0.07121658760917167,7.26471050955414,0.0,0.0,1.3743751167344482,2.333924133520911,5.37366101295642,5.133320056258791,0.30797124937199166,5.72458201536376,0.8512918724590935,0.6572800247786696,18.58804036752523,-0.04451909526995289,0.017731823010968293,0.45466172144775546,0.9552742616033755,0.015048257570176084,0.22931126534970636,0.07033197483480394,0.046769546513004696,22.358490566037737,10.099431818181818,0.3073248407643312,0.010575949322418106,1.0575949322418106,1.0583034660487478,0.0849999458599071,10.795128474440462,1.9325306162225375,1.7971803839615388,1.7971803839615388,1.7971803839615388,0.48117007568784986,0.02152068692949877,0.4596493887583511,0.7310826542491269,1,1.3743751167344482,4.165225305421361,0.2689173457508731,76.31865725190839,0.026122594826372723,Financial Services
1990-06-30,WFC,1990,Q2,USD,0.45302474793767183,0.1076993583868011,0.13691567369385885,0.1076993583868011,0.1076993583868011,0.08020164986251145,0.08020164986251145,0.08020164986251145,0.9872186404252913,0,0,2.08206106870229,0.03260414798876338,0.11686475156629704,0.11686475156629704,0.003771915619680315,0.07640417557171558,7.999996000000001,0.0,0.0,1.5438685505548282,2.566451512373969,-4.005720457796853,-4.205780848666917,0.28997818420895344,5.350196429802192,0.8425245563575189,0.6429959892719175,18.450341167551176,-0.04694328135042611,-0.024374282066184916,-0.6102199816681944,1.049943672549756,0.017153736999982037,0.224934194783441,-0.10342952576999262,-0.06861103238605622,-20.022556390977442,-10.803245436105477,0.3242857142857143,0.01013393363839539,1.013393363839539,1.059829101343122,0.08500004250002124,9.933469252448912,2.0272510136255066,1.7618080237611546,1.7618080237611546,1.7618080237611546,-0.6467288947930189,0.032300016150008076,-0.6790289109430269,0.7446808510638298,1,1.5438685505548282,3.4654481612955093,0.2553191489361702,69.7330450209205,0.027564299496435463,Financial Services
1990-09-30,WFC,1990,Q3,USD,0.4707220011370097,0.11210915292779988,0.14019329164297897,0.11210915292779988,0.11210915292779988,0.08129619101762366,0.08129619101762366,0.08129619101762366,0.9240386635847867,0,0,2.0525087514585763,0.03296427339919941,0.11894534968493296,0.11894534968493296,0.0038163547861135463,0.07474773741473223,5.249997062937062,0.8924995006993037,0.8924995006993037,1.0192785011200869,1.7072190562819785,39.101540625,23.315204347826086,0.2729044542060839,4.942773742447899,0.8317284077539038,0.6398640719734011,18.111737152942773,-0.04596181432890264,0.0029904667264140867,0.0732234223990904,0.5962732919254659,0.01898671719265005,0.24478649453823237,0.013808186281867106,0.008844695929242433,2.476923076923077,1.3702127659574468,0.2937062937062937,0.013986021810361854,1.3986021810361853,1.1070635563991924,0.09000005034967852,9.672173243173843,2.0261969377325526,1.854252785595964,1.854252785595964,1.854252785595964,0.0810629824128573,0.03272729103624673,0.04833569137661056,0.7251521298174443,1,1.0192785011200869,4.849286762171748,0.2748478701825558,58.17517566909976,0.0264335812215839,Financial Services
1990-12-31,WFC,1990,Q4,USD,0.4738126941855304,0.10086551264980026,0.12927208166888593,0.10086551264980026,0.10086551264980026,0.07845095428317798,0.07845095428317798,0.07833999112294718,0.6523816418126538,0,0,1.9681153090194365,0.029426074009253605,0.1620298753738388,0.1620298753738388,0.003322041382355579,0.10723720221804421,7.1693269801980195,-1.613098570544552,-1.613098570544552,1.2380079807046467,2.249762172658677,-10.790237732836616,-12.332637895377127,0.2609653920374585,4.880197838431947,0.8299376947040499,0.6395113361215056,18.700555657324298,-0.044947630922693264,-0.006520859611128299,-0.18242343541944075,1.1429440389294403,0.017523428259485035,0.22252141982864138,-0.03231767249852566,-0.020569798430989827,-6.995744680851064,-3.5128205128205128,0.32956152758132956,0.011492066427280841,1.149206642728084,1.151232797615778,0.09031531157505049,10.731554023757909,3.453698392847334,2.0920705200347975,2.0920705200347975,2.0920705200347975,-0.21001184190860397,0.030019940905426968,-0.24003178281403093,0.7777777777777778,1,1.2380079807046467,3.9419760732513587,0.2222222222222222,62.79987699570815,0.029764452046657376,Financial Services
1991-03-31,WFC,1991,Q1,USD,0.48252184769038703,0.11194340407823554,0.14502704952143156,0.11194340407823554,0.11194340407823554,0.08010819808572618,0.08010819808572618,0.07698709945900957,0.7547703180212014,0,0,2.023578947368421,0.03135632753856744,0.11566236630009805,0.11566236630009805,0.0037819142464848706,0.06385047580687815,8.515870714285715,1.8309122035714254,1.8309122035714254,1.3910098536274924,2.7287642322097376,5.445065767074943,5.229043421052632,0.2546837127823032,4.140379719983029,0.8054618424174894,0.6301076956274398,16.256947390750955,-0.04485007978946779,0.020407415996387204,0.5218476903870163,0.9603269537480064,0.02170573566084788,0.2577245508982036,0.10916213275299239,0.06424920905329765,25.20603015075377,10.857142857142858,0.34155844155844156,0.010027114461280618,1.002711446128062,1.169027342980363,0.09364867395910106,10.002894595376917,1.908730245602769,2.2932979171075454,2.2932979171075454,2.2932979171075454,0.6100542189335727,0.02420270924397547,0.5858515096895972,0.7156133828996283,1,1.3910098536274924,2.9765279585803768,0.2843866171003718,63.56232553802008,0.031986495131485174,Financial Services
1991-06-30,WFC,1991,Q2,USD,0.5072410632447296,0.09917506874427132,0.13657195233730524,0.09917506874427132,0.09917506874427132,0.08982584784601283,0.08982584784601283,0.08643446379468378,0.6765891472868217,0,0,1.8363911799360377,0.02942890128505303,0.13637060898910877,0.13637060898910877,0.003981412426137342,0.0837421220458692,8.736174489795918,1.5725114081632645,1.5725114081632645,1.5493034744842562,3.138937121906508,-4.116082211538462,-4.2383420792079205,0.2519502379128408,4.2256605139341294,0.8086366312290058,0.5983719747074642,16.77180600796236,-0.04527215160983788,-0.026371359659000043,-0.7406049495875344,1.0297029702970297,0.021360747318364393,0.24007100066563125,-0.13361555761344093,-0.08650593122350221,-33.666666666666664,-14.7985347985348,0.3122448979591837,0.00893540125382952,0.893540125382952,1.0990981552075694,0.09872742365750853,9.863776303806446,2.5848451389840346,2.2268071148220088,2.2268071148220088,2.2268071148220088,-0.813997533829254,0.02417814456918576,-0.8381756783984396,0.9057301293900185,1,1.5493034744842562,2.7274582310872306,0.09426987060998152,68.45087516778524,0.030827134325711845,Financial Services
1991-09-30,WFC,1991,Q3,USD,0.5234289865601163,0.11060661096985107,0.14493280058118416,0.11060661096985107,0.11060661096985107,0.09453323646930621,0.09453323646930621,0.0918997457319288,0.7557477180701393,0,0,1.8727891156462586,0.02919437109619402,0.14932575202006504,0.14932575202006504,0.004031032415863917,0.10053276808347482,10.719144980787705,0.0,0.0,1.7728291575644437,4.053261868870323,9.326059277058086,9.028017738673139,0.24032333322728766,3.6004686817333282,0.7826308428159481,0.5909504467912267,14.981769074949359,-0.04246441696262962,0.016555659363290235,0.4489647657101344,0.968042071197411,0.024169235747985896,0.2746335963923337,0.09108998452354632,0.05454003905172699,31.29113924050633,10.19381443298969,0.31412103746397696,0.007326168225800355,0.7326168225800355,1.0337353310872526,0.0977223465003478,8.92587088822197,2.818271168716082,2.3634539076265675,2.3634539076265675,2.3634539076265675,0.4641107407278766,0.014832018008698322,0.4492787227191783,0.854679802955665,1,1.7728291575644437,2.0309168914390714,0.14532019704433496,65.9533331453634,0.03069664486610349,Financial Services
1991-12-31,WFC,1991,Q4,USD,0.5638691066438294,0.11448661317948255,0.14937347877039575,0.11448661317948255,0.11448661317948255,0.09817001712791851,0.09817001712791851,0.09122870278554043,0.7411638938999131,0,0,1.9017658151894394,0.02881178963991107,0.1395271763146266,0.1395271763146266,0.004110229905542684,0.0908963894881859,11.164839669421486,2.6516494214875945,2.6516494214875945,1.876892621179376,4.384210006310286,-10.776432882783071,-11.234474844074844,0.23158777817025786,3.4410697746217966,0.7748290275207035,0.5800188012577393,14.85859833281877,-0.04275896095686329,-0.014065789815705337,-0.39024610114486613,1.0425040425040426,0.02562144146646299,0.3003074012768976,-0.08109930871691115,-0.04855044019514383,-23.527173913043477,-7.387372013651877,0.3691460055096419,0.008265815193940205,0.8265815193940206,1.0400961617798181,0.10210625801660704,8.756760203124882,2.622977564751682,2.429547619583399,2.429547619583399,2.429547619583399,-0.4058934719503139,0.017252113383889527,-0.42314558533420343,0.8574803149606299,1,1.876892621179376,1.8333865964370109,0.14251968503937007,66.27884224502112,0.03769211728436733,Financial Services
1992-03-31,WFC,1992,Q1,USD,0.6119954269633278,0.14167619382640048,0.17544631079060768,0.14167619382640048,0.14167619382640048,0.10764224782341043,0.10764224782341043,0.10148623691847683,0.6956016394445464,0,0,1.905647729177141,0.027588064177246824,0.13302617184212742,0.13302617184212742,0.004197468988848515,0.08389536071939506,10.213783496732026,0.9192405147058819,0.9192405147058819,1.7194472372176186,4.397738457479553,-12.589799597180262,-13.388670414993305,0.2582059387972468,3.659354261939965,0.7853779850636124,0.5461596080022472,14.172231200357597,-0.04110329321566125,-0.011225520251018863,-0.3284671532846715,1.0634538152610442,0.021335314722428618,0.408675799086758,-0.05229188250777028,-0.03509513742071882,-15.759493670886076,-5.684931506849315,0.3431372549019608,0.008398877238090812,0.8398877238090812,1.0346226916385817,0.11136911217708417,10.042054578143993,2.5398344749273916,2.6461992560834466,2.6461992560834466,2.6461992560834466,-0.3398395702462495,0.02156411730879816,-0.36140368755504765,0.7597765363128491,1,1.7194472372176186,2.12821550015194,0.24022346368715083,64.41989172932331,0.03821489143331319,Financial Services
1992-06-30,WFC,1992,Q2,USD,0.638329539485204,0.1449833654351252,0.17939064962353354,0.1449833654351252,0.1449833654351252,0.11197688670985817,0.11197688670985817,0.10593591315006129,0.7435713820714798,0,0,1.8995509728920672,0.028150269500260013,0.13691537299759834,0.13691537299759834,0.004447967821400258,0.08937458218821956,10.2130570758405,0.0,0.0,1.7504774029280714,4.574505340570828,132.27848101265823,77.63744427934621,0.2673733398069259,3.6345271198365103,0.7842282558408512,0.5771018106599416,13.593453717042447,-0.04026538065626013,0.0020828690980217385,0.0589213797933812,0.586924219910847,0.02339574063190888,0.44612068965517243,0.00993299288602887,0.006203508254445233,2.420863309352518,0.9655667144906743,0.3275996872556685,0.008019138755980862,0.8019138755980861,1.0383636363636364,0.11627272727272728,10.199909090909092,2.625272727272727,2.7135454545454545,2.7135454545454545,2.7135454545454545,0.061181818181818184,0.025272727272727273,0.03590909090909091,0.7723429951690821,1,1.7504774029280714,2.076306220095694,0.2276570048309179,64.3528550512445,0.03809090909090909,Financial Services
1992-09-30,WFC,1992,Q3,USD,0.6862495761275008,0.16403865717192267,0.19854187860291625,0.16403865717192267,0.16403865717192267,0.1135130552729739,0.1135130552729739,0.10757884028484233,0.8230533072843985,0,0,1.9031945788964182,0.028740519112835042,0.12685153968068916,0.12685153968068916,0.004596478665599596,0.0816930343352102,10.054093801344287,1.1059503181478725,1.1059503181478725,1.7612338969746524,4.565083621566632,2.275596957403651,2.21603812345679,0.26333780830395365,3.5349795584627963,0.7794918395753551,0.5913962687763938,13.4237448896157,-0.04243279944602822,0.07656654199659074,2.0600203458799595,0.9738271604938271,0.026008073525687812,0.5856537530266344,0.3807046953579094,0.2248292962750504,38.20754716981132,21.85251798561151,0.3554891710231516,0.008839413527642361,0.8839413527642361,1.0689837042514667,0.12134360630660511,10.094084340603075,2.3495710834289403,2.7707847369861476,2.7707847369861476,2.7707847369861476,2.2021281801721466,0.05763594743166606,2.1444922327404807,0.6919896640826874,1,1.7612338969746524,2.0071039766694154,0.30801033591731264,58.072043723313406,0.04313633801489472,Financial Services
1992-12-31,WFC,1992,Q4,USD,0.6844851180294218,0.15343824837495723,0.31790968183373247,0.15343824837495723,0.15343824837495723,0.11477933629832364,0.05345535408826548,0.047553882996920975,0.7719020268039876,0,0,1.8245942571785267,0.026240486925764916,0.1208742671303017,0.1208742671303017,0.006142067861654019,0.07826091849251095,24.716383999999998,-0.4563024738461538,-0.4563024738461538,2.010966251179744,5.284892234006158,-149.61491525423727,343.2831111111111,0.2927389798707726,4.244996257363231,0.8093420946495163,0.5925287432534578,14.500960067692908,-0.03966085424161167,0.0005063974882684582,0.015395141977420458,-2.2944444444444443,0.036701888489208634,0.5595757953836556,0.0020990274506145486,0.0013799871201202122,0.30354131534569984,0.16853932584269662,0.76,0.007687208614334524,0.7687208614334524,1.0198883461270063,0.05451849267271459,11.657536636427077,2.426552686671319,2.6803035589672017,2.6803035589672017,2.6803035589672017,0.0157013258897418,0.0517271458478716,-0.0360258199581298,0.34838350055741363,1,2.010966251179744,2.110923669093343,0.25195094760312153,44.231627656712405,0.041434054431263086,Financial Services
1993-03-31,WFC,1993,Q1,USD,0.7025281122896563,0.18119467262142117,0.2130951431533615,0.18119467262142117,0.18119467262142117,0.119786266847436,0.119786266847436,0.1142834356806763,0.8129011345218801,0,0,1.8770958083832336,0.027547707030717922,0.11842420645338021,0.11842420645338021,0.004500688591156691,0.07440961957700341,11.887603195739015,0.08717575676875276,0.08717575676875276,2.1927029350362277,5.695886434324907,6.659274592074593,6.408894472361809,0.2874461195059472,4.016885668672479,0.8006731534177834,0.625109341190553,13.974395186049367,-0.04035485495713966,0.03179893394815838,0.8887471090198581,0.9624012921751616,0.023809523809523808,0.6765932102441929,0.1456237095888979,0.08517403200904936,26.596658711217184,12.423634336677814,0.3182423435419441,0.006692735665504352,0.6692735665504352,1.093771807397069,0.1310188415910677,11.70586182833217,2.2746859734822054,2.841242149337055,2.841242149337055,2.841242149337055,0.9720865317515701,0.03654919748778786,0.9355373342637823,0.6610915492957746,1,2.1927029350362277,1.8319333661156032,0.3389084507042254,65.93627245508982,0.041695743196092115,Financial Services
1993-06-30,WFC,1993,Q2,USD,0.717721328723884,0.17262888922290695,0.20817676236284383,0.17262888922290695,0.17262888922290695,0.12107320006012326,0.12107320006012326,0.11588756951751089,0.7405387355298308,0,0,1.9785873605947955,0.027842644904791797,0.1227264963984504,0.1227264963984504,0.004688403400667265,0.07401543637443103,12.590461452513965,0.0,0.0,2.429202479116141,6.097469833157974,-6.173560614822706,-6.349423509156362,0.3024670433145009,4.327943950417677,0.8123103378515072,0.6270643277465748,14.308811641067098,-0.04207104904126004,-0.03464102432028715,-0.9603186532391402,1.0284864611050242,0.02271315379333646,0.683224271267103,-0.14456222918622938,-0.08839908958207943,-35.104395604395606,-13.96502732240437,0.34202358783364367,0.006791323517482179,0.6791323517482178,1.1217767676035322,0.13581710300686084,12.46979734503277,2.3017247338878426,2.8157389344048074,2.8157389344048074,2.8157389344048074,-1.07726315469998,0.03068741495623671,-1.1079505696562166,0.7013495864170657,1,2.429202479116141,1.7816316209229244,0.29865041358293426,71.61730454873646,0.0464526528595781,Financial Services
1993-09-30,WFC,1993,Q3,USD,0.7214274726965082,0.17428087986463622,0.2140439932318105,0.17428087986463622,0.17428087986463622,0.12867251192124288,0.12867251192124288,0.12336563605599139,0.8154791771199197,0,0,1.773806275579809,0.02580381401090341,0.11599916113840951,0.11599916113840951,0.004664606288059673,0.07367381557256285,11.830370203227735,1.5379481264196022,1.5379481264196022,2.302356697493166,6.088973804030149,10.148549852583002,9.237904014002334,0.24045256896993128,3.5234979352061884,0.7789321418239095,0.6357531010667034,14.653609026929564,-0.03960383976314455,0.022750138704171214,0.6591293647131211,0.9102683780630105,0.03393559983884464,0.6680424528301887,0.14016551633901408,0.07073349895591743,11.144343302990897,6.502276176024279,0.32815301852958756,0.0069345466982947005,0.69345466982947,1.1348381882389498,0.14602248030485793,10.871037623700156,2.422332274895829,3.0012725688959025,3.0012725688959025,3.0012725688959025,0.7480051740661282,0.06711971748621384,0.6808854565799144,0.7383053839364518,1,2.302356697493166,1.5303875107808518,0.2616946160635481,62.01036198347107,0.04791771768521638,Financial Services
1993-12-31,WFC,1993,Q4,USD,0.7217472519577556,0.18262806236080179,0.22271714922049,0.18262806236080179,0.18262806236080179,0.1257274229470508,0.1257274229470508,0.1207701702708528,0.8074134230523812,0,0,1.839920687376074,0.027409156339905833,0.12463032494925518,0.12463032494925518,0.004888390918776038,0.07971171208729934,10.585002900000001,0.0,0.0,2.0764213737249184,5.323300546016236,-20.564812739383846,-24.357337376725837,0.2482656358613139,3.533096065463513,0.7794002188440828,0.6559185405176071,14.23111198296155,-0.04161409719024869,-0.00792635421579382,-0.2185501832028163,1.1844181459566074,0.03751686470846405,0.7329873125720877,-0.05240219806721676,-0.02412849494348602,-5.422459893048129,-2.7380738073807382,0.3142857142857143,0.007422900996222549,0.7422900996222549,1.1440270838281963,0.14383557703134875,10.647366945926864,2.5144102700245834,2.9329307033066567,2.9329307033066567,2.9329307033066567,-0.25002732875963596,0.04610957640833523,-0.2961369051679712,0.6884343036978757,1,2.0764213737249184,1.7015313510886507,0.31156569630212433,54.70258719354839,0.045205467066995325,Financial Services
1994-03-31,WFC,1994,Q1,USD,0.7342490714135539,0.19524844067559044,0.23519517835867965,0.19524844067559044,0.19524844067559044,0.13350620225664028,0.13350620225664028,0.12789964258182074,0.6043113671014738,0,0,1.660924223024095,0.025789741939914908,0.1475626234528641,0.1475626234528641,0.004808168641415525,0.09089250870620198,9.532154842519684,1.3345016779527563,1.3345016779527563,1.8850081722160226,5.090407169388184,4.549641083620419,4.40692997815799,0.23797810158291793,3.4170451301481846,0.7736043054723212,0.6392986857378216,14.35865362157112,-0.0412920364738123,0.03955771773905155,1.1550914570046955,0.9686324475185051,0.03704923431582414,0.8124817731116943,0.2600751096664247,0.12517752849949496,31.88007736943907,14.111301369863014,0.3417322834645669,0.008962618870295098,0.8962618870295098,1.172794199234466,0.15657529956841107,11.103942163303516,3.1126840787166907,3.1670950227136925,3.1670950227136925,3.1670950227136925,1.3546845603603945,0.0424931390429756,1.3121914213174188,0.6837760229720029,1,1.8850081722160226,1.8127481782379191,0.31622397702799715,49.59267577473182,0.053506834655661736,Financial Services
1994-06-30,WFC,1994,Q2,USD,0.7260217703840625,0.20640788662969808,0.24433490792085985,0.20640788662969808,0.20640788662969808,0.1382898610255357,0.1382898610255357,0.13411378106387348,0.4454032626924836,0,0,1.6215586145648313,0.02619770144628099,0.15210480685868413,0.15210480685868413,0.004957608021540749,0.07505268771982586,10.214204987623763,1.5321307481435649,1.5321307481435649,2.1511436245634155,5.650083952899295,7.061758903054677,6.68481907500405,0.2714592659550046,3.945081582651306,0.7977788670851715,0.6541048342018428,14.532867643225773,-0.040798485034690024,0.029007027378818245,0.8452112001095365,0.9466223878179167,0.031173549715393,0.8007968127490039,0.15666518621914854,0.08156874145232794,18.734446130500757,9.360121304018195,0.32673267326732675,0.007997016744406898,0.7997016744406897,1.1557350394146237,0.15982643798299034,12.273562729107638,2.527473136103289,3.035594613690796,3.035594613690796,3.035594613690796,0.9768401996722766,0.052141397341975565,0.9246988023303011,0.6699834162520729,1,2.1511436245634155,1.8339461566412043,0.33001658374792703,56.58273362286355,0.052220519340977045,Financial Services
1994-09-30,WFC,1994,Q3,USD,0.7016753857360439,0.19806635322164096,0.24587775643997087,0.19806635322164096,0.19806635322164096,0.13442818356400238,0.13442818356400238,0.12985894973842793,0.6128652597402597,0,0,1.610086363151722,0.02669653180212639,0.15064858772172818,0.15064858772172818,0.005217941984524403,0.09180763977113164,9.644515504926108,0.0,0.0,2.047785631357373,5.185978802728297,10.617335398590024,9.508677258377853,0.27288589844675365,4.0362680752033055,0.8014402758019128,0.6848381460970464,14.791046727505687,-0.042149010610520087,0.01966777789452569,0.5453943447453811,0.8955803788246721,0.03652434735291385,0.731474688187821,0.11558000505206432,0.05335613731625626,9.576744186046511,5.447089947089947,0.3211822660098522,0.008325515829328146,0.8325515829328146,1.193603027598859,0.16045388689660842,12.52393964088365,3.0387436855862613,3.022777338220195,3.022777338220195,3.022777338220195,0.6509843411233828,0.067975538291174,0.5830088028322087,0.6787027749916416,1,2.047785631357373,1.9710403342013239,0.3212972250083584,52.31011739833019,0.05153494298354123,Financial Services
1994-12-31,WFC,1994,Q4,USD,0.6787003610108303,0.18442146484733524,0.21354708437863307,0.18442146484733524,0.18442146484733524,0.12537477819249832,0.12537477819249832,0.12121397540231292,0.682550952221851,0,0,1.7109505862646566,0.027552477497601823,0.14497608087780242,0.14497608087780242,0.004552051127196027,0.09089492300256131,8.933062371888726,0.0,0.0,1.9034780366056572,4.479922853821208,-8.503528362369337,-9.16796634109692,0.2872164124627629,4.42920653078203,0.8158110224154691,0.7048654538200066,15.421147046589018,-0.044517628087264685,-0.01803759299998645,-0.4886495747414795,1.0781367392937642,0.03037776708373436,0.6526634906886097,-0.10172989223204504,-0.046875825433627796,-12.798076923076923,-5.9552572706935125,0.34992679355783307,0.009793024468826352,0.9793024468826352,1.3035938766264015,0.1634377931351341,13.957459910280708,3.2099693065579316,3.06806797225466,3.06806797225466,3.06806797225466,-0.6370005934490878,0.04977314930030438,-0.6867737427493922,0.6798274717982747,1,1.9034780366056572,2.326901832122178,0.32017252820172526,58.262859369627506,0.0571912628979459,Financial Services
1995-03-31,WFC,1995,Q1,USD,0.6506234704579886,0.18878918540962591,0.22415802354037992,0.18878918540962591,0.18878918540962591,0.1263256030765645,0.1263256030765645,0.1263256030765645,0.5670576573599868,0,0,1.723265388091174,0.027749975341619628,0.14965914221218962,0.14965914221218962,0.004829648297179137,0.08134085778781039,9.60605772601476,1.5369692361623615,1.5369692361623615,1.898660572079772,4.853964141708426,-32.42652105877774,-40.537096155717755,0.2925955330333365,4.124353276353276,0.8048534232378987,0.7127546744880323,14.095749287749287,-0.045446841865539635,-0.00463882618510158,-0.11974128889406829,1.2501216545012166,0.03579259641429124,0.5952599669300018,-0.028507220441965957,-0.011356351820332015,-3.998054474708171,-1.6168371361132967,0.349169741697417,0.009087227863304652,0.9087227863304651,1.3061489155889277,0.16500004946957203,14.186275009722674,2.742440859126641,3.3391961118438527,3.3391961118438527,3.3391961118438527,-0.1563999546402078,0.03911901541852399,-0.1955189700587318,0.6691358024691358,1,1.898660572079772,2.1722436000424787,0.3308641975308642,59.325638835456196,0.05761302465335149,Financial Services
1995-06-30,WFC,1995,Q2,USD,0.6383394914149098,0.18957835253205824,0.22424472940665072,0.18957835253205824,0.18957835253205824,0.12730928059117583,0.12730928059117583,0.12730928059117583,0.4875619254510292,0,0,1.797792321969327,0.027624093781426835,0.16314723501713427,0.16314723501713427,0.004816065398969256,0.0825029696539819,10.573527155356382,0.0,0.0,2.0968069509098606,5.384432541838731,-6.951115074354657,-7.222674672011662,0.31519745433258783,4.443377063055438,0.8162905144332061,0.723756583138981,14.097122302158274,-0.047901822606568153,-0.029311980310553168,-0.7454901108454683,1.039067055393586,0.03237331943267957,0.5904552377728888,-0.15921460318197114,-0.06533520005333486,-25.597014925373134,-10.339110776186887,0.33760136577037986,0.007982231492150573,0.7982231492150572,1.3353310574756845,0.17000003627828345,15.665180466321056,2.801916944497854,3.429023352331061,3.429023352331061,3.429023352331061,-0.9954760980529446,0.03889031986562524,-1.0343664179185699,0.6715391229578676,1,2.0968069509098606,2.119115954440793,0.3284608770421324,65.53721747031742,0.05739224442856262,Financial Services
1995-09-30,WFC,1995,Q3,USD,0.6322242572242572,0.18864468864468864,0.22812372812372814,0.18864468864468864,0.18864468864468864,0.12474562474562474,0.12474562474562474,0.12474562474562474,0.4689266884557578,0,0,1.9327433628318584,0.027524824293990217,0.1510223540629304,0.1510223540629304,0.0048561946569823594,0.06878475042475467,11.614286898450246,1.9744287727365488,1.9744287727365488,2.305882996295622,5.795325900488401,-5.7262819031820245,-5.878163264358327,0.3355995289300523,4.8512783142041656,0.8290971739333493,0.7197329006490265,14.455557579806078,-0.04768368078424808,-0.03801995660243356,-0.9859076109076109,1.0265235564270603,0.027089854731912822,0.5826524198617222,-0.17180726096014895,-0.080861060344324,-37.702334630350194,-13.58976157082749,0.3719412724306688,0.008006115133945477,0.8006115133945478,1.4028546693663673,0.17499998215742432,17.55866460454072,2.5022428117615405,3.525764322413915,3.525764322413915,3.525764322413915,-1.3830850955255816,0.036684335574598735,-1.4197694311001803,0.6612729234088457,1,2.305882996295622,2.103870110494633,0.33872707659115425,71.03276670383586,0.06508971603897674,Financial Services
1995-12-31,WFC,1995,Q4,USD,0.6307787923698427,0.18124013959936894,0.23368551895587322,0.18124013959936894,0.18124013959936894,0.12415738394607258,0.12415738394607258,0.11985466367069847,0.4264076324051046,0,0,2.022725074944396,0.02899726066897347,0.19487103410079912,0.19487103410079912,0.005528094663009205,0.09784199699343303,11.461686561417018,0.0,0.0,2.2413734681199524,5.692212076301573,-152.25575447570333,-447.6090225563909,0.30781430219146483,4.179891191807383,0.8069457517598788,0.7202523579564903,13.57926243858361,-0.04981602105338367,-0.000526149220666192,-0.012716928813883444,2.9398496240601504,0.04013646833847625,0.5604671791839149,-0.0031194295900178253,-0.0011979823455233291,-0.5155038759689923,-0.18549511854951187,0.3534847901424721,0.0077101390848619234,0.7710139084861923,1.44934866962306,0.17994733924611975,15.853935698447893,3.42745288248337,3.680778824833703,3.680778824833703,3.680778824833703,-0.018431263858093128,0.035753880266075386,-0.05418514412416851,0.6850435241361118,1,2.2413734681199524,1.8648793925955789,0.31495647586388814,59.6642798690671,0.06360864745011087,Financial Services
1996-03-31,WFC,1996,Q1,USD,0.6528312788906009,0.19867103235747305,0.2647342064714946,0.19867103235747305,0.19867103235747305,0.13068181818181818,0.13068181818181818,0.12851502311248075,0.3487489504617968,0,0,1.959799943380202,0.028086840920125342,0.20976561043893846,0.20976561043893846,0.005965346679202752,0.09293378352661431,12.412348949889461,2.234222810980102,2.234222810980102,2.474037642522721,6.488273314714946,20.887995690590607,19.38268990218642,0.30026196172410574,4.076379326172772,0.8030092048393223,0.724683688273087,13.576076379326173,-0.05128984020083252,0.013639208407967715,0.3347457627118644,0.9279344073647872,0.048076244264031065,0.651610865445357,0.08838261842406367,0.03131249436987659,13.87624750499002,4.930496453900709,0.33492999263080325,0.00674590268898672,0.674590268898672,1.4395201229913572,0.1881191069818251,15.828067176681548,3.283350765888752,3.775205291733642,3.775205291733642,3.775205291733642,0.48187326150981874,0.034726482165768006,0.4471467793440507,0.6577799321376636,1,2.474037642522721,1.647662612770992,0.3422200678623364,56.274910913059294,0.06300673111513597,Financial Services
1996-06-30,WFC,1996,Q2,USD,0.6642509902772776,0.20701296362981636,0.27907814187972635,0.20701296362981636,0.20701296362981636,0.12846597047173208,0.12846597047173208,0.1264854159164566,0.5844931463600727,0,0,1.903032379647079,0.028537186589988606,0.15785963038674727,0.15785963038674727,0.006169129702663181,0.08952306981443825,11.335657191660827,0.0,0.0,2.296542307760564,5.824984808246309,5.05637723205564,4.942627091131311,0.2970290034720929,4.103622069601945,0.8040607266050962,0.7098777191401725,13.81556016965696,-0.05100156223276465,0.04707274142714081,1.178519985595967,0.9775036284470247,0.044574961978708076,0.6984054669703872,0.2804443063871721,0.11322680390079357,44.45161290322581,16.151758173966687,0.3615977575332866,0.007974785921527758,0.797478592152776,1.5021498403931988,0.19297513704006972,16.08035987766972,3.366787315569794,3.810075682225259,3.810075682225259,3.810075682225259,1.7703136082631765,0.03982563269677683,1.7304879755663995,0.6205696890628397,1,2.296542307760564,1.7868697893066583,0.37943031093716023,50.13707459677419,0.06977937681336789,Financial Services
1996-09-30,WFC,1996,Q3,USD,0.6570065540148914,0.19670961701368764,0.28249141736145167,0.19670961701368764,0.19670961701368764,0.12885104106290962,0.12885104106290962,0.12688929510901065,0.6065662438813316,0,0,1.8954618439956055,0.02859835058066293,0.15768165200502685,0.15768165200502685,0.006640989278402852,0.091673926082486,13.203763019031141,0.0,0.0,2.570313560891823,6.805274443800437,6.665014650015284,6.462950438243638,0.2708676537341446,3.577310386636131,0.7815310923813272,0.6905229694869323,13.20685706587633,-0.04770803000443494,0.042158759853764424,1.052967140755272,0.9696828555701401,0.05560946308104611,0.6650587880615013,0.2954562514074111,0.1111728293360322,32.98463687150838,13.395916052183777,0.36228373702422145,0.006859478932294653,0.6859478932294654,1.4973679730555212,0.1929374221824627,14.625123923906548,3.4284779640762535,3.964496843904279,3.964496843904279,3.964496843904279,1.5766792732467896,0.04780041324658938,1.5288788600002003,0.6550317316409792,1,2.570313560891823,1.391779758340033,0.34496826835902084,49.5131787405303,0.06989809032008251,Financial Services
1996-12-31,WFC,1996,Q4,USD,0.6694796061884669,0.19937774368154115,0.28116609129267356,0.19937774368154115,0.19937774368154115,0.13131313131313133,0.13131313131313133,0.12939521800281295,0.5453848120685246,0,0,1.953784661503872,0.029264587392142726,0.20230214131723243,0.20230214131723243,0.006746618594760306,0.12774596726675308,13.037142745861734,1.2385285608568661,1.2385285608568661,2.6494796873454045,6.847792149341517,-10.68069847769727,-11.50764555221315,0.25762016778213764,3.4060222288183106,0.77303791309555,0.6832720511427736,13.221100887173906,-0.05034146718246127,-0.024196399481480967,-0.5950645697481141,1.0774244377596334,0.06072014087072682,0.7067532859948633,-0.184375247603201,-0.06759687820748687,-12.91581868640148,-6.564174894217207,0.33950016228497243,0.006510248620096167,0.6510248620096166,1.5888332710341129,0.20863467195397442,14.434932527235594,4.991589605239636,4.106466659082414,4.106466659082414,4.106466659082414,-0.9454583868294031,0.07320158402539641,-1.0186599708547994,0.6586147926464301,1,2.6494796873454045,1.2855438164279378,0.3413852073535699,44.490639260269816,0.0708315049866463,Financial Services
1997-03-31,WFC,1997,Q1,USD,0.6701044386422976,0.21427328111401217,0.2919060052219321,0.21427328111401217,0.21427328111401217,0.14007832898172323,0.14007832898172323,0.13816362053959966,0.5211475223948293,0,0,1.8565196316044594,0.027494517248681807,0.16134285521395417,0.16134285521395417,0.006464400573177712,0.08873494779377016,13.258124137931036,2.7842060689655144,2.7842060689655144,2.759109231962762,7.428703498694517,6.294211577317307,6.137614381246855,0.24738126089521095,3.3417701060253426,0.7696791917627701,0.6592688863678918,13.508582234290147,-0.047400354574453935,0.045799213901462694,1.2103568320278504,0.9751204429424031,0.05348571184211933,0.7585888152826992,0.3195248598474405,0.13452181735522,40.19364161849711,14.977921378567583,0.36191363777570673,0.006824374889134661,0.6824374889134661,1.5561261802993613,0.2179795550210463,14.440756150016522,3.64917683769157,4.189758008158489,4.189758008158489,4.189758008158489,1.8834679538227344,0.04685984842328799,1.8366081053994463,0.6537367993501219,1,2.759109231962762,1.2111771680920695,0.34626320064987814,48.23861156827668,0.07888977371839669,Financial Services
1997-06-30,WFC,1997,Q2,USD,0.6755448943297904,0.21245709086397288,0.30658836180156335,0.21245709086397288,0.21245709086397288,0.13706108606642128,0.13706108606642128,0.13524132511683692,0.5276147249438105,0,0,1.9555968942089939,0.028833850289125565,0.14807449777466783,0.14807449777466783,0.007226965501905644,0.07350024002668772,16.131771122510564,0.0,0.0,3.286298935009451,8.844152280904918,-7.050071145984439,-7.246696194381375,0.2566748115526204,3.3077407754606507,0.7678597547706282,0.6492280656359833,12.88689277865716,-0.04682041748964021,-0.04801998323881435,-1.2204392241201043,1.027889796333322,0.055118420793153086,0.776333685960405,-0.3112730878366262,-0.1370993969466358,-35.85540704738761,-14.80632212744606,0.3530476765238383,0.005471309905196789,0.547130990519679,1.5897510076071877,0.21789299967782869,14.586798866483008,2.969696172736418,4.278369155713938,4.278369155713938,4.278369155713938,-1.94019448626827,0.054111629069056436,-1.9943061153373265,0.6451236130036987,1,3.286298935009451,1.0065246165596125,0.35487638699630136,51.789256441386755,0.07692661726706686,Financial Services
1997-09-30,WFC,1997,Q3,USD,0.6660262437149982,0.21174835465805503,0.292400768507542,0.21174835465805503,0.21174835465805503,0.13963945550423087,0.13963945550423087,0.13784082083145976,0.4877577062647047,0,0,1.9455225067599808,0.028694860660487355,0.15899703439807017,0.15899703439807017,0.006871165331279677,0.07785311776497483,16.79200217359485,3.69424047819087,3.69424047819087,3.3628303927890957,9.379304161386584,-70.44701188210009,-91.74167041183526,0.2572039196642433,3.213718305730617,0.762679911791918,0.6496426077311753,12.494826322731937,-0.04689389974830687,-0.004046355933711597,-0.10223602992274046,1.3022790883646542,0.05418204120207921,0.772788303744592,-0.02696263395071045,-0.011405925061111313,-3.308201058201058,-1.29989604989605,0.34192037470725994,0.005090524214630645,0.5090524214630644,1.632317252598476,0.22793589236301326,15.07839967117445,3.2108533783689106,4.55271251051768,4.55271251051768,4.55271251051768,-0.1668816354800633,0.05044482863771605,-0.21732646411777934,0.6594594594594595,1,3.3628303927890957,0.955658754786379,0.34054054054054056,56.004182538794915,0.07793592572599517,Financial Services
1997-12-31,WFC,1997,Q4,USD,0.6688236468943479,0.20994607549430797,0.3097663271420012,0.20994607549430797,0.20994607549430797,0.14224086279209108,0.14224086279209108,0.14044337926902337,0.24846169114728067,0,0,0.7561159770462096,0.013482510703610954,0.16419095698291938,0.16419095698291938,0.0036526487731078257,0.09274871133106916,20.59567186183656,4.737004528222412,4.737004528222412,1.4832882495702295,11.718184541641701,-14.330748375751062,-14.940148197188837,0.17241565016021757,1.6187177672160986,0.6181337246346031,0.48510882016036655,9.388461927394074,-0.029476990933190787,-0.01392258768975517,-0.7843419213101658,1.0425239356284375,0.0430890435796614,0.769658808024601,-0.14674538524773934,-0.06133374980477901,-23.516167664670657,-9.231781852374237,0.36281943274361134,0.004404073768235618,0.44040737682356185,1.6538398018166804,0.23524360033030553,21.60059454995871,8.641453344343518,13.065565648224608,13.065565648224608,13.065565648224608,-1.2971758876961188,0.05516102394715112,-1.35233691164327,0.6775114155251142,1,1.4832882495702295,1.0913035734525023,0.3224885844748858,62.24432624113475,0.08535094962840628,Financial Services
1998-03-31,WFC,1998,Q1,USD,0.6882542236524537,0.22646822204344327,0.32019308125502816,0.22646822204344327,0.22646822204344327,0.13757039420756234,0.13757039420756234,0.13576025744167336,0.8587367657472496,0,0,3.7076808351976136,0.051741165133614375,0.1515092226805926,0.1515092226805926,0.012923047187102125,0.07116859473627976,11.508155394736843,-0.9206524315789474,-0.9206524315789474,4.43132169335998,6.33272589702333,-16.677072648305085,-16.882741640750673,0.27807129915905,3.7606468319869397,0.7899445106322596,0.6373297127894691,13.524038055563373,-0.05554435309317364,-0.02587873212251394,-0.37510056315366047,1.0123324396782842,0.0742922852306937,0.9044176706827309,-0.13102062608891138,-0.06979555329348937,-81.08695652173913,-6.907407407407407,0.3611111111111111,0.00784467837643777,0.7844678376437769,3.281367350790841,0.4514189999881206,18.456635397321318,3.384916533682853,4.689345851630982,4.689345851630982,4.689345851630982,-1.2308427411956795,0.015179293859249668,-1.2460220350549291,0.6074600355239786,1,4.43132169335998,0.8486512810888908,0.3925399644760213,33.34064896984925,0.16301241666237687,Financial Services
1998-06-30,WFC,1998,Q2,USD,0.6989433237271854,0.22785782901056675,0.33756003842459176,0.22785782901056675,0.22785782901056675,0.13813640730067242,0.13813640730067242,0.13640730067243034,0.9023142931437982,0,0,3.7794074934650013,0.055875637256007034,0.16889739980546017,0.16889739980546017,0.015033703465443459,0.08527571165774905,9.868849965229485,2.0724584926981895,2.0724584926981895,3.8636572467023322,5.452989913544669,14.219845941883767,13.097744577757268,0.2630470418117233,3.335606648425695,0.7693517698698265,0.6263751354155541,12.680646873851432,-0.08786270797761316,0.03141340005479587,0.4163304514889529,0.9210890632210429,0.09593859929645027,0.9427662957074722,0.177796375152813,0.0884356240078029,12.67251461988304,5.234299516908212,0.3379694019471488,0.00856151940545004,0.856151940545004,3.438480594549959,0.4749793559042114,17.01846407927333,3.886110652353427,4.852914946325351,4.852914946325351,4.852914946325351,1.4315441783649876,0.1129644921552436,1.318579686209744,0.606239460370995,1,3.8636572467023322,0.8633288191577209,0.39376053962900504,26.75236909504838,0.16052848885218826,Financial Services
1998-09-30,WFC,1998,Q3,USD,0.6946979996115751,0.23888133618178287,0.3571567294620315,0.23888133618178287,0.23888133618178287,0.14410565158283162,0.14410565158283162,0.14235773936686735,0.8867190190810773,0,0,3.5029593849921765,0.04963992017507496,0.14735339776653814,0.14735339776653814,0.01403795338900717,0.07082952260213858,9.170059973045822,2.0174131940700826,2.0174131940700826,3.6347624834733367,5.285829869877646,-20.310998507462685,-22.32710254306809,0.29280900826207257,4.056170621936724,0.8022218641789113,0.662096850617557,13.852615553092322,-0.08438707922207864,-0.016064373463078298,-0.23674499902893767,1.099261689909762,0.07963360290476977,0.9723320158102767,-0.07764232302773214,-0.04013538696571207,-10.074380165289256,-3.1910994764397906,0.35175202156334234,0.009589687052136815,0.9589687052136815,3.4053309401001695,0.4907274339783114,20.923506703852606,3.5545993792496366,4.952180529496224,4.952180529496224,4.952180529496224,-0.8061950701072259,0.08002428505576238,-0.8862193551629883,0.6032520325203252,1,3.6347624834733367,1.1159382876816466,0.3967479674796748,28.39273409461664,0.17261436693846266,Financial Services
1998-12-31,WFC,1998,Q4,USD,0.6753544368146277,0.12841223603837681,0.14540583721324307,0.12841223603837681,0.12841223603837681,0.0651421378369873,0.0651421378369873,0.06339113524679453,1.1375894988066826,0,0,3.9593929712460065,0.06120706260032103,0.15473032714412024,0.15473032714412024,0.00560159809813115,0.08338081671415004,20.37197262479871,2.342776851851853,2.342776851851853,3.1689953273279055,5.30829539494388,-36.815252112597236,-30.8749115314216,0.17973083096678602,1.753022785297943,0.6367629046369204,0.4967881123797057,9.753600847825039,-0.12791964521185153,-0.01395487441464453,-0.17192908842966537,0.8386445768996105,0.05418396678377515,0.5508480443059882,-0.13403157828521103,-0.05855019098128658,-6.197498545666085,-2.2299319727891156,0.7577108881456708,0.009298447701909247,0.9298447701909248,3.7620363062352014,0.24506708760852408,11.92398761459535,3.864671240361848,6.301681743670694,6.301681743670694,6.301681743670694,-0.6468034727703236,0.10436524801165685,-0.5424382247586668,0.5072891793389468,1,3.1689953273279055,0.5531793531472609,0.49271082066105315,49.6366115427303,0.18569000060712768,Financial Services
1999-03-31,WFC,1999,Q1,USD,0.713902205177373,0.2648130393096836,0.3221476510067114,0.2648130393096836,0.2648130393096836,0.1695110258868648,0.1695110258868648,0.16778523489932887,0.3439746718554185,0,0,1.6661341853035143,0.02588988730576379,0.17729429850945794,0.17729429850945794,0.006566604127579738,0.07595748947262884,16.33125735294118,2.0414071691176456,2.0414071691176456,2.7142003196089495,11.073312751677852,7.29777909768735,7.106488555254738,0.19072630690562478,1.805696559503666,0.6435822695748317,0.4984914199509711,9.4674750893025,-0.04136508754883103,0.05431455116636588,1.5581975071907959,0.9737878414964312,0.06397361020982047,1.1301145662847791,0.47052692530399537,0.2115154354729554,38.15023474178404,15.448669201520913,0.35407239819004527,0.005420164389949415,0.5420164389949415,1.5830854228644284,0.26835043409629045,12.033270596806508,3.4496994717989193,6.458624248679497,6.458624248679497,6.458624248679497,2.4667597595774393,0.06465909780826908,2.40210066176917,0.6401158580738595,1,2.7142003196089495,0.6652775576136634,0.3598841419261405,50.476979761904765,0.09501548175581324,Financial Services
1999-06-30,WFC,1999,Q2,USD,0.7278719397363466,0.28267419962335216,0.4214689265536723,0.28267419962335216,0.28267419962335216,0.17532956685499057,0.17532956685499057,0.1736346516007533,0.3604398588107521,0,0,1.6905444126074498,0.025849353279362868,0.17921111744173102,0.17921111744173102,0.009062951653391,0.08273247018605473,18.961832438238453,5.11969475832439,5.11969475832439,3.3035725847953215,13.298279472693032,22.205617610062895,22.808095607235142,0.20547071623641205,1.9746432748538012,0.6638252363053018,0.5078060237634706,9.61033918128655,-0.042750697416038354,0.020275447454763354,0.5830508474576271,1.0271317829457365,0.07816307403936269,1.2666666666666666,0.15360952617216572,0.07335102350265353,36.857142857142854,7.319148936170213,0.364124597207304,0.00480075697316323,0.48007569731632305,1.6077267772798838,0.2818820394816519,13.138246336441807,3.8249364175850795,6.4717815187113965,6.4717815187113965,6.4717815187113965,0.9373864599733559,0.02543296596826935,0.9628194259416253,0.620253164556962,1,3.3035725847953215,0.5977296469713086,0.379746835443038,44.76714209115281,0.10264018408622987,Financial Services
1999-09-30,WFC,1999,Q3,USD,0.724954128440367,0.2812844036697248,0.36495412844036695,0.2812844036697248,0.2812844036697248,0.1765137614678899,0.1765137614678899,0.1748623853211009,0.3861140630534892,0,0,1.7445582586427657,0.02632087317685695,0.1732435927190743,0.1732435927190743,0.0076699228680535275,0.07964590033486953,16.974410602910602,4.752834968814986,4.752834968814986,2.944618699846722,11.984868256880732,36.96521335597057,36.307688715953304,0.21705785762580895,2.026147326661257,0.6695468223937073,0.536697439324951,9.334595618068704,-0.04359808168440588,0.011929312688571335,0.33009174311926603,0.9822123401889938,0.06914712049544058,1.2176330420969024,0.09346425602660016,0.04002758988964044,56.21875,4.8621621621621625,0.35135135135135137,0.005174720930974551,0.5174720930974551,1.6529176270775203,0.291762707752032,14.012798738323426,3.6427878199684582,6.727526386024506,6.727526386024506,6.727526386024506,0.5456144607545796,0.009705204415868009,0.5359092563387117,0.6275277234181343,1,2.944618699846722,0.6880847855672196,0.3724722765818656,49.39694922071393,0.10251122164260584,Financial Services
1999-12-31,WFC,1999,Q4,USD,0.7201030927835051,0.2634020618556701,0.33230240549828177,0.2634020618556701,0.2634020618556701,0.16666666666666666,0.16666666666666666,0.16512027491408934,0.35161913968100533,0,0,1.7259786476868328,0.024144067902079624,0.17264769624813533,0.17264769624813533,0.006312677846230351,0.07947310647639956,16.958743298969072,4.918035556701021,4.918035556701021,2.7564795777303,11.30582886597938,132.92913939393938,153.3797762237762,0.2469498409063567,2.493737170625445,0.713773546445401,0.5380283325592197,10.098152570064094,-0.04284862361680667,0.002414928649835346,0.07371134020618557,1.1538461538461537,0.04144372902874762,1.1322008862629247,0.01352160620291865,0.007206692648837522,6.5,1.061881188118812,0.34845360824742266,0.0051367840485651624,0.5136784048565163,1.7884579927478335,0.2980763321246389,18.708745621043576,4.338393460758405,7.335443426955933,7.335443426955933,7.335443426955933,0.13182963554790733,0.020281482391985742,0.15211111793989307,0.6327462491846053,1,2.7564795777303,0.9046818959851686,0.36725375081539463,57.50254601861427,0.10386577346198758,Financial Services
2000-03-31,WFC,2000,Q1,USD,0.6850957794736022,0.2589939261797228,0.32456003737735556,0.2589939261797228,0.2589939261797228,0.16196854072574365,0.16196854072574365,0.1613455847998754,0.32470290771175725,0,0,2.20956641431521,0.02888750922276809,0.1957666107702041,0.1957666107702041,0.007354754917013597,0.07429929791586047,16.624397115384614,4.987319134615369,4.987319134615369,2.9268057048542047,10.770517364896433,11.856247557003257,11.856247557003257,0.21094045241051665,1.9842989546743408,0.664912927562539,0.5195600016266113,9.406915231283593,-0.04621003580360195,0.035829018249273654,0.908425478897368,1.0,0.06330155979202773,0.9524627720504009,0.27341333083341146,0.12440548552903789,0.0,14.956410256410257,0.375,0.005639302246530282,0.5639302246530282,1.8922025107561737,0.3064772794247657,14.331643779100608,3.564566511463429,6.963222726469028,6.963222726469028,6.963222726469028,1.7189249720044792,0.0,1.7189249720044792,0.6253758268190018,1,2.9268057048542047,0.6779742677770906,0.3746241731809982,49.879314779270636,0.11492897978428715,Financial Services
2000-06-30,WFC,2000,Q2,USD,0.6939829004678174,0.270366188094854,0.32343926439748344,0.270366188094854,0.270366188094854,0.16760767865784804,0.16760767865784804,0.16696241329246653,0.30710923953430763,0,0,2.0949645150388645,0.026473464611652765,0.19885732147818838,0.19885732147818838,0.006482429205049471,0.08201352227470593,15.043282001924927,4.663417420596732,4.663417420596732,2.703328576987936,10.085478302952088,-20.620013192612138,-20.620013192612134,0.2294509286425036,2.323172049984866,0.6990826881790384,0.5425016320151925,10.12491892593073,-0.04603291884646659,-0.01755117162174678,-0.48911114695918695,1.0,0.04896030922300562,1.0238240684178375,-0.1152676399026764,-0.05643240023823705,0.0,-9.187878787878788,0.3176130895091434,0.005278321071633535,0.5278321071633535,1.9215747055176688,0.3220706757594544,17.162120272783632,4.391816491010539,7.168939863608183,7.168939863608183,7.168939863608183,-0.939863608183509,0.0,-0.939863608183509,0.619928400954654,1,2.703328576987936,0.8593746501112925,0.38007159904534604,50.91265835411471,0.10229386236825791,Financial Services
2000-09-30,WFC,2000,Q3,USD,0.636101083032491,0.19942238267148013,0.2652707581227437,0.19942238267148013,0.19942238267148013,0.11855595667870036,0.11855595667870036,0.11855595667870036,0.3910220214568041,0,0,2.2900132275132274,0.028720258461589505,0.18311856784571479,0.18311856784571479,0.005914035762086261,0.0810112715846522,22.909847137637026,-0.9163938855054811,-0.9163938855054811,2.9865011908542396,10.864395379061373,-52.24717916666667,-52.24717916666666,0.217788726728296,2.084510955859003,0.6757994981017953,0.5438628256894023,9.571252778659892,-0.04944962743186841,-0.008302343682435355,-0.20794223826714803,1.0,0.051971836718082295,0.6591885441527446,-0.06406833956219968,-0.02742178127320854,0.0,-3.2,0.5481120584652862,0.005981184151648379,0.5981184151648379,2.11424558832509,0.2506564083776027,16.6721621786652,4.2898577273004825,7.691274348171215,7.691274348171215,7.691274348171215,-0.4396409598827624,0.0,-0.4396409598827624,0.5944967414916728,1,2.9865011908542396,0.6979776074566918,0.4055032585083273,61.89327054980947,0.13738779996336326,Financial Services
2000-12-31,WFC,2000,Q4,USD,0.6209349593495935,0.16565040650406504,0.23995031616982837,0.16565040650406504,0.16565040650406504,0.10241644083107498,0.10241644083107498,0.10151309846431798,0.40384878471430524,0,0,2.5932650073206442,0.03250791040502742,0.19595765255756795,0.19595765255756795,0.006363392399710496,0.08551080846948848,25.511479051819183,3.0613774862182965,3.0613774862182965,3.494248187858653,10.451179539295392,-61.254563864990075,-61.254563864990075,0.22747461696020205,2.339549984898822,0.7005584571208935,0.5545914678235719,10.284883720930232,-0.05878038662573633,-0.007610250418034934,-0.17061878952122855,1.0,0.04918290383406662,0.518191451783822,-0.05212321915209217,-0.0243827658544457,0.0,-3.0402414486921527,0.5479603087100331,0.005369742651896136,0.5369742651896137,2.5805699632845736,0.2642927909551839,18.882510635817937,4.947257998717874,7.718398508071566,7.718398508071566,7.718398508071566,-0.44029372341045514,0.0,-0.44029372341045514,0.6182685753237901,1,3.494248187858653,0.6695431632555403,0.38173142467620996,64.728304,0.1448219593216388,Financial Services
2001-03-31,WFC,2001,Q1,USD,0.6679917751884853,0.2572995202193283,0.3232350925291295,0.2572995202193283,0.2572995202193283,0.15969842357779301,0.15969842357779301,0.15915010281014394,0.3274090031865715,0,0,2.1274424030329544,0.026084313655379554,0.1883860808379802,0.1883860808379802,0.0065109471727220584,0.0773547014296891,18.219470386266092,0.592132787553648,0.592132787553648,3.160347366461939,11.638482796435914,-31.271724493554327,-31.271724493554327,0.23201272928808953,2.4152987158012285,0.7071998430551922,0.5694711538461539,10.410199143867485,-0.04523890732070324,-0.01352947332227056,-0.3721727210418095,1.0,0.052398688441091266,0.9107229500242601,-0.09249795584627964,-0.04184197142725045,0.0,-6.5264423076923075,0.35708154506437767,0.004899724545966318,0.48997245459663186,2.1257066262602717,0.3394719972026342,19.508129844396528,4.523282242554927,7.828253394719972,7.828253394719972,7.828253394719972,-0.79113001923189,0.0,-0.79113001923189,0.620671283963772,1,3.160347366461939,0.7642510255147031,0.37932871603622803,56.94093808312129,0.12121918526720671,Financial Services
2001-06-30,WFC,2001,Q2,USD,0.583100167879127,-0.024062674874090653,0.1251632158179444,-0.024062674874090653,-0.024062674874090653,-0.016228315612758813,-0.016228315612758813,-0.016228315612758813,0.25375112415392626,0,0,1.518266779949023,0.01850164620131282,0.17668718085511775,0.17668718085511775,0.002714153568559976,0.07605174910448899,-228.7518908045977,2.1308395307825543,2.1308395307825543,2.941711614500573,14.849031523969408,-10.048681898510477,-10.048681898510477,0.2345129383830645,2.5110675880418314,0.715186342921495,0.5727322965185127,10.707586563689443,-0.031938089791249645,-0.037735309808703606,-1.4777093825778773,1.0,0.021292480439586692,-0.0713495575221239,-0.2500789191236821,-0.11658229338356486,0.0,-18.99760191846523,-4.793103448275862,0.0052383211253652345,0.5238321125365234,1.5630649017435418,-0.025365910548720044,20.339378389410463,4.65508192897545,7.889964429412794,7.889964429412794,7.889964429412794,-2.3097556708846,0.0,-2.3097556708846,0.6744186046511628,1,2.941711614500573,0.8536076669324183,0.32558139534883723,196.11275409836065,0.1215814333197271,Financial Services
2001-09-30,WFC,2001,Q3,USD,0.7084096351598816,0.25947316523454006,0.36230454993661076,0.25947316523454006,0.25947316523454006,0.16396675588111,0.16396675588111,0.16396675588111,0.278577875446376,0,0,2.008771929824561,0.023814156323381415,0.19023958554190212,0.19023958554190212,0.0069946598320395304,0.07278367241585929,16.334466494845362,-0.011187990749894083,-0.011187990749894083,2.7835910987482615,10.71323792083392,19.54092394655704,19.54092394655704,0.25683327742368334,2.802210672717956,0.7369951099303069,0.5710023866348448,10.910621477197862,-0.04073715953139929,0.017938955926953604,0.5482462318636427,1.0,0.045299083973117125,1.1405572755417956,0.0968255547815703,0.0508346176954625,0.0,8.66815144766147,0.3857388316151203,0.005903756203743281,0.5903756203743281,2.075002922951011,0.3402314977200982,22.850754121360925,4.615631942008652,7.986086753186017,7.986086753186017,7.986086753186017,1.1376125336139367,0.0,1.1376125336139367,0.6319218241042345,1,2.7835910987482615,1.0066890478195838,0.36807817589576547,53.19761897356143,0.13124050040921315,Financial Services
2001-12-31,WFC,2001,Q4,USD,0.7485986547085202,0.26471412556053814,0.3978419282511211,0.26471412556053814,0.26471412556053814,0.16549887892376683,0.16549887892376683,0.1647982062780269,0.3030792100233595,0,0,2.010707241476472,0.023201297920141497,0.18001937364473355,0.18001937364473355,0.0076010772056856486,0.07539724858696811,15.674521591871295,5.3293373412362595,5.3293373412362595,2.7208951275079,10.376463004484306,-16.524534702075428,-16.524534702075428,0.24811343145765666,2.804144925406041,0.7371288372003169,0.5860610854222439,11.301866686264423,-0.039620342069685385,-0.019911307809889447,-0.6279428251121076,1.0,0.054586439201823815,1.5027844073190135,-0.11860145042612884,-0.05871946744941818,0.0,-10.138009049773755,0.37425910245554617,0.005969226879779771,0.5969226879779771,2.0951262477980035,0.34674104521432764,22.774221961244862,4.981796829125074,7.990017615971815,7.990017615971815,7.990017615971815,-1.315619495008808,0.0,-1.315619495008808,0.625198517734251,1,2.7208951275079,1.03059647432071,0.37480148226574905,46.98500880591757,0.1297709923664122,Financial Services
2002-03-31,WFC,2002,Q1,USD,0.7828702377542252,0.30621598395875105,0.4401317674018906,0.30621598395875105,0.30621598395875105,0.19750787739902606,0.15797765683185333,0.15783443139501577,0.26468023806816027,0,0,1.9076502732240437,0.022413477620229272,0.18359823478760046,0.18359823478760046,0.007196785106398006,0.0652940226750861,18.882765185856755,-3.3044839075249377,-3.3044839075249377,2.9410371730151446,11.932219994270982,16.126744096012388,16.126744096012388,0.2476076132631802,2.7229145338369753,0.7313932428716373,0.6068479271627042,10.996893423235782,-0.03809336748751272,0.023168412743972445,0.7399026067029505,1.0,0.06720102224545507,2.0838206627680314,0.15463362068965517,0.06697609293159779,0.0,11.608988764044943,0.40344514959202177,0.00534144689113387,0.534144689113387,2.0499119201409277,0.32384028185554903,22.947152084556663,4.274515560775103,8.316793893129772,8.316793893129772,8.316793893129772,1.5167351732237229,0.0,1.5167351732237229,0.5159027128157156,1,2.9410371730151446,0.9258347901279499,0.35500467726847523,47.47274975593882,0.13065179095713447,Financial Services
2002-06-30,WFC,2002,Q2,USD,0.8004282655246253,0.31434689507494645,0.33476088508208424,0.31434689507494645,0.31434689507494645,0.2027123483226267,0.2027123483226267,0.2025695931477516,0.2501964426030431,0,0,1.9255085211654754,0.02225208226123087,0.19120267958695672,0.19120267958695672,0.005478923845412322,0.06582989279861005,14.857594366197183,0.5447784600938967,0.5447784600938967,2.858100585904427,12.047271377587437,17.959381996169398,17.959381996169398,0.23794321510028527,2.5368306973278694,0.717260992799142,0.6027312478977463,10.661496257662478,-0.03863154440697408,0.02104174316445607,0.6708065667380443,1.0,0.0502653159671973,2.2287449392712553,0.15607665991297706,0.06273279487350644,0.0,9.789583333333333,0.3380281690140845,0.005687801145371475,0.5687801145371475,2.047766604303087,0.41510757717492985,22.185746024321794,4.297532740879326,8.631606641721234,8.631606641721234,8.631606641721234,1.373655285313377,0.0,1.373655285313377,0.6448683015440508,1,2.858100585904427,0.8875932183209384,0.35513169845594916,61.66103880597015,0.1403180542563143,Financial Services
2002-09-30,WFC,2002,Q3,USD,0.8013912549687677,0.31771720613287907,0.4169505962521295,0.31771720613287907,0.31771720613287907,0.20499716070414536,0.20499716070414536,0.20485519591141396,0.21755513002656124,0,0,1.9224890829694323,0.02107404637247569,0.20409018913630858,0.20409018913630858,0.007045263268633949,0.06696848292860591,14.180351800554016,5.955747756232708,5.955747756232708,2.723472501163796,11.627727427597955,-5.259469081101908,-5.259469081101907,0.23658638743455498,2.629480614484272,0.7244784843293359,0.6182679004353732,11.11425151293476,-0.03822506335570907,-0.06595207643376841,-2.2108177172061327,1.0,0.06830496589532734,2.229083665338645,-0.5127757655581165,-0.19692965262585516,0.0,-32.64779874213836,0.3303324099722992,0.005823769653574344,0.5823769653574344,2.070911977421062,0.4245310754395249,23.544128888104897,4.648968071970365,8.841653436820133,8.841653436820133,8.841653436820133,-4.5784088904568705,0.0,-4.5784088904568705,0.645218945487042,1,2.723472501163796,0.9654882189413114,0.354781054512958,49.42857065032346,0.1402363732580702,Financial Services
2002-12-31,WFC,2002,Q4,USD,0.8121725110842403,0.30565632137578935,0.5364772269246272,0.30565632137578935,0.30565632137578935,0.19696358995028887,0.19696358995028887,0.1968292355233105,1.1706511481597988,0,0,2.0181670281995663,0.021314616104949356,0.0979781276711322,0.0979781276711322,0.009985009941106003,0.07258289996085668,13.442824010914052,5.780414324693032,5.780414324693032,2.599977571819651,10.59098750503829,-9.531888754534462,-9.531888754534462,0.23955245892719582,2.7590289917213626,0.7339738527682723,0.6234787144205455,11.517431313697681,-0.0359767695345448,-0.03303216941868175,-1.1111111111111112,1.0,0.0925419984886357,2.3697916666666665,-0.24726424684566167,-0.09886313373420522,0.0,-17.410526315789475,0.32401091405184174,0.00602572260465475,0.6025722604654751,2.2132024977698483,0.43592030924769554,25.15938150460898,5.4035087719298245,9.015462384775498,9.015462384775498,9.015462384775498,-2.4591138864109428,0.0,-2.4591138864109428,0.6443956043956044,1,2.599977571819651,1.0611741507409989,0.3556043956043956,36.14017530678688,0.14124293785310735,Financial Services
2003-03-31,WFC,2003,Q1,USD,0.8293876471366222,0.30604417405105144,0.4713662213992858,0.30604417405105144,0.30604417405105144,0.19732839571485253,0.19732839571485253,0.19719613807697395,0.0,0,0,2.0546195652173913,0.02045343266543854,0.05950496153417326,0.05950496153417326,0.008090930014340598,0.05950496153417326,12.678870643431635,5.578703083109924,5.578703083109924,2.4590523544896166,10.007604814178018,-10.531315240083508,-10.531315240083508,0.22469560606921327,2.699392284943616,0.729685331271852,0.6184057144274412,12.013551720776055,-0.031577122977880144,-0.026703088415653917,-0.9502711281576511,1.0,0.08046955245781365,2.632536973833902,-0.21644173996867092,-0.08650060797226201,0.0,-14.171597633136095,0.3398123324396783,0.006700366736049162,0.6700366736049161,2.248290217068094,0.44365150163544453,24.96045197740113,4.76092774308653,9.149866190900982,9.149866190900982,9.149866190900982,-2.136485280999108,0.0,-2.136485280999108,0.6447709593777009,1,2.4590523544896166,1.0977368090659794,0.35522904062229904,40.04475308641975,0.15075825156110614,Financial Services
2003-06-30,WFC,2003,Q2,USD,0.833205325140809,0.30094726062467997,0.4735023041474654,0.30094726062467997,0.30094726062467997,0.19521249359959036,0.19521249359959036,0.19508448540706605,0.0,0,0,2.167591564927858,0.021133790528750557,0.06297911424949071,0.06297911424949071,0.008515872780626611,0.06297911424949071,13.84512786885246,6.230307540983629,6.230307540983629,2.616739891556932,10.810967741935483,19.06439729119639,19.06439729119639,0.2320631957689134,2.6578156467854375,0.7266127939283052,0.6572796873838573,11.452982184353214,-0.031770239191835394,0.017388437277983414,0.5670762928827445,1.0,0.11601049868766404,2.665532879818594,0.18548758531172801,0.051643137757778526,0.0,8.78968253968254,0.33049180327868855,0.005967655308229397,0.5967655308229397,2.3309661633944025,0.4550337172524915,25.85874559885421,4.787551471027033,9.63030375365519,9.63030375365519,9.63030375365519,1.3218356507728113,0.0,1.3218356507728113,0.648660144619311,1,2.616739891556932,1.0156973015778292,0.35133985538068907,41.684585022979185,0.1503849137673808,Financial Services
2003-09-30,WFC,2003,Q3,USD,0.8454100367197063,0.2854345165238678,0.39767441860465114,0.2854345165238678,0.2854345165238678,0.19106487148102816,0.19106487148102816,0.1909424724602203,0.0,0,0,2.323002558999147,0.02090513877481046,0.05567367566104142,0.05567367566104142,0.006913271640242048,0.05567367566104142,13.833408071748877,6.3633677130045205,6.3633677130045205,2.668225627085135,10.572313341493269,18.495888650963597,18.495888650963597,0.22559638497184076,2.723526504386507,0.7314373890391412,0.6590590738185763,12.07256270851353,-0.03265883707357632,0.016857684324519447,0.5716034271725826,1.0,0.09377128585483993,2.7861409796893666,0.18250029309468913,0.0529682644103169,0.0,6.177248677248677,0.484304932735426,0.008752451496831288,0.8752451496831287,2.4356069639875986,0.4653589315525877,26.53321011209158,4.597841640829954,9.650608156451229,9.650608156451229,9.650608156451229,1.3922012878607202,0.0,1.3922012878607202,0.6693825042881647,1,2.668225627085135,1.0207257125259621,0.33061749571183535,48.9746999076639,0.22537562604340566,Financial Services
2003-12-31,WFC,2003,Q4,USD,0.8572731418148655,0.28260373917008663,0.43422252621979024,0.28260373917008663,0.28260373917008663,0.1851345189238486,0.1851345189238486,0.1851345189238486,2.3435746727224154,0,0,2.4821731748726656,0.022620023826837685,0.07450052537602962,0.07450052537602962,0.008360479892677929,0.06074889964950438,15.407754002463054,7.241644381157663,7.241644381157663,2.9037329194348542,11.410028499772002,3.5820188247083244,3.582018824708324,0.22769844094090222,2.5617511387043432,0.7192392278243871,0.6486734413062756,11.250631001769706,-0.034164865338552314,0.10265774139742675,3.1853625170998634,1.0,0.11597047738693467,3.0492004920049203,1.1331359746948375,0.3164403574138458,0.0,36.62123197903014,0.4698275862068966,0.007623232856193557,0.7623232856193557,2.581062790560819,0.47784381804272347,26.22079679868181,4.865238627670217,10.142117342435121,10.142117342435121,10.142117342435121,8.221620667333609,0.0,8.221620667333609,0.6551028640580879,1,2.9037329194348542,0.8822268472277159,0.34489713594191207,45.1180808611184,0.22450420761490025,Financial Services
2004-03-31,WFC,2004,Q1,USD,0.8476429918290384,0.341169076052797,0.4500314267756128,0.341169076052797,0.341169076052797,0.22212445003142678,0.22212445003142678,0.22212445003142678,0.0,0,0,2.244005641748942,0.02001993184918234,0.05198574224418267,0.05198574224418267,0.007275249231857468,0.05198574224418267,13.627097340124505,1.6352516808149378,1.6352516808149378,2.717575870436206,12.107646008799497,17.919316093023255,17.919316093023255,0.2360288307151809,2.6462107104565207,0.7257426738580349,0.6743421052631579,11.211387619208848,-0.03139912611357366,0.01999880937320941,0.6756756756756757,1.0,0.12416882810657864,3.358910891089109,0.26351914497229983,0.05731071470459659,0.0,7.026143790849673,0.432937181663837,0.007942578871677038,0.7942578871677037,2.34066968751839,0.5199199670452539,27.833519684576,4.111104572471017,10.428411698934855,10.428411698934855,10.428411698934855,1.5815335726475608,0.0,1.5815335726475608,0.6510685335298453,1,2.717575870436206,0.973739404755522,0.34893146647015477,49.198693854748605,0.22509268522332726,Financial Services
2004-06-30,WFC,2004,Q2,USD,0.8448421816422784,0.31841818841456043,0.4156488088039666,0.31841818841456043,0.31841818841456043,0.20728020316846052,0.20728020316846052,0.20728020316846052,0.0,0,0,2.2798456024262475,0.019673808305873116,0.0451375370860127,0.0451375370860127,0.006543199931397745,0.0451375370860127,14.093763710618438,-7.328757129521572,-7.328757129521572,2.723570776255708,11.685432821381061,-16104.474,-16104.474000000002,0.22706367994670537,2.6900050735667174,0.728997662587653,0.6490211014710683,11.846919217543267,-0.03066562086849459,-2.0137201465988268e-05,-0.0007256016446970613,1.0,0.08208906565821217,3.1233689205219455,-0.00020113304951225236,-6.28693574751666e-05,0.0,-0.00788436268068331,0.44399066511085183,0.007875658238408367,0.7875658238408366,2.449203246253184,0.507671346484213,28.516971743380132,3.9834725430957882,10.508263728452105,10.508263728452105,10.508263728452105,-0.001777145903678692,0.0,-0.001777145903678692,0.6509684770224079,1,2.723570776255708,0.9876758470968999,0.3490315229775921,51.96794995635729,0.22540133878324745,Financial Services
2004-09-30,WFC,2004,Q3,USD,0.8320288982540638,0.32390126429861527,0.42612883804936785,0.32390126429861527,0.32390126429861527,0.21047561709813364,0.21047561709813364,0.21047561709813364,0.0,0,0,2.2313272434175175,0.019701149807021246,0.04520840086670193,0.04520840086670193,0.006747750533298343,0.04520840086670193,14.405891876430205,7.347004856979431,7.347004856979431,2.7460740458015267,12.128355930162552,7.454006956264338,7.4540069562643385,0.2267779071946559,2.6062704471101417,0.7227052117510092,0.6603703703703704,11.492611777535442,-0.029433498191638475,0.04610922491597427,1.6270921131848284,1.0,0.1027904215317633,2.725430597771023,0.5565944476480764,0.14135232954664323,0.0,16.662145499383477,0.46395881006864986,0.008051546097394759,0.8051546097394758,2.4587009295991473,0.5174965954171354,28.594055302267748,3.92237551068743,10.859139084611286,10.859139084611286,10.859139084611286,4.0005328912309785,0.0,4.0005328912309785,0.649814126394052,1,2.7460740458015267,0.9490896471254551,0.35018587360594794,51.73071376094942,0.2400971046243117,Financial Services
2004-12-31,WFC,2004,Q4,USD,0.8241146892050926,0.29228629506793624,0.39178345993366853,0.29228629506793624,0.29228629506793624,0.19097036482293783,0.19097036482293783,0.19097036482293783,2.92459324155194,0,0,2.4277922077922076,0.021846492570977143,0.05423825887743414,0.05423825887743414,0.006961841926442947,0.04347079037800687,14.75520392156863,7.672706039215714,7.672706039215714,2.782236201341573,11.271226703755216,87.356679933665,87.356679933665,0.2233077557736491,2.5231606190249827,0.7161639481890142,0.6602300665793299,11.299028151904082,-0.03335016243352357,0.004063068526379624,0.12902535572911095,1.0,0.1173242297221382,2.317217981340119,0.054913031600036424,0.012622720897615708,0.0,1.4833948339483394,0.45546218487394957,0.007716975436174272,0.7716975436174273,2.756576619086941,0.5264244426094137,28.524536982423026,3.805296685148048,11.16727615901852,11.16727615901852,11.16727615901852,0.35566827887224256,0.0,0.35566827887224256,0.6533674963396779,1,2.782236201341573,0.9068822473837175,0.3466325036603221,51.335651556526486,0.23976642680193463,Financial Services
2005-03-31,WFC,2005,Q1,USD,0.789147123777474,0.29571984435797666,0.4064570406982858,0.29571984435797666,0.29571984435797666,0.19518351035860765,0.19518351035860765,0.19518351035860765,1.693499554764025,0,0,2.43945613134941,0.02182750554926855,0.0641166074176618,0.0641166074176618,0.00732439332671981,0.04524988743809095,13.656373922413794,3.6189390894396563,3.6189390894396563,2.634948670634405,10.661996003785887,20.160055677072975,20.160055677072975,0.23265380139242453,2.6341450736803806,0.7248321187719461,0.6665193274397643,11.322166489071392,-0.03400607596204223,0.01689772658544289,0.5288673887895677,1.0,0.11244250318889877,1.980281690140845,0.20567665944133165,0.04961816997849123,0.0,6.170552147239264,0.4391163793103448,0.008038670839805369,0.8038670839805369,2.8043529550548545,0.547363454052141,30.309661436829067,3.971629114073375,11.347469623687624,11.347469623687624,11.347469623687624,1.483130824584169,0.0,1.483130824584169,0.6600284495021337,1,2.634948670634405,0.9996950236780776,0.3399715504978663,48.9707425614489,0.2403562581101805,Financial Services
2005-06-30,WFC,2005,Q2,USD,0.7777311365305908,0.2998215972295099,0.39941232028544443,0.2998215972295099,0.2998215972295099,0.2004407597859167,0.2004407597859167,0.2004407597859167,1.9050379848060777,0,0,2.292829643888354,0.021906703970978044,0.06474166831673028,0.06474166831673028,0.007225115806551883,0.04766521688663722,13.603215445026178,3.740884247382221,3.740884247382221,2.6459739803452313,10.906555357330255,90.92612948381452,90.92612948381452,0.2316423016177718,2.5653037323692653,0.7195189877033377,0.6783997772919685,11.0744182494017,-0.03449499172829719,0.0039021159505390588,0.1199496274530381,1.0,0.14609842097194542,1.7169471153846154,0.06383691706227311,0.011343787217149662,0.0,1.409371146732429,0.4246073298429319,0.007803436833719038,0.7803436833719037,2.8230728209989926,0.5658588611720092,30.344255495644962,4.136398649049002,11.636546779640932,11.636546779640932,11.636546779640932,0.3386265331516265,0.0,0.3386265331516265,0.6685334266713335,1,2.6459739803452313,0.9695120781325897,0.3314665733286664,50.11207724645297,0.24026782011020917,Financial Services
2005-09-30,WFC,2005,Q3,USD,0.7507639419404125,0.28389992360580596,0.37939266615737205,0.28389992360580596,0.28389992360580596,0.188598166539343,0.188598166539343,0.188598166539343,1.8180555555555555,0,0,2.4797537295761307,0.023091815988745164,0.06305720653789004,0.06305720653789004,0.007191914112832067,0.044611748731874776,12.507942278481012,3.5647635493670773,3.5647635493670773,2.480550872348437,9.435899923605806,-8.278547587131367,-8.278547587131367,0.22455644396618257,2.556420233463035,0.7188183807439825,0.6636324486814662,11.384310279904607,-0.03696858976056201,-0.038223087564687196,-1.1398013750954927,1.0,0.11799936538156433,1.5099035043169122,-0.5135309555565116,-0.11720921097854373,0.0,-13.579067121729238,0.4450632911392405,0.008895613707478866,0.8895613707478865,3.1041024424946646,0.5854280294047901,30.76950438700498,4.129416646905383,11.807861038653071,11.807861038653071,11.807861038653071,-3.5380602323926964,0.0,-3.5380602323926964,0.6643121426168853,1,2.480550872348437,1.030585690444949,0.3356878573831147,46.9964117795117,0.260552525492056,Financial Services
2005-12-31,WFC,2005,Q4,USD,0.7147838854730659,0.26667890245021564,0.3730384509498027,0.26667890245021564,0.26667890245021564,0.17711296687161604,0.17711296687161604,0.17711296687161604,0.5650505574280529,0,0,1.391520878559571,0.02262003856844238,0.21171346907831207,0.21171346907831207,0.007003248836381527,0.04260223068899016,13.668513989637306,-4.032211626943003,-4.032211626943003,2.5952023610427943,9.683484261723411,-29.565964695993276,-29.565964695993273,0.2149702848626129,2.5469749139203146,0.7180696158646512,0.6620902865500964,11.848032464338417,-0.03773996585151296,-0.009875129007534317,-0.32752133614756357,1.0,0.11746587063163098,1.2083160083160083,-0.14938054578938556,-0.034463113171108534,0.0,-4.102298850574712,0.45077720207253885,0.008244809977410356,0.8244809977410357,3.2446998570747976,0.5746784182944259,31.55222725107194,17.041150547879944,12.106955693187231,5.117020009528347,12.106955693187231,-1.0627084325869462,0.0,-1.0627084325869462,0.6641431520991053,1,2.5952023610427943,0.9814166911041571,0.3358568479008947,47.64672275522755,0.2590519294902334,Financial Services
2006-03-31,WFC,2006,Q1,USD,0.7240795221538736,0.27173040920032093,0.31987162342872427,0.27173040920032093,0.27173040920032093,0.17990550057947757,0.17990550057947757,0.17990550057947757,0.6855518885221855,0,0,2.4965501891831736,0.022778964640515972,0.08974837329935842,0.08974837329935842,0.005678551370022666,0.040114665331937936,13.28841699702676,2.524799229435087,2.524799229435087,2.5562808798646364,9.562637247035749,6.7317749466549515,6.404974144622917,0.21495528280276507,2.522580491408689,0.7161172037263803,0.6681901930239362,11.735373322847407,-0.03835094689263992,0.05080159560752908,1.4930016938575377,0.9514539917597181,0.10653006829918374,1.1450037565740045,0.7844028103044497,0.1582144544166273,20.599015990159902,9.927089508002371,0.43310208126858274,0.008148112776816981,0.8148112776816981,3.340082779977965,0.6008992645088289,32.31158621921806,3.9377065777327815,12.494714587737844,12.494714587737844,12.494714587737844,4.9867492481314954,0.24208677009201085,4.744662478039484,0.6620734908136483,1,2.5562808798646364,0.9868166332106151,0.3379265091863517,55.71073076923077,0.2602507220915344,Financial Services
2006-06-30,WFC,2006,Q2,USD,0.7033327722605622,0.2677158727486955,0.3294899848510352,0.2677158727486955,0.2677158727486955,0.17581215283622287,0.17581215283622287,0.17581215283622287,1.123912220961029,0,0,2.623537204680945,0.023787025841014102,0.0724583983932767,0.0724583983932767,0.006168846777471363,0.041370772573962496,13.501897079942555,4.050569123982754,4.050569123982754,2.6930312693941856,9.495190371991248,30.214743438671665,30.214743438671665,0.19494070260011692,2.324342387931446,0.6991886264091334,0.666584428297427,11.92333030982957,-0.038609323491995924,0.010980060046284452,0.31425685911462714,1.0,0.16892053614169458,1.0284513417394117,0.274175783831412,0.038346204403549126,0.0,2.053905390539054,0.8702728578267114,0.01611389963710222,1.6113899637102218,3.5323146441524464,0.6210238420833581,29.867709138474343,4.182472204054938,12.45436708484452,12.45436708484452,12.45436708484452,1.1100541054759498,0.0,1.1100541054759498,0.6567117258723671,1,2.6930312693941856,0.8630952096053165,0.3432882741276328,50.096769348659,0.5404601938284084,Financial Services
2006-09-30,WFC,2006,Q3,USD,0.6772749470942536,0.2637147973302946,0.3431548103532476,0.2637147973302946,0.2637147973302946,0.17857724238971187,0.17857724238971187,0.17857724238971187,1.280859049207673,0,0,2.644994617868676,0.02541364923537722,0.06952355700218518,0.06952355700218518,0.007227888248183338,0.04029026054571665,13.901018915223336,2.872877242479492,2.872877242479492,2.719346930587134,9.929622497151229,88.33840839971036,88.33840839971036,0.20248799750124627,2.182047166867282,0.685736902201705,0.6521058059913302,10.776180286211048,-0.0395852027509235,0.0042088388663868905,0.11240436268923978,1.0,0.18481809701492538,0.9665871121718377,0.10007246376811595,0.014107527760468277,0.0,460.3333333333333,0.0013673655423883319,2.4591102830794964e-05,0.0024591102830794965,3.6436430499125123,0.6506717281058157,30.02550490821199,3.9206382158427,13.304665025653193,13.304665025653193,13.304665025653193,0.40956137489249383,0.0,0.40956137489249383,0.6771604938271605,1,2.719346930587134,0.8024158824031167,0.3228395061728395,49.01953083491461,0.0008897061004181618,Financial Services
2006-12-31,WFC,2006,Q4,USD,0.6704622132253711,0.27631578947368424,0.3582152496626181,0.27631578947368424,0.27631578947368424,0.18395748987854252,0.18395748987854252,0.18395748987854252,0.754870750031835,0,0,1.522146617024008,0.024597714503854805,0.21018688563103624,0.21018688563103624,0.007226341297898583,0.04305560728518753,13.760953690967446,0.0,0.0,2.6203902737154583,10.125721997300946,8.703099898506599,8.703099898506597,0.20741665905941128,2.182171388658489,0.6857491700277115,0.6554276130235637,10.520714192168333,-0.04081372712704891,0.03952016548388853,1.1634615384615385,1.0,0.19687695190505933,1.0298648223828986,1.0752202042248031,0.13797587372716907,0.0,14.581395348837209,0.4337459880788629,0.007880013221096178,0.7880013221096178,3.5118483412322274,0.6460308056872038,30.555390995260662,17.07849526066351,13.570497630331754,4.906990521327014,13.570497630331754,4.085900473933649,0.0,4.085900473933649,0.6657509157509157,1,2.6203902737154583,0.8327657946785086,0.3342490842490842,48.268556628208145,0.2802132701421801,Financial Services
2007-03-31,WFC,2007,Q1,USD,0.694192521877486,0.2545743834526651,0.28496420047732696,0.2545743834526651,0.2545743834526651,0.1785202863961814,0.1785202863961814,0.1785202863961814,1.7074164629176853,0,0,2.5842927631578947,0.02586946723715325,0.062305372790114014,0.062305372790114014,0.0059713574946676186,0.03960682991200538,12.949607843137255,8.417245098039245,8.417245098039245,2.519468516310827,9.247070803500398,20.496505025568684,20.496505025568684,0.2130228174051916,2.2435894656984936,0.6916995783297581,0.661920534654336,10.532155630215671,-0.04335948010017178,0.017484846055657987,0.4511535401750199,1.0,0.16100551808706315,1.0226909555768615,0.43024049768606326,0.054788035707384934,0.0,5.982067510548523,0.42245989304812837,0.008155843369264927,0.8155843369264927,3.7233412322274884,0.6646919431279621,31.586789099526065,3.8050947867298577,13.66558056872038,13.66558056872038,13.66558056872038,1.679798578199052,0.0,1.679798578199052,0.70125,1,2.519468516310827,0.8905010922635803,0.29875,57.76037967615857,0.28080568720379145,Financial Services
2007-06-30,WFC,2007,Q2,USD,0.6912119384986434,0.2595719023213747,0.28836297859511606,0.2595719023213747,0.2595719023213747,0.17176665661742538,0.17176665661742538,0.17176665661742538,1.2887809616318602,0,0,2.668007239091092,0.02457651449899512,0.06419370809752148,0.06419370809752148,0.005402343654834702,0.03603305423421896,12.929103115401492,4.266604028082496,4.266604028082496,2.4917381027885246,8.883155260777812,36.23169505072241,36.23169505072241,0.24944754707195319,2.847043402887888,0.7400601201303518,0.6648433016133947,11.413395065643433,-0.04106195347570496,0.008898164838982332,0.24517636418450406,1.0,0.060183195748049305,1.0198400947586614,0.07965620255644253,0.024155701428698727,0.0,3.471718249733191,0.4111452391399737,0.007949995360664394,0.7949995360664392,3.959178801623299,0.6800549057054189,41.19270708999761,3.9308307471950346,14.11464550011936,14.11464550011936,14.11464550011936,0.9706970637383624,0.0,0.9706970637383624,0.6617305458768873,1,2.4917381027885246,1.1425933567021906,0.33826945412311266,62.56056037637219,0.2796013368345667,Financial Services
2007-09-30,WFC,2007,Q3,USD,0.6495360974195419,0.25079733256016234,0.27812409394027254,0.25079733256016234,0.25079733256016234,0.16548274862278922,0.16548274862278922,0.16548274862278922,0.6979662045937468,0,0,1.832624867162593,0.02514182826797296,0.08618607058948458,0.08618607058948458,0.005309497813325243,0.03371251841724518,13.40301576872536,9.114050722733278,9.114050722733278,2.5639184716577987,8.871871556973035,-23.39826801758746,-23.39826801758746,0.25025376917848036,2.876555364698982,0.742039025391902,0.6669364403823345,11.494553605094474,-0.04020205935019881,-0.013886934706717815,-0.37916787474630326,1.0,0.058241373270275,0.8775044382449911,-0.12535646672577824,-0.03809322681891335,0.0,-5.05899419729207,0.4529128339903636,0.00844796502901966,0.844796502901966,4.131033656725356,0.6836148041681639,42.299676607977005,3.8025512037369746,14.294526290573721,14.294526290573721,14.294526290573721,-1.5663552521260031,0.0,-1.5663552521260031,0.6598265895953758,1,2.5639184716577987,1.121937142891691,0.3401734104046243,64.3779880114673,0.3096179183135705,Financial Services
2007-12-31,WFC,2007,Q4,USD,0.5186389413988658,0.11516068052930056,0.14472589792060492,0.11516068052930056,0.11516068052930056,0.09459357277882798,0.09459357277882798,0.09459357277882798,0.6400638853934759,0,0,1.8017711171662125,0.022982333580100166,0.2529521195272874,0.2529521195272874,0.0031109443857116332,0.03444509022666956,19.923952038369304,-0.44346860988628456,-0.44346860988628456,2.093295036533132,7.538711228733459,18.514290807799444,18.514290807799444,0.26527087004424427,3.205005458973713,0.7621881803111706,0.6760462791029853,12.082010582010582,-0.03981808629309423,0.012569411863564112,0.4071833648393195,1.0,0.02880246978547247,0.4057005860415557,0.1011172659844146,0.03527723913840994,0.0,5.197876447876448,0.8281374900079936,0.010391230218949239,1.039123021894924,4.004663275193798,0.3788154069767442,47.360101744186046,26.55886627906977,14.422238372093023,5.008175872093023,14.422238372093023,1.6306322674418605,0.0,1.6306322674418605,0.8214051214707814,1,2.093295036533132,1.531081573805177,0.17859487852921865,124.1329446185998,0.3137112403100775,Financial Services
2008-03-31,WFC,2008,Q1,USD,0.6163880350850889,0.23187645250768424,0.2594647274908164,0.23187645250768424,0.23187645250768424,0.15136067171452133,0.14986130894369892,0.14986130894369892,0.767403060637441,0,0,2.638251582278481,0.022410163619899164,0.07648613170212094,0.07648613170212094,0.0043267490704892685,0.03430981226660714,12.01848924462231,0.19856634404158605,0.19856634404158605,1.9954700056064287,7.204426118899468,-246.40984615384616,-246.40984615384616,0.26403302302842135,3.263315268174173,0.7654407574628501,0.6817701243606856,12.359496667289603,-0.03807574615788632,-0.0009463102393194331,-0.02923757403103681,1.0,0.041824362209139335,1.0012949174490127,-0.007224496600781728,-0.0024815790478372084,0.0,-0.380859375,0.512256128064032,0.010655584858413916,1.0655584858413916,4.039183624031008,0.6053173449612403,48.52440649224806,4.281734496124031,14.583030523255815,14.583030523255815,14.583030523255815,-0.11809593023255814,0.0,-0.11809593023255814,0.6462980924668607,1,1.9954700056064287,1.6353617238072404,0.3472356935014549,69.0892343253395,0.31007751937984496,Financial Services
2008-06-30,WFC,2008,Q2,USD,0.6140184183598889,0.19024996345563513,0.2180236807484286,0.19024996345563513,0.19024996345563513,0.12929396287092532,0.12812454319543926,0.12812454319543926,0.0,0,0,2.718458176038148,0.022463608691226353,0.0320037247538582,0.0320037247538582,0.0038013936661260715,0.0320037247538582,11.210460638904735,-0.8547976237164865,-0.8547976237164865,1.6388906263030607,5.745340593480485,5.97005772005772,5.986425253217576,0.31205896163684543,3.9627011925610875,0.7984968344459336,0.6842230005530245,12.698565590859811,-0.034539253626975054,0.030877362949515947,0.9597281099254495,1.0027416038382453,0.024307754954302777,1.1472014103129131,0.15243966147737958,0.06908616435257041,0.0,12.798245614035087,0.5852823730747291,0.013052148166052328,1.3052148166052329,4.133784518702036,0.5296392531270772,58.111064112635205,4.112030938425282,14.491510061030878,14.491510061030878,14.491510061030878,3.9673092029729893,0.0,3.9781859931113663,0.6734537072608529,1,1.6388906263030607,2.4179168084571816,0.32039953899346907,85.50611800201139,0.3099885189437428,Financial Services
2008-09-30,WFC,2008,Q3,USD,0.6318999924693125,0.17930567060772648,0.20988026206792681,0.17930567060772648,0.17930567060772648,0.1243316514797801,0.12327735522253182,0.12327735522253182,0.7560350717376452,0,0,2.6274238227146816,0.021336491200444757,0.06934299083099911,0.06934299083099911,0.003550548831777325,0.029312085622924554,19.008016493585828,-2.518562185400119,-2.518562185400119,2.6506057030900614,9.373032005422095,-216.0841875,-216.0841875,0.30936546473831106,4.100283237855911,0.8039324575981026,0.6956910574374461,13.253849266350064,-0.032388239354430366,-0.001312787599627132,-0.043376760298215224,1.0,0.023487097510847224,0.994985374007522,-0.0067615950790613595,-0.0029916327770766137,0.0,-0.5106382978723404,0.6890653634697618,0.009062825725428582,0.9062825725428582,4.004040525871427,0.493607526233265,58.77759015800265,3.878000241225425,14.159027861536606,14.159027861536606,14.159027861536606,-0.17368230611506452,0.0,-0.17368230611506452,0.6875262494750105,1,2.6506057030900614,1.5469231176390452,0.30659386812263756,109.12827125941872,0.3401278494753347,Financial Services
2008-12-31,WFC,2008,Q4,USD,0.1461959630628422,-0.38980142191713657,-0.347715943450192,-0.38980142191713657,-0.38980142191713657,-0.2234207730652938,-0.2234207730652938,-0.2467925145051892,0.2776844876100572,0,0,0.905103550295858,0.00934379626752105,0.23336329261353062,0.23336329261353062,-0.0018379505732931452,0.02527535060335154,-9.657018288222385,0.03696827313460132,0.03696827313460132,1.0658547495054702,8.630313965841301,-6.218887763514309,-6.218887763514309,0.28651559704620894,3.787009002462557,0.7911012911223742,0.7294575717694858,13.217461951475515,-0.02167565169103561,-0.018062786851244197,-1.3877584375255374,1.0,-0.020158433111066697,-2.3802395209580838,-0.1571330754853156,-0.04525733412928535,0.0,-14.975308641975309,-0.41477688368690563,0.010737705762470283,1.0737705762470284,3.415866458240286,-0.7631755247878517,105.30259044216167,48.94260830728003,28.56074140241179,13.402746761947299,27.65855292541313,-4.74039749888343,0.0,-4.74039749888343,0.5731656184486373,1,1.0658547495054702,3.5530254044649463,0.42683438155136266,-107.4214223266745,0.31654756587762395,Financial Services
2009-03-31,WFC,2009,Q1,USD,0.6891460329310274,0.19248475799427647,0.23317158143585914,0.19248475799427647,0.19248475799427647,0.1281157977686533,0.12629090456638048,0.09887603168678197,0.0,0,0,2.1498885421310745,0.018750422858547108,0.023902588279910018,0.023902588279910018,0.0034152391261195385,0.023902588279910018,4.96576157635468,-0.029058901076445903,-0.029058901076445903,0.6030507602572411,2.508522085355232,3.8089914982051765,3.8195753710135776,0.2509808374115691,3.2178473503165663,0.7629122353313839,0.7142144780521165,12.8210877910165,-0.029642916638748237,0.01706019496134387,0.6567541785906847,1.0027786548784339,0.054251476253315736,1.5801838610827375,0.21967426890849565,0.049065174416082595,0.0,7.664569215876089,0.6784893267651888,0.03415837210126697,3.4158372101266976,5.676649244243537,0.7169091679615764,76.67537787823139,5.223430804727598,25.20530206714696,16.38272825728681,23.613269294156424,3.7281631115505958,0.0,3.738522390168103,0.6561085972850679,1,0.6030507602572411,5.33594775495174,0.3344106873518638,64.21753397367485,0.48641521872204174,Financial Services
2009-06-30,WFC,2009,Q2,USD,0.6951287793952967,0.18892977123660215,0.21128619420892658,0.18892977123660215,0.18892977123660215,0.12993920972644377,0.12685970244760839,0.10298352263637818,0.0,0,0,2.2423101067168862,0.01947085134747885,0.022104656420014183,0.022104656420014183,0.00320865088743148,0.022104656420014183,8.571879413619168,2.4001262358133757,2.4001262358133757,0.9488497596468423,4.3497042873140295,55.208124873096445,55.20812487309645,0.22185354655436637,2.485530827146384,0.7130996540866336,0.6668313766753188,11.203475742215785,-0.027495898268255454,0.0021106132777931343,0.0787873940169573,1.0,0.06563254050327473,1.8620417816318486,0.035506371320945154,0.0069147311854376465,0.0,3.059006211180124,0.2030264817150063,0.005921294266938528,0.5921294266938528,5.577390644866275,0.7075461176418103,64.11545582297964,4.6021726037786355,27.075461176418102,17.81535098480962,25.567799067609467,0.4394280743235707,0.0,0.4394280743235707,0.6714648602878917,1,0.9488497596468423,2.6195198996219253,0.3122353937341236,70.6089354533409,0.1436505989159287,Financial Services
2009-09-30,WFC,2009,Q3,USD,0.6604101775818131,0.1889486671251163,0.2252336070547308,0.1889486671251163,0.1889486671251163,0.13413696856923263,0.13086040208729421,0.10667044213421788,0.0,0,0,2.239221014492754,0.020120866822667616,0.01946332147064238,0.01946332147064238,0.0037573849619123743,0.01946332147064238,10.188137094281299,-2.9545597573415896,-2.9545597573415896,1.079283618501842,5.332894866712512,17.813064991217402,17.813064991217402,0.19948478990741683,2.0064838313548914,0.6673855386911083,0.6369359354658455,10.05832992222677,-0.02776202438961392,0.008358848848385322,0.2993810929978561,1.0,0.12734252206504654,2.0450963222416814,0.24029220779220778,0.030196824049744584,0.0,9.286072772898368,0.2463678516228748,0.0060454587856194906,0.604545878561949,5.284184425966697,0.6914904986854199,52.87732723425176,3.6836030181903685,27.55787358655922,19.06889254643781,26.109911720069256,1.5819849090481586,0.0,1.5819849090481586,0.6925711839006636,1,1.079283618501842,1.8590885629674432,0.2900877756369086,64.6001246408046,0.17036102857875723,Financial Services
2009-12-31,WFC,2009,Q4,USD,0.670729230144221,0.16095876498070283,0.17737152143002236,0.16095876498070283,0.16095876498070283,0.12240503757871217,0.11468616697135893,0.016006500101564087,0.6044792613148007,0,0,1.8745716244002741,0.019792609794105395,0.25989220099716237,0.25989220099716237,0.0028575552538902867,0.029262199246617233,11.388766560396741,-0.13286894320462864,-0.13286894320462864,1.1504298570482887,5.224535933373959,38.240247398156406,38.240247398156406,0.19525411572103316,2.1722487610255308,0.684766209924622,0.6457648065405457,11.12523929651298,-0.03169807821949905,0.0036340020703978493,0.13662400975015235,1.0,0.08302152679916419,1.8074817518248176,0.08630601036801314,0.01384936600954589,0.0,4.224874371859296,0.2819695359546582,0.006189641662670875,0.6189641662670875,5.166009066487575,0.5924697783747481,51.42272498321021,41.93040631296172,24.00079751511081,12.486568166554735,23.46079583613163,0.7058008730691739,0.0,0.7058008730691739,0.7125189298334175,1,1.1504298570482887,1.887607429162506,0.23952549217566885,78.87057993586807,0.1670584284754869,Financial Services
2010-03-31,WFC,2010,Q1,USD,0.6845377507132819,0.17037857173274285,0.20074096154665078,0.17037857173274285,0.17037857173274285,0.11071839202827577,0.1084614401907763,0.10100924072733466,0.0,0,0,2.256895723209995,0.019191258795550944,0.018000280477960946,0.018000280477960946,0.0029489559248685633,0.018000280477960946,15.854460934432666,0.03337781249354246,0.03337781249354246,1.3907565566289541,6.878390665587872,18.187732012160794,18.187732012160794,0.2012144193914827,2.119922164247215,0.6794791833400486,0.6324864486853722,10.535637409378175,-0.029834628267748096,0.00980679043768917,0.37818847677042966,1.0,0.06843485984590279,1.9254090471607315,0.19167763796861848,0.0360705408347278,0.0,17.379647749510763,0.2006281900274833,0.0031635921091419713,0.3163592109141971,4.52431411837238,0.4907136251541307,47.83639025893958,3.1406057336621456,22.763948828606658,14.781519728729963,22.376310110974106,1.7110434648581998,0.0,1.7110434648581998,0.6365908522869282,1,1.3907565566289541,1.5242942081723347,0.3501624593851537,83.03696393720831,0.09845098643649815,Financial Services
2010-06-30,WFC,2010,Q2,USD,0.7400665830775217,0.2014354273855333,0.2283280729819707,0.2014354273855333,0.2014354273855333,0.13597647974404428,0.132387911280211,0.12443253058930347,0.0,0,0,2.201084887704606,0.01886753973938339,0.019111543280776862,0.019111543280776862,0.003335554621970476,0.019111543280776862,10.909888961463098,0.5576165469192251,0.5576165469192251,1.1156557459172427,5.777349647628518,16.759603662360465,16.759603662360465,0.18783435655889488,1.9224777076445245,0.6578245926789341,0.6071039613704059,10.234963096550112,-0.025826341886096775,0.008672035432111657,0.3447187513511176,1.0,0.07979241686083458,2.3030153237765694,0.17644455263682032,0.034626225250695954,0.0,21.09259259259259,0.12344872632266493,0.0028288263693315705,0.2828826369331571,4.431097572657432,0.5866237523229304,44.501024963120486,3.3662854187022244,23.25765848611989,15.765273866314155,22.946146330248865,1.5274824223614385,0.0,1.5274824223614385,0.6572225799527796,1,1.1156557459172427,1.7231818279786195,0.32496243829147886,65.57703465252793,0.07241795505488821,Financial Services
2010-09-30,WFC,2010,Q3,USD,0.7595170142700329,0.22726673984632273,0.2345993413830955,0.22726673984632273,0.22726673984632273,0.150384193194292,0.14660812294182218,0.13830954994511527,0.0,0,0,2.363532586135326,0.01865604398484908,0.01715969097327974,0.01715969097327974,0.003200017524340122,0.01715969097327974,9.855593890386345,1.0841153279424989,1.0841153279424989,1.0644787397499555,5.77964048298573,22.137792129162463,22.137792129162467,0.17518086737702984,1.7294311730741239,0.6336232948956494,0.5688369287415316,9.872260589690923,-0.02505092680179685,0.006376571622218695,0.2610757409440176,1.0,0.06809865963941077,2.547244094488189,0.11724341910677315,0.027803495777572032,0.0,11.568093385214008,0.1539383048817011,0.0039048459837580287,0.3904845983758029,4.34629110131486,0.6372015801225167,41.19959542756818,3.0535676800061067,23.88599454208889,16.571248640293124,23.598404610599033,1.1347111696341672,0.0,1.1347111696341672,0.6450927357032458,1,1.0644787397499555,1.6246742264484912,0.3382921174652241,61.667286543140555,0.09808973111200169,Financial Services
2010-12-31,WFC,2010,Q4,USD,0.7879391760169822,0.2237577437941342,0.2420395962396569,0.2237577437941342,0.2237577437941342,0.1513234848156652,0.147901052722783,0.14001646233158602,0.5528597432458325,0,0,2.0042545801858123,0.01834709981814251,0.23678251148721405,0.23678251148721405,0.0033939724253011973,0.016484871400741428,11.928063708260105,3.5784191124780205,3.5784191124780205,1.2886022878298842,7.05669271758437,-40.439334160873884,-40.43933416087388,0.16880953289331452,1.6801468261502437,0.6268861130132943,0.5539039754380393,9.952914372508069,-0.027822894374129516,-0.004138684991410276,-0.17450071481176624,1.0,0.06831626153873,2.7098635886673663,-0.07270626883991264,-0.018965647129727287,0.0,-10.62796833773087,0.11101347393087288,0.0023267287265995398,0.23267287265995398,4.391575663026521,0.6495186636733762,40.76899661352308,35.90007990563525,24.331075682051672,14.550816178988622,24.049313192039875,-0.7663330923480842,0.0,-0.7663330923480842,0.6609874152952565,1,1.2886022878298842,1.3036925037552112,0.3237173281703775,64.29741149096115,0.07210532323731973,Financial Services
2011-03-31,WFC,2011,Q1,USD,0.8150662935266321,0.24709822452631097,0.268981969995871,0.24709822452631097,0.24709822452631097,0.17497820801027664,0.1724549249896775,0.1637840069734367,0.0,0,0,2.283603981141959,0.017512328608638782,0.017664807724321625,0.017664807724321625,0.0038171687889680577,0.017664807724321625,11.132664804469275,1.1503753631284903,1.1503753631284903,1.2541357148743921,7.6795314951598845,9.725800244029982,9.725800244029982,0.16336912874618573,1.5234770099871882,0.603721374895713,0.5268227486404277,9.325366559027804,-0.025841934665443156,0.017907233227900783,0.7896040739551314,1.0,0.07586901941369921,2.957715540911587,0.3144308237572392,0.08464148716435527,0.0,19.447457627118645,0.23543495610534718,0.005287030559180009,0.5287030559180009,4.1291581420019705,0.7120936576494657,38.86508297340305,3.2162612715010988,25.563196180950214,17.635636887171326,25.28434492687732,3.260400090929757,0.0,3.260400090929757,0.6979205347196435,1,1.2541357148743921,1.2147624789871898,0.29186780542146307,60.33647415998635,0.16765173903159808,Financial Services
2011-06-30,WFC,2011,Q2,USD,0.8341445151628604,0.2842100336952452,0.30718831898165483,0.2842100336952452,0.2842100336952452,0.19056533133657805,0.18476226132534632,0.1744664919505803,0.0,0,0,2.222823260168522,0.016962311091071606,0.02457643220361491,0.02457643220361491,0.003956969847158809,0.02457643220361491,9.393312436676798,3.1937262284701227,3.1937262284701227,1.0875227454344176,6.942118588543616,13.069532158590308,13.069532158590308,0.1561861472342574,1.4424600992661345,0.5905767302808911,0.5115854379048458,9.23551880118181,-0.022504132375019022,0.011594102228314944,0.5311681018345189,1.0,0.08208753845323546,3.55978898007034,0.21064939403500307,0.05768654099302171,0.0,14.403553299492385,0.19959473150962512,0.00531214981017491,0.5312149810174911,4.0419937576846685,0.7468079069327532,37.54071692045777,4.551026198808286,26.088338219994323,18.33727418897191,25.80175919795706,2.14697815189634,0.0,2.14697815189634,0.6500905647949943,1,1.0875227454344176,1.3263723497478987,0.329491190515396,48.90816422912858,0.14905892367350798,Financial Services
2011-09-30,WFC,2011,Q3,USD,0.8352294455066922,0.29349904397705545,0.3181166347992352,0.29349904397705545,0.29349904397705545,0.1979923518164436,0.19383365200764818,0.18350860420650095,0.0,0,0,2.177578848756115,0.016031326990792714,0.017737753598834657,0.017737753598834657,0.003920387818145477,0.017737753598834657,7.844948212083847,1.8304879161528946,1.8304879161528946,0.9236184019511063,6.082459847036329,13.78901820546164,13.78901820546164,0.14099368172604976,1.3354988095929388,0.5718259431807233,0.4915972278601531,9.472047209801985,-0.02124871766223477,0.008937642798408115,0.44110898661567877,1.0,0.08885539295186125,3.7530562347188265,0.1817429837518464,0.05015517232008435,0.0,9.99783315276273,0.22762022194821208,0.007253719712183718,0.7253719712183718,3.9655009003885886,0.7686475215619373,35.18623827125391,3.4715192872713487,26.394464979622786,19.038384987205003,26.114681072884085,1.7492180835939721,0.0,1.7492180835939721,0.6604234527687296,1,0.9236184019511063,1.4459421843174107,0.3254071661237785,44.01503531179564,0.17495971945787128,Financial Services
2011-12-31,WFC,2011,Q4,USD,0.8399455288243305,0.2749432591920109,0.30785292782569224,0.2749432591920109,0.2749432591920109,0.18987743985474353,0.1864275987290059,0.17648660916931458,0.49670815295815296,0,0,1.9399436421275096,0.016767298364294102,0.273593701341006,0.273593701341006,0.004122233786619803,0.018570421445397802,8.84426369612856,6.456312498173824,6.456312498173824,1.0360277237041948,6.59525937358148,-6.022780799204112,-6.022780799204112,0.13277219079252314,1.2438944388588216,0.5543462372015279,0.4717435277366571,9.36863684657126,-0.02482821422815585,-0.02304489953440209,-1.09505220154335,1.0,0.09704015659291773,4.076043068640646,-0.4914139047890652,-0.13829000544584252,0.0,-30.731210191082802,0.19113708302897492,0.005402854595816783,0.5402854595816784,4.1787590811661826,0.7790360211688385,33.371460004931805,45.91380716629678,26.875889148124966,17.756596293556402,26.601604734535936,-4.575959331550295,0.0,-4.575959331550295,0.678058444774641,1,1.0360277237041948,1.1998397946931771,0.30939408948324254,44.2787620171041,0.14890267266071056,Financial Services
2012-03-31,WFC,2012,Q1,USD,0.8514952073854852,0.2936525464905694,0.32231989045452536,0.2936525464905694,0.2936525464905694,0.1908211493440523,0.18764079685498475,0.17765802376430054,0.0,0,0,2.436659132493811,0.016973322067268006,0.016080242300874577,0.016080242300874577,0.0041257003243607565,0.016080242300874577,10.613698446327684,3.927068425141251,3.927068425141251,1.2393686192583633,7.966251336189761,11.339073498899717,11.339073498899717,0.13548968022917995,1.2418977981802688,0.5539493366683832,0.4713660868680704,9.16599549190467,-0.025145797084224923,0.015044485517377066,0.7025486991474889,1.0,0.09495327817163822,4.863204096561814,0.31208303900792717,0.08801102282033688,0.0,10.961405926946933,0.3415725047080979,0.008045557974804749,0.8045557974804749,4.285579070912051,0.8041494718509825,34.468443569454436,3.21811229318896,27.79862189073562,20.26596751599591,27.546284026804983,3.0108280013629654,0.0,3.0108280013629654,0.6389891696750902,1,1.2393686192583633,1.0020406995002173,0.35018050541516244,47.15142716184734,0.27467534925983417,Financial Services
2012-06-30,WFC,2012,Q2,USD,0.8606242174923985,0.31711679484886424,0.34998211411196567,0.31711679484886424,0.31711679484886424,0.21109819352530854,0.20667143623680917,0.19687891253800752,0.0,0,0,2.400343458194698,0.016736965313679648,0.01583280199438115,0.01583280199438115,0.004513944186179764,0.01583280199438115,9.598806577239289,1.0421561426716948,1.0421561426716948,1.198505679746066,7.935196565909497,9.111867734647772,9.11186773464777,0.13546359687592613,1.2224420882015263,0.5500445184561668,0.4577263105466318,9.024137232390085,-0.021450529213445427,0.018342731047681117,0.8708638883920586,1.0,0.09515172654342519,5.38496583143508,0.3476429323670635,0.1075980486942494,0.0,14.709969788519638,0.2864560796192125,0.007460721218678833,0.7460721218678833,4.214136313101811,0.870941604326443,34.356027059111724,3.1677627240008293,28.159000546458383,20.88224763986508,27.901411370103073,3.669939135842017,0.0,3.669939135842017,0.6517202481669486,1,1.198505679746066,1.0199718773635948,0.33432036097010714,43.65130139261531,0.24948651755262016,Financial Services
2012-09-30,WFC,2012,Q3,USD,0.8720867694514163,0.33659017569021155,0.3679186088203657,0.33659017569021155,0.33659017569021155,0.2254392255288634,0.22127106489781284,0.21141089996414486,0.0,0,0,2.4344789961811237,0.016230273183896297,0.015614213291293417,0.015614213291293417,0.0046247669563847385,0.015614213291293417,9.29193184119911,1.2853839046992102,1.2853839046992102,1.186308871921851,8.224142613840087,12.391752431118315,12.391752431118315,0.13294246443808352,1.1815307831056576,0.5416062850250565,0.45817920694969877,8.88753483019673,-0.02109043165341819,0.013612108231335978,0.6636787378988885,1.0,0.10764750093949643,5.946159936658749,0.2850049079046134,0.08102518084023681,0.0,10.205375603032392,0.29390318006886773,0.007907483209404922,0.7907483209404923,4.219284809288781,0.9336056428584936,34.79907717327585,3.2121177738696316,29.51135568540686,22.37514419167565,29.250392390461602,2.8002496170647304,0.0,2.8002496170647304,0.6573901464713715,1,1.186308871921851,0.995972306260803,0.33022636484687085,42.547090997685466,0.27438966736635084,Financial Services
2012-12-31,WFC,2012,Q4,USD,0.8643471287922663,0.3216910945783401,0.3539448478638571,0.3216910945783401,0.3216910945783401,0.2359780817035684,0.22675635942442196,0.21637635318750836,0.5189097970317629,0,0,1.9640388485431797,0.01577477497737124,0.2642058700880988,0.2642058700880988,0.004599476131218767,0.019231479803427178,8.85120982318271,2.6258589142108644,2.6258589142108644,1.1438023280906864,8.028272464026374,21.57952724224644,21.57952724224644,0.1296965216364669,1.1713698160630641,0.5394612227717562,0.4470256667637696,9.031620904578748,-0.0235388495357141,0.007346847568088764,0.37203189735822156,1.0,0.10311873811848123,5.948105436573312,0.1460603410581548,0.045249628834920945,0.0,6.78391551584078,0.24184675834970532,0.006830895526741174,0.6830895526741175,4.257453910932402,0.965404749260299,35.234049009938545,48.75559517487292,30.140163872240347,21.490971853425386,29.882785828085883,1.5839086563993627,0.0,1.5839086563993627,0.7048885195956239,1,1.1438023280906864,1.0240350302972134,0.2664450907076582,43.15980264317181,0.23348000910401334,Financial Services
2013-03-31,WFC,2013,Q1,USD,0.8937076736780732,0.3426469928689958,0.38005112795443335,0.3426469928689958,0.3426469928689958,0.23411221240525631,0.23191460734627978,0.22115082746557832,0.5335870007418575,0,0,1.9824842180136926,0.015520306494207988,0.26691472370816216,0.26691472370816216,0.00471631798900285,0.014138030840906396,9.425327306130344,8.671301121639878,8.671301121639878,1.2027779697197782,8.743484325245548,21.33670460763927,21.33670460763927,0.13008462837438067,1.1529928556445344,0.5355302748087228,0.43774217159190637,8.863405846279136,-0.026587648196894312,0.007965664906786813,0.40978606987487104,1.0,0.09789146885712438,6.637706342311034,0.15054454385184454,0.04889129085421973,0.0,5.746540880503145,0.3074840456391414,0.008155792251351053,0.8155792251351054,4.2237166129948855,0.9795415798446675,35.61943549914756,50.08088653154007,30.95188482667172,22.282060996400833,30.70392119719644,1.7308202311043759,0.0,1.7308202311043759,0.6768324607329843,1,1.2027779697197782,0.9586082258499938,0.31675392670157065,43.146149398159075,0.3011934078423944,Financial Services
2013-06-30,WFC,2013,Q2,USD,0.9222991191802984,0.3806848822577746,0.4170411648391156,0.3806848822577746,0.3806848822577746,0.2520222901312242,0.2480226496494697,0.23692252381808376,0.5198701025629044,0,0,1.9867857142857144,0.015446738532087802,0.26892495389761323,0.26892495389761323,0.004956194695117271,0.01555299888764716,9.938502989672042,1.5404679633991678,1.5404679633991678,1.3508252750567968,9.859895380190544,16.90571675142549,16.905716751425487,0.1251996615212247,1.1104352269718818,0.5261640882317762,0.4316890369354365,8.869314928488311,-0.026425764526629432,0.011251843445224643,0.5832284738450476,1.0,0.11052359627971065,7.865366759517177,0.2277521366021445,0.07195688574945386,0.0,7.43298969072165,0.3163616597209639,0.007957980695123872,0.7957980695123872,4.194770675061737,1.040398137500707,34.20268818217807,50.40398137500707,30.873941975983563,21.91792184289404,30.618319603370598,2.4465096989462176,0.0,2.4465096989462176,0.6515169401487427,1,1.3508252750567968,0.8220420860315871,0.3379766261362295,41.14454655172414,0.3291420815503233,Financial Services
2013-09-30,WFC,2013,Q3,USD,0.9474861931060751,0.39521043610740814,0.4363930679870501,0.39521043610740814,0.39521043610740814,0.2705675109502952,0.2655684631498762,0.2531422586174062,0.4706884187880961,0,0,1.8917409709087634,0.014115069671483916,0.27649204215645146,0.27649204215645146,0.0048838651286117335,0.016205063226115767,9.806462710648978,9.708398083542425,9.708398083542425,1.3088971734513803,10.417148924014473,10.368279202009193,10.368279202009193,0.13780606227592393,1.2267101366912931,0.5509069709962711,0.47494636861331063,8.901713875512218,-0.02488170115778569,0.018067172932202082,1.0047133879261092,1.0,0.11931704294903332,8.07490272373541,0.39187758815992274,0.10290983746458406,0.0,11.189289501590668,0.33811401936177843,0.008619673304692618,0.8619673304692617,3.9665363624346117,1.0533869657998602,38.91960795422356,52.56113912337356,31.879780182425925,22.913904783487244,31.56856079919929,3.985232187033785,0.0,3.985232187033785,0.6719672328635105,1,1.3088971734513803,0.9372089432026417,0.31538368871220335,44.17813615535675,0.35616490094989894,Financial Services
2013-12-31,WFC,2013,Q4,USD,0.933662801748717,0.39046759171260215,0.4277703858582019,0.39046759171260215,0.39046759171260215,0.27147880631058735,0.26658429956282076,0.2551321041627067,0.5422034422343605,0,0,1.878425421762028,0.013812912618427806,0.2590571373310124,0.2590571373310124,0.004728301937014138,0.016606141245989983,10.66272816399287,5.331364081996431,5.331364081996431,1.4063054389862584,11.370063676107204,16.589587464466476,16.589587464466476,0.13579306098712046,1.2159313984789175,0.5487224917312737,0.4734548740595861,8.954296998977325,-0.024274484856419604,0.012024216837738516,0.6853735031362859,1.0,0.1183261708791609,7.954501452081317,0.2676725497837908,0.06971640701659408,0.0,8.251144164759726,0.31158645276292335,0.007305504932009906,0.7305504932009906,3.9929415782782764,1.0644555338405783,39.4501261787754,51.59592433068326,32.44748875775573,23.3011403525416,32.28317173595431,2.7366563573231124,0.0,2.7366563573231124,0.6827309236947792,1,1.4063054389862584,0.8645822684696163,0.304734087866618,47.34876916240835,0.33166992391324973,Financial Services
2014-03-31,WFC,2014,Q1,USD,0.9363658243080626,0.4020216606498195,0.4295066185318893,0.4020216606498195,0.4020216606498195,0.2924187725631769,0.28365824308062576,0.2698916967509025,0.5314250633105672,0,0,1.8618928123319591,0.01343176180103924,0.2559869363979435,0.2559869363979435,0.004717428651081053,0.016215270016173358,11.105195655862888,2.2654599137960267,2.2654599137960267,1.4902687783938882,12.600321155234656,92.14068004223864,92.14068004223864,0.13608459779389373,1.1982818495451284,0.5450992782354449,0.4662205691086557,8.805418607034284,-0.02315943781927835,0.0023347819226571644,0.1367509025270758,1.0,0.11447173516139034,8.377131394182548,0.04978882248821437,0.01349752711620416,0.0,1.4976278334211914,0.3219073477006618,0.007246773440022952,0.7246773440022952,3.947518431253325,1.1197461427377062,40.1839325074105,51.758759595652506,33.53139013452915,24.55802994603633,33.37652960401307,0.5398267082161587,0.0,0.5398267082161587,0.7055795019157088,1,1.4902687783938882,0.8040709615057201,0.27262931034482757,50.71429698531884,0.36045451090674163,Financial Services
2014-06-30,WFC,2014,Q2,USD,0.9436144132476063,0.4003422915028447,0.4342013969193765,0.4003422915028447,0.4003422915028447,0.26763495073777693,0.2648596142282252,0.2508904204634812,0.5465968851132686,0,0,1.8987352889513438,0.013521390678690128,0.24742786208618692,0.24742786208618692,0.004556470816502919,0.01651530637153877,12.08990150192106,-2.5872389214111062,-2.5872389214111062,1.5310662118003528,12.80850659142421,-85.49154183389935,-85.49154183389936,0.1436804901449395,1.2701994371305825,0.5595100661006464,0.481388553551817,8.840444766364959,-0.023427281583592776,-0.0025923468542483194,-0.14982191590730376,1.0,0.10370558940987415,8.637724550898204,-0.052369480508981554,-0.01409934400396993,0.0,-1.6034653465346536,0.3527768075445337,0.007294865212269888,0.7294865212269888,4.103522891200364,1.0868574899400198,43.79489028927188,51.172272416672996,34.45998785209931,25.752790220939943,34.32901829777541,-0.614797661529117,0.0,-0.614797661529117,0.6615829000577701,1,1.5310662118003528,0.829617574563923,0.3314846909300982,51.77363417492276,0.3834181155569053,Financial Services
2014-09-30,WFC,2014,Q3,USD,0.9353744657126928,0.39941460695038095,0.4286842594313325,0.39941460695038095,0.39941460695038095,0.2766679055937558,0.2661679985132875,0.2512544136777551,0.49710154968936926,0,0,1.9096797089876674,0.013149607020780704,0.24390382256383347,0.24390382256383347,0.0043738586457477135,0.01420649045639296,11.828741185198114,12.06531600890212,12.06531600890212,1.48545565291729,12.593729464783497,17.99677552781835,17.99677552781835,0.15121253867935766,1.3563768282725326,0.5756196598092066,0.5028673239490338,8.970002356409708,-0.022656889803978536,0.011866579373014129,0.6997769931239547,1.0,0.10297107114933542,8.403714565004888,0.2393567149236417,0.06085336931797522,0.0,7.021911421911422,0.37441089195322047,0.007913160117615456,0.7913160117615458,4.118716393348514,1.0962704988614402,47.558506668707786,50.95447674084846,35.01597810903385,26.27279511663063,34.91857861803708,2.8821829732677626,0.0,2.8821829732677626,0.6663952541584274,1,1.48545565291729,0.9131048951941048,0.3073165057578225,54.24823160290452,0.4104556153007137,Financial Services
2014-12-31,WFC,2014,Q4,USD,0.9325903778200598,0.37650629700099664,0.4028721572891184,0.37650629700099664,0.37650629700099664,0.2623901422487995,0.25863006251698833,0.24381625441696114,0.4979584470662546,0,0,1.9266823775857553,0.013083563750811277,0.24381956826890247,0.24381956826890247,0.00418871384312997,0.014849576994574908,12.465092397968121,12.83904516990717,12.83904516990717,1.5437207826718875,12.895390504666123,99.3552705061082,99.35527050610821,0.1466735421463944,1.3420230593186329,0.5730187215616352,0.4993755565691449,9.14972829918544,-0.022567033259128816,0.0021738305702037257,0.12979070399565099,1.0,0.09878954138962508,8.286141575274177,0.04510532447495198,0.01157758192199983,0.0,1.3767419509851033,0.3645121737607287,0.007310659281999109,0.7310659281999108,4.251131439576312,1.099470389985556,47.85055368319692,53.34867597496389,35.6787674530573,27.18517091959557,35.511603273952815,0.5517573423206548,0.0,0.5517573423206548,0.6869209481410179,1,1.5437207826718875,0.8693115140073251,0.3030922873300445,57.63441470819746,0.40077034183919114,Financial Services
2015-03-31,WFC,2015,Q1,USD,0.927575965273018,0.3729952021932831,0.4062143020333562,0.3729952021932831,0.3729952021932831,0.26885994973726296,0.2652044779529358,0.2495316426776331,0.45520727166836533,0,0,1.8278626910548734,0.012593965600087931,0.23853245299861267,0.23853245299861267,0.004219611015310385,0.014505881723527113,12.091909028256374,6.287792694693337,6.287792694693337,1.4869264179325832,12.827313685172493,111.62058051689861,111.62058051689861,0.15018901018968922,1.3823862793703257,0.5802527874428893,0.49260390015265204,9.204310472679506,-0.021502090767610393,0.0018431916604188699,0.11491889421978524,1.0,0.08403030225995882,8.355168884339816,0.03236933214924643,0.00963642145837564,0.0,1.182972718720602,0.3662991040661613,0.0075732273375980885,0.7573227337598089,4.240950313929153,1.1247190140299201,50.764669405472446,53.75474769397721,36.811875048445856,28.51775056197194,36.58553600496086,0.4873653205177893,0.0,0.4873653205177893,0.7110131079260076,1,1.4869264179325832,0.929693805085789,0.2791865735636408,58.70885939257593,0.411983567165336,Financial Services
2015-06-30,WFC,2015,Q2,USD,0.9422714528657443,0.39293101070919706,0.43112561474467986,0.39293101070919706,0.39293101070919706,0.26593739945764583,0.2628579307808981,0.24649538079698488,0.5280440744605975,0,0,1.8129322556453629,0.012644882620594822,0.23815685199860762,0.23815685199860762,0.004281210844078301,0.014580910834771402,12.665800664451828,-6.71287435215947,-6.71287435215947,1.52851821606052,13.317224617364527,-175.49537007874017,-175.49537007874017,0.15268592603699718,1.3859293725403308,0.5808761099515336,0.48672250067017053,9.076994903934416,-0.021045239478226636,-0.0012227908664706449,-0.07588362366135037,1.0,0.07884984330127862,8.942468619246862,-0.019900437544447525,-0.006284400526808621,0.0,-0.7436936936936936,0.3881797517048435,0.007661966305736974,0.7661966305736974,4.2231021564859565,1.1100758943302471,51.17917661445292,54.41759350919079,37.01081154525515,28.58265882489955,36.793804227566525,-0.3204642947262175,0.0,-0.3204642947262175,0.6689671306585565,1,1.52851821606052,0.9067143315519745,0.3231956954029711,56.7984921108742,0.4309089850346474,Financial Services
2015-09-30,WFC,2015,Q3,USD,0.9229366996308618,0.3998085949961263,0.437998450530921,0.3998085949961263,0.3998085949961263,0.27266098528004373,0.2641389053456683,0.24805177049628582,0.489504093515069,0,0,1.7915578053559764,0.012529799887509886,0.2395338598839023,0.2395338598839023,0.004260150447399279,0.01267905197573086,11.353081004140787,5.90360212215323,5.90360212215323,1.3634212202992992,11.995161554937793,13.89923588741617,13.89923588741617,0.1560831741626767,1.4159108214927663,0.5860774366737136,0.48972180003964844,9.071514781068215,-0.021180982387148745,0.013803001279931892,0.8630087043704142,1.0,0.07659139652132904,8.879554655870445,0.21502458299742247,0.06927925719700156,0.0,8.431433659839715,0.38750862663906144,0.008533115955433731,0.853311595543373,4.2808927386944475,1.1307503219009716,53.51964571383979,55.367162199071366,37.856139529439304,29.622497951539273,37.662608763510086,3.6944476959694095,0.0,3.6944476959694095,0.660663399065314,1,1.3634212202992992,1.0384984481772583,0.31802120141342755,54.017046093018415,0.4381755043115221,Financial Services
2015-12-31,WFC,2015,Q4,USD,0.9151138716356108,0.36708974705193986,0.40723737510126923,0.36708974705193986,0.36708974705193986,0.2530830857862994,0.2509226753083086,0.23417949410387973,0.5086189135361582,0,0,1.7794329649207112,0.012428732535555416,0.048549393784616944,0.048549393784616944,0.00405774840454001,0.013845691288393339,12.452827802690583,-13.199997470852022,-13.199997470852022,1.4388649623312157,12.498787469619227,-55.21933982899185,-55.21933982899185,0.16617737878937053,1.5392076601830071,0.6061763613583587,0.5083179203415825,9.262437952724898,-0.01885603496233758,-0.0036434504468280103,-0.22634800612116301,1.0,0.06608644492458132,7.730805687203792,-0.051564678861455174,-0.01692901193008914,0.0,-2.2511190689346465,0.4007174887892377,0.008044708702682332,0.804470870268233,4.349221885093471,1.091318390917099,58.35744347655868,4.56670255456592,37.95458549476363,29.653714397572674,37.77977880003915,-0.9844377018694332,0.0,-0.9844377018694332,0.6835458558116724,1,1.4388649623312157,1.0697085892497773,0.3105689063266307,61.41147877984085,0.4373103650778115,Financial Services
2016-03-31,WFC,2016,Q1,USD,0.89718782249742,0.34748022015823876,0.40316477468180256,0.34748022015823876,0.34748022015823876,0.2371001031991744,0.2348641210870313,0.2186532507739938,0.3890329379882567,0,0,1.2493821854518106,0.012576371606472483,0.23504101097140126,0.23504101097140126,0.004093469471332386,0.013413082745872546,11.234934639326255,-2.359336274258511,-2.359336274258511,1.2428649289099525,10.554732198142414,41.50504768346297,41.50504768346297,0.1814807844765956,1.6992293514805363,0.6295238863450056,0.5357230173208207,9.363136468586706,-0.01936669346769657,0.00415662184862137,0.2542999656002752,1.0,0.06246330544547189,6.192337164750958,0.05491026248108224,0.017622641846771814,0.0,2.635472370766488,0.41083852068839255,0.009141987334094319,0.9141987334094319,4.581831077486849,1.0761077289831944,66.3742932009378,54.107807790058516,39.10869436727939,30.53943298461296,38.91010106980318,1.1651594853911775,0.0,1.1651594853911775,0.6759064472218784,1,1.2428649289099525,1.3671874649893254,0.3176587056057419,59.93684428327645,0.44210650747680125,Financial Services
2016-06-30,WFC,2016,Q2,USD,0.8936543230992902,0.35157786709997435,0.3916873343025742,0.35157786709997435,0.35157786709997435,0.238304968784743,0.23766355939450953,0.22120071837851707,0.3945672346887127,0,0,1.2590718208248088,0.01237855534118307,0.23060596251196586,0.23060596251196586,0.0038515950085795227,0.014145525551295638,10.786990689096797,5.393495344548394,5.393495344548394,1.1887103868745197,10.254698409304712,-32.69480259032038,-32.694802590320386,0.19519170457883747,1.8278668616322586,0.6463765626424169,0.5473240409987614,9.364469999256487,-0.021276053749647462,-0.005084403877039913,-0.3136491918241683,1.0,0.05351316254489566,5.818825194621373,-0.060993863194132615,-0.019890824187893036,0.0,-3.247011952191235,0.40644116588700974,0.009419706978560517,0.9419706978560518,4.615445341332965,1.0969231680119995,73.05768813278335,53.96060707730565,39.99703961001796,31.697290256369772,39.816258461781366,-1.447630701217707,0.0,-1.447630701217707,0.6759912430065678,1,1.1887103868745197,1.518599374053591,0.32218438336171246,64.21095818777293,0.4458347312952693,Financial Services
2016-09-30,WFC,2016,Q3,USD,0.9013615478649412,0.34797453947645746,0.40551363655524175,0.34797453947645746,0.34797453947645746,0.23833410614171902,0.237912574294988,0.22100914724107407,0.4282129963898917,0,0,1.2771467025572005,0.012214977004557896,0.24692937719227873,0.24692937719227873,0.004032411173616329,0.013002492363471134,9.891998228206946,5.04491909638556,5.04491909638556,1.099955434718364,9.413723053576698,-93.16718898623279,-93.16718898623279,0.19771961007639058,1.891345036152649,0.6541402055111887,0.5565747832867036,9.565793880647004,-0.021304731845333914,-0.0016159575981355477,-0.10104118366142562,1.0,0.055616744451399726,5.37785016286645,-0.01922706709019155,-0.006242252523463786,0.0,-1.0517770952172005,0.4037916371367824,0.010205006810084492,1.0205006810084492,4.703771265416187,1.1190863306499583,76.44267755878971,61.640559939723204,40.44057580203831,32.21933616211286,40.25617638894396,-0.4752746163302534,0.0,-0.4752746163302534,0.6837068443367657,1,1.099955434718364,1.6993552871643243,0.3150817686250757,61.1258577962578,0.4518777015505413,Financial Services
2016-12-31,WFC,2016,Q4,USD,0.8895025143678161,0.3395294540229885,0.4011314655172414,0.3395294540229885,0.3395294540229885,0.23814655172413793,0.23679956896551724,0.21875,0.3999712664320092,0,0,1.2089892519813268,0.011539208803620509,0.05673165763614783,0.05673165763614783,0.0038424669493495097,0.01419746871509107,13.128593856655291,-1.9505339444173546,-1.9505339444173546,1.3877113352473431,12.435381465517242,59.154381888082014,59.154381888082014,0.18229898218499935,1.762983450328438,0.6380723887864297,0.5610237302898267,9.670835400163343,-0.017858524594961813,0.003206741691545969,0.2102191091954023,1.0,0.06782002702235948,4.566425120772947,0.04837726413242269,0.013306504328450682,0.0,2.075354609929078,0.42775881683731515,0.008145556590214553,0.8145556590214552,4.43170964660936,1.0494269340974212,70.34264565425023,5.401743075453677,39.895136899076725,31.18632601082458,39.71287010506208,0.9316300541228908,0.0,0.9316300541228908,0.697434541126686,1,1.3877113352473431,1.2703999254537148,0.29859825443004495,68.06467606895008,0.448901623686724,Financial Services
2017-03-31,WFC,2017,Q1,USD,0.8967031146454606,0.32546388336646787,0.3766981444665341,0.32546388336646787,0.32546388336646787,0.23711895294897284,0.23334990059642147,0.21674121935056329,0.4295168291468014,0,0,1.32973508839566,0.012371615791232058,0.25365065338149073,0.25365065338149073,0.003928362134270971,0.013308146628778512,12.370370784522542,2.999814915246711,2.999814915246711,1.3835170024813896,11.546499171636846,21.21926290150708,21.21926290150708,0.18169888356210712,1.7597866004962779,0.6376531432465918,0.5600129266673654,9.685181141439205,-0.01945587374955881,0.008876151406685557,0.5441517561298873,1.0,0.07195121951219512,4.159872948650079,0.13848278188276714,0.037050510861626015,0.0,5.7953242170269075,0.4023784167554136,0.008131898868764267,0.8131898868764267,4.820508724993012,1.1248652318013017,71.17477937946731,63.73597412450585,40.42826338697441,31.70107415245777,40.23080301880765,2.6230882881443915,0.0,2.6230882881443915,0.7169763298549249,1,1.3835170024813896,1.2602793192116315,0.2714431152965131,67.47418097855964,0.4526214910354191,Financial Services
2017-06-30,WFC,2017,Q2,USD,0.8864175320958377,0.33277455229372804,0.38351459645105895,0.33277455229372804,0.33277455229372804,0.24098454493417287,0.23943086106795322,0.22283097554992232,0.36818811344613717,0,0,1.3500772797527048,0.01266682238223061,0.241400712647561,0.241400712647561,0.004114856504743362,0.013734711417080613,11.803720927254098,1.4902197670658286,1.4902197670658286,1.3472219412366613,11.304700261673073,-63.913628987517335,-63.913628987517335,0.17481488923910504,1.6447156848413975,0.6218875224540555,0.5378733120317767,9.408327242605857,-0.022004013406811997,-0.0029344311334596374,-0.17687464224384658,1.0,0.0731202410354687,3.661268556005398,-0.04536683585720878,-0.012816068968581966,0.0,-1.9184035476718404,0.38507513661202186,0.008155799747071833,0.8155799747071832,4.901501032084811,1.1735706126375278,68.09114411110443,58.007174492474796,41.312451151325675,32.71628689953707,41.12908074310106,-0.8669512415078459,0.0,-0.8669512415078459,0.719498709915223,1,1.3472219412366613,1.208812492445713,0.2758324118442069,63.30355639658848,0.4519128639852502,Financial Services
2017-09-30,WFC,2017,Q3,USD,0.8645066273932254,0.2774095892652594,0.33124693176239567,0.2774095892652594,0.2774095892652594,0.18818523973163148,0.18581246931762396,0.16899852724594994,0.38754478866093794,0,0,1.3489321781358645,0.012632956387772431,0.23956478399702646,0.23956478399702646,0.0033898207005899493,0.012979438747064488,15.108295145310436,-0.6861684045161819,-0.6861684045161819,1.3329230278396924,11.229238512518409,28.796423227024757,28.79642322702476,0.17371658744797638,1.6322664607704598,0.6200992510054237,0.5370530234565737,9.396146244579443,-0.02179019405610146,0.00644173748500566,0.38995254459171985,1.0,0.061365475177893494,2.613102119460501,0.10160855336794193,0.028357991378361414,0.0,4.128194023386747,0.5083663584324086,0.008412040431150233,0.8412040431150233,4.9112858310488745,0.9125781477918502,68.0567912128891,58.5512711397864,41.55505566686517,32.87049427097021,41.37523236385467,1.9151684070347679,0.0,1.9151684070347679,0.6698127119893821,1,1.3329230278396924,1.2120915979235196,0.32163397728948534,73.04094185500803,0.4639240297779353,Financial Services
2017-12-31,WFC,2017,Q4,USD,0.8618368124655968,0.20497946394546301,0.2732353812931363,0.20497946394546301,0.20497946394546301,0.2714146589321252,0.26760384468814835,0.250201126307321,0.36786604361370717,0,0,1.2756981580510993,0.012100379299267276,0.18752508507400015,0.18752508507400015,0.004549005034186358,0.14302432937579726,11.937665046281646,0.3170942277918562,0.3170942277918562,1.4583454419240733,12.778260251937164,1247.042034586777,1247.042034586777,0.16819511855215583,1.5863648664321337,0.6133569501431209,0.5208894301451437,9.431693857037924,-0.020082824537832274,0.00016027954872696975,0.010246856078248719,1.0,0.07577360486643744,1.8533690658499233,0.002343689470829782,0.0007371845642081663,0.0,0.10623353819139596,0.3604430379746835,0.007548440934162301,0.7548440934162302,4.780776005148185,1.2793540395705014,66.98147143123482,44.31929356984919,42.12131474680227,33.36705132982982,41.88993790072172,0.04898792366709832,0.0,0.04898792366709832,1.305515389382359,1,1.4583454419240733,1.0876547879309182,-0.3241065895476141,64.1737443623121,0.46113425666797503,Financial Services
2018-03-31,WFC,2018,Q1,USD,0.8682266501617218,0.2675797628079703,0.32472147905602367,0.2675797628079703,0.2675797628079703,0.2127141316934872,0.2050872499301202,0.18899492872259713,0.4010794535466615,0,0,1.3752333882482153,0.013074635530764524,0.36389645748843685,0.36389645748843685,0.003841523552803838,0.13728275180035449,12.463957213785045,-3.6457074850321267,-3.6457074850321267,1.2493634460751784,10.224794832887433,16.812838936309912,16.812838936309912,0.17114078191990342,1.5994037628322728,0.6152963943891447,0.5258528550343086,9.34554432257309,-0.02313945580745548,0.010330375305315836,0.6081539751627201,1.0,0.06736711990111248,2.1553554197491156,0.15667595955023816,0.04646111512777569,0.0,6.6652078774617065,0.444898753894081,0.008923705895789386,0.8923705895789386,5.125775221564975,1.0512311439507134,67.73031500092105,97.02826616452094,42.14544486972184,33.090447632887816,41.949362425036334,3.1172605767853123,0.0,3.1172605767853123,0.7664527682435457,1,1.2493634460751784,1.2673185455302922,0.20504402328010746,46.909190482046235,0.46769142599832164,Financial Services
2018-06-30,WFC,2018,Q2,USD,0.8431294202261558,0.2844527909857354,0.3405522036200903,0.2844527909857354,0.2844527909857354,0.21213089862948017,0.20721620649698325,0.1914732089343509,0.4281779298545766,0,0,1.3700662396671595,0.013314358674256531,0.33723371880706027,0.33723371880706027,0.003937546567911326,0.11304777845404747,13.068371106826069,-0.9844839567142306,-0.9844839567142306,1.3211800409380665,10.831913143405123,-319.30540664310956,-319.30540664310956,0.17225089109964356,1.5779675224672007,0.6120975181863553,0.5166041576358393,9.16086710723824,-0.026398995388851706,-0.0005872019033917999,-0.033923362768210334,1.0,0.062174678151338335,2.0492227979274613,-0.008124712907671108,-0.002622150843165112,0.0,-0.36769164140320487,0.4452371770150405,0.008517457404895654,0.8517457404895654,5.118209430413866,1.0605759422274468,66.92590038521034,87.76153442802112,42.14265789411255,33.078067060466324,41.962486778589536,-0.17362687523160475,0.0,-0.17362687523160475,0.728473100154516,1,1.3211800409380665,1.1943622167852381,0.25424919230228965,50.618478263522235,0.47220783852741505,Financial Services
2018-09-30,WFC,2018,Q3,USD,0.830101426184277,0.2952628920063731,0.34916255391909223,0.2952628920063731,0.2952628920063731,0.2365056542183189,0.23343566626510706,0.21190688998562157,0.43841147608014175,0,0,1.4192818928906292,0.013739060887430252,0.3333693595576534,0.3333693595576534,0.004418807842218559,0.11051944965785479,10.403029798568337,0.6371855751623108,0.6371855751623108,1.2577374572936637,9.71375276881825,37.54340642835687,37.54340642835687,0.17446733309093898,1.644220367211597,0.6218166941000732,0.5268792374495315,9.424230531193865,-0.0267987319731065,0.004612742336979603,0.25873392142385265,1.0,0.06840712906090093,2.003691983122363,0.06313832965073826,0.02037493803056547,0.0,2.8368129527055816,0.39071083735641754,0.009389352066697604,0.9389352066697605,5.378971571906354,1.2556438127090301,69.09824414715719,88.3125,41.73892140468227,32.40969899665552,41.54285117056856,1.3917224080267558,0.0,1.3917224080267558,0.7906027902079494,1,1.2577374572936637,1.3072842489318461,0.19899973677283495,46.43461324429605,0.4905936454849498,Financial Services
2018-12-31,WFC,2018,Q4,USD,0.8100328621768222,0.28190204695727916,0.3361840281902047,0.28190204695727916,0.28190204695727916,0.24365522429425507,0.24009185572316585,0.22611553232767154,0.4205224688233629,0,0,1.4066050345288483,0.013322024618607793,0.34439810740490834,0.34439810740490834,0.004376574993068706,0.11858624734307187,8.863788918205804,1.2630899208443271,1.2630899208443271,1.0960108479553032,8.512494120441858,14.30092217640016,14.30092217640016,0.17660952706469757,1.706875809263583,0.6305704175353156,0.5386218348252715,9.66468705076313,-0.02630630593097472,0.010288282690309963,0.5952409233083897,1.0,0.06836931240005815,1.6647182604629414,0.1421157609158025,0.04490026311781167,0.0,6.335440370838601,0.39132585751978893,0.011037206016831697,1.1037206016831698,5.413219597925329,1.299669938702902,72.67949762098675,94.988855073085,42.236272450597966,33.00848729049681,42.04337948476145,3.222169831540143,0.0,3.222169831540143,0.851685393258427,1,1.0960108479553032,1.557185582977315,0.1356741573033708,44.346256506889645,0.5085944532556046,Financial Services
2019-03-31,WFC,2019,Q1,USD,0.7894756853351583,0.2603703281244059,0.31546329036918747,0.2603703281244059,0.2603703281244059,0.22687350290863464,0.2228052165316908,0.20938367362457702,0.45500311397135146,0,0,1.1696091074843242,0.013932149304584404,0.14739155914197963,0.14739155914197963,0.004327261510699153,0.10306871732140893,9.477760878839591,-11.56286827218429,-11.56286827218429,1.1229665322091473,8.446778259381773,27.94097786441957,27.940977864419573,0.18165984388110554,1.733470823729225,0.6341647434759453,0.5443454307173902,9.542399611791824,-0.024015756659325246,0.0055011772422434504,0.30230789703813543,1.0,0.066637313660829,1.4595055413469735,0.07458934116344737,0.023185084097324282,0.0,3.470536883457006,0.3909556313993174,0.010312447116918191,1.031244711691819,5.7785345490497635,1.287487641436889,76.37657914973086,34.10414149181589,43.66318796001318,34.503350543776776,43.465231242447544,1.7468966274854443,0.0,1.7468966274854443,0.8557242990654206,1,1.1229665322091473,1.54365314905607,0.12865070093457945,50.153876702422565,0.5033505437767769,Financial Services
2019-06-30,WFC,2019,Q2,USD,0.7962606232294618,0.28827195467422095,0.35063267233238904,0.28827195467422095,0.28827195467422095,0.23939565627950898,0.23440982058545798,0.2208876298394712,0.5119503422670844,0,0,1.1574276471102563,0.013764773410253157,0.15213956657590622,0.15213956657590622,0.0045591408830818565,0.11159123053242809,8.586274814695456,1.038939252578148,1.038939252578148,1.0708578390490449,8.050828555240793,-318.60341704035875,-318.60341704035875,0.1855163908686131,1.792686970589122,0.6419219158712054,0.5481637526729896,9.663226856643321,-0.021337040618955513,-0.00045402843344581113,-0.025269121813031162,1.0,0.06644487877905768,1.5604170926190963,-0.005800041614648356,-0.0018748949049941146,0.0,-0.2818028643639427,0.382533032549146,0.011137921881280769,1.113792188128077,5.923613907907102,1.3885532733700272,80.93054996196358,38.58683492191346,44.75701436434421,35.71844095404305,44.534389403499354,-0.1496845214122701,0.0,-0.1496845214122701,0.8131551362683438,1,1.0708578390490449,1.6740662534450732,0.16954926624737945,43.6861667564365,0.5311674945182798,Financial Services
2019-09-30,WFC,2019,Q3,USD,0.7928507662550216,0.22749590834697217,0.29593810444874274,0.22749590834697217,0.22749590834697217,0.17899122154441302,0.17147745871150127,0.15016366612111293,0.4085217602723073,0,0,1.1869839728023313,0.013829573805910645,0.1505896542925971,0.1505896542925971,0.003686696000192051,0.098566870010968,11.92205748373102,-0.4109972448338851,-0.4109972448338851,1.1372901750610438,8.177456479690521,-16.943563776493257,-16.943563776493253,0.18239100799917693,1.8342041551131896,0.647167266269122,0.5440459482728119,10.05643959773207,-0.021243718409312974,-0.008598779934191997,-0.48262907305460495,1.0,0.051653181345219054,1.2548215018465325,-0.10471478839138716,-0.03659475573881921,0.0,-5.278681855166802,0.5331887201735358,0.011180719454279,1.1180719454279,6.1681771251577375,1.0577033383044625,82.4671331880234,37.036136285419296,44.606171848112886,35.587472754387974,44.351038201216014,-2.9769416083514972,0.0,-2.9769416083514972,0.7537606278613472,1,1.1372901750610438,1.6127846659844214,0.2132112491824722,53.503109602815485,0.5639554892738328,Financial Services
2019-12-31,WFC,2019,Q4,USD,0.7922490208204493,0.14850546279117707,0.2365285508142651,0.14850546279117707,0.14850546279117707,0.12055246340960626,0.11844980416408987,0.10496804782519069,0.44459719549078913,0,0,1.0899164195200863,0.01258329853104062,0.3057070453923681,0.3057070453923681,0.0028788707100773697,0.09402243624946,19.64879742429516,-0.571043175143578,-0.571043175143578,1.2065658897331495,9.309584827870543,18.176284311357964,18.176284311357964,0.1726036351751312,1.7777724343560644,0.6399993074912138,0.5493758788742704,10.29973924102038,-0.020866831674224495,0.008269314870987905,0.5121830550401979,1.0,0.046452477802161475,0.8195676905574516,0.11886673300673607,0.03733960920099909,0.0,5.037712895377129,0.8583362339018448,0.010920976680747612,1.0920976680747612,5.778990255176193,0.6845202639918039,80.3168854685378,96.42586547854471,44.789020990684044,35.31581329965929,44.58935931953015,2.9599008839436753,0.0,2.9599008839436753,0.7976124375347029,1,1.2065658897331495,1.4732689831242125,0.18822876179900055,72.73086630643193,0.5875485454242215,Financial Services
2020-03-31,WFC,2020,Q1,USD,0.6488737459776642,0.03142154079121711,0.1198182850653038,0.03142154079121711,0.03142154079121711,0.023897406776452773,0.030901003217868636,0.0019875070982396364,0.2961779422276416,0,0,0.9657252536331231,0.010665460754263887,0.15848909329676084,0.15848909329676084,0.0014020986430065532,0.09760727583865729,45.102511485451764,-0.45854220010209296,-0.45854220010209296,0.6447518033253429,5.574851410183608,6.820341573554102,6.820341573554101,0.16636695503921822,1.8040422946836108,0.6433719983839141,0.5650192829595772,10.84375376262875,-0.018036711005918776,0.01117950835534436,0.8173859549498391,1.0,0.024795201872440022,0.19443631039531478,0.18716206698523116,0.052401018108126966,0.0,7.471020761245675,3.540581929555896,0.019625192771681593,1.9625192771681594,5.1481192749951274,0.15908205028259598,81.13574351978171,42.27392321184954,44.66234652114598,35.81611771584487,44.5132527772364,4.208000389787566,0.0,4.208000389787566,0.983433734939759,1,0.6447518033253429,2.798041487250076,0.2394578313253012,117.15235387045814,0.5632430325472617,Financial Services
2020-06-30,WFC,2020,Q2,USD,0.4331172366011778,-0.2869797594892859,-0.18849903498787549,-0.2869797594892859,-0.2869797594892859,-0.1879546691740486,-0.1903300836343841,-0.20586925322907904,0.3724929951334611,0,0,0.9397293400920802,0.010263789602217835,0.22582783384151764,0.22582783384151764,-0.0010376575774720962,0.16975597453366142,-6.831825273010921,0.001019675413882227,0.001019675413882227,0.585891875620171,5.2012075023506705,6.520305229852968,6.520305229852969,0.14801454311990353,1.624463447537712,0.6189697361042669,0.5628005371587617,10.975025921755321,-0.016182889799461746,0.010423867740589968,0.7976938684614242,1.0,-0.028971573246162226,-3.0187402394586154,0.266495825411259,0.05531457828596528,0.0,6.724655819774719,-0.6232449297971919,0.02280667701863354,2.280667701863354,4.921933990987699,-0.9367921081476068,71.44732675678968,71.84557301181341,43.87334064060407,35.362805991962006,43.6940689319206,3.926196565582755,0.0,3.926196565582755,0.6632177961717538,1,0.585891875620171,2.7726335099257096,0.3450594930160372,-35.18083486479391,0.5838509316770186,Financial Services
2020-09-30,WFC,2020,Q3,USD,0.8939174860227492,0.15991902834008098,0.2697609408135724,0.15991902834008098,0.15991902834008098,0.16391941391941392,0.1550028918449971,0.13982070561017929,0.3681791563891896,0,0,0.9893662677030185,0.010793769703780005,0.22546683347565052,0.22546683347565052,0.0031577047997112958,0.1633470354998643,7.536577891791046,-0.04325340355288774,-0.04325340355288774,0.5351268566508255,4.6727654713707345,-11.304866837686568,-11.304866837686568,0.1409490068774646,1.495449101135379,0.5992705282808533,0.5435114542284395,10.609859084962991,-0.017529274598266337,-0.005676800974376286,-0.4133410449199923,1.0,0.10025416548997458,2.3170391061452515,-0.15529479936259596,-0.031653348589144994,0.0,-13.093129770992366,0.20366915422885573,0.0067560223337801385,0.6756022333780138,5.03128182744071,0.7798632329404918,66.04757747708425,68.93205296086134,44.14181095106455,35.795382899267665,43.93350792957951,-2.0796352878413114,0.0,-2.0796352878413114,0.969258589511754,1,0.5351268566508255,2.7945693297751477,-0.025015069318866788,21.639367160979095,0.15883408506717106,Financial Services
2020-12-31,WFC,2020,Q4,USD,0.9390528554385601,0.1712744436952124,0.29016027802271904,0.1712744436952124,0.1712744436952124,0.16567249338658643,0.15519477151304528,0.13704030292027594,0.32774037807697537,0,0,0.9362373737373737,0.009871929647587627,0.3536540637559015,0.3536540637559015,0.0029900424343834507,0.17207850481876,10.43388770053476,0.340840331550802,0.340840331550802,0.6761575048732944,6.477139270709062,-5.48529620030749,-5.48529620030749,0.1392531456886668,1.4725416937405242,0.59555788178149,0.5355154149123998,10.57456681828027,-0.017817872123334168,-0.014804193166595134,-1.1808185071839825,1.0,0.09113865169285976,2.7631799163179918,-0.3858539975253818,-0.08371054866905192,0.0,-29.260925449871465,0.2600267379679144,0.006230341590570012,0.6230341590570012,4.659464423820572,0.7231245166279969,66.01508120649652,117.21867749419954,44.88399071925754,36.62872196442382,44.63457076566125,-5.501981825212684,0.0,-5.501981825212684,0.9061175045427013,1,0.6761575048732944,2.1775844674156657,0.03270745003028468,23.63420951018949,0.18803170920340295,Financial Services
2021-03-31,WFC,2021,Q1,USD,0.9903894790085989,0.2828022255943349,0.3915528578654527,0.2828022255943349,0.2828022255943349,0.2372281234193222,0.23449671219018714,0.21527567020738492,0.41091619554373127,0,0,0.9887471867966992,0.010089087098369365,0.23946042888757643,0.23946042888757643,0.0038313116285897376,0.18228961704513738,8.725226003019845,0.1361986498032366,0.1361986498032366,0.8642362967236056,8.184147243297927,-46.62841239193084,-46.62841239193084,0.12361657794700091,1.2938499503252892,0.5640516940272442,0.49472917172698566,10.466637823286222,-0.018053104618060867,-0.0022060417571281533,-0.17551846231664137,1.0,0.1137005884504139,4.516155088852988,-0.05889341479972845,-0.01432510981208098,0.0,-5.265553869499241,0.1421484037963762,0.004072914665682525,0.4072914665682525,4.773863279646488,1.1194552435225653,58.79071789051747,79.33450848767295,45.48040470383696,36.92512013135972,45.20754352498008,-0.83790114215343,0.0,-0.83790114215343,0.8291897692720444,1,0.8642362967236056,1.4971020717717898,0.16115185118941155,15.15302816173621,0.15912877598821626,Financial Services
2021-06-30,WFC,2021,Q2,USD,1.0173415867315598,0.3869489202854038,0.48254028256863396,0.3869489202854038,0.3869489202854038,0.31866937579738225,0.2854037707319378,0.2713698435949535,0.47919119644959696,0,0,1.0813448469674518,0.0108751508225094,0.22024916242264198,0.22024916242264198,0.004599887384624864,0.17590279354985236,7.731917798013244,0.23877981435040901,0.23877981435040901,0.9766871307421233,8.826873978169447,-23.17081791118829,-23.17081791118829,0.1157715637647765,1.1779182482667754,0.5408459427731885,0.4843550326487256,10.174504083403917,-0.01755055955210952,-0.005172385032803777,-0.3809478807352455,1.0,0.18842417469050893,9.170212765957446,-0.17666264928234907,-0.03578482939842249,0.0,-10.538562091503268,0.12665562913907286,0.0040952203724804745,0.40952203724804753,5.1309217863550405,1.464384425156379,54.83780245357126,72.52339620811715,46.82320709887019,38.461184114823254,46.37104204044029,-1.9546137807302526,0.0,-1.9546137807302526,0.7375747954573207,1,0.9766871307421233,1.206034369851632,0.17645622176089876,13.505790638464552,0.1854725306696407,Financial Services
2021-09-30,WFC,2021,Q3,USD,1.0237866288779796,0.35052381193380233,0.4475428918467534,0.35052381193380233,0.35052381193380233,0.27354623209676604,0.2592236449213017,0.2422693456146566,0.5165076460593386,0,0,1.0291145833333333,0.010107417204247172,0.20214097861792385,0.20214097861792385,0.003990747407629987,0.16795245460591282,9.188446065989847,-0.6081876205583758,-0.6081876205583758,0.9958994593393571,9.527449921554734,-39.137813513513514,-39.13781351351351,0.10484520699513684,1.0842943902490636,0.5202213254143506,0.4630038919348882,10.341859407071968,-0.015920131041556384,-0.0030292114225831807,-0.2434333721342173,1.0,0.17065610068756557,7.4875675675675675,-0.11457837065269176,-0.02346776475639387,0.0,-4.598470363288719,0.20421710269426005,0.005556355808904133,0.5556355808904132,4.871188028498878,1.2627271158444888,50.7573404333999,69.69874023124522,47.10475063481498,38.573330374972265,46.60108966299337,-1.1858097280773119,0.0,-1.1858097280773119,0.7395321975166042,1,0.9958994593393571,1.0887588903485743,0.2196072769275195,14.308253194617212,0.2578704730912408,Financial Services
2021-12-31,WFC,2021,Q4,USD,0.9812571954869905,0.3734745567580014,0.45636656688924704,0.3734745567580014,0.3734745567580014,0.2946810960165784,0.2647939212525904,0.2518996085655077,0.5524742399185855,0,0,1.1701153141502316,0.011146941482535517,0.283893579033218,0.283893579033218,0.004294755619872602,0.1475143984456921,8.193315130434783,0.46038627875776406,0.46038627875776406,1.0044787906570152,8.67816016578402,39.12108117085323,39.12108117085322,0.10014948143493964,1.0399347568841082,0.5097882436556712,0.4613186933089078,10.383825677217146,-0.018065994332693833,0.0030336714225884767,0.22182822933456137,1.0,0.23247703300442327,9.441210710128056,0.13999244383736814,0.024690155716614214,0.0,4.1633535004321525,0.20121739130434782,0.006139681804649144,0.6139681804649144,5.528821672268052,1.4639983705061614,49.8923006416132,104.76474182706997,48.40360525511763,39.85385477136165,47.76606579081373,1.2264487218657705,0.0,1.2264487218657705,0.7090012330456227,1,1.0044787906570152,1.03515990405922,0.21097410604192354,15.067028052472251,0.2945819329870659,Financial Services
2022-03-31,WFC,2022,Q1,USD,0.9907427226027398,0.2495719178082192,0.3454088184931507,0.2495719178082192,0.2495719178082192,0.20965325342465754,0.2026969178082192,0.187767551369863,0.42999470789903593,0,0,1.0214812790379886,0.009634434855950042,0.15584601908904192,0.15584601908904192,0.0031734565022013403,0.12704318694373967,12.252844904963041,-0.34062908835797256,-0.34062908835797256,1.0357732575330696,9.934455586472604,932.9402311557789,932.9402311557789,0.09637424995192578,1.0429305467995962,0.5105070989483343,0.4610529797341993,10.821672254983458,-0.015079589862268022,0.00012522149732189603,0.010648544520547944,1.0,0.16518619252915134,4.858333333333333,0.005922442784440939,0.0010645240668028973,0.0,0.16893039049235994,0.3109820485744456,0.006345098852277189,0.6345098852277189,4.877972383910627,0.9887499673722951,49.0454438672966,53.30244577275456,47.4247605126465,38.255070345331625,46.78630158440135,0.0519433061000757,0.0,0.0519433061000757,0.8121783876500858,1,1.0357732575330696,1.006910092739383,0.15994854202401373,26.444323160340822,0.3074834903813526,Financial Services
2022-06-30,WFC,2022,Q2,USD,0.8946624633112295,0.1955647352973149,0.291879552125231,0.1955647352973149,0.1955647352973149,0.16175671268616154,0.17077943254701597,0.15561474073268833,0.3733511912009416,0,0,1.0094924554183813,0.009780229243725354,0.13642503699743788,0.13642503699743788,0.0028882962872403017,0.10114154209232736,11.823929503500954,-0.7516640898654176,-0.7516640898654176,0.8370499177613051,8.077135884335254,19.58396758039009,19.58396758039009,0.09960226288073946,1.0553928305882883,0.5134749984927295,0.45845166446527547,10.596072820674582,-0.013801199859722559,0.004946899712495681,0.4124361343624307,1.0,0.12353966643249291,2.649484536082474,0.20466621712744437,0.04049827610132041,0.0,5.909657320872274,0.4086569064290261,0.008640463102981683,0.8640463102981684,4.849491275238547,0.828193368126944,49.74537403131425,42.16959249301492,47.39126996678792,37.96931836153725,46.79529759080605,2.0001054351837206,0.0,2.0001054351837206,0.8732629238465814,1,0.8370499177613051,1.260848138437123,0.17287381878821567,33.67395642458101,0.33844693974379253,Financial Services
2022-09-30,WFC,2022,Q3,USD,0.855204444039705,0.20380657499317,0.28075767234313814,0.20380657499317,0.20380657499317,0.16228030234040616,0.16355523176395592,0.15085147072215646,0.47542970948608043,0,0,1.2074330639397437,0.01169594380493624,0.1426545418170427,0.1426545418170427,0.0031082728783477782,0.10888607221735228,10.627451976614699,0.7245989984055474,0.7245989984055474,0.8666558638734542,6.952701484382114,12.70765895472703,12.70765895472703,0.1090637972674671,1.1623540629664735,0.537541045138497,0.4702691813915172,10.657560914699555,-0.016717756736162864,0.007907739528957753,0.5471268554776432,1.0,0.10347000669581315,1.8681135225375627,0.24835682691910216,0.05867359395294784,0.0,8.86789667896679,0.3772271714922049,0.008873885582411449,0.8873885582411448,5.784801791123403,0.9461345976557356,54.57394969050441,44.92901356512577,46.993019886737784,37.41419728697485,46.40827077571447,3.1650204135387856,0.0,3.1650204135387856,0.8025022341376229,1,0.8666558638734542,1.3411944826305313,0.2037533512064343,31.1440528705806,0.35690767812458846,Financial Services
2022-12-31,WFC,2022,Q4,USD,0.7786427976686094,0.10412156536219817,0.16985845129059118,0.10412156536219817,0.10412156536219817,0.10940882597835137,0.11923397169025812,0.10761865112406328,0.5414421928183396,0,0,1.3361517494576403,0.012769667520813176,0.21082100218988875,0.21082100218988875,0.0026153647824620455,0.10580938793473679,13.69569404678771,-0.6543498266798574,-0.6543498266798574,0.8705569698213919,6.531967985012489,21.656020841959972,21.656020841959972,0.12015555390160658,1.2540573831889783,0.5563555713097119,0.49242554389917625,10.436948958813053,-0.019294497734583377,0.004816558590493463,0.30162364696086597,1.0,0.0757949734258175,0.5736238532110092,0.14165607586274317,0.03205539455345884,0.0,4.908536585365853,0.5153631284916201,0.009407393424732959,0.9407393424732958,6.321218979446828,0.7537040448432853,60.62659543672202,71.77846785441722,47.95205136977289,38.56943603779047,47.42940603700097,1.9066291218189952,0.0,1.9066291218189952,1.145141943222711,1,0.8705569698213919,1.440382833493005,-0.0507796881247501,54.84212524509804,0.38843127450722387,Financial Services
2023-03-31,WFC,2023,Q1,USD,0.7298216755766571,0.2185502261766795,0.27657108676959885,0.2185502261766795,0.2185502261766795,0.18243672660660212,0.18658641444539983,0.1761935025608434,0.5266899009589068,0,0,1.5001402052605013,0.014179919423240034,0.14693912085863656,0.14693912085863656,0.0038416374076727065,0.107373198476749,7.088044880785414,0.08606911640953718,0.08606911640953718,0.7810746268656718,5.290131518935287,19.10690359168242,19.10690359168242,0.13489874893977946,1.4046244369866643,0.5841346429743757,0.48914091711454627,10.412434867084695,-0.021592696471621493,0.004895502892947395,0.2768701633705933,1.0,0.0739080974869868,0.9710963455149502,0.0914241979088227,0.02910328404192193,0.0,5.4576271186440675,0.271889400921659,0.009589717809868446,0.9589717809868447,7.065986897717667,1.3184171597633136,68.81154902789518,45.30457523245985,48.39919695688926,39.08442519019442,47.857142857142854,1.956360946745562,0.0,1.956360946745562,0.8537461512145057,1,0.7810746268656718,1.7983229625870694,0.16524119055764624,31.568360097323602,0.3584636517328825,Financial Services
2023-06-30,WFC,2023,Q2,USD,0.6673758865248227,0.2068439716312057,0.2645744680851064,0.2068439716312057,0.2068439716312057,0.17386524822695035,0.1751063829787234,0.1652127659574468,0.541609848848599,0,0,1.6058311030123569,0.015029419288820671,0.14575735286775987,0.14575735286775987,0.003875191221741676,0.10339644745907123,7.994721142162819,4.956727108140952,4.956727108140952,0.8763574873328857,5.599706808510638,-209.1546119205298,-209.15461192052982,0.1358440990875757,1.4145379069986848,0.585842078891601,0.48637632082275106,10.412950702310326,-0.021912630766732274,-0.0005025610644975554,-0.02677304964539007,1.0,0.07104936794238594,0.7607930089996087,-0.008960892528633316,-0.0029620969292274615,0.0,-0.5210489993098689,0.2934386391251519,0.009176012330736769,0.9176012330736769,7.62182761696262,1.3346306656936675,70.96245844482283,45.110678666991,49.177545339063215,39.80837319927566,48.701586529365656,-0.20405956917754534,0.0,-0.20405956917754534,0.8465626607234699,1,0.8763574873328857,1.6141105969251226,0.1594376821532659,34.508206942769064,0.3916322062758453,Financial Services
2023-09-30,WFC,2023,Q3,USD,0.6587368068353158,0.2193667280951583,0.27287652873178087,0.2193667280951583,0.2193667280951583,0.19219299715195176,0.19323169710169208,0.18261015245434747,0.5849896115096632,0,0,1.695449639266034,0.015631702527836685,0.1885673884458071,0.1885673884458071,0.004264318241831549,0.1439787496943947,6.4630643315415295,0.35406352424966636,0.35406352424966636,0.8250005146224718,4.995475557044731,9.615605804579168,9.615605804579168,0.14841606254985568,1.5680214702708686,0.6105951560075848,0.5125691166554281,10.565038873364136,-0.02376812125126476,0.010245211082404403,0.5195175071201206,1.0,0.07166871909145996,0.7284156653315532,0.166130933247616,0.0547174139360895,0.0,10.24108322324967,0.26252817756199065,0.010154942148756783,1.0154942148756783,8.179401447051085,1.5805196228897171,80.12305415479062,64.22878754659067,49.98163779872835,40.435485639114226,49.527241832931374,4.249342249506687,0.0,4.249342249506687,0.8808614632656179,1,0.8250005146224718,1.9006308995921175,0.12387352986100504,26.345649312377212,0.41493093619820215,Financial Services
2023-12-31,WFC,2023,Q4,USD,0.6284292542395076,0.11163491128134617,0.16054475217704445,0.11163491128134617,0.11163491128134617,0.11490866234531526,0.11281346166437504,0.10345053362142342,0.5685727049363413,0,0,1.6750383856108795,0.01580673004675886,0.2875780876571078,0.2875780876571078,0.002830905001361012,0.16385560310886269,12.929534097504352,-0.31072590008518525,-0.31072590008518525,0.9595428863703664,5.834501996988149,9.791270080210966,9.791270080210966,0.15376554747607724,1.5998438635690635,0.6153615168923257,0.5277571547708643,10.404436428244543,-0.02703891723945632,0.012572768993156192,0.5958881686636548,1.0,0.0502273480080701,0.33869686134286847,0.20324032202235398,0.061255876720949565,0.0,11.3055900621118,0.4672083575159605,0.009033743095316573,0.9033743095316572,8.436024192880224,0.9516970918832335,84.84492805656052,100.14416305338452,51.76696401447154,42.46458062912536,51.29525808500649,5.026927007097683,0.0,5.026927007097683,1.010557184750733,1,0.9595428863703664,1.6671913157920637,-0.02932551319648094,48.562132544861335,0.4446408351514817,Financial Services
2024-03-31,WFC,2024,Q1,USD,0.6330219850044478,0.17750031770237643,0.2352903799720422,0.17750031770237643,0.17750031770237643,0.14687380861608845,0.14674672766552294,0.1370250349472614,0.5635810205908683,0,0,1.7120478651074245,0.01606612653529357,0.308566568889014,0.308566568889014,0.0036240225749924427,0.18070905217332445,11.100744804070146,0.2840484699865008,0.2840484699865008,1.133491547061782,6.515991898589402,-16.915246268041237,-16.915246268041237,0.1514828091527308,1.6401739774404094,0.621237081895081,0.5092498921908182,10.827459476188634,-0.03051292068443711,-0.008125798757640764,-0.3852141314017029,1.0,0.053850719319217234,0.5264298501837369,-0.11122424642706441,-0.04085545424526077,0.0,-8.225915875169607,0.319116691924659,0.007186830648688844,0.7186830648688843,8.841324681890958,1.2974354652959186,86.34336114154097,113.64315609112104,51.31148001460633,41.92382236454032,50.82525771747984,-3.4058032077750626,0.0,-3.4058032077750626,0.826740647932701,1,1.133491547061782,1.4470103298891301,0.1725434043314838,31.356786524439645,0.4140333136709643,Financial Services
2024-06-30,WFC,2024,Q2,USD,0.6146287519747236,0.19462875197472354,0.2569352290679305,0.19462875197472354,0.19462875197472354,0.15510268562401264,0.1551342812006319,0.14660347551342812,0.7120199770533846,0,0,1.6769988872993165,0.016313819119177474,0.2847188171840229,0.2847188171840229,0.003905955134299133,0.15627306819835013,10.63811084521385,0.9194367230506252,0.9194367230506252,1.1842231876664966,6.601342717219589,101.9182912195122,101.9182912195122,0.1535870042003574,1.6888851102420224,0.6280986509274874,0.5038052007222288,10.996276143513008,-0.030233153494627765,0.0013807242808110307,0.06477093206951026,1.0,0.05301436881235795,0.5619925189307545,0.017250955113856305,0.006879887236970165,0.0,1.3346354166666667,0.3128309572301426,0.00735165674107652,0.7351656741076521,9.178435750949744,1.4238900327697706,89.58936287445988,109.7001420990053,51.66255836209147,42.03491575558971,51.164341849607055,0.5944958385291303,0.0,0.5944958385291303,0.797077922077922,1,1.1842231876664966,1.4261544004808404,0.2030844155844156,33.80220081160846,0.4454368819418264,Financial Services
2024-09-30,WFC,2024,Q3,USD,0.6093641472501105,0.19681757908694827,0.2531098061501547,0.19681757908694827,0.19681757908694827,0.1632253583380691,0.16145734671970702,0.15318557807665592,0.6080046069680392,0,0,1.669073088475523,0.016478636925278012,0.27528702601365684,0.27528702601365684,0.0039703784552999975,0.12695239268169192,9.347250293312475,1.5773484869964838,1.5773484869964838,1.0433380732818596,6.036728925932942,45.46061626248217,45.46061626248217,0.15290836964297327,1.603737756800262,0.6159367442484293,0.4982889837932545,10.488227430223992,-0.029864298190406823,0.0028777864444353217,0.13279030119340784,1.0,0.05643577214655606,0.5512911213300319,0.03758914687114591,0.014310551905521777,0.0,2.6452830188679246,0.31091122409073135,0.008315579831888473,0.8315579831888472,9.357716851808084,1.5108721342472229,90.17283148191916,103.47671945166627,54.65935948948239,45.0085677144883,54.14352398960057,1.2426140392342235,0.0,1.2426140392342235,0.8203400705806866,1,1.0433380732818596,1.5371218571135277,0.17067693294834776,37.36688936010977,0.4697471047033798,Financial Services
2024-12-31,WFC,2024,Q4,USD,0.6302251854757003,0.17593228094257607,0.2407752394025558,0.17593228094257607,0.17593228094257607,0.172010327809916,0.16599666633983723,0.15691080824917475,0.7223769949948059,0,0,1.574486697885041,0.01585464117584573,0.27408973328560526,0.27408973328560526,0.004038817940974817,0.13734947082621352,11.453586926560346,8.189314652490665,8.189314652490665,1.2990792317999105,7.605028989770238,26.133318957771785,26.133318957771785,0.1460656166686962,1.573715944618133,0.6114567335641339,0.49139933329926005,10.774034167038856,-0.02867590102470165,0.006013737581132101,0.2910089224433768,1.0,0.0608863684099979,0.5267638712202759,0.08183372240501444,0.031587461508989514,0.0,5.455882352941177,0.32132309509746015,0.007013590964074462,0.7013590964074462,9.235993721323352,1.5331441680753441,88.1740521613137,109.71504467519922,54.656483941077035,44.71142236174837,54.06906544312968,2.6877565805361026,0.0,2.6877565805361026,0.9435259149173324,1,1.2990792317999105,1.2113399864348902,0.02229240200631618,42.244342608931724,0.4926346293165902,Financial Services
2025-03-31,WFC,2025,Q1,USD,0.6486313160292976,0.17976845445033246,0.24248152023492084,0.17976845445033246,0.17976845445033246,0.16214939075842982,0.165187160360482,0.15580382758969857,0.580159398437347,0,0,1.5342033038164777,0.01519091057785143,0.268649966966455,0.268649966966455,0.003820290199473239,0.11825809321853288,12.030032488761751,-4.360886777176126,-4.360886777176126,1.3004578717764648,7.9488276234515824,-21.33731231312857,-21.33731231312857,0.16071077894756272,1.7308299740460544,0.6338109624165362,0.4895278365045807,10.76984372411508,-0.0272693593628835,-0.007350629768552065,-0.3725318121983326,1.0,0.044635319656424616,0.5619328972357037,-0.07896205357142858,-0.035212930231370995,0.0,-7.043395022335673,0.3201879852881079,0.006653930186539854,0.6653930186539854,9.031520546274844,1.4918912327764906,98.4373856846726,107.39909767101572,55.757224728691625,45.92732593586148,55.203633703206926,-3.3645287160102426,0.0,-3.3645287160102426,0.9188884716485167,1,1.3004578717764648,1.3309389036045345,0.09800976342470898,51.69416982182628,0.4776856480916961,Financial Services
2025-06-30,WFC,2025,Q2,USD,0.6511467437734113,0.21153972530722218,0.21153972530722218,0.21153972530722218,0.21153972530722218,0.18144180850364724,0.18052178484589604,0.17132154826838406,0.0,0,0,2.8263372956909363,0.015360862154508045,0.24820468136937446,0.24820468136937446,0.0030550821185387433,0.12727235856918764,11.785762832180561,0.8308962796687284,0.8308962796687284,1.430083893303002,8.51034776894263,0.0,0.0,0.18383773228168412,2.0110981663178933,0.6678952512455464,0.49318031722578554,10.93952879725693,-0.02708382557033861,,,0.0,0.027944354197978815,0.6697877652933832,,,0.0,0.0,0.23536221332362578,0.004992511233150275,0.4992511233150274,9.414421381507719,1.6995081510811396,115.64450768707273,117.37247502088037,56.59479691898413,46.65913941906147,56.024685247625825,,,,0.8533706119913016,1,1.430083893303002,1.4062798523469475,0.14228021124572848,66.58510779745262,0.4,Financial Services
