date,symbol,fiscalYear,period,reportedCurrency,grossProfitMargin,ebitMargin,ebitdaMargin,operatingProfitMargin,pretaxProfitMargin,continuousOperationsProfitMargin,netProfitMargin,bottomLineProfitMargin,receivablesTurnover,payablesTurnover,inventoryTurnover,fixedAssetTurnover,assetTurnover,currentRatio,quickRatio,solvencyRatio,cashRatio,priceToEarningsRatio,priceToEarningsGrowthRatio,forwardPriceToEarningsGrowthRatio,priceToBookRatio,priceToSalesRatio,priceToFreeCashFlowRatio,priceToOperatingCashFlowRatio,debtToAssetsRatio,debtToEquityRatio,debtToCapitalRatio,longTermDebtToCapitalRatio,financialLeverageRatio,workingCapitalTurnoverRatio,operatingCashFlowRatio,operatingCashFlowSalesRatio,freeCashFlowOperatingCashFlowRatio,debtServiceCoverageRatio,interestCoverageRatio,shortTermOperatingCashFlowCoverageRatio,operatingCashFlowCoverageRatio,capitalExpenditureCoverageRatio,dividendPaidAndCapexCoverageRatio,dividendPayoutRatio,dividendYield,dividendYieldPercentage,revenuePerShare,netIncomePerShare,interestDebtPerShare,cashPerShare,bookValuePerShare,tangibleBookValuePerShare,shareholdersEquityPerShare,operatingCashFlowPerShare,capexPerShare,freeCashFlowPerShare,netIncomePerEBT,ebtPerEbit,priceToFairValue,debtToMarketCap,effectiveTaxRate,enterpriseValueMultiple,dividendPerShare,sector
1989-09-30,TECH,1990,Q1,USD,0.5625,0.0625,0.09375,0.0625,0.0,0.03125,0.03125,0.03125,1.28,2.0,0.7777777777777778,3.2,0.49230769230769234,2.619047619047619,1.7619047619047619,0.0625,0.47619047619047616,32.2107696,0.0,0.0,3.9043357090909088,4.0263462,-128.8430784,0.0,0.13846153846153847,0.2727272727272727,0.21428571428571427,0.15384615384615385,1.9696969696969697,0.0,0.0,0.0,0.0,0.6666666666666666,0.0,0.0,0.0,0.0,0.0,0.0,0.0,0.0,0.02522386177323748,0.0007882456804136713,0.007094211123723042,0.007882456804136713,0.026012107453651154,0.026012107453651154,0.026012107453651154,0.0,0.0007882456804136713,-0.0007882456804136713,0.0,0.0,3.9043357090909088,0.06985241358529974,0.0,42.61435946666666,0.0,Healthcare
1989-12-31,TECH,1990,Q2,USD,0.4634146341463415,0.04878048780487805,0.04878048780487805,0.04878048780487805,0.0,0.04878048780487805,0.04878048780487805,0.04878048780487805,1.1388888888888888,2.75,1.375,3.4166666666666665,0.5540540540540541,2.48,1.84,0.05555555555555555,0.32,13.6297668,0.136297668,0.136297668,2.869424589473684,2.6594666926829267,-54.519067199999995,-109.0381344,0.16216216216216217,0.3157894736842105,0.24,0.17391304347826086,1.9473684210526316,1.1549295774647887,-0.04,-0.024390243902439025,2.0,1.0,0.0,-0.25,-0.08333333333333333,-1.0,-1.0,0.0,0.0,0.0,0.032313997477931906,0.0015762925598991173,0.009457755359394703,0.006305170239596469,0.02994955863808323,0.02994955863808323,0.02994955863808323,-0.0007881462799495586,0.0007881462799495586,-0.0015762925598991173,0.0,0.0,2.869424589473684,0.11005324023592246,0.0,56.519067199999995,0.0,Healthcare
1990-03-31,TECH,1990,Q3,USD,0.5121951219512195,0.0975609756097561,0.12195121951219512,0.0975609756097561,0.0975609756097561,0.07317073170731707,0.07317073170731707,0.07317073170731707,1.4642857142857142,2.5,1.1111111111111112,2.9285714285714284,0.5394736842105263,2.652173913043478,1.8695652173913044,0.11428571428571428,0.6086956521739131,9.375,0.16666666666666666,0.16666666666666666,2.7439024390243905,2.7439024390243905,16.071428571428573,12.5,0.15789473684210525,0.2926829268292683,0.22641509433962265,0.18,1.853658536585366,1.0933333333333333,0.391304347826087,0.21951219512195122,0.7777777777777778,1.3333333333333333,0.0,3.0,0.75,4.5,4.5,0.0,0.0,0.0,0.034166666666666665,0.0025,0.01,0.011666666666666667,0.034166666666666665,0.034166666666666665,0.034166666666666665,0.0075,0.0016666666666666668,0.005833333333333334,0.75,1.0,2.7439024390243905,0.10666666666666667,0.25,22.1,0.0,Healthcare
1990-06-30,TECH,1990,Q4,USD,0.5813953488372093,0.16279069767441862,0.18604651162790697,0.16279069767441862,0.13953488372093023,0.09302325581395349,0.09302325581395349,0.09302325581395349,1.3870967741935485,3.0,0.9473684210526315,3.0714285714285716,0.5375,2.8260869565217392,2.0,0.14705882352941177,0.5652173913043478,13.067379000000003,0.5444741250000001,0.5444741250000001,4.5451753043478265,4.862280558139536,69.692688,69.692688,0.1375,0.2391304347826087,0.19298245614035087,0.14814814814814814,1.7391304347826086,1.075,0.13043478260869565,0.06976744186046512,1.0,2.0,0.0,1.0,0.2727272727272727,0.0,0.0,0.0,0.0,0.0,0.0337413684871312,0.003138731952291274,0.008631512868801004,0.010200878844946642,0.03609541745134966,0.03609541745134966,0.03609541745134966,0.0023540489642184556,0.0,0.0023540489642184556,0.6666666666666666,0.8571428571428571,4.5451753043478265,0.05261192776301965,0.3333333333333333,25.884758,0.0,Healthcare
1990-09-30,TECH,1991,Q1,USD,0.525,0.1,0.125,0.1,0.075,0.05,0.05,0.05,1.4814814814814814,2.7142857142857144,0.9047619047619048,2.6666666666666665,0.46511627906976744,2.6923076923076925,1.8846153846153846,0.08333333333333333,0.8076923076923077,22.402359,-0.4629820860000001,-0.4629820860000001,3.58437744,4.4804718,22.402359,17.9218872,0.11627906976744186,0.2,0.16666666666666666,0.12280701754385964,1.72,0.9302325581395349,0.38461538461538464,0.25,0.8,1.3333333333333333,0.0,3.3333333333333335,1.0,5.0,5.0,0.0,0.0,0.0,0.031387319522912745,0.001569365976145637,0.007846829880728186,0.01647834274952919,0.03923414940364093,0.03923414940364093,0.03923414940364093,0.007846829880728186,0.001569365976145637,0.006277463904582548,0.6666666666666666,0.75,3.58437744,0.05579769523379212,0.3333333333333333,33.6437744,0.0,Healthcare
1990-12-31,TECH,1991,Q2,USD,0.5208333333333334,0.08333333333333333,0.10416666666666667,0.08333333333333333,0.0,0.0625,0.0625,0.0625,1.5483870967741935,2.5555555555555554,1.0454545454545454,2.6666666666666665,0.5393258426966292,2.730769230769231,1.8846153846153846,0.1111111111111111,0.5769230769230769,19.531000000000002,0.34721777777777785,0.34721777777777785,4.42211320754717,4.88275,-46.8744,-234.37199999999999,0.11235955056179775,0.18867924528301888,0.15873015873015872,0.1016949152542373,1.679245283018868,1.0786516853932584,-0.038461538461538464,-0.020833333333333332,5.0,1.0,0.0,-0.25,-0.1,-0.25,-0.25,0.0,0.0,0.0,0.04,0.0025,0.008333333333333333,0.0125,0.04416666666666667,0.04416666666666667,0.04416666666666667,-0.0008333333333333334,0.0033333333333333335,-0.004166666666666667,0.0,0.0,4.42211320754717,0.042667212806990595,0.0,45.8744,0.0,Healthcare
1991-03-31,TECH,1991,Q3,USD,0.5555555555555556,0.12962962962962962,0.14814814814814814,0.12962962962962962,0.12962962962962962,0.09259259259259259,0.09259259259259259,0.09259259259259259,1.5,3.0,1.2,3.0,0.5869565217391305,2.740740740740741,2.0,0.17142857142857143,0.5555555555555556,15.625,0.15625,0.15625,5.482456140350877,5.787037037037037,-312.5,312.5,0.11956521739130435,0.19298245614035087,0.16176470588235295,0.09523809523809523,1.6140350877192982,1.173913043478261,0.037037037037037035,0.018518518518518517,-1.0,1.2,0.0,0.2,0.09090909090909091,0.5,0.5,0.0,0.0,0.0,0.054,0.005,0.011,0.015,0.057,0.057,0.057,0.001,0.002,-0.001,0.7142857142857143,1.0,5.482456140350877,0.0352,0.2857142857142857,38.5625,0.0,Healthcare
1991-06-30,TECH,1991,Q4,USD,0.5686274509803921,0.1568627450980392,0.19607843137254902,0.1568627450980392,0.1568627450980392,0.11764705882352941,0.11764705882352941,0.11764705882352941,1.5,2.75,1.0476190476190477,2.8333333333333335,0.53125,3.0,2.1923076923076925,0.24242424242424243,0.7692307692307693,23.3890272,-2.338902719999998,-2.338902719999998,8.9101056,11.006601035294116,80.19095039999999,70.16708159999999,0.08333333333333333,0.12698412698412698,0.11267605633802817,0.07352941176470588,1.5238095238095237,1.0303030303030303,0.3076923076923077,0.1568627450980392,0.875,2.6666666666666665,0.0,2.6666666666666665,1.0,8.0,8.0,0.0,0.0,0.0,0.03832972582972583,0.004509379509379509,0.006012506012506013,0.01503126503126503,0.04734848484848485,0.04734848484848485,0.04734848484848485,0.006012506012506013,0.0007515632515632516,0.005260942760942761,0.75,1.0,8.9101056,0.014251697194714167,0.25,54.93366527999999,0.0,Healthcare
1991-09-30,TECH,1992,Q1,USD,0.5192307692307693,0.057692307692307696,0.09615384615384616,0.057692307692307696,0.0,-0.038461538461538464,-0.038461538461538464,-0.038461538461538464,1.5294117647058822,2.5,0.5952380952380952,2.736842105263158,0.3586206896551724,3.225806451612903,1.8709677419354838,0.0,0.5806451612903226,-100.0514592,0.7503859439999999,0.7503859439999999,9.0955872,15.392532184615385,0.0,800.4116736,0.19310344827586207,0.3181818181818182,0.2413793103448276,0.21428571428571427,1.6477272727272727,0.859504132231405,0.03225806451612903,0.019230769230769232,0.0,0.75,0.0,0.25,0.03571428571428571,1.0,1.0,0.0,0.0,0.0,0.03908128908128908,-0.0015031265031265032,0.021043771043771045,0.013528138528138528,0.06613756613756613,0.046596921596921595,0.06613756613756613,0.0007515632515632516,0.0007515632515632516,0.0,0.0,0.0,9.0955872,0.03498199854340555,0.0,162.08233472,0.0,Healthcare
1991-12-31,TECH,1992,Q2,USD,0.5306122448979592,0.14285714285714285,0.20408163265306123,0.14285714285714285,0.10204081632653061,0.061224489795918366,0.061224489795918366,0.061224489795918366,1.4848484848484849,3.2857142857142856,0.8846153846153846,2.7222222222222223,0.3684210526315789,4.7368421052631575,3.3684210526315788,0.14285714285714285,1.1578947368421053,76.563,-0.28711125,-0.28711125,10.09621978021978,18.750122448979592,0.0,459.378,0.19548872180451127,0.2857142857142857,0.2222222222222222,0.20869565217391303,1.4615384615384615,0.7,0.10526315789473684,0.04081632653061224,0.0,4.0,0.0,1.0,0.07692307692307693,1.0,1.0,0.0,0.0,0.0,0.04083333333333333,0.0025,0.021666666666666667,0.018333333333333333,0.07583333333333334,0.055,0.07583333333333334,0.0016666666666666668,0.0016666666666666668,0.0,0.6,0.7142857142857143,10.09621978021978,0.028299134917214145,0.4,92.2756,0.0,Healthcare
1992-03-31,TECH,1992,Q3,USD,0.576271186440678,0.2033898305084746,0.2542372881355932,0.2033898305084746,0.1864406779661017,0.11864406779661017,0.11864406779661017,0.11864406779661017,1.903225806451613,6.25,1.1363636363636365,3.1052631578947367,0.4097222222222222,4.857142857142857,3.8095238095238093,0.2,1.8571428571428572,29.6875,0.296875,0.296875,8.396464646464647,14.088983050847459,51.953125,46.18055555555556,0.1736111111111111,0.25252525252525254,0.20161290322580644,0.1885245901639344,1.4545454545454546,0.7763157894736842,0.8571428571428571,0.3050847457627119,0.8888888888888888,5.5,0.0,9.0,0.72,9.0,9.0,0.0,0.0,0.0,0.04214285714285714,0.005,0.017857142857142856,0.027857142857142858,0.07071428571428572,0.05357142857142857,0.07071428571428572,0.012857142857142857,0.0014285714285714286,0.011428571428571429,0.6363636363636364,0.9166666666666666,8.396464646464647,0.03007518796992481,0.36363636363636365,54.483333333333334,0.0,Healthcare
1992-06-30,TECH,1992,Q4,USD,0.6825396825396826,0.3333333333333333,0.38095238095238093,0.3333333333333333,0.25396825396825395,0.1746031746031746,0.1746031746031746,0.1746031746031746,1.96875,5.0,0.9090909090909091,3.3157894736842106,0.4012738853503185,4.833333333333333,3.9166666666666665,0.3111111111111111,1.875,15.340909090909092,0.18262987012987017,0.18262987012987017,6.026785714285714,10.714285714285714,39.705882352941174,37.5,0.1337579617834395,0.1875,0.15789473684210525,0.15789473684210525,1.4017857142857142,0.7283236994219653,0.75,0.2857142857142857,0.9444444444444444,0.0,0.0,0.0,0.8571428571428571,18.0,18.0,0.0,0.0,0.0,0.0525,0.009166666666666667,0.0175,0.0375,0.09333333333333334,0.075,0.09333333333333334,0.015,0.0008333333333333334,0.014166666666666666,0.6875,0.7619047619047619,6.026785714285714,0.03111111111111111,0.3125,27.125,0.0,Healthcare
1992-09-30,TECH,1993,Q1,USD,0.5873015873015873,0.23809523809523808,0.2857142857142857,0.23809523809523808,0.20634920634920634,0.14285714285714285,0.14285714285714285,0.14285714285714285,1.7027027027027026,5.2,1.2380952380952381,2.52,0.3795180722891566,5.217391304347826,4.304347826086956,0.26666666666666666,1.0869565217391304,26.56266666666667,-1.4375090196078428,-1.4375090196078428,7.9029421487603315,15.178666666666667,-318.752,191.2512,0.12650602409638553,0.17355371900826447,0.14788732394366197,0.14788732394366197,1.371900826446281,0.6666666666666666,0.21739130434782608,0.07936507936507936,-0.6,0.0,0.0,0.0,0.23809523809523808,0.625,0.625,0.0,0.0,0.0,0.0525,0.0075,0.0175,0.020833333333333332,0.10083333333333333,0.08333333333333333,0.10083333333333333,0.004166666666666667,0.006666666666666667,-0.0025,0.6923076923076923,0.8666666666666667,7.9029421487603315,0.02196064652143359,0.3076923076923077,52.90311111111111,0.0,Healthcare
1992-12-31,TECH,1993,Q2,USD,0.5797101449275363,0.21739130434782608,0.2608695652173913,0.21739130434782608,0.21739130434782608,0.14492753623188406,0.14492753623188406,0.14492753623188406,1.864864864864865,4.142857142857143,1.380952380952381,2.3793103448275863,0.3988439306358382,6.888888888888889,5.722222222222222,0.65,1.1666666666666667,35.333333245,0.0,0.0,9.23747274379085,20.483091736231888,471.1111099333334,157.03703664444444,0.005780346820809248,0.006535947712418301,0.006493506493506494,0.006493506493506494,1.130718954248366,0.6798029556650246,0.5,0.13043478260869565,0.3333333333333333,0.0,0.0,0.0,9.0,1.5,1.5,0.0,0.0,0.0,0.051750000129375,0.00750000001875,0.000750000001875,0.015750000039375,0.114750000286875,0.10050000025125,0.114750000286875,0.0067500000168750005,0.00450000001125,0.002250000005625,0.6666666666666666,1.0,9.23747274379085,0.0007075471715801886,0.3333333333333333,77.40740721111112,0.0,Healthcare
1993-03-31,TECH,1993,Q3,USD,0.5897435897435898,0.2564102564102564,0.2948717948717949,0.2564102564102564,0.23076923076923078,0.15384615384615385,0.15384615384615385,0.15384615384615385,1.6956521739130435,5.333333333333333,1.8823529411764706,2.1666666666666665,0.4105263157894737,5.666666666666667,4.958333333333333,0.6,1.0416666666666667,23.4375,0.7031249999999997,0.7031249999999997,6.8181818181818175,14.423076923076923,225.0,80.35714285714285,0.0,0.0,0.0,0.0,1.1515151515151516,0.7155963302752294,0.5833333333333334,0.1794871794871795,0.35714285714285715,0.0,0.0,0.0,0.0,1.5555555555555556,1.5555555555555556,0.0,0.0,0.0,0.065,0.01,0.0,0.020833333333333332,0.1375,0.1225,0.1375,0.011666666666666667,0.0075,0.004166666666666667,0.6666666666666666,0.9,6.8181818181818175,0.0,0.3333333333333333,47.82608695652174,0.0,Healthcare
1993-06-30,TECH,1993,Q4,USD,0.5714285714285714,0.23376623376623376,0.2857142857142857,0.23376623376623376,0.23376623376623376,0.15584415584415584,0.15584415584415584,0.15584415584415584,1.6041666666666667,5.5,1.9411764705882353,2.081081081081081,0.37745098039215685,6.25,5.541666666666667,0.6153846153846154,1.6666666666666667,28.168555811633333,-1.5649197673129636,-1.5649197673129636,7.5960150503280905,17.559619207251952,96.57790563988573,79.53474582108235,0.0,0.0,0.0,0.0,1.146067415730337,0.6470588235294118,0.7083333333333334,0.22077922077922077,0.8235294117647058,0.0,0.0,0.0,0.0,5.666666666666667,5.666666666666667,0.0,0.0,0.0,0.05249999952272728,0.008181818107438017,0.0,0.02727272702479339,0.12136363526033059,0.1097727262747934,0.12136363526033059,0.01159090898553719,0.0020454545268595043,0.009545454458677686,0.6666666666666666,1.0,7.5960150503280905,0.0,0.3333333333333333,59.64048540720001,0.0,Healthcare
1993-09-30,TECH,1994,Q1,USD,0.5851063829787234,0.1702127659574468,0.2127659574468085,0.1702127659574468,0.1702127659574468,0.11702127659574468,0.11702127659574468,0.11702127659574468,1.6206896551724137,2.6,1.56,2.0434782608695654,0.41409691629955947,4.527777777777778,3.8333333333333335,0.39473684210526316,0.9444444444444444,31.77100007220682,-3.7217457227442243,-3.7217457227442243,7.396423297233334,14.871531948692555,127.08400028882728,82.2308237163,0.0,0.0,0.0,0.0,1.2010582010582012,0.7430830039525692,0.4722222222222222,0.18085106382978725,0.6470588235294118,0.0,0.0,0.0,0.0,2.8333333333333335,2.8333333333333335,0.0,0.0,0.0,0.06409090894524794,0.007499999982954545,0.0,0.023181818129132233,0.12886363607076445,0.11795454518646695,0.12886363607076445,0.011590909064566116,0.00409090908161157,0.007499999982954545,0.6875,1.0,7.396423297233334,0.0,0.3125,68.196200158855,0.0,Healthcare
1993-12-31,TECH,1994,Q2,USD,0.6222222222222222,0.14444444444444443,0.2,0.14444444444444443,0.13333333333333333,0.08888888888888889,0.08888888888888889,0.08888888888888889,1.6363636363636365,3.4,1.3076923076923077,1.9148936170212767,0.391304347826087,5.354838709677419,4.516129032258065,0.3939393939393939,1.096774193548387,22.91666673828125,0.0,0.0,3.722504241751269,8.14814817361111,366.6666678125,104.76190508928572,0.0,0.0,0.0,0.0,1.16751269035533,0.6870229007633588,0.22580645161290322,0.07777777777777778,0.2857142857142857,0.0,0.0,0.0,0.0,1.4,1.4,0.0,0.0,0.0,0.08437499973632813,0.0074999999765625,0.0,0.031874999900390624,0.18468749942285156,0.1715624994638672,0.18468749942285156,0.006562499979492187,0.004687499985351563,0.001874999994140625,0.6666666666666666,0.9230769230769231,3.722504241751269,0.0,0.3333333333333333,38.85185197916667,0.0,Healthcare
1994-03-31,TECH,1994,Q3,USD,0.6272727272727273,0.19090909090909092,0.23636363636363636,0.19090909090909092,0.19090909090909092,0.13636363636363635,0.13636363636363635,0.13636363636363635,1.6923076923076923,2.7333333333333334,1.64,2.5,0.4330708661417323,4.948717948717949,4.3076923076923075,0.47619047619047616,1.3076923076923077,17.96875,0.5390624999999998,0.5390624999999998,5.085495283018868,9.801136363636363,51.339285714285715,51.339285714285715,0.0,0.0,0.0,0.0,1.1981132075471699,0.7612456747404844,0.5384615384615384,0.19090909090909092,1.0,0.0,0.0,0.0,0.0,0.0,0.0,0.0,0.0,0.0,0.07333333333333333,0.01,0.0,0.034,0.14133333333333334,0.13266666666666665,0.14133333333333334,0.014,0.0,0.014,0.7142857142857143,1.0,5.085495283018868,0.0,0.2857142857142857,39.50480769230769,0.0,Healthcare
1994-06-30,TECH,1994,Q4,USD,0.6422018348623854,0.22935779816513763,0.26605504587155965,0.22935779816513763,0.21100917431192662,0.1559633027522936,0.1559633027522936,0.1559633027522936,1.6515151515151516,2.0526315789473686,1.56,2.477272727272727,0.40671641791044777,5.805555555555555,5.111111111111111,0.5526315789473685,1.6388888888888888,13.511029411764707,0.6433823529411766,0.6433823529411766,3.994565217391304,8.428899082568808,57.421875,51.041666666666664,0.0,0.0,0.0,0.0,1.1652173913043478,0.6666666666666666,0.5,0.1651376146788991,0.8888888888888888,0.0,0.0,0.0,0.0,9.0,9.0,0.0,0.0,0.0,0.07785714285714286,0.012142857142857143,0.0,0.04214285714285714,0.16428571428571428,0.15642857142857142,0.16428571428571428,0.012857142857142857,0.0014285714285714286,0.011428571428571429,0.7391304347826086,0.92,3.994565217391304,0.0,0.2608695652173913,29.646551724137932,0.0,Healthcare
1994-09-30,TECH,1995,Q1,USD,0.6272727272727273,0.19090909090909092,0.22727272727272727,0.19090909090909092,0.18181818181818182,0.12727272727272726,0.12727272727272726,0.12727272727272726,1.5942028985507246,2.9285714285714284,1.7826086956521738,2.619047619047619,0.3873239436619718,6.162162162162162,5.54054054054054,0.46153846153846156,1.6216216216216217,15.625,-0.9002976190476192,-0.9002976190476192,3.5714285714285716,7.954545454545454,51.470588235294116,46.05263157894737,0.0,0.0,0.0,0.0,1.1591836734693877,0.6043956043956044,0.5135135135135135,0.17272727272727273,0.8947368421052632,0.0,0.0,0.0,0.0,9.5,9.5,0.0,0.0,0.0,0.07857142857142857,0.01,0.0,0.04285714285714286,0.175,0.16785714285714284,0.175,0.013571428571428571,0.0014285714285714286,0.012142857142857143,0.7,0.9523809523809523,3.5714285714285716,0.0,0.3,32.6,0.0,Healthcare
1994-12-31,TECH,1995,Q2,USD,0.6491228070175439,0.17543859649122806,0.21052631578947367,0.17543859649122806,0.17543859649122806,0.12280701754385964,0.12280701754385964,0.12280701754385964,1.6764705882352942,3.6363636363636362,1.5384615384615385,2.7142857142857144,0.3917525773195876,8.392857142857142,7.464285714285714,0.5625,1.6071428571428572,16.01575,0.0,0.0,3.462864864864865,7.86738596491228,179.3764,112.11025000000001,0.0,0.0,0.0,0.0,1.1235521235521235,0.5728643216080402,0.2857142857142857,0.07017543859649122,0.625,0.0,0.0,0.0,0.0,2.6666666666666665,2.6666666666666665,0.0,0.0,0.0,0.08142857142857143,0.01,0.0,0.03214285714285714,0.185,0.17785714285714285,0.185,0.005714285714285714,0.002142857142857143,0.0035714285714285713,0.7,1.0,3.462864864864865,0.0,0.3,35.49508333333333,0.0,Healthcare
1995-03-31,TECH,1995,Q3,USD,0.6349206349206349,0.20634920634920634,0.23809523809523808,0.20634920634920634,0.21428571428571427,0.14285714285714285,0.14285714285714285,0.14285714285714285,1.75,3.066666666666667,1.5862068965517242,3.073170731707317,0.39622641509433965,7.5588235294117645,6.705882352941177,0.5641025641025641,1.5294117647058822,16.875,0.675,0.675,4.354838709677419,9.642857142857142,63.94736842105263,57.857142857142854,0.0,0.0,0.0,0.0,1.1397849462365592,0.586046511627907,0.6176470588235294,0.16666666666666666,0.9047619047619048,0.0,0.0,0.0,0.0,10.5,10.5,0.0,0.0,0.0,0.0875,0.0125,0.0,0.03611111111111111,0.19375,0.1875,0.19375,0.014583333333333334,0.001388888888888889,0.013194444444444444,0.6666666666666666,1.0384615384615385,4.354838709677419,0.0,0.3333333333333333,38.766666666666666,0.0,Healthcare
1995-06-30,TECH,1995,Q4,USD,0.6796875,0.21875,0.2578125,0.21875,0.234375,0.1640625,0.1640625,0.1640625,1.7297297297297298,1.8636363636363635,1.2424242424242424,2.9767441860465116,0.375366568914956,6.780487804878049,5.975609756097561,0.5652173913043478,1.2926829268292683,14.464285714285714,0.8609693877551023,0.8609693877551023,4.11864406779661,9.4921875,63.94736842105263,48.599999999999994,0.0,0.0,0.0,0.0,1.1559322033898305,0.5565217391304348,0.6097560975609756,0.1953125,0.76,0.0,0.0,0.0,0.0,4.166666666666667,4.166666666666667,0.0,0.0,0.0,0.08888888888888889,0.014583333333333334,0.0,0.03680555555555556,0.2048611111111111,0.19930555555555557,0.2048611111111111,0.017361111111111112,0.004166666666666667,0.013194444444444444,0.7,1.0714285714285714,4.11864406779661,0.0,0.3,35.21212121212121,0.0,Healthcare
1995-09-30,TECH,1996,Q1,USD,0.6640625,0.1953125,0.2265625,0.1953125,0.203125,0.140625,0.140625,0.140625,1.620253164556962,2.388888888888889,1.2647058823529411,1.8285714285714285,0.3526170798898072,5.829787234042553,5.1063829787234045,0.43137254901960786,1.2765957446808511,23.599999999999998,-1.6407619047619058,-1.6407619047619058,5.4461538461538455,13.275,-188.8,80.91428571428571,0.0,0.0,0.0,0.0,1.1634615384615385,0.5517241379310345,0.44680851063829785,0.1640625,-0.42857142857142855,0.0,0.0,0.0,0.0,0.7,0.7,0.0,0.0,0.0,0.08888888888888889,0.0125,0.0,0.041666666666666664,0.21666666666666667,0.2111111111111111,0.21666666666666667,0.014583333333333334,0.020833333333333332,-0.00625,0.6923076923076923,1.04,5.4461538461538455,0.0,0.3076923076923077,56.52413793103448,0.0,Healthcare
1995-12-31,TECH,1996,Q2,USD,0.664,0.176,0.208,0.176,0.192,0.136,0.136,0.136,1.7123287671232876,2.8,1.2727272727272727,1.6025641025641026,0.33783783783783783,7.2105263157894735,6.342105263157895,0.4883720930232558,1.0789473684210527,25.2,0.0,0.0,5.240366972477064,13.7088,285.6,95.2,0.0,0.0,0.0,0.0,1.1314984709480123,0.5399568034557235,0.47368421052631576,0.144,0.3333333333333333,0.0,0.0,0.0,0.0,1.5,1.5,0.0,0.0,0.0,0.09191176470588236,0.0125,0.0,0.030147058823529412,0.24044117647058824,0.23529411764705882,0.24044117647058824,0.013235294117647059,0.008823529411764706,0.004411764705882353,0.7083333333333334,1.0909090909090908,5.240366972477064,0.0,0.2916666666666667,64.33076923076923,0.0,Healthcare
1996-03-31,TECH,1996,Q3,USD,0.6938775510204082,0.24489795918367346,0.2789115646258503,0.24489795918367346,0.25170068027210885,0.17006802721088435,0.17006802721088435,0.17006802721088435,1.7294117647058824,2.8125,1.3636363636363635,1.6896551724137931,0.36476426799007444,6.818181818181818,6.068181818181818,0.6122448979591837,1.2954545454545454,22.142857165,0.5535714291249998,0.5535714291249998,6.2550443968926555,15.063168139455783,170.3296705,85.16483525,0.0,0.0,0.0,0.0,1.1384180790960452,0.5975609756097561,0.5909090909090909,0.17687074829931973,0.5,0.0,0.0,0.0,0.0,2.0,2.0,0.0,0.0,0.0,0.1028999998971,0.0174999999825,0.0,0.0398999999601,0.2477999997522,0.2428999997571,0.2477999997522,0.0181999999818,0.0090999999909,0.0090999999909,0.6756756756756757,1.0277777777777777,6.2550443968926555,0.0,0.32432432432432434,52.61672479268293,0.0,Healthcare
1996-06-30,TECH,1996,Q4,USD,0.7191780821917808,0.2602739726027397,0.3013698630136986,0.2602739726027397,0.2671232876712329,0.1780821917808219,0.1780821917808219,0.1780821917808219,1.7380952380952381,2.411764705882353,1.1081081081081081,1.6222222222222222,0.32882882882882886,6.66,5.92,0.5818181818181818,1.48,26.653846396153842,23.322115596634784,23.322115596634784,7.125964075064267,18.986301542465753,115.50000105,84.00000076363636,0.0,0.0,0.0,0.0,1.141388174807198,0.5417439703153989,0.66,0.22602739726027396,0.7272727272727273,0.0,0.0,0.0,0.0,3.6666666666666665,3.6666666666666665,0.0,0.0,0.0,0.09954545364049587,0.017727272566115705,0.0,0.050454544995867774,0.2652272703161157,0.2611363612623967,0.2652272703161157,0.022499999795454546,0.006136363580578513,0.016363636214876034,0.6666666666666666,1.0263157894736843,7.125964075064267,0.0,0.3333333333333333,61.31818239090909,0.0,Healthcare
1996-09-30,TECH,1997,Q1,USD,0.6928571428571428,0.21428571428571427,0.25,0.21428571428571427,0.22142857142857142,0.15714285714285714,0.15714285714285714,0.15714285714285714,1.728395061728395,2.263157894736842,1.162162162162162,1.308411214953271,0.31042128603104213,6.36,5.62,0.4909090909090909,1.12,24.333333388636365,-1.595185188810606,-1.595185188810606,5.407407419696969,15.29523813,535.33333455,82.35897454615385,0.0,0.0,0.0,0.0,1.1388888888888888,0.5081669691470054,0.52,0.18571428571428572,0.15384615384615385,0.0,0.0,0.0,0.0,1.1818181818181819,1.1818181818181819,0.0,0.0,0.0,0.0954545452376033,0.01499999996590909,0.0,0.03818181809504132,0.26999999938636365,0.26659090848502065,0.26999999938636365,0.017727272686983472,0.01499999996590909,0.00272727272107438,0.7096774193548387,1.0333333333333334,5.407407419696969,0.0,0.2903225806451613,59.58095252,0.0,Healthcare
1996-12-31,TECH,1997,Q2,USD,0.7222222222222222,0.2222222222222222,0.2638888888888889,0.2222222222222222,0.2361111111111111,0.1597222222222222,0.1597222222222222,0.1597222222222222,1.894736842105263,2.0,0.975609756097561,1.2413793103448276,0.3025210084033613,6.568627450980392,5.764705882352941,0.5087719298245614,1.3725490196078431,27.166666607608693,0.0,0.0,5.9649960093078755,17.35648144375,113.6060603590909,73.5098037617647,0.0,0.0,0.0,0.0,1.136038186157518,0.5217391304347826,0.6666666666666666,0.2361111111111111,0.6470588235294118,0.0,0.0,0.0,0.0,2.8333333333333335,2.8333333333333335,0.0,0.0,0.0,0.09391304368241966,0.015000000032608696,0.0,0.045652174012287335,0.27326087015926276,0.2700000005869565,0.27326087015926276,0.02217391309168242,0.00782608697353497,0.014347826118147448,0.6764705882352942,1.0625,5.9649960093078755,0.0,0.3235294117647059,63.92982441842105,0.0,Healthcare
1997-03-31,TECH,1997,Q3,USD,0.7239263803680982,0.25766871165644173,0.294478527607362,0.25766871165644173,0.26993865030674846,0.18404907975460122,0.18404907975460122,0.18404907975460122,1.7912087912087913,2.5,1.125,1.4173913043478261,0.33539094650205764,8.285714285714286,7.333333333333333,0.7346938775510204,1.2857142857142858,18.125,0.5437499999999997,0.5437499999999997,4.977116704805492,13.343558282208589,310.7142857142857,181.25,0.0,0.0,0.0,0.0,1.1121281464530892,0.5525423728813559,0.2857142857142857,0.0736196319018405,0.5833333333333334,0.0,0.0,0.0,0.0,2.4,2.4,0.0,0.0,0.0,0.10866666666666666,0.02,0.0,0.036,0.29133333333333333,0.2886666666666667,0.29133333333333333,0.008,0.0033333333333333335,0.004666666666666667,0.6818181818181818,1.0476190476190477,4.977116704805492,0.0,0.3181818181818182,44.1875,0.0,Healthcare
1997-06-30,TECH,1997,Q4,USD,0.7407407407407407,0.30864197530864196,0.345679012345679,0.30864197530864196,0.32098765432098764,0.21604938271604937,0.21604938271604937,0.21604938271604937,1.7802197802197801,2.625,1.024390243902439,1.4336283185840708,0.300556586270872,8.122448979591837,7.285714285714286,0.7068965517241379,1.7551020408163265,19.800000179999998,1.0153846246153841,1.0153846246153841,5.762993815384615,17.111111266666665,55.440000504,52.30188726792453,0.0,0.0,0.0,0.0,1.1205821205821205,0.4946564885496183,1.0816326530612246,0.3271604938271605,0.9433962264150944,0.0,0.0,0.0,0.0,17.666666666666668,17.666666666666668,0.0,0.0,0.0,0.11045454445041324,0.023863636146694216,0.0,0.05863636310330579,0.32795454247314054,0.3252272697706612,0.32795454247314054,0.03613636330785124,0.0020454545268595043,0.03409090878099174,0.6730769230769231,1.04,5.762993815384615,0.0,0.3269230769230769,47.96428616428571,0.0,Healthcare
1997-09-30,TECH,1998,Q1,USD,0.7483870967741936,0.2903225806451613,0.32903225806451614,0.2903225806451613,0.3096774193548387,0.2129032258064516,0.2129032258064516,0.2129032258064516,1.7032967032967032,1.8571428571428572,0.9512195121951219,1.3247863247863247,0.2631578947368421,6.696969696969697,6.075757575757576,0.5064935064935064,1.378787878787879,24.666666722727275,-4.210952390522724,-4.210952390522724,6.359375014453126,21.006451660645162,75.72093040465117,61.43396240377359,0.0,0.0,0.0,0.0,1.150390625,0.42758620689655175,0.803030303030303,0.3419354838709677,0.8113207547169812,0.0,0.0,0.0,0.0,5.3,5.3,0.0,0.0,0.0,0.10568181794163223,0.022499999948863637,0.0,0.062045454404442146,0.34909090829752065,0.34704545375671486,0.34909090829752065,0.03613636355423554,0.00681818180268595,0.02931818175154959,0.6875,1.0666666666666667,6.359375014453126,0.0,0.3125,62.0588236745098,0.0,Healthcare
1997-12-31,TECH,1998,Q2,USD,0.7161290322580646,0.2709677419354839,0.3032258064516129,0.2709677419354839,0.2903225806451613,0.2,0.2,0.2,1.7613636363636365,1.76,1.1,1.3362068965517242,0.25121555915721233,8.428571428571429,7.714285714285714,0.5217391304347826,1.7678571428571428,24.333333372580643,0.0,0.0,5.506082733941605,19.466666698064515,100.57777794,83.81481495,0.0,0.0,0.0,0.0,1.1259124087591241,0.39141414141414144,0.6428571428571429,0.23225806451612904,0.8333333333333334,0.0,0.0,0.0,0.0,6.0,6.0,0.0,0.0,0.0,0.11249999981854839,0.022499999963709678,0.0,0.07185483859378251,0.3977419348423517,0.39556451549102495,0.3977419348423517,0.026129032215920917,0.004354838702653486,0.02177419351326743,0.6888888888888889,1.0714285714285714,5.506082733941605,0.0,0.3111111111111111,62.09219868510638,0.0,Healthcare
1998-03-31,TECH,1998,Q3,USD,0.7231638418079096,0.327683615819209,0.3615819209039548,0.327683615819209,0.3389830508474576,0.22598870056497175,0.22598870056497175,0.22598870056497175,1.7352941176470589,2.0416666666666665,1.2564102564102564,1.5,0.2645739910313901,7.96969696969697,7.378787878787879,0.5679012345679012,1.8333333333333333,21.99999993125,0.9899999969062495,0.9899999969062495,5.986394539115646,19.88700558757062,90.25640997435897,74.89361678723404,0.0,0.0,0.0,0.0,1.1377551020408163,0.4041095890410959,0.7121212121212122,0.2655367231638418,0.8297872340425532,0.0,0.0,0.0,0.0,5.875,5.875,0.0,0.0,0.0,0.12168750038027344,0.0275000000859375,0.0,0.08318750025996094,0.40425000126328126,0.40218750125683594,0.40425000126328126,0.03231250010097656,0.0055000000171875,0.026812500083789062,0.6666666666666666,1.0344827586206897,5.986394539115646,0.0,0.3333333333333333,53.109374828125,0.0,Healthcare
1998-06-30,TECH,1998,Q4,USD,0.7580645161290323,0.3655913978494624,0.3978494623655914,0.3655913978494624,0.3870967741935484,0.25806451612903225,0.25806451612903225,0.25806451612903225,1.86,1.40625,1.1842105263157894,1.5897435897435896,0.2551440329218107,7.905405405405405,7.391891891891892,0.5934065934065934,3.7027027027027026,19.2824074625,1.5596064859375012,1.5596064859375012,5.802856164263323,19.904420606451612,60.69216775081967,55.257048250746266,0.0,0.0,0.0,0.0,1.1426332288401253,0.3831101956745623,0.9054054054054054,0.3602150537634409,0.9104477611940298,0.0,0.0,0.0,0.0,11.166666666666666,11.166666666666666,0.0,0.0,0.0,0.11957142822979593,0.030857142768979592,0.0,0.17614285663959184,0.4101428559710204,0.40821428454795916,0.4101428559710204,0.043071428448367345,0.003857142846122449,0.0392142856022449,0.6666666666666666,1.0588235294117647,5.802856164263323,0.0,0.3333333333333333,46.32732747027027,0.0,Healthcare
1998-09-30,TECH,1999,Q1,USD,0.7136150234741784,0.23943661971830985,0.3755868544600939,0.23943661971830985,0.24882629107981222,0.1643192488262911,0.1643192488262911,0.1643192488262911,1.6384615384615384,1.6486486486486487,0.6630434782608695,1.704,0.18700614574187885,3.519083969465649,2.816793893129771,0.21262458471760798,0.8091603053435115,20.33333339142857,-0.7479761926132653,-0.7479761926132653,3.396976938902148,13.364632276056339,-14.022988545812808,49.94152061052632,0.0,0.0,0.0,0.0,1.3591885441527447,0.5065398335315101,0.4351145038167939,0.2676056338028169,-3.56140350877193,0.0,0.0,0.0,0.0,0.21923076923076923,0.21923076923076923,0.0,0.0,0.0,0.13692857103734693,0.022499999935714287,0.0,0.06814285694816327,0.538714284175102,0.19992857085734694,0.538714284175102,0.036642857038163265,0.16714285666530612,-0.13049999962714287,0.660377358490566,1.0392156862745099,3.396976938902148,0.0,0.33962264150943394,34.258333435000004,0.0,Healthcare
1998-12-31,TECH,1999,Q2,USD,0.7395348837209302,0.2558139534883721,0.3953488372093023,0.2558139534883721,0.2651162790697674,0.16744186046511628,0.16744186046511628,0.16744186046511628,1.7479674796747968,0.6363636363636364,0.6511627906976745,1.72,0.18760907504363003,3.858267716535433,3.1811023622047245,0.23741007194244604,1.078740157480315,29.333333333333336,0.0,0.0,4.8663594470046085,19.64651162790698,88.0,79.69811320754717,0.0,0.0,0.0,0.0,1.3202764976958525,0.6204906204906205,0.41732283464566927,0.24651162790697675,0.9056603773584906,0.0,0.0,0.0,0.0,10.6,10.6,0.0,0.0,0.0,0.134375,0.0225,0.0,0.085625,0.5425,0.228125,0.5425,0.033125,0.003125,0.03,0.631578947368421,1.0363636363636364,4.8663594470046085,0.0,0.3684210526315789,48.082352941176474,0.0,Healthcare
1999-03-31,TECH,1999,Q3,USD,0.7184873949579832,0.28991596638655465,0.4117647058823529,0.28991596638655465,0.29831932773109243,0.18907563025210083,0.18907563025210083,0.18907563025210083,1.75,2.576923076923077,0.9305555555555556,1.762962962962963,0.1975103734439834,3.9516129032258065,3.370967741935484,0.27611940298507465,0.9112903225806451,30.083333333333332,0.9025000000000001,0.9025000000000001,5.779082177161152,22.752100840336134,902.5,85.95238095238095,0.0,0.0,0.0,0.0,1.2860192102454642,0.6529492455418381,0.5080645161290323,0.2647058823529412,0.09523809523809523,0.0,0.0,0.0,0.0,1.105263157894737,1.105263157894737,0.0,0.0,0.0,0.15866666666666668,0.03,0.0,0.07533333333333334,0.6246666666666667,0.30466666666666664,0.6246666666666667,0.042,0.038,0.004,0.6338028169014085,1.0289855072463767,5.779082177161152,0.0,0.36619718309859156,54.10204081632653,0.0,Healthcare
1999-06-30,TECH,1999,Q4,USD,0.7283950617283951,0.31275720164609055,0.4403292181069959,0.31275720164609055,0.3292181069958848,0.20987654320987653,0.20987654320987653,0.20987654320987653,1.8,2.75,1.1578947368421053,1.609271523178808,0.1962843295638126,3.77037037037037,3.348148148148148,0.3037037037037037,0.9481481481481482,24.862745098039216,3.9256965944272504,3.9256965944272504,5.239669421487603,20.872427983539094,39.93700787401575,45.69369369369369,0.0,0.0,0.0,0.0,1.2789256198347108,0.6567567567567567,0.8222222222222222,0.4567901234567901,1.1441441441441442,0.0,0.0,0.0,0.0,6.9375,6.9375,0.0,0.0,0.0,0.151875,0.031875,0.0,0.181875,0.605,0.32,0.605,0.069375,0.01,0.079375,0.6375,1.0526315789473684,5.239669421487603,0.0,0.3625,46.205607476635514,0.0,Healthcare
1999-09-30,TECH,2000,Q1,USD,0.7479674796747967,0.3138639430894309,0.43902439024390244,0.3130081300813008,0.3048780487804878,0.1951219512195122,0.1951219512195122,0.1951219512195122,1.8088235294117647,1.9375,1.2156862745098038,0.5734265734265734,0.164,3.268292682926829,2.957317073170732,0.16952789699570817,0.8597560975609756,32.666666666666664,-5.484561403508773,-5.484561403508773,6.065764023210832,25.495934959349594,-43.255172413793105,63.35353535353536,0.136,0.19729206963249515,0.16478190630048464,0.15934959349593497,1.4506769825918762,0.6595174262734584,0.6036585365853658,0.4024390243902439,-1.4646464646464648,10.125,0.0,12.375,0.4852941176470588,0.4057377049180328,0.4057377049180328,0.0,0.0,0.0,0.15375,0.03,0.1275,0.20125,0.64625,0.375625,0.64625,0.061875,0.1525,-0.090625,0.64,0.974025974025974,6.065764023210832,0.032525510204081634,0.36,58.657407407407405,0.0,Healthcare
1999-12-31,TECH,2000,Q2,USD,0.749003984063745,0.3346613545816733,0.4541832669322709,0.3346613545816733,0.3346613545816733,0.22310756972111553,0.22310756972111553,0.22310756972111553,1.916030534351145,1.96875,1.5,0.5919811320754716,0.16383812010443866,4.089655172413793,3.8,0.19770114942528735,1.289655172413793,49.57669765714285,3.164470063221883,3.164470063221883,10.123227233546036,44.24374611633466,160.94464166956521,154.23861493333334,0.13120104438642297,0.18322698268003645,0.15485362095531588,0.0,1.3965360072926163,0.6121951219512195,0.496551724137931,0.2868525896414343,0.9583333333333334,0.0,0.0,0.0,0.3582089552238806,24.0,24.0,0.0,0.0,0.0,0.15550220322460273,0.03469371864772013,0.12452566871770974,0.24347556122417877,0.6796251670812318,0.42561758412470946,0.6796251670812318,0.04460620968992588,0.0018585920704135785,0.042747617619512304,0.6666666666666666,1.0,10.123227233546036,0.0,0.3333333333333333,97.53666908070176,0.0,Healthcare
2000-03-31,TECH,2000,Q3,USD,0.761625446942974,0.42058249747002135,0.5396883418868483,0.42058249747002135,0.4229965179696265,0.2856766946860851,0.2856766946860851,0.2856766946860851,1.7926839465750593,1.999467158180093,1.471805395907817,0.6005265239123293,0.16170341757148562,5.614668950741648,5.273473449280507,0.267199578942438,1.4285933112919154,45.95791582184441,1.3071636713262305,1.3071636713262305,11.247282943849667,52.51642194658338,204.09921942780178,143.31856594936414,0.12049838331342415,0.1595932478516963,0.13762864534384311,0.13278512781742557,1.3244430627470234,0.5176517758372615,0.7719451991941224,0.3664313942768444,0.7022004608893753,13.305666976229524,0.0,12.117285216068288,0.4917344708760847,3.3579635582596588,3.3579635582596588,0.0,0.0,0.0,0.1643295502648282,0.046945122758907006,0.12245532861901372,0.29937502632767843,0.7672964255530825,0.5301459527938956,0.7672964255530825,0.060215506224427784,0.017932150000947552,0.042283356223480235,0.6753641757084116,1.0057397074631647,11.247282943849667,0.01418949346686138,0.3246358242915885,97.43303011850102,0.0,Healthcare
2000-06-30,TECH,2000,Q4,USD,0.8045475332819763,0.4358720167572225,0.5589643191790742,0.4358720167572225,0.4433712414039768,0.3119703301209002,0.3119703301209002,0.3119703301209002,1.4458257296975912,2.02970727300655,1.1476579639544546,0.5903525808929491,0.15139637733541436,6.870483794721409,6.5001663063759905,0.30264261317108615,1.3817287806518415,78.98084510929934,8.2315591902803,8.2315591902803,19.07231804643295,98.55872128790321,296.4194982371539,227.60250514394247,0.10952502572465928,0.13999299360691783,0.12280162631875698,0.11828459827883893,1.2781827046437184,0.4126030089156615,0.9415937421036316,0.43303003728175926,0.7678391822991563,14.167147267731389,0.0,14.34828190679534,0.5985771606818924,4.307359053535785,4.307359053535785,0.0,0.0,0.0,0.16487632740822172,0.05143652229066455,0.11927685667646894,0.36112768525233757,0.8520201876058374,0.6326819424190068,0.8520201876058374,0.07139640220446179,0.01657544711668617,0.054820955087775625,0.7036323085209965,1.0172051069085524,19.07231804643295,0.007340114257013473,0.2963676914790036,176.4812282441984,0.0,Healthcare
2000-09-30,TECH,2001,Q1,USD,0.786958152395664,0.3950652060996705,0.5076364200676564,0.3950652060996705,0.40701348621648786,0.27065753832134215,0.27065753832134215,0.27065753832134215,1.7832964718259225,2.116270569741021,1.30127918972312,0.5964162567450456,0.14885390326114661,7.904423228706095,7.522494664063868,0.2839612353100906,1.7888864419044614,77.27641745690086,-6.511488290630662,-6.511488290630662,15.58407379739542,83.6617796767087,206.6251886633348,187.7725509239877,0.10503780678653159,0.13144356064810322,0.1161733251394448,0.11174662858408338,1.2513928524348958,0.3558927493450617,1.0393999650091512,0.44554850677070407,0.9087592473052029,12.265357802538283,0.0,14.718823809807544,0.6314072651933814,10.96001480111665,10.96001480111665,0.0,0.0,0.0,0.16734045168653727,0.04529195471505967,0.11808272169379747,0.4270953610047163,0.8983530354136177,0.6924297274923846,0.8983530354136177,0.07455828837127183,0.0068027543506305795,0.06775553402064126,0.6649842019666669,1.0302438178111868,15.58407379739542,0.008434480120985533,0.3350157980333332,164.68597819502256,0.0,Healthcare
2000-12-31,TECH,2001,Q2,USD,0.7813426118787653,0.37282316770722074,0.490986323557723,0.37282316770722074,0.39100905230707295,0.26162828820293976,0.26162828820293976,0.26162828820293976,1.7350319683754627,1.6557151466110418,1.2020307132296266,0.5657229897383234,0.13681196481818023,7.102832793086528,6.77248264007614,0.2596054011487088,1.1469220221663479,53.554461988597225,-7.581303525260792,-7.581303525260792,9.586407084251405,56.045448862824394,145.24490946191406,125.4994094545269,0.09922508680048363,0.12405461434579432,0.11036351149004868,0.10601004225751205,1.2502343746520126,0.31081472156616896,0.8110069766313572,0.44657938317336654,0.8640537552707498,11.299529555571688,0.0,13.954810171341059,0.6157455219171596,7.355848644378476,7.355848644378476,0.0,0.0,0.0,0.16094081112771805,0.04210666891733751,0.1167249222325764,0.487163306632668,0.9409156027619668,0.7486038938068978,0.9409156027619668,0.07187284816083761,0.009770843805461475,0.062102004355376134,0.6691105657509792,1.048778847923243,9.586407084251405,0.01294067873975348,0.3308894342490209,114.33956911026368,0.0,Healthcare
2001-03-31,TECH,2001,Q3,USD,0.8567293441670978,0.4006952308842508,0.5786819296218442,0.29619555827211297,0.4194159768252845,0.33611816107654774,0.33611816107654774,0.33611816107654774,1.729960676586952,1.4029744418711887,0.8512177593291214,0.6459247681243105,0.14987918774251874,8.254171537253232,7.884961647644329,0.36066467749944825,1.3507859612497766,26.63012958910374,0.5839210706777435,0.5839210706777435,6.569014952586298,35.80348074687883,129.27920179312014,120.66993442071184,0.09488059465238255,0.1161478212533322,0.1040613250697464,0.09980854070478773,1.2241472735164356,0.3188394807596547,0.6508530221090477,0.2967058937982941,0.9334056271001321,17.23680964653903,0.0,10.323833302650957,0.4686947686598385,15.016283755740316,15.016283755740316,0.0,0.0,0.0,0.1823845018356002,0.06130274336584418,0.11545799153427876,0.5288705334630863,0.9940607605755355,0.8151280071178043,0.9940607605755355,0.05411455663208837,0.0036037249636683144,0.050510831668420055,0.8013957017583142,1.416010352322602,6.569014952586298,0.017681162562676687,0.19860429824168574,61.900571129271,0.0,Healthcare
2001-06-30,TECH,2001,Q4,USD,0.45301640972851587,0.4164276536760061,0.5239987410701503,0.7236835917435358,0.4366100030991247,0.30598170148589937,0.30598170148589937,0.30598170148589937,1.6758520551581768,4.830321028727619,3.088751017453675,0.6241708638611251,0.14246805661111056,7.814937001763704,7.4727682424553015,0.3353591438179662,1.3383076521896282,35.855107112021074,-4.778082752101938,-4.778082752101938,7.584580054106414,43.88402672438152,139.50556422074058,102.63256340394261,0.08785541850058096,0.10658009927126756,0.09631485270831756,0.09222951115508807,1.2131306308735277,0.2948111496415802,0.8261715844565504,0.4275838512545202,0.7356879560842924,13.651853610018536,0.0,14.839224196392243,0.6933782954562199,3.7834068595032035,3.7834068595032035,0.0,0.0,0.0,0.18526103019354548,0.05668648523765162,0.11424445399666792,0.5856822740779082,1.0719116868702951,0.906314999556297,1.0719116868702951,0.07921462477753613,0.020937379382966425,0.0582772453945697,0.7008123939304972,0.6033161565087048,7.584580054106414,0.014052208363673789,0.29918760606950284,83.60335947649212,0.0,Healthcare
2001-09-30,TECH,2002,Q1,USD,0.747075479114366,0.38976949981613573,0.49458654263663976,0.38976949981613573,0.41067983001250624,0.28230658078604637,0.28230658078604637,0.28230658078604637,1.5501887201743245,0.9128593579869337,1.2816441440485358,0.5905782606190101,0.13350445608263095,7.867161378596168,7.5109309842985015,0.3097586072039301,1.2994176206646673,35.755849953844496,-3.4361977836999698,-3.4361977836999698,6.469933693614832,40.37644697427502,163.8969427053437,124.93156382704184,0.08375669343800293,0.10052995601313651,0.09134686017754934,0.08733621218500691,1.20026175684155,0.2690599733350585,0.5833959586696975,0.3231885180767697,0.7622568289857952,12.133895203856634,0.0,10.708337681889946,0.5151481696197613,4.206219660207406,4.206219660207406,0.0,0.0,0.0,0.18005546660982635,0.05083084313045622,0.11296140189763922,0.6113005748058923,1.1236591199033077,0.9709578860133028,1.1236591199033077,0.05819185942525106,0.013834717186972031,0.04435714223827903,0.6874128217532608,1.053647938605341,6.469933693614832,0.015538019518244734,0.3125871782467392,81.44978637013652,0.0,Healthcare
2001-12-31,TECH,2002,Q2,USD,0.7421618027555784,0.3823971491584377,0.48075780542263813,0.37987605771169786,0.39845426542151213,0.27088862475792796,0.27088862475792796,0.27088862475792796,1.788697196028032,3.0619730031137347,1.3424498405103136,0.5833389146957557,0.13654165345131142,9.69780165410998,9.2655409366669,0.34676631893518917,2.1744509737012514,45.30031832675629,0.0,0.0,7.851565156332913,49.085363730525486,251.0851491782959,153.31706387594892,0.08113632834844148,0.09505050281347649,0.0868001088253614,0.08285584876191864,1.1714913004847882,0.26628314839463846,0.720540010392488,0.3201559075657826,0.6106178098453695,11.996462360629772,0.0,10.874358714232262,0.5387798273728132,2.568170875002995,2.568170875002995,0.0,0.0,0.0,0.18763230625247324,0.05082745740089085,0.11149562074334013,0.6458660381650396,1.1730145285200113,1.0333813753436139,1.1730145285200113,0.06007159129692144,0.02339080778526911,0.036680783511652326,0.6798487261050237,1.0489059716522433,7.851565156332913,0.012105930591024987,0.3201512738949764,101.32631924257313,0.0,Healthcare
2002-03-31,TECH,2002,Q3,USD,0.7552253917979251,0.4329724514978383,0.5237680746685545,0.4312940633757768,0.44771148991187937,0.30840970917078225,0.30840970917078225,0.30840970917078225,1.686885977954986,3.4401125967051485,1.4110673458667906,0.5438081481234868,0.1436271853186273,9.421398424275264,9.01725818350983,0.41600762666024677,1.7764026444690115,27.73821236643543,1.1008603032929052,1.1008603032929052,5.704273003981584,34.21893603539898,313.1155234838177,101.88986606306564,0.07655638093708207,0.08885431960988406,0.08160349645462112,0.07776190438567268,1.1606389764284843,0.2807224538274131,0.7824362881892538,0.33584238901853963,0.32540662605739973,14.13038859409337,0.0,12.34330170981401,0.6300728489903304,1.4823744771692464,1.4823744771692464,0.0,0.0,0.0,0.20631851302146081,0.06363063259749697,0.10997220785329136,0.6526972957177323,1.237668673128393,1.1110904951387814,1.237668673128393,0.06929050231188007,0.04674291373674872,0.02254758857513135,0.6888581511086187,1.0380655054873742,5.704273003981584,0.01557679997921974,0.31114184889138125,64.89413943440894,0.0,Healthcare
2002-06-30,TECH,2002,Q4,USD,0.7603669392765234,0.4089141397091701,0.5000661698929681,0.4089141397091701,-0.06388731227940914,-0.008521239834095971,-0.008521239834095971,-0.008521239834095971,1.676253663206507,1.9738200181723247,1.4052007269992686,0.506815862112456,0.1495739637121664,8.823099712608558,8.407704447526795,0.09280102953100544,1.8040559624496326,-948.067936204756,9.219743232816892,9.219743232816892,5.576096184686356,32.3148570536685,-97.63282070760467,-332.75323186816524,0.07576293555125713,0.0874034968867397,0.08037816425731373,0.07647280275797814,1.1536445393883556,0.29898250296852136,-0.23655554343394905,-0.09711357834826814,3.4082107784707985,20.842836789215248,0.0,-3.6442293213090897,-0.19172518512030473,-0.41524604446583985,-0.41524604446583985,0.0,0.0,0.0,0.21538080729990033,-0.001835311514663659,0.10909573977621867,0.5866526213237621,1.2481850688146776,1.1339718174616824,1.2481850688146776,-0.020916400904432114,0.050371102104869774,-0.0712875030093019,0.13337921928580432,-0.1562364958199963,5.576096184686356,0.015674675255203833,0.8666207807141957,64.15302912565896,0.0,Healthcare
2002-09-30,TECH,2003,Q1,USD,0.7484602397644846,0.44688718694638996,0.4919730199828437,0.44688718694638996,0.4604262284187245,0.3023284314718702,0.3023284314718702,0.3023284314718702,1.812135856179038,1.76753992916217,1.4071206961626563,0.4542382839029573,0.1386294849209083,6.899695506840966,6.585704546715177,0.3286203219712811,1.6717282491976366,32.47322044011085,-0.009006440183697924,-0.009006440183697924,6.378900414597031,39.27031120199595,103.3962409347669,68.099735616094,0.07151203769039816,0.08379247583032047,0.07731413319337262,0.07342823039294609,1.1717254679986724,0.29978103760096075,1.0128864701799205,0.5766587909148241,0.6586287373741024,11.931819357294621,0.0,20.608263354869944,1.1178804819649202,2.929361986441962,2.929361986441962,0.0,0.0,0.0,0.2088091423014551,0.06312894046898547,0.10771422300876808,0.6382721999204418,1.2854880100080714,1.1742049628688773,1.2854880100080714,0.12041162753151856,0.04110506932527378,0.07930655820624477,0.6566273005562235,1.0302963295162872,6.378900414597031,0.013135880854727817,0.34337269944377646,78.9360547985503,0.0,Healthcare
2002-12-31,TECH,2003,Q2,USD,0.7486276214321025,0.4373630451744244,0.48468721552359995,0.4373630451744244,0.4500959963800833,0.2967336185887574,0.2967336185887574,0.2967336185887574,2.2400043642807566,2.408207652232052,1.2804956922926305,0.4113399189460516,0.13144800578136984,11.442892615628667,10.894096770987174,0.40759001528800787,2.419584961137539,29.94708578320671,-5.399031751200972,-5.399031751200972,5.255492714259435,35.54522852255544,5401.3549044911515,191.42776408364145,0.0694166812755252,0.07808038978276567,0.0724253873113293,0.06709356759026842,1.124807299168523,0.2770000393121253,0.5190960993815183,0.1856848127162186,0.03544069357939652,7.950557927543281,0.0,4.455741591453638,0.3516143077851197,1.0367428869780064,1.0367428869780064,0.0,0.0,0.0,0.20087084249491516,0.059605131962488525,0.10607834761835548,0.6498595191947807,1.3585786125490074,1.2504385591555882,1.3585786125490074,0.037298664768817366,0.03597677421982507,0.0013218905489922887,0.6592674028990493,1.0291130019926145,5.255492714259435,0.014856911431142223,0.3407325971009507,72.640281976889,0.0,Healthcare
2003-03-31,TECH,2003,Q3,USD,0.7679657937703739,0.49035894090705456,0.5337104234153242,0.49035894090705456,0.5066057763994017,0.32842293504663045,0.32842293504663045,0.32842293504663045,1.8017670022954357,2.6565303131892635,1.3351175738516998,0.4627783128302643,0.14962621496823122,10.165480384503345,9.676993519734596,0.47413845749283384,1.9988324007162606,17.29364591450803,0.6692865561718695,0.6692865561718695,3.851108536930914,22.718519795599583,75.86136932365594,65.69767217597078,0.06892788519471663,0.07808956269413656,0.07243327956815704,0.06769243402712373,1.1329168517725274,0.30500636759541605,0.9719645826231046,0.3458040299319614,0.866022756532081,10.993287529242101,0.0,10.692625049675724,0.7506591559180222,7.463954132176571,7.463954132176571,0.0,0.0,0.0,0.22844798194137922,0.07502755673466739,0.1052384856194042,0.6272382037561428,1.3476639129304044,1.2420707554274417,1.3476639129304044,0.07899823278515287,0.010583965467391763,0.06841426731776111,0.6482810705018607,1.0331325364686819,3.851108536930914,0.020277164859230097,0.3517189294981394,42.09782034324787,0.0,Healthcare
2003-06-30,TECH,2003,Q4,USD,0.7570380327343942,0.4834241838594963,0.523584857803742,0.4834241838594963,0.4956775149919094,0.3215281759223853,0.3215281759223853,0.3215281759223853,1.9287672814441563,4.3226543321299635,1.5127332347059055,0.48574256380827757,0.14975069159824625,13.833667698831045,13.247784217535235,0.5348820443441458,3.64275923287799,24.527525159057497,7.664851612205461,7.664851612205461,5.256158180964651,31.54516169712868,87.25665064116619,83.28200489541447,0.06489671977886359,0.07220870855226184,0.06734575831767013,0.06278749088081455,1.112671161166758,0.30123614151671385,1.3817099744236532,0.3787752436644998,0.9544487931115185,11.164360615883306,0.0,12.101756077795786,0.8740326921350345,21.95331514372826,21.95331514372826,0.0,0.0,0.0,0.24060742096911997,0.07736206517759063,0.10427085316733797,0.7170836750884901,1.4440204686927864,1.3405312095691444,1.4440204686927864,0.0911361345050653,0.004151360917856707,0.08698477358720859,0.6486640329602875,1.0253469552031647,5.256158180964651,0.013737988838764157,0.35133596703971254,59.1688587523963,0.0,Healthcare
2003-09-30,TECH,2004,Q1,USD,0.7719843128997447,0.4970389282236201,0.5363619614139447,0.4970389282236201,0.5094885900034217,0.33090306109020085,0.33090306109020085,0.33090306109020085,1.8986057668282446,2.31383547008547,1.3119794033015295,0.46680755384634287,0.13700996390204145,15.489761253184863,14.866660375577993,0.5382054715898221,4.1540058507124655,25.90452990773147,-28.643008783691837,-28.643008783691837,5.186557893982466,34.287552970284,92.94285102739725,84.9874086638831,0.06052628731955528,0.06682433131872945,0.06263855196865087,0.05825934369188314,1.1040546889308267,0.2599992368300768,1.4464471076719827,0.4034427394520043,0.9144050104384134,10.909309791332264,0.0,12.301765650080258,0.9132507149666349,11.682926829268293,11.682926829268293,0.0,0.0,0.0,0.23186256560478458,0.07672403271085072,0.10242890272183572,0.804882216526303,1.5328084950567558,1.4317588185036005,1.5328084950567558,0.09354326864396435,0.008006835103136824,0.08553643354082753,0.6494808079764426,1.0250476593941962,5.186557893982466,0.012884138707149146,0.35051919202355736,62.58960643831583,0.0,Healthcare
2003-12-31,TECH,2004,Q2,USD,0.7794010035542547,0.4823071294166841,0.5218743466443655,0.4823071294166841,0.4972036378841731,0.32328036796989335,0.32328036796989335,0.32328036796989335,2.037486687965921,2.267866738312735,1.1815509518477043,0.46830748895443475,0.130246680350329,14.468183264397073,13.899936366528793,0.49958619697024215,3.8157811008590516,31.381657235246564,-18.51517776879528,-18.51517776879528,5.8376796120154895,40.58029479406231,93.74898267222123,86.57250223015166,0.05608939992715662,0.0619496973570435,0.058335811490151095,0.054119889477221565,1.104481371480131,0.23702418930219593,1.426662424435253,0.4687434664436546,0.923450044603033,10.575059571088165,0.0,14.246227164416203,1.0884816118460978,13.063364894391842,13.063364894391842,0.0,0.0,0.0,0.23311806994029488,0.07536249543072987,0.10038991105154137,0.9157974899476057,1.6205068843670039,1.5220604362129888,1.6205068843670039,0.10927257219446813,0.008364810527598392,0.10090776166686974,0.6501971090670171,1.0308859387699811,5.8376796120154895,0.010612041337372235,0.3498028909329829,76.18160148229758,0.0,Healthcare
2004-03-31,TECH,2004,Q3,USD,0.7897087515573211,0.5325920876331068,0.5686279118967584,0.5325920876331068,0.5389624127312475,0.34364495427940106,0.34364495427940106,0.34364495427940106,1.8866861805925137,2.5335598980458793,1.2263193968471555,0.5229122108316739,0.13608634594037805,13.937622377622377,13.427482517482517,0.5531506849315069,3.6172027972027974,28.656843833367535,1.5887691360558183,1.5887691360558183,5.912914118763739,39.39111915563809,119.46514579026164,113.27143436528321,0.05172055290576226,0.05704950194599211,0.05397051116429828,0.04994921271324794,1.1030334894126033,0.24012079135269382,1.0345454545454544,0.34775863284831104,0.9481546572934973,12.524447949526813,0.0,11.667192429022082,0.9150173181593271,19.28813559322034,19.28813559322034,0.0,0.0,0.0,0.25894161472536037,0.08898397935333073,0.0984125438254772,0.9957939715621348,1.725037738605376,1.6291147253603429,1.725037738605376,0.0900491819244254,0.004668630697312037,0.08538055122711337,0.6376046755059316,1.0119609833605507,5.912914118763739,0.009648288610340902,0.36239532449406836,67.80403472509302,0.0,Healthcare
2004-06-30,TECH,2004,Q4,USD,0.791869803810735,0.5246708589462776,0.5599755057820486,0.5246708589462776,0.5000353281989685,0.31482135707388303,0.31482135707388303,0.31482135707388303,2.012370254514432,2.2971146347803484,1.185061016494569,0.5274147868428898,0.1304584280710379,15.671520915372612,15.117467865368898,0.5302657392545033,3.80422022438517,33.44769506994838,-3.816467770801802,-3.816467770801802,6.01288176851307,42.1201950116583,103.75247200789,102.22242697913688,0.04872180913169053,0.053314280911154074,0.050615739174290256,0.04671779898141352,1.094259056905102,0.22202409588152858,1.2998736904673454,0.4120445606349655,0.9852529294084024,12.421545667447306,0.0,13.657298985167838,1.1032982279119632,67.81007751937985,67.81007751937985,0.0,0.0,0.0,0.2578335640894848,0.0811715125458476,0.09629211299764386,1.0723663436080546,1.806122325050402,1.7128543321431173,1.806122325050402,0.10623891763219899,0.0015667128178969614,0.10467220481430202,0.6295982290047571,0.9530457422453652,6.01288176851307,0.008866677071606249,0.3704017709952428,73.73138290713324,0.0,Healthcare
2004-09-30,TECH,2005,Q1,USD,0.7828148292969036,0.5231066252840979,0.5602287445929763,0.5231066252840979,0.5314646007966959,0.3468315452479288,0.3468315452479288,0.3468315452479288,2.0819680472168516,2.385131508319914,1.1286512573025147,0.5130716085915263,0.11942934029145907,9.068813581286852,8.558608177282446,0.5293998719547124,4.032916477677704,27.674200958286356,4.494290235625706,4.494290235625706,5.0200963750703,38.39314352745668,86.79607955801103,84.63120400797284,0.04536499514040295,0.04966703307940079,0.047316941005275705,0.04353460395858039,1.0948316631729638,0.25416317276934064,1.202812155770103,0.4536523375449058,0.975057910898023,11.831408775981524,0.0,14.29022324865281,1.1942996847455447,40.09287257019439,40.09287257019439,0.0,0.0,0.0,0.24848186742451844,0.08618135004493672,0.09438533848283903,0.6468216376399718,1.9003619228059947,1.8089460516407976,1.9003619228059947,0.11272437999465618,0.0028115815297918337,0.10991279846486433,0.6525957603347589,1.0159775753328661,5.0200963750703,0.009893641350402415,0.3474042396652412,66.4941563426976,0.0,Healthcare
2004-12-31,TECH,2005,Q2,USD,0.7883636707931924,0.5229010343929746,0.5589982720666556,0.5229010343929746,0.5369848746656567,0.3534925556844273,0.3534925556844273,0.3534925556844273,2.139630286148392,2.746007371007371,1.1066963733135289,0.5339678206246288,0.11752024412565684,11.394808536400786,10.78341153322234,0.6057338436625939,5.269108521265324,26.867006830052233,5.514133306548814,5.514133306548814,4.829536794908446,37.989147631784505,108.4117481761686,104.61005866249512,0.04236314525977295,0.04582700148955058,0.04381891213774371,0.04030923577639608,1.0817657945022043,0.3226402630182181,1.1610413198123202,0.3631500461571236,0.9649328640333724,12.48151062155783,0.0,12.07081038552321,1.0074200538446385,28.516728624535315,28.516728624535315,0.0,0.0,0.0,0.25586254511979456,0.09044550497831827,0.09223212771627219,0.7069575328859711,2.012615373434434,1.9232963492332662,2.012615373434434,0.09291649507013251,0.003258315366166816,0.0896581797039657,0.6582914572864321,1.0269340455389073,4.829536794908446,0.009488902028423065,0.3417085427135678,65.65593326558266,0.0,Healthcare
2005-03-31,TECH,2005,Q3,USD,0.8093668509439866,0.5733180348388442,0.6047564410138729,0.5733180348388442,0.5821216230311881,0.38466673620527797,0.38466673620527797,0.38466673620527797,2.0414377581874708,1.5303969184391224,1.1104629967189208,0.5377013505631085,0.17243550081298473,6.0992256637168145,5.6440818584070795,0.6283986011782867,3.304867256637168,22.01024567492814,1.015166433170155,1.015166433170155,6.592517594122973,33.86643746740377,138.2547845341509,77.41476776347162,0.05366418694332129,0.06058144870800457,0.05712097716003293,0.05256090616679748,1.1288990322724743,0.4176413955940074,1.1598451327433628,0.4374674037759466,0.5599427753934192,15.532219570405728,0.0,16.682577565632457,1.4056844080976003,2.2724317295188556,2.2724317295188556,0.0,0.0,0.0,0.29645869925537444,0.11403780026222694,0.09226183113573956,0.4479256858719046,1.5229386735274473,1.4336145263834945,1.5229386735274473,0.1296910174900428,0.05707146921307177,0.07261954827697104,0.6608013188073395,1.0153555054217307,6.592517594122973,0.009189425411926251,0.33919868119266056,54.45354030839283,0.0,Healthcare
2005-06-30,TECH,2005,Q4,USD,0.7929170785051839,0.5632899413261551,0.5960337322033186,0.5632899413261551,0.5793779310634898,0.3904649744484869,0.3904649744484869,0.3904649744484869,2.0045105808953716,3.626887661141805,1.2692704305233307,0.5340648726357877,0.16104625367892353,9.630493721461187,9.076983447488585,0.7346134189968606,5.732305936073059,23.961648085312653,2.6357812893843944,2.6357812893843944,6.643484987064573,37.424737229500955,96.83755128693475,90.9900644237652,0.04950163074953516,0.05456398463428019,0.051740800396481226,0.0475667296006713,1.1022664063404126,0.4461552174667736,1.3954052511415524,0.4113057559252171,0.9396155026076286,15.637318255250404,0.0,15.798061389337642,1.3381226053639848,16.560541913632516,16.560541913632516,0.0,0.0,0.0,0.30674898075037416,0.11977473293079424,0.09428704133766837,0.6266062858027558,1.7280087216803426,1.6368052330082057,1.7280087216803426,0.12616762140682253,0.007618568405841977,0.11854905300098055,0.6739382940108893,1.0285607616203098,6.643484987064573,0.008213156910946722,0.3260617059891107,60.470527132877,0.0,Healthcare
2005-09-30,TECH,2006,Q1,USD,0.7674233373158105,0.5229621245467312,0.5590769037288562,0.5229621245467312,0.5342807436751975,0.3563478588945482,0.3563478588945482,0.3563478588945482,2.064252336448598,2.9447983014861996,1.1116008815868563,0.5382333032490975,0.1497998335871391,10.560408483896309,9.776276512175963,0.7255114693118413,6.010683424980361,32.48305982001059,-3.8979671784012746,-3.8979671784012746,7.5474943367603196,46.30107526881721,133.93427514703208,128.09382429689765,0.044950311631631004,0.048913990508307796,0.04663298511692449,0.042772808294222496,1.0881791189604924,0.39320226316505197,1.354673998428908,0.3614621979081515,0.9563931574369382,14.688206785137318,0.0,13.9297253634895,1.2045962559374126,22.93218085106383,22.93218085106383,0.0,0.0,0.0,0.30776823037621925,0.10967254993032977,0.09235175723796253,0.614394643133612,1.8880438148320173,1.6719048356298705,1.8880438148320173,0.11124658099809052,0.004851112143262631,0.10639546885482788,0.6669674382110632,1.0216432865731464,7.5474943367603196,0.006480825069330704,0.33303256178893687,80.48505979829791,0.0,Healthcare
2005-12-31,TECH,2006,Q2,USD,0.7773220346040933,0.5056944762539299,0.5416519186324928,0.5056944762539299,0.5184159570259634,0.34383393366507736,0.34383393366507736,0.34383393366507736,2.222741577193632,2.893668831168831,1.0748743718592966,0.544145471024755,0.15487580333620327,9.494752081071299,8.77452044878755,0.6854426574477679,4.9748823742309085,33.00566428484922,0.0,0.0,7.690350862959918,45.393869537154636,103.60302984223532,99.4626897810219,0.04520287766072367,0.0494460337000575,0.04711631862166786,0.04318962665964671,1.0938691574280162,0.4018171246428706,1.586681143684401,0.45639093047950197,0.9600364963503649,14.43898443898444,0.0,17.952497952497954,1.5637038093879299,25.022831050228312,25.022831050228312,0.0,0.0,0.0,0.3088522776963243,0.10619389356174602,0.09014327237183939,0.5997119119273606,1.8230637652082209,1.6107724361447642,1.8230637652082209,0.14095737839853897,0.0056331507060729995,0.135324227692466,0.6632394875296197,1.0251564558629775,7.690350862959918,0.006429619997991397,0.33676051247038036,81.70333115510283,0.0,Healthcare
2006-03-31,TECH,2006,Q3,USD,0.7791582288873078,0.5574225092587525,0.588765438855746,0.5574225092587525,0.568514768394359,0.3712075602503056,0.3712075602503056,0.3712075602503056,2.035010209764247,2.3591892418631843,1.2602811035918793,0.6214414475698106,0.16021477718474697,10.790227718292867,10.065977982204796,0.8568266542404473,6.303423314733826,28.97493291394309,1.5936213102668695,1.5936213102668695,7.453967948920568,43.02285662160436,155.8736096239011,144.79994105366572,0.04009973050549219,0.043363782912412684,0.041561518257197304,0.03797968740497476,1.0813983626766128,0.44348343197420637,1.2280199064997739,0.29711929651724955,0.9289573867125138,17.458909682668835,0.0,13.251423921887714,1.1871127633209417,14.076058772687986,14.076058772687986,0.0,0.0,0.0,0.3495816219801526,0.12976734100359702,0.08749585448608382,0.6362534758539758,2.0177172887063444,1.810307660909717,2.0177172887063444,0.10386744559810199,0.007379014770784969,0.09648843082731702,0.652942686605481,1.0198991948681024,7.453967948920568,0.005817543516361956,0.34705731339451895,70.90774789291027,0.0,Healthcare
2006-06-30,TECH,2006,Q4,USD,0.7729420351092844,0.5514347174739753,0.5857565397764376,0.5514347174739753,0.5687396765643606,0.3743133714900319,0.3743133714900319,0.3743133714900319,2.0761623733950074,2.165201465201465,1.3100620567375887,0.5865137656017663,0.14052446344517858,8.339196259601469,7.83691417121229,0.705344118817133,4.9890905042858735,25.721928780337628,-3.3438507414438887,-3.3438507414438887,5.89155417396312,38.512247531978645,70.80433192090395,66.53323644568319,0.03623904219026644,0.039450797419112206,0.037953501519327255,0.03459974017575011,1.088626934784397,0.39791512224200787,1.6775019481242346,0.5788422386970383,0.9396774835755525,16.578519121236777,0.0,24.522375915378355,2.2445818127653236,16.577557755775576,16.577557755775576,0.0,0.0,0.0,0.33054419868457807,0.12372711343609538,0.0852421341324056,0.6910155158841007,2.1607201808070293,1.9574328957058331,2.1607201808070293,0.19133294395489983,0.011541684654257344,0.17979125930064246,0.6581453464811563,1.0313817003935775,5.89155417396312,0.0066961613615401094,0.3418546535188437,63.249120598072004,0.0,Healthcare
2006-09-30,TECH,2007,Q1,USD,0.7853527153253997,0.5499226375809441,0.5817271876372944,0.5499226375809441,0.5675536283929629,0.37498806135508395,0.37498806135508395,0.37498806135508395,2.0382728546955304,1.932748538011696,1.2510576708973502,0.5854637768681921,0.1345075217430403,5.906754398720373,5.5802312054675,0.7741747855169405,3.556310891377054,25.51581070755438,0.0,0.0,5.539452967539128,38.272497564516435,114.57019213174749,103.34778562954557,0.03374828175383153,0.03631492658219449,0.03504236564647629,0.0,1.076052607569319,0.3923906892377572,0.7047767922059037,0.37032721437985905,0.9020477639655439,1.5510468214693567,0.0,1.4759802055576703,1.4759802055576703,10.209057398630858,10.209057398630858,0.0,0.0,0.0,0.3323535386881333,0.12462860915716499,0.08338835419893852,0.7651984560298636,2.296255618476853,2.0955268036262984,2.296255618476853,0.1230795601716651,0.01205591812895198,0.11102364204271312,0.6607094776521271,1.032060856577165,5.539452967539128,0.00655568822318699,0.33929052234787294,63.01016352531687,0.0,Healthcare
2006-12-31,TECH,2007,Q2,USD,0.7959587880172923,0.5240434973052238,0.556818831057533,0.5240434973052238,0.5376221219219562,0.35542478432268754,0.35542478432268754,0.35542478432268754,2.1628223082626246,1.8929328621908128,1.163300760043431,0.5831417624521072,0.13205094029302739,13.75189144736842,12.994490131578948,1.6763157894736842,8.43404605263158,29.25059315222633,0.0,0.0,5.664636169782247,41.5855430497629,119.99864153431885,108.61055856752051,0.0,0.0,0.0,0.0,1.0315449229795426,0.3620835890469525,1.6533717105263157,0.38288674322497096,0.9050982342700821,0.0,0.0,0.0,0.0,10.53721174004193,10.53721174004193,0.0,0.0,0.0,0.3332889024297357,0.11845913626323407,0.0,0.8017175717876457,2.4467590829461496,2.248628989260416,2.4467590829461496,0.1276119024043466,0.012110594866326452,0.11550130753802015,0.6611052072263549,1.0259112548606315,5.664636169782247,0.0,0.33889479277364504,71.17645803406526,0.0,Healthcare
2007-03-31,TECH,2007,Q3,USD,0.8003388873199662,0.5876870940412313,0.6170241041912388,0.5876870940412313,0.6121069156270246,0.39691346744854394,0.39691346744854394,0.39691346744854394,1.9526095559375913,2.0552325581395348,1.2553791518696469,0.6750661642668102,0.140919486952593,12.246467218332272,11.637046467218333,1.6332908975175047,7.401400381922342,23.556352069643825,0.9422540827857531,0.9422540827857531,5.471519140238612,37.39933352160406,97.05672012415934,95.06493032683049,0.0,0.0,0.0,0.0,1.0381808327844788,0.36291127221209063,1.507447485677912,0.3934083093841886,0.9794780846212313,0.0,0.0,0.0,0.0,48.72839506172839,48.72839506172839,0.0,0.0,0.0,0.3818249860455676,0.15155147916983813,0.0,0.914002638656315,2.6098784695793373,2.415968945044908,2.6098784695793373,0.15021312224082814,0.003082660983406911,0.1471304612574212,0.648438136076207,1.0415524210645335,5.471519140238612,0.0,0.35156186392379296,57.48193953100181,0.0,Healthcare
2007-06-30,TECH,2007,Q4,USD,0.78267864783911,0.5557723577235772,0.5872999572100984,0.5557723577235772,0.5843731279418057,0.39236628155755243,0.39236628155755243,0.39236628155755243,1.886746754504941,1.831122007499279,1.4499257736667808,0.6382804391762714,0.12845063362383585,12.37934042924446,11.870005234688536,1.4404699587041239,7.880241958936777,24.633253358925145,0.0,0.0,5.161123360851455,38.66103209242619,95.930128259577,82.65105931428154,0.0,0.0,0.0,0.0,1.0392847268714112,0.31383703035235155,1.589542255569127,0.4677620881471973,0.861575615646383,0.0,0.0,0.0,0.0,7.22416071900608,7.22416071900608,0.0,0.0,0.0,0.36988148598343845,0.14512902327230368,0.0,1.043163919066069,2.770714629390463,2.5797310643470333,2.770714629390463,0.17301653625060143,0.02394970751348477,0.14906682873711666,0.6714310819518482,1.05146130393274,5.161123360851455,0.0,0.32856891804815186,61.879923061230436,0.0,Healthcare
2007-09-30,TECH,2008,Q1,USD,0.7912635590735855,0.5574352872195492,0.5866142411230103,0.5574352872195492,0.5993239864107472,0.397882283960198,0.397882283960198,0.397882283960198,1.8101139378804432,1.6403306681122103,1.3041698092877922,0.6209455480002142,0.1205410596687288,15.62222972972973,14.995135135135135,1.6732432432432431,9.780067567567567,27.09391773578363,0.0,0.0,5.362812446381387,43.120759480573234,128.8423496676457,110.45825330211599,0.0,0.0,0.0,0.0,1.0317422188668885,0.28145340173860706,1.529527027027027,0.39038060254884716,0.8573132482219376,0.0,0.0,0.0,0.0,7.008359133126935,7.008359133126935,0.0,0.0,0.0,0.36710856187799135,0.14606599306135887,0.0,1.1458507432449543,2.951809364633189,2.762649092152245,2.951809364633189,0.143312061586771,0.020448732558433994,0.122863329028337,0.6638851322188013,1.0751454027966836,5.362812446381387,0.0,0.33611486778119876,69.2526599247413,0.0,Healthcare
2007-12-31,TECH,2008,Q2,USD,0.7948086640275498,0.529464774226771,0.5566766438157768,0.529464774226771,0.5725757136880049,0.38040294808664027,0.38040294808664027,0.38040294808664027,2.021666991996877,1.2980759442125624,1.3551918376022958,0.6577404263426406,0.12728460733327462,11.980914492899586,11.507100412931816,1.275556450800685,7.486000604290462,27.514338593003092,0.0,0.0,5.5548586008476475,41.8661420617296,94.58122659686627,86.65220490274447,0.0,0.0,0.0,0.0,1.0423994619466004,0.28606019315576753,1.5119347366300735,0.4831514917447137,0.9161670663469225,0.0,0.0,0.0,0.0,11.928486293206198,11.928486293206198,0.0,0.0,0.0,0.3943520751364386,0.15001269196598552,0.0,1.1980962051021704,2.972172864576723,2.78435080593984,2.972172864576723,0.19053179337479376,0.015972839192790963,0.1745589541820028,0.6643714341924061,1.0814236216643365,5.5548586008476475,0.0,0.3356285658075939,70.90997600670657,0.0,Healthcare
2008-03-31,TECH,2008,Q3,USD,0.796524841057507,0.579097264175369,0.6060096084692616,0.579097264175369,0.618394177382699,0.4256206668392739,0.4256206668392739,0.4256206668392739,2.0325098669785118,1.7840837432210872,1.4141757472758172,0.7390532481476363,0.14243100940361803,12.863852792381708,12.367721456204741,1.5604106735442913,8.077026088681679,22.19533626225076,0.832325109834403,0.832325109834403,5.61395710634515,37.78717528264434,93.01890800934778,89.32775680914006,0.0,0.0,0.0,0.0,1.0430859839127424,0.30408215930612476,1.4586350560460273,0.4230171744196082,0.9603182699173722,0.0,0.0,0.0,0.0,25.200514138817482,25.200514138817482,0.0,0.0,0.0,0.4456538461538462,0.18967948717948718,0.0,1.3192051282051283,2.9996666666666667,2.81175641025641,2.9996666666666667,0.18851923076923077,0.007480769230769231,0.18103846153846154,0.6882675846669147,1.067858917039245,5.61395710634515,0.0,0.3117324153330852,58.48878498018087,0.0,Healthcare
2008-06-30,TECH,2008,Q4,USD,0.7950685416635925,0.5725479201404772,0.6021337189570453,0.5725479201404772,0.5976921601322138,0.4022045478020924,0.4022045478020924,0.4022045478020924,2.033151326053042,2.27262313860252,1.4595901208617972,0.6662177306777295,0.13356945339585194,12.769059736152972,12.298927812638965,1.4458224220564257,8.251000543505114,27.419539934695674,-5.209712587592173,-5.209712587592173,6.136960564941597,44.11305464150275,125.63025718608169,89.91781514121575,0.0,0.0,0.0,0.0,1.0415474308706094,0.28391283491798164,1.6427195019516774,0.490593044017176,0.7157337504135711,0.0,0.0,0.0,0.0,3.51782880118506,3.51782880118506,0.0,0.0,0.0,0.43864566072908034,0.17642527961888982,0.0,1.3356009217067109,3.1530266155758078,2.965112365368683,3.1530266155758078,0.21519650994200498,0.0611731048053024,0.15402340513670257,0.672929267991606,1.0439163939073735,6.136960564941597,0.0,0.32707073200839404,69.16888692839288,0.0,Healthcare
2008-09-30,TECH,2009,Q1,USD,0.8112342046044659,0.5950031735041256,0.6227136345277249,0.5950031735041256,0.619525705383417,0.41245456119092955,0.41245456119092955,0.41245456119092955,2.0408619877531793,1.3518595041322314,1.3492112588926692,0.6925474525474525,0.13655381075821205,12.949839027936441,12.446204174888358,1.5844843701318931,8.415775262228685,24.35528695834645,4.383951652502359,4.383951652502359,5.703328924469196,40.181796780335816,107.00122459954673,104.0359619047619,0.0,0.0,0.0,0.0,1.0394299871010013,0.296051451559177,1.3903312908920968,0.3862298770988402,0.9722875816993464,0.0,0.0,0.0,0.0,36.08490566037736,36.08490566037736,0.0,0.0,0.0,0.44871064623032314,0.18507275269262635,0.0,1.2697998653686826,3.16131161971831,2.974950807787904,3.16131161971831,0.17330545774647887,0.004802713338856669,0.1685027444076222,0.665758591785415,1.0412141194724593,5.703328924469196,0.0,0.3342414082145851,60.772588663161066,0.0,Healthcare
2008-12-31,TECH,2009,Q2,USD,0.7829530027797531,0.5277813691899929,0.5593606567974659,0.5277813691899929,0.5519102721572177,0.3817635270541082,0.3817635270541082,0.3817635270541082,2.093729908977092,2.1605534105534105,1.359724612736661,0.6291280299333007,0.14272599358752566,14.814590365142681,14.056919300398896,1.9619515188708192,9.17420988033139,25.875464397595458,-1.638779411847712,-1.638779411847712,5.814401346987115,39.513234210356195,97.19423096799841,92.15683678854127,0.0,0.0,0.0,0.0,1.0310016314144792,0.301674479604697,2.035133476526542,0.42876074730105374,0.948171880889559,0.0,0.0,0.0,0.0,19.294545454545453,2.445499377794165,0.4010456354246042,0.0038747675139491635,0.38747675139491633,0.4082176597878292,0.1558426136063757,0.0,0.9497611759117538,2.7741463028447777,2.5857787512534967,2.7741463028447777,0.17502770887211697,0.00907135694305167,0.1659563519290653,0.6917130307467058,1.045717610313256,5.814401346987115,0.0,0.3082869692532943,67.1845910259744,0.0625,Healthcare
2009-03-31,TECH,2009,Q3,USD,0.7890549023074883,0.595880116700557,0.6242595703297675,0.595880116700557,0.6017888191436065,0.40728789084372147,0.40728789084372147,0.40728789084372147,1.9607650525829192,2.9186544342507643,1.3318448227742115,0.6965759329966744,0.15361145125768724,14.930602118814537,14.20986992087971,1.9824996647445354,8.97284430736221,18.523257479830686,1.481860598386455,1.481860598386455,4.7975127960664254,30.17719388206171,76.87996696572694,73.86588184375677,0.0,0.0,0.0,0.0,1.0349364823174174,0.34996184072110725,1.8590586026552234,0.40854035894262225,0.9607949217341124,0.0,0.0,0.0,0.0,25.50689972401104,2.6499092038612253,0.33920625158279366,0.004578112839387771,0.457811283938777,0.4533224677371951,0.18463275175675314,0.0,1.1162863708018276,2.8514775429502763,2.662362732786491,2.8514775429502763,0.18520052368610895,0.0072608010259972745,0.17793972266011168,0.6767953771944859,1.009915924826904,4.7975127960664254,0.0,0.32320462280551404,45.182090355473726,0.0626285836428247,Healthcare
2009-06-30,TECH,2009,Q4,USD,0.7741408537525042,0.6321158884265681,0.662397904145477,0.5614886731391586,0.5767298505162582,0.39121590383726307,0.39121590383726307,0.39121590383726307,2.082945462716271,2.842513576415826,1.3005590558168427,0.6480381093146116,0.13747735723138527,16.457321394060425,15.73136635959544,1.7619661147973975,10.367841267796173,23.400998581895532,-4.212179744741203,-4.212179744741203,5.205530557612348,36.61937124364309,88.2111144108694,78.44935622317597,0.0,0.0,0.0,0.0,1.0340057220218979,0.289878379736657,1.9512980738259358,0.46678995222684544,0.889336414658303,0.0,0.0,0.0,0.0,9.036396181384248,2.392008212903735,0.36677696368076895,0.00391839008917904,0.391839008917904,0.4355618203785743,0.17039871123640757,0.0,1.361840515505437,3.0640488656195464,2.8756208887098937,3.0640488656195464,0.20331588132635253,0.022499664384481137,0.1808162169418714,0.6783347584437794,1.0271442294497048,5.205530557612348,0.0,0.3216652415562206,51.538771142079426,0.06249832192240569,Healthcare
2009-09-30,TECH,2010,Q1,USD,0.8060991372831936,0.5891874830913518,0.6193224516788409,0.5891874830913518,0.5967926173084438,0.40238073766795923,0.40238073766795923,0.40238073766795923,2.0972104018912527,2.2613496932515336,1.0347289059993583,0.6733801590996498,0.13660721985192364,17.573815461346634,16.79650872817955,1.794077306733167,10.89507481296758,21.758247422680412,3.698902061855683,3.698902061855683,4.946958637469587,35.02039859320047,84.833874608607,83.12987263191694,0.0,0.0,0.0,0.0,1.0340547678798147,0.2630904647797101,1.7474438902743141,0.4212733339345297,0.9799136608512612,0.0,0.0,0.0,0.0,49.785079928952044,2.8386672068057526,0.34778873449873,0.00399605638890062,0.39960563889006195,0.44659685863874343,0.1797019734192509,0.0,1.5255403409853672,3.1615384615384614,2.974721439119345,3.1615384615384614,0.18813934756343134,0.003779030742381528,0.1843603168210498,0.6742387992041705,1.0129078339838269,4.946958637469587,0.0,0.32576120079582943,52.30525166237926,0.06249832192240569,Healthcare
2009-12-31,TECH,2010,Q2,USD,0.7965690389340822,0.5578974679873628,0.5893377695700615,0.5578974679873628,0.5601104989240091,0.37729888127470584,0.37729888127470584,0.37729888127470584,2.3567857271321175,2.7884937238493723,1.0262550046196488,0.6624304923667981,0.1304593684604556,21.988675385402207,21.039745744136773,1.956674216409732,14.287352962665302,25.82821406901015,-4.649078532421835,-4.649078532421835,5.227751573035088,38.979825094244596,95.86716414549004,90.46141465660752,0.0,0.0,0.0,0.0,1.0280157856169123,0.23691594529899695,2.0627602834806753,0.43090001678851053,0.943612085148585,0.0,0.0,0.0,0.0,17.73429648241206,2.503591380686353,0.39177217750091015,0.003792095114030512,0.37920951140305126,0.439714646193493,0.165903844088908,0.0,1.6742658112316118,3.278656179533985,3.0934849135616878,3.278656179533985,0.1894730484269301,0.010683990121335767,0.17878905830559433,0.673615084879697,1.0039667341467418,5.227751573035088,0.0,0.326384915120303,61.077487957735535,0.06499651025448298,Healthcare
2010-03-31,TECH,2010,Q3,USD,0.7951136913401065,0.5926178889552919,0.6211047553999829,0.5926178889552919,0.5896439853154615,0.46085545974558184,0.46085545974558184,0.46085545974558184,1.8524922898489602,3.0545184556639797,1.0704780313731321,0.7189932988899688,0.13466004460693018,11.106036054283978,10.42490378772534,1.6522179461211262,5.4808588211464455,18.307484253427194,0.622454464616525,0.622454464616525,4.723288937037981,33.74841628959276,108.53794618341571,102.15226117667328,0.0,0.0,0.0,0.0,1.0393273642620444,0.28870731196312593,1.1757139963540613,0.3303736588975213,0.941166336463089,0.0,0.0,0.0,0.0,16.997071742313324,2.0983280614550384,0.2994627639866617,0.004089348922020808,0.40893489220208085,0.47113321892094817,0.21712431620722944,0.0,1.0267483642604311,3.3662984018019952,3.1829346776788587,3.3662984018019952,0.15565000536308055,0.009157460045049876,0.1464925453180307,0.7815825671468906,0.9949817518248175,4.723288937037981,0.0,0.21841743285310938,51.85647651775487,0.06502064786013086,Healthcare
2010-06-30,TECH,2010,Q4,USD,0.7926372275684265,0.5834607428725604,0.6143837875108673,0.5834607428725604,0.5786041910243727,0.38814941391611957,0.38814941391611957,0.38814941391611957,1.954301783988048,2.6441131498470947,1.0070612215185266,0.6849486652977412,0.12858894097329304,11.80921052631579,11.002290883458647,1.6422697368421053,5.529781484962406,20.540428654180342,-0.9037788607839353,-0.9037788607839353,4.239959186276385,31.891021374823875,69.39940633460547,66.94706104468219,0.0,0.0,0.0,0.0,1.0339264077546075,0.34784014181808703,1.8667763157894737,0.47636178313397487,0.9646633102580239,0.0,0.0,0.0,0.0,28.29919857524488,2.9382396449704142,0.3743193666731029,0.004555885529157668,0.45558855291576683,0.45028347732181423,0.17477726781857453,0.0,0.9368992980561555,3.3868250539956803,3.2038336933045355,3.3868250539956803,0.21449784017278617,0.00757964362850972,0.20691819654427646,0.6708375430688324,0.9916763005780347,4.239959186276385,0.0,0.3291624569311676,49.61058358543964,0.06542251619870411,Healthcare
2010-09-30,TECH,2011,Q1,USD,0.7756862167929943,0.5646184413864155,0.5941717565678122,0.5646184413864155,0.5733019353889175,0.3881521819118405,0.3881521819118405,0.3881521819118405,2.055389176271289,3.5052897884084637,1.1029816181791865,0.7053944062623284,0.12591174595644375,14.52138987483654,13.660937791892398,1.6528426427548415,7.161840712373124,21.670921017707503,3.6840565730102885,3.6840565730102885,4.366427855185125,33.64646110824932,77.10056321877846,74.45880858548024,0.0,0.0,0.0,0.0,1.0306724093474544,0.338746023990667,1.91188741515661,0.4518801972183384,0.9657362472722535,0.0,0.0,0.0,0.0,29.185361216730037,2.8745435820616048,0.36510825465438135,0.004211960515615005,0.42119605156150053,0.4585920626349892,0.17800350971922246,0.0,1.1651862850971921,3.533781047516199,3.3519370950323975,3.533781047516199,0.2072286717062635,0.007100431965442765,0.20012823974082072,0.6770466973018766,1.0153794020279958,4.366427855185125,0.0,0.3229533026981234,53.77862326917837,0.06499055075593953,Healthcare
2010-12-31,TECH,2011,Q2,USD,0.7752407396467182,0.5516482542683288,0.5819253264016069,0.5516482542683288,0.5564039699887753,0.3918886985289774,0.3918886985289774,0.3918886985289774,2.123506350948722,3.8841245533435425,1.1078916715200933,0.7119962984773281,0.12186289614260414,18.545933294324165,17.541252194265653,1.9532621416032767,9.938194850789936,22.95421195447351,0.0,0.0,4.495490685246967,35.98198499438767,84.82828133704737,82.77335779567153,0.0,0.0,0.0,0.0,1.0252280712113608,0.2962969446073326,2.152794031597425,0.43470490931647665,0.9757754900961506,0.0,0.0,0.0,0.0,41.2805049088359,2.744591570309586,0.37728951533881055,0.004109153432136027,0.41091534321360274,0.4563394710592295,0.17883428140080337,0.0,1.3133340522470547,3.6525489984633217,3.4721173806378562,3.6525489984633217,0.19837300838433128,0.004805488906262637,0.19356751947806863,0.7043240517081198,1.0086209204572836,4.495490685246967,0.0,0.29567594829188015,58.38413339762951,0.06747229935567357,Healthcare
2011-03-31,TECH,2011,Q3,USD,0.7924112703386609,0.5865663227176777,0.6112677164321957,0.5865663227176777,0.5950361211994074,0.4072845511400139,0.4072845511400139,0.4072845511400139,2.033134296529296,3.145212554628526,1.1625670019825245,0.8101439269212385,0.1308656718466625,16.72869060573087,15.905392334663281,1.9917785032039657,9.589408777656873,21.389070950296162,1.283344257017769,1.283344257017769,4.693322172717592,34.845752645173135,83.59188526137007,82.06386710306921,0.0,0.0,0.0,0.0,1.0292118521500961,0.30504007422931095,1.9578043767380002,0.4246174823982903,0.981720496510838,0.0,0.0,0.0,0.0,54.70608108108108,3.0512530619935934,0.3226242595930981,0.003770900806570925,0.37709008065709243,0.5136924486112233,0.20921899835663677,0.0,1.440623400414882,3.813929523963469,3.634769255637275,3.813929523963469,0.2181227942563108,0.003987176378673994,0.2141356178776368,0.6844702979023445,1.0144396262684965,4.693322172717592,0.0,0.3155297020976556,53.6032860023165,0.06749912443761955,Healthcare
2011-06-30,TECH,2011,Q4,USD,0.7599502806325124,0.5459263435762065,0.5812681001563341,0.5459263435762065,0.5506419949255491,0.36304108254952716,0.36304108254952716,0.36304108254952716,2.061225567881669,3.5976570001920494,0.4171602903843584,0.8180255351265225,0.12634254537212428,12.668627666593359,10.199637123378052,0.9854507417268924,4.267264130195733,27.286710670290496,-2.865104620380502,-2.865104620380502,5.275760336585216,39.62478792383198,92.58478397556813,89.1854868481772,0.0,0.0,0.0,0.0,1.0538249715929449,0.33038040866783935,1.9063118539696504,0.4442963684358902,0.9632844946931242,0.0,0.0,0.0,0.0,27.23644933228594,3.06777561493541,0.3539938583177438,0.0032432807914730528,0.3243280791473053,0.5259334142067664,0.19093543604259333,0.0,0.9490025609920475,3.9501415285078854,3.0139304488475536,3.9501415285078854,0.23367030597115515,0.008579323358943253,0.2250909826122119,0.6593051127504597,1.0086378893505152,5.275760336585216,0.0,0.3406948872495404,66.45854809197328,0.06758997169429842,Healthcare
2011-09-30,TECH,2012,Q1,USD,0.7524485798237023,0.5276947265322954,0.5276947265322954,0.5276947265322954,0.5219341203154801,0.3546703438321563,0.3546703438321563,0.3546703438321563,2.17727770139454,3.3500174398325777,0.45609744515148637,0.82240969984738,0.1234747850218638,8.347690196676323,6.742415002286934,0.784402026508367,3.0200869034913858,22.913956614948585,0.0,0.0,4.280042215714155,32.50760348471571,75.66774658027357,73.25917750929368,0.0,0.0,0.0,0.0,1.066313285393838,0.3831872850324565,1.3123951821924074,0.44373421310376826,0.9681691449814126,0.0,0.0,0.0,0.0,31.416058394160583,3.0958460708505666,0.36430362268812905,0.0039746913727075955,0.39746913727075955,0.5229545760884217,0.18547647930988004,0.0,0.8987397223345465,3.971923439816687,3.059468931122793,3.971923439816687,0.23205283730961046,0.00738644022105405,0.2246663970885564,0.6795308641975308,0.9890834493369478,4.280042215714155,0.0,0.32046913580246916,59.66798544459912,0.06756975333602912,Healthcare
2011-12-31,TECH,2012,Q2,USD,0.73893011170341,0.5047011866813105,0.5047011866813105,0.5047011866813105,0.5072593822828213,0.34573142964292414,0.34573142964292414,0.34573142964292414,2.1612968591691994,3.295908014879946,0.47566987163844016,0.7892055304215466,0.11960310645768989,16.088366494370884,13.186858316221766,1.0841373120933364,5.734900516887347,24.431099058613874,-2.3209544105683184,-2.3209544105683184,4.221815078007585,33.786395221129894,138.32098700444152,123.42498483217534,0.0,0.0,0.0,0.0,1.0447560359226518,0.3679136268777703,1.4471429582949797,0.2737403230559053,0.8923084450533321,0.0,0.0,0.0,0.0,9.285779191276692,1.6269702276707532,0.4013868980746136,0.004107335665821114,0.4107335665821113,0.5049369691067468,0.17457258020884056,0.0,0.931612833414489,4.040915976843586,3.135225612725207,4.040915976843586,0.13822160904615052,0.014885300005410378,0.12333630904074014,0.6815673434900853,1.0050687330821082,4.221815078007585,0.0,0.3184326565099147,64.7939557348336,0.07007114645890819,Healthcare
2012-03-31,TECH,2012,Q3,USD,0.7579794549216106,0.554430107269705,0.554430107269705,0.554430107269705,0.5166764329534447,0.37976106480429556,0.37976106480429556,0.37976106480429556,2.0432243561550116,3.137188032863122,0.4997407215349285,0.8838121208277845,0.12224684737893146,9.969467139741544,8.651248331760033,0.8803905202721501,3.1014615409654636,20.349726665826932,0.691890706638116,0.691890706638116,4.010730352507459,30.91213546836321,78.62585716023847,75.00518469082785,0.0,0.0,0.0,0.0,1.0613455144089112,0.34225734890840775,1.1218059307965236,0.4121333157938795,0.953950613701651,0.0,0.0,0.0,0.0,21.715816005040956,2.8943478626018306,0.32497795692152665,0.003992411817836091,0.39924118178360907,0.5670912000868056,0.2153591579861111,0.0,1.4892917209201388,4.370775010850695,3.456088595920139,4.370775010850695,0.23371717664930555,0.010762532552083334,0.2229546440972222,0.7350075222775142,0.9319054397998361,4.010730352507459,0.0,0.2649924777224858,53.699660929209266,0.06998697916666667,Healthcare
2012-06-30,TECH,2012,Q4,USD,0.7481348737306338,0.4968289676033604,0.5362412780722157,0.5238621776540715,0.5162237388950318,0.34622081569883456,0.34622081569883456,0.34622081569883456,2.0847619299965556,3.150055635034176,0.5177260495859132,0.8389239561564379,0.10938186408350062,9.692503496503496,8.621818181818181,0.676039392183949,3.2636363636363637,25.07835248338901,-1.3793093865863952,-1.3793093865863952,4.051701406496037,34.73059061272734,75.32077177508269,73.0397883088766,0.0,0.0,0.0,0.0,1.0665468639260307,0.26839476861990624,1.0465174825174826,0.4755023449117322,0.9697164087349317,0.0,0.0,0.0,0.0,33.02118270079435,3.2692240475358267,0.3785103336881906,0.0037732775103438525,0.3773277510343852,0.5341112740306289,0.18492044096882806,0.0,1.8259612251547734,4.578323558162268,3.6811936570001085,4.578323558162268,0.2539711632453568,0.0076911589008363205,0.24628000434452046,0.6706797646305734,0.9854189917026542,4.051701406496037,0.0,0.3293202353694266,62.00138888888889,0.06999429781687846,Healthcare
2012-09-30,TECH,2013,Q1,USD,0.740859713428857,0.5038720426524492,0.5452582472509163,0.5038720426524492,0.5063112295901366,0.3421259580139953,0.3421259580139953,0.3421259580139953,2.0326469791384447,2.9723283901544106,0.5063416412740579,0.7904024441635061,0.10527918454062352,15.289419675996681,13.612768001397319,0.8984823882088434,5.711759311820445,25.983913043478257,-4.677104347826094,-4.677104347826094,3.9197777271692096,35.5590845718094,99.73905787348586,91.16701363496566,0.0,0.0,0.0,0.0,1.047052254979026,0.23518845640823888,1.277804462687219,0.3900433188937021,0.9140552916652428,0.0,0.0,0.0,0.0,11.635387673956263,2.2813596320261946,0.40174536387720117,0.003865327781894997,0.3865327781894997,0.5092932008254589,0.17424242424242425,0.0,1.8536643314869121,4.6201599326599325,3.7172531769305963,4.6201599326599325,0.19864641033995872,0.01707260779841425,0.18157380254154448,0.6757226346548728,1.0048408856439965,3.9197777271692096,0.0,0.32427736534512713,62.01758384668035,0.07000108613011839,Healthcare
2012-12-31,TECH,2013,Q2,USD,0.7360254651518986,0.49150939626812995,0.5337692953131867,0.49150939626812995,0.4987280742644806,0.3378128204786703,0.3378128204786703,0.3378128204786703,2.332712036931433,3.0652644602536343,0.527127659574468,0.7424183995332878,0.10362421850200809,16.91419033289449,15.1462760955426,0.9510748208631895,6.737163814180929,24.818366976817536,0.0,0.0,3.6252506820815906,33.53585019245369,109.15906879958382,80.47982356889443,,,0.0,0.0,1.0431997005319877,0.22557439105910276,1.4710833176603348,0.41669885326904893,0.7372710710518746,0.0,0.0,0.0,0.0,3.8062043795620437,1.6237803612206767,0.43557798454502444,0.00438765758593113,0.438765758593113,0.5096038985719715,0.17215073030352393,,1.9417861215181627,4.714156757343758,3.817539501547483,4.714156757343758,0.21235136015637726,0.05579084541456263,0.15656051474181462,0.6773487154836297,1.0146867548233254,3.6252506820815906,,0.32265128451637026,,0.07498506814356301,Healthcare
2013-03-31,TECH,2013,Q3,USD,0.7549758000790201,0.5425967996839194,0.5923918411694982,0.5425967996839194,0.5490171868826551,0.40890458316870804,0.40890458316870804,0.40890458316870804,2.0311982745648796,3.206495395055744,0.5562718990889979,0.7698712952225243,0.10652777229741282,12.01185308334103,10.913518672454666,0.8856820578210441,4.640035713186171,18.766970831571953,0.6380770082734467,0.6380770082734467,3.455270413573701,30.695601540892927,93.27998499174547,75.27927812263438,0.009783109076799643,0.010337605228009656,0.010231832582017672,0.0,1.0566789296589758,0.23268916121636626,1.0167482528247282,0.4077563216120111,0.8070249810749432,0.0,0.0,0.0,4.440037644528099,5.182017887964852,1.8951566624583955,0.33374599915453834,0.004445922601865406,0.4445922601865407,0.5495901416861191,0.22472992779979373,0.050472287063677325,2.123086423104066,4.882396449704142,4.026783290809402,4.882396449704142,0.2240988545681559,0.043245480701373434,0.18085337386678246,0.7447937750191157,1.011832703772812,3.455270413573701,0.0,0.25520622498088424,48.830179036661875,0.07500271429346941,Healthcare
2013-06-30,TECH,2013,Q4,USD,0.743843976093111,0.4734067316766279,0.5116829191569676,0.5009877319911922,0.5129160113243159,0.3574834853727587,0.3574834853727587,0.3574834853727587,1.9782202862476665,3.2645926876202696,0.5837084611635175,0.7307642796719261,0.10214009032281281,12.763869841665628,11.676817105099115,0.7755258031905713,5.104912105722478,22.589406919854987,-1.6565565074560327,-1.6565565074560327,3.480688612565268,32.3013596728531,104.18207702609475,85.60878247240471,0.0,0.0,0.0,0.0,1.054989485330307,0.21622673131022924,0.9346403191621993,0.37731362063541996,0.8217227465234935,0.0,0.0,0.0,0.0,5.609240553684998,1.8289216882166381,0.3889338636443631,0.004304383300370197,0.4304383300370197,0.5392961837033821,0.19278947939851257,0.0,2.25922181206232,5.004756799305141,4.157300092285978,5.004756799305141,0.20348379566798763,0.03627653221866348,0.16720726344932413,0.6969630065744284,1.0238095238095237,3.480688612565268,0.0,0.3030369934255716,59.100097378645565,0.07498235709244884,Healthcare
2013-09-30,TECH,2014,Q1,USD,0.7133818928888266,0.46287995517579494,0.5339683429051688,0.45980996404725216,0.46287995517579494,0.320166223093804,0.320166223093804,0.320166223093804,1.9395942763992031,3.6890024038461537,0.6145105988938109,0.7557029692489546,0.10993083447753725,13.840797001380944,11.87014203985007,0.6000342680906963,4.135726967843756,26.891382528802684,0.0,0.0,4.059517834562299,34.43884951206985,102.53379300757628,90.54188614393125,0.0,0.0,0.0,0.0,1.072275280937527,0.26863930560433497,1.6070724008680213,0.3803637297473969,0.883044345557772,0.0,0.0,0.0,0.0,8.550249278404618,2.192504373570179,0.40290943561324194,0.003745711429876242,0.3745711429876242,0.5813202323435209,0.1861191031974377,0.0,1.2533182237663536,4.931620161771891,3.2737093534552955,4.931620161771891,0.221113131751805,0.02586043102980294,0.19525270072200207,0.6916830584556413,1.0066766520271129,4.059517834562299,0.0,0.3083169415443587,62.662892619797134,0.07498914282612236,Healthcare
2013-12-31,TECH,2014,Q2,USD,0.6973945749074592,0.4310794244022043,0.4999464394110716,0.4254377090350762,0.4310794244022043,0.29821345680040945,0.29821345680040945,0.29821345680040945,2.0778286138246567,3.549350830657546,0.6357271454290858,0.7295738934863971,0.10473780331976588,12.625672802930934,10.816816680989643,0.5576560956056453,4.450766656112895,34.84322251047695,-3.3101061384953105,-3.3101061384953105,4.6651397943697495,41.562871323660694,126.17841951219513,111.48674286444034,0.0,0.0,0.0,0.0,1.0716566380950345,0.3247711599715496,1.4167081279117102,0.37280550364807125,0.8835642679266968,0.0,0.0,0.0,0.0,8.588428845626542,2.0769179762615213,0.45635601676312115,0.003274352828773947,0.3274352828773947,0.5694986714386422,0.1698321674529581,0.0,1.2665799034759504,5.073802939103086,3.4272883791551436,5.073802939103086,0.21231223903259042,0.024720730979881787,0.18759150805270863,0.6917830912805787,1.0132609668755594,4.6651397943697495,0.0,0.30821690871942126,80.79196647938292,0.07750393145707933,Healthcare
2014-03-31,TECH,2014,Q3,USD,0.7127936790330176,0.48212024488514466,0.5468996912772749,0.47898069174820784,0.48212024488514466,0.3311286693527288,0.3311286693527288,0.3311286693527288,1.9701655635966269,3.26015680684248,0.7149481581826708,0.8191669024166517,0.1150480515696525,13.114882613692332,11.53936135281563,0.6830266230733302,5.073181743556066,24.89430612180399,1.0580080101766702,1.0580080101766702,4.054770546213134,32.97287384228978,102.71975222508395,90.19072994790176,0.0,0.0,0.0,0.0,1.0688831091280897,0.34608900052336206,1.4338368084058446,0.36559049761917223,0.8780271368867006,0.0,0.0,0.0,0.0,8.19854494250176,2.2249538245971596,0.36155620871653865,0.0036309126969386097,0.36309126969386096,0.6471986670640189,0.2143060334317683,0.0,1.4909579800059602,5.262936522987728,3.6322302294708892,5.262936522987728,0.23660968275039962,0.028859960445395683,0.20774972230500394,0.6868175996874254,1.0065546548974196,4.054770546213134,0.0,0.3131824003125746,57.92533266997072,0.07748367695266993,Healthcare
2014-06-30,TECH,2014,Q4,USD,0.687320990456427,0.3988846016666126,0.45628654496719734,0.4198523610345536,0.4263912756828032,0.28991710169363294,0.28991710169363294,0.28991710169363294,1.6822057780767623,2.9973062577704104,0.7447164517208537,0.789984631147541,0.10727416286082986,17.786859156530635,16.314880072752075,0.47801445869157766,12.071084839528627,31.908079331941543,-2.2335655532359073,-2.2335655532359073,4.304991770038918,37.00279152210802,95.5808168848935,90.28267398011656,0.015010011698672797,0.01627885044607772,0.016018094284784543,0.008721589705108805,1.0845328286797482,0.2506756399783795,1.4368913644803152,0.4098548469029322,0.9445689723372274,4.9739452008740965,0.0,6.374348630021853,2.9291673103661364,18.040437678401524,2.7942671873848646,0.4275648672830301,0.003349973394160212,0.33499733941602117,0.6253582242889586,0.18130204390613172,0.08750135178976966,2.4558910998161565,5.37515545582351,3.6161457770087595,5.37515545582351,0.2563060992754407,0.014207310479074295,0.2420987887963664,0.679932067628197,1.0155743191062143,4.304991770038918,0.003781389446403183,0.320067932371803,73.85620200393207,0.0775183843408673,Healthcare
2014-09-30,TECH,2015,Q1,USD,0.673562137595988,0.3218101533043871,0.4545848428699171,0.3246402463194963,0.3189431861131853,0.220387731961614,0.220387731961614,0.220387731961614,1.7821386912878476,2.609313978336158,0.6784366318612894,0.8891120108847106,0.10653173059925755,6.60079275198188,5.315771332906593,0.14439151956663865,2.4186075139100893,36.206706403982096,-3.2586035763583903,-3.2586035763583903,4.363899910891301,31.918055624694635,112.3673423554993,96.93641637269724,0.12270539940683126,0.15747914390109566,0.13605354768668898,0.1304205346280729,1.2833921299499755,0.3235632312476231,0.8793638288443547,0.3292679554191211,0.862674281874685,6.169488817891374,113.2347266881029,6.004034291477559,0.2858674947577353,7.281957186544343,2.1809855284850705,0.4798594553896348,0.003313332687841905,0.3313332687841905,0.7328140622044478,0.16150322911881537,0.8461709946766828,0.883697678817521,5.35988461642392,1.220519090982787,5.35988461642392,0.24129218796443916,0.03313562299024509,0.20815656497419407,0.690993699057749,0.982451158564289,4.363899910891301,0.03608679097063238,0.309006300942251,70.75523036988969,0.07749885156862216,Healthcare
2014-12-31,TECH,2015,Q2,USD,0.6765909172115625,0.384106906778147,0.4186229320756065,0.3088934147997284,0.3802033086790296,0.29664665737663914,0.29664665737663914,0.29664665737663914,1.9566539658125635,2.758055915289099,0.6855060115497491,0.8971917676476245,0.10004307425035612,6.177280939476061,4.984530261969287,0.14449107657651616,2.0995483288166215,25.796124544551176,0.6878966545213647,0.6878966545213647,4.175373652644995,30.609336477650338,105.16369997544807,95.91485192856743,0.1715990555836561,0.23397491354751293,0.1896107538157857,0.1847953599763191,1.3634976763228632,0.49020127292591237,0.8068202348690153,0.3191303105013042,0.9120528466662935,5.842679127725857,79.1304347826087,5.9712518803275945,0.18605450502294044,11.370464672183322,2.380939686771076,0.35722243970008133,0.003461977777738867,0.3461977777738867,0.754671700148308,0.22387083726574086,1.2973978697586626,0.9433598489955508,5.532438991506,0.7130645813671296,5.532438991506,0.24083861399487663,0.02118107051368478,0.21965754348119185,0.780231656603153,1.230855986119144,4.175373652644995,0.05603717212184248,0.21976834339684703,75.23269460566746,0.07997168666576783,Healthcare
2015-03-31,TECH,2015,Q3,USD,0.6953520559224934,0.34314721701501427,0.43738502776853133,0.3453634436482769,0.33952066434240263,0.21277527637134497,0.21277527637134497,0.21277527637134497,1.732685740305077,2.574241302738712,0.6813204035654814,0.917042213921356,0.10337542617302285,7.652948355100875,6.327551735777529,0.11808020714961705,2.7639238698621247,38.33057472210786,-1.4054544064772885,-1.4054544064772885,4.541340136037831,32.62319451987596,144.05843416370107,121.00983363659995,0.1720674994679912,0.2317069601714984,0.18811857662900303,0.1856968235795277,1.3466050293512961,0.47029404191770946,0.7991067951081453,0.2695912682422607,0.8400051988562516,10.375073142188414,95.23188405797102,10.245006657789613,0.16196616056627108,6.250203086921203,1.8311417861605284,0.4892136681762042,0.003190753541545786,0.3190753541545786,0.7684716462922074,0.1635117669233669,1.2819012870913888,1.0767273412677043,5.5203968980559,0.9217109160428671,5.5203968980559,0.2071732457321342,0.03314664225321773,0.17402660347891646,0.6266931551381615,0.9830822300005073,4.541340136037831,0.051021714566761134,0.3733068448618385,76.26057238989806,0.07999219128655286,Healthcare
2015-06-30,TECH,2015,Q4,USD,0.6721569227369691,0.3283105139253631,0.4090410749343464,0.32126496859675513,0.3250129607438192,0.223766179682653,0.223766179682653,0.223766179682653,1.6800839592198076,2.8695231719110317,0.7780825786150836,0.9068509198529469,0.11065208396027686,6.2432860591430295,4.996630456648561,0.16554464595125332,1.371253268959968,34.74142048691557,2.779313638953246,2.779313638953246,4.320080572889301,31.095819756423005,121.13317132925012,98.51712323972104,0.10913331327114054,0.13702114093761622,0.1205088771037495,0.07935343257947572,1.2555390909573934,0.5063605456814563,0.9338915711124522,0.315638730951956,0.8132959961226742,8.208522212148685,97.42525773195877,9.229373757455269,0.3200313663311733,5.356071531583502,1.9731696950377218,0.4515173382961753,0.0032491283600956044,0.32491283600956045,0.7917462923586251,0.17716604311899442,0.7834898931445644,0.7463798347374371,5.698967781874949,1.099897720237935,5.698967781874949,0.2499057949559928,0.04665841251042985,0.20324738244556295,0.6884838659065948,1.0116663580328562,4.320080572889301,0.021051553062584445,0.3115161340934052,77.29941282802469,0.07999354022555379,Healthcare
2015-09-30,TECH,2016,Q1,USD,0.670851834384816,0.2873973358485865,0.3824756853916587,0.27609649317945206,0.2833842019558466,0.2020626262446499,0.20205372794333562,0.20205372794333562,1.5847281957272792,2.8071639978750853,0.6273000152627741,0.8459112395748652,0.09960029069767441,5.350732682060391,4.04151865008881,0.11499691775750501,1.0844138543516875,37.84503809397983,-2.27070228563879,-2.27070228563879,4.102155768801607,30.586924124184694,133.6881269446173,107.98194075330632,0.1491030913216109,0.20077164784884963,0.16720218886624003,0.16398836693055577,1.3465290764213012,0.5556923594216657,0.706771758436945,0.28325962573744673,0.8077152640341784,7.83607316508451,68.79822616407982,8.229834539813858,0.18921633895242398,5.2006208135925505,1.7670274771024146,0.5238032324833751,0.003460184338978765,0.3460184338978765,0.7558785547095698,0.15272807985148915,1.134594689122656,0.5869474562135113,5.63606096478248,0.573293604885792,5.63606096478248,0.21410987650999488,0.04117006107239904,0.17293981543759585,0.7130027946117373,1.0263955137295346,4.102155768801607,0.04894296052231643,0.2869658052563821,82.74860107484355,0.07999946191718905,Healthcare
2015-12-31,TECH,2016,Q2,USD,0.6747913685725392,0.2958803046969985,0.4013828810573416,0.2979562804469551,0.2925719768086215,0.21380896060608567,0.21380896060608567,0.21380896060608567,1.795737412743205,3.771340878572799,0.670132083510865,0.9020015965026148,0.10667138381565006,7.211560467777499,5.573920567138352,0.13150373497888926,1.7430572999525524,32.36828362539167,2.4276212719043717,2.4276212719043717,3.9084922747076813,27.6825163141919,99.45946749078807,86.8473494382314,0.14696507045285512,0.19452252193338418,0.1628454201253078,0.15973298846469347,1.3235969699057504,0.5777960435926416,1.0756370537832483,0.31874912122540466,0.8731933885155297,9.311768918596323,90.0625,10.171285299551332,0.23135708196760676,7.886024145692654,2.2954910953600574,0.460407721171328,0.0035560096922327687,0.3556009692232769,0.812787383366049,0.17378122563123505,1.1224958993250693,0.7658380166178171,5.7566955282476,0.7858573771814246,5.7566955282476,0.2590752641910242,0.0328524563715077,0.22622280781951654,0.7307909764233618,0.9819292158223456,3.9084922747076813,0.04976919698477148,0.26920902357663823,71.11345559447764,0.0800102180752373,Healthcare
2016-03-31,TECH,2016,Q3,USD,0.6870805433180884,0.32783856214639656,0.4332954120314874,0.3323356722377895,0.32441800981881763,0.23127667534530016,0.23127667534530016,0.23127667534530016,1.5027422093717013,3.032258064516129,0.7181859601163565,0.979852767345473,0.1142819996666815,5.596082889994851,4.371910931868886,0.14029526867265574,1.4096662090269436,29.01658842560496,1.644273344117614,1.644273344117614,4.121831828381569,26.843440403747337,102.4974758753389,94.67016506449093,0.14101990225565877,0.18947620175341925,0.15929381476830762,0.156126517407521,1.34361319730539,0.5996863589015694,0.7966577998970311,0.28354699060111627,0.9236341115329725,10.46781015037594,97.15848214285714,9.752363445378151,0.2297854172854173,13.094851904090268,2.5198127289998644,0.3929219900300419,0.0033853220808284074,0.33853220808284074,0.8802895472631466,0.20359043983224004,1.0892569093450908,0.5685221529196688,5.732887944940316,0.69172760511883,5.732887944940316,0.24960345198408432,0.019061189375201633,0.23054226260888266,0.7128971522711226,0.9761757070324166,4.121831828381569,0.04596893071880053,0.2871028477288774,63.64174308370044,0.07999516076997526,Healthcare
2016-06-30,TECH,2016,Q4,USD,0.6655585402413143,0.2834849586678737,0.3625947967527938,0.2969086240928452,0.28027188673364895,0.19015746278624537,0.19015746278624537,0.19015746278624537,1.4429561102009787,2.1822495521231784,0.7892893418794438,1.0181320922923498,0.11931046022733813,4.688920900511571,3.634347239920956,0.1450163251767395,1.1863445804938408,40.948433622102556,-2.7298955748068368,-2.7298955748068368,4.773653716677282,31.14660097060002,126.020903713934,115.4362707296279,0.11842246218925602,0.15212332817759985,0.132037364800368,0.09425410494653784,1.2845817032117186,0.6510320172948949,0.6715238148004506,0.26981641709087134,0.9160089106460219,8.759541984732824,92.40646651270208,9.673051343442404,0.27183965191127324,11.906024885396201,2.430060816681147,0.4647233278701319,0.002837247281293382,0.2837247281293382,0.9050746830002149,0.1721067053513862,0.9012465076294863,0.6436371695680206,5.905329894691596,0.9259751773049646,5.905329894691596,0.24420400816677412,0.02051096067053514,0.22369304749623897,0.6784749801429706,0.9439668099570129,4.773653716677282,0.022694881078908914,0.3215250198570294,87.32195972495089,0.07998200085966044,Healthcare
2016-09-30,TECH,2017,Q1,USD,0.6468781828903133,0.22350112190900667,0.38007826559759844,0.19483692114473009,0.18477420145350396,0.1443012383118524,0.12469654850246208,0.1442016832464141,1.189121506561154,3.252292283820003,0.6538805144712773,0.9759052352303725,0.08605138661080201,2.898174104806758,2.239216565747178,0.04810780572336123,0.6502672497570456,62.68831173616655,-1.7761688325247182,-1.7761688325247182,4.5600155462114484,31.26806441978542,172.9358373570521,156.7255918931368,0.2502054396870595,0.4240374359919365,0.29777127010468396,0.27726320632499124,1.6947570625254775,0.6482392976551272,0.2434402332361516,0.1995083511383739,0.9062643942883464,8.232072498029945,18.94415487714073,6.978837396196089,0.06861549563976074,10.668304668304668,1.8124391262000834,0.7327887981330222,0.0029223501871332774,0.29223501871332774,0.8756538182988653,0.10919100882487058,2.555081676993643,0.8179099273088168,6.004365494487809,-1.1669416056436255,6.004365494487809,0.17470024945682788,0.016375633700812745,0.15832461575601514,0.6748590848806366,0.948353116893326,4.5600155462114484,0.08504328046671548,0.3251409151193634,88.51538594829844,0.08001394812370913,Healthcare
2016-12-31,TECH,2017,Q2,USD,0.6455044117535488,0.1298034247043025,0.351513956011441,0.1224972877009567,0.10271836852367476,0.04789578702193358,0.04789578702193358,0.04789578702193358,1.2629062547907404,3.6198481561822127,0.707001165095553,0.9989011155571723,0.08671370536668804,2.4442431394711037,1.8949936007180492,0.0348223534121744,0.4898027026577797,151.93864723586253,-2.4687224809372053,-2.4687224809372053,4.3081866618458005,29.108884353638274,98.94408334837661,92.16321691088157,0.22845282149964638,0.3899219940420381,0.2805351636375681,0.2784395478321742,1.7067943896794535,0.699399068755555,0.3459767631268388,0.3158405850979083,0.9314676915685803,7.201841620626151,8.79891008174387,11.579972183588318,0.11988342826864486,14.591657903960742,2.8143591130340724,1.8911769364802788,0.00311174439631627,0.31117443963162694,0.8832354990886673,0.04230325935456202,2.339236892891605,0.7739291840892034,5.96770799828455,-1.0768467888924627,5.96770799828455,0.27896161681140774,0.019117883563846895,0.2598437332475608,0.46628259103331116,0.8385358602749907,4.3081866618458005,0.09050721908019181,0.5337174089666888,89.03290857290857,0.0800029484292913,Healthcare
2017-03-31,TECH,2017,Q3,USD,0.6538806001235794,0.2308365211716434,0.3760839228809264,0.22428264959697855,0.20848809680845895,0.14849656685434992,0.14849656685434992,0.14849656685434992,1.2171969408881564,4.142762173840785,0.7818150453996582,1.089983805790565,0.09393119090457934,2.152194092827004,1.703762306610408,0.05983475778010123,0.4208157524613221,44.33592968348217,0.19195596986809577,0.19195596986809577,4.177883415480354,26.334933385171865,181.29354299096687,152.09931432695777,0.23360359872729847,0.39454250075722114,0.28291895051100197,0.27456650169947633,1.6889401657625904,0.8532441606293428,0.17537974683544305,0.1731430118650069,0.8389670796744055,2.742710843373494,15.97675568743818,1.7107284949924544,0.06962020015912232,6.209910358565737,1.5626918979885958,0.5583711253448034,0.0031485249623220976,0.31485249623220973,0.9648780814576634,0.1432810825294748,2.413163183279743,0.7611200428724545,6.08202706323687,-0.9680198285101822,6.08202706323687,0.16706189710610933,0.026902465166130762,0.14015943193997857,0.7122544122544122,0.9295774647887324,4.177883415480354,0.09443597667070336,0.2877455877455877,75.53220971017168,0.0800040192926045,Healthcare
2017-06-30,TECH,2017,Q4,USD,0.6538019389697147,0.2964975922543397,0.35780250098992195,0.2648839556004036,0.24938369375007982,0.2050224169423546,0.18399775191917128,0.18399775191917128,1.3402208336899768,3.215887517797817,0.9011820252364882,1.1587726828690683,0.10058632206406952,2.5507476580277193,2.1063565708206506,0.07189853192170689,0.6768226011406957,38.08284345713294,1.0663196167997226,1.0663196167997226,4.6156313188413876,28.028630331208728,97.61486865811072,86.34518818738071,0.2247790612294455,0.3679985949073806,0.2690050971377611,0.26554266266439464,1.6371569170837597,0.8378867944721669,0.37550607287449395,0.32461137579992083,0.884549550435792,21.197222222222223,19.20138888888889,0.0,0.14526025784288787,8.661724608043626,2.9246216698314056,0.39954876778896214,0.002622892170845284,0.2622892170845284,1.0482139031705227,0.19286900171379606,2.3568913346186804,1.0558188731790916,6.365326424592974,-0.5371746465295629,6.365326424592974,0.34026215724078834,0.03928341902313625,0.3009787382176521,0.7378098750256095,0.9414828209764918,4.6156313188413876,0.07833153196626307,0.2621901249743905,82.94584249607311,0.07706057197943444,Healthcare
2017-09-30,TECH,2018,Q1,USD,0.6767579678175545,0.24812430417735612,0.3547744670257861,0.1800045639050431,0.15881698049276344,0.10969276621050666,0.10969276621050666,0.10962361613409582,1.347430701141393,3.099390001326084,0.7025942403655384,1.05675723075574,0.09468043316005186,2.8698040754547747,2.248189776793639,0.05512271614074035,0.6770374938102045,71.20360083212508,-1.6910855197629708,-1.6910855197629708,4.707192965274377,31.242079757698132,114.6034264261979,101.0831143726508,0.22096662258246147,0.3516320938519082,0.26015370266166143,0.26015370266166143,1.591335785207489,0.7053776552935151,0.41759863964645755,0.3090731815258656,0.8820252371576874,19.70619705751226,11.605439144003567,0.0,0.1324325925925926,8.476389152285227,2.593929545586443,0.7538296665195738,0.002646739974207411,0.26467399742074105,0.96728515625,0.10610418450342465,2.2724676262842465,0.820881046660959,6.41996200770548,-0.5283738227739726,6.41996200770548,0.2989619006849315,0.03526995933219178,0.2636919413527397,0.6906866373492402,0.8822941876992816,4.707192965274377,0.07470101532823223,0.30931336265075976,93.22769476659195,0.07998448202054795,Healthcare
2017-12-31,TECH,2018,Q2,USD,0.6606034264659137,0.24366700615622142,0.3449624723489001,0.15664956244769807,0.14097033466750566,0.31687349581260177,0.31687349581260177,0.31660752628881694,1.5650368535401733,4.622636508216999,0.7662419449326303,1.1133315518449238,0.09910686617522448,3.098935341469748,2.487540182129138,0.1156055473159219,1.087563463139892,24.83209020001228,0.1241604510000614,0.1241604510000614,4.862497547150335,31.474524920046967,147.71188967028954,123.82962686948088,0.2330557237842849,0.36329234059483734,0.266481612033648,0.266481612033648,1.5588217903246981,0.709509497530688,0.35084483206332434,0.25417604587649933,0.8383186156908785,34.44573144573145,10.35950235950236,0.0,0.10808827586206897,6.185003946329913,2.1384052829776783,0.24541937068806682,0.002470788490933653,0.24707884909336528,1.029086223931213,0.32609014926967345,2.4355189724692248,1.0840409623754974,6.661185879462736,-0.1978824534700526,6.661185879462736,0.2615690672648135,0.04229084888782077,0.2192782183769927,2.2478026782016474,0.899908895146596,4.862497547150335,0.07471311544573317,-1.2478026782016474,95.77325610696354,0.08002883922134102,Healthcare
2018-03-31,TECH,2018,Q3,USD,0.6724338763089045,0.2794789386057461,0.3787208869752947,0.26275057478975195,0.1523543510212047,0.12037347612106872,0.12037347612106872,0.12037347612106872,1.4939367158957353,3.696627666896077,0.6063260560359425,1.1484391962403435,0.10133362172851713,5.529137594586627,4.2854936755064506,0.06432166727991741,1.2158751105557974,71.74553044888033,-1.1838012524065253,-1.1838012524065253,5.352448209000918,34.54503558512682,312.22870245838385,261.63755750577366,0.24256094923214783,0.370880626518957,0.2705418833299329,0.2705418833299329,1.5290203459914655,0.588748738828987,0.303940699976134,0.13203393241570258,0.8379676674364896,22.209375,16.8296875,0.0,0.05515923566878981,6.171607753705815,1.3965039024704895,0.6077110142871618,0.0021175918920836615,0.21175918920836617,1.0930658880622883,0.13157614057542064,2.633522651521212,1.1761325760605819,7.05471562275018,0.025537956963442923,7.05471562275018,0.1443217875903261,0.023384795882996027,0.12093699170733008,0.7900888639820671,0.5798440256243617,5.352448209000918,0.0692917730423374,0.2099111360179329,96.1408231884058,0.07996026984507906,Healthcare
2018-06-30,TECH,2018,Q4,USD,0.677821296614777,0.3291078145283877,0.4242679774096553,0.23807516060669945,0.31217615143075883,0.22690758596203137,0.22690758596203137,0.23113495400934236,1.4984205626122231,3.147301105571212,0.6780543620399776,1.2401546632908607,0.11313945124347069,5.0624729952980045,3.9740500698945227,0.1129310562836417,1.5502605159486593,33.99107968020342,0.31563145417331745,0.31563145417331745,5.153224636170302,30.851335337912058,94.22199894952644,85.76746402628048,0.21277904496730485,0.31413758114062523,0.239044667505791,0.239044667505791,1.4763558187268624,0.5612845267954868,0.8239801753717118,0.3597090771910748,0.9102700535171733,20.015067147068457,14.056338028169014,0.0,0.1912654867256637,11.144551392231007,3.632436974789916,0.29417373658345763,0.002163609830513753,0.21636098305137533,1.1989756551815884,0.27205667154449914,2.2751962218970334,1.2089530397765065,7.17802979912199,0.23229346813888518,7.17802979912199,0.4312824264999335,0.03869894904882267,0.39258347745111083,0.7268575287448241,1.3112504077923288,5.153224636170302,0.06095941926065179,0.2731424712551758,75.55424708405252,0.08003192763070374,Healthcare
2018-09-30,TECH,2019,Q1,USD,0.6602626250230104,0.17873841811376326,0.2956433699453887,0.15808430999570472,0.10790943118365344,0.10678652512732405,0.10678652512732405,0.10668834754862858,1.4201807360156162,3.032312832028041,0.6089773202226182,1.1123396878050111,0.08704741699328811,4.591356870640684,3.5017617027396275,0.0477954817503989,1.134608470554397,110.3638539332299,-1.9865493707981383,-1.9865493707981383,6.924617632398923,47.141489844756705,217.89802597991945,194.75381768403977,0.2999004378810361,0.506073626212179,0.33602183678428094,0.3310173041927303,1.687472115038816,0.5262648019039439,0.47275952158385465,0.24205682027367,0.8937842222672886,2.7057895033541914,4.917541515556404,3.15584,0.07025805337033125,9.414797136038187,2.4266732283464565,0.6933287364247543,0.0015705521140196362,0.15705521140196363,1.0807889221954001,0.11541369339735258,3.7583362071252355,1.085769424622649,7.357806987293419,-1.5121030851261374,7.357806987293419,0.2616123298936255,0.0277873570841181,0.2338249728095074,0.9895939952234732,0.6826068392656135,6.924617632398923,0.0730832593332461,0.010406004776526782,169.14235071916315,0.08001963020930047,Healthcare
2018-12-31,TECH,2019,Q2,USD,0.6476305082803278,0.19255630049853878,0.3064638129620079,0.19255630049853878,0.12473210704257635,0.10060168471720818,0.10060168471720818,0.10049853876568678,1.5404782712322238,3.8401298944607505,0.6764424399097959,1.2013465324723602,0.09459397928917104,4.345479915820294,3.3057576173483394,0.05001823873908181,0.9823176868880958,77.82945317840054,0.0,0.0,4.984832998153089,31.319096441464673,130.25800233561333,117.37850911668062,0.2956198721618012,0.49740657135690997,0.3321787020783363,0.3270551539501158,1.6825884123401054,0.5893895692467729,0.5325624485314301,0.26682138559394875,0.901123209415201,2.6983953119009803,5.83486716443827,3.72504,0.08537889025595514,10.113596872284969,2.7900413445982384,0.6883686488949646,0.002211144434347647,0.22111444343476475,1.15520574061325,0.11621564370068316,3.648308001906477,1.0362031986442832,7.258016469840597,-1.444440766827305,7.258016469840597,0.30823359635651115,0.030477148758142246,0.2777564475983689,0.8065420131391556,0.6477695443859179,4.984832998153089,0.09978399909108333,0.1934579868608444,110.78660683233298,0.07999920563469788,Healthcare
2019-03-31,TECH,2019,Q3,USD,0.6740740340039273,0.2974667452842947,0.4019885211050465,0.23850352426958635,0.2698081261055604,0.24155446524686117,0.24155446524686117,0.24155446524686117,1.3803116623235046,4.044234125385958,0.6420677969714085,1.2721048176769727,0.09871794461016609,4.318673697308434,3.3615918896039654,0.08807850739035619,0.9746448132018318,42.277165763425444,0.28184777175616965,0.28184777175616965,6.587806181113284,40.84895267254856,217.3871733310303,190.3932792093187,0.2788956423573842,0.4556228658967465,0.31300886827994207,0.3078233438866784,1.6336679269907683,0.5983641048215858,0.40452028108968147,0.2145503919160883,0.8758257273965004,3.9226139783114746,8.623117543516527,3.17296,0.07594228983370511,8.053197969543147,2.3315501734172006,0.27065884355264924,0.0016005025328992128,0.16005025328992128,1.2235319813618553,0.29554961347029546,3.4905353171661546,1.1833501006036218,7.586744149105157,-1.0092396484168167,7.586744149105157,0.26250926612305414,0.032596897172508736,0.22991236895054537,0.8952823946909397,1.1312542526650033,6.587806181113284,0.06916154685955712,0.10471760530906028,107.35927225750888,0.07999311659430265,Healthcare
2019-06-30,TECH,2019,Q4,USD,0.6691867017280241,0.14807684280824776,0.2519982886718424,0.22572314049586778,0.11887991485098923,0.08587945571416646,0.08587423825027131,0.08533162200517573,1.3942647636506482,3.9114743985194322,0.6963756177924217,1.2442563246969922,0.1017103496585138,4.045761631612492,3.1529832818551746,0.050607870387759955,0.9892239054762956,120.41642384105961,-1.9013119553851519,-1.9013119553851519,6.801484639954564,41.36267468069121,179.1416748768473,141.70335108854968,0.2680732961510499,0.43339461851475947,0.3023554106571364,0.2970965156620025,1.616701942108239,0.6027093998817625,0.548570868264941,0.29189623507805323,0.7910127623065099,2.3195910472506216,7.732439678284182,4.47568,0.11074906960171035,4.784981183715361,2.3487971787228683,0.7368005346618871,0.0015296927760336226,0.15296927760336226,1.2649085293418865,0.10862305641350545,3.3707861460890682,1.0957538079776141,7.692438161611362,-0.9668897336395554,7.692438161611362,0.3692220374330139,0.077162693698688,0.2920593437343259,0.7223612025455344,0.5266625060675404,6.801484639954564,0.06372059064411188,0.2776387974544657,172.50894801134598,0.08003352604207914,Healthcare
2019-09-30,TECH,2020,Q1,USD,0.646212952200084,0.1856933143421577,0.29530186691988236,0.18187325027422602,0.09717151541941575,0.07857326064297135,0.07857326064297135,0.078513231064761,1.493130927935856,4.595845739401673,0.7135435584172583,0.7839440415837772,0.0951897842524888,4.440397426020755,3.411088956360176,0.045928098411835844,1.1316785244935876,129.22110293096264,-9.230078780783044,-9.230078780783044,6.337889329463544,40.61329360466703,247.95434663823548,183.57881940847085,0.29515726524497304,0.48388212129883224,0.3260920219695709,0.2873903069584532,1.6394044066549482,0.5965922132381788,0.4592717632664159,0.2212308246426876,0.7403734675250992,1.8791787117337484,6.382037533512064,1.8630055147058824,0.0713481148778745,3.851686460807601,1.7863311888604918,0.8451868315043756,0.0016351563566902906,0.16351563566902905,1.2045317101388304,0.09464398401346234,3.7692469499368952,1.0413007467395876,7.718657972233908,-0.785693626419857,7.718657972233908,0.2664795435422802,0.06918515986537653,0.19729438367690366,0.8086038414017747,0.5342815134875626,6.337889329463544,0.0665559294905422,0.1913961585982253,146.18562906564162,0.07999184896928901,Healthcare
2019-12-31,TECH,2020,Q2,USD,0.6564666313387478,0.8392075010544302,0.3064012025911947,0.20002811813944435,0.8128629673288849,0.6468361685790607,0.6468361685790607,0.645906107043594,1.6548459549184362,3.3276241357636707,0.6662856183993875,0.7701187238951098,0.0925403382180378,4.431259706725868,3.5227482778005395,0.2076460558729726,1.0508799176774366,17.51019845847754,0.024167854890165964,0.024167854890165964,6.331229457406517,45.304918727762335,150.0057263580048,118.98122411883325,0.23220552287687993,0.3506583302351309,0.2596203069166176,0.21871059156925257,1.5101205427446145,0.557199630007924,0.6709479481291626,0.3807736814214801,0.7931778806555142,1.1854963923645996,0.0,3.215727463695315,0.1517488681005855,4.835072782202691,2.6314648729446937,0.10195448997676013,0.0014556444094355624,0.14556444094355622,1.211347499148479,0.7835433751670291,3.039556423088008,1.5979118086304922,8.668142636308854,0.2580435978725077,8.668142636308854,0.4612492467314696,0.09539654675505017,0.3658526999764194,0.7957505687638865,4.063743512110727,6.331229457406517,0.046828639229423,0.20424943123611353,154.10436679373146,0.07988576518982367,Healthcare
2020-03-31,TECH,2020,Q3,USD,0.668086089993836,0.2635453051160879,0.3522549825354428,0.24548489829463735,0.24050236285185947,0.1871378672693651,0.1871378672693651,0.18700431477296076,1.6575281817253005,3.274233595135546,0.6482899079991572,0.8153692154982137,0.0973876225474257,4.685697956850979,3.7362956612849456,0.08129943454929255,1.487983997713959,49.84478562801932,-0.7199802368491679,-0.7199802368491679,5.625308549425836,37.31138750770495,180.74951899868114,146.83500616547735,0.24956353656938243,0.3863512454424643,0.2786820776571362,0.2398117055296783,1.5481077514505122,0.5211869398070312,0.4712006477115778,0.2541041709471954,0.8123673411631527,2.193290614398794,10.653366027641551,2.244102703683542,0.09915952237298124,5.329562594268476,2.2943741013867633,0.33703886693017127,0.0016904419523709974,0.16904419523709974,1.270657650836749,0.23778816280709084,3.2854410881654177,1.7040962848863013,8.427982142390935,0.22912043443072344,8.427982142390935,0.322879408923583,0.060582721980001565,0.26229668694358144,0.7781123854680592,0.9797032914147015,5.625308549425836,0.05911411766532189,0.2218876145319408,110.91835338378755,0.08014385296190898,Healthcare
2020-06-30,TECH,2020,Q4,USD,0.6444373670621154,0.37616160697021056,0.48189769896607026,0.22356882059214941,0.3499152609847925,0.3346622382474379,0.3346736126118953,0.3333883094282107,1.434981311309514,2.707665656128194,0.6060958585388553,0.7081685421315054,0.08672073087790474,4.8835639554505565,3.916526043424457,0.1235123306574752,1.3745921925975926,42.97296514690638,0.7366794025183949,0.7366794025183949,7.323616354569097,57.52766996144091,368.92991173681526,225.8337683909714,0.21381354899834237,0.31387815741765085,0.23889441775526557,0.19951084798905783,1.4679993802454692,0.4389293492845063,0.4199103761202985,0.2547345792053869,0.6121319014980688,3.0787182950622842,8.51440329218107,2.032720671658725,0.10331790942181092,2.5781960513440394,1.5116263372819008,0.20830288714802794,0.0012118251930948243,0.12118251930948244,1.147621658312448,0.38407868629908104,2.8596425960735172,1.768046418128655,9.014672096908939,0.8898483187134503,9.014672096908939,0.2923389202172097,0.1133889411027569,0.1789499791144528,0.9564418873015099,1.565134440741777,7.323616354569097,0.03621022255477126,0.043558112698490095,122.7632511152548,0.0800046992481203,Healthcare
2020-09-30,TECH,2021,Q1,USD,0.6744939985014619,0.21427626971728558,0.3443503641056029,0.24041253874896548,0.1926503068085544,0.16354144731364992,0.16354144731364992,0.16343860645742633,1.6650956089207811,2.444575211474807,0.6270388573908285,0.7802938535317832,0.09945906085248815,5.14012938230384,4.1346372742449535,0.08876185014605473,1.6068826832599787,71.46382632130559,-1.697265875131008,-1.697265875131008,6.6325556925834706,46.7491903486305,173.34237475259212,144.6187325970701,0.1943542825079782,0.27724043535505477,0.21706205635275386,0.17775064784303687,1.4264693927887806,0.4800610305846453,0.6261287752314464,0.3232581942125084,0.8342953233649957,2.418999661793995,11.116847826086957,2.9740482090560936,0.16542448149002076,6.034832693362589,2.8361691157514826,0.36939661625991915,0.0012922503428485978,0.1292250342848598,1.3247288249948102,0.2166480693377621,2.6173188706663897,1.864425472285655,9.337275534565082,1.2978643346481213,9.337275534565082,0.42822944778908034,0.07095962217147603,0.35726982561760434,0.8489031241261852,0.8013321926179419,6.6325556925834706,0.03491820491108094,0.1510968758738148,139.02613800557484,0.08002906373261366,Healthcare
2020-12-31,TECH,2021,Q2,USD,0.6729006969806424,0.2673453643875444,0.3403432729996923,0.22739941048726214,0.2513589561789586,0.20576759285271545,0.2063472952424271,0.20618230302381685,1.7486568467674648,3.0246165264720437,0.6881790036588799,0.8502289995298685,0.10844658212862922,4.609528102885139,3.702903851388133,0.12505865790708587,1.4079171203048448,66.38022409992654,1.8254561627479804,1.8254561627479804,8.026052099024467,54.78951880242405,157.87821186266447,137.63696199128475,0.1475525977021722,0.19931293252001825,0.16618926313186522,0.12517079654766675,1.3507924335044361,0.5210133428744682,0.7592967474142623,0.3980727125166664,0.8717919994622993,2.5425626033773128,14.224546722454672,3.9830894163840798,0.292571095212032,7.799825251201398,3.7449762973528546,0.2677961706357782,0.0010085690966960543,0.10085690966960544,1.4489997673877646,0.2989971828073712,1.9946757643896513,1.8282804786642888,9.891538083792096,1.80930965857693,9.891538083792096,0.5768072678400662,0.07395130650538885,0.5028559613346774,0.8209267669599772,1.1053632709089127,8.026052099024467,0.019651063806485815,0.18137950610275333,162.81208757517393,0.08007030058669976,Healthcare
2021-03-31,TECH,2021,Q3,USD,0.6909161082643542,0.19714065168834582,0.3758047562738142,0.28177144921823677,0.18621895940086716,0.18641604256996452,0.18797628432531863,0.18786542504270135,1.5435198681792255,2.9130098289606066,0.6844076734248568,0.8993630102841528,0.1168315710803102,4.116579482708515,3.317465852949724,0.12462269424259363,1.352339436210404,81.03557904853436,-24.310673714560313,-24.310673714560313,9.586847259135034,60.93106819077651,230.92063239138554,198.21926535409935,0.1403890931872235,0.18906457735496549,0.15900278332698578,0.11590275251260371,1.346718417098315,0.5708265608538773,0.5439261842487649,0.30739226120089347,0.8583869847460797,3.5808242746539456,25.799248120300753,3.2672601902766867,0.25581133119889565,7.061497830598,3.248264491496008,0.2718535669040234,0.000838685828175557,0.0838685828175557,1.5670166769610872,0.2945619724109533,1.9000990837965823,1.7773574222771258,9.959478587605517,2.0093679225859584,9.959478587605517,0.48168879967057854,0.06821340333539222,0.4134753963351863,1.0094368743660977,0.6608865444583686,9.586847259135034,0.015218785221300712,-0.0010583410504034925,163.29875579057776,0.08007772287420219,Healthcare
2021-06-30,TECH,2021,Q4,USD,0.6792508917954816,0.04016554194913291,0.15036212301372825,0.2647667433636518,0.027460351776641908,0.05653442871040969,0.05775437404450484,0.05771962876600213,1.7816693606630671,2.827491151647155,0.7116438825504505,0.9193834053261684,0.11446439326951419,3.352985211841034,2.5863386829870505,0.05729461070399568,1.3073664994352656,292.7647720588235,-4.378637642963323,-4.378637642963323,11.149863075773562,67.63378461015797,158.2512281399046,143.57518406818554,0.1858426828260546,0.26765841370540605,0.2111439570878025,0.17306128592713602,1.4402418735847111,0.6580260336750973,0.8012660555278296,0.47106876476674336,0.9072611047369283,1.6967473442120249,20.839258584017017,5.062650402456228,0.29014109959719797,10.782962177447862,5.13465746507322,0.8320855614973262,0.0007105410562597847,0.07105410562597847,1.6644048628781454,0.0961266610121572,2.7234495078006526,1.4878685069524764,10.09608810753849,0.7209435320122343,10.09608810753849,0.7840491428277688,0.07271185133780554,0.7113372914899633,2.1031913398003654,0.10371526056399638,11.149863075773562,0.020145448621843632,-1.058765640376775,455.49211666837834,0.07998560670316396,Healthcare
2021-09-30,TECH,2022,Q1,USD,0.6635017208665251,0.2746867712508585,0.3382560075120577,0.24531369437255304,0.2614591861678805,0.2676597379316232,0.27011978162261996,0.26998009459915645,1.7466790468186624,3.384801529994926,0.7389022374452567,0.9252827343553657,0.11352324720386471,4.058063167950325,3.1821452026986687,0.15138664253440132,1.465169562361932,68.02911958629605,0.18473010433012294,0.18473010433012294,11.50206814393836,73.50404370651756,447.1576961571145,391.1175752570508,0.16619027419327131,0.22907911873730613,0.18638272772272826,0.14871880488639452,1.3784147107844478,0.6710750731045545,0.36146934145322107,0.1879333692898079,0.874674815212454,3.18068792547474,18.545614549721325,1.976817272764377,0.1283757815751041,7.9792421746293245,2.6091687765986102,0.17945845004668534,0.0006594912999683883,0.06594912999683883,1.6480725942599888,0.44517700925973297,2.434465646902338,1.503178237069627,10.532018979894612,1.346977797104415,10.532018979894612,0.3097278354734742,0.038816698214559776,0.2709111372589144,1.0331240817416856,1.0658156970674766,11.50206814393836,0.016481950823767716,-0.02371518038674443,219.37884301692,0.07989077607817056,Healthcare
2021-12-31,TECH,2022,Q2,USD,0.6821662532123175,0.3308167085072565,0.3453222715726615,0.23153938709725339,0.32003966190822797,0.2676027570225345,0.2977354090227128,0.29760914452086334,1.7611709920468814,3.1987217820301987,0.7023338640056459,0.9752595913902944,0.11683036523915263,3.8126336324115524,3.0254830145534175,0.17478395855988976,1.3684281921593706,63.4173025831639,4.756297693737293,4.756297693737293,11.945404577067906,75.52630609486178,223.91876245527112,201.37456655411762,0.15256767697277823,0.2065424946741058,0.17118542909663048,0.13671279401302844,1.353776230799909,0.6372061710150655,0.6523716321402503,0.37505384809637693,0.8993197548344934,2.898349932012789,21.484493452791178,4.1545518120860585,0.2872015811400702,9.932435090479936,4.440423848047836,0.15686078854477192,0.0006183674728953841,0.061836747289538405,1.7125158992622742,0.509876621724752,2.254814296616637,1.7742304757059273,10.827594759603155,1.91508522004579,10.827594759603155,0.6422856779445434,0.0646654795217502,0.5776201984227932,0.9303078476194897,1.382225572592545,11.945404577067906,0.014452520372592365,0.16384502024855244,220.2159613709443,0.07997964894428898,Healthcare
2022-03-31,TECH,2022,Q3,USD,0.6937832327740585,0.24542317546904702,0.3850628151086867,0.31148235391354656,0.23683775518637903,0.20712455574840896,0.20917362316444885,0.20908752789486734,1.4368292139835226,2.881428432548041,0.6931393871362534,1.0302574437285346,0.1262563633422787,3.5549934667162155,2.7860859036910055,0.14679577884992415,0.963935074743164,69.99719545926013,-2.974880807018556,-2.974880807018556,9.925885863836454,58.56626794225418,293.0695288481423,232.55440624658135,0.14227885483318348,0.19098920109588274,0.16036182437266852,0.12578297367738933,1.3423582957552638,0.6739678144485668,0.4383174097028255,0.251838994958261,0.7935127447762826,3.8420151171016865,36.28038507821901,3.001477589886718,0.2234785744409063,4.8429139072847684,2.642193879394443,0.2070663000707947,0.0007395521303111059,0.07395521303111058,1.8485043319943726,0.3866583485584421,2.0989579023089115,1.4716176386333688,10.906835065918886,2.1285147720689808,10.906835065918886,0.46552547314545445,0.09612507718652721,0.3694003959589272,0.8831937416390392,0.760356894092673,9.925885863836454,0.01592815472325767,0.1254580352469028,153.58360494754635,0.08006391362748032,Healthcare
2022-06-30,TECH,2022,Q4,USD,0.6951104850656943,0.2829590360442565,0.3001988002595159,0.2795450839436698,0.27427149939804807,0.21481530310968014,0.21345527341107245,0.21336506735963418,1.4815315500544852,2.594950538904474,0.6227050161915492,0.9980297647490634,0.12560065016417518,3.4403072413048665,2.638554011521549,0.14717225165629833,0.9803940506084605,55.21786059098888,0.0,0.0,7.988716486842237,47.146174118496056,152.43243878088998,132.29450451239813,0.14204736350147398,0.19163368138124914,0.16081593225790855,0.1251837950731863,1.3490829865297755,0.6735833271014059,0.5835596359463237,0.35637288406093764,0.8678894438116378,2.576356143021572,32.164870259481035,4.204887833633535,0.315110853419476,7.5694178334561535,3.934160634264047,0.20380664456147193,0.0009227387768203915,0.09227387768203917,1.838113094440937,0.39235493313436265,2.0947789320629817,1.5753697220149612,10.847800161982564,2.21538579272609,10.847800161982564,0.6550536646960914,0.08653950397622555,0.5685141607198658,0.7782626845281014,0.9811351197051121,7.988716486842237,0.019710065276817932,0.21677861687728486,158.822765642697,0.07996454239925513,Healthcare
2022-09-30,TECH,2023,Q1,USD,0.6660176892696223,0.3986797945522983,0.3179062134950214,0.2088483432534164,0.38462479835345165,0.33277335855074075,0.33210954738462106,0.33201312788563164,1.5481931861242206,2.955209187858901,0.6003639781613104,0.9176839332568753,0.11471161401119061,4.01100785444928,2.9210558821178676,0.1937998588981715,1.2007425760559185,31.10347830941879,0.6739086967040739,0.6739086967040739,6.362597464300683,41.31904841371382,239.48174099946266,198.6749166384337,0.14528819030416626,0.19503253283263494,0.1632026973946402,0.13129230608959652,1.3423839365355645,0.6390383202597341,0.40747952829708856,0.20797315087797372,0.8296036090654589,4.510719899402703,14.859366754617414,4.629054890631449,0.16420423269269058,5.868668899120971,2.5374869915388443,0.1400815141533136,0.001125931260482963,0.11259312604829631,1.7183357973083198,0.5706757238988581,2.200512336867863,1.294064794045677,11.158964620717782,1.912991945350734,11.158964620717782,0.3573677100326264,0.06089416802610114,0.29647354200652526,0.863463689305411,1.8416463945167534,6.362597464300683,0.024841032327734762,0.13481044390450847,132.02873140857392,0.07994111949429038,Healthcare
2022-12-31,TECH,2023,Q2,USD,0.6751576877616623,0.28094012467735224,0.3792643815288993,0.24998435089347193,0.24460105824781556,0.18412554633792497,0.18412554633792497,0.18408872491080008,1.4698884516921678,3.6606224066390043,0.5505794686487803,0.8823638348473625,0.11491109633955474,4.401908173994315,3.153939016316835,0.1430332186576418,1.2826200397211729,65.05885251474852,-1.4833418373362668,-1.4833418373362668,7.122231375738462,47.91598705358622,223.30453333333332,202.11654572564612,0.12234825998635018,0.1582601118927966,0.13663607187005025,0.09866282276309182,1.2935215581362,0.6381207485990202,0.5014525487752638,0.23707107640077915,0.9051161779324056,6.494411522016353,28.81621392190153,5.8664236902050115,0.22266027569702376,10.539204452447208,3.4485270487412962,0.2511948805119488,0.0009652601867478533,0.09652601867478533,1.7296940978657547,0.3184808707670163,1.8566469865168682,1.2531351306596352,11.636802517021101,2.4830744342753057,11.636802517021101,0.4100604416251091,0.038908101980116044,0.371152339644993,0.7527585843532192,0.9784654814334742,7.122231375738462,0.01621254421615543,0.24724141564678076,127.54776827409442,0.08000076427766208,Healthcare
2023-03-31,TECH,2023,Q3,USD,0.6872845457697878,0.27728746948794136,0.3598519102758494,0.2726911125767476,0.2726401174926737,0.23871818756671856,0.23871818756671856,0.2386637928103731,1.359175657879537,3.391740412979351,0.5427937497049521,0.9147838418644864,0.11314630633735637,4.044940954782769,2.8444564085489823,0.13688398754947115,0.9016668673802626,41.552390733145344,1.0228280795851161,1.0228280795851161,6.176107083399041,39.67724561952228,300.8972874932323,230.9469296527159,0.18232516417304176,0.2508300320794037,0.20053086802082856,0.16373956381550356,1.3757290893831038,0.6788342308806272,0.357990408251454,0.1718024382449532,0.7675274562184624,8.928198919724343,5347.4,4.712766949547701,0.10661617333699024,4.301583248212462,2.0770653514180024,0.17918482440399897,0.0010780656734936526,0.10780656734936524,1.8698374557405395,0.4463642084787459,3.0131713611889825,0.999275320861224,12.012421254712004,2.9615665783066665,12.012421254712004,0.32124263401796443,0.07468009230123768,0.24656254171672673,0.8755798294179261,0.9998129932303549,6.176107083399041,0.032621554395924644,0.12442017058207391,113.53542395298963,0.07998169231649407,Healthcare
2023-06-30,TECH,2023,Q4,USD,0.6793342625779901,0.3053829815478561,0.3663381123058542,0.31370303995752025,0.2930970396920218,0.25051108456126375,0.25051108456126375,0.25045134740475244,1.3792408956918176,3.762724405155964,0.5629464337734068,0.9284926323314618,0.11419294104806473,4.8360970826945975,3.500486347259725,0.15235146747280473,1.405123376572847,42.5820422871072,6.387306343066081,6.387306343066081,6.5379846998448015,42.669094384707286,177.18711612138586,154.17422949168395,0.17242065386941713,0.23135585980485285,0.18788708232689003,0.1510889629080913,1.3418105929471207,0.6530516706653403,0.6489273124839505,0.27675892738616753,0.8701209933687479,6.546741829407423,25.533495407887628,7.446468434681668,0.18329541832888244,7.699473732803988,3.55954413522281,0.1668830480631657,0.000979773626978513,0.09797736269785129,1.9130942706216985,0.47925132060138154,2.9120974705404308,1.29717340511987,12.48549878098334,3.549966984965461,12.48549878098334,0.5294659183258837,0.0687665075172694,0.4606994108086144,0.8547035644730286,0.9343136736313145,6.5379846998448015,0.02809345513146081,0.14529643552697133,118.96041599855053,0.079978921170256,Healthcare
2023-09-30,TECH,2024,Q1,USD,0.6687164858179717,0.19662014552151227,0.3036235939841479,0.20171520392871972,0.1789517395778793,0.1841334609204326,0.1841334609204326,0.18410457327531732,1.3537419954049958,3.2667711152257515,0.4930352536543422,0.8292460174871242,0.10050773764589745,4.629811982403682,3.1732626767067957,0.10497826069739999,1.1636661083018927,52.771503441648846,-1.5831451032494657,-1.5831451032494657,5.388026856267013,38.86799826674129,235.0660413618396,181.26246737281713,0.19944036350966843,0.27507500953574676,0.21573241376278032,0.1804946044419722,1.3792343971656056,0.5789404366695377,0.46482301924010205,0.21442937873508225,0.7711129447821767,5.003744660932655,11.4167177600654,4.868257091326447,0.10806143431659782,4.368967039434962,2.2625542939876553,0.24815170709705253,0.001175595211966255,0.1175595211966255,1.751312211471574,0.3224751786504775,3.5061215455637766,0.9401315373426927,12.633567318029469,2.8419591475368366,12.633567318029469,0.3755327894770126,0.08595459432112819,0.2895781951558844,1.0289559707817104,0.8871504779635531,5.388026856267013,0.0420105740209196,-0.02895597078171032,132.78121997050567,0.08002276607854297,Healthcare
2023-12-31,TECH,2024,Q2,USD,0.6477927204161439,0.13835758149362798,0.2859118555528654,0.13941408227499835,0.12247705412365462,0.10075275680672639,0.10075275680672639,0.10074175159025378,1.3140356035883172,3.0466142032112713,0.5309197684127871,0.8135626606022079,0.09982521304563247,4.367637597888058,3.030377650095023,0.07203914524878975,0.9622941485310321,110.64305734571272,-2.3603852233752045,-2.3603852233752045,6.190415607577873,44.5903721964211,178.09362773252064,146.24436065258195,0.20349661796581384,0.28300601102386025,0.2205804248711327,0.18543416692974535,1.3907160416366404,0.5931639851512078,0.6146223868787483,0.30490319077909595,0.8211655998844988,4.236044938533028,8.778932778932779,6.559027777777778,0.14957018097927116,5.591765339074273,3.03088648215002,0.4572728927726197,0.0010332164162452494,0.10332164162452495,1.730418388528118,0.17434442307326084,3.554988478604483,0.8611021182863273,12.46442967505221,2.747817917515695,12.46442967505221,0.5276100880450445,0.09435483359042232,0.4332552544546222,0.8226255728277473,0.8785127881275655,6.190415607577873,0.037816757424021526,0.17737442717225269,161.41871566224867,0.07972297867748344,Healthcare
2024-03-31,TECH,2024,Q3,USD,0.6764240610622619,0.2145121742225503,0.32736266923289875,0.22080361733261267,0.20131299682296955,0.16168250787666266,0.16168250787666266,0.16166602950288042,1.331484463791265,3.3978889081155907,0.5469871194901279,0.8898547154428628,0.11150644759423337,4.07589106928314,2.8778133760512614,0.10805113222362919,0.9338873314644239,55.64125690495118,0.6756438338458358,0.6756438338458358,5.420449365187713,35.98487183120872,169.165972422341,134.8235212258909,0.18180782531043632,0.24559975178405213,0.19717389268284907,0.16185572372184948,1.3508755817561278,0.6623337360666813,0.5405553330663463,0.26690351582583016,0.7969896031412836,5.140787846670199,16.728589263420723,6.240252735398366,0.1636973702827805,4.925856091478621,2.790696071674707,0.2564055524980126,0.001152047809308189,0.11520478093081891,1.9288661170053842,0.3118639111557508,3.170416187249299,0.9237360863014831,12.805211399220642,3.2864044650973563,12.805211399220642,0.5148211481860542,0.10451404560451087,0.41030710258154335,0.8031399384454194,0.9117287083196514,5.420449365187713,0.03681515814373855,0.19686006155458058,113.49561254794575,0.0799636384440814,Healthcare
2024-06-30,TECH,2024,Q4,USD,0.6693117890348843,0.1443001914419565,0.31609811236924124,0.14970042274042952,0.13610347013048107,0.13259805683147227,0.13259805683147227,0.13256865448320473,1.2680431162332122,2.6660082174462705,0.5631916586454201,0.893875989592307,0.10880815017826738,3.873904341224377,2.7462087226046092,0.09222264019131042,0.9523902145201062,69.63220336059919,-4.3171966083571505,-4.3171966083571505,5.464353375063441,36.932379434037465,196.55274149801795,149.74207216276358,0.14913247949836306,0.20278802233124682,0.16859830540896356,0.1335929811336558,1.3597844212968557,0.6662487620664512,0.47368850350422576,0.2466399649785363,0.7618416869767934,6.20156847494977,18.263451574332404,5.843343653250774,0.1799503263113234,4.19888765294772,2.466625281798281,0.31110180348871586,0.0011169465723985343,0.11169465723985343,1.9389489953632149,0.2571008690804976,2.6734170319507435,0.9682962981731573,13.104935769123571,3.731636557123673,13.104935769123571,0.47822231231155143,0.1138926191501761,0.3643296931613753,0.9742444972516262,0.9091722497435786,5.464353375063441,0.029360648317931535,0.02575550274837378,119.605552879895,0.07998454404945904,Healthcare
2024-09-30,TECH,2025,Q1,USD,0.6322748032529762,0.146297563031597,0.2551838263236808,0.13814439400534792,0.13878006481078428,0.11607901664490185,0.11607901664490185,0.11605828824907241,1.2940256070955973,3.372762128077569,0.5752292735123568,0.843507401795081,0.10579539527714923,4.563259878419453,3.261327817178881,0.10334852778944936,1.3195148035573567,94.28112224702382,-4.9026183568452355,-4.9026183568452355,5.924944628620859,43.77623983444922,231.5803649688397,198.33434284462115,0.1458024566367826,0.1865279498749211,0.15720485125915837,0.12301888339860169,1.2793196642741917,0.6002370191574933,0.4495173364854216,0.22071941352458732,0.8564385105417208,4.296915905753145,18.376378676470587,4.737782721542454,0.1601557212259161,6.965656345399041,2.922644098810613,0.37761904761904763,0.0010013113935726616,0.10013113935726617,1.8258763270275213,0.21194592855655991,2.5300666746566915,1.1829862929017039,13.490421431770443,4.226687524837414,13.490421431770443,0.4030063520699422,0.05785619216430856,0.3451501599056336,0.836424286176595,1.004601495486033,5.924944628620859,0.02473960452507297,0.16357571382340494,174.40954213768364,0.08003481968826286,Healthcare
2024-12-31,TECH,2025,Q2,USD,0.6527466830061509,0.15158013810006363,0.25223966522012853,0.15964326955772293,0.1443485696779124,0.11746248708047308,0.11746248708047308,0.11745238712457622,1.3629026337524088,3.1142814009661834,0.547557240156498,0.8862998901938317,0.1112299020679862,3.9356054968497296,2.7674443121496255,0.10469783691369955,1.1010381009078731,81.76974011177988,17.171645423473755,17.171645423473755,5.490415613820019,38.41950816581434,147.20135349887133,135.29728653403836,0.1479641435217778,0.1901027283241889,0.15973640241282105,0.12613033804612334,1.28478916445192,0.6062952186262213,0.5230565064245671,0.28396362669216346,0.919130723448652,4.274666326074462,22.07588454376164,6.242765154318703,0.21346554398965395,12.365635537311245,4.31282916602751,0.3650329607337346,0.001116039259250218,0.11160392592502179,1.874828789820174,0.2202220525023512,2.507558495496462,1.120670828310116,13.119225404119144,4.120620333141873,13.119225404119144,0.5323831825842165,0.04305344282368981,0.4893297397605267,0.8137419535404422,0.9041945211834919,5.490415613820019,0.027472564714729513,0.1862580464595578,155.21752906317153,0.0803883078437932,Healthcare
2025-03-31,TECH,2025,Q3,USD,0.6785859997912588,0.12739854703476805,0.2145986001688906,0.12242354853707212,0.12105091703802569,0.07144009285820463,0.07144009285820463,0.07143060462203611,1.333309437463102,3.2115092908608265,0.5318369504351512,0.9417969087426762,0.11957262885367885,3.707004562539893,2.577699108768114,0.08009625794830687,0.8313633247440959,102.11971356472463,-2.8082921230299283,-2.8082921230299283,4.572153645271986,29.18176727886875,297.6649469303481,224.38522276264592,0.160157911914075,0.20985815339254965,0.17345682450797126,0.16867320981678494,1.310320238847388,0.6789225054218291,0.24302025956833173,0.1300520904165652,0.753818093385214,3.2490034877927254,19.28649725959143,2.926898711652075,0.09709586091112375,4.062036945569496,1.8112143769545874,0.5569328847175491,0.0013634313720547178,0.13634313720547178,2.0091312304603104,0.14353252166840352,2.7038227893144904,0.8938693033068145,12.823278601021784,3.848931194875836,12.823278601021784,0.2612917164425692,0.06432529293648172,0.19696642350608748,0.5901656476981763,0.9887878474733905,4.572153645271986,0.045899190988378455,0.4098343523018237,140.15134940753404,0.07993798134356811,Healthcare
