date,symbol,fiscalYear,period,reportedCurrency,grossProfitMargin,ebitMargin,ebitdaMargin,operatingProfitMargin,pretaxProfitMargin,continuousOperationsProfitMargin,netProfitMargin,bottomLineProfitMargin,receivablesTurnover,payablesTurnover,inventoryTurnover,fixedAssetTurnover,assetTurnover,currentRatio,quickRatio,solvencyRatio,cashRatio,priceToEarningsRatio,priceToEarningsGrowthRatio,forwardPriceToEarningsGrowthRatio,priceToBookRatio,priceToSalesRatio,priceToFreeCashFlowRatio,priceToOperatingCashFlowRatio,debtToAssetsRatio,debtToEquityRatio,debtToCapitalRatio,longTermDebtToCapitalRatio,financialLeverageRatio,workingCapitalTurnoverRatio,operatingCashFlowRatio,operatingCashFlowSalesRatio,freeCashFlowOperatingCashFlowRatio,debtServiceCoverageRatio,interestCoverageRatio,shortTermOperatingCashFlowCoverageRatio,operatingCashFlowCoverageRatio,capitalExpenditureCoverageRatio,dividendPaidAndCapexCoverageRatio,dividendPayoutRatio,dividendYield,dividendYieldPercentage,revenuePerShare,netIncomePerShare,interestDebtPerShare,cashPerShare,bookValuePerShare,tangibleBookValuePerShare,shareholdersEquityPerShare,operatingCashFlowPerShare,capexPerShare,freeCashFlowPerShare,netIncomePerEBT,ebtPerEbit,priceToFairValue,debtToMarketCap,effectiveTaxRate,enterpriseValueMultiple,dividendPerShare,sector
1951-01-01,LKQ,1950,Q4,USD,0.0,0.0,0.0,0.0,0.0,0.0,0.0,0.0,0.0,0.0,0.0,0.0,0.0,0.0,0.0,0.0,0.0,0.0,0.0,0.0,0.0,0.0,0.0,0.0,0.0,0.0,0.0,0.0,0.0,0.0,0.0,0.0,0.0,0.0,0.0,0.0,0.0,0.0,0.0,0.0,,,0.0,0.0,0.0,0.0,0.0,0.0,0.0,0.0,0.0,0.0,0.0,0.0,0.0,0.0,0.0,0.0,0.0,Consumer Cyclical
2001-01-01,LKQ,2000,Q4,USD,0.0,0.0,0.0,0.0,0.0,0.0,0.0,0.0,0.0,0.0,0.0,0.0,0.0,0.0,0.0,0.0,0.0,0.0,0.0,0.0,0.0,0.0,0.0,0.0,0.0,0.0,0.0,0.0,0.0,0.0,0.0,0.0,0.0,0.0,0.0,0.0,0.0,0.0,0.0,0.0,,,0.0,0.0,0.0,0.0,0.0,0.0,0.0,0.0,0.0,0.0,0.0,0.0,0.0,0.0,0.0,0.0,0.0,Consumer Cyclical
2002-06-30,LKQ,2002,Q2,USD,0.0,0.0,0.0,0.0,0.0,0.0,0.0,0.0,0.0,0.0,0.0,0.0,0.0,0.0,0.0,0.0,0.0,0.0,0.0,0.0,0.0,0.0,0.0,0.0,0.0,0.0,0.0,0.0,0.0,0.0,0.0,0.0,0.7684210526315789,0.0,0.0,0.0,0.0,4.318181818181818,4.318181818181818,0.0,,,0.0,0.0,0.0,0.0,0.0,0.0,0.0,0.0,0.0,0.0,0.0,0.0,0.0,0.0,0.0,0.0,0.0,Consumer Cyclical
2002-09-30,LKQ,2002,Q3,USD,0.4617524339360223,0.048678720445062586,0.06536856745479833,0.06536856745479833,0.05702364394993046,0.03337969401947149,0.03337969401947149,0.03337969401947149,0.0,0.0,0.0,0.0,0.0,0.0,0.0,0.0,0.0,30.39333333333333,0.0,0.0,0.0,4.05808066759388,91.18,58.3552,0.0,0.0,0.0,0.0,0.0,0.0,0.0,0.06954102920723226,0.64,0.0,-7.833333333333333,0.0,0.0,2.777777777777778,2.777777777777778,0.0,0.0,0.0,0.4632731958762887,0.015463917525773196,,,,,,0.03221649484536082,0.011597938144329896,0.020618556701030927,0.5853658536585366,0.8723404255319149,0.0,,0.4146341463414634,,0.0,Consumer Cyclical
2002-12-31,LKQ,2002,Q4,USD,0.4606741573033708,0.042134831460674156,0.06179775280898876,0.056179775280898875,0.05056179775280899,0.032303370786516857,0.032303370786516857,0.032303370786516857,3.7473684210526317,7.68,0.7111111111111111,1.78,0.40225988700564974,3.0833333333333335,0.8333333333333334,0.06607142857142857,0.041666666666666664,31.71478260869565,-7.022559006211179,-7.022559006211179,2.4113719008264463,4.097977528089888,972.5931506210042,91.17999999999999,0.192090395480226,0.2809917355371901,0.21935483870967742,0.18791946308724833,1.462809917355372,0.0,0.13333333333333333,0.0449438202247191,0.093749375,-5.166666666666667,-6.666666666666667,0.0,0.09411764705882353,1.1034482758620687,1.1034482758620687,0.0,0.0,0.0,0.4587628865979381,0.014819587628865979,0.21520618556701032,0.006443298969072165,0.779639175257732,0.4639175257731959,0.779639175257732,0.020618556701030927,0.01868556701030928,0.0019329768041237113,0.6388888888888888,0.9,2.4113719008264463,0.09596402719894714,0.3611111111111111,73.81272727272727,0.0,Consumer Cyclical
2003-03-31,LKQ,2003,Q1,USD,1.0,1.0,1.0,1.0,0.0,0.050283929788480876,0.050283929788480876,0.050283929788480876,0.0,0.0,0.0,0.0,0.0,0.0,0.0,0.0,0.0,14.832738022324907,0.12837691387743197,0.12837691387743197,0.0,2.9833934291420654,64.61589673513514,46.878199592156854,0.0,0.0,0.0,0.0,0.0,0.0,0.0,0.06364138245704329,0.7254901960784313,0.0,0.0,0.0,0.0,3.642857142857143,3.642857142857143,0.0,0.0,0.0,0.6301549040217038,0.03168666494969426,,,,,,0.04010392925402666,0.011008921756007317,0.029095007498019337,0.0,0.0,0.0,,0.0,,0.0,Consumer Cyclical
2003-06-30,LKQ,2003,Q2,USD,1.0,1.0,1.0,1.0,0.0,0.050283929788480876,0.050283929788480876,0.050283929788480876,4.00682685,0.0,0.0,1.9545496829268292,0.43552465760869563,2.257142857142857,0.6857142857142857,0.06961,0.05714285714285714,14.832738022324907,0.0,0.0,2.2554605464150943,2.9833934291420654,66.41078275555556,45.97669575384616,0.29347826086956524,0.5094339622641509,0.3375,0.2638888888888889,1.7358490566037736,0.0,0.14857142857142858,0.06488925270129904,0.6923076923076923,0.0,0.0,0.0,0.0962962962962963,3.25,3.25,0.0,0.0,0.0,0.6301549040217038,0.03168666494969426,0.42462983916028224,0.015727031080010452,0.833532647240554,0.43249335470028744,0.833532647240554,0.040890280808027174,0.012581624864008363,0.028308655944018817,0.0,0.0,2.2554605464150943,0.1589433992128716,0.0,3.632285956155055,0.0,Consumer Cyclical
2003-09-30,LKQ,2003,Q3,USD,0.46771016529978476,0.07860679849121978,0.09448396286669968,0.07860679849121978,0.07033185387535353,0.042154896545402006,0.042154896545402006,0.042154896545402006,3.967969585152863,8.056497422028487,0.8276940538441458,2.003386912852384,0.4510861195167653,2.087016523990725,0.6904413969955737,0.06480556780450893,0.03953476598280313,15.04,-7.996266666666719,-7.996266666666719,1.9192174001766058,2.5360385761713844,50.402234209523805,31.595430399999998,0.26539577256849234,0.44524889907824533,0.3080776600917789,0.22105184136751566,1.6776789425435825,1.9461441986667616,0.1743080905386401,0.08026599239399457,0.6268656716417911,0.3107746044982962,0.0,0.37619904320791997,0.13642596748154712,2.68,2.68,0.0,0.0,0.0,0.7413136446994449,0.03125,0.43615065713247203,0.013495693314118302,0.9795659417359404,0.07745336584656072,0.9795659417359404,0.059502275367010034,0.02220234155485449,0.037299933812155545,0.5993713263994367,0.8947299117290657,1.9192174001766058,0.2319950303896128,0.4006286736005633,32.87522795087341,0.0,Consumer Cyclical
2003-12-31,LKQ,2003,Q4,USD,0.4618107228839278,0.06095713966514406,0.07728882850285997,0.06095713966514406,0.058754831799132975,0.03559163969043243,0.03559163969043243,0.03559163969043243,3.7365041660587286,6.635769711363362,0.8394028378873489,1.9189527789555174,0.4146041827558641,4.447056845167525,1.9377166277908169,0.15006611124573324,0.7472455021178545,28.511637001309953,-0.743678531784168,-0.743678531784168,1.9647770720366322,4.0591036445401,1190.4443603519537,87.14048906857165,0.019676667996955294,0.022972116998431692,0.022456249409647314,0.01385124719018574,1.167480032797541,1.4526310314220718,0.18230773158940541,0.046581143713181984,0.07319996798742334,2.9350385057626664,0.0,2.5259278144100783,0.9815044408954638,1.078981404250135,1.078981404250135,0.0,0.0,0.0,0.5518459729435645,0.01964110303362347,0.026190015553849866,0.10536254384849558,1.140078450568481,-332.0190711509666,1.140078450568481,0.025705616573224916,0.02382396626296787,0.0018816503102570426,0.6057653234734924,0.9638712072431708,1.9647770720366322,0.01169197122939726,0.39423467652650757,50.662368603971885,0.0,Consumer Cyclical
2004-03-31,LKQ,2004,Q1,USD,0.46961458555452956,0.09854529154769949,0.11358664640501047,0.09854529154769949,0.09423057124022563,0.05630816623667456,0.05630816623667456,0.05630816623667456,3.997412798333684,5.462831239323721,0.8036733183610061,1.8566961322213107,0.39802622870604637,3.3995000477495734,1.1093523833209527,0.1063830716062082,0.12767691494341105,15.103448232306652,0.17146855934324615,0.17146855934324615,1.8470799362312247,3.4017898952469254,-425.76466900126945,58.06893657520612,0.136973142710703,0.18685379926428466,0.15743623972903226,0.1517813761319651,1.3641637737620809,1.3958996417894434,0.20328956069490922,0.058581921693041626,-0.13638740084145634,5.192270768589352,0.0,4.020038976677081,0.17023148407335403,0.8799815971732298,0.8799815971732298,0.0,0.0,0.0,0.6437787363234655,0.03625000010453797,0.22154418569655066,0.02368631741937901,1.1856552372435316,0.06985304077136083,1.1856552372435316,0.03771379551894655,0.042857482065641835,-0.005143686546695283,0.5975573054006643,0.9562158654187412,1.8470799362312247,0.10116172862856194,0.4024426945993357,32.65461497255635,0.0,Consumer Cyclical
2004-06-30,LKQ,2004,Q2,USD,0.4714148563357822,0.08724625077719915,0.1036139225230623,0.08724625077719915,0.0852202053843352,0.05094234881198336,0.05094234881198336,0.05094234881198336,4.022420970519268,6.9083547673166645,0.8141668551044955,1.653581782892533,0.3971744559915664,4.0196301365239275,1.2835847415946329,0.09808432672717088,0.07886756182473376,17.2592592956014,-2.506044449721322,-2.506044449721322,1.9201934226651423,3.5169088290919706,-54.76398120000066,133.3449060504759,0.1604297708774611,0.22054007688601787,0.1806905656458943,0.1796043655723756,1.374682988573673,1.4531638331668673,0.11114922640727014,0.02637452703113153,-2.434901611033244,23.426344901792127,0.0,8.911073312006907,0.0652951654068354,0.2911291539728244,0.2911291539728244,0.0,0.0,0.0,0.6625136201217879,0.03374999992893396,0.2676076134201154,0.01239856610341958,1.2134194256149804,0.09121466682722748,1.2134194256149804,0.017473483382394902,0.060019696220550874,-0.04254621283815597,0.5977731288282879,0.9767778514857004,1.9201934226651423,0.11485305297000661,0.4022268711717121,37.660210308569866,0.0,Consumer Cyclical
2004-09-30,LKQ,2004,Q3,USD,0.45908291864206746,0.07519423976289692,0.09212244907620049,0.07520694187488096,0.07117253610641341,0.04301932804092498,0.04302420331330489,0.04301932804092498,4.015269863317334,7.468419999393275,0.8871643961197204,1.589792193744082,0.4028297160477345,3.832295232929454,1.2737012546201276,0.09622938453708435,0.12198466230247809,20.191854627610155,-1.3649693728264467,-1.3649693728264467,1.8688647708105823,3.4749538350839813,57.94319376123869,31.88622456043195,0.13794480264198578,0.1841673673759001,0.15552477837994527,0.15439281673825503,1.3350801469039597,1.4455278593119887,0.4573205537785949,0.10897978305641425,0.5503014675342656,21.704860444580948,0.0,36.97418768636183,0.3182453722268568,2.223711948795823,2.223711948795823,0.0,0.0,0.0,0.656123824432015,0.028229204821066178,0.22468270801366133,0.019072879027867147,1.2199919628273028,0.1200315237835965,1.2199919628273028,0.07150423204474583,0.03215534821561154,0.03934888382913429,0.6045056937268243,0.9463559391208934,1.8688647708105823,0.09854504737441289,0.39549430627317567,41.12270504786594,0.0,Consumer Cyclical
2004-12-31,LKQ,2004,Q4,USD,0.4614589477591062,0.06961829962362849,0.08592066715944234,0.0696180622811741,0.06981132936273472,0.044239877517932034,0.044239877517932034,0.044239877517932034,4.019066348701643,7.272584757834758,0.8262160959347489,1.6083610044514798,0.39462190611815884,3.6342930459556837,1.1261046075020849,0.08179256633926123,0.05451672915455496,20.57888050066028,3.4863044612883356,3.4863044612883356,2.0300306092900944,3.641628611221482,294.4717257144806,72.47456430375986,0.17435321479663374,0.24629506122355393,0.19762179028596408,0.1966203768406976,1.4126212786545604,1.522352327485477,0.19335038351059855,0.05024698866706482,0.2461172261204836,21.6553437257512,0.0,18.030322434122123,0.11372639424872526,1.326466175707866,1.326466175707866,0.0,0.0,0.0,0.6892520539479424,0.030492426445640056,0.30452772526780086,0.009765013814163153,1.2364345584314866,0.6283445058407251,1.2364345584314866,0.03463284014347341,0.026109101594687607,0.008523738548785808,0.6337062754967001,1.002776105442005,2.0300306092900944,0.12132578695928324,0.36629372450329994,47.36095111397667,0.0,Consumer Cyclical
2005-03-31,LKQ,2005,Q1,USD,0.4681070497059197,0.1075877943605342,0.12228059817498337,0.1075877943605342,0.1046582017383246,0.06278445821220116,0.06278445821220116,0.06278445821220116,4.418405758816537,7.374468966946431,0.8891929035482259,1.8549525195813406,0.4279646515852734,3.321715364458595,1.0664957313121637,0.10462734016248676,0.10509706686202136,12.328010951077252,0.18077131442685396,0.18077131442685396,1.9397046456965734,3.0960299535898717,49.565743000717866,36.625451330563166,0.1890526100320157,0.27676121625291467,0.21676818870263273,0.21613576889339103,1.4639375579424463,1.6696815028284022,0.31870051562367924,0.08453219936176733,0.7389267085138361,48.904545454545456,0.0,51.413636363636364,0.19135833798575513,3.8303420250592617,3.8303420250592617,0.0,0.0,0.0,0.8107156705927973,0.050900344142310115,0.3581321797295332,0.022599486210072222,1.2940114390965052,-0.07165794193204401,1.2940114390965052,0.06853157869225922,0.017891764819931173,0.05063981387232805,0.5999000285632676,0.972770213948319,1.9397046456965734,0.14268214331853915,0.40009997143673237,28.703671922747827,0.0,Consumer Cyclical
2005-06-30,LKQ,2005,Q2,USD,0.47412569933026033,0.10152694764855943,0.11669350036390905,0.10152694764855943,0.09699095005991634,0.05607139968975835,0.05607139968975835,0.05607139968975835,4.3000347738121585,7.638936351986331,0.8782628981165435,1.8301602464916649,0.42273888477962246,3.478107509328358,1.103865438432836,0.10177929962397328,0.06748484141791045,18.53899305100302,-1.5096037198673882,-1.5096037198673882,2.4964141949152543,4.158029156833771,100.62045899306173,61.887252434620855,0.17573329686791023,0.2495806850282486,0.19973154836544746,0.19895060266097184,1.4202242231638418,1.6250380803899431,0.2664120802238806,0.06718716687619006,0.6150563518984572,37.344202898550726,0.0,33.11231884057971,0.16162348571933857,2.5977828311540647,2.5977828311540647,0.0,0.0,0.0,0.8152900982977703,0.04571445696475665,0.3389175257731959,0.013875569407815872,1.3579477343562696,-0.05990170222968113,1.3579477343562696,0.05477703188683769,0.02108607048669384,0.03369096140014385,0.5781096035776548,0.9553222302679218,2.4964141949152543,0.09997567131952681,0.42189039642234516,39.04854784854785,0.0,Consumer Cyclical
2005-09-30,LKQ,2005,Q3,USD,0.47099670757258305,0.08579018258006585,0.10120472912301706,0.08579018258006585,0.08322358575276863,0.0494088596228674,0.0494088596228674,0.0494088596228674,4.336426763579726,6.494809370693615,0.8355513532679353,1.7200370675453047,0.39686994223944644,3.1662639452984425,0.9913115006940517,0.08763694853870978,0.0986581666752352,24.324125397546567,-1.7654607143380587,-1.7654607143380587,2.7006810041869143,4.807309188865609,63.226926483613816,43.40576988041349,0.1651357892704946,0.2337567890232214,0.18946747941163442,0.18833637002613604,1.4155428696339392,1.57891316804603,0.3804688704950902,0.11075276863214606,0.6865076684007837,22.019559902200488,0.0,36.18826405867971,0.2661715251676947,3.1898706896551725,3.1898706896551725,0.0,0.0,0.0,0.7863026594492822,0.0388503177218169,0.32717698281948693,0.02258178394916451,1.3996469757590022,-0.0841845140032949,1.3996469757590022,0.08708519651682749,0.027300541303836197,0.05978465521299129,0.5936881855781334,0.970082860880942,2.7006810041869143,0.08655475735965262,0.4063118144218666,51.32848798521257,0.0,Consumer Cyclical
2005-12-31,LKQ,2005,Q4,USD,0.4692263865149178,0.09220966912633231,0.10947596614833034,0.09220966912633231,0.09285585247564652,0.05736440571976487,0.05736440571976487,0.05736440571976487,3.643594936708861,4.929659266907589,0.7369639670059331,1.4804048632969202,0.32752272282477596,3.1819558041252285,1.0025441012594352,0.1093721361220292,0.06671432476188474,26.75785950914487,12.977561861935168,12.977561861935168,2.589682763114706,6.139794836300219,-68.90070584249513,387.2267977344435,0.10804322001884277,0.13913897192427174,0.12214398361705904,0.11878641378455436,1.2878084520250865,1.5306942908193653,0.047980488215134245,0.015855810786398188,-5.620070113935145,2.8708546778107307,5.956463195691203,1.5408507765023634,0.048065379025633466,0.1510558019461177,0.1510558019461177,0.0,0.0,0.0,0.7052352913162188,0.04045540337896014,0.2435605408128893,0.015548085625174485,1.6720194695940869,-0.11001752866574772,1.6720194695940869,0.01118207733900037,0.07402613600362777,-0.0628440586646274,0.6177791080514816,1.0070077612840027,2.589682763114706,0.053728191694385065,0.3822208919485184,58.8953765187865,0.0,Consumer Cyclical
2006-03-31,LKQ,2006,Q1,USD,0.4601408355409365,0.10588688397462254,0.12012657503161774,0.10588688397462254,0.10517385850868381,0.06289196883506212,0.06289196883506212,0.06289196883506212,4.081030564346552,5.501352426412092,0.8365768483196361,1.7983975888954409,0.3853291779975774,3.3276417645097967,1.0314270898922182,0.10563455575751096,0.06565057965109819,22.403376365441908,0.49562776763770927,0.49562776763770927,3.0219528326370693,5.635969792702158,-241.55467320990408,264.5064973131412,0.1662154357086131,0.23129086540474017,0.18784421447706598,0.18303376012256511,1.391512553684898,1.6746766377296656,0.07581762287492129,0.021307490931044712,-1.0950170981924767,5.757120862201694,0.0,1.5758275596612779,0.04939612215103582,0.47732307333566515,0.47732307333566515,0.0,0.0,0.0,0.922645115439284,0.05802696784602973,0.3979918174484269,0.017022972609580883,1.7207416157658177,0.7452556567169912,1.7207416157658177,0.019659252429795243,0.04118646997810303,-0.021527217548307786,0.5979809976247031,0.9932661587613665,3.0219528326370693,0.07653688797085133,0.4020190023752969,50.354213422295395,0.0,Consumer Cyclical
2006-06-30,LKQ,2006,Q2,USD,0.4517911985930875,0.10561073027169204,0.12044381322518291,0.10561073027169204,0.09935550690381825,0.05979378271815092,0.05979378271815092,0.05979378271815092,4.1912794945631155,6.077819463392451,0.8215970738754246,1.7226982052006783,0.36293245898710813,3.4493883536596686,1.0336544708655864,0.08915172637678319,0.07809396521319448,21.50655976676385,-4.946508746355676,-4.946508746355676,2.681515298117504,5.143834246835216,964.651923076923,111.88111966097914,0.1999825081132581,0.2872496531963403,0.2231499169435216,0.21565663659672243,1.4363738904287535,1.5140332014951152,0.16645319374060255,0.045975891753872344,0.11598081855693097,3.4286024777222344,0.0,1.9489241469245817,0.08343801468330403,1.1311971742147091,1.1311971742147091,0.0,0.0,0.0,0.9234356653157078,0.055215711526078556,0.5088301579485626,0.01991875307753494,1.7713865005113443,0.6831890837468277,1.7713865005113443,0.04245577819022007,0.037531722283246846,0.004924055906973221,0.601816492930127,0.9407709486357899,2.681515298117504,0.10712213851548685,0.39818350706987304,47.103145885658336,0.0,Consumer Cyclical
2006-09-30,LKQ,2006,Q3,USD,0.45248129354089617,0.09038293222165447,0.10700752305738671,0.09038293222165447,0.08233371614750656,0.052909303396253146,0.052909303396253146,0.052909303396253146,4.318621774563569,6.181641629062661,0.8528468418771425,1.6707577870757786,0.356032645797421,3.4475071907957813,1.1078250608451952,0.08223587767532864,0.11719153329891585,27.874165232358003,-3.066158175559383,-3.066158175559383,3.004912045603311,5.899210660784482,118.10311759343665,65.64387096774195,0.19675199172867458,0.28149272501430256,0.21966002578060742,0.21265699502891347,1.43069822338819,1.4934905966890069,0.32751309093590975,0.08986689197051488,0.5558182739402128,3.4671037757178387,0.0,4.01605245308614,0.1626186705239355,2.2513307984790876,2.2513307984790876,0.0,0.0,0.0,0.9306329805265735,0.04923914271723982,0.5142896154280764,0.029925797581829824,1.8270085502278806,0.6835944856680101,1.8270085502278806,0.08363309352517985,0.037148291837734,0.046484801687445856,0.642620130269141,0.9109431849986006,3.004912045603311,0.09367752557888459,0.35737986973085906,59.99277008179282,0.0,Consumer Cyclical
2006-12-31,LKQ,2006,Q4,USD,0.4477525837708877,0.08974998288893452,0.10525260821526698,0.08974998288893452,0.08291533444799702,0.04981764493072463,0.04981764493072463,0.04981764493072463,4.15288098428554,5.870491632886394,0.9070105427128415,1.6095338516256963,0.36244207989651905,2.9940059289181353,0.9654526500961006,0.08189245677370321,0.06565788187770792,30.085083415112855,-6.837518957980189,-6.837518957980189,3.056485261788326,5.995072013141298,125.14215736299623,56.884909774087305,0.17798548785781998,0.25036515271608817,0.20023362948994217,0.18647346521643915,1.4066604852418483,1.603257525581687,0.3511255171515132,0.1053894967391198,0.45456232314329453,1.0220914127423824,3.0827875734676744,2.540601060695345,0.2146106902147401,1.8333900323184216,1.8333900323184216,0.0,0.0,0.0,0.9591210893540401,0.04778115387500938,0.498921524495461,0.018901455473028735,1.8812457798784605,0.7263391852352015,1.8812457798784605,0.10108128891889864,0.05513354340160552,0.04594774551729312,0.6008254716981132,0.9238479137160911,3.056485261788326,0.08191276295230733,0.39917452830188677,61.43731710715779,0.0,Consumer Cyclical
2007-03-31,LKQ,2007,Q1,USD,0.4551118061516756,0.1158517410482836,0.13052550166158136,0.1158517410482836,0.11124095904265717,0.0671176875547132,0.0671176875547132,0.0671176875547132,4.0805646112228615,5.78932635000903,0.9218304036809375,1.7776888036079865,0.38716417763109184,2.8637819411417027,0.951849459113964,0.10125523452789294,0.0808373768058171,18.465146258072686,0.3244977908587774,0.3244977908587774,2.7927033503704677,4.957351668805616,864.1141333333334,111.84602876318313,0.19256036946424723,0.280186251391499,0.2188636622889446,0.20340709070001164,1.4550566773996625,1.8240857014402432,0.14336572693158858,0.04432300121537664,0.12943432406519656,1.6790816747873483,15.731102135025967,1.0052043176561296,0.0891163553717596,1.1486784140969164,1.1486784140969164,0.0,0.0,0.0,1.1034117338134894,0.07405844399429815,0.556920061519994,0.027576149748668316,1.9586756320804262,0.7537605971940881,1.9586756320804262,0.04890651961887613,0.04257633730962563,0.0063301823092505064,0.6033540894678534,0.96020101239821,2.7927033503704677,0.10032796764981526,0.39664591053214654,41.598928210971835,0.0,Consumer Cyclical
2007-06-30,LKQ,2007,Q2,USD,0.45046253825907284,0.11420708339406202,0.12965217465856188,0.11420708339406202,0.10535069745110984,0.06008281964008608,0.06008281964008608,0.06008281964008608,4.308553275585025,7.236931240826465,0.8188391448482023,1.6596683196141067,0.36107288849952557,3.423602709895959,1.0561184369707235,0.08439067147557944,0.1338918461166223,23.56142337328767,-1.7671067529965756,-1.7671067529965756,3.0207588556792975,5.662547004003807,-219.5359215555925,438.9988833499501,0.21469378657697552,0.3171968259050058,0.24081201811814992,0.2276689126537677,1.4774383132475017,1.576948556749814,0.04550266150496008,0.012898773137629781,-1.9996676636756396,1.6548970155527531,12.729096989966555,0.3069781677208733,0.021693209427065686,0.33337026368269446,0.33337026368269446,0.0,0.0,0.0,1.0896156792407004,0.06546718233282887,0.6576611923845823,0.041356052538161166,2.0425331166040768,0.8114128505502307,2.0425331166040768,0.014054705453730172,0.04215944547204006,-0.028104740018309884,0.5703125,0.9224532692740786,3.0207588556792975,0.10500567607660816,0.4296875,47.968280376921804,0.0,Consumer Cyclical
2007-09-30,LKQ,2007,Q3,USD,0.44541777038542885,0.10509866732376434,0.12102096552290602,0.10509866732376434,0.09781720363867841,0.05979178217211852,0.05979178217211852,0.05979178217211852,3.9969632304661853,6.625030662807242,0.8643925670355838,1.6101610855419775,0.26875442184604414,6.631554423006917,4.356738259919912,0.21136869138520098,3.281252275209319,32.32697506696888,8.40501351741189,8.40501351741189,2.2992359710841956,7.73154980595084,179.36296874999996,104.19491476643789,0.013819890001578343,0.015292058657215333,0.01506173374136305,0.0020670650479532276,1.1065253526235632,0.8902680913686096,0.26309428467419005,0.07420275570340254,0.5809165375249059,1.5466860554109902,11.419455600178491,1.6690993071593534,1.4430157335676064,2.386159535129424,2.386159535129424,0.0,0.0,0.0,1.113618901267768,0.06658525876735635,0.06751367469769314,1.0305874174487313,3.7447222069772974,2.454301812926477,3.7447222069772974,0.08263359127746374,0.034630371549311235,0.048003219728152496,0.611260391300697,0.9307178304872807,2.2992359710841956,0.006650930504538176,0.3887396086993031,56.66399891407628,0.0,Consumer Cyclical
2007-12-31,LKQ,2007,Q4,USD,0.44634151046212756,0.10500706476922557,0.1220903036645175,0.10407152536324488,0.08125690201430315,0.05191761466385683,0.05191761466385683,0.05191761466385683,3.302758576752779,3.3340738482089702,0.7170323322029241,1.9106970915741803,0.245019806162508,3.377376803013008,1.4225963387314358,0.03395153272478342,0.4531781251716792,32.08245713472971,1.7324526852754047,1.7324526852754047,3.2516741075599835,6.662578587962405,272.5315976033139,120.86422308197007,0.38901134608056576,0.7748644644418476,0.4365766963989129,0.4301781730473284,1.9918813994730382,1.0686046152101991,0.13955305421094719,0.05512448943178037,0.44348700901058524,2.271315540859707,0.0,1.3499055266887103,0.03472030276614292,1.7969032460897587,1.7969032460897587,0.0,0.0,0.0,1.5774673215846058,0.0818983405468559,2.5045023738233247,0.2823803966440242,3.232181224915733,-0.1941909612028482,3.232181224915733,0.0869570806976695,0.04839274506676795,0.03856433563090154,0.6389317507418397,0.7807793892776053,3.2516741075599835,0.23829708599651045,0.3610682492581602,66.10879565715415,0.0,Consumer Cyclical
2008-03-31,LKQ,2008,Q1,USD,0.4539751335615603,0.12558649178301634,0.14034128332940307,0.1250396415589907,0.10464558413361848,0.06277190043666701,0.06277190043666701,0.06277190043666701,3.6738614127593467,4.26590219652812,0.8104167735278055,2.1931589178392454,0.2822167336483048,3.409699399740142,1.4611947581617115,0.046073257347075375,0.5021370661932002,24.490444977006284,0.4898088995401257,0.4898088995401257,3.3538868475149077,6.149247094985241,157.90686155773648,93.49851137487636,0.3738367139697593,0.7224797039133029,0.4194416353771256,0.4128455537551211,1.932607678473619,1.2307823184569309,0.19020183076317074,0.06576839571627215,0.5921117705242335,1.7452887976074658,5.971070769828172,1.8537703415081366,0.04964986349049958,2.451652015762352,2.451652015762352,0.0,0.0,0.0,1.8278660503277397,0.11473862572273666,2.4595490420487818,0.31737243419194694,3.3513354835832874,-0.057911829842893024,3.3513354835832874,0.12021581771429421,0.04903461704246496,0.07118120067182925,0.5998523583806046,0.8368992651362425,3.3538868475149077,0.21541564660973303,0.4001476416193954,52.01791612949953,0.0,Consumer Cyclical
2008-06-30,LKQ,2008,Q2,USD,0.4535747906654115,0.12152347685345753,0.13650720903730862,0.12059241275661035,0.10415944111380865,0.06397504500487208,0.06397504500487208,0.06397504500487208,3.5212119449856067,4.445855379188712,0.7937122911393923,2.102733511892101,0.27218997420783203,3.562440385770304,1.5989920043334394,0.04630200289833691,0.612698861294615,19.732719352028138,0.0,0.0,2.6045320339719398,5.049606434458042,112.13445926740934,69.84349276148596,0.3637999336933373,0.689386324334915,0.40806908070971604,0.40125534349806663,1.894960005451866,1.1463773380839515,0.20619752475830477,0.07229888189730631,0.6228548585134633,1.7629411320184387,6.944953037688741,1.9396842979783993,0.05409300270920667,2.6514990914597214,2.6514990914597214,0.0,0.0,0.0,1.7902385299400534,0.11453059052237095,2.4238581681905873,0.3845971896782396,3.470873032885643,0.08140471737860992,3.470873032885643,0.1294322440441432,0.04881474199294832,0.08061750205119486,0.6142030364292227,0.8637312972917451,2.6045320339719398,0.2646872126520146,0.38579696357077736,45.20891308621811,0.0,Consumer Cyclical
2008-09-30,LKQ,2008,Q3,USD,0.4400133686297766,0.09811473789537825,0.1148173735125871,0.1018094521918643,0.08511293027729717,0.04876289227044575,0.0510860992743035,0.0510860992743035,3.5934838487620193,4.542818410263193,0.8300989644380535,2.0353183211457817,0.26550627620496153,3.63847894919866,1.6189441960064181,0.03987929750862289,0.595980794689866,23.129221517472477,-0.925168860698899,-0.925168860698899,2.287070806880107,4.726326826315821,104.785311525776,61.12683640389026,0.3371051704631227,0.6143933163322663,0.3805722621102669,0.3805722621102669,1.822556786916673,1.1310501088521143,0.23147035317516,0.07731999730997084,0.5833531008671358,4.83935546875,6.098388671875,0.0,0.06089774456364722,2.400113866396761,2.400113866396761,0.0,0.0,0.0,1.7963209722883187,0.09176703151883442,2.3107222608631988,0.3576124757477029,3.7121719076033237,0.11589852472819123,3.7121719076033237,0.138891532745177,0.05786872643408866,0.08102280631108834,0.6002154914402011,0.8360022418831818,2.287070806880107,0.2686376453601745,0.39978450855979886,50.488140075611014,0.0,Consumer Cyclical
2008-12-31,LKQ,2008,Q4,USD,0.4204380182862003,0.06311290665532639,0.0831490537954497,0.05914522645120136,0.042298532851371466,0.027565383797576015,0.027565383797576015,0.027565383797576015,3.1801522794585018,4.1700656334623565,0.8191227205519961,1.816138649036902,0.24991975784938283,3.6415709304898543,1.6515581922458182,0.025992165313282974,0.47285199117293514,31.369078602283246,-0.6475268518819937,-0.6475268518819937,1.5939886095721143,3.4588027641930683,551.2283768214164,58.837303866603975,0.3416264393103639,0.6299561198072329,0.3864865514795176,0.37828841155907655,1.8439911181315936,1.0759723903151046,0.16534001542942237,0.058785881352328304,0.10673852497558506,0.5382402141184343,0.7349785974739734,1.2604632078052338,0.0430053167494719,1.119493035309362,1.119493035309362,0.0,0.0,0.0,1.6855543369961794,0.04646295221096847,2.4396992308739938,0.28337598291149674,3.6574916313642847,0.09156756911740462,3.6574916313642847,0.0990867972675598,0.08851041868266564,0.010576378584894165,0.6516865228975016,0.7151639344262295,1.5939886095721143,0.3952074161786743,0.3483134771024984,56.01539291650684,0.0,Consumer Cyclical
2009-03-31,LKQ,2009,Q1,USD,0.4497199747484985,0.11768975789061158,0.13562643222153367,0.11849286374807187,0.10393657008160405,0.06181212342347038,0.06236425870047434,0.06236425870047434,3.7286050545985905,4.543395444474553,0.7922767752910177,2.0042911314038077,0.2713048205814741,3.85714900656143,1.6447603879053236,0.04862017816294159,0.5707275377113094,15.448892087667161,0.09739518924833646,0.09739518924833646,1.8944334002061225,3.8538348111639436,61.22133406937161,50.505858064516126,0.3344552392535083,0.605991789261508,0.3773318103576137,0.36855282294236547,1.8118771008463173,1.1430522792019648,0.24305576907703377,0.07630470917336082,0.8249715370018975,1.5661244695898162,8.097361477572559,1.6799132947976878,0.06189717786453562,5.713356461405031,5.713356461405031,0.0,0.0,0.0,1.8527000636655626,0.11554226606482441,2.3110563475996653,0.3319551050481784,3.7689369281723692,0.1755774609601339,3.7689369281723692,0.14136973954346785,0.024743728226735245,0.1166260113167326,0.6000222890894907,0.8771546808302649,1.8944334002061225,0.3198802286718411,0.3999777109105093,36.183409107084394,0.0,Consumer Cyclical
2009-06-30,LKQ,2009,Q2,USD,0.45353665317785347,0.11133953250506338,0.13020898866371455,0.11242120814848788,0.09695913173713455,0.05774686760533654,0.058562690510883725,0.058562690510883725,3.549768393450181,4.606562425154823,0.7627583393763597,1.880955834637554,0.25261766684165626,3.8980647972069966,1.8196558200326165,0.04346503248278523,0.7622355801781541,19.9957599542572,-2.3994911945108663,-2.3994911945108663,2.1121612843890616,4.684022006924348,64.38491910287883,48.5766422528097,0.3263455402257366,0.5825351200133974,0.36810249115259175,0.3581770457371385,1.7850255272692,1.0299331358831854,0.2797360070178331,0.09642539685116712,0.7544723660394831,1.3125507717303007,7.171003236245955,1.7766892270874621,0.07464100401057548,4.072861306360363,4.072861306360363,0.0,0.0,0.0,1.7570370053414919,0.10289681435998374,2.2973834534990694,0.46165037119445457,3.8964827453413493,0.3087902840475528,3.8964827453413493,0.16942299052223958,0.04159802600144056,0.127824964520799,0.6039935533834272,0.862462993717958,2.1121612843890616,0.27580049133506135,0.3960064466165728,43.87664749614252,0.0,Consumer Cyclical
2009-09-30,LKQ,2009,Q3,USD,0.45492833641868025,0.11331172243195395,0.13219162025173198,0.11326524013160554,0.09758857909670744,0.06091404412180788,0.05892136811556713,0.05892136811556713,3.882888397131064,4.976621459544238,0.7469170162976502,1.9071353963916393,0.2481525669978129,4.045222547899008,2.0019748084605546,0.044631770790461274,0.9393354684653079,22.375500257245754,0.0,0.0,2.3062999939899385,5.273580349708576,68.64033143939393,53.88602663913267,0.31874043058541623,0.5617312866127646,0.35968498001413696,0.3488078163597478,1.762347141155134,0.9604130374654872,0.274011746998178,0.09786545192921756,0.7850490449148168,1.2672744335701838,7.203727506426735,1.6406911739793326,0.07619228935605125,4.652224036891152,4.652224036891152,0.0,0.0,0.0,1.7578190499197135,0.10357310332087591,2.2854752532931664,0.5897325678882526,4.019425063589729,0.47173276682818693,4.019425063589729,0.17202975573018062,0.0369779602972731,0.13505179543290752,0.6037731941683234,0.8615933624765814,2.3062999939899385,0.24356384168434217,0.3758076540755467,47.07214248585843,0.0,Consumer Cyclical
2009-12-31,LKQ,2009,Q4,USD,0.45491585792536493,0.11814248837481224,0.1363668252669071,0.10743742186164902,0.10164686412246697,0.06570007465304324,0.06692690297802682,0.06692690297802682,3.646641695584579,5.906725146198831,0.7856520589287659,1.917561796745107,0.2751840112547714,4.171793852125759,1.8825980377609344,0.05630633041786063,0.646399297250135,18.621843838193794,1.0242014111006583,1.0242014111006583,2.3496887490101184,4.98520934332305,1668.4544250451536,97.10921578246548,0.29851924711440553,0.5113003355846957,0.33831815129378806,0.3345614122192533,1.7127885070296431,1.036597588752859,0.1693840848522979,0.05133610958706973,0.05820309762422034,2.902511308688192,6.5130861504907305,2.8359336182053068,0.04732316825444204,1.0618000520891469,1.0618000520891469,0.0,0.0,0.0,1.9658151393633347,0.13156591910490617,2.164940980105097,0.3851180751522353,4.170765172250395,0.6132269631452759,4.170765172250395,0.10091730142227692,0.09504360187562326,0.005873699546653653,0.6584256539128588,0.9461029719547928,2.3496887490101184,0.2176034318588355,0.3536438608289385,43.07572915429974,0.0,Consumer Cyclical
2010-03-31,LKQ,2010,Q1,USD,0.46939931998488854,0.14927524705227369,0.1658116769066603,0.1490084769914965,0.13721922865342426,0.0861335904930441,0.08936962731725423,0.08936962731725423,3.860352955474392,5.5163824289405685,0.819097071236731,2.0638317517312132,0.2861218690397796,3.8302921761767053,1.9172746534353087,0.073977879322398,0.947020742502312,13.379459915455355,0.2898882981681994,0.2898882981681994,2.3179292850208264,4.782869385401547,37.40832004976478,32.77735990461591,0.2828487405993561,0.47908751964371893,0.32390748571735706,0.31820675382694963,1.6937940703873497,1.0846859346833286,0.4309243845510195,0.1459199093313185,0.8762050757962868,3.053269832870309,12.35967564595932,5.718135186026881,0.1476084959739328,8.077875619152449,8.077875619152449,0.0,0.0,0.0,2.1221570530402127,0.1896563849388863,2.1234651251107644,0.6805350436727288,4.378908392759188,0.8202385473367372,4.378908392759188,0.30966496476644584,0.03833495084180767,0.2713300139246382,0.6512908445431932,0.9208820291563344,2.3179292850208264,0.20668772025951362,0.3722921245200087,32.8731308084341,0.0,Consumer Cyclical
2010-06-30,LKQ,2010,Q2,USD,0.4468522151395376,0.11929069013701489,0.13496077348160793,0.11905466399626463,0.10705324783942013,0.06483193399477664,0.06483193399477664,0.06483193399477664,3.763903462749213,6.171453105619693,0.7840230590026351,1.9921463203551704,0.27440253207568066,4.091658573984155,1.9832660362892922,0.05701057508883931,0.9735599284436494,18.163310293884873,-0.6902057911676253,-0.6902057911676253,2.135047701446161,4.710250136399164,865.7635209053757,209.81211031540454,0.27896573118660073,0.4608147310872643,0.31545049572733036,0.3054691361614282,1.651868597361962,0.988229428119903,0.06708918987988756,0.022449848720926455,0.24234344049977144,1.5838469402658097,9.728721174004193,0.484711964549483,0.022082623939273627,1.3198592257415787,1.3198592257415787,0.0,0.0,0.0,2.0466004396466024,0.1326850646168494,2.105679702048417,0.6667401744584927,4.515121602889907,-2.3680430125593315,4.515121602889907,0.0459458702622478,0.03481118998613853,0.011134680276109268,0.6056045501022495,0.8991940697323622,2.135047701446161,0.21583345925954459,0.3943954498977505,40.019779239377,0.0,Consumer Cyclical
2010-09-30,LKQ,2010,Q3,USD,0.4302418777494524,0.10776618977948425,0.12348157815480373,0.10731525078955467,0.09593973875162314,0.059084528019933476,0.059084528019933476,0.059084528019933476,3.6345099024410668,4.916663116185932,0.7786409426540146,1.9803826347695717,0.2755089779904228,3.646378921577331,1.6728645491184773,0.0532837941460247,0.748708342950482,20.74988440433414,-2.904983816606776,-2.904983816606776,2.228844253656377,4.903988505993045,109.40141718985204,68.70253619846906,0.27090583368738064,0.44690259860230036,0.3088684746533773,0.29431987331749804,1.649660299002701,1.0117817883907214,0.19251460327042239,0.07138002142783084,0.6279857972885733,1.1183444524709982,9.074172001113276,1.0875626880641927,0.0725928876644646,2.6880694143167028,2.6880694143167028,0.0,0.0,0.0,2.120722751958006,0.12530190286057324,2.1103707995365006,0.5887210487372433,4.666095436206006,-2.4744691395942984,4.666095436206006,0.15137723547725082,0.05631448156472937,0.09506275391252146,0.615850415987649,0.8939991105249436,2.228844253656377,0.20050867074680753,0.384149584012351,45.42926029588165,0.0,Consumer Cyclical
2010-12-31,LKQ,2010,Q4,USD,0.4265179960923534,0.11063060871164862,0.1219159040030383,0.10849430987904692,0.09854271781717733,0.0613117764956688,0.0613117764956688,0.0613117764956688,3.5275557997749694,5.0572759265800595,0.784599990257526,2.0345263678949146,0.29313344718372486,3.714150034839185,1.5275451467018166,0.05914849302195295,0.42467856968502715,19.897729384436698,2.586704819976765,2.586704819976765,2.325996431806562,4.879860547159539,-334.41779585197236,224.9886073871409,0.261340138264299,0.4249544429523937,0.29822317832977274,0.2793081534399435,1.6260588433707337,1.116217337341846,0.06488520821405905,0.021689367314331152,-0.6727770177838577,0.9352349433121436,8.97545409916544,0.2764332173649977,0.024327985170245977,0.5978083087994767,0.5978083087994767,0.0,0.0,0.0,2.327935376475545,0.14272985349882925,2.1035868957085726,0.33047030951048856,4.883928386414969,1.0771255102675148,4.883928386414969,0.05049144546440388,0.08446092956754181,-0.03396948410313793,0.6221847524990967,0.9082754471366844,2.325996431806562,0.1826978051820736,0.3778152475009033,46.17479453388335,0.0,Consumer Cyclical
2011-03-31,LKQ,2011,Q1,USD,0.43684850148986587,0.13655027407430007,0.1517108033071971,0.13649179811046364,0.12168466709379544,0.07396192452024285,0.07396192452024285,0.07396192452024285,3.5342100179260583,5.877150855035356,0.8603751451755118,2.2989236690523436,0.3339793723218217,4.091366098179304,1.6191470768994392,0.08058307442796568,0.3097727971114696,15.078654480767248,0.3518352712179024,0.3518352712179024,2.3625259026370533,4.460985218293316,59.25543041437304,45.38867102114725,0.23744289135633798,0.3765176353366501,0.2735291039293997,0.2682261145194576,1.5857187098164094,1.2532228771706229,0.37122128754705386,0.09828411182638232,0.7659833150100239,3.853858475454631,16.75315961928538,5.217992846055207,0.1382432036161554,4.273199579948046,4.273199579948046,0.0,0.0,0.0,2.701197024950038,0.19978573047365927,1.9424253662154645,0.22153889472635996,5.100473178537336,-2.394441354018584,5.100473178537336,0.2654847504652808,0.062127861219276014,0.20335688924600476,0.6078163032917898,0.8915163312253774,2.3625259026370533,0.1593707967038079,0.3921836967082101,33.550154596415375,0.0,Consumer Cyclical
2011-06-30,LKQ,2011,Q2,USD,0.424171102721658,0.10594273408417185,0.12140574238762433,0.10331400950921699,0.09979412492562698,0.06148082623827802,0.06148082623827802,0.06148082623827802,3.2104569197220956,5.611833074623802,0.7860121716099981,2.119399737196709,0.3142158253623051,4.602163654125467,1.7255219182401316,0.06754670004489735,0.21841225209206644,20.38514163062562,-1.0192570815312805,-1.0192570815312805,2.4799301557203157,5.013181401740724,-5584.213636363636,160.25389017462658,0.24252703173328194,0.38181951967243644,0.27631649013247955,0.270984736604,1.5743379900527577,1.1332207596930677,0.1228362166548646,0.031282743877717574,-0.028697664632863454,3.126343420335793,16.802825947334618,1.53125,0.040529639590627616,0.9721029165132736,0.9721029165132736,0.0,0.0,0.0,2.6031374000287837,0.16004303816553245,2.0252335231672802,0.14479464353022609,5.262244974882981,-2.2599422959627735,5.262244974882981,0.08143328056360807,0.08377022553917639,-0.0023369449755683024,0.6160766105629716,0.965930229595087,2.4799301557203157,0.15396381982440707,0.3839233894370284,47.19222270410929,0.0,Consumer Cyclical
2011-09-30,LKQ,2011,Q3,USD,0.42648660922722087,0.10826025834993838,0.12396893473385567,0.10905500460519098,0.10207705594350286,0.0628028136313653,0.0628028136313653,0.0628028136313653,3.3913397102276908,5.320677901912517,0.7422849264857636,2.11202176958724,0.30886299985973276,4.116408674173501,1.4544491618540298,0.06547294187870256,0.1982718458549792,17.952164286729907,2.872346285876785,2.872346285876785,2.2378682845030426,4.509785711916601,89.84476974687405,60.84492788544284,0.2492525646056835,0.4004537504359942,0.2859457160304819,0.2797880381906927,1.6066183755000085,1.115098391076345,0.2553642221108796,0.07411933695455276,0.6772228150493959,2.7940409056476727,17.637301423560967,3.0717420037007668,0.091845477279697,3.0981124026874265,3.0981124026874265,0.0,0.0,0.0,2.678619511361695,0.16822484196138732,2.178209465231505,0.15415000854262773,5.397994191013155,-2.5090346830685117,5.397994191013155,0.19853750213565693,0.0640833760464719,0.13445412608918503,0.6152490689594842,0.9360144113793749,2.2378682845030426,0.17894428962110334,0.3847509310405159,42.42383642556519,0.0,Consumer Cyclical
2011-12-31,LKQ,2011,Q4,USD,0.41696004393209257,0.09854709077596335,0.11091469852027176,0.09592904456212645,0.08962870570606365,0.05975211572189964,0.05975211572189964,0.05975211572189964,3.3348192104030323,2.597951393005335,0.7434972843714969,2.215601111063952,0.29366216375014687,2.891011408297355,1.038210378357175,0.046503674742980124,0.12131719693331289,19.64106937394247,1.6694908967851096,1.6694908967851096,2.682946052059352,4.694381800534678,160.5865501674676,83.87509716676173,0.2988013891284944,0.5815246778603296,0.367698769422355,0.36043673221851236,1.9461913465544665,1.2861927882029094,0.1322376808241533,0.05596871966897679,0.5223046206503138,2.0089172646686366,10.756324582338902,1.781262701530958,0.05500608738217464,2.093384284690709,2.093384284690709,0.0,0.0,0.0,3.2038297350008866,0.191435605079036,3.28847124289085,0.16450607602187642,5.6057780172119855,0.20155207921332224,5.6057780172119855,0.17931424830539683,0.08565758786705037,0.09365666043834645,0.6666627086846042,0.9343229270673855,2.682946052059352,0.21674855422976844,0.33333729131539575,51.03503545418781,0.0,Consumer Cyclical
2012-03-31,LKQ,2012,Q1,USD,0.4336043544293001,0.13129193614511664,0.14572625673958617,0.1294930978302482,0.1241518273813043,0.07849661312473528,0.07849661312473528,0.07849661312473528,3.322396893273912,2.7495977189961325,0.7933226632783134,2.395153408840305,0.31649591518530207,2.569120098714869,0.9574751571955525,0.06419365826224029,0.12070036799292894,14.1614315788174,0.2989635555528117,0.2989635555528117,2.6289802617064497,4.446497663739355,51.6492245513701,41.64853179610549,0.2750201610367604,0.513766378142039,0.339396082222822,0.3291109750176172,1.8681044189824565,1.4044986339932184,0.24100036317970394,0.10676241086979066,0.8063728382733422,2.157129426512065,18.136011945160853,2.720010864734061,0.12286323594693531,5.164564677200056,5.164564677200056,0.0,0.0,0.0,3.5061302577834565,0.2752193504101564,3.071697510517266,0.18747239005294314,5.930055933505053,-4.627885876620066,5.930055933505053,0.3743229191444824,0.07247908440318339,0.30184383474129906,0.632263050656924,0.9587524699119813,2.6289802617064497,0.19542420520440018,0.36773694934307594,36.10866816975598,0.0,Consumer Cyclical
2012-06-30,LKQ,2012,Q2,USD,0.4191932488914897,0.10785062755146141,0.12310400772554447,0.10786254968798775,0.10054235786081105,0.06358274111775991,0.06358274111775991,0.06358274111775991,3.252602971685614,2.6066097130321566,0.7318413584257524,2.2691848996201234,0.2938425747115162,2.81371007944813,1.019936136099272,0.050374112494966435,0.13328108649471618,19.240590330947843,-0.8978942154442325,-0.8978942154442325,2.7156426983538875,4.893477895862125,-522.3711104040725,453.6646587455098,0.2920661445100424,0.5515964907637749,0.35550253822258326,0.3447029133299251,1.8886012676652728,1.320136744379427,0.02438011146990268,0.010786553022211934,-0.8684719535783365,1.6136037964083,14.758972267536704,0.23409301623579637,0.010852159936668247,0.5351966873706004,0.5351966873706004,0.0,0.0,0.0,3.408618646076738,0.21672931694266653,3.4129228893629993,0.20099901791459243,6.142192421009855,-4.9072403400047415,6.142192421009855,0.03676724575840699,0.06869856750990552,-0.03193132175149853,0.6323975533355073,0.932134073889856,2.7156426983538875,0.20311821253146828,0.3676024466644927,47.345854989185526,0.0,Consumer Cyclical
2012-09-30,LKQ,2012,Q3,USD,0.40297253781079506,0.0897170964692876,0.10615742785286222,0.08993151419238778,0.08188396460337147,0.053159858248246546,0.053159858248246546,0.053159858248246546,3.3677949988572036,2.7704588814137967,0.7345544403488093,2.243039499461692,0.2902741554427814,2.790734071157477,1.0117885382513956,0.044720539997298525,0.1490014401994321,25.462714115230906,-1.4004492763376994,-1.4004492763376994,2.9147069718384806,5.414377091925205,130.94590951259545,90.15452161808058,0.28032119226569024,0.5198690486969202,0.34204857921321363,0.32988513985319246,1.8545477938898922,1.2402533676117633,0.13144779869068865,0.060056633818789486,0.6884867343596462,1.310653104033829,11.4809141135108,1.1719094869777171,0.06218897871967702,3.210136165290994,3.210136165290994,0.0,0.0,0.0,3.429757418945678,0.1823254182170242,3.339023131390481,0.23348637315854634,6.371137880898808,-4.776488764897769,6.371137880898808,0.20597968539689715,0.06416540445356012,0.14181428094333703,0.6492096285975112,0.9105146881903887,2.9147069718384806,0.17836065639524906,0.3507903714024888,59.458979255264936,0.0,Consumer Cyclical
2012-12-31,LKQ,2012,Q4,USD,0.41681313587691904,0.09866047391412237,0.11606916280790137,0.09770815092961518,0.09047442914464165,0.05823309907623734,0.05823309907623734,0.05823309907623734,3.424912125410509,2.8394647457086193,0.6913764718811993,2.1601140016060554,0.28680747133845547,2.837110406112177,0.9909907694325578,0.0459138028444402,0.12249356483530897,25.210628658262046,1.512637719495722,1.512637719495722,3.1929196362292234,5.872372145723208,-1791.2580119965723,260.0213243220831,0.3003870597638323,0.569462561364171,0.36283921348795745,0.3476625916350699,1.8957626264323397,1.2358432321492943,0.04942780319053006,0.02258419443495035,-0.14516129032258066,1.114457156373324,12.117524097085123,0.3362987338948073,0.021563231462755638,0.8732394366197183,0.8732394366197183,0.0,0.0,0.0,3.5930965334625338,0.20923714642360866,3.792192804487018,0.20110156688973901,6.608371773778401,0.5622062292026258,6.608371773778401,0.08114719073526394,0.09292662164844741,-0.011779430913183474,0.6436415197838934,0.9259660354212987,3.1929196362292234,0.17835167377926722,0.35635848021610655,59.13500629275849,0.0,Consumer Cyclical
2013-03-31,LKQ,2013,Q1,USD,0.4196908520673547,0.11736066227590872,0.13453879901036542,0.11838491233673663,0.11017418940014063,0.07072927440453446,0.07072927440453446,0.07072927440453446,3.3446976900274064,3.4344529997426814,0.785617181866855,2.428523855839538,0.32127147534624745,2.7728429941019024,1.022546306110683,0.061631786472550805,0.1248110409538395,18.87885651125402,0.5663656953376204,0.5663656953376204,3.1294876371049014,5.341151290513271,75.17771642423388,60.01898771997407,0.2867570007674539,0.5229741493972504,0.34339003692493963,0.3261509278993057,1.8237537287585077,1.335391881556249,0.2108673987942283,0.08899102589722215,0.7983614104647995,1.2905612418582484,16.47329842931937,1.3382580377462876,0.09970211051887101,4.9593681561902985,4.9593681561902985,0.0,0.0,0.0,4.010371329126233,0.28365065420184693,3.608354067049821,0.2112391273732002,6.844570895897742,0.887769678029414,6.844570895897742,0.35688705880774985,0.07196220316136084,0.284924855646389,0.6419768077226641,0.9306438398734356,3.1294876371049014,0.16711174800519593,0.3580231922773359,45.94248837845229,0.0,Consumer Cyclical
2013-06-30,LKQ,2013,Q2,USD,0.407328791418081,0.10299996484915494,0.12468643848442339,0.10495563004694236,0.09302032038397505,0.060493006579599086,0.060493006579599086,0.060493006579599086,3.029289837009789,2.814770549959213,0.7625194516335261,2.4289137736658173,0.29674123435542393,2.9663035896335246,1.226170163295237,0.046328043670716336,0.2890128954946254,26.12436131507356,-2.4382737227401976,-2.4382737227401976,3.701608984245806,6.321364643682275,93.789699171477,76.78037930465665,0.32631062402878874,0.6439216280659209,0.3916984952765034,0.38024169278887804,1.9733394521935974,1.2553867384614306,0.18432329952960955,0.08233046907204965,0.8186440513502237,1.4894001600950242,10.516970861351265,1.5864197530864197,0.07486990376183907,5.514018191546281,5.514018191546281,0.0,0.0,0.0,4.184223105438914,0.2531162358478267,4.642925668290107,0.5401475469566351,7.145541334206893,0.5440384544673568,7.145541334206893,0.344489050972894,0.06247513863865035,0.28201391233424367,0.6503203421563407,0.8862823303749486,3.701608984245806,0.17395722530566485,0.3496796578436593,58.482063545964785,0.0,Consumer Cyclical
2013-09-30,LKQ,2013,Q3,USD,0.39897495867017335,0.09571340750361684,0.11382688772923995,0.09505860130314138,0.08400393191864379,0.05657910752225956,0.05657910752225956,0.05657910752225956,2.958281677301732,2.7384591084591086,0.7662647360114088,2.4404988183802505,0.2976556840895755,2.6079643524722456,1.023297583083922,0.04537452899993498,0.1670580984353624,32.56895299203486,-8.142238248008708,-8.142238248008708,4.244745814970547,7.370889172895029,86.61742296132677,72.7950380785003,0.3008569707495358,0.5820733363914563,0.36791804968984854,0.3568954173963306,1.9347177994291307,1.217428410920799,0.2045701799029747,0.10125537904034684,0.8404202710002359,1.4695177076372785,8.118092105263157,2.150401649133714,0.10017796510054838,6.266460071513706,6.266460071513706,0.0,0.0,0.0,4.323766000606216,0.24463482144938928,4.42089713313104,0.3575242403146994,7.508105641473172,0.595427398966768,7.508105641473172,0.437804565273147,0.06986473388114835,0.3679398313919986,0.6735292769040304,0.8837067952510231,4.244745814970547,0.13712796048672118,0.32647072309596953,72.90857354593321,0.0,Consumer Cyclical
2013-12-31,LKQ,2013,Q4,USD,0.4144281603324703,0.10137017929062975,0.11587702183279423,0.10163295964346934,0.09005619398354509,0.05913621211994632,0.05913621211994632,0.05913621211994632,2.8742768951350595,2.20877820717394,0.7159242008928903,2.4086464673072947,0.2913819102260923,2.6547813786501426,1.06624648021323,0.047259054191618285,0.22197408964928247,31.757897102640502,3.8109476523168535,3.8109476523168535,4.207682075256993,7.51216695818071,170.3409440818365,113.52608950153224,0.2889679811382468,0.5554753918438623,0.3571097265546587,0.3497231390064318,1.9222731517029708,1.22198401672017,0.1285148085486752,0.06617128266431936,0.6664638975288946,1.9911710781608787,9.138145315487572,2.0976766582400383,0.06672405250191264,2.998176187198899,2.998176187198899,0.0,0.0,0.0,4.379561873844148,0.2589906999640771,4.391988531286172,0.5005521480555075,7.819031811710861,0.8633533348412076,7.819031811710861,0.2898012267000173,0.09665917164486902,0.19314205505514828,0.656659020375118,0.8860924084023942,4.207682075256993,0.13201458235409466,0.3433409796248819,72.4008061661882,0.0,Consumer Cyclical
2014-03-31,LKQ,2014,Q1,USD,0.40096766038638754,0.10753504324393813,0.1260941691265161,0.10692364327949036,0.09762101444417039,0.06437106688063615,0.06437106688063615,0.06437106688063615,2.816602911928373,2.5355061936673073,0.7755135355517262,2.737611283334484,0.3120596303755134,2.6980803309640877,1.079598925139996,0.04837846926447011,0.14595155397176238,18.972337391188024,0.5480897468565431,0.5480897468565431,3.2140677135458255,4.885078396360632,125.48067084827706,81.86918842581618,0.3322054010228361,0.7004103961632148,0.4119066772019344,0.4069517171332201,2.108365469094429,1.3329154761563151,0.12502529271891896,0.05966931504136176,0.6524446185405478,2.947446509448696,10.785084998138727,2.7633168119409786,0.05605081777489653,2.8772392929173094,2.8772392929173094,0.0,0.0,0.0,5.393976894952323,0.3472160474575821,5.795674273239418,0.3757257652468763,8.19833380888237,0.14737596464569386,8.19833380888237,0.32185490667073646,0.11186240486254422,0.20999250180819226,0.6593976435007246,0.912997457344363,3.2140677135458255,0.21792023646897832,0.3403755276920169,46.631651065116756,0.0,Consumer Cyclical
2014-06-30,LKQ,2014,Q2,USD,0.39263146439245183,0.10256258732502814,0.12318767655160631,0.10156968566500423,0.09341876461268059,0.061365652272615576,0.061365652272615576,0.061365652272615576,2.737677398686529,2.6437010230250677,0.7708140426798978,2.7495688545688544,0.3108165442015551,2.986806325712336,1.1916735092134447,0.04693147774303265,0.1460448302337485,19.214881247497186,0.0,0.0,3.0974567303332625,4.716534884374057,373.5486886005561,146.04911133254825,0.3548607025657206,0.7497836708784884,0.4285007817578132,0.41938620184532543,2.1128957516495577,1.217294069550626,0.0735729291076608,0.03229417037420164,0.39097744360902253,1.7930666360557883,11.108011261837728,0.7720984234895856,0.02828592278883466,1.6419753086419753,1.6419753086419753,0.0,0.0,0.0,5.658815349468596,0.34725689501042944,6.512439161672681,0.3627586663576466,8.616746680793298,0.2090653246366255,8.616746680793298,0.18274674701188623,0.11129689103731417,0.07144985597457207,0.6568878589546864,0.9197504550796102,3.0974567303332625,0.24206429214519407,0.3403438449253124,47.03501738353978,0.0,Consumer Cyclical
2014-09-30,LKQ,2014,Q3,USD,0.38605562734743964,0.0907564333791975,0.11129188204231899,0.09075294708266707,0.08123070915919825,0.05317473783050091,0.05317473783050091,0.05317473783050091,2.823971094490954,2.618055090971711,0.7877382439006206,2.8107896232516514,0.31095848680784693,3.040672139053239,1.30182605900014,0.04299755413891877,0.31715038346461183,21.98937649565645,-1.5392563546959523,-1.5392563546959523,3.017374241573434,4.677117320850842,58.5081274622396,47.22791372815921,0.3429423164692954,0.7114912729870817,0.41571422782969225,0.4062326459487534,2.0746674843516537,1.1231389501244506,0.22094976846930467,0.09903290134245658,0.8072026191342306,1.612192336117892,9.52714407710138,2.337713282493005,0.08979679574888003,5.186792452830189,5.186792452830189,0.0,0.0,0.0,5.685125725082914,0.30230506996472034,6.324027827327863,0.8081486766823905,8.812297670485327,0.6259563166448646,8.812297670485327,0.5630144950515982,0.1085477200354118,0.4544667750161864,0.6546137339055794,0.8950751658257997,3.017374241573434,0.23579815297159457,0.3402288984263233,50.657976359535546,0.0,Consumer Cyclical
2014-12-31,LKQ,2014,Q4,USD,0.3946005387941912,0.08675987794298662,0.10867919419570093,0.08684003797804328,0.07702073057262172,0.04778072489610369,0.04778072489610369,0.04778072489610369,2.800248411265301,2.5476434400627683,0.7110744730783689,2.6732789724232404,0.30216801244175107,3.0870245745281713,1.177001076334495,0.0404015654603228,0.1526649935526498,26.487625420969565,-2.6487625420969603,-2.6487625420969603,3.133702969540078,5.062391773561558,1137.370720384205,176.68077753600664,0.33454107406990086,0.6853351966087603,0.4066462256219387,0.3964013352282938,2.048583117974813,1.0723974337054913,0.06428034783720707,0.028652759197473357,0.15534141539736815,1.6712410353128024,9.160663952395867,0.7466462423989231,0.025880072639043378,1.183910302019186,1.183910302019186,0.0,0.0,0.0,5.55468664966968,0.2654069546919269,6.202449940796396,0.37799604869537684,8.973409500941651,0.6142563598523703,8.973409500941651,0.1591570989904054,0.1344334099626968,0.024723689027708606,0.620361875833571,0.8869264957264957,3.133702969540078,0.21715041412543196,0.37265347343751204,56.14209648691471,0.0,Consumer Cyclical
2015-03-31,LKQ,2015,Q1,USD,0.39431437410649456,0.10372949729186115,0.12575764750449853,0.1048112871438944,0.09532660019211776,0.06037221688561777,0.06037221688561777,0.06037221688561777,2.7500934054945687,2.7021399667524264,0.7911551511866963,2.8539169298438956,0.32121736919702176,3.026203072843429,1.2677783906545783,0.05023191843821774,0.22722882143791256,18.138840935617907,0.6121858815771049,0.6121858815771049,2.7951714499801614,4.380328156075386,50.4405525514609,43.13367942490771,0.31410514795383077,0.6239902989560442,0.3842327748861346,0.37561595413004556,1.986565018182263,1.1329160367941356,0.23325357302858682,0.10155238816807147,0.8551389158733242,2.110958567006437,12.473232255467597,2.8914337993355055,0.10385181897056153,6.903165236051502,6.903165236051502,0.0,0.0,0.0,5.835179258099426,0.35228270773643683,5.755012286062967,0.5772706190399437,9.144340680848543,1.0296345759745793,9.144340680848543,0.5925763890487923,0.08584125814547883,0.5067351309033135,0.6333197319944885,0.9095070081645386,2.7951714499801614,0.22323864926442097,0.35539707038988533,41.82057655670759,0.0,Consumer Cyclical
2015-06-30,LKQ,2015,Q2,USD,0.39386095197680177,0.10891206537291834,0.12675959022235278,0.10896483811824359,0.1009569820518261,0.0651346249054715,0.0651346249054715,0.0651346249054715,2.8222813544592036,2.8352797168094748,0.7944429509718703,2.8275694443376156,0.32621462401025675,3.266430788928431,1.335722398518651,0.05624691982574561,0.19745307111438465,19.22088567681796,1.681827496721571,1.681827496721571,3.1158976714680278,5.0077807156419505,148.73319921792944,89.75419291300193,0.3001915683652726,0.5725757449071509,0.3641005826024344,0.35866428347969903,1.9073678452235594,1.1448151595657716,0.14118797023534999,0.05579439303182142,0.6034576905825224,3.1168703703703704,13.697510600465053,2.6043476052618213,0.060631106476012775,2.5217990016475276,2.5217990016475276,0.0,0.0,0.0,6.04059996187797,0.393452212720927,5.606777834011424,0.47134274991291086,9.708277738706348,1.442705218117166,9.708277738706348,0.337031608421025,0.13364729234996023,0.20338431607106472,0.6451720681590377,0.9265097236438076,3.1158976714680278,0.18375948290926603,0.34856600885938155,46.15018691548673,0.0,Consumer Cyclical
2015-09-30,LKQ,2015,Q3,USD,0.38912843145176257,0.09262981702563475,0.11153214553220668,0.09103132991070746,0.08459261507687806,0.05532796282425595,0.05532796282425595,0.05532796282425595,2.9224480679026135,2.6875878186390483,0.7639849599932269,2.806047979411134,0.32112933447778697,2.9925397832262335,1.1564727503391008,0.050357681252223674,0.17185200414191837,21.34142748603793,-1.3871927865924654,-1.3871927865924654,2.8489597930393815,4.723110826256243,49.2081019714016,41.469213705038726,0.281770859630521,0.5292663481863449,0.34609167252914175,0.34081500505017726,1.8783572896088632,1.1322010284633839,0.26153255994123087,0.11389439066413645,0.8427314211212517,2.925504855865577,11.326246433908436,5.612094474632808,0.12980345065734214,6.358549222797928,6.358549222797928,0.0,0.0,0.0,6.004517158975805,0.33221770214942026,5.31684690502493,0.449375366732337,9.954510438964267,1.5373714592914813,9.954510438964267,0.6838808230539011,0.10755296516411579,0.5763278578897852,0.6540519260927649,0.9292692434555759,2.8489597930393815,0.18577529576916313,0.3386554459151603,49.54364107157716,0.0,Consumer Cyclical
2015-12-31,LKQ,2015,Q4,USD,0.3987188657679401,0.08749518988586664,0.1097575130695018,0.08672271271568323,0.07971324000711297,0.05435357497974463,0.05435357497974463,0.05435357497974463,2.9634658397722653,2.5303714255464547,0.6755906644943439,2.5107692440210347,0.30966173421789617,3.1127731159487744,1.0428075588121866,0.05075252007871607,0.11622405149141588,23.807483694508733,-3.9282348095939374,-3.9282348095939374,2.9064147158522124,5.176087400274112,-279.3740579575965,235.04589499922102,0.28058564721326057,0.5087845243912541,0.337214834965604,0.32921662162016646,1.8132949045841598,1.1005765236595582,0.05121746878199928,0.02202160305880375,-0.841330425299891,2.157728387934767,11.44168678334339,0.6873326908662598,0.0243036230155575,0.5430855789161978,0.5430855789161978,0.0,0.0,0.0,5.724401021209741,0.31114166012045036,5.230289342759884,0.28605983241686306,10.194691018591254,1.8994468447237496,10.194691018591254,0.12606048703849176,0.2321190102120974,-0.10605852317360566,0.6818638280779273,0.919173737893203,2.9064147158522124,0.17505572126931288,0.30447881100622615,54.959509681855835,0.0,Consumer Cyclical
2016-03-31,LKQ,2016,Q1,USD,0.39575669953723075,0.09380965466131246,0.12159870849284612,0.09662988244453743,0.08621549267334071,0.05837751811628144,0.0560673149183232,0.05837751811628144,2.1771076228611053,1.9421018824875464,0.6512457671849347,2.5327869176593407,0.26118164319355397,2.8529240239753766,1.1540675236561497,0.03417823584433327,0.218427497355657,22.68497988062971,1.7580859407488043,1.7580859407488043,3.022373796882212,5.087543643532368,141.72866601907964,81.89527264654384,0.38312040046449186,0.8714302983945444,0.46564934806395075,0.45891231372559516,2.2745598964138427,1.0876631196650985,0.11374677199569282,0.0621225557852401,0.5778313939363475,1.9574018697822293,12.724232456140351,1.583851920652823,0.04235031906340893,2.368721846288175,2.368721846288175,0.0,0.0,0.0,6.276113236019428,0.3518848172669578,9.253925273634115,0.7487008299663245,10.564543681836444,-0.9426993340018357,10.564543681836444,0.3898881946191007,0.16459855564301976,0.2252896389760809,0.6503160067849403,0.8922239217544918,3.022373796882212,0.2883264470111159,0.3474988078063032,52.92098408296205,0.0,Consumer Cyclical
2016-06-30,LKQ,2016,Q2,USD,0.3761984875298538,0.0950371996818859,0.1235744338438148,0.0992307073958264,0.08791962110309207,0.056233073665285696,0.057427429710698155,0.05826311169942543,2.4626293645298762,2.0795360871020137,0.8086309914225384,2.322830473742377,0.2993781780085473,2.8230732756923675,1.204992887600117,0.04068072824474894,0.23383020279326452,17.271507492699147,0.5495479656767907,0.5495479656767907,2.9395470908403243,3.9674331301391077,52.860276072785794,41.222915845215226,0.40746198605805267,1.0084114378866618,0.5020940524755009,0.49749250562268205,2.474860164606839,1.202934920234835,0.20187147696558147,0.09624338911483404,0.7798467754586349,2.6139337025443456,9.218149425723059,3.8772849815886374,0.0707137634048187,4.54229095250934,4.54229095250934,0.0,0.0,0.0,7.9900527520393325,0.45884819280250916,10.960693536082003,0.8907302473281646,10.783974204317973,-1.246125105145443,10.783974204317973,0.7689897560625721,0.16929557443645302,0.5996941816261191,0.6531810418445773,0.8860122376472136,2.9395470908403243,0.3430499348110081,0.3475012066981027,42.21731590295962,0.0,Consumer Cyclical
2016-09-30,LKQ,2016,Q3,USD,0.3701193633396597,0.0772618912951488,0.10466769732238995,0.08504920752630057,0.07508620220124601,0.046020872873225156,0.051402068852829906,0.051402068852829906,2.488041020680252,2.2021036473278173,0.7860729657716745,2.3315558064954134,0.2909366120133321,2.8676627729706023,1.2034140033831995,0.03813866340079658,0.2365550883739062,22.19646053403756,-1.7017286409428791,-1.7017286409428791,3.1783125204061418,4.563775970638881,91.92834573902476,64.48551334647559,0.3978782420960045,0.9524103245812929,0.48781258354876994,0.4820201305137274,2.393723063528276,1.1162855303517298,0.14698905681129962,0.07077211196440467,0.7014758378176781,1.9382166884225325,8.198295706958524,2.2574269334081705,0.05174999862139702,3.3498126003926467,3.3498126003926467,0.0,0.0,0.0,7.7698818320908885,0.399388000911488,10.706517139229792,0.8849604479312477,11.156863830202806,-1.0062795012858492,11.156863830202806,0.54989094697093,0.1641557342361405,0.38573521273478956,0.6845740941200102,0.882855988728953,3.1783125204061418,0.2996591173669696,0.3169157115914696,55.58025009606763,0.0,Consumer Cyclical
2016-12-31,LKQ,2016,Q4,USD,0.3859764156163999,0.06378748943222814,0.1043556426088841,0.07527880781582641,0.066830170674747,0.04478131106405023,0.04014637235945212,0.04014637235945212,2.4988768797593166,2.083395789975275,0.6822936932272378,2.6496668210987018,0.25898524171226056,2.9465132125026328,1.3481807257275238,0.029226274368602437,0.18781203929681983,27.29408931901634,-0.9098029773005449,-0.9098029773005449,2.7375671553659378,4.3830346920535,166.71626602989298,85.01758115872744,0.4024678921943217,0.9706129832303645,0.49254368640120744,0.48755047732336343,2.4116532077588135,0.9550691494960629,0.09156291166474642,0.05155445064792416,0.5099537266716578,1.9681653976546434,6.785714285714286,1.67697287812552,0.03317492431408376,2.0406236194963925,2.0406236194963925,0.0,0.0,0.0,6.992871869248229,0.28073843792477743,10.944630163179562,0.7394785278068641,11.196072373940698,-0.6375352016493558,11.196072373940698,0.360513667670415,0.1766683793258193,0.18384528834459568,0.6007222778891116,0.8877687175685693,2.7375671553659378,0.35455312258837357,0.32941577599643734,55.879161969100785,0.0,Consumer Cyclical
2017-03-31,LKQ,2017,Q1,USD,0.39699331111815855,0.10104731729783004,0.1234500135092279,0.1006008511880651,0.09080847500237958,0.06010176524846095,0.058167790159221085,0.058167790159221085,2.4061981985683034,2.1697329358625255,0.7140636806817406,2.8952296566519364,0.28844767814222816,2.861190944907351,1.1551779294835478,0.04138792459098081,0.22817433114225133,16.539682780786332,0.28944444866376084,0.28944444866376084,2.499667872790571,3.8483071891714467,70.49516838031198,52.329343385976216,0.3724665566642527,0.8387505402882443,0.4561524371635322,0.4485031531396537,2.2518814784338006,1.0377504244519775,0.1485667426345239,0.07354013905327843,0.7423110631308295,1.871671725184521,9.825412706353177,1.872994303604818,0.05695137450768776,3.880647776926889,3.880647776926889,0.0,0.0,0.0,7.605941667640604,0.44242081888659474,9.899272144090798,0.8590582674302336,11.709555624813328,-0.2935577285181867,11.709555624813328,0.5593420078694145,0.14413624735413663,0.41520576051527786,0.6405546415981198,0.9026611000797651,2.499667872790571,0.33554479353766414,0.3391539365452409,40.718026719774294,0.0,Consumer Cyclical
2017-06-30,LKQ,2017,Q2,USD,0.39253363249676315,0.10184668064046248,0.12328939302663387,0.09948417900831065,0.09184184418309226,0.061386806355812756,0.061386806355812756,0.061386806355812756,2.455351631866694,2.062137445267267,0.7237361288940625,2.921087964943299,0.2915938693446118,2.8655558829788976,1.1764918226020333,0.04523488732705661,0.248468477317748,16.83410858170879,1.481401555190375,1.481401555190375,2.6349081270573045,4.133568654712333,71.23387320636212,53.53949679669554,0.3543575557749063,0.7746466200895329,0.4365075341311901,0.42841850178283675,2.1860592711097744,1.1080162253521126,0.15536565001718972,0.07720596759451531,0.7516016522307222,1.8709162165722566,9.943608716864532,1.9595705141441255,0.06353127359778923,4.025791672852992,4.025791672852992,0.0,0.0,0.0,7.9713203656207545,0.4893338996845078,9.766847056000675,0.9842318754113882,12.505179843518468,0.2261265146381243,12.505179843518468,0.615433501833616,0.152872665017331,0.46256083681628496,0.6683969262794252,0.9231804001259337,2.6349081270573045,0.2939937875384927,0.3359922049737582,42.38272577005305,0.0,Consumer Cyclical
2017-09-30,LKQ,2017,Q3,USD,0.38805904777354205,0.08237448292643361,0.10701597858707114,0.08074418038770378,0.07214575391353718,0.04963135696325736,0.04963135696325736,0.04963135696325736,2.413362460459144,2.0122957596965803,0.6747183836707245,2.840875051268935,0.27818335371930625,2.816759550899997,1.0995586399229693,0.03779530203916688,0.21121782517288137,22.711113060850952,-1.2364939333129963,-1.2364939333129963,2.7511836466728714,4.50873343742396,257.62698498401073,127.57481594106443,0.35521502970801466,0.7791574291450437,0.43793619180707355,0.4278383474774854,2.1934810297455827,1.0616756115570998,0.06691504048872106,0.03534187687565902,0.4951919766828082,1.3522605500003286,7.893862500991198,0.6868000662006352,0.02767766286265278,1.9809510820149119,1.9809510820149119,0.0,0.0,0.0,7.982286045404957,0.3961716881023214,10.274307320278787,0.8904790731250951,13.081642166463263,0.1497204678400435,13.081642166463263,0.2821089706029931,0.14241087181014472,0.1396980987928484,0.6879317807495349,0.8935102637381404,2.7511836466728714,0.2832080766717676,0.327093767742008,53.02092583750189,0.0,Consumer Cyclical
2017-12-31,LKQ,2017,Q4,USD,0.38368446730678524,0.07208074967963707,0.09760127618827825,0.06800156284478238,0.06081126219960281,0.04974785969216816,0.050274611262604484,0.050274611262604484,2.404673909022048,1.93023701105612,0.639373685043954,2.704944424913672,0.26367980687683146,2.889592991432831,1.0896838645099054,0.036406594371285406,0.21150746489819494,25.30759376182845,-10.123037504731371,-10.123037504731371,2.9941331328014664,5.089317753471358,481.53068112166716,180.4538940809969,0.3634062683892766,0.8108249096213135,0.44776549367816915,0.43843131474149416,2.2311803074149705,1.0152637631295802,0.05266177978172317,0.02820287020897988,0.37475056347531477,1.3791627579737336,6.187518420277041,0.5512583095916429,0.020463398727372076,1.5993616972424403,1.5993616972424403,0.0,0.0,0.0,7.991247937360469,0.40175688355388744,11.101446274306792,0.9051865273239073,13.61068042838192,-0.23822111495777656,13.5832303361698,0.22537612838515547,0.14091629727893357,0.08445983110622189,0.8267319151769367,0.8942627147909546,2.9941331328014664,0.2708045613398171,0.19543926229235328,65.10423046448824,0.0,Consumer Cyclical
2018-03-31,LKQ,2018,Q1,USD,0.38738052988057764,0.08433293001524572,0.10722539698408241,0.08327366871952142,0.07385241792378905,0.05614709691836558,0.05621950305134881,0.05621950305134881,2.2452475185428473,2.0510311187567756,0.6941184995350452,2.926320453968568,0.28234887317357565,2.7387956777516496,1.110555551035132,0.041023177771512175,0.16658597710314973,19.198107593488494,0.7487261961460513,0.7487261961460513,2.6655936102021816,4.3172322737289965,141.5644677850893,80.91710800961678,0.34381525538444807,0.7518437738776064,0.4291728435426882,0.41845467592668967,2.1867667652993124,1.074601210759188,0.09842974041014708,0.05335376386926613,0.5715919345838816,1.4178123097100568,7.945572505698755,1.0202843748462507,0.04381531904746813,2.334223094116323,2.334223094116323,0.0,0.0,0.0,8.790354003172686,0.494189333703803,10.79611136060378,0.7937496163377132,14.27702194063654,0.34240122513464527,14.236978905843621,0.46899847181253373,0.20092272799232352,0.2680757438202102,0.761241197402145,0.8868639878535363,2.6655936102021816,0.2820549130220117,0.24676636723318487,50.77743894287624,0.0,Consumer Cyclical
2018-06-30,LKQ,2018,Q2,USD,0.38336339738896397,0.08458860526648346,0.1125268951490901,0.08472949443883711,0.07196071204793796,0.05208807981916033,0.05180465171833648,0.05180465171833648,2.3286349589785433,1.903820431664057,0.6875509076367158,2.5501411906460776,0.26243378977127246,2.5686883914851357,1.0487276241005465,0.03329244722413543,0.19303274380028496,15.875942473902438,3.889605906106093,3.889605906106093,2.1126381086697834,3.289790682243444,76.53512135959593,54.33357165433283,0.38433542469232934,0.9404755447219519,0.48466240519238873,0.47448424657107147,2.4470175901032998,1.1288442661006215,0.10261431476009725,0.06054802918484561,0.7099168419561214,1.299669826195025,6.7097094481605355,1.0345826849784634,0.04134370068770237,3.447287345957319,3.447287345957319,0.0,0.0,0.0,9.696665557532091,0.5023323820371389,14.323257272296804,1.1044484828318766,15.28358118225214,-1.9773480592277863,15.099604550864486,0.5871139891731402,0.17031188011108409,0.41680210906205606,0.7199018776221371,0.8492994384604001,2.1126381086697834,0.44516642053480693,0.2786629679726725,41.23809864503095,0.0,Consumer Cyclical
2018-09-30,LKQ,2018,Q3,USD,0.3834250689698685,0.07740638705499463,0.10329402782110302,0.0751776370445859,0.06432020722667146,0.04306973723232741,0.0429486756568231,0.0429486756568231,2.4862151995897683,2.0442645423877113,0.6888203989131609,2.59980865992841,0.2695112165931139,2.6462596792035398,1.036000875737463,0.03223348963504348,0.19666413163716814,18.750191719735724,-1.0625108641183574,-1.0625108641183574,2.0778506257669727,3.221183610696719,73.86933253033285,52.248609543995265,0.3770716706015259,0.9024972833160485,0.4743750707191538,0.46753112034336136,2.39343698739376,1.102792000534023,0.11090638827433628,0.061651087728647844,0.7073112447921537,1.736253728999843,5.744811551639746,1.626308452667596,0.04406499069932897,3.4165986297965993,3.4165986297965993,0.0,0.0,0.0,9.816267503348193,0.4215956891619142,13.862343672386366,1.0731383731239115,15.396709024716897,-1.6700787847158909,15.217648279374501,0.6051835690167944,0.1771304254877673,0.4280531435290271,0.6677322339069471,0.8555763356664806,2.0778506257669727,0.43434175302323297,0.22938575525812618,43.67102141552695,0.0,Consumer Cyclical
2018-12-31,LKQ,2018,Q4,USD,0.3869110001695095,0.05404956272202335,0.09529299672536892,0.05466465919426025,0.041151519208360514,0.012674583993970923,0.012005204508753718,0.01346951376074379,2.6018761215614474,1.9534973546208714,0.6491266979892986,2.460969117215583,0.2635543799823793,2.6745670122365337,0.9967616135848949,0.018177782185166257,0.19626786910151045,51.846386723626175,-0.7024349169007417,-0.7024349169007417,1.563273886319924,2.4897059026282635,67.16535720702915,39.43642299495706,0.3783330036103352,0.901344918279873,0.4740565005403177,0.4669141760781329,2.38241155193591,1.0558336956470142,0.1121496875199663,0.06313214316994813,0.5871542210875024,1.5644136625227334,4.238213271365867,1.5560881913548832,0.04397912075165294,2.4222120004088725,2.4222120004088725,0.0,0.0,0.0,9.531246230709167,0.11442456022295157,13.805063387568799,1.0530557442405235,15.358874577045892,-1.4964735308494632,15.179681697275953,0.6017280016251595,0.2484208655243996,0.35330713610075987,0.2917317450169541,0.7527993371754413,1.563273886319924,0.576575177368128,0.2829835962094053,40.03152461697607,0.0,Consumer Cyclical
2019-03-31,LKQ,2019,Q1,USD,0.3897244882193773,0.07297706062923527,0.10208002250102652,0.07173492397356,0.06133658548857966,0.03195268333449989,0.031625295979134944,0.031625295979134944,2.2905974254723525,1.9860006633861242,0.7028361006624799,1.2471461246911604,0.24477538526643566,2.355971733026019,0.9905026051388596,0.022314248336819848,0.1603185005437517,23.46425643562337,0.12905341039592852,0.12905341039592852,1.917393097838475,2.968256218827644,74.08878309945334,51.92548263506841,0.43858159421628606,1.1574238636586198,0.5364842222964142,0.458343349420015,2.6390160438147285,1.126587538288877,0.08989402928143615,0.05716376754143063,0.7008548455353364,0.6818507041673529,6.162542603009228,0.5028301485295995,0.031903489356952745,3.3428587596197374,3.3428587596197374,0.0,0.0,0.0,9.840794677602636,0.3112180443490792,17.747008373380396,1.003237622442437,15.416078921808245,-1.2288395980269549,15.234226113012069,0.5625368993734249,0.16828018765513608,0.39425671171828874,0.5156024863011538,0.8550449640287769,1.917393097838475,0.4796220636570371,0.271084654136999,45.63166169003315,0.0,Consumer Cyclical
2019-06-30,LKQ,2019,Q2,USD,0.38396569394548874,0.08558195637978643,0.1088772057399652,0.0726904016504047,0.06340795271680419,0.04670533250538072,0.046352518785175545,0.046352518785175545,2.52618443586182,1.9390301099275935,0.7550497370325621,1.2986297547087815,0.25567637439984586,2.1983710071354463,0.9405608876544534,0.029086580157670395,0.17844168763698737,14.008693403338182,0.25545264441381393,0.25545264441381393,1.7429337304557453,2.597352896535991,20.431339074461103,18.29365940339868,0.42460805986286776,1.1144165393207175,0.5270562912257286,0.4454867756228536,2.6245769797225034,1.2497335127549327,0.2188850592279062,0.14198104596029829,0.8953725126252496,0.7675419494004283,6.579840597480771,1.3096355741843513,0.08549342910813057,9.557717814805605,9.557717814805605,0.0,0.0,0.0,10.414449278754436,0.48273595583072293,17.41058574950864,1.2054435684261489,15.741871358904232,-1.2193362424693241,15.519809805348663,1.4786544016980292,0.1547078947452796,1.3239465069527496,0.7310205865216547,0.8723015869654527,1.7429337304557453,0.5026771551327137,0.27104777626723636,38.045891299921955,0.0,Consumer Cyclical
2019-09-30,LKQ,2019,Q3,USD,0.38132641712092963,0.07542824720842323,0.10129319998614894,0.07350085282515607,0.06522929067629718,0.048228382415123325,0.04837165831208286,0.04837165831208286,2.5733982342991357,1.9515930869027553,0.7541836612980929,1.265462835806015,0.2536135691432835,2.1829341140994063,0.9258144028556253,0.030526768174516744,0.21099330055582846,15.864628143409758,3.807510754418335,3.807510754418335,2.005573017541114,3.069593487205081,36.81132373782783,29.569642895396413,0.42059139408090274,1.083541399988833,0.5200479337701859,0.4349407415582714,2.576232931148393,1.2706184620290593,0.15908417074356965,0.10380894683320557,0.8032757285772432,0.676969387411166,7.235551663747811,0.9238143703263927,0.06259604425075427,5.083256848622497,5.083256848622497,0.0,0.0,0.0,10.245656348663868,0.49559938808059106,17.09542036910458,1.4106402369560265,15.86010480747323,-0.8931224164306871,15.681303909123457,1.0635907951697425,0.20923412427171825,0.8543566708980243,0.7415634573144302,0.8874630452447226,2.005573017541114,0.42040092902543147,0.2812440643461405,45.317024099257324,0.0,Consumer Cyclical
2019-12-31,LKQ,2019,Q4,USD,0.39736532596200486,0.07446459303754992,0.10376794933983641,0.06869688291149754,0.062983992610952,0.04679054839759989,0.04664270098941479,0.04664270098941479,2.660927283464706,1.9239028632947777,0.6541622351887656,1.1836277400192141,0.2355141128811398,2.1518444699868535,0.8790596517255815,0.029044635780228513,0.24008130320145127,19.49026786477477,-2.436283483096847,-2.436283483096847,2.1850808245203117,3.6363149448811574,-8310.40159453303,110.7078442677672,0.4226055238374843,1.0782618695292117,0.5188286834004563,0.4258684255922992,2.551461844932875,1.2187853934936508,0.045380516609502264,0.03284604599549481,-0.01332159980578989,0.7293096684260463,6.258111380145278,0.3029166551765344,0.018304794774184948,0.9868535321774025,0.9868535321774025,0.0,0.0,0.0,9.817631459633306,0.45792084859594817,17.724486833650275,1.7059988192199675,16.467575845546143,-0.6794149593739909,16.338068413481768,0.3224703744899324,0.32676619576811045,-0.004295821278178076,0.7405484958301024,0.9168391627331115,2.1850808245203117,0.36928554256031143,0.2648478422560175,50.660554162784514,0.0,Consumer Cyclical
2020-03-31,LKQ,2020,Q1,USD,0.4044992643959299,0.0775491638439353,0.10328314342030068,0.08059121573776173,0.06890819028069585,0.048949410766977626,0.048363593346740265,0.048363593346740265,2.567917366206126,1.9993790605801924,0.6573380710137091,1.214162515187475,0.24291063592807877,2.29125184118562,0.8891503108870286,0.029390840005315777,0.17162944411666411,10.81906174209018,4.976768401361511,4.976768401361511,1.266871805939488,2.092994809950899,41.86596487252125,32.2823012597462,0.41177684762997135,1.0260769065529611,0.5064353200188553,0.4255153153119748,2.4918275819989977,1.1972604045918185,0.10034358483481935,0.06483412669717938,0.7710870000976547,0.7428980571251644,9.326636072654352,0.6276974993789581,0.03824619824183428,4.3684718667205535,4.3684718667205535,0.0,0.0,0.0,9.799355403313763,0.47393203978604875,16.696330958274284,1.086684212932425,16.28576140126307,-0.5444817429580914,16.189483343020786,0.6353326497691338,0.14543590279455848,0.4898967469745753,0.7018555145583179,0.8550335126463207,1.266871805939488,0.6340106934734677,0.29213836325916753,35.60387093235596,0.0,Consumer Cyclical
2020-06-30,LKQ,2020,Q2,USD,0.38495036596793314,0.07182170662176739,0.09998160926892846,0.06870937047727946,0.0620681462257308,0.04511745128074498,0.0452312986635688,0.0452312986635688,2.3328172632117505,2.134276986335397,0.7059056685485644,1.0637115646787507,0.2182183425604964,2.1063906064721545,0.9327673856581912,0.02783679895832335,0.24435009703718596,16.76212665836083,-0.9847749411786992,-0.9847749411786992,1.556084177687786,3.032691028483549,11.615173115792604,11.085522812457809,0.3804917518044213,0.8946618407793212,0.4722013298221727,0.3782757396396518,2.351330446813973,1.1269593582871638,0.3684997394561815,0.273572214841815,0.95440013695408,0.658864513586851,7.044542473454091,2.3223736735439284,0.1568982113548439,21.92989042517474,21.92989042517474,0.0,0.0,0.0,8.639191976342182,0.3907618724938405,15.147805434850543,1.5671856342577821,16.933960743550184,-0.09278916845668271,16.837135404159856,2.363442883411568,0.10777267180042172,2.2556702116111462,0.7287360975639681,0.903343252813752,1.556084177687786,0.42984365434113303,0.25684769739465435,45.95760670871036,0.0,Consumer Cyclical
2020-09-30,LKQ,2020,Q3,USD,0.39326321232778727,0.09630591623016034,0.12140202199440625,0.0971235863035669,0.08804324857826468,0.0622827038498742,0.06348525634547414,0.06348525634547414,2.5948689829919696,2.1812787752747624,0.8233609962570898,1.224964207882867,0.25060692963826303,2.1295191526580655,0.9637512684953763,0.03999777040707564,0.21872986952989756,10.902036393378228,0.17007176773670035,0.17007176773670035,1.565913221661902,2.768474300485221,44.656452702166284,38.07695702404,0.3657744803725155,0.8255578684336924,0.45222223995671607,0.3583829910264871,2.257013303915899,1.4066608234342237,0.11502184018126183,0.07270734104979387,0.852664166542563,0.8530710675497309,11.754507187673735,0.700107738533429,0.04981474783066911,6.787215143347219,6.787215143347219,0.0,0.0,0.0,10.016347269374998,0.6358903740415617,14.702166818395444,1.3848904430589837,17.798561151079138,0.4684968334149492,17.70851642121661,0.7282619769876196,0.10729908535483171,0.6209628916327878,0.7210689901911094,0.9065073884635915,1.565913221661902,0.3942128226192178,0.2925896663784622,33.68778991607995,0.0,Consumer Cyclical
2020-12-31,LKQ,2020,Q4,USD,0.3960370196838878,0.09035345957598934,0.11878209329534498,0.09048176504999512,0.0835735816659264,0.061339834144016295,0.06127923604415604,0.06127923604415604,2.7519268410613487,1.913371428326287,0.7388512108777725,1.1353129935233972,0.2389773968485016,2.028690097164131,0.8143964443389485,0.038849446565846935,0.15698034338601483,14.798650697191349,-2.3677841115506157,-2.3677841115506157,1.8945310639604027,3.6274000368328116,43.471287837295066,34.6504805176746,0.3471461950710378,0.7586856346090806,0.4313935473622724,0.33213530508094896,2.1854931593123985,1.3994315837248559,0.15550937871984333,0.10468541799824503,0.7970888888170256,2.188702808783946,10.509318968229003,2.9881528723969657,0.07206603165014804,4.92826634367131,4.92826634367131,0.0,0.0,0.0,9.714947246559845,0.5953245454784645,14.195884968558424,1.026633251769411,18.65215618175599,0.8732338779698476,18.600909043071013,1.017013313337017,0.20636330149709264,0.8106500118399242,0.7332369251459288,0.9236510983152058,1.8945310639604027,0.27215530701420765,0.2783199050500877,41.87799845526393,0.0,Consumer Cyclical
2021-03-31,LKQ,2021,Q1,USD,0.40801050591241417,0.11905786136308158,0.14163806702817536,0.11714697869865705,0.11148087571977422,0.0838908712224666,0.08386343323075099,0.0838908712224666,2.5318203667594505,1.527908286691998,0.7844949291891968,1.2299970402047262,0.2503491188671676,1.8279153222529843,0.8459369636538394,0.0495840207556234,0.24221772237512035,12.060157072049881,0.2584319372582117,0.2584319372582117,2.195555592639337,4.045624709456898,26.683856090594986,24.550269065590836,0.32620978461337796,0.7071470944742997,0.41422739537981007,0.2926475308089698,2.1677678838248418,1.5608636377173621,0.2144407882046732,0.16478942445185515,0.9200420277429036,0.7662475418371781,15.362421936391083,1.1859128141461965,0.1264673506315719,12.506570286507575,12.506570286507575,0.0,0.0,0.0,10.463155393789,0.8774761337499959,13.713482905066277,1.9475585972947733,19.33265906158532,1.8664710948611254,19.279857973950893,1.7242173552928133,0.13786492345970705,1.5863524318331061,0.7522674421894184,0.951632529990739,2.195555592639337,0.22278346480585084,0.26300914898071187,36.44860030193452,0.0,Consumer Cyclical
2021-06-30,LKQ,2021,Q2,USD,0.4121286804455398,0.12370069814276906,0.1442947744965669,0.12944956120815787,0.11913694858453024,0.08908001306506859,0.08867944411742958,0.08878890191126117,2.8024931979587757,1.6951983210912906,0.8434757765500615,1.3338699700500796,0.2761776576232674,1.8297842641153634,0.7788698403445594,0.05736004462068597,0.14428335899736452,12.141686817191028,0.8218987999329312,0.8218987999329312,2.516976541377534,4.3068721503856935,40.58840892941896,36.033583923152236,0.3109697421438506,0.6580316451862936,0.39687520265173126,0.28184598512749537,2.1160632563469686,1.7581266515477911,0.18022383015034968,0.1195238353079403,0.887780153831915,1.2600033777639204,27.792125,1.4065900183627045,0.1061512050591283,8.911079761258817,8.911079761258817,0.0,0.0,0.0,11.4282472944065,1.013450617304487,12.921175989167645,1.0935488271048404,19.60872111011674,1.854578300025617,19.555208080351054,1.3659479474750567,0.15328646853926228,1.2126614789357943,0.7443487949878924,0.9203348970256863,2.516976541377534,0.17565466849944208,0.26321139452998055,36.987902854525906,0.0,Consumer Cyclical
2021-09-30,LKQ,2021,Q3,USD,0.4075069821704775,0.11587657749124783,0.13692607347363703,0.11470992482886212,0.1109063216739858,0.08614907855370257,0.08616576235412671,0.08614907855370257,2.7819408204529266,1.5465210740346609,0.8058322843835827,1.3012487857328094,0.2645572616978282,1.8341614781124758,0.7904135585221115,0.054165495568319316,0.17341002876940084,13.021587650278995,-3.2879508816954433,-3.2879508816954433,2.5069242871126463,4.488060107789485,38.52092968520153,34.493069674405156,0.30313902892737743,0.640036470173806,0.39025746183923393,0.28012374660999523,2.1113628041842762,1.7225846416880708,0.1847072182732417,0.13011483611502844,0.8954371027980734,1.4145916441679918,23.634625,1.7876811382798272,0.11355457880384066,9.563621769860204,9.563621769860204,0.0,0.0,0.0,11.211971050179235,0.9660880330310925,12.90148830375545,1.3696169726486773,20.12698536864087,2.1663288280628246,20.07240516144831,1.4588437757205146,0.15254093175433464,1.30630284396618,0.7769238133008766,0.9668415513256504,2.5069242871126463,0.17143842021173797,0.24435540117336543,40.25339022401815,0.0,Consumer Cyclical
2021-12-31,LKQ,2021,Q4,USD,0.39850056167731696,0.09031187450819886,0.11221148320162662,0.08791481964963514,0.0849920260339555,0.07411504042852574,0.07416243538513738,0.07416243538513738,2.969238583410997,1.6295688775510204,0.7340976780443705,1.1977129121705343,0.25273314922219736,1.9646613215014366,0.7591290662524025,0.045104603369420654,0.12659470612520468,18.411484863361846,-1.1906093544973992,-1.1906093544973992,3.014883581115171,5.461762226094031,-111.73053010748545,3467.0524447101016,0.3350933202941992,0.7318824258317763,0.4225935981077197,0.3219081776895546,2.1841152344941146,1.5826849121262694,0.002317767332918946,0.001575333028038668,-31.030484160191275,8.951140985088117,18.178608515057114,0.25095,0.0011881432816995634,0.031220258644820573,0.021482318498163795,0.30841667336772743,0.004187829982977974,0.41878299829779736,10.99095814043343,0.8151162229106439,14.625823633716719,0.9457005457543622,19.962411254545078,1.7267467934343887,19.91121659755618,0.017314419368415244,0.5545892353229334,-0.5372748159545182,0.8725810978492082,0.9667542556837656,3.014883581115171,0.15861033240046665,0.1497983632710943,59.72291358162823,0.25139543387816776,Consumer Cyclical
2022-03-31,LKQ,2022,Q1,USD,0.40531660692951016,0.1111111111111111,0.13112305854241338,0.11081242532855436,0.1063321385902031,0.08034647550776583,0.08154121863799284,0.08154121863799284,2.7021791767554477,1.4532846715328467,0.7738048970073844,1.309346890887759,0.26201283455939894,1.8765531062124248,0.8452905811623247,0.048598130841121495,0.131062124248497,11.880619963369963,0.6958648835688124,0.6958648835688124,2.243021611341632,3.87504091995221,37.06753428571428,31.720383863080684,0.31804664266708405,0.7026279391424619,0.41267262388302195,0.31257428096030426,2.209197786998617,1.5659780510495749,0.16392785571142285,0.12216248506571087,0.8557457212713936,1.4705882352941178,24.733333333333334,1.8340807174887892,0.10063976377952756,6.932203389830509,3.146153846153846,0.2600732600732601,0.0054726365474847185,0.5472636547484719,11.718585929296465,0.9555477773888694,14.277213860693035,1.1445572278613931,20.381519075953797,2.3871193559677986,20.24501225061253,1.431571578578929,0.20651032551627582,1.2250612530626532,0.7668539325842697,0.9595687331536388,2.243021611341632,0.21990749394329442,0.25,38.06523234624145,0.24851242562128106,Consumer Cyclical
2022-06-30,LKQ,2022,Q2,USD,0.40915893445076323,0.16731517509727625,0.18766836276563903,0.12152050284346004,0.16252618976354385,0.1257108650104759,0.1257108650104759,0.1257108650104759,2.8776916451335057,1.3548387096774193,0.7449056603773585,1.344466800804829,0.27534201417504534,1.7428571428571429,0.6764587525150906,0.07501921598770177,0.10663983903420524,8.222575,0.14893720754716977,0.14893720754716977,2.471185330948122,4.134668063454057,47.96502083333334,42.11562804878049,0.30344486566672163,0.6586762075134168,0.3971095772217429,0.2884419551934827,2.1706618962432915,1.6568311430696752,0.13199195171026157,0.09817419934151451,0.8780487804878049,1.937984496124031,25.375,1.3553719008264462,0.08908202064095601,8.2,2.954954954954955,0.16904761904761906,0.0051397408672958,0.5139740867295799,11.872778962331202,1.492537313432836,13.141435678749112,0.9417199715707179,20.00355366027008,2.380952380952381,19.86496090973703,1.1656005685856432,0.14214641080312723,1.023454157782516,0.7734806629834254,1.3374384236453203,2.471185330948122,0.18155591683349104,0.23388581952117865,27.48154066985646,0.2523098791755508,Consumer Cyclical
2022-09-30,LKQ,2022,Q3,USD,0.4110824742268041,0.11791237113402062,0.13563144329896906,0.11533505154639176,0.11179123711340207,0.08408505154639176,0.08440721649484537,0.08440721649484537,2.9533777354900095,1.3480825958702065,0.6937381404174573,1.3141405588484336,0.26607234699125665,1.7873245427477669,0.6665248830284985,0.051217596229379415,0.11441939600170141,12.318387404580154,-0.34630938175140424,-0.34630938175140424,2.4533770429494486,4.159043170103093,57.63245535714286,47.288168498168496,0.31604663123607063,0.7006841505131128,0.4120013409319477,0.3081777544044176,2.2170277461041428,1.6791993508249932,0.11612079965971926,0.08795103092783506,0.8205128205128205,1.332,18.842105263157894,1.1818181818181819,0.07404393816110659,5.571428571428571,2.3333333333333335,0.2595419847328244,0.0052673693440653405,0.526736934406534,11.336742147552958,0.9569028487947406,13.535427319211102,0.9824689554419284,19.360847333820306,1.983199415631848,19.218407596785976,0.9970781592403214,0.1789627465303141,0.8181154127100073,0.7550432276657061,0.9692737430167597,2.4533770429494486,0.1994628832495331,0.25360230547550433,38.78306413301663,0.2483564645726808,Consumer Cyclical
2022-12-31,LKQ,2022,Q4,USD,0.40753082305898036,0.10129956681106297,0.12329223592135954,0.09763412195934688,0.09063645451516161,0.06464511829390203,0.06464511829390203,0.06464511829390203,3.0070140280561124,1.3278566094100075,0.6460755813953488,1.2184328055217215,0.2492939026416348,1.8749449581682078,0.6631439894319683,0.039865587291889416,0.12241303390576838,18.431956185567007,-0.7372782474226802,-0.7372782474226802,2.6229961489088574,4.7661439520159945,86.16384337349398,59.59665833333333,0.3268815417843496,0.7216211259856959,0.41915210907541545,0.3247058823529412,2.207592151109481,1.5638353309015112,0.10568031704095113,0.07997334221926025,0.6916666666666667,4.737704918032787,10.851851851851851,7.0588235294117645,0.060991105463786534,3.2432432432432434,1.6216216216216217,0.38144329896907214,0.0051736681544924425,0.5173668154492442,11.206123973114265,0.7244212098581031,14.79462285287528,1.0380881254667662,20.504107542942496,1.9380134428678117,20.36221060492905,0.8961911874533234,0.27632561613144135,0.619865571321882,0.7132352941176471,0.9283276450511946,2.6229961489088574,0.1856927380855666,0.2977941176470588,48.54107567567568,0.27632561613144135,Consumer Cyclical
2023-03-31,LKQ,2023,Q1,USD,0.4096745297103613,0.11436249626754255,0.1337712750074649,0.10898775753956405,0.10779337115556882,0.08062108091967751,0.08062108091967751,0.08062108091967751,2.664280031821798,1.4420131291028446,0.7233809001097695,1.332140015910899,0.2677486408698433,1.9166666666666667,0.7835820895522388,0.04941731818852338,0.1417910447761194,14.053355503,0.34891089524689645,0.34891089524689645,2.6669520195466525,4.531986844801433,99.2001564917647,68.06109391587444,0.3221138471378318,0.7079599367422246,0.4145061728395062,0.31549194130382485,2.1978562642769286,1.5955216769890423,0.09245439469320066,0.06658704090773365,0.6860986547085202,1.3111111111111111,10.13888888888889,0.9529914529914529,0.055348721767187886,3.1857142857142855,1.5486111111111112,0.2740740740740741,0.00487559846499946,0.487559846499946,12.524308199417757,1.0097232648082395,15.201944709057384,1.2789828020904368,21.42483179291261,2.6626776464572837,21.28272259268034,0.8339566224156941,0.26178010569102506,0.5721765167246691,0.7479224376731302,0.989041095890411,2.6669520195466525,0.1882376326284251,0.26038781163434904,42.10853558758928,0.27673896887336935,Consumer Cyclical
2023-06-30,LKQ,2023,Q2,USD,0.410092807424594,0.12035962877030162,0.14066125290023201,0.11803944315545244,0.11281902552204176,0.08178654292343387,0.08149651972157773,0.08149651972157773,2.7430389817024663,1.3789830508474576,0.7586721372622156,1.3390291262135923,0.24358883786647828,2.033025099075297,1.1476221928665786,0.04287284719677537,0.6287978863936592,13.87282206405694,3.5028875711743743,3.5028875711743743,2.6193603225264575,4.52234686774942,37.6643768115942,32.485525,0.3765453903214412,0.8953468839240719,0.472392094301161,0.36044262999570265,2.377792709558206,1.2916276456265219,0.15852047556142668,0.13921113689095127,0.8625,0.4530120481927711,7.826923076923077,0.6169665809768637,0.0900562851782364,7.2727272727272725,3.4285714285714284,0.26334519572953735,0.004745703406876345,0.47457034068763443,12.884902840059791,1.0500747384155455,20.112107623318387,7.115097159940209,22.301943198804185,3.43796711509716,22.24588938714499,1.7937219730941705,0.24663677130044842,1.547085201793722,0.7223650385604113,0.9557739557739557,2.6193603225264575,0.26505394838675583,0.2802056555269923,39.21454020618557,0.2765321375186846,Consumer Cyclical
2023-09-30,LKQ,2023,Q3,USD,0.3895739910313901,0.09389013452914798,0.11743273542600897,0.08632286995515695,0.07483183856502242,0.058015695067264575,0.05829596412556054,0.05829596412556054,2.7425057647963107,1.2640742890307604,0.7264843228819213,1.3045703839122487,0.23523206751054854,1.4852486653554369,0.6428772127001967,0.03183949405735471,0.11267209890418657,15.93603125,-0.6197345486111111,-0.6197345486111111,2.225373950990265,3.7160252242152465,38.542959302325585,30.06525623582766,0.37519778481012656,0.9551863041289023,0.4885397888230749,0.3871000925830676,2.5458207452165156,1.4698249227600413,0.12391121101432986,0.12359865470852018,0.780045351473923,0.5644654088050315,4.967741935483871,0.7682926829268293,0.07749077490774908,4.546391752577319,2.5789473684210527,0.3557692307692308,0.005581208162622528,0.5581208162622527,13.323375653472741,0.7766990291262136,21.482449589245707,1.4973861090365945,22.39357729648992,-2.714712471994025,22.247946228528754,1.6467513069454818,0.36221060492905155,1.2845407020164301,0.7790262172284644,0.8668831168831169,2.225373950990265,0.3271040513688366,0.2247191011235955,44.269159904534604,0.27632561613144135,Consumer Cyclical
2023-12-31,LKQ,2023,Q4,USD,0.39960011425307057,0.08340474150242788,0.11196800914024564,0.07912025135675521,0.06512425021422451,0.05284204512996287,0.050556983718937444,0.050556983718937444,3.0051502145922746,1.2754854368932038,0.6735020826658122,1.2275596072931276,0.23217720007958087,1.467148884870404,0.5265220012055455,0.031130591144077322,0.09011452682338758,18.063,-1.1740949999999999,-1.1740949999999999,2.0737155829414626,3.652843187660668,146.99544827586206,60.32360377358491,0.3738974733072485,0.9142208529268688,0.4775942397289284,0.36845878136200716,2.445111075077023,2.1367104058590174,0.06389391199517781,0.06055412739217367,0.41037735849056606,0.5287878787878788,4.328125,0.35570469798657717,0.03760198652004257,1.696,1.0341463414634147,0.4519774011299435,0.006255569411641803,0.6255569411641803,13.082959641255606,0.6614349775784754,21.307922272047833,1.117339312406577,23.097907324364723,-2.7354260089686098,23.04559043348281,0.7922272047832586,0.4671150971599402,0.3251121076233184,0.7763157894736842,0.8231046931407943,2.0737155829414626,0.3279482264053215,0.18859649122807018,46.243887755102044,0.29895366218236175,Consumer Cyclical
2024-03-31,LKQ,2024,Q1,USD,0.3702403456656765,0.07966513637591142,0.11531190926275993,0.07804482851741831,0.06184174993248717,0.04266810694031866,0.04266810694031866,0.04266810694031866,2.6602011494252875,1.267391304347826,0.7467178994556516,1.319201995012469,0.24250163719711854,1.7005557371690094,0.6796338672768879,0.02836099813125206,0.11245505067015364,22.47528164556962,-2.119097983725133,-2.119097983725133,2.3062799155707094,3.835910883067783,75.95924064171123,56.143786561264825,0.36758349705304516,0.9113492450073064,0.476809378185525,0.40319767441860466,2.479298587433025,2.0054156512320604,0.08270676691729323,0.06832298136645963,0.7391304347826086,2.3421052631578947,4.515625,2.875,0.04507393550685908,3.8333333333333335,1.7210884353741496,0.5126582278481012,0.005702467225245625,0.5702467225245625,13.86372145263946,0.5915387495320105,21.254211905653314,1.2879071508798203,23.111194309247473,-2.3362036690378134,23.058779483339574,0.9472107824784725,0.24709846499438412,0.7001123174840883,0.6899563318777293,0.7923875432525952,2.3062799155707094,0.29913312642060075,0.31004366812227074,45.60510070257611,0.30325720703856235,Consumer Cyclical
2024-06-30,LKQ,2024,Q2,USD,0.3664780382646187,0.08946375639989221,0.130423066558879,0.08865534896254379,0.07221773106979251,0.050121261115602264,0.04985179196981945,0.04985179196981945,2.728676470588235,1.332766439909297,0.7672976501305483,1.2916811695092238,0.2439681809217014,1.7510330578512396,0.6959366391184573,0.031432667916620714,0.09504132231404959,14.878310810810811,0.7980184889434891,0.7980184889434891,1.7963697177353564,2.9668418216114256,82.78157894736842,51.68990610328639,0.3756492012359477,0.9322891173111437,0.4824791015789918,0.40965131959160084,2.4818077989884157,1.7164662349676225,0.07334710743801653,0.05739692805173808,0.6244131455399061,3.6545454545454548,4.984848484848484,4.840909090909091,0.03727686384319216,2.6625,1.33125,0.43243243243243246,0.007266154705516373,0.7266154705516373,13.987938183188843,0.6973237843950245,21.78665661515266,1.040331699962307,23.15868827742179,-2.333207689408217,23.102148511119488,0.8028646814926498,0.3015454202789295,0.5013192612137203,0.6902985074626866,0.8145896656534954,1.7963697177353564,0.3902833346200482,0.30597014925373134,33.983367768595045,0.3015454202789295,Consumer Cyclical
2024-09-30,LKQ,2024,Q3,USD,0.388671875,0.08872767857142858,0.11662946428571429,0.08649553571428571,0.07114955357142858,0.05357142857142857,0.05329241071428571,0.05329241071428571,2.672632363907532,1.2078280044101433,0.6995530012771393,1.212859560067682,0.23173412647096858,1.7207357859531773,0.6732441471571906,0.031575520833333336,0.11806020066889632,13.705518324607329,3.1979542757417048,3.1979542757417048,1.679662495989734,2.9216004464285716,30.706791788856304,24.930990476190477,0.37314108366739945,0.925729868463266,0.480716368179925,0.407752232566977,2.480911132499198,1.6531365313653137,0.14046822742474915,0.1171875,0.8119047619047619,3.227272727272727,4.696969696969697,9.545454545454545,0.07277768151100329,5.3164556962025316,2.6582278481012658,0.41361256544502617,0.007544635592190862,0.7544635592190863,13.66374380480366,0.7281738467403737,22.253145253526498,1.3457872664887534,23.82767823103317,-2.314144109797941,23.766679374761722,1.601219977125429,0.3011818528402592,1.3000381242851697,0.7490196078431373,0.8225806451612904,1.679662495989734,0.41409544212328586,0.24705882352941178,38.012,0.3011818528402592,Consumer Cyclical
2024-12-31,LKQ,2024,Q4,USD,0.39469764670837054,0.08191837950551087,0.11349419124218052,0.08072683943997618,0.062257968424188265,0.046767947572237116,0.04647006255585344,0.04647006255585344,2.9919786096256686,1.1282620766240978,0.631055900621118,1.155593803786575,0.22447342026078235,1.7141858839972048,0.589098532494759,0.029362322088983525,0.08176100628930817,15.288942307692306,-0.858532914201183,-0.858532914201183,1.5855575868372942,2.841912421805183,64.02885906040268,40.59702127659575,0.3750585088599131,0.9321921223200931,0.48245312231205917,0.4699145449740111,2.485457869370118,1.5989521314598714,0.08211041229909155,0.07000297885016384,0.6340425531914894,0.9501466275659824,4.106060606060606,0.8545454545454545,0.0418969513282225,2.7325581395348837,1.4329268292682926,0.5,0.008175843526933116,0.8175843526933115,12.931432973805855,0.600924499229584,21.86055469953775,0.901386748844376,23.235747303543913,-2.180277349768875,23.177966101694917,0.9052388289676425,0.3312788906009245,0.573959938366718,0.7464114832535885,0.7712177121771218,1.5855575868372942,0.5879270043918954,0.2727272727272727,39.147769028871394,0.300462249614792,Consumer Cyclical
2025-03-31,LKQ,2025,Q1,USD,0.39763211088651457,0.08605255558764077,0.1149292520935605,0.0828761189719896,0.06814900375397055,0.04880161709500433,0.04880161709500433,0.04880161709500433,2.4577714691270405,1.1257420399352402,0.6206486164831895,1.185958904109589,0.22386708901674315,1.5184869169510808,0.5625711035267349,0.02898706896551724,0.06456200227531285,16.304902366863903,1.9565882840236648,1.9565882840236648,1.7852468415937803,3.1828224083164884,-193.37042105263157,-3674.038,0.3778524791518521,0.9467120181405896,0.48631333721607456,0.3834631515877771,2.505506964690638,1.7910524954745282,-0.0008532423208191126,-0.0008663008951775916,19.0,0.535483870967742,4.629032258064516,-0.005376344086021506,-0.0005132591958939265,-0.05555555555555555,-0.022727272727272728,0.46153846153846156,0.0070766823859742325,0.7076682385974233,13.365495947510613,0.6522578155152451,22.798147433423388,0.8761096101891162,23.886530297182556,-1.8718641451177152,23.82863759166345,-0.011578541103820918,0.20841373986877654,-0.21999228097259746,0.7161016949152542,0.8222996515679443,1.7852468415937803,0.39901601453223945,0.2796610169491525,41.809331658291455,0.30104206869934386,Consumer Cyclical
2025-06-30,LKQ,2025,Q2,USD,0.38769906644700713,0.08868753432180121,0.11449752883031301,0.085667215815486,0.071389346512905,0.05299286106534871,0.05299286106534871,0.05271828665568369,2.5256588072122055,1.1792702273929139,0.6570418385385975,1.2087620311981413,0.22842448569994983,1.8144090305444887,0.6875830013280213,0.0304476978569913,0.09594953519256308,12.397391191709843,0.895367141623489,0.895367141623489,1.4683623810984963,2.6278929159802304,39.38595061728395,32.33373648648649,0.37136226793778226,0.9084074869591899,0.4760028941233218,0.46353909465020576,2.446149125498619,1.7034611786716558,0.09827357237715803,0.08127402526084569,0.8209459459459459,0.9914772727272727,4.9523809523809526,1.0242214532871972,0.04999155548049316,5.584905660377358,2.2595419847328246,0.40414507772020725,0.008149800862750458,0.8149800862750459,14.08352668213457,0.7463263727764888,23.1399845320959,1.1175560711523589,25.20494972931168,-1.4926527455529777,25.20494972931168,1.1446249033255993,0.20494972931167826,0.9396751740139211,0.7423076923076923,0.8333333333333334,1.4683623810984963,0.6186534731839162,0.26153846153846155,36.457520383693044,0.30162412993039445,Consumer Cyclical
