date,symbol,fiscalYear,period,reportedCurrency,marketCap,enterpriseValue,evToSales,evToOperatingCashFlow,evToFreeCashFlow,evToEBITDA,netDebtToEBITDA,currentRatio,incomeQuality,grahamNumber,grahamNetNet,taxBurden,interestBurden,workingCapital,investedCapital,returnOnAssets,operatingReturnOnAssets,returnOnTangibleAssets,returnOnEquity,returnOnInvestedCapital,returnOnCapitalEmployed,earningsYield,freeCashFlowYield,capexToOperatingCashFlow,capexToDepreciation,capexToRevenue,salesGeneralAndAdministrativeToRevenue,researchAndDevelopementToRevenue,stockBasedCompensationToRevenue,intangiblesToTotalAssets,averageReceivables,averagePayables,averageInventory,daysOfSalesOutstanding,daysOfPayablesOutstanding,daysOfInventoryOutstanding,operatingCycle,cashConversionCycle,freeCashFlowToEquity,freeCashFlowToFirm,tangibleAssetValue,netCurrentAssetValue,sector
1985-09-30,PHM,1985,Q3,USD,292206000.0,,,0.0,0.0,,,0.0,0.0,,,0.0,0.0,,,0.0,0.0,0.0,0.0,0.0,0.0,0.02121790791427965,,0.0,0.0,,0.0,0,,0.0,,,,,0.0,0.0,,,,,,,Consumer Cyclical
1985-12-31,PHM,1985,Q4,USD,324254400.0,275954400.0,1.192027645788337,0.0,0.0,-0.5348990114363249,0.09362279511533243,2.867832847424684,0.0,0.9434732193528359,-0.4778007638446849,0.0,0.0,192200000.0,198100000.0,0.01871476888387824,0.0,0.01871476888387824,0.048996458087367176,,-1.5146799765120376,0.025597185419843186,,0.0,0.0,,0.0,0,,0.0,,,,2.6825053995680346,0.0,0.0,2.6825053995680346,2.6825053995680346,,,169400000.0,21000000.0,Consumer Cyclical
1986-03-31,PHM,1986,Q1,USD,535396800.0,,,0.0,0.0,,,0.0,0.0,,,0.0,0.0,,,0.0,0.0,0.0,0.0,0.0,0.0,0.0018677735840034906,,0.0,0.0,,0.0,0,,0.0,,,,,0.0,0.0,,,,,,,Consumer Cyclical
1986-06-30,PHM,1986,Q2,USD,470088960.0,,,0.0,0.0,,,0.0,0.0,,,0.0,0.0,,,0.0,0.0,0.0,0.0,0.0,0.0,0.0057435937231965625,,0.0,0.0,,0.0,0,,0.0,,,,,0.0,0.0,,,,,,,Consumer Cyclical
1986-09-30,PHM,1986,Q3,USD,290014560.0,,,0.0,0.0,,,0.0,0.0,,,0.0,0.0,,,0.0,0.0,0.0,0.0,0.0,0.0,0.02724001167389665,,0.0,0.0,,0.0,0,,0.0,,,,,0.0,0.0,,,,,,,Consumer Cyclical
1986-12-31,PHM,1986,Q4,USD,288119040.0,285919040.0,1.0728669418386492,0.0,0.0,-0.5362322580645161,0.004126031507876969,2.43387314439946,0.0,1.0356032236565087,-0.6710559635350721,0.0,0.0,212500000.0,217200000.0,0.017376360511743363,0.0,0.017376360511743363,0.048352816153028694,,-1.4199733688415446,0.03158416743301658,,0.0,0.0,,0.0,0,,0.0,,,,0.0,0.0,0.0,0.0,0.0,,,188200000.0,25200000.0,Consumer Cyclical
1987-03-31,PHM,1987,Q1,USD,332332000.0,,,0.0,0.0,,,0.0,0.0,,,0.0,0.0,,,0.0,0.0,0.0,0.0,0.0,0.0,0.007823501799405413,,0.0,0.0,,0.0,0,,0.0,,,,,0.0,0.0,,,,,,,Consumer Cyclical
1987-06-30,PHM,1987,Q2,USD,275360800.0,,,0.0,0.0,,,0.0,0.0,,,0.0,0.0,,,0.0,0.0,0.0,0.0,0.0,0.0,0.0294159517258811,,0.0,0.0,,0.0,0,,0.0,,,,,0.0,0.0,,,,,,,Consumer Cyclical
1987-09-30,PHM,1987,Q3,USD,282265600.0,,,0.0,0.0,,,0.0,0.0,,,0.0,0.0,,,0.0,0.0,0.0,0.0,0.0,0.0,0.01346249773263196,,0.0,0.0,,0.0,0,,0.0,,,,,0.0,0.0,,,,,,,Consumer Cyclical
1987-12-31,PHM,1987,Q4,USD,200256000.0,754356000.0,3.214128674904133,0.0,0.0,-1.3101007294199374,-0.9623133032302883,1.3491817779743476,0.0,,-14.419567953020135,0.0,0.0,473700000.0,465000000.0,-0.0018705574261129816,0.0,-0.0018705574261129816,-0.031042128603104215,,-0.24136485580147551,-0.03495525727069351,,0.0,0.0,,0.0,0,,0.0,,,,110.36216446527482,0.0,0.0,110.36216446527482,110.36216446527482,,,225500000.0,-1686400000.0,Consumer Cyclical
1988-03-31,PHM,1988,Q1,USD,181933454.4,,,0.0,0.0,,,0.0,0.0,,,0.0,0.0,,,0.0,0.0,0.0,0.0,0.0,0.0,0.007145469777877201,,0.0,0.0,,0.0,0,,0.0,,,,,0.0,0.0,,,,,,,Consumer Cyclical
1988-06-30,PHM,1988,Q2,USD,185700000.0,,,0.0,0.0,,,0.0,0.0,,,0.0,0.0,,,0.0,0.0,0.0,0.0,0.0,0.0,0.03284868066774367,,0.0,0.0,,0.0,0,,0.0,,,,,0.0,0.0,,,,,,,Consumer Cyclical
1988-09-30,PHM,1988,Q3,USD,213926400.0,,,0.0,0.0,,,0.0,0.0,,,0.0,0.0,,,0.0,0.0,0.0,0.0,0.0,0.0,0.023372524382217433,,0.0,0.0,,0.0,0,,0.0,,,,,0.0,0.0,,,,,,,Consumer Cyclical
1988-12-31,PHM,1988,Q4,USD,275331200.0,481931200.0,1.2347712016397643,0.0,0.0,-0.6937256369655966,-0.2973945588023607,0.0,0.0,1.73846120726651,-23.412762520193862,0.0,0.0,0.0,0.0,0.004231225215649401,0.0,0.004231225215649401,0.08130400628436764,,-0.1420015534933159,0.07518218058832417,,0.0,0.0,,0.0,0,,0.0,,,,0.0,0.0,0.0,0.0,0.0,,,254600000.0,-4637600000.0,Consumer Cyclical
1989-03-31,PHM,1989,Q1,USD,310992000.0,,,0.0,0.0,,,0.0,0.0,,,0.0,0.0,,,0.0,0.0,0.0,0.0,0.0,0.0,0.034727581416885325,,0.0,0.0,,0.0,0,,0.0,,,,,0.0,0.0,,,,,,,Consumer Cyclical
1989-06-30,PHM,1989,Q2,USD,401280000.0,,,0.0,0.0,,,0.0,0.0,,,0.0,0.0,,,0.0,0.0,0.0,0.0,0.0,0.0,0.0583133971291866,,0.0,0.0,,0.0,0,,0.0,,,,,0.0,0.0,,,,,,,Consumer Cyclical
1989-09-30,PHM,1989,Q3,USD,438860800.0,,,0.0,0.0,,,0.0,0.0,,,0.0,0.0,,,0.0,0.0,0.0,0.0,0.0,0.0,0.02779924750627078,,0.0,0.0,,0.0,0,,0.0,,,,,0.0,0.0,,,,,,,Consumer Cyclical
1989-12-31,PHM,1989,Q4,USD,281113600.0,1182013600.0,4.157627857896588,0.0,0.0,-2.0288595949193273,-1.546343975283213,0.0,0.0,1.2637543981654786,-19.876384493670887,0.0,0.0,0.0,0.0,0.002196328663245018,0.0,0.002196328663245018,0.031086387434554975,,-0.13469274517963656,0.03379416719788726,,0.0,0.0,,0.0,0,,0.0,,,,0.0,0.0,0.0,0.0,0.0,,,305600000.0,-4019800000.0,Consumer Cyclical
1990-03-31,PHM,1990,Q1,USD,248243478.20999998,2779543478.21,11.221410893056117,-4632.572463683334,-4632.572463683334,46.7150164405042,42.542857142857144,0.0,-0.04918032786885246,1.3905202233592742,-18.568729512001788,0.9457364341085271,0.21680672268907564,0.0,0.0,0.0028659353050341798,0.013865746944292323,0.0028659353050341798,0.03847366761274046,0.013079965093665272,0.013977307430289647,0.04914529915536991,-0.0024169819256739298,0.0,0.0,0.0,0.0,0,0.0,0.0,0.0,0.0,0.0,0.0,0.0,0.0,0.0,0.0,-2531900000.0,56271317.829457365,317100000.0,-3939800000.0,Consumer Cyclical
1990-06-30,PHM,1990,Q2,USD,213444444.57,2653844444.57,9.397466163491503,-128.20504563140096,-128.20504563140096,49.14526749203704,45.19259259259259,0.0,-2.4069767441860463,1.2865686229587787,-20.6168823408136,0.9239130434782609,0.17037037037037037,0.0,0.0,0.0020223168613642314,0.01276595744680851,0.0020223168613642314,0.027525906735751296,0.011757388968239168,0.012847660060431585,0.039823008826132225,-0.09698073914128671,0.0,0.0,0.0,0.0,0,0.0,0.0,0.0,0.0,0.0,0.0,0.0,0.0,0.0,0.0,-2461100000.0,49891304.347826086,308800000.0,-3894300000.0,Consumer Cyclical
1990-09-30,PHM,1990,Q3,USD,165454545.375,2575154545.375,8.59530889644526,30.511309779324645,30.511309779324645,50.10028298394942,46.88132295719844,0.0,16.23076923076923,1.0118707985724922,-20.45206731752503,0.8813559322033898,0.11478599221789883,0.0,0.0,0.001243959619156978,0.012262474204668805,0.001243959619156978,0.016618728028124002,0.010736525315270947,0.01229606238935936,0.031428571443681316,0.5101098903551352,0.0,0.0,0.0,0.0,0,0.0,0.0,0.0,0.0,0.0,0.0,0.0,0.0,0.0,0.0,-2325300000.0,45301694.915254235,312900000.0,-3867300000.0,Consumer Cyclical
1990-12-31,PHM,1990,Q4,USD,221236363.53,2478736363.53,7.690773700062055,23.23089375379569,23.23089375379569,88.8435972591398,80.91397849462365,0.0,28.83783783783784,0.8578941757607398,-19.44461539396376,1.0571428571428572,0.12544802867383512,0.0,0.0,0.0009266447945102557,0.006827274840635744,0.0009266447945102557,0.01170515659601392,0.007324133527262408,0.006987402639685442,0.016724194616850475,0.4822896123291744,0.0,0.0,0.0,0.0,0,0.0,0.0,0.0,0.0,0.0,0.0,0.0,0.0,0.0,0.0,-2150800000.0,29494285.714285716,316100000.0,-3676800000.0,Consumer Cyclical
1991-03-31,PHM,1991,Q1,USD,335764960.0,2456164960.0,9.662332651455547,14.4650468786808,14.4650468786808,64.12963342036554,55.362924281984334,0.0,566.0,0.24472244777385807,-18.743903473429746,0.0,0.0,0.0,0.0,7.789375292101573e-05,0.00976505233099193,7.789375292101573e-05,0.0009502692429521698,,0.009944435789583008,0.0008934821548978785,0.5057108996721993,0.0,0.0,0.0,0.0,0,0.0,0.0,0.0,0.0,0.0,0.0,0.0,0.0,0.0,0.0,-1950600000.0,,315700000.0,-3535700000.0,Consumer Cyclical
1991-06-30,PHM,1991,Q2,USD,317975000.0,2298175000.0,7.748398516520567,-26.69192799070848,-26.69192799070848,49.85195227765727,42.95444685466377,0.0,-10.89873417721519,1.2135938886556237,-17.34784810126582,0.9753086419753086,0.175704989154013,0.0,0.0,0.0021070037872726304,0.012130302073465951,0.0021070037872726304,0.024443069306930694,0.011919232382975911,0.012295300581426362,0.024844720496894408,-0.27077600440286187,0.0,0.0,0.0,0.0,0,0.0,0.0,0.0,0.0,0.0,0.0,0.0,0.0,0.0,0.0,-2066300000.0,44961728.39506173,323200000.0,-3426200000.0,Consumer Cyclical
1991-09-30,PHM,1991,Q3,USD,375066666.02,2292666666.02,7.414833978072445,18.994752825352112,18.994752825352112,45.131233583070866,37.74803149606299,0.0,8.940740740740742,1.5273963674230189,-17.683448306350773,0.8055555555555556,0.28346456692913385,0.0,0.0,0.0030909430040768474,0.013542513629153726,0.0030909430040768474,0.034720143669560014,0.012635307226997771,0.013536198673026193,0.030927835104870245,0.3218094566515378,0.0,0.0,0.0,0.0,0,0.0,0.0,0.0,0.0,0.0,0.0,0.0,0.0,0.0,0.0,-1796900000.0,47625000.0,334100000.0,-3418800000.0,Consumer Cyclical
1991-12-31,PHM,1991,Q4,USD,568399999.02,2350299999.02,6.643018651837196,103.08333329035088,103.08333329035088,42.27158271618705,32.048561151079134,0.0,1.0909090909090908,2.118703026029444,-16.95517244302616,0.9414414414414415,0.39928057553956836,0.0,0.0,0.005749972488169913,0.015052045968298658,0.005749972488169913,0.058576233183856505,0.01432908407997376,0.015296577528337185,0.03676988042933583,0.04011259683200272,0.0,0.0,0.0,0.0,0,0.0,0.0,0.0,0.0,0.0,0.0,0.0,0.0,0.0,0.0,-1759100000.0,52344144.14414415,356800000.0,-3278000000.0,Consumer Cyclical
1992-03-31,PHM,1992,Q1,USD,676000000.0,2657100000.0,10.334889148191365,-48.223230490018146,-48.223230490018146,62.66745283018868,46.72405660377358,0.0,-5.8,1.5054183388679707,-17.374,0.9313725490196079,0.24056603773584906,0.0,0.0,0.0024365846777296162,0.01125608930538779,0.0024365846777296162,0.02240037726951191,0.010077371597323442,0.01087486214060376,0.014053254437869823,-0.08150887573964496,0.0,0.0,0.0,0.0,0,0.0,0.0,0.0,0.0,0.0,0.0,0.0,0.0,0.0,0.0,-2036200000.0,39490196.078431375,424100000.0,-3474800000.0,Consumer Cyclical
1992-06-30,PHM,1992,Q2,USD,460799999.28000003,2354899999.28,7.449857637709586,16.990620485425687,16.990620485425687,48.25614752622951,38.81352459016394,0.0,8.6625,1.8624187301636508,-15.810000024703125,0.9411764705882353,0.3483606557377049,0.0,0.0,0.004198042662608559,0.012658556198282794,0.004198042662608559,0.036488027366020526,0.011999219313087724,0.012804030120956104,0.034722222276475694,0.3007812504699707,0.0,0.0,0.0,0.0,0,0.0,0.0,0.0,0.0,0.0,0.0,0.0,0.0,0.0,0.0,-1755500000.0,45929411.76470588,438500000.0,-3372800000.0,Consumer Cyclical
1992-09-30,PHM,1992,Q3,USD,655384614.0,2574384614.0,7.205106672264204,66.35011891752578,66.35011891752578,48.209449700374535,35.93632958801498,0.0,1.6943231441048034,2.141517263566306,-15.56154932865116,0.8801652892561983,0.45318352059925093,0.0,0.0,0.00552342919378679,0.013928739110021389,0.00552342919378679,0.04663893146485658,0.012988780864783625,0.013847470373155615,0.03250000006866197,0.059201878059346694,0.0,0.0,0.0,0.0,0,0.0,0.0,0.0,0.0,0.0,0.0,0.0,0.0,0.0,0.0,-1880200000.0,50310743.80165289,456700000.0,-3399600000.0,Consumer Cyclical
1992-12-31,PHM,1992,Q4,USD,823599998.26,1747599998.26,3.9772416892580793,33.098484815530306,33.098484815530306,28.649180299344263,15.147540983606557,0.0,2.2184873949579833,2.2946333835794017,-14.758204256531418,0.8754716981132076,0.4344262295081967,0.0,0.0,0.006260963432735123,0.016133724774524585,0.006260963432735123,0.04819277108433735,0.01299144075418007,0.016462015922277695,0.028169014144019042,0.0641087908105261,0.0,0.0,0.0,0.0,0,0.0,0.0,0.0,0.0,0.0,0.0,0.0,0.0,0.0,0.0,-871200000.0,54784905.66037736,481400000.0,-3224100000.0,Consumer Cyclical
1993-03-31,PHM,1993,Q1,USD,732496552.3,2265496552.3,7.178379443282637,48.82535673060345,48.82535673060345,47.594465384453784,32.205882352941174,0.0,4.256880733944954,1.9199784402917228,-14.667342755764668,1.0192307692307692,0.3277310924369748,0.0,0.0,0.004283059020014546,0.012833993906549112,0.004283059020014546,0.03208232445520581,0.008000523047069918,0.01282223958193034,0.02170658680928238,0.06334500804721399,0.0,0.0,0.0,0.0,0,0.0,0.0,0.0,0.0,0.0,0.0,0.0,0.0,0.0,0.0,-1486600000.0,33258974.358974356,495600000.0,-3216700000.0,Consumer Cyclical
1993-06-30,PHM,1993,Q2,USD,867073170.25,2232373170.25,5.512032519135802,-12.478329626886529,-12.478329626886529,24.72174053433001,15.119601328903654,0.0,-7.9511111111111115,2.33038207833696,-14.090788896717106,0.6987577639751553,0.35658914728682173,0.0,0.0,0.006232686980609419,0.024664381410212637,0.006232686980609419,0.04352872896111434,0.016000057330093447,0.025013850415512465,0.02594936710302391,-0.20632630109915456,0.0,0.0,0.0,0.0,0,0.0,0.0,0.0,0.0,0.0,0.0,0.0,0.0,0.0,0.0,-1544200000.0,63097826.08695652,516900000.0,-3093100000.0,Consumer Cyclical
1993-09-30,PHM,1993,Q3,USD,1035344444.9700001,2518444444.9700003,5.835135414666358,-39.66054244047245,-39.66054244047245,29.73370064899646,17.51003541912633,0.0,-3.207070707070707,2.2272248318965735,-14.803857860505657,0.6723549488054608,0.345926800472255,0.0,0.0,0.005216332150611661,0.02293341997671459,0.005216332150611661,0.03674002237970907,0.014098597322264383,0.02242758036328973,0.01902748413410459,-0.06133224581297672,0.0,0.0,0.0,0.0,0,0.0,0.0,0.0,0.0,0.0,0.0,0.0,0.0,0.0,0.0,-1546600000.0,56948464.163822524,536200000.0,-3240400000.0,Consumer Cyclical
1993-12-31,PHM,1993,Q4,USD,991566667.1700001,1995766667.17,4.1526564027673745,130.44226582810458,130.44226582810458,-243.38617892317075,-122.46341463414635,0.0,0.6219512195121951,2.3533688600964697,-14.868730956919427,0.5840220385674931,-4.426829268292683,0.0,0.0,0.005562990369728935,-0.0021614497528830313,0.005562990369728935,0.038108934028401945,-0.001254350772739025,-0.0021517226901781733,0.021380307247021793,0.015430127399973277,0.0,0.0,0.0,0.0,0,0.0,0.0,0.0,0.0,0.0,0.0,0.0,0.0,0.0,0.0,-988900000.0,-5557024.793388429,556300000.0,-3254600000.0,Consumer Cyclical
1994-03-31,PHM,1994,Q1,USD,806666665.86,1420866665.8600001,4.1716578563123905,-9.91532914068388,-9.91532914068388,69.31056906634147,29.960975609756098,1.7778375470683163,-8.95625,1.951088640378364,-13.142925013142925,0.8064516129032258,1.0,289200000.0,289200000.0,0.003926393215192524,0.004874724813921795,0.003926393215192524,0.026929982046678635,0.0032004078395830972,0.005393649412788169,0.01859504134090909,-0.17764462827681818,0.0,0.0,0.0,0.0,0,0.0,0.0,0.0,144750000.0,318350000.0,0.0,81.39643861293347,179.01593252108717,179.01593252108717,97.6194939081537,-757500000.0,-276000000.0,557000000.0,-2602300000.0,Consumer Cyclical
1994-06-30,PHM,1994,Q2,USD,640891140.48,1216191140.48,2.8422321581677963,-103.94796072478633,-103.94796072478633,43.43539787428571,20.54642857142857,1.6485843959368922,-0.13310580204778158,5.073473276409681,-9.168134225727158,3.367816091954023,1.0038461538461538,300100000.0,300100000.0,0.02833290355853533,0.007511520071648345,0.02833290355853533,0.13638479441427462,0.0057094227019573625,0.009849604121680493,0.13715277751252214,-0.018255830453885197,0.0,0.0,0.0,0.0,0,0.0,0.0,0.0,308850000.0,663450000.0,0.0,73.86346586646663,155.3338334583646,155.3338334583646,81.47036759189798,-587000000.0,6939080.459770113,644500000.0,-1695100000.0,Consumer Cyclical
1994-09-30,PHM,1994,Q3,USD,594773334.24,73273334.24000001,0.16189424268669908,3.091701866666667,3.091701866666667,2.4671156309764313,-17.55892255892256,4.8374077490774905,1.324022346368715,2.273033772291918,-3.7893292625162664,0.5559322033898305,1.0,1663900000.0,1663900000.0,0.005087953339744982,0.009327031000521681,0.005087953339744982,0.024495892457057505,0.006212904793308112,0.01057461375775173,0.027573529369731883,0.03984711256479547,0.0,0.0,0.0,0.0,0,0.0,0.0,0.0,335200000.0,717400000.0,0.0,72.82572712225112,158.46299361551195,158.46299361551195,85.63726649326082,545200000.0,-1345700000.0,669500000.0,-456300000.0,Consumer Cyclical
1994-12-31,PHM,1994,Q4,USD,629760000.9599999,987660000.9599999,1.846783846222887,18.323933227458255,18.323933227458255,25.587046656994815,9.2720207253886,2.5334476843910805,1.2362385321100917,3.8182514024715744,-2.6208841423462133,1.4779661016949153,1.0,625800000.0,625800000.0,0.022458019985577417,0.011423703216062888,0.022458019985577417,0.061356600056290456,0.01074934758295017,0.019239548685840997,0.06923272347169808,0.08558816043863594,0.0,0.0,0.0,0.0,0,0.0,0.0,0.0,337100000.0,748500000.0,0.0,60.217654171704964,136.46916565900847,136.46916565900847,76.2515114873035,-304000000.0,1064500000.0,710600000.0,-196900000.0,Consumer Cyclical
1995-03-31,PHM,1995,Q1,USD,685999999.02,1126499999.02,3.383899065845599,-18.497536929720855,-18.497536929720855,2252.99999804,881.0,2.6162849872773535,-17.4,1.012107068057752,-2.512500003589286,-5.0,1.0,635200000.0,635200000.0,0.0018353434714210803,-0.00036378754807192597,0.0018353434714210803,0.004942106749505789,-0.00025009378516943853,-0.0004623513870541612,0.005102040823615161,-0.08877551033090379,0.0,0.0,0.0,0.0,0,0.0,0.0,0.0,319800000.0,791850000.0,0.0,83.28519855595667,225.0812274368231,225.0812274368231,141.79602888086643,-501400000.0,-8600000.0,708200000.0,-170600000.0,Consumer Cyclical
1995-06-30,PHM,1995,Q2,USD,788421053.0,1334821053.0,2.7493739505664263,-71.76457274193548,-71.76457274193548,71.76457274193548,29.376344086021504,2.1654387139986606,-1.7383177570093458,1.8352345123471823,-3.1678504658094155,0.66875,0.9937888198757764,522000000.0,522000000.0,0.005453340808317619,0.008322348866661498,0.005453340808317619,0.015072545428933652,0.005878351371295044,0.010632677321357812,0.013571428565086781,-0.02359145526267422,0.0,0.0,0.0,0.0,0,0.0,0.0,0.0,321750000.0,846950000.0,0.0,64.74834011565646,166.27543371171555,166.27543371171555,101.52709359605909,-565000000.0,125059375.0,709900000.0,-282300000.0,Consumer Cyclical
1995-09-30,PHM,1995,Q3,USD,762742857.65,1301142857.65,2.3948883814651207,38.156682042522,38.156682042522,44.10653754745763,18.250847457627117,2.1342771342771343,1.8235294117647058,2.594629831746158,-2.9398603703857313,0.6886446886446886,1.0036764705882353,528800000.0,528800000.0,0.009862036405602476,0.014062661565505119,0.009862036405602476,0.02558867564992514,0.01058896331765863,0.018887577251579753,0.02464788730755544,0.04470707219083194,0.0,0.0,0.0,0.0,0,0.0,0.0,0.0,354250000.0,886350000.0,0.0,65.24124513618678,159.35603112840468,159.35603112840468,94.1147859922179,-504300000.0,11740293.040293038,734700000.0,-176600000.0,Consumer Cyclical
1995-12-31,PHM,1995,Q4,USD,902400000.6,1337100000.6,2.003446210068924,191.01428579999998,191.01428579999998,33.511278210526314,10.894736842105264,2.035424744448361,0.2755905511811024,3.0693799313156678,-2.61778590251477,0.6430379746835443,1.00253807106599,587500000.0,587500000.0,0.01239931657310227,0.019925154242945282,0.01239931657310227,0.03337713534822602,0.01445428027940675,0.026601849976368917,0.028147163101852505,0.007757092193423919,0.0,0.0,0.0,0.0,0,0.0,0.0,0.0,377000000.0,884900000.0,0.0,54.702788844621516,123.30358565737052,123.30358565737052,68.600796812749,-427700000.0,-34759493.67088608,761000000.0,-132600000.0,Consumer Cyclical
1996-03-31,PHM,1996,Q1,USD,671457143.33,1118957143.33,2.5871841464277456,-101.72337666636363,-101.72337666636363,109.70168071862744,43.872549019607845,2.140518417462483,-1.5492957746478873,1.7109786846296817,-2.607746477036798,0.8255813953488372,1.0,585200000.0,585200000.0,0.003695991671004685,0.004333039425620355,0.003695991671004685,0.009415196923484949,0.0033905065815715988,0.006108388379856524,0.010574018119441727,-0.016382281593501264,0.0,0.0,0.0,0.0,0,0.0,0.0,0.0,375250000.0,890250000.0,0.0,78.6620885626332,196.2396400663036,196.2396400663036,117.57755150367039,-458500000.0,9000000.0,754100000.0,-68600000.0,Consumer Cyclical
1996-06-30,PHM,1996,Q2,USD,693771429.06,996671429.06,1.6938671466009516,-33.90038874353741,-33.90038874353741,34.01608972901024,10.337883959044369,1.938995618469835,-1.6153846153846154,2.6692740201720375,-2.3215845054073347,0.6594202898550725,1.0,557200000.0,557200000.0,0.009831991788666198,0.014633758383924073,0.009831991788666198,0.025418994413407822,0.0119220703692934,0.021944819909358353,0.026233423916951177,-0.04237706940430575,0.0,0.0,0.0,0.0,0,0.0,0.0,0.0,393700000.0,946850000.0,0.0,67.33500268288321,156.61062421749241,156.61062421749241,89.2756215346092,-332300000.0,46100000.0,716000000.0,15500000.0,Consumer Cyclical
1996-09-30,PHM,1996,Q3,USD,649142857.6,1031042857.6,1.6491408470889315,-19.45363882264151,-19.45363882264151,34.83252897297297,12.902027027027026,1.9450639553952116,-0.4153605015673981,7.514170787010943,-2.393802815215632,4.656934306569343,1.0,576300000.0,576300000.0,0.06548291080775942,0.014422191225623075,0.06548291080775942,0.15766711973310268,0.011276127612761274,0.020466089034956676,0.1965669012700233,-0.0816461267030661,0.0,0.0,0.0,0.0,0,0.0,0.0,0.0,429050000.0,1018850000.0,0.0,66.45735392881129,160.89993284083278,160.89993284083278,94.44257891202149,-434900000.0,-500000.0,809300000.0,46800000.0,Consumer Cyclical
1996-12-31,PHM,1996,Q4,USD,675840000.0,1074240000.0,1.4550182852498985,52.91822660098522,52.91822660098522,26.722388059701494,9.91044776119403,2.0372241872999832,0.7602996254681648,4.010421820772331,-2.584943181818182,0.6863753213367609,0.9974358974358974,615800000.0,615800000.0,0.013450204019948618,0.019828660040165747,0.013450204019948618,0.032195827806583865,0.01641218929822796,0.028029322984044848,0.039506392045454544,0.030036695075757576,0.0,0.0,0.0,0.0,0,0.0,0.0,0.0,439700000.0,1041050000.0,0.0,56.673828964331754,131.15169746454663,131.15169746454663,74.47786850021487,-378100000.0,-12934961.439588688,829300000.0,53700000.0,Consumer Cyclical
1997-03-31,PHM,1997,Q1,USD,644160000.0,1113660000.0,2.5797081306462823,-15.090243902439024,-15.090243902439024,484.2,204.1304347826087,2.451094890510949,-33.54545454545455,1.1536826534072215,-2.41875,1.1,1.0,695800000.0,695800000.0,0.0011711471919084375,0.001035303861683404,0.0011711471919084375,0.0026413735142273983,0.0008032666175781511,0.0014295925661186562,0.0034153005464480873,-0.1145678092399404,0.0,0.0,0.0,0.0,0,0.0,0.0,0.0,412100000.0,1064050000.0,0.0,80.61015370284117,232.8178854215184,232.8178854215184,152.20773171867722,-543300000.0,-78500000.0,832900000.0,129700000.0,Consumer Cyclical
1997-06-30,PHM,1997,Q2,USD,727854543.36,1305354543.3600001,2.265060807496096,-39.19983613693694,-39.19983613693694,54.617344910460254,24.16317991631799,1.9066213921901527,-2.3956834532374103,2.914506295476189,-3.2166097214866465,0.6747572815533981,1.0,587400000.0,587400000.0,0.007046180361940488,0.01069796427087661,0.007046180361940488,0.01802853437094682,0.008192491291446264,0.01554951690821256,0.019097222277178257,-0.0457508994122328,0.0,0.0,0.0,0.0,0,0.0,0.0,0.0,403550000.0,1130950000.0,0.0,68.83598841419261,187.5434467776973,187.5434467776973,118.7074583635047,-610800000.0,124400000.0,771000000.0,33600000.0,Consumer Cyclical
1997-09-30,PHM,1997,Q3,USD,818834783.44,1395634783.44,2.083347937662338,236.54826837966104,236.54826837966104,43.887886271698115,18.138364779874212,1.913939937247871,0.29949238578680204,3.465071770410827,-3.2170812150080392,0.652317880794702,1.0,611700000.0,611700000.0,0.009772794920130966,0.01514353767080356,0.009772794920130966,0.024782991571266826,0.012070867674735544,0.022428518380987746,0.024058577381432786,0.007205360738601698,0.0,0.0,0.0,0.0,0,0.0,0.0,0.0,448700000.0,1186650000.0,0.0,66.98166431593793,172.3836389280677,172.3836389280677,105.40197461212978,-570900000.0,-4100000.0,794900000.0,60100000.0,Consumer Cyclical
1997-12-31,PHM,1997,Q4,USD,875540738.61,1377340738.6100001,1.627869919170311,24.59537033232143,24.59537033232143,44.71885514967533,16.292207792207794,2.1005451241671715,3.2941176470588234,3.330679911095387,-3.1169469102403573,0.6028368794326241,1.0,726800000.0,726800000.0,0.007904035707643668,0.013536216579465271,0.007904035707643668,0.020915354330708662,0.010465186619079305,0.01892109500805153,0.019416572239675602,0.06396047326010787,0.0,0.0,0.0,0.0,0,0.0,0.0,0.0,478500000.0,1182100000.0,0.0,53.21844719735067,126.06402551208146,126.06402551208146,72.84557831473079,-445800000.0,-95200000.0,812800000.0,49200000.0,Consumer Cyclical
1998-03-31,PHM,1998,Q1,USD,972637034.67,1340237034.67,2.5744084415482136,9.972001746056549,9.972001746056549,77.02511693505748,21.126436781609197,2.6349557522123894,11.893805309734514,2.7342975181985305,-2.2215265540789364,0.6312849162011173,1.1401273885350318,886800000.0,886800000.0,0.005445258288357749,0.00743019403691434,0.005445258288357749,0.01371192816405776,0.005779780663521388,0.010242693110647181,0.01161790020039069,0.13818104309137247,0.0,0.0,0.0,0.0,0,0.0,0.0,0.0,451550000.0,1121000000.0,0.0,75.29809220985692,196.7408585055644,196.7408585055644,121.44276629570749,-233200000.0,-148739664.8044693,824100000.0,178100000.0,Consumer Cyclical
1998-06-30,PHM,1998,Q2,USD,1292989090.23,1708389090.23,2.5134457705311166,-61.013896079642855,-61.013896079642855,44.25878472098446,10.761658031088082,2.2888075632814884,-1.1764705882352942,3.9133186065136836,-2.5454831946142242,0.616580310880829,1.0025974025974025,845200000.0,845200000.0,0.010817690104995227,0.018010432016466682,0.010817690104995227,0.027777777777777776,0.013915968136935821,0.02493038917308813,0.018406961187713036,-0.021655248456132984,0.0,0.0,0.0,0.0,0,0.0,0.0,0.0,464800000.0,1148300000.0,0.0,71.39915769770707,167.98315395414133,167.98315395414133,96.58399625643426,-443400000.0,65238860.10362694,856800000.0,157700000.0,Consumer Cyclical
1998-09-30,PHM,1998,Q3,USD,1069466664.61,1584166664.6100001,2.086351461359147,-428.1531525972973,-13.36849506,30.40626995412668,9.87907869481766,2.1312762214102046,-0.12937062937062938,4.348831084729432,-3.0949038521055843,0.6124197002141327,0.9396378269617707,835900000.0,835900000.0,0.012473287103667845,0.022123302915646563,0.012473287103667845,0.032389580973952434,0.018145878024393068,0.03198198198198198,0.02674230151009849,-0.11080289262051297,-31.027027027027028,47.833333333333336,0.1511918872645858,0.0,0,0.0,0.0,0.0,565000000.0,1299650000.0,0.0,79.08088235294117,178.5110294117647,178.5110294117647,99.43014705882352,-633200000.0,-72769164.88222697,883000000.0,164900000.0,Consumer Cyclical
1998-12-31,PHM,1998,Q4,USD,1190239722.3,1824139722.3,2.0114011713529605,-7.795468898717949,-7.795468898717949,29.000631515103336,10.077901430842607,1.9941955835962144,-6.09375,5.2099234205215295,-3.3610204104679458,0.6144,1.0064412238325282,787900000.0,787900000.0,0.0163418163247936,0.026751674672065823,0.0163418163247936,0.04167571087475581,0.021334625788999095,0.039876709689847814,0.03226240838761158,-0.1965990511120081,0.0,0.0,0.0,0.0,0,0.0,0.0,0.0,598400000.0,1428950000.0,0.0,61.35781990521327,155.17535545023696,155.17535545023696,93.8175355450237,-867900000.0,86656160.0,921400000.0,152000000.0,Consumer Cyclical
1999-03-31,PHM,1999,Q1,USD,906285712.8000001,1577885712.8000002,2.3119204583150186,-55.55935608450705,-55.55935608450705,38.61026531920621,16.433797440477647,2.195924976386453,-1.1639344262295082,4.131886211227595,-2.9798770540653723,0.6161616161616161,1.0485344348240528,886300000.0,886300000.0,0.01060915691986608,0.01625911349119298,0.01060915691986608,0.02583103959347872,0.013218562638676885,0.02424942263279446,0.026923076967213116,-0.03133669614216608,0.0,0.0,0.0,0.0,0,0.0,0.0,0.0,571100000.0,1519050000.0,0.0,79.5074812967581,222.0402119700748,222.0402119700748,142.5327306733167,-700000000.0,-72410909.0909091,944600000.0,272100000.0,Consumer Cyclical
1999-06-30,PHM,1999,Q2,USD,998344187.1199999,1773244187.12,2.125682314936466,-17.98422096470588,-17.98422096470588,29.188243796418224,12.755135633394785,1.9834448350153078,-2.6648648648648647,5.234986880850537,-3.468319888743742,0.6402753872633391,1.00602576534146,867300000.0,867300000.0,0.01507537688442211,0.024247509176717356,0.01507537688442211,0.03795143848194246,0.02000348693021503,0.03645077883584537,0.03726169840014163,-0.0987635339315582,0.0,0.0,0.0,0.0,0,0.0,0.0,0.0,594650000.0,1653350000.0,0.0,72.43987587276959,200.59736229635374,200.59736229635374,128.15748642358415,-873500000.0,58877783.132530116,980200000.0,261800000.0,Consumer Cyclical
1999-09-30,PHM,1999,Q3,USD,940271561.2800001,1741671561.2800002,1.7898176562326586,46.9453251018868,46.9453251018868,22.386523923907458,10.300771208226221,1.8803662859393462,0.7876857749469215,6.027240129524277,-3.6151088047081426,0.6197368421052631,1.0092961487383798,894100000.0,894100000.0,0.0179832766981024,0.02960662118858985,0.0179832766981024,0.04599160238257983,0.02454879766313703,0.04695977549111319,0.05009191167696527,0.03945668626784313,0.0,0.0,0.0,0.0,0,0.0,0.0,0.0,662250000.0,1801450000.0,0.0,70.5685245169217,188.8964592873897,188.8964592873897,118.32793477046799,-764300000.0,22762500.0,1024100000.0,314700000.0,Consumer Cyclical
1999-12-31,PHM,1999,Q4,USD,961513920.0,1649813920.0,1.329851620183782,16.270354240631164,16.270354240631164,14.52300985915493,6.058978873239437,2.0294894366197185,1.45480631276901,7.667082581551116,-3.2523538504777965,0.6179078014184397,1.0377184912603497,935600000.0,935600000.0,0.02684072704867529,0.04168024693724957,0.02684072704867529,0.0637519436568188,0.035364323481814584,0.0643957345971564,0.07248985017294393,0.10545869164327855,0.0,0.0,0.0,0.0,0,0.0,0.0,0.0,454700000.0,1835900000.0,0.0,16.562555456965395,143.16149068322983,143.16149068322983,126.59893522626443,-586900000.0,30662943.26241134,1093300000.0,340900000.0,Consumer Cyclical
2000-03-31,PHM,2000,Q1,USD,891492480.0,1734363480.0,2.235525915194137,-13.399079720949636,-13.399079720949636,40.75389430645957,19.805695890217827,1.999642686290375,-5.318828073635766,4.536535061953786,-3.2945679923177815,0.6166945415843089,1.0136395160668876,1015551000.0,1015551000.0,0.00903314603363377,0.014716272044072836,0.00903314603363377,0.02219923484885802,0.011763833749469493,0.023198567005370156,0.027298042940306126,-0.14519359714621485,0.0,0.0,0.0,0.0,0,0.0,0.0,0.0,433110000.0,1892650500.0,0.0,80.86304758735622,244.5702763814298,244.5702763814298,163.7072287940736,-972310000.0,-52382563.250722215,1096254000.0,433641000.0,Consumer Cyclical
2000-06-30,PHM,2000,Q2,USD,888386920.0,1796919920.0,1.82876977439079,-71.1820598954207,-71.1820598954207,22.53021615928582,11.391406289182004,2.115198078072024,-0.5293130923425312,6.637961454268718,-4.224657759481645,0.6154600593624984,1.021608152825935,1062089000.0,1062089000.0,0.01689053029578615,0.027493841605662678,0.01689053029578615,0.04307193225825097,0.02211782684353821,0.0405356513969251,0.053683816056184164,-0.02841554668544647,0.0,0.0,0.0,0.0,0,0.0,0.0,0.0,686584000.0,1988176000.0,0.0,71.2110390905023,197.7537138857014,197.7537138857014,126.54267479519909,-933777000.0,4018937.7984256074,1107264000.0,298136000.0,Consumer Cyclical
2000-09-30,PHM,2000,Q3,USD,1335708000.0,2178088000.0,2.0667265721147414,29.33056827363318,29.33056827363318,22.04453261001579,8.525768187522772,2.083606655673812,2.4038586041693644,5.496934068348222,-4.309748369404091,0.31219807983830217,1.0239773162377241,1084311000.0,1084311000.0,0.010667694345624732,0.03379107045445009,0.010667694345624732,0.027109303356193534,0.028521173890208983,0.05098839381256609,0.02312780937150934,0.05559598355329159,0.0,0.0,0.0,0.0,0,0.0,0.0,0.0,763170500.0,2018291000.0,0.0,76.51657088052403,193.44451087292256,193.44451087292256,116.92793999239854,-768120000.0,39382933.774633646,1139535000.0,328650000.0,Consumer Cyclical
2000-12-31,PHM,2000,Q4,USD,1731255000.0,2467475000.0,1.8321496326382107,23.78403778495349,23.78403778495349,17.284804628942098,5.15726354427897,4.453426936112651,1.2120734172186978,9.447069031779705,-3.134890310786106,0.6149187464976938,1.0070030240331052,1600729000.0,1600729000.0,0.02965304143485342,0.0478098012063997,0.02965304143485342,0.06858792673633397,0.03188842666135273,0.05704830942597579,0.04943985721340876,0.059924736679460855,0.0,0.0,0.0,0.0,0,0.0,0.0,0.0,516454500.0,1966547000.0,0.0,16.51350361416964,140.54993683612526,140.54993683612526,124.03643322195562,-632475000.0,-426889262.209578,1247931000.0,425696000.0,Consumer Cyclical
2001-03-31,PHM,2001,Q1,USD,1688518000.0,2585242000.0,3.1068437902590036,-15.86699972994869,-15.86699972994869,38.78658124915608,13.453617991688295,2.6137653901949114,-4.138375962002489,6.40814712730567,-3.13035650197392,0.6189630235190542,1.0461497977040228,1388303000.0,1388303000.0,0.012938597283982344,0.020780538449629085,0.012938597283982344,0.030387979107926684,0.015836882682582747,0.028226587917381977,0.023316896829053645,-0.09649408534584766,0.0,0.0,0.0,0.0,0,0.0,0.0,0.0,435687000.0,1964755500.0,0.0,75.97782749992213,239.36581769854536,239.36581769854536,163.38799019862324,-1059656000.0,254864306.47088417,1295611000.0,501291000.0,Consumer Cyclical
2001-06-30,PHM,2001,Q2,USD,1790325680.0,2769624680.0,2.706493023728509,-28.221160383126147,-28.221160383126147,26.77673376259257,9.467863565171994,2.525037136827169,-1.6413018028564739,8.052190979103715,-3.7003655893490843,0.6066330516298558,1.0638754870532872,1444474000.0,1444474000.0,0.018526040529005614,0.03143046875548204,0.018526040529005614,0.04398655259421644,0.024470711168870028,0.043212745878778734,0.03339839263211596,-0.05481684203960031,0.0,0.0,0.0,0.0,0,0.0,0.0,0.0,700722500.0,2169545000.0,0.0,73.0860719908649,222.8474757348743,222.8474757348743,149.7614037440094,-1077439000.0,5700412.288088299,1359370000.0,523452000.0,Consumer Cyclical
2001-09-30,PHM,2001,Q3,USD,1617587880.0,3790506880.0,2.5578091346786467,-24.014412295762245,-24.014412295762245,26.14809903216683,14.989473175913854,2.5541455900152474,-1.9066157730078395,9.408458758188809,-6.975330394414182,0.6122257308298145,1.0070526378503977,2471752000.0,2922607000.0,0.014469798728100725,0.03000939777157716,0.015707588070224703,0.03815274832790524,0.018476967878198667,0.03250495044711373,0.051179290487760085,-0.09757924249531345,0.0,0.0,0.0,0.0,0,0.0,0.07880199917327421,0.0,1001808500.0,3146132500.0,0.0,83.65372842833388,267.2917036134512,267.2917036134512,183.63797518511734,-2330762000.0,-934022326.9488178,1719028000.0,510695000.0,Consumer Cyclical
2001-12-31,PHM,2001,Q4,USD,2638800800.0,4828200800.0,2.411544163187022,40573.115966386555,40573.115966386555,23.612670497615845,10.707421445164446,2.3467752401506394,0.0009963078005040145,10.470420075331555,-6.131838384693532,0.6144432040907665,1.0112681624987645,2241535000.0,2708832000.0,0.020902210533757907,0.033618229183654855,0.022763765587779178,0.05246314235954785,0.025844979931993705,0.04746359419877607,0.045263363570300565,4.50962422021397e-05,0.0,0.0,0.0,0.0,0,0.0,0.08177711402109383,0.0,793237500.0,3918093000.0,0.0,17.166866163686592,197.13848140392577,197.13848140392577,179.97161524023917,-2189281000.0,360673057.47238785,1809368000.0,468296000.0,Consumer Cyclical
2002-03-31,PHM,2002,Q1,USD,2796799360.0,4845888360.0,3.5147198494858714,51.289011240236235,51.289011240236235,40.43733037375769,17.098967764546842,2.714187818779455,1.38715644820296,7.969827972294796,-4.951566493493477,0.6052570778609131,1.0338542384404084,2546510000.0,3011770000.0,0.01214544577880139,0.01922735867187456,0.013244229566645822,0.028661238401817838,0.014725269495786108,0.02640377306955354,0.024353552483650457,0.033782187364344934,0.0,0.0,0.0,0.0,0,0.0,0.08296320917085293,0.0,716569000.0,3903025000.0,0.0,77.90927889930796,281.524594217461,281.524594217461,203.61531531815305,-1954607000.0,-227594662.0399168,1911190000.0,800481000.0,Consumer Cyclical
2002-06-30,PHM,2002,Q2,USD,3506580000.0,5516003000.0,3.272498862397905,-461.1657052085946,-461.1657052085946,35.56210793699914,12.95490912841937,2.782891065027363,-0.13260091127789542,9.24823348548387,-5.388177685950414,0.6085668794106138,1.0223758087433956,2855867000.0,3319089000.0,0.014770033156147952,0.024750428738208364,0.015982271962091735,0.03654905717103499,0.01850655622113991,0.03217911169954798,0.025723924735782444,-0.003411015861608747,0.0,0.0,0.0,0.0,0,0.0,0.0758489662057489,0.0,1214093000.0,4108602500.0,0.0,77.63308743107326,247.98542112249567,247.98542112249567,170.35233369142242,-2021384000.0,-210796677.6052138,2004776000.0,818520000.0,Consumer Cyclical
2002-09-30,PHM,2002,Q3,USD,2592170880.0,4600152880.0,2.4738575083920136,389.085078237334,389.085078237334,24.744110720836538,10.800886455201201,2.693318208113071,0.09577467070621973,11.036123863844907,-5.324080471114621,0.6633529291648307,1.012458923636047,2924220000.0,3385404000.0,0.019535200660467843,0.029583014118419612,0.02107315960657381,0.04760916717317726,0.022908396337258056,0.040024911589986584,0.04762263203882608,0.004561041901682037,0.0,0.0,0.0,0.0,0,0.0,0.07298188666621197,0.0,1377057500.0,4341989000.0,0.0,76.54701134211214,238.41673519516,238.41673519516,161.86972385304784,-1996159000.0,45864202.62877901,2131720000.0,924884000.0,Consumer Cyclical
2002-12-31,PHM,2002,Q4,USD,2904735960.0,4764456960.0,1.8698744627668114,70.21423249233672,70.21423249233672,14.397957644328402,5.619986582535538,2.3093353953779077,0.39477787344953574,13.464323225433791,-5.637589216542766,0.6095782559970494,0.8693394830307813,2782013000.0,3241660000.0,0.024952474829261422,0.049115918911003746,0.0267365272069099,0.06226720078712489,0.03717639096679979,0.06808820785006958,0.05917370885579562,0.023360470946212956,0.0,0.0,0.0,0.0,0,0.0,0.06672715434738269,0.0,900937500.0,4366328500.0,0.0,15.690337410037644,178.85954879617418,178.85954879617418,163.16921138613654,-1791865000.0,346668974.26694846,2300779000.0,778736000.0,Consumer Cyclical
2003-03-31,PHM,2003,Q1,USD,3043056720.0,5117085720.0,3.2958383861805114,-34.85254643409321,-34.85254643409321,37.07307787606773,15.02625573257406,2.9135719718038073,-1.704505613151143,9.65268208269323,-4.904400250548074,0.6189826026343966,1.0663606617675232,3371599000.0,3829184000.0,0.012661843219342396,0.019063005908481534,0.013574940172206335,0.030425727766792487,0.015029796618986955,0.025887830444321892,0.028306077712544248,-0.048247868347324134,0.0,0.0,0.0,0.0,0,0.0,0.06726342372642174,0.0,876595500.0,4448902500.0,0.0,87.1170832246319,291.386922496521,291.386922496521,204.26983927188908,-2220850000.0,-501127595.2184192,2373473000.0,1161717000.0,Consumer Cyclical
2003-06-30,PHM,2003,Q2,USD,3742989120.0,6003212120.0,3.0657022293603515,-34.859227352174344,-34.859227352174344,29.501553506840697,11.10740191067778,2.6788362846167293,-1.4148639877749205,11.777087963275385,-5.951805665414277,0.6183769997917016,1.0232639141600557,3390059000.0,3905581000.0,0.016607550044917353,0.027223240250282058,0.01770816996421325,0.04078878582343637,0.0209496842283755,0.036227488240916435,0.03251866251751221,-0.046009484526634156,0.0,0.0,0.0,0.0,0,0.0,0.0621532276638501,0.0,1507237000.0,4811235500.0,0.0,83.48170007594176,255.76892300321606,255.76892300321606,172.28722292727429,-2432436000.0,111896328.91842324,2528558000.0,1064414000.0,Consumer Cyclical
2003-09-30,PHM,2003,Q3,USD,4156432000.0,6566404000.0,2.7362262652392717,-57.48355525207693,-57.48355525207693,25.404799764770516,9.323955105214898,2.47335589904764,-0.6763793328043769,14.157814454740805,-6.83846975001636,0.6503995532705601,1.0465889579453944,3446536000.0,3962320000.0,0.02144801194482794,0.032638614230315305,0.022758637511095588,0.05355917368057185,0.02563148024229774,0.044825248091178965,0.04063244629047221,-0.027482946912159276,0.0,0.0,0.0,0.0,0,0.0,0.057588050498571096,0.0,1754555000.0,5245945000.0,0.0,78.26643807190325,228.94786301231076,228.94786301231076,150.6814249404075,-2524203000.0,107754519.20744035,2699800000.0,1064835000.0,Consumer Cyclical
2003-12-31,PHM,2003,Q4,USD,5780209920.0,8006376920.0,2.5511437609850787,60.923449173242425,69.54809694232105,17.779305649316044,4.9435223840824305,2.4875619846146493,0.5301338475316063,17.761246598945327,-5.86011210471747,0.6197365493413733,0.9107797888351781,3547636000.0,3999033000.0,0.030743293855954694,0.05511297059053286,0.03256640376880841,0.07189244699217516,0.04421708453558181,0.07734156604418854,0.04288667772121328,0.019916231692844816,0.12400983130036448,1.4633204633204633,0.005192859427953815,0.0,0,0.0,0.055981309013918776,0.0,1161911000.0,5501018500.0,0.0,15.545814534676724,189.86858780255773,189.86858780255773,174.322773267881,-2111047000.0,166018769.29192322,2996726000.0,1317273000.0,Consumer Cyclical
2004-03-31,PHM,2004,Q1,USD,6966735600.0,9331692600.0,4.577168242470379,-78.44593088258783,-70.48691809742502,43.29026400879565,10.971172893055794,3.059645446184066,-0.9037294213281267,13.074359077581928,-5.029534880008939,0.6190693430656934,1.0324059237679049,4357769000.0,4807104000.0,0.015756164587873753,0.02502223392519643,0.016651798048576104,0.036314143035717686,0.01961146395291083,0.03292558069525215,0.018893927882091578,-0.01900301771176733,-0.11291475070823911,1.3220472440944881,0.00658835716822285,0.0,0,2.9282677407899356e-06,0.0537859910437081,0.0,1137206000.0,5768775500.0,0.0,89.43138423877203,294.99199551421526,294.99199551421526,205.56061127544325,-2497346000.0,-685706197.6540748,3175396000.0,1744159000.0,Consumer Cyclical
2004-06-30,PHM,2004,Q2,USD,6570258160.0,9471084160.0,3.759978149365601,-25.550153391279952,-23.926546483427646,31.132863796985685,9.53544697007051,2.7197300664927155,-1.9759065686582837,15.884566445604014,-6.505706749885152,0.6196999326136649,1.0311878355178898,4357213000.0,4804485000.0,0.020973677337879196,0.03379988744893798,0.022077652782916596,0.04922220452653378,0.026547230437719244,0.045600962217129955,0.02855336813736403,-0.060247252141459234,-0.0678579714367416,2.119838193156919,0.00998602575707049,0.0,0,0.0,0.050004203612244495,0.0,1914521500.0,6404848500.0,0.0,81.13602036494682,274.88458261604956,274.88458261604956,193.74856225110273,-3296666000.0,169299821.492277,3364077000.0,1757535000.0,Consumer Cyclical
2004-09-30,PHM,2004,Q3,USD,7768651770.0,11367793770.0,3.831299048965888,-16.274765881355837,-15.905908533769887,27.46640033342998,8.696100318933023,2.6242811856513515,-2.587620769367554,19.719823069497338,-7.919862285833929,0.6457629105454162,1.0402863947559,4854330000.0,5706999000.0,0.026760622024653367,0.042231013147084544,0.027996287019607234,0.0657961639054163,0.0313273633179554,0.05661299961202842,0.03474682711901244,-0.09199665799925538,-0.02318995779479221,1.348148148148148,0.005459228347274059,0.0,0,0.0,0.044136745493731575,0.0,2070771500.0,7263538500.0,0.0,74.88000449084115,271.0826435617048,271.0826435617048,196.20263907086365,-4313832000.0,-252185908.6244142,3657400000.0,1858482000.0,Consumer Cyclical
2004-12-31,PHM,2004,Q4,USD,8130289200.0,11294620200.0,2.6978914892814028,23.057068316134366,24.060798858165395,17.294840160903313,4.845368670403928,2.7319203294716288,1.232733477110926,24.94902405638153,-7.355154432882904,0.5956098145899845,1.0411386874071484,4884909000.0,5328056000.0,0.03818361995895606,0.06253628813605884,0.03988187178522143,0.08787017328007989,0.053087717936221905,0.08446820690919689,0.048875629171961074,0.05773718356783668,0.041716426289412176,1.667482660138719,0.0048812099572383555,0.0,0,0.0,0.04258204919295348,0.0,1998157500.0,7558656000.0,0.0,48.5299488593255,192.62346158078546,192.62346158078546,144.09351272145994,-2694911000.0,363984654.68471307,4079127000.0,1820802000.0,Consumer Cyclical
2005-03-31,PHM,2005,Q1,USD,9384239760.0,12882649760.0,5.042934321461649,-48.66592786231282,-45.138294347661564,37.11424040932505,10.078736301093608,3.983429275481453,-1.2129470954261783,18.988831876939194,-6.8079241018880365,0.6268259758164115,1.04838903944595,6322361000.0,7123551000.0,0.02002016859388684,0.03129105851491299,0.020864392063420133,0.045754315581545565,0.02291980348990124,0.03796139535328608,0.023256225925753625,-0.030413118941880063,-0.0781516795358044,1.5064443311730866,0.008098351440581165,0.0,0,4.902931737880853e-06,0.04046240441452414,0.0,1821269500.0,7740797500.0,0.0,72.14233265607758,327.8255588485422,327.8255588485422,255.6832261924646,-3783814000.0,-1236163693.5692334,4328782000.0,2310280000.0,Consumer Cyclical
2005-06-30,PHM,2005,Q2,USD,10779971620.0,14295849620.0,4.34396098294394,-188.68672368507887,-154.14478311031561,30.060516181668696,7.3929923943738975,3.817747446535834,-0.2494641287276391,23.036626949409403,-6.816102847495252,0.6269256571953472,0.9839703292663359,6756454000.0,7493113000.0,0.026112036266989297,0.04088410442309621,0.027149125900427548,0.05973288155380898,0.029808355347328327,0.04988534917058475,0.02817363632354349,-0.008603269402670283,-0.2240876394113377,1.134513865686602,0.005158963722257048,0.0,0,0.0,0.03819974305036174,0.0,1861236000.0,8397153500.0,0.0,61.751200462696175,276.75395805561607,276.75395805561607,215.0027575929199,-3608621000.0,-127392423.00983602,4640182000.0,2607688000.0,Consumer Cyclical
2005-09-30,PHM,2005,Q3,USD,10990996520.0,14749009520.0,3.839385136494752,-92.26607896004454,-80.48089620814031,24.015985983492175,6.119216847165028,3.6769983930611514,-0.40426026943434973,27.23517311373685,-7.465598775387475,0.6443208593095672,0.9837080398675356,6985116000.0,7702353000.0,0.03219055863771971,0.05001256542488489,0.03339277111079114,0.07232475712865843,0.03727359853375559,0.06181448285214826,0.03597681059041951,-0.016673738333601074,-0.14643453673062126,1.4528301886792452,0.006093448319576999,0.0,0,0.0,0.03600217750969838,0.0,2044776500.0,9041515500.0,0.0,59.59065288477014,260.2627423244526,260.2627423244526,200.67208943968245,-3941274000.0,158182318.35320723,5025056000.0,2777966000.0,Consumer Cyclical
2005-12-31,PHM,2005,Q4,USD,9985002240.0,13262262240.0,2.6484971823079415,25.551620960315045,26.998345442516158,16.048896300186602,3.965869844596704,2.80649692369504,0.9033990729959149,34.59267970183703,-6.742709433783762,0.6916348560305382,1.0259774424946644,6281300000.0,7050592000.0,0.044032138136723194,0.06392438065617659,0.04555033557100189,0.09644217169334915,0.04909525933140603,0.08459455028897893,0.05754019740710645,0.04919628340514023,0.05358567195465457,1.66524967069812,0.005554305200613404,0.0,0,0.0,0.03333010427359415,0.0,1468484000.0,9067810500.0,0.0,17.326056377184965,192.18235766941007,192.18235766941007,174.8563012922251,-2786035000.0,1206443390.5033965,5522445000.0,2667529000.0,Consumer Cyclical
2006-03-31,PHM,2006,Q1,USD,9746539280.0,13483930280.0,4.55142088506759,-34.00447447129376,-32.7442787794898,33.46187321944392,9.274751590712818,3.1926197814387525,-1.509771745131261,23.82833805122327,-5.924804086974346,0.6290235280593183,1.0856550034971308,6807556000.0,7682531000.0,0.020675798566261745,0.02987054190505371,0.021524861175729722,0.04247634443868702,0.02402466607411562,0.0400698793541369,0.026947513620444775,-0.042250381204024655,-0.03848598102558671,0.8310733540271198,0.005151260254589249,0.0,0,5.3473733669617254e-06,0.039445671799515955,0.0,833132000.0,9273697500.0,0.0,30.759697929354445,343.47076443361755,343.47076443361755,312.7110665042631,-4149186000.0,-281230922.0848581,5682245000.0,3392623000.0,Consumer Cyclical
2006-06-30,PHM,2006,Q2,USD,7272872220.0,11797178220.0,3.5121447218743143,-17.95820859033922,-16.94860502603239,28.874949444513792,11.073758875663609,2.9345958838869484,-2.7031795867812805,23.38914079554525,-7.111322233570054,0.6267818685924302,0.9968838140881429,7143238000.0,8102701000.0,0.017837968016454864,0.03020012869819771,0.018517745242264037,0.038063248969005155,0.02268212989382255,0.04002839097216223,0.03341444654172681,-0.09570579255962784,-0.05956853456412005,1.9940888707704851,0.01165001025612934,0.0,0,0.0,0.036709503069395355,0.0,907791500.0,10233827000.0,0.0,28.528299822518296,324.4618414334687,324.4618414334687,295.9335416109504,-5220362000.0,-110575736.47817397,5884491000.0,3596522000.0,Consumer Cyclical
2006-09-30,PHM,2006,Q3,USD,8006003820.0,12737108820.0,3.5738651370568517,-59.72824896483487,-53.67400105349655,40.54402705670768,15.059779408253888,2.887883390791825,-1.1210814902822537,21.098295256960487,-7.325221758387819,0.6436886238892235,1.0064059557338583,7195020000.0,8199599000.0,0.013668866904475446,0.022231512979197177,0.014176229448942576,0.02896379947602381,0.017407354232088373,0.030294408764871005,0.023759543996820127,-0.029640880186339955,-0.11279665745998846,1.172107981678199,0.006749235891883156,0.0,0,0.0,0.03578966792929374,0.0,910970500.0,10751559000.0,0.0,24.399683593260793,299.0973567697782,299.0973567697782,274.69767317651736,-4968410000.0,134917386.16106173,6069417000.0,3657428000.0,Consumer Cyclical
2006-12-31,PHM,2006,Q4,USD,8320969439.999999,12122331440.0,2.762039433061451,12.132243482925551,12.382348373495022,102.8562702257821,32.25401970184206,3.4691792073504906,-118.78067047075606,,-5.417408661940717,0.4659097202990861,-0.19478698039723383,7064539000.0,7602779000.0,-0.000638391169256077,0.006842407126804293,-0.0006632896089437807,-0.0012789323864084699,0.003828741871775415,0.008985355066497114,-0.0010109398983683805,0.11765468039022146,0.02019850217627802,0.8019550186759914,0.004598412451759049,0.0,0,0.0,0.03753781056113916,0.0,729772000.0,10100550500.0,0.0,12.07315974642796,196.37987158463903,196.37987158463903,184.30671183821107,-2822361000.0,178080784.60260314,6082730000.0,3326114000.0,Consumer Cyclical
2007-03-31,PHM,2007,Q1,USD,6665776740.0,10373721740.0,5.5431969725873165,51.32075959136221,55.82522125655859,-86.51112265661484,-30.922217959837212,4.451203670782953,-2.3594056401157903,,-3.386511140485632,0.6010045738979151,1.006894018591247,7396599000.0,7889168000.0,-0.007050601513288597,-0.011179137120520167,-0.007348489091732684,-0.013242398241725085,-0.00826520120576783,-0.014146129239257357,-0.012852515669464201,0.02787747133577114,0.0806886486753902,0.7530009233610342,0.008715246551706633,0.0,0,1.0232800212457513e-05,0.040537255308607835,0.0,581218000.0,9398590000.0,0.0,31.2768148733164,502.8306367265043,502.8306367265043,471.55382185318786,-3522120000.0,-411795419.5358756,5976954000.0,3858296000.0,Consumer Cyclical
2007-06-30,PHM,2007,Q2,USD,5659487850.0,9568440850.0,4.733931866779204,-49.09259258309134,-45.304259625764665,-13.110236899615671,-5.35586734169584,3.659642556332063,0.3840126410941955,,-5.404273422903453,0.6292404374362299,1.0733919926329882,6659604000.0,7150110000.0,-0.042467030488180374,-0.06235475674311242,-0.044284504982138775,-0.08501453979428046,-0.04750437930816121,-0.07953871529168842,-0.08968143645718757,-0.03731857114950781,-0.08361979620945481,0.7540831906722806,0.008063343106183018,0.0,0,0.0,0.04104086733478094,0.0,597959000.0,9255872000.0,0.0,22.822376647619695,340.1594880480647,340.1594880480647,317.337111400445,-4120157000.0,269462239.36504555,5479661000.0,3182070000.0,Consumer Cyclical
2007-09-30,PHM,2007,Q3,USD,3730984560.0,7418160560.0,3.0011192500358037,23.36877497723972,25.09085194755997,-7.262012761600075,-3.6095631726614337,4.014682718875357,-0.40290732873782636,,-6.24890392604573,0.7202318648740805,1.0494801110580254,6182035000.0,6334870000.0,-0.07206716808504293,-0.09109712935207158,-0.07308894683569057,-0.1518392614624168,-0.0816636420365995,-0.11735645834431083,-0.21116972941855328,0.07924235419510822,0.06863365875018508,1.045642157803801,0.008814231583648826,0.0,0,0.0,0.013979935337482326,0.0,585353500.0,8609895000.0,0.0,17.780454636230786,257.7463141244084,257.7463141244084,239.9658594881776,-3391524000.0,-274107041.56911933,5036014000.0,2489072000.0,Consumer Cyclical
2007-12-31,PHM,2007,Q4,USD,2661234060.0,5519764060.0,1.9042750594507656,6.177086349734274,6.2877068481977885,-15.691400801660176,-8.126133553173949,3.524781221672129,-1.0216380975029182,,-4.140492259068712,1.9272750108520094,1.2215804023008616,5793262000.0,5930458000.0,-0.08553553726330601,-0.035117708976259134,-0.08652004655098822,-0.2024587790406586,-0.08735142629634504,-0.04684230255336463,-0.32866744535803816,0.3298717738491593,0.017593138664729904,0.7962822266119637,0.005423620988906089,0.11175421864979057,0,0.0,0.011378973162040791,190676500.0,489770500.0,7579201000.0,11.840739911481924,12.788462550196066,214.67539000277304,226.51612991425498,213.7276673640589,-1980664000.0,-338489652.5021318,4203835000.0,2182312000.0,Consumer Cyclical
2008-03-31,PHM,2008,Q1,USD,3683565300.0,6348116300.0,4.38157996271446,28.874630090379394,29.582811247600052,-9.427788148946819,-3.9572089030669453,4.004008972145926,-0.3158125330391413,,-4.983502919033361,1.0044556284052082,1.0,5440074000.0,5459581000.0,-0.07694644176425569,-0.07230926734308361,-0.07694644176425569,-0.19207246918233234,-0.09340402168383273,-0.09629409747068414,-0.18898646916887832,0.05825551674080544,0.023938940464223495,0.2669540958660918,0.0036326138737827153,0.0,0,8.524184180356553,0.0,190676500.0,389604000.0,6603679000.0,0.0,16.65311381928579,285.4186705996096,285.4186705996096,268.7655567803238,-2449963000.0,-328504000.0,3624382000.0,1828270000.0,Consumer Cyclical
2008-06-30,PHM,2008,Q2,USD,2440762020.0,4879613020.0,3.0014258026221503,18.106641063033177,18.531677325758036,-24.971664227301105,-12.480942243329274,3.5416286408341366,-1.7011621227519773,,-4.963231986869412,0.7360461280415561,1.0033004069569595,4940555000.0,5274475000.0,-0.018465318998447867,-0.024220074016718666,-0.018465318998447867,-0.04565832732642979,-0.02278047566320256,-0.032169559523217456,-0.0649047300400061,0.10788106248883698,0.02293566066651082,0.3233924553968503,0.00380190248898211,0.0,0,0.0,0.0,0.0,359954500.0,5953172500.0,0.0,19.66451579950967,313.3785193796941,313.3785193796941,293.71400358018445,-2175539000.0,354555120.65865344,3469619000.0,1774864000.0,Consumer Cyclical
2008-09-30,PHM,2008,Q3,USD,3542540540.0,5727053540.0,3.660420429902038,20.433766742544794,20.659546482643186,-20.81391775544693,-7.939208809580055,3.8347468537049725,-0.9995969855949098,,-4.7745778485854675,0.9517839988322794,1.002460288292703,4745233000.0,4762487000.0,-0.034264443089608236,-0.034828851472017835,-0.034264443089608236,-0.08807897569831112,-0.04145790916418341,-0.04484567553192633,-0.079148564944863,0.0782520332145585,0.010928591307078074,0.1636830011222145,0.00195770262989194,0.0,0,0.0,0.0,0.0,346953000.0,5478282000.0,0.0,18.11303049023671,283.1482536403671,283.1482536403671,265.0352231501304,-1907302000.0,-68726860.16884428,3183359000.0,1419514000.0,Consumer Cyclical
2008-12-31,PHM,2008,Q4,USD,2774525850.0,4523126850.0,2.740815586398713,10.03413428902288,10.132384526985705,-10.024971630325409,-3.8755657312061986,9.857681583887201,-1.333000162642497,,-2.9535198644842326,0.7049142738026994,1.0258754343758354,5794589000.0,6302495000.0,-0.0438693445563302,-0.05885225733095244,-0.04446085567211997,-0.11925282593562501,-0.04520614678167035,-0.06628963734022089,-0.12188208662752233,0.1608934369813134,0.009696655086584408,0.2658920858933025,0.002648633417864187,-0.03333181844348097,0,0.0,0.013304087536054552,244743500.0,276351500.0,4715677500.0,26.694680009816487,10.393336499168571,200.1760850264993,226.8707650363158,216.4774285371472,-1302198000.0,-1366923537.2869873,2733144000.0,1576017000.0,Consumer Cyclical
2009-03-31,PHM,2009,Q1,USD,2782537540.0,4270321540.0,7.269622314527935,14.687060332789919,15.755899863483748,-8.561361575011528,-2.982786342949939,4.24499331331113,-0.5647704625712388,,-3.198742625050083,1.0050210250543683,1.0009340169764425,4285124000.0,4466511000.0,-0.07554263556222783,-0.06358363552974647,-0.07554263556222783,-0.2211619877591893,-0.08344051611649227,-0.08403557877758787,-0.18501744993528463,0.09740389701984038,0.06783741582231027,1.519802743103714,0.03357733819073235,0.0,0,0.014444520104865343,0.0,244743500.0,191825000.0,4027665000.0,0.0,16.091323895097748,374.68883204535194,374.68883204535194,358.5975081502542,-1216754000.0,988381400.0499761,2327787000.0,1118512000.0,Consumer Cyclical
2009-06-30,PHM,2009,Q2,USD,2249566120.0,3616250120.0,5.329143387662471,33.11705666874244,33.923547091932456,-20.703564018595277,-7.824466988801612,4.292877414915991,-0.5763386377431188,,-2.7014236705342984,1.0135666482996217,1.0023378893577775,4211689000.0,4364009000.0,-0.02959045646283588,-0.031776745402161716,-0.029557957481408978,-0.08814350832237733,-0.04131398089941706,-0.04098652602842495,-0.08422290783789009,0.04738691565998514,0.023773764606762154,0.21953488372093025,0.003825635886704589,0.0,0,0.012397948657490642,-0.0010995002427802737,0.0,170301000.0,3765563000.0,0.0,20.562801519455796,431.8491322894796,431.8491322894796,411.2863307700238,-1260084000.0,-106359084.94134134,2156546000.0,1237316000.0,Consumer Cyclical
2009-09-30,PHM,2009,Q3,USD,2798845280.0,5625727280.0,5.1560427240916,-81.0168245510448,-77.51391322319743,-16.365799696871846,-8.223680650707347,0.5913397105700393,0.19214581598120575,,-10.35462084563674,1.0074375764874457,1.0012029428839369,-1098948000.0,6213849000.0,-0.03514592258107559,-0.031897741388240315,-0.04156890892642188,-0.10920052009600564,-0.03501308761972722,-0.03504564864535628,-0.12912003481664408,-0.02593105110833422,-0.04519074295424761,0.2158332760162322,0.0028760125158785585,0.0,0,0.017143344203157565,0.15451419128452853,0.0,254277000.0,4653950500.0,0.0,99.96778996525846,1688.0237961208059,1688.0237961208059,1588.0560061555475,-2899459000.0,4961085205.595466,1724622000.0,-5378863000.0,Consumer Cyclical
2009-12-31,PHM,2009,Q4,USD,3777350000.0,6219042000.0,3.593112640633964,15.229983690142086,15.762447154718817,-6.899283783963683,-2.7087654370293452,2.653381613435589,-3.4931777547755716,,-6.693499410962712,0.12744637357246041,1.0010007552045819,4257871000.0,5400982000.0,-0.01163012815755139,-0.030452704242883547,-0.013036710266232291,-0.03659389439150524,-0.005265077369989977,-0.04141374526282335,-0.030946827802559994,0.10445100401074828,0.03378050751575885,0.9255233494363929,0.007969619077167336,-0.032311796180198665,0,0.006205140560299927,0.10789394563168538,0.0,305900000.0,5285587000.0,0.0,13.62628151115371,241.86391435395845,241.86391435395845,228.23763284280474,-2047144000.0,-5472489131.675434,2109974000.0,-23661000.0,Consumer Cyclical
2010-03-31,PHM,2010,Q1,USD,4303653750.0,6063794750.0,5.942811003588936,8.949484398383607,8.993619045641491,-5319.118201754386,-1543.9833333333333,3.1490495126127906,-54.256726457399104,,-4.2333517188737595,0.8607664736696995,1.0343647511763867,5220643000.0,6362813000.0,-0.0012602704777805677,-0.0025202144707324164,-0.0014146231113484425,-0.003906705812976783,-0.002871981811630384,-0.0033626999143281607,-0.002901720427671487,0.15666525217090246,0.0049073289666714875,0.2580319726835325,0.0032586601957352223,0.0,0,0.00794721068487727,0.1091121955591007,0.0,270528500.0,4981500000.0,0.0,3715.455688246386,71030.44940289126,71030.44940289126,67314.99371464488,-1085908000.0,-965284110.5596912,2115364000.0,937494000.0,Consumer Cyclical
2010-06-30,PHM,2010,Q2,USD,3127745159.9999995,4741287160.0,3.6306718901476227,27.484766674782325,28.36834832139673,701.1663945578231,238.61904761904762,3.270496870082897,2.260802327562481,6.283710537598272,-3.826792800472274,-13.325707300034928,1.2162276975361088,5333270000.0,6464898000.0,0.00769532860484236,-0.0003337288039837615,0.008633481156555859,0.023250449602746796,0.00576834664910513,-0.000437187241956442,0.0243955297176449,0.05343561941600128,0.03114674272199228,0.46843940714908455,0.004114410160671047,0.0,0,0.006413977201894788,0.10866445813704126,0.0,269349000.0,4952845500.0,0.0,22.263867824066605,393.9340572461196,393.9340572461196,371.670189422053,-1446409000.0,-43792570.03143555,2204324000.0,1048504000.0,Consumer Cyclical
2010-09-30,PHM,2010,Q3,USD,3349683840.0,5012784840.0,4.739038991684345,-97.39803835467387,-92.1196861217289,-4.951025744858633,-1.6426110695188223,3.022850551630987,0.05171959851916762,,-4.4786235825766765,0.9719476830784588,1.000771224810566,5077011000.0,5551432000.0,-0.10944197040330218,-0.03671754804733048,-0.11473230941783658,-0.43333305754209916,-0.05152463784792647,-0.05301173997836181,-0.2970775892688428,-0.01624511524048789,-0.05729885169137506,0.2788916209570645,0.0027879564817861074,0.0,0,0.01039456816454332,0.04611028089104194,0.0,278054500.0,4901901500.0,0.0,26.32746019629567,462.4590110866643,462.4590110866643,436.13155089036866,-1717517000.0,-730465133.2780511,1877159000.0,790628000.0,Consumer Cyclical
2010-12-31,PHM,2010,Q4,USD,2850997440.0,4772040440.0,4.026121001965797,-21.855906311686766,-21.507981773356832,-26.614095758623574,-10.713828392961712,2.895137076814661,1.3198551635756945,,-4.491107084263113,0.8685024281401759,1.0023153629594548,4117263000.0,4592515000.0,-0.021485897038928867,-0.014822285739195518,-0.022713059185238957,-0.07747778042654274,-0.01955610945092238,-0.022517046374642993,-0.05802460489056069,-0.07782293904830725,-0.016176531205774454,0.32917054986020505,0.002979911750065386,0.0,0,0.0038818159575455384,0.05402892390240456,0.0,253300500.0,4851283500.0,0.0,17.586101572071993,371.3292464063228,371.3292464063228,353.7431448342508,-2142916000.0,801900141.0683817,1719178000.0,725595000.0,Consumer Cyclical
2011-03-31,PHM,2011,Q1,USD,2808625600.0,4896656600.0,6.081277244716233,-30.793483674598782,-29.650829579034056,-135.75050871891548,-57.88669568351307,3.0488894915227593,4.023073420027324,,-4.584269544506038,0.8707701797673599,1.0077928998024022,4170533000.0,4679937000.0,-0.005258474244239007,-0.005740928712891459,-0.005563974231110592,-0.0188206500519013,-0.006938842634662073,-0.007968626849986863,-0.014073075457262796,-0.05879886589369548,-0.03853700256577954,0.6831661092530658,0.007610512641548332,0.0,0,0.006843003370582785,0.05490679398969937,0.0,216266500.0,4774514500.0,0.0,26.253062923164688,607.3462593055534,607.3462593055534,581.0931963823888,-2253175000.0,-89648359.66690165,1687426000.0,789553000.0,Consumer Cyclical
2011-06-30,PHM,2011,Q2,USD,2909122460.0,5166162460.0,5.571716565359378,-84.44201471068976,-78.39396752655539,-114.77045431319841,-50.141958989625216,2.9957766017571803,1.104631217838765,,-4.866208420115804,1.0384752404702529,1.0059793269956239,4078599000.0,4616197000.0,-0.007458651517283777,-0.0058473184130298055,-0.007893912430236115,-0.027020671533331025,-0.008429378232806725,-0.00811707193807495,-0.0190383872667911,-0.022652879315365776,-0.07714939522719844,0.5897788329376484,0.0050905294582037335,0.0,0,0.006357769312735383,0.05513880687162864,0.0,212460000.0,4836169500.0,0.0,23.659272231951743,530.2721022248168,530.2721022248168,506.61282999286504,-2322940000.0,40161196.651229076,1640288000.0,746336000.0,Consumer Cyclical
2011-09-30,PHM,2011,Q3,USD,1501098750.0,3693948750.0,3.2348265788388266,65.41899107427479,70.8304331569259,-18.98987646641511,-11.273017961978594,3.1282013012330037,-0.43671209144766354,,-4.520334188540228,0.6385086419753087,1.0015926559764168,4192182000.0,4492368000.0,-0.01788687077843261,0.0054373271279018615,-0.01830630504099444,-0.0672213248264722,0.004837232672723077,0.0075758296046839315,-0.08613557235991302,0.03474255108133292,0.0763999574965466,0.5634796238244514,0.00377781144394889,0.0,0,0.002661281636105859,0.02291201100509168,0.0,221904500.0,4897395500.0,0.0,20.999262548346646,456.4422469560672,456.4422469560672,435.4429844077206,-2140698000.0,-239333400.21728396,1757844000.0,856819000.0,Consumer Cyclical
2011-12-31,PHM,2011,Q4,USD,2398765430.0,4404038430.0,3.4887755962118123,24.338158351386003,25.18377839154601,98.63467928331467,44.91092945128779,3.1320391400045517,13.092540337168078,2.0424355206911677,-3.7265035393644137,-1.5229752066115703,1.0369058500914077,3962738000.0,4178268000.0,0.002007226654970794,0.004893344142249187,0.002055695500643139,0.0071293165481542235,-0.01020173705294065,0.006869560702603701,0.005761713849611382,0.07290250135045509,0.03357796542729564,0.8134957825679475,0.004813264202733801,0.0,0,0.0015962355774372299,0.02357783322344248,86039000.0,210701500.0,4763068000.0,12.268452760536936,15.532667815202313,366.59616731136356,378.8646200719005,363.3319522566982,-1830397000.0,244166079.00826445,1776267000.0,874394000.0,Consumer Cyclical
2012-03-31,PHM,2012,Q1,USD,3367442700.0,5246653700.0,5.955095705510331,45.746392013253114,47.29612465294054,-892.1363203536813,-319.53936405373236,3.199499475177328,-9.831133207611863,,-3.7494467834597454,0.8647246312356386,1.0163477474762694,4046351000.0,4367777000.0,-0.0017007211810055132,-0.0019097766230682246,-0.0017410978796693318,-0.00604823239811948,-0.002260960510367151,-0.0026146595444336736,-0.0034643499650342975,0.032942505599278644,0.03276658819426279,0.5083186798322737,0.004265432967551837,0.0,0,0.004221166898968941,0.023190366914631406,86039000.0,183528000.0,4610442000.0,0.0,20.004390467604342,537.5358142298052,537.5358142298052,517.5314237622008,-1768279000.0,-91456354.75502187,1769755000.0,955405000.0,Consumer Cyclical
2012-06-30,PHM,2012,Q2,USD,4073008499.9999995,5856078500.0,5.476015634862376,60.46544656685596,62.55758938586277,123.13291911099897,37.49174709308438,3.157345971563981,2.2822603449901027,3.607577404814423,-3.6551562438428498,1.0628663026599208,0.9950652975775097,4064936000.0,4370562000.0,0.006103418394681298,0.006461936591441753,0.006243317850583792,0.021486070964387177,0.009358122810917874,0.008804609561426787,0.010418834136977619,0.02298325672534197,0.03344346928239546,0.43564223268325486,0.0030287870357815793,0.0,0,0.004831658726114054,0.022407870182264044,0.0,192431500.0,4568154500.0,0.0,21.489462475357094,456.55032725335644,456.55032725335644,435.06086477799937,-1689459000.0,28257447.52792666,1819249000.0,971388000.0,Consumer Cyclical
2012-09-30,PHM,2012,Q3,USD,5838545050.0,7377731050.0,5.663889163981634,35.18365531350743,35.79824083419056,64.96940787445952,13.554303125302711,3.1899366131491567,1.7978788164584638,6.187994719947692,-3.1980634841551834,1.1012879345834985,0.9981056857700246,4195255000.0,4477301000.0,0.01633382722411905,0.015437291413962773,0.016690333235690552,0.05496252201884408,0.02292880129561985,0.020819987739438377,0.019976380930725197,0.03529852013388164,0.017168036930354996,0.48322147651006714,0.0027637224577783817,0.0,0,0.004208535142650302,0.021360029577429284,0.0,212293000.0,4511232000.0,0.0,17.76881248574403,377.67309683360196,377.67309683360196,359.9042843478579,-1333094000.0,-9614641.125148728,1969523000.0,1092418000.0,Consumer Cyclical
2012-12-31,PHM,2012,Q4,USD,6962616640.0,8206264640.0,5.237040650531026,24.213841632537445,24.455213000241386,138.7013376151441,21.01999492943463,3.2170635182201925,5.769432433352627,4.437036108178342,-1.5588908827242283,1.147013453615293,0.9960518126653182,4204406000.0,4384720000.0,0.008722665938466167,0.012730100182421766,0.008920358970722204,0.026827535056375182,0.020250367261972605,0.01825435343024342,0.008436770690853374,0.048194955625188635,0.009869935203654088,0.43166860240030974,0.002134698519304184,0.0,0,0.005443002592270668,0.022162004119440918,77596000.0,194303000.0,4342308500.0,8.913582043260671,12.031007589180936,284.38930751067215,293.3028895539328,281.27188196475186,-908085000.0,54227843.7310839,2040368000.0,1555998000.0,Consumer Cyclical
2013-03-31,PHM,2013,Q1,USD,7730667360.0,8706103360.0,7.4874723157739025,32.17095321853522,32.82324579063648,96.84639316543561,10.850716383376346,3.2165521334383267,3.3098505418164916,5.324978435476474,-1.442337622453335,0.9928597449908926,0.997492641447727,4205389000.0,4390350000.0,0.012128807274614194,0.01243422346397735,0.012397258113819087,0.03593120678176149,0.017172366457762017,0.01729586333255916,0.010576318471941081,0.034310362566162725,0.019872884487473208,0.7327973838397602,0.004625218016505612,0.0,0,0.0061414432606668986,0.021654049366420312,93538000.0,177485000.0,4163421500.0,2.4678952419940208,16.80905128129241,391.24946621624474,393.71736145823877,376.9083101769464,-710194000.0,82945521.96721312,2129542000.0,1637029000.0,Consumer Cyclical
2013-06-30,PHM,2013,Q2,USD,7364783790.0,8294043790.0,6.482649032141076,128.6995700209481,141.0407745808251,179.36558011288685,20.096018684717027,2.920870902383701,1.769640552489222,3.583897406800683,-1.04845299165259,0.950091312288025,0.995687863674148,3807412000.0,3983861000.0,0.005644059277733374,0.013802797941881903,0.005771705945869871,0.0156415966738467,0.019352549629343296,0.020369147027287492,0.0049447480114008895,0.007984755788737146,0.0875009698192257,0.7280826339573918,0.004407458993201618,0.0,0,0.006740543776799211,0.022115934064145786,134739500.0,192223000.0,4147933000.0,16.713445602780006,18.07284814941188,363.89877658489627,380.61222218767625,362.5393740382644,-870454000.0,436657715.15783983,2185517000.0,1665484000.0,Consumer Cyclical
2013-09-30,PHM,2013,Q3,USD,6317569500.0,7139330500.0,4.512628644099722,32.468474429815586,33.589262190187625,36.78303957381255,4.233851813305993,2.921959117009361,0.09636116472178252,39.662181941484924,-0.671086206491278,13.060084019184762,0.9990222593242726,3902119000.0,4069154000.0,0.2624749215583383,0.024673456537316504,0.2667528923176522,0.5080240488814332,0.3662226746474361,0.028041372024059645,0.3611965012810702,0.03364395120623525,0.03336744207199218,0.9114285714285715,0.004637571598871864,0.0,0,0.003669224905472423,0.01603720477834465,267258500.0,192176500.0,4167016500.0,16.891063525312912,12.681794027673831,298.0791405824877,314.9702041078006,302.28841008012677,-609213000.0,2190123274.3672805,4352262000.0,1730364000.0,Consumer Cyclical
2013-12-31,PHM,2013,Q4,USD,7738135230.0,8321638230.0,5.027150468876767,25.511941744894017,26.364249986535334,38.921079800568734,2.7290980692958167,3.1130429034865426,1.482306535243782,12.629528896076895,-0.257976224008171,0.9467902934343,0.9992776927442516,4059914000.0,4220086000.0,0.025194572610043136,0.026277229023750185,0.025593525002049897,0.047333893746375526,0.03124852586144755,0.033610048403119784,0.028437471491435797,0.04079031841887312,0.032328180853868654,1.247486099609606,0.006370296356214648,0.0,0,0.005382583265421766,0.015588020484665753,234893500.0,171756000.0,4064762500.0,9.398588446233672,11.79679137665789,281.19666462747597,290.5952530737096,278.7984616970517,-267862000.0,60325060.769296974,4512804000.0,1896082000.0,Consumer Cyclical
2014-03-31,PHM,2014,Q1,USD,7368787290.000001,7950502290.000001,7.105679617550904,86.98960884502605,108.12449565489386,55.890660100807736,4.089356138093932,3.0805950134723217,1.2215613681016855,7.297235584147556,-0.09030745512264611,0.5754024102315637,0.9983645828534574,3823033000.0,3978106000.0,0.00895884539750229,0.015661886058830753,0.00910368729815449,0.016041592920164244,0.011818736567936196,0.020539949707857302,0.010153502476796286,0.009978711164561244,0.1954680730010066,3.1507936507936507,0.015966659933827513,0.0,0,0.007616449815621497,0.01591024558604528,191393000.0,172705500.0,4006427500.0,16.885326045183906,19.195231176577423,433.82822581416025,450.71355185934414,431.5183206827667,-508184000.0,299627560.7133793,4531190000.0,1973156000.0,Consumer Cyclical
2014-06-30,PHM,2014,Q2,USD,7581611520.0,8284731520.0,6.441311815466958,-484.0908916676405,-256.73168639603347,102.49321456848773,8.698535233570864,2.9518641720342997,-0.4086437440305635,5.558927730825363,-0.45732000787083327,0.6187851834340509,0.9970096046196453,3816359000.0,3973251000.0,0.004946065681106785,0.008503249379992457,0.005022945072152663,0.0090296685413075,0.006794656977185952,0.01098063941912422,0.005523891574966901,-0.0042563510297082595,-0.8855907444197733,1.1452319782378722,0.011783667538235109,0.0,0,0.006433745637298464,0.015305640404490858,215764000.0,197635000.0,4115707500.0,15.506788670698741,19.874047255709336,384.80671082415313,400.3134994948519,380.43945223914255,-735390000.0,46757613.39223711,4508446000.0,1942305000.0,Consumer Cyclical
2014-09-30,PHM,2014,Q3,USD,6596557460.0,7263388460.0,4.554633845960902,56.94408175425117,61.19835919990563,30.652511447127985,2.8141197422338884,2.980844795662606,0.9075598562737913,10.33240967767048,-0.14153443757010797,0.6248443946507327,0.9990672387602271,3992567000.0,4135724000.0,0.016314659512957297,0.026085967429655847,0.016557487036575617,0.029837111809186845,0.021096246195203838,0.0337623996883191,0.021305810015638065,0.01799211190377473,0.0695162011085588,0.8902610441767068,0.005560206305162332,0.0,0,0.002817413660662497,0.014665723311871819,228989500.0,236568000.0,4314461000.0,13.339904999294548,18.888689685321125,326.5263755074575,339.86628050675205,320.9775908214309,-548145000.0,-34438782.67712334,4584069000.0,2103919000.0,Consumer Cyclical
2014-12-31,PHM,2014,Q4,USD,7930178180.0,8596118180.0,4.716515412138001,80.02791237641276,85.52330249124482,29.33238078339174,2.272375187248984,3.40156032108034,0.49478106258118604,13.110146930212034,0.5313666167838866,0.8127246181491464,0.9991583908432924,4336387000.0,4489688000.0,0.02533371609013923,0.0320271321291744,0.02570298574700505,0.04518149393313651,0.032782857841676685,0.04068419972571453,0.027375803553508552,0.012674620635068757,0.06425605600759678,0.6274545454545455,0.0037869871833912465,0.05718559145200946,0,0.004390534836496198,0.014366800048077989,206433000.0,247149000.0,4411950500.0,8.715480503490426,15.315957743557465,282.72692811111983,291.44240861461026,276.1264508710528,-565428000.0,-122444136.96091646,4681839000.0,2377585000.0,Consumer Cyclical
2015-03-31,PHM,2015,Q1,USD,8152808040.0,8986511040.0,7.929521661557684,-353.8414395401032,-225.1468417096758,84.2088049701547,7.812279205749787,3.3366203516070922,-0.46200724018118644,6.603448933966065,0.20496907958598273,0.573780074108867,0.9980519209934161,4214471000.0,4396622000.0,0.00651833775331914,0.010786172427371073,0.006612340686326104,0.011592380757968061,0.007936183327374339,0.013831402806554339,0.006742584853009736,-0.004895736512398003,-0.5716029452297515,1.3123305008135961,0.012809517002588904,0.0,0,0.007306110131668811,0.014216287010340573,201393000.0,254547500.0,4512575000.0,17.97080732516955,27.825620479235265,475.42083587970774,493.3916432048773,465.56602272564203,-873617000.0,173539296.87385836,4622104000.0,2326841000.0,Consumer Cyclical
2015-06-30,PHM,2015,Q2,USD,7274331349.999999,8516821349.999999,6.652254331241881,-51.397181453900274,-48.861881253442256,56.42259435430979,8.231299727719001,3.0960674929117946,-1.6037513065696256,9.064586805009073,-1.0457135417676569,0.6163923472948869,0.9987606875800638,3875306000.0,4090235000.0,0.012665427467370503,0.020201984890702268,0.012849180560683602,0.022431218044838556,0.01637314307381794,0.026562859103740465,0.014203917175150403,-0.023961515033268318,-0.05188707711247632,0.796775090353072,0.006715660736504436,0.0,0,0.00497855565648747,0.014300763573620647,113146000.0,260333000.0,4760805000.0,0.0,22.928354158178973,449.24322950011185,449.24322950011185,426.31487534193286,-1416794000.0,444810209.6082373,4489594000.0,2172455000.0,Consumer Cyclical
2015-09-30,PHM,2015,Q3,USD,6607273890.0,8064732890.0,5.352413437690601,-144.76535012296037,-121.01395330342271,39.582288192160824,7.153313439282243,3.118591358449264,-0.5169393227982592,9.508721451032317,-1.726977526581693,0.601134563466387,0.9988689484563653,4318454000.0,4534442000.0,0.012244281650404053,0.023277054664355753,0.012404153801424424,0.023573558957958967,0.017544068847007176,0.029184927823549058,0.0163106603107685,-0.010086308076446336,-0.1962699025292143,0.9214562615877296,0.0072566927294363285,0.0,0,0.00364029263041506,0.012888597930961926,0.0,310999500.0,5064746000.0,0.0,29.233948710167716,411.31264404500615,411.31264404500615,382.0786953348384,-1524102000.0,-334324969.68361634,4458165000.0,2126842000.0,Consumer Cyclical
2015-12-31,PHM,2015,Q4,USD,6213816180.0,7812301180.0,3.7893844961360634,-77.1075059466822,-69.31452230542641,19.814546796492767,4.054279924214563,3.6382815982630343,-0.4443182416194502,14.171191771788894,0.2503355329381501,0.6108166026010206,0.9994832774666138,4894511000.0,5091038000.0,0.025429121371760958,0.040950347739946415,0.025745558993535582,0.04791162612345238,0.0310443066679451,0.051155720404371725,0.03669677270691326,-0.018138290019387087,-0.1124293060394603,0.9110613452771334,0.005525245097563673,0.045444668000240586,0,0.0022375520704996247,0.012290959456505738,248814500.0,319838000.0,5345495000.0,21.723904603546327,15.457724002136798,315.31597796090125,337.03988256444757,321.5821585623108,-1711193000.0,-346800112.395698,4649110000.0,2541865000.0,Consumer Cyclical
2016-03-31,PHM,2016,Q1,USD,6507618650.0,8697899650.0,6.071501621552195,-135.773151790453,-118.30336021871004,65.17819412804988,16.412992326599124,4.031998815271532,-0.7690516206482593,8.599736487411638,-1.9620761036758048,0.7046602319541844,0.9985302440301722,5712213000.0,5875398000.0,0.008462454335255418,0.012826464171341326,0.008605109658331693,0.017450409309510556,0.010680074587845792,0.01515634642560642,0.012800381288476392,-0.011297834730988731,-0.14766944522493833,0.7214214901243041,0.0066034798803276335,0.0,0,0.00653018544190962,0.01657797851979178,248814500.0,299555000.0,5826268500.0,0.0,26.73335266260752,499.5392384265971,499.5392384265971,472.8058857639896,-2263803000.0,-730626389.11964,4610342000.0,2526236000.0,Consumer Cyclical
2016-06-30,PHM,2016,Q2,USD,6728727599.999999,9292130600.0,5.16254143253511,-35.567419446209435,-34.05731826211891,45.04314521992884,12.425969732517668,3.867916717861533,-2.218529211956522,10.349222417567342,-2.262240760050979,0.6211625698913388,0.9990198454939241,5438571000.0,5599943000.0,0.01238658949731652,0.02057193661198842,0.0126004688367379,0.024441083518727338,0.01624495289972432,0.02615249805307181,0.017501079996164508,-0.04054823084233638,-0.04433999096664549,0.8522660388463802,0.006435863046790014,0.0,0,0.004195200437354229,0.016973919160673926,0.0,336389500.0,6415971500.0,0.0,21.83218607749528,424.63536907191843,424.63536907191843,402.80318299442314,-2836241000.0,393525536.2379998,4656745000.0,2645981000.0,Consumer Cyclical
2016-09-30,PHM,2016,Q3,USD,6817026840.0,9651681840.0,4.9676550526145125,736.7696061068702,2686.2459894238796,39.08402142969949,11.478799094542554,4.049388285749803,0.10196933136140733,10.803083646200383,-1.9972396236010712,0.6050344973744319,0.909614709082653,5887271000.0,6045513000.0,0.013014190705150933,0.023995762745975095,0.013226208627560795,0.027497671248827064,0.017714852526460528,0.02927907847128509,0.01884545902712039,0.0005270626160538925,0.7257251908396947,0.7035447346999186,0.004893188292788377,0.0,0,0.0014962131447497434,0.01603013595052926,174506000.0,359635000.0,6789853000.0,16.167069414098993,22.348621505369287,410.46217547221187,426.62924488631086,404.28062338094156,-2831062000.0,-303458377.13989687,4513790000.0,2618411000.0,Consumer Cyclical
2016-12-31,PHM,2016,Q4,USD,5991420500.0,8734175500.0,3.5033703317746174,22.95531373033436,23.49526149856621,19.775387224369382,6.209978513321062,3.8826916040824186,1.3928389701764083,16.41679327752519,-1.741853669759951,0.6602807205822281,0.9996110002367825,5987927000.0,6220163000.0,0.026838930262718358,0.0415650443606927,0.027253405229039865,0.058628615113267626,0.03381570265302147,0.05143611899765461,0.04559386208996681,0.06204572020942279,0.02298113465410028,0.6341286532743491,0.003507311042815347,0.06295310455589435,0,0.0009686820869623814,0.015208190053251067,392726500.0,324664000.0,6860448500.0,15.755499827923554,13.071074970326459,326.6818224219401,342.43732224986366,329.3662472795372,-2371013000.0,177667305.19601375,4504571000.0,2546290000.0,Consumer Cyclical
2017-03-31,PHM,2017,Q1,USD,7483153800.0,10335780800.0,6.34553237051426,259.6734115518931,346.756828932801,67.89136100893326,18.73769705727798,3.903000770040452,0.4349199064664875,9.748784595084915,-2.342458521632951,0.657150037697914,1.0016830778747186,5835856000.0,5987198000.0,0.00922484788042594,0.013914811940526038,0.009367752934856664,0.01963844472650529,0.011616653981662822,0.01767732376970949,0.012229870245350296,0.003983213601730329,0.25113684898123256,0.7567567567567568,0.006136927901534109,0.0,0,0.008693981193839987,0.015254998228975969,390910000.0,319042500.0,6899495000.0,19.083727686410107,26.45234468366802,506.33460420580604,525.4183318922162,498.9659872085482,-2822820000.0,246648226.89117867,4508803000.0,2585471000.0,Consumer Cyclical
2017-06-30,PHM,2017,Q2,USD,7661086950.0,10716580950.0,5.303017127480273,78.4965240289182,82.6724443981578,79.0920768294033,22.5506033432968,3.704962855890164,1.3550669975186105,10.162625242078386,-3.1280846260986506,0.8221253886264046,0.9989077363242882,5694431000.0,5842323000.0,0.010267018503643885,0.013699514515580763,0.010424122704368119,0.02267078187633579,0.014135838735383299,0.01753714046176427,0.013150744882225883,0.016920183891138318,0.05051163540209342,0.5381613859840799,0.003412432218981555,0.0,0,0.0033203915587828067,0.015071215600560814,355159000.0,387435500.0,7059249500.0,16.252851528518253,22.023938574345713,383.01884618016413,399.2716977086824,377.24775913433666,-2925867000.0,248202164.80207592,4296110000.0,2430734000.0,Consumer Cyclical
2017-09-30,PHM,2017,Q3,USD,8159043539.999999,11439614540.0,5.37066314431937,150.21882972437066,164.60587564930862,40.45182583912078,11.600485862600603,3.6702112485462033,0.4289367406597987,13.955251350811658,-3.8339725596071523,0.661844032969368,0.9930366860400548,5840756000.0,5985198000.0,0.01780505570554761,0.02729882668178719,0.018066767635168502,0.04085973001678909,0.022258030557130975,0.034692409055468776,0.02175978092647855,0.008517787613129959,0.08740299134636849,0.5255013421759039,0.003124854754816741,0.0,0,0.0026450468282207813,0.014485819207164102,364836500.0,424586000.0,7230158000.0,15.4111583042217,24.541386458081124,409.697695907184,425.10885421140574,400.5674677533246,-3211074000.0,38468928.626015365,4200643000.0,2401948000.0,Consumer Cyclical
2017-12-31,PHM,2017,Q4,USD,9714785500.0,12886873500.0,4.613069824599964,31.385621702979556,32.04932540817469,26.76790706852502,6.588887273331533,3.875888712418313,5.303924354767871,9.206548747896187,-3.014262049326771,0.1893866187828274,0.9996796267039701,6004430000.0,6216128000.0,0.007991927858643376,0.04150286922552022,0.008109970848523052,0.01863613756871045,0.01015526770326429,0.05368349753256996,0.007968781194396932,0.041390002898159715,0.02070881981889829,0.6907953529937444,0.0030437896917800498,0.05606006965313398,0,0.002569483994777984,0.014555291515156584,339091000.0,337785500.0,7258641000.0,10.09835131339722,9.66173982032221,294.9878701440449,305.08622145744215,295.4244816371199,-2769993000.0,-82428190.35293944,4013034000.0,2559659000.0,Consumer Cyclical
2018-03-31,PHM,2018,Q1,USD,8454281670.0,11638130670.0,5.907401665809685,68.8593816451989,75.77647992968063,49.04209562216351,13.4164696661315,3.8648198341684674,0.9898214358920299,14.135838758335165,-3.0481760341561936,0.7616318228653246,0.9945523669255919,6007722000.0,6145264000.0,0.017591598116499484,0.022899860382929054,0.017844458473758557,0.03994495932656117,0.02222530121723281,0.02918116148773735,0.02019698499115656,0.01816653454367342,0.09128291906539733,1.2975609756097561,0.007831102389582624,0.0,0,0.004289645209642388,0.014170245492791092,349450500.0,340197000.0,7306079000.0,17.60869664528527,26.712331773404422,446.799277249932,464.40797389521725,437.69564212181285,-3030264000.0,164856283.87847862,4137115000.0,2673052000.0,Consumer Cyclical
2018-06-30,PHM,2018,Q2,USD,8201685000.0,11104327000.0,4.321217236728331,29.33237269823995,30.76519235990669,26.200944282161515,6.848858225542337,4.135023928610873,1.1680983677373569,20.139542482529173,-1.8406069911243848,0.7920644231004228,0.9942338953645184,6330024000.0,6464116000.0,0.033017827990940114,0.04176586472749089,0.03347513666293308,0.07159479109782112,0.04141703760520186,0.05228998601285586,0.03951492894447909,0.044007786204907896,0.046572751598783844,1.4368022166082635,0.006861053452474625,0.0,0,0.003000713695878387,0.013661144287406057,377543500.0,422817000.0,7482346500.0,12.945781683777467,18.597131236610885,349.26565556210994,362.2114372458874,343.6143060092765,-2541704000.0,-1693431.1239827275,4392620000.0,3060291000.0,Consumer Cyclical
2018-09-30,PHM,2018,Q3,USD,6948315390.0,9475835390.0,3.57664263450199,20.273589938339487,20.875194722511058,23.524914076464746,6.274875868917577,4.185479005106638,1.6143112725966553,19.57873540228986,-0.8491405310258952,0.7526488998877012,0.9857627535593116,6594104000.0,6724746000.0,0.0287948977034494,0.0387230295768796,0.029173944156837897,0.06122699718622472,0.03626331233840174,0.04818091455898282,0.04166981257308759,0.06532921643903675,0.028819122033042502,1.0727938834023574,0.005084235247225185,0.0,0,0.0020227480838812,0.01299263655783942,359709000.0,432581500.0,7494559500.0,11.882299387853546,20.874467806493918,335.6103290475709,347.4926284354244,326.6181606289305,-2073592000.0,28722717.287776053,4598236000.0,3337953000.0,Consumer Cyclical
2018-12-31,PHM,2018,Q4,USD,7250274360.0,9516664360.0,3.1731205041428403,21.88926488853723,22.537771957163223,22.503184796513622,5.359124905711239,4.4904149963916,1.8294452299198816,18.194271258896414,0.37091345119800406,0.7212609752618433,0.8032623826461331,6906540000.0,7126667000.0,0.023360813984029845,0.0329381132818695,0.023656590665298,0.04932747060784402,0.029915987211781576,0.040654921859936105,0.0327779320064241,0.05823972708254864,0.028774231537109788,0.9841095028319697,0.004171181834853209,0.08046213093709885,0,0.002256972808962539,0.01250292932962783,348590000.0,375950500.0,7371403500.0,10.424833702882484,10.86221888454569,275.41531360682126,285.84014730970375,274.97792842515804,-1844136000.0,-16379239.296369255,4690590000.0,3530062000.0,Consumer Cyclical
2019-03-31,PHM,2019,Q1,USD,7743295930.0,9934390930.0,4.975422325815736,62.516225827360316,69.54956930530177,43.56233689980267,9.607958780969085,4.416575373209789,0.9529375078707341,15.496400573621282,0.38565735114556055,0.7695186499494701,1.008671569540123,6926577000.0,7123619000.0,0.016336975681020004,0.02102283811945568,0.016537456783761822,0.033801370605778244,0.020152944215228983,0.026189026369344417,0.021535661494471642,0.018446795949848195,0.10112706014133875,1.2165026495079485,0.008048307877074744,0.0,0,0.004516968807923902,0.012122849683796046,337195500.0,365195000.0,7379948000.0,14.739146178205663,26.200119243394116,442.6346696892465,457.37381586745215,431.17369662405804,-2048256000.0,142426386.75514415,4809697000.0,3680025000.0,Consumer Cyclical
2019-06-30,PHM,2019,Q2,USD,8886062240.0,11229264240.0,4.511583733931703,76.49310454288458,84.24306985956068,33.19488191839377,6.926750679165078,4.311444073012194,0.6090291693114449,18.95390145914967,0.3916689559446525,0.751430905055241,0.9870152248027668,6792497000.0,6996889000.0,0.023875995897989378,0.03159405075330964,0.024192778630068516,0.047544413426388814,0.029959367223404417,0.03986975651633861,0.027125738430569448,0.015000570151306975,0.09199528613565303,1.016407014374953,0.005425906544233894,0.0,0,0.0033286661028491533,0.013094102869416455,335363500.0,412342500.0,7654517500.0,12.429114679276895,17.96735895699822,368.56943110425294,380.99854578352983,363.0311868265316,-2209906000.0,378074038.4193331,4937615000.0,3817986000.0,Consumer Cyclical
2019-09-30,PHM,2019,Q3,USD,9977857600.0,12234412600.0,4.51393542936099,44.156395856642725,46.43340405263338,31.60750711106174,5.829791796379494,4.315677856589036,1.0145219403597165,20.669833393601657,0.8824699991208533,0.7458882522272536,0.9809198752638855,6927711000.0,7128703000.0,0.026606620304343714,0.036115235473390295,0.026944172118152854,0.052706581297794194,0.033544261540987615,0.044972234702481295,0.027371005976272907,0.026406770928460634,0.04903814920417223,0.9842086200651937,0.005012977956843451,0.0,0,0.001507177077626076,0.012527822800750509,363812500.0,385103000.0,7816275500.0,12.747497108323047,16.96210174978221,340.6865262805743,353.43402338889734,336.4719216391151,-1993072000.0,143420216.13236248,5053000000.0,3934170000.0,Consumer Cyclical
2019-12-31,PHM,2019,Q4,USD,10508708400.0,12382408400.0,4.10433061874837,25.026847897486686,25.80700696945445,27.196391797863367,4.115344742760754,4.370222790243254,1.4734006754060476,23.71027673501359,1.5094335094501243,0.7702654656142548,0.9872101159649365,7299242000.0,7605976000.0,0.03133731139758242,0.041586626571548005,0.03170715931714949,0.061521972525640414,0.03930214781952688,0.05102415929835962,0.03195425995453447,0.045658132449464484,0.030230513476094713,1.0919909469226838,0.0049577167124143125,0.06882697644910543,0,0.002313291765456942,0.011664492421654155,257979500.0,386966000.0,7755336500.0,3.9397688962194137,14.928825953208802,298.53119881011656,302.47096770633595,287.54214175312717,-1393892000.0,-32642540.65021068,5333188000.0,4207629000.0,Consumer Cyclical
2020-03-31,PHM,2020,Q1,USD,6026400000.0,7935554000.0,3.457787867432396,38.78285560687144,43.01672846332314,25.9960492694752,6.254189870929699,4.662745362245743,1.004437659232933,18.647158134198094,1.812487037037037,0.7723083455599407,0.9092002716201729,7937356000.0,8192109000.0,0.01783282242181688,0.025468753719402767,0.018115984238432963,0.03683482777257521,0.023522710111815656,0.030457666613405775,0.03380309969467676,0.03061131023496615,0.09842386921779928,1.3293946795167997,0.008775239871371429,0.0,0,0.0050017865079434246,0.015630495858754166,247960000.0,406906500.0,7769139000.0,14.268908661513391,22.165600276932743,405.306288069655,419.5751967311684,397.4095964542356,-1724678000.0,-419048853.56126004,5351838000.0,4211424000.0,Consumer Cyclical
2020-06-30,PHM,2020,Q2,USD,9131065720.0,10499512720.0,4.047956523700344,17.404709303000214,17.89740513082758,21.537859611767193,2.807122593032487,4.666816678206016,1.7304142045780506,25.249206130643923,3.853872557057885,0.7628296160469488,0.9700850346634062,7626392000.0,7876599000.0,0.0318127916404503,0.04085898316131828,0.032324590740936146,0.0595761755451608,0.03928570653939507,0.05149997550301876,0.03817955216732357,0.06424770316952663,0.02752889730247639,1.013301604734883,0.006402622272273565,0.0,0,0.0020059519288636936,0.015833119267855,379071000.0,362486500.0,7721201500.0,13.681155039689164,13.735152184295895,352.8463921746196,366.52754721430875,352.79239503001287,-781797000.0,670116557.7789497,5678161000.0,4599415000.0,Consumer Cyclical
2020-09-30,PHM,2020,Q3,USD,12422523270.0,13383263270.0,4.529089008740229,29.046502724887304,29.70269760350131,26.128418308080068,1.8756723303482354,4.843422313209738,1.106523341906882,28.49152892499126,5.4035830200139365,0.8600297004959033,0.9776944466320553,8059622000.0,8301588000.0,0.03663855644098181,0.04332733203613572,0.037189828729477174,0.06673028830860182,0.044876641373677244,0.05218033906015204,0.03351959911442372,0.036270731010673324,0.022092097067192184,0.5988351570773032,0.0034447201769771947,0.0,0,0.0028183151226904486,0.01482320051822161,397177500.0,318763000.0,7600105000.0,12.184959036628959,14.033816997334913,312.2445456823307,324.42950471895966,310.39568772162477,-510166000.0,-513111.9283222556,6071549000.0,5031606000.0,Consumer Cyclical
2020-12-31,PHM,2020,Q4,USD,11537230320.0,12119148320.0,3.796293942762775,23.499609902330153,24.032196522621994,22.182388508275967,1.065118671306016,4.623193816468863,1.1771377573263397,30.077577089356446,5.692117872186156,0.8364887828162291,0.9904575677576987,8579136000.0,8945578000.0,0.03589456161477393,0.04448285400576653,0.03638169275339886,0.06668367329077719,0.04457590041545912,0.05328929847138446,0.03797367200345533,0.043709624061661276,0.022161379206037418,0.65141065830721,0.0035801066482727684,0.07497768894076269,0,0.002453668332830571,0.013389457767311092,300310000.0,384546500.0,7668634500.0,5.654046861212212,16.116920915842467,291.58140204235673,297.23544890356897,281.1185279877265,-77630000.0,-71066077.60190934,6406564000.0,5311465000.0,Consumer Cyclical
2021-03-31,PHM,2021,Q1,USD,13917943080.0,14641113080.0,5.363455693128155,82.83608912123475,90.37947282648955,30.97284810073026,1.5298450629141034,4.323331033774539,0.5812033264607523,25.48306725398836,6.303753292113622,0.7717433232162253,0.8649723640482389,7799283000.0,8026715000.0,0.026569446224582575,0.03832086767209109,0.02694238281241348,0.045489085413701814,0.0384363868364126,0.04980462503547126,0.021849995955005735,0.011639363594810735,0.0834634621042388,0.860576362151441,0.005404076722357133,0.0,0,0.004260399422519892,0.013842004637358123,347801000.0,415690000.0,7848504500.0,16.32154622826436,18.205880661718197,358.89436459502633,375.2159108232907,357.0100301615725,-561174000.0,1133823018.784323,6526842000.0,5385643000.0,Consumer Cyclical
2021-06-30,PHM,2021,Q2,USD,14302742430.0,15038433430.0,4.476411684056242,58.900334599718,63.04761945288754,22.9566715312199,1.123056913746281,4.108662773583864,0.5071921080494797,33.871847590247015,6.662390928618575,0.7872091550386021,1.0041754735291624,8110725000.0,8344589000.0,0.04166513546575821,0.05398975278608109,0.04220116835600218,0.07234336638466973,0.05277970104243286,0.06704660471059273,0.03519597744724261,0.01667687166761067,0.065780197399342,0.9195182042157131,0.00499927965127978,0.0,0,0.0029686106556840275,0.012701849525162184,538099500.0,423195000.0,8177081000.0,15.568908796708065,16.24957041004846,308.1628383953094,323.73174719201745,307.482176781969,-497166000.0,191333810.8567524,6805004000.0,5596245000.0,Consumer Cyclical
2021-09-30,PHM,2021,Q3,USD,11854110240.0,12822213240.0,3.685550147310329,110.38691805056949,134.1656716542848,20.014068679174603,1.5111026129304155,4.027064323949308,0.24425874094993366,33.862903705292645,6.3894176573812596,0.7665175160621661,0.9957595290220274,8390317000.0,8618171000.0,0.03782649030759273,0.050421290839073506,0.038282813946904026,0.06658716236576123,0.048614001362975945,0.06342190536326014,0.040116802558097346,0.008062182489033442,0.17723426052670094,1.1686534968210718,0.005917419985340826,0.0,0,0.0019649042123568218,0.011919804012949247,591279000.0,466271500.0,8648195500.0,15.55790230091548,17.432963394531917,316.79645313476954,332.354355435685,314.9213920411531,-872533000.0,195011139.2774362,6991898000.0,5731985000.0,Consumer Cyclical
2021-12-31,PHM,2021,Q4,USD,14383513760.0,15259591760.0,3.501064287775911,33.47899446243495,35.06750965761153,17.611197328012132,1.0110875032170725,3.897392907185077,0.6872004402463571,42.0134694032025,6.375834538778236,0.7749162594036572,1.0075052292944071,8815118000.0,9185507000.0,0.04967290715964517,0.06604043236042287,0.05022555398014253,0.08855900548967456,0.06433950023955223,0.08302768132528952,0.04611279351256379,0.030253316905785057,0.04529877401293561,1.2195510927347903,0.0047371171841696265,0.06814639153591624,0,0.0019056761433483276,0.011003299649335026,445700000.0,512211500.0,8982504500.0,5.988053847166884,15.181169783639236,257.3564492776755,263.3445031248424,248.16333334120316,-440929000.0,229805133.93004227,7342592000.0,5994433000.0,Consumer Cyclical
2022-03-31,PHM,2022,Q1,USD,10298852400.0,11580092400.0,3.6328390975698133,55.76306376585479,65.43164425358798,18.736164229744315,2.0729992670626363,3.683680472306898,0.4566868181288389,35.43191634946548,4.971426508161239,0.7580068445539454,0.996698677477238,8462192000.0,8677294000.0,0.03454229032591323,0.045517361380986464,0.03492459142906166,0.06133910784777124,0.04569445086532662,0.060282372373848224,0.044152783469350435,0.01718443891865078,0.14776612444983772,1.8964217291885546,0.009626633078335996,0.0,0,0.005212360965800449,0.01094647317277716,400133500.0,581263000.0,9458729000.0,14.407244915085416,25.079656574913518,393.6475089095713,408.0547538246567,382.97509724974316,-1104260000.0,794650159.6001287,7269162000.0,5864420000.0,Consumer Cyclical
2022-06-30,PHM,2022,Q2,USD,9365678640.0,11175826640.0,2.8464842572409967,-106.1100295282132,-81.46002478242488,12.623203108410328,2.044579483588226,3.6351380830069995,-0.16143064060021306,45.119208430750014,4.40706454588538,0.7546326336815977,0.9959049817538428,8733762000.0,8945899000.0,0.047621824749407606,0.06462994241934063,0.048118227606624944,0.08423716007403796,0.06300722221671495,0.0835864547901986,0.06966233041709403,-0.014648591444730586,-0.3026024704955233,1.851673251220079,0.008117547156451578,0.0,0,0.003317468912578263,0.010316316329760088,532032000.0,689664000.0,10299666500.0,12.694510652322636,24.95354209436103,356.7418768395398,369.4363874918625,344.4828453975015,-1947342000.0,368888719.0127381,7603879000.0,6092989000.0,Consumer Cyclical
2022-09-30,PHM,2022,Q3,USD,8661262500.0,11132318500.0,2.82272765767977,-27.401416060334558,-25.751611164572424,13.042695092961106,2.895104911490998,3.960302784631987,-0.6469977449643908,46.49945128664808,0.3168482943450796,0.7739995094154031,0.971603184716427,9373334000.0,9581205000.0,0.044183428976563494,0.059888120526594486,0.04461847645533488,0.07691422945336987,0.05856790796247554,0.07566917969587798,0.0724984377277562,-0.04991143034863566,-0.06406608445656561,1.403807777358287,0.006599699377455743,0.0,0,0.0025051878688052386,0.00975038847879276,276894500.0,674932500.0,11251260500.0,0.0,19.563863481976313,384.28994938041143,384.28994938041143,364.72608589843514,-2903352000.0,-778697.6322513819,8025432000.0,6491836000.0,Consumer Cyclical
2022-12-31,PHM,2022,Q4,USD,10344416000.0,11923550000.0,2.305681387050028,12.262094157597097,12.57340651576744,10.209961167459443,1.352189307564853,4.329880421111182,1.1021954567454555,58.54809801349709,7.367511003521127,0.7580508929683841,1.0130251877745677,10105298000.0,10514850000.0,0.059624242600369075,0.07775131299223097,0.06017655352298763,0.0989703052400815,0.06477067688181064,0.09587994404249288,0.08528572323464176,0.09167409740675549,0.024759587449904412,1.2682258744205648,0.004655625637886072,0.06784080722778339,0,0.0006708076648042359,0.009178174725602617,108664000.0,582666000.0,11549547000.0,3.782264611095921,13.864973580805282,277.4591218353311,281.241386446427,267.3764128656217,-630819000.0,133831526.43762112,8778293000.0,7257614000.0,Consumer Cyclical
2023-03-31,PHM,2023,Q1,USD,13120401560.0,14208460560.0,3.973682078262331,19.97343226009604,20.66309479730958,19.81847678294952,1.5176642071052961,4.467895269283189,1.336507226744874,46.78643753960169,8.205894894881556,0.7580719590042756,1.0062067295221635,10266860000.0,10408690000.0,0.035888172928105797,0.04710418749679564,0.036055748662522,0.057455739858194396,0.04480456610301968,0.05878363812399767,0.04056727971060666,0.0524088380112049,0.033376536476197975,1.2405559329118554,0.006640208007459362,0.0,0,0.0034925206417534644,0.004647684228795253,108664000.0,527366000.0,11378947000.0,0.0,17.30908436992884,404.8541985069247,404.8541985069247,387.5451141369959,-400434000.0,362809790.34555244,9194879000.0,7660172000.0,Consumer Cyclical
2023-06-30,PHM,2023,Q2,USD,17257388800.0,17877450800.0,4.267964905068406,24.18437234092923,24.903049247647942,18.65055354557101,0.6468763170962748,4.720595422914904,1.0261957811881806,56.45390584080612,10.388130176449407,0.7558606230974814,1.015482432819774,10702955000.0,10906468000.0,0.047310454096817556,0.06244697151321834,0.04771949447126387,0.0742239200826376,0.05744179075230339,0.07599521525133777,0.04174125114455322,0.04159852966863677,0.028858992309409307,1.0631946174931473,0.0050929238367600094,0.0,0,0.0036937007266840513,0.008571766716695402,0.0,516088000.0,11383462500.0,0.0,16.660021876031507,347.50744388007627,347.50744388007627,330.84742200404474,97820000.0,271999345.14639366,9574512000.0,8058742000.0,Consumer Cyclical
2023-09-30,PHM,2023,Q3,USD,16164226400.0,16722546400.0,4.1769473112873055,36.53117325416538,38.418259678916364,19.676014566505273,0.6569282087787315,4.697083048919226,0.7166232241399554,54.95492744501205,10.76913298028293,0.753882267966775,0.9998583960520819,10967859000.0,11165649000.0,0.04064161807307035,0.05360367142626166,0.04097502830934894,0.06379774643717888,0.0490344245379688,0.06504254924341825,0.03951782066106176,0.026928353342044256,0.049119518700806754,1.0935752152132678,0.005616289412376518,0.0,0,0.002607946531226294,0.008136912896348429,0.0,555490000.0,11460247500.0,0.0,18.098412896377305,369.4372999467824,369.4372999467824,351.3388870504051,-123044000.0,372037465.872156,9884611000.0,8229722000.0,Consumer Cyclical
2023-12-31,PHM,2023,Q4,USD,22130264780.0,22877080780.0,5.328117131989272,79.31918527969822,86.72853983273814,23.316860077929835,0.7611724740327314,9.869057143627671,0.4056551892915964,60.11293985834273,12.46945298252324,0.7509289008024773,0.9998711639597018,13812439000.0,14236595000.0,0.044196605344050024,0.06040199642105145,0.04454346012243495,0.06847494962322516,0.04964210693043652,0.0661075993711078,0.032127631868307,0.011919333212785897,0.08543156113696093,1.1700460610665273,0.005738704487461955,0.058416238670483775,0,0.0022822063828181697,0.007786884481617202,104599500.0,593286500.0,11690408500.0,4.385057289226048,18.30136050287524,348.73527271652165,353.1203300057477,334.81896950287245,-483038000.0,-2137076386.6741023,10257989000.0,9666020000.0,Consumer Cyclical
2024-03-31,PHM,2024,Q1,USD,25087855910.0,25812955910.0,6.536315548116561,107.6495219090276,119.66453222135172,30.909314612648018,0.8682594935572057,4.285464655908196,0.36168277584708947,59.81138935222697,12.597780368868516,0.7632318455337809,1.0670529618282727,10655051000.0,10854279000.0,0.040189546338769526,0.04996783626448903,0.04049078810385219,0.061603688475502544,0.04688058044737908,0.061423774075611656,0.026426172183799026,0.008598223808915364,0.10040577679357096,1.1431555956507289,0.006096486341399184,0.0,0,0.004199627262506457,0.007439760478606324,104599500.0,597041500.0,11963710000.0,0.0,18.63411014477726,393.1165994841419,393.1165994841419,374.48248933936463,-509389000.0,3775687989.7115383,10639225000.0,8163862000.0,Consumer Cyclical
2024-06-30,PHM,2024,Q2,USD,22260177810.0,23075448810.0,5.01677817358041,55.26352058301581,59.73267413386071,21.560621130025535,0.7617511275308126,4.278367066162039,0.516049895381847,68.21357722649184,13.629577135439781,0.7718436877570799,0.9998884044603878,10551349000.0,10745379000.0,0.048907738477154565,0.06236765593434854,0.04926576545227946,0.07209710070273763,0.05729236696910506,0.07731911647902773,0.03634890102434451,0.01735439866192156,0.07481924450309302,1.4311039853412735,0.006792031141466045,0.0,0,0.0027173777163722063,0.007267256924520806,0.0,613325500.0,12227955000.0,0.0,18.27892202044332,345.72404912805894,345.72404912805894,327.44512710761563,-428959000.0,903514305.7114675,11102593000.0,8448580000.0,Consumer Cyclical
2024-09-30,PHM,2024,Q3,USD,29678272220.0,30428387220.0,6.797601081418712,66.74062822424987,72.9396680985301,32.77508317535545,0.8079653166738475,4.2922183155954645,0.6532610035047298,65.17099117609811,14.009841662878312,0.7701578907874235,0.9998675958495712,10831846000.0,11022278000.0,0.04116249907918523,0.053224495585889584,0.04145031991652374,0.06035118861958008,0.052294077761609464,0.0652389905068856,0.023515991592316488,0.014056478655751072,0.08498859449026144,1.7545734468393408,0.008656175064371757,0.0,0,0.0022703805920101724,0.006943754304385119,0.0,678121500.0,12495353000.0,0.0,19.97181194907571,359.0083008472161,359.0083008472161,339.0364888981404,-332943000.0,400845418.9468945,11446481000.0,8731102000.0,Consumer Cyclical
2024-12-31,PHM,2024,Q4,USD,22465721302.2,23106907302.2,4.694813984941264,40.709126516798506,42.54397161305765,19.545716793802733,0.5423676913681126,11.081974412742424,0.6215349979578183,76.5028283801277,17.082608814897846,0.7721462584803945,1.0213443568325344,15082422000.0,15544647000.0,0.05259453264825142,0.06748540802175923,0.052945903216100154,0.07533754431212632,0.05639688477093625,0.07297874737896609,0.04065033068448905,0.024175943104342387,0.04312820422473177,1.0121139455079176,0.004973796140187907,0.024592455515204416,0,0.0031376770340245854,0.006636407096779655,126714000.0,352695497.5,12666329500.0,4.634188265498312,0.01836236149662121,319.472299884758,324.1064881502563,324.0881257887597,-98056000.0,-3356715139.07086,12006731000.0,11336602000.0,Consumer Cyclical
2025-03-31,PHM,2025,Q1,USD,20772076400.0,21588933400.0,5.546076169190655,160.8377790028906,206.351755844851,27.671095542413592,1.0469867905326598,4.828952171087178,0.25674876960361437,59.530777066537155,16.44355720740561,0.7675386889862098,0.06718521378256767,11287460000.0,11400327000.0,0.03015589149072716,0.04496778400445944,0.03035350345300792,0.04250062515384963,0.06784629653180181,0.054223260573528165,0.02516835534073041,0.005036665472691984,0.22056500879101232,1.200178368736825,0.007605615711661721,0.0,0,0.004656724853249072,0.006510351023785246,126714000.0,341435497.5,12812656000.0,0.0,22.57825432171865,428.94651752500357,428.94651752500357,406.3682632032849,-712235000.0,16250934798.397385,12188105000.0,9199810000.0,Consumer Cyclical
2025-06-30,PHM,2025,Q2,USD,0.0,-421733.0,0.00010857224755527754,0.0,0.0,0.001189804436226775,0.001189804436226775,-0.2837419637713301,0.0,,0.0,0.7675549344752228,0.0,-503594.0,-503594.0,4686.7046214108595,-0.08981315499192606,4686.7046214108595,0.0,1905.2710483548378,1545.9277672092996,,0.0,0.0,0.0,,0.0,0,,0.0,0.0,341071500.0,6479482979.5,0.0,0.0,-0.017681065828464185,-0.017681065828464185,-0.017681065828464185,,,-111308.0,-111308.0,Consumer Cyclical
