date,symbol,fiscalYear,period,reportedCurrency,marketCap,enterpriseValue,evToSales,evToOperatingCashFlow,evToFreeCashFlow,evToEBITDA,netDebtToEBITDA,currentRatio,incomeQuality,grahamNumber,grahamNetNet,taxBurden,interestBurden,workingCapital,investedCapital,returnOnAssets,operatingReturnOnAssets,returnOnTangibleAssets,returnOnEquity,returnOnInvestedCapital,returnOnCapitalEmployed,earningsYield,freeCashFlowYield,capexToOperatingCashFlow,capexToDepreciation,capexToRevenue,salesGeneralAndAdministrativeToRevenue,researchAndDevelopementToRevenue,stockBasedCompensationToRevenue,intangiblesToTotalAssets,averageReceivables,averagePayables,averageInventory,daysOfSalesOutstanding,daysOfPayablesOutstanding,daysOfInventoryOutstanding,operatingCycle,cashConversionCycle,freeCashFlowToEquity,freeCashFlowToFirm,tangibleAssetValue,netCurrentAssetValue,sector
1991-03-31,MHK,1991,Q1,USD,121481477.074074,,,0.0,0.0,,,0.0,0.0,,,1.0,0.021333333333333333,,,0.0,0.0,0.0,0.0,0.0,0.0,0.01317073218515767,,0.0,0.0,,0.0,0,,0.0,,,,,0.0,0.0,,,,,,,Consumer Cyclical
1991-06-30,MHK,1991,Q2,USD,121481477.074074,,,0.0,0.0,,,0.0,0.0,,,1.0,0.021333333333333333,,,0.0,0.0,0.0,0.0,0.0,0.0,0.01317073218515767,,0.0,0.0,,0.0,0,,0.0,,,,,0.0,0.0,,,,,,,Consumer Cyclical
1991-09-30,MHK,1991,Q3,USD,121481477.074074,,,0.0,0.0,,,0.0,0.0,,,1.0,0.021333333333333333,,,0.0,0.0,0.0,0.0,0.0,0.0,0.01317073218515767,,0.0,0.0,,0.0,0,,0.0,,,,,0.0,0.0,,,,,,,Consumer Cyclical
1991-12-31,MHK,1991,Q4,USD,121481477.074074,181881477.074074,2.4218572180302798,0.0,0.0,-0.8902666523449535,-0.2956436612824278,2.3323353293413174,0.0,1.4749946849428872,-2.874374964070313,1.0,-0.00783162016642193,44500000.0,79300000.0,0.013781223083548665,0.0,0.013781223083548665,0.08376963350785341,-2.3375286041189933,-2.47037484885127,0.01317073218515767,,0.0,0.0,,0.0,0,,0.0,,,,32.35685752330226,0.0,0.0,32.35685752330226,32.35685752330226,,,19100000.0,-19100000.0,Consumer Cyclical
1992-03-31,MHK,1992,Q1,USD,136974159.98499998,197074159.98499998,3.079283749765625,197.074159985,-89.57916362954545,51.861621048684206,15.81578947368421,1.9020501138952164,0.0,1.4510391192066836,-2.76502868545772,1.0,1.0,39600000.0,76000000.0,0.016246953696181964,0.016722408026755852,0.016246953696181964,0.10638297872340426,0.023837902264600714,0.025252525252525252,0.014601294143501368,-0.016061423557851506,3.2,1.7777777777777777,0.05,0.0,0,0.0,0.0,29850000.0,28850000.0,47100000.0,45.984375,73.65344467640918,91.50313152400835,137.48750652400835,63.83406184759917,-62300000.0,5500000.0,18800000.0,-20800000.0,Consumer Cyclical
1992-06-30,MHK,1992,Q2,USD,102222220.0,123722220.0,1.5861823076923076,247.44444,-137.46913333333333,16.496296,2.8666666666666667,2.1596009975062342,0.16129032258064516,,-0.72875,-0.07692307692307693,0.8813559322033898,46500000.0,82700000.0,-0.0032388663967611335,0.047850770478507706,-0.0032388663967611335,-0.006980802792321117,0.041922618501879526,0.07074340527577938,-0.003913043563327034,-0.008804348017485827,2.8,1.0769230769230769,0.017948717948717947,0.0,0,0.0,0.0,33700000.0,19600000.0,49950000.0,40.03846153846154,0.0,79.17525773195877,119.21371927042031,119.21371927042031,-22400000.0,-3482692.307692308,57300000.0,20400000.0,Consumer Cyclical
1992-09-30,MHK,1992,Q3,USD,130061718.382716,144061718.382716,1.851693038338252,14.4061718382716,15.490507352980215,15.325714721565532,1.4893617021276595,2.1662269129287597,2.3255813953488373,3.2316170472476893,-0.3275581380113575,0.6056338028169014,0.922077922077922,44200000.0,79400000.0,0.03640982218458933,0.06374172185430464,0.03640982218458933,0.0698051948051948,0.0577866205909559,0.09600997506234414,0.03306122703489846,0.07150451428478038,0.07,0.4117647058823529,0.008997429305912597,0.0,0,0.0,0.0,34100000.0,18700000.0,49150000.0,38.753213367609256,57.83505154639175,72.83505154639175,111.588264914001,53.75321336760925,-4700000.0,7963380.281690139,61600000.0,25600000.0,Consumer Cyclical
1992-12-31,MHK,1992,Q4,USD,225617274.38271603,341017274.38271606,2.5698362802013266,51.66928399738122,81.19458913874192,25.449050327068363,8.611940298507463,2.4462444771723124,1.1785714285714286,4.40050360133235,-3.958953469958356,0.6043956043956044,0.8425925925925926,98200000.0,207800000.0,0.019798416126709864,0.054559232129325584,0.021301316808675447,0.06159014557670773,0.031394208059300176,0.05145307289185326,0.024377566013275717,0.018615595864683275,0.36363636363636365,0.9230769230769231,0.01808590806330068,0.0,0,0.0,0.07055435565154787,46900000.0,18700000.0,71650000.0,40.89675960813866,0.0,86.49350649350649,127.39026610164515,127.39026610164515,-111200000.0,-47153846.15384615,70300000.0,-21800000.0,Consumer Cyclical
1993-03-31,MHK,1993,Q1,USD,466666680.0,572366680.0,4.073784199288256,27.784790291262137,36.690171794871794,52.033334545454544,9.60909090909091,1.881188118811881,9.80952380952381,2.1615966321217286,-4.050833333333333,0.6,0.5555555555555556,89000000.0,199500000.0,0.006503561474140601,0.02097552855002497,0.006503561474140601,0.02359550561797753,0.016897630755476085,0.028391167192429023,0.004499999871428575,0.033428570473469414,0.24271844660194175,1.0638297872340425,0.03558718861209965,0.0,0,0.0,0.0,69400000.0,49600000.0,99000000.0,50.2846975088968,85.27220630372493,87.50716332378224,137.79186083267905,52.51965452895412,-90100000.0,12680000.0,89000000.0,-43900000.0,Consumer Cyclical
1993-06-30,MHK,1993,Q2,USD,453968263.952381,556668263.952381,3.547917552277763,-56.22911757094758,-32.74519199719888,37.868589384515715,6.98639455782313,2.105369807497467,-1.65,4.868083482136773,-3.737124943943126,0.6,0.9523809523809523,109100000.0,235700000.0,0.016094420600858368,0.030185424752048298,0.016094420600858368,0.0418702023726448,0.022834360275462123,0.038307187157971545,0.013216782926106415,-0.03744755162396818,-0.7171717171717171,1.6904761904761905,0.04525175270873168,0.0,0,0.0,0.0,85100000.0,98050000.0,104850000.0,52.600382409177826,74.47480785653288,82.92912040990608,135.52950281908392,61.05469496255104,-119700000.0,-16700000.0,143300000.0,-21700000.0,Consumer Cyclical
1993-09-30,MHK,1993,Q3,USD,609999960.0,849199960.0,3.9151680958967265,151.64285,1698.39992,37.74222044444444,10.63111111111111,1.960808328230251,0.7777777777777778,5.206534355979993,-7.883333333333334,0.5413533834586466,0.8807947019867549,156900000.0,375100000.0,0.01244382993432423,0.0317426949758251,0.01244382993432423,0.04780876494023904,0.01944442457237289,0.03635925836744522,0.011803279462510129,0.0008196721848965367,0.9107142857142857,0.6891891891891891,0.02351313969571231,0.0,0,0.0,0.0,116850000.0,127550000.0,138950000.0,58.92116182572614,89.43467336683416,96.10552763819095,155.02668946391708,65.59201609708292,-238700000.0,-37325563.90977444,150600000.0,-107800000.0,Consumer Cyclical
1993-12-31,MHK,1993,Q4,USD,684999960.0,933499960.0,4.248975694128357,72.929684375,-301.1290193548387,38.895831666666666,10.354166666666666,2.1511976047904193,1.7297297297297298,5.432080632685785,-7.83,0.592,0.7267441860465116,153800000.0,374700000.0,0.013183680741136647,0.030178085796999737,0.013183680741136647,0.04639498432601881,0.023537679149329638,0.04021510404489128,0.010802920338856664,-0.004525547709521034,1.2421875,2.338235294117647,0.07237141556668183,0.0,0,0.0,0.0,127500000.0,143450000.0,167150000.0,46.29039599453801,71.23616236162361,90.94095940959409,137.2313554041321,65.99519304250849,-251600000.0,4182400.0,159500000.0,-114400000.0,Consumer Cyclical
1994-03-31,MHK,1994,Q1,USD,726666720.0,1090666720.0,3.334352552736166,272.66668,-64.15686588235295,30.380688579387186,10.139275766016713,2.1918801353310777,-10.0,,-8.448125,-0.06557377049180328,0.25523012552301255,246600000.0,565200000.0,-0.00048449612403100775,0.034465354387482876,-0.00048449612403100775,-0.0017414018284719198,-0.002511157049758212,0.038629384192662035,-0.0005504586751956935,-0.023394493695816976,5.25,1.75,0.06420055029043106,0.0,0,0.0,0.0,140250000.0,165050000.0,214500000.0,46.08682360134515,78.50151580770897,103.17453443048939,149.26135803183453,70.75984222412556,-381000000.0,-103367213.1147541,229700000.0,-142400000.0,Consumer Cyclical
1994-06-30,MHK,1994,Q2,USD,583333350.0,986433350.0,2.6624381916329285,-77.06510546875,-26.66036081081081,24.477254342431763,10.002481389578163,2.4064711830131444,-1.032258064516129,5.227451577967987,-7.059,0.6009615384615384,0.7428571428571429,278200000.0,609100000.0,0.014381040036815463,0.03304224687278735,0.014381040036815463,0.051461506792918894,0.02486247499545372,0.04170390229371462,0.02142857081632655,-0.06342856961632658,-1.890625,1.967479674796748,0.06531713900134953,0.0,0,0.0,0.0,175450000.0,196900000.0,268150000.0,44.550607287449395,63.591626882115314,89.76863753213368,134.31924481958308,70.72761793746776,-440100000.0,-26673076.923076924,242900000.0,-150300000.0,Consumer Cyclical
1994-09-30,MHK,1994,Q3,USD,504567921.54321,914567921.54321,2.422054876968247,43.969611612654326,762.1399346193417,22.41588042998064,10.049019607843137,2.569667738478028,1.5522388059701493,5.601146396021004,-7.012443977519075,0.6536585365853659,0.7243816254416962,292900000.0,631700000.0,0.01522381276982504,0.03235394992568881,0.01522381276982504,0.05228248146703082,0.026460501480998218,0.04080161476355248,0.026557375980257307,0.002378272475843938,0.9423076923076923,1.568,0.05190677966101695,0.0,0,0.0,0.0,187450000.0,186750000.0,268050000.0,45.64353813559322,57.96230440967283,84.65504978662874,130.29858792222194,72.3362835125491,-408800000.0,-3301463.414634146,256300000.0,-144400000.0,Consumer Cyclical
1994-12-31,MHK,1994,Q4,USD,421851855.0,821251855.0,2.2680250069041703,73.9866536036036,-391.07231190476193,26.664021266233767,12.967532467532468,2.803703703703704,1.4605263157894737,4.281135573960742,-6.641193980289597,0.6972477064220184,0.6022099447513812,292200000.0,631500000.0,0.008890968647636874,0.02086455331412104,0.008890968647636874,0.02878787878787879,0.0180727244540148,0.026125866050808313,0.018015803201813587,-0.004978050884711648,1.1891891891891893,1.0393700787401574,0.03645401822700911,0.0,0,0.0,0.0,185650000.0,168850000.0,258600000.0,44.68931234465617,51.40043763676149,82.94310722100657,127.63241956566274,76.23198192890126,-401500000.0,12820183.486238532,264000000.0,-136600000.0,Consumer Cyclical
1995-03-31,MHK,1995,Q1,USD,374259245.074074,873059245.074074,2.298734189241901,59.7985784297311,229.75243291423,27.62845712259728,15.784810126582279,2.167097966728281,3.395348837209302,3.375941713377334,-8.76662786620173,0.6142857142857143,0.41916167664670656,315700000.0,686500000.0,0.004223968565815324,0.017834258863733448,0.004223968565815324,0.015991074748977315,0.012775306884895926,0.02234113712374582,0.011489362137597795,0.010153389796016658,0.7397260273972602,0.7248322147651006,0.02843601895734597,0.0,0,0.0,0.0,199100000.0,185800000.0,292800000.0,51.75355450236967,67.72838641932097,104.86874343717186,156.6222979395415,88.89391152022054,-495000000.0,-9141428.57142857,268900000.0,-162900000.0,Consumer Cyclical
1995-06-30,MHK,1995,Q2,USD,500606044.530303,1001006044.530303,2.3290042916014495,86.2936245284744,-322.90517565493644,30.611805643128534,15.302752293577981,2.2655367231638417,2.0714285714285716,3.6570864362542364,-7.820803557462851,0.6153846153846154,0.47150259067357514,313600000.0,680400000.0,0.005633802816901409,0.01918489065606362,0.005633802816901409,0.020356234096692113,0.014814672666737031,0.02586437952291611,0.011186441037191706,-0.006192494145588266,1.2672413793103448,1.0970149253731343,0.03420195439739414,0.0,0,0.0,0.0,220700000.0,203650000.0,319950000.0,46.69613773848301,52.99142682180037,84.59889773423147,131.2950354727145,78.30360865091413,-503500000.0,12676923.07692308,275100000.0,-157500000.0,Consumer Cyclical
1995-09-30,MHK,1995,Q3,USD,592307711.923077,1036207711.923077,2.43641596972273,15.017503071348942,16.93149856083459,32.08073411526554,13.743034055727554,2.450927182270466,10.298507462686567,4.050012607833796,-7.382916633107954,0.6111111111111112,0.5510204081632653,320800000.0,666000000.0,0.0068013190436933225,0.01995520260639381,0.0068013190436933225,0.023182297154899896,0.015868809986457046,0.0261577472307487,0.011142856773840455,0.10332467190288423,0.11304347826086956,0.6141732283464567,0.018339995297437104,0.0,0,0.0,0.0,218150000.0,203950000.0,304400000.0,45.13754996473077,60.3921568627451,84.53781512605042,129.67536509078118,69.28320822803609,-382700000.0,9677777.777777776,284700000.0,-143800000.0,Consumer Cyclical
1995-12-31,MHK,1995,Q4,USD,541538480.923077,944638480.923077,2.2756889446472583,52.18997132171696,61.741077184514836,236.15962023076924,100.775,1.9307984790874524,-1.7745098039215685,,-6.80825754481095,0.6107784431137725,2.1973684210526314,244800000.0,562800000.0,-0.011289429994465966,-0.008111425369550136,-0.011289429994465966,-0.03710440160058203,-0.006614300609382545,-0.011865729898516784,-0.01883522659851177,0.02825283989776766,0.15469613259668508,0.2413793103448276,0.006745362563237774,0.0,0,0.0,0.0,195550000.0,208650000.0,300500000.0,38.54974704890388,58.27608346709471,86.446227929374,124.99597497827789,66.71989151118318,-387800000.0,80158083.83233532,274900000.0,-120800000.0,Consumer Cyclical
1996-03-30,MHK,1996,Q1,USD,481818180.0,838618180.0,2.1856090174615583,8386.1818,-147.12599649122808,26.28897115987461,11.184952978056426,1.9964664310954063,0.018867924528301886,3.8409462422521226,-7.253254744351905,0.6022727272727273,0.4861878453038674,282000000.0,592400000.0,0.005574253260412284,0.019522191662622014,0.005574253260412284,0.018454038997214484,0.016323953823953824,0.027103923330338425,0.011000000041509434,-0.011830188723887504,58.0,0.42028985507246375,0.015115976022934585,0.0,0,0.0,0.0,186350000.0,211700000.0,317550000.0,45.71540265832682,70.58012026883623,106.93668199504776,152.65208465337457,82.07196438453835,-362500000.0,-18298863.636363637,287200000.0,-98600000.0,Consumer Cyclical
1996-06-29,MHK,1996,Q2,USD,606458316.25,959658316.25,2.0220360645806994,71.08580120370371,330.91666077586206,19.07869416003976,7.021868787276342,1.8777742039240914,0.823170731707317,6.53515819876817,-6.9575609756097565,0.6051660516605166,0.7324324324324324,272900000.0,602300000.0,0.016484068750628203,0.03803258467389629,0.016484068750628203,0.05394736842105263,0.03273559051379987,0.054093567251461985,0.027042254282880405,0.004781862037826413,0.7851851851851852,0.7969924812030075,0.022334597555836493,0.0,0,0.0,0.0,211600000.0,225750000.0,331050000.0,43.29329962073325,60.104620749782036,85.3182214472537,128.61152106798696,68.50690031820491,-350300000.0,34191143.91143911,304000000.0,-107100000.0,Consumer Cyclical
1996-09-28,MHK,1996,Q3,USD,876092026.2126441,1276992026.212644,2.710084945273014,-96.74182016762455,-49.49581496948233,26.884042657108296,8.44,2.228715728715729,-0.8918918918918919,6.3953676714980014,-6.795405373264974,0.6040816326530613,0.7379518072289156,340600000.0,671100000.0,0.01444184231069477,0.03287616972817745,0.01444184231069477,0.04626445764301344,0.026826525152597154,0.0444087747458534,0.016893202491501457,-0.02944896110004984,-0.9545454545454546,0.8811188811188811,0.026740237691001697,0.0,0,0.0,0.0,243550000.0,232600000.0,327100000.0,49.431239388794566,60.949367088607595,84.92520138089759,134.35644076969214,73.40707368108454,-426700000.0,-45944489.79591837,319900000.0,-87100000.0,Consumer Cyclical
1996-12-31,MHK,1996,Q4,USD,767066684.1,1154566684.1,2.479206966072579,17.789933499229583,22.288932125482624,25.43098423127753,8.535242290748899,2.2739165985282095,5.150793650793651,5.876616350378428,-5.925908221797323,0.56,0.7120253164556962,311600000.0,636300000.0,0.013182674199623353,0.03190952236695951,0.013182674199623353,0.037815126050420166,0.02350066401062417,0.04443194600674916,0.016426212037593042,0.06752998282121585,0.20184899845916796,0.9492753623188406,0.02812969722997638,0.0,0,0.0,0.0,236950000.0,218350000.0,315350000.0,41.56968005153533,53.47402597402597,80.41027154663519,121.97995159817052,68.50592562414454,-335700000.0,47396000.0,333200000.0,-66400000.0,Consumer Cyclical
1997-03-29,MHK,1997,Q1,USD,712500000.0,1104000000.0,2.6744186046511627,66.9090909090909,113.81443298969072,29.83783783783784,10.58108108108108,2.460461285008237,1.9411764705882353,5.116473394829685,-6.208,0.6028368794326241,0.6438356164383562,354600000.0,670900000.0,0.008602368181358162,0.02253202325222491,0.008602368181358162,0.024839275277615428,0.01723740391640484,0.029384140614517645,0.011929824561403509,0.013614035087719299,0.4121212121212121,0.4503311258278146,0.016472868217054265,0.0,0,0.0,0.0,218250000.0,211800000.0,320800000.0,48.2703488372093,65.85582620144832,100.3982883475971,148.6686371848064,82.81281098335809,-381800000.0,-21497872.340425532,342200000.0,-48500000.0,Consumer Cyclical
1997-06-28,MHK,1997,Q2,USD,773738718.945946,1133738718.945946,2.365898829186031,34.9919357699366,42.62175635135135,20.501604320903184,6.509945750452079,2.414802765351769,1.6701030927835052,7.599913013993069,-5.279209860971637,0.6050156739811913,0.7896039603960396,347900000.0,654500000.0,0.019774590163934427,0.041138434906572985,0.019774590163934427,0.053329649074329924,0.03256412633738359,0.05533488563210519,0.024943820862799955,0.03437853030831497,0.17901234567901234,0.38926174496644295,0.012103505843071787,0.0,0,0.0,0.0,227850000.0,223850000.0,332450000.0,44.00459098497496,58.05953062392673,83.97252432741844,127.97711531239341,69.91758468846668,-333400000.0,40242633.22884013,361900000.0,-20300000.0,Consumer Cyclical
1997-09-27,MHK,1997,Q3,USD,936145903.0000001,1260845903.0,2.5176635443290736,16.417264361979168,37.30313322485207,21.96595649825784,5.656794425087108,2.151985559566787,3.6923076923076925,8.142393050774535,-4.964593301435407,0.6057971014492753,0.8194774346793349,319100000.0,641500000.0,0.02105157131345689,0.04276716781796018,0.02105157131345689,0.05429981813458041,0.03457708510170077,0.05881531153953618,0.022325579733910344,0.03610548301464926,0.5598958333333334,2.810457516339869,0.08586261980830671,0.0,0,0.0,0.0,244050000.0,240300000.0,321150000.0,45.611022364217256,62.24390243902439,77.14634146341463,122.75736382763188,60.51346138860749,-290900000.0,26604057.9710145,384900000.0,-11800000.0,Consumer Cyclical
1997-12-31,MHK,1997,Q4,USD,1338187500.0,1631387500.0,3.1603787291747385,45.56948324022346,27.32642378559464,28.721610915492956,5.161971830985915,2.1790193842645382,1.854922279792746,6.882553630542304,-3.778688524590164,0.6050156739811913,0.7453271028037384,310200000.0,630000000.0,0.020083246618106138,0.04381205855256423,0.020083246618106138,0.04754865730475487,0.03528365015178496,0.06132683765582462,0.014422493111017702,0.04461258231750035,0.6675977653631285,1.707142857142857,0.04629988376598218,0.0,0,0.0,0.0,246200000.0,270150000.0,303800000.0,41.600154978690426,67.0472955317481,68.50535667624771,110.10551165493814,43.058216123190036,-233500000.0,72694670.84639499,405900000.0,18200000.0,Consumer Cyclical
1998-03-28,MHK,1998,Q1,USD,1942834835.0625,2224034835.0625,4.836961363772292,107.96285607099514,222.40348350625,38.54479783470537,4.873483535528596,2.0586092715231787,1.401360544217687,6.1210397663574545,-3.6350876937888583,0.6049382716049383,0.6361256544502618,319700000.0,634500000.0,0.014641434262948207,0.03063613231552163,0.014641434262948207,0.03479289940828403,0.02467295660610927,0.04287749287749288,0.007566263346069306,0.005147117922496127,0.5145631067961165,0.6625,0.023053501522401043,0.0,0,0.0,0.0,253400000.0,275600000.0,304000000.0,52.49673771204871,70.66686338152847,84.10445559161995,136.60119330366865,65.93432992214018,-271200000.0,19008641.97530864,422500000.0,40200000.0,Consumer Cyclical
1998-06-27,MHK,1998,Q2,USD,1806218739.9375,2055218739.9375,3.7613812956396413,44.873771614355896,72.11293824342106,23.301799772534014,2.82312925170068,2.016118836915297,1.49185667752443,9.345112360652935,-3.266156007053794,0.6047430830039525,0.7441176470588236,321500000.0,637400000.0,0.029964747356051705,0.05638949239581276,0.029964747356051705,0.0673860383175512,0.04685322936163595,0.08101589103291713,0.016941469669979642,0.015778819790667312,0.3777292576419214,1.035928143712575,0.03166178623718887,0.0,0,0.0,0.0,272150000.0,275150000.0,322950000.0,45.47767203513909,65.92268041237114,76.36082474226804,121.83849677740713,55.915816365035994,-220500000.0,38722529.64426877,454100000.0,70800000.0,Consumer Cyclical
1998-09-26,MHK,1998,Q3,USD,1690443557.5,1991043557.5,3.454873429637342,88.88587310267857,-58.047917128279884,22.37127592696629,3.3775280898876403,2.060408646727865,0.691358024691358,9.975827315665684,-3.865808604496989,0.6052141527001862,0.7726618705035971,358100000.0,699000000.0,0.02883506343713956,0.05539263603779733,0.02883506343713956,0.06669402831931048,0.04382940857553685,0.07537370154547758,0.01922572324630839,-0.020290532533796236,2.53125,3.5660377358490565,0.09838625715773035,0.0,0,0.0,0.0,291600000.0,294850000.0,342750000.0,47.95939614783967,66.07786589762077,77.06560922855084,125.02500537639051,58.94713947876974,-334900000.0,-35337616.38733706,487300000.0,56000000.0,Consumer Cyclical
1998-12-31,MHK,1998,Q4,USD,2530589530.75,2884589530.75,2.7298093411091133,40.00817657073509,69.3410944891827,27.059939312851782,3.320825515947467,2.081248387928811,2.4194630872483223,10.425113928802697,-4.78162481131967,0.5539033457249071,0.6162657502863689,419200000.0,842100000.0,0.022382454559110712,0.0710189139719341,0.022382454559110712,0.050792568604056586,0.049448575602601894,0.09250821235562148,0.011775912149280119,0.016438857228525266,0.42302357836338417,1.5803108808290156,0.028863442793602725,0.0,0,0.0,0.0,319500000.0,334750000.0,384250000.0,28.268193432383836,41.5736040609137,47.078680203045685,75.34687363542952,33.773269574515815,-312400000.0,-23944237.918215603,586700000.0,62200000.0,Consumer Cyclical
1999-04-03,MHK,1999,Q1,USD,1728091315.5,2288591315.5,3.2270041109701073,309.2690966891892,-12.588511086358636,28.91935902927834,7.082654131442941,1.5910819218804009,0.26523297491039427,10.499942631940458,-7.553007982233564,0.6025917926565875,0.8317763725208394,342000000.0,933600000.0,0.01718297715095153,0.037629860241616186,0.01718297715095153,0.04320892055133963,0.02697158563170686,0.05320065065543967,0.01614498015802337,-0.10520277393292646,25.56756756756757,8.051063829787234,0.2667794698251551,0.0,0,0.0,0.0,346300000.0,372800000.0,455600000.0,45.7741116751269,67.87351778656127,88.75494071146245,134.52905238658934,66.65553460002808,-742300000.0,-54957330.45356372,645700000.0,-57400000.0,Consumer Cyclical
1999-07-03,MHK,1999,Q2,USD,1827431509.75,2390431509.75,3.022801605652504,74.00716748452012,-202.5789415042373,22.028175398785443,5.188127205875577,1.6341917993900372,0.7324263038548753,13.703753932875902,-7.354212006467237,0.6049382716049383,0.9031554691081185,374300000.0,979900000.0,0.02626876340243031,0.04899318697956094,0.02626876340243031,0.06384826987114521,0.03806744412946446,0.07431563476024251,0.02413223136665355,-0.006457150343004804,1.3653250773993808,1.5863309352517985,0.05576631259484067,0.0,0,0.0,0.0,366700000.0,387400000.0,513800000.0,42.416540212443095,63.11396468699839,84.84751203852328,127.26405225096637,64.15008756396799,-574800000.0,228802.46913580596,690700000.0,-23600000.0,Consumer Cyclical
1999-10-02,MHK,1999,Q3,USD,1211300676.75,1771600676.75,2.187431382578096,43.00001642597088,-553.625211484375,16.291030343365794,5.1523260411781475,1.6511938554015695,0.9135254988913526,14.046348827820562,-7.157572055736078,0.6053691275167785,0.8879618593563766,390000000.0,1010000000.0,0.026278988462883113,0.04942562592047128,0.026278988462883113,0.06244807532539463,0.038644502623950173,0.07509173901369373,0.037232704369493365,-0.0026417883366381106,1.0776699029126213,1.7903225806451613,0.05482158291147055,0.0,0,0.0,0.0,379000000.0,397550000.0,533100000.0,42.816397086060014,62.16016497680013,83.14830726929026,125.96470435535028,63.804539378550146,-563500000.0,15490469.798657715,722200000.0,-5100000.0,Consumer Cyclical
1999-12-31,MHK,1999,Q4,USD,1611512500.0,2207612500.0,2.846328648788035,24.393508287292818,9.917396675651393,21.35021760154739,5.764990328820116,2.4957264957264957,2.256857855361596,12.936956682842206,-8.013911620294598,0.6039156626506024,0.894878706199461,560000000.0,1184800000.0,0.023827916097213145,0.04365861551587185,0.023827916097213145,0.057906137184115525,0.03337842992080051,0.05670615208253726,0.024883455759728827,0.13813110354403085,1.4596685082872929,4.523972602739726,0.17031975244971634,0.0,0,0.0,0.0,361550000.0,371150000.0,516200000.0,39.198040226921094,55.5,80.67391304347827,119.87195327039936,64.37195327039936,-373500000.0,36110542.16867469,692500000.0,-56000000.0,Consumer Cyclical
2000-04-01,MHK,2000,Q1,USD,1244296125.0,1850290125.0,2.4184175115641047,29.445401269932205,41.320487840282276,21.370625483651146,6.999156858895138,2.2367692375418207,1.8483395593728857,12.981650922470733,-9.444871518224812,0.6050041820155535,0.8552187014884486,561889000.0,1188165000.0,0.019297837316228642,0.038150148057829646,0.019297837316228642,0.04989792039405223,0.029637221191019133,0.050257767443283516,0.027322274269720163,0.03598741416959729,0.2873897959833222,0.8651017964071857,0.02360397499356279,0.0,0,0.0,0.0,354564500.0,380400000.0,524033500.0,43.681025457368676,68.33982064319194,89.93855268267572,133.61957814004438,65.27975749685244,-561215000.0,40679404.783513956,681331000.0,-64160000.0,Consumer Cyclical
2000-07-01,MHK,2000,Q2,USD,1170091812.5,1783587812.5,2.0914295040618756,95.53740492259897,945.6987340933192,16.235836443493696,5.584597879022348,2.221203725967821,0.3955045230176048,15.918559450615929,-9.780616130470317,0.6049960267616826,0.8775292146078663,584059000.0,1206961000.0,0.026172169773397792,0.04987634832495946,0.026172169773397792,0.06826036783058623,0.039575776465608406,0.06708785686475131,0.04034127877465171,0.0016118393273519295,0.8989769136000857,0.8013273491214667,0.019679693436271704,0.0,0,0.0,0.0,383776000.0,432386000.0,564960000.0,41.81488682094915,64.92637771882946,84.25371195911569,126.06859878006483,61.142221061235375,-611610000.0,35781801.73540796,691514000.0,-49719000.0,Consumer Cyclical
2000-09-30,MHK,2000,Q3,USD,1158178312.5,1784799312.5,2.128526551136892,51.766323815186496,113.09081944620453,16.733382515633643,5.874883978211343,2.4257050743802395,0.8182357547998196,15.671500114927305,-9.415786202610317,0.6102389572773352,0.7930491908716075,635029000.0,1257901000.0,0.023115885540242003,0.048019311628891996,0.023115885540242003,0.057696389131932035,0.037647686859725055,0.06321050931253154,0.03638213524223628,0.01362657185829492,0.5422588317187772,0.9542670477746019,0.022296586580546063,0.0,0,0.0,0.0,395559500.0,427956000.0,584740500.0,42.385267270433175,61.25099635853693,88.23274935422737,130.61801662466053,69.3670202661236,-610839000.0,3058895.771180302,730323000.0,-12093000.0,Consumer Cyclical
2000-12-31,MHK,2000,Q4,USD,1433382375.0,2023210375.0,2.5307813522198637,20.064763621397546,25.009708332818274,20.99550013490515,6.120833506288656,1.7156579921664807,2.5682339157455045,15.59045758791152,-9.242174519203223,0.6099993785345845,0.8533057577324371,427192000.0,1077245000.0,0.021901763933771457,0.041725349190983266,0.021901763933771457,0.052046768121321384,0.03240005571644815,0.06308254698637389,0.027391155831674015,0.056437836414724996,0.1977210068032608,0.9523286362550752,0.024938675899784976,0.0,0,0.0,0.0,375484000.0,393404000.0,583711500.0,40.086110169480925,58.60286437095929,89.7303070158696,129.81641718535053,71.21355281439125,-508931000.0,254846643.1234852,754360000.0,-14167000.0,Consumer Cyclical
2001-03-31,MHK,2001,Q1,USD,1470296880.0,2052241880.0,2.7595654062281914,65.31226147285342,104.04268086185044,27.5291339807909,7.806312711273273,1.753923667485644,1.1549658163640373,13.17659792941474,-9.132971104447966,0.630001852537977,0.8055964928644715,472251000.0,1113920000.0,0.014640412295018891,0.029365185013539047,0.014640412295018891,0.034985610197085,0.023525364800542143,0.04351443716565603,0.018503745991761883,0.013415657931614464,0.37225510788619437,0.5585159719237931,0.015728475708063787,0.0,0,0.0,0.0,372557000.0,399012000.0,597951500.0,47.08159256027098,67.26332872513073,98.85429004805023,145.9358826083212,78.67255388319047,-562220000.0,-2041750.6947017387,777634000.0,17995000.0,Consumer Cyclical
2001-06-30,MHK,2001,Q2,USD,1839763252.266,2395567252.266,2.891981694005418,52.63363475559168,78.37872177287004,22.89407429748559,5.311734854783681,1.7428240696572472,0.9795119011750527,17.752653080406997,-8.054002602074005,0.6300047454409871,0.8826486040138342,467168000.0,1102726000.0,0.025138198961059757,0.045086428559288405,0.025138198961059757,0.05642713933372112,0.036159901511128335,0.06851991859052049,0.025256510555240596,0.01661300711510295,0.3284703607681153,0.7093376352249003,0.018047970176785604,0.0,0,0.0,0.0,390797000.0,407658000.0,620242500.0,42.650769966246074,57.764523533912765,91.11082226451371,133.7615922307598,75.99706869684702,-525240000.0,63852826.53379431,823469000.0,71123000.0,Consumer Cyclical
2001-09-29,MHK,2001,Q3,USD,1926141000.0,2383927000.0,2.7411983451118016,23.175297720313033,26.91908219379171,21.080841844630147,4.048158464871557,1.6741453812914238,1.8458736339655821,20.08781756082607,-6.446572349843548,0.6595847931067134,0.9142931347935244,438390000.0,1178439000.0,0.030376734300738773,0.05018149847771529,0.03231433046356425,0.06303574216054675,0.04284912662300867,0.07803154599704958,0.028931942157920942,0.045977423251984145,0.1390754872891654,0.6918798665183538,0.016449993445759637,0.0,0,0.0,0.059960894594743394,412601500.0,402317500.0,597697500.0,44.77418917147502,57.14242792628304,79.90413282734201,124.67832199881704,67.535894072534,-369227000.0,96099911.56140517,774054000.0,138205000.0,Consumer Cyclical
2001-12-31,MHK,2001,Q4,USD,3073280056.0,3381713056.0,3.367408305518159,22.32949735219154,24.244103752347907,28.404867169519715,2.5906983385690525,1.7722823835933323,2.558511986214586,20.070987978272214,-4.474558035714286,0.6577803953816578,0.922179068075382,449361000.0,1178231000.0,0.033471021806800734,0.05416742760366738,0.03567308978749101,0.06240360296916033,0.04772391194174552,0.08223582196213797,0.019260529115931634,0.04538668701138378,0.07897204284035234,0.5570304131153649,0.011909408831284702,0.0,0,0.0,0.06172910711710871,418763000.0,417785000.0,553811500.0,36.28461296412838,48.44655245610334,60.79113143705497,97.07574440118336,48.62919194508002,-168947000.0,62728184.3225283,839384000.0,211288000.0,Consumer Cyclical
2002-03-30,MHK,2002,Q1,USD,3260243040.0,4411440040.0,5.089868629645441,71.48663166423594,96.56845234446828,59.39893413044649,15.500578984219313,1.692997905162737,1.428141633881046,24.299013859607623,-20.18108596284282,0.6300027702042661,0.9235067593041417,581568000.0,2843184000.0,0.011687731722602871,0.027176900147177104,0.019013548418324467,0.024170086706899803,0.015038911280676817,0.02598752271388846,0.013253613141675473,0.014011838822911803,0.2597309998379517,0.7417623102554609,0.018492921507770765,0.0,0,0.0,0.3852945559946757,512072500.0,504667500.0,615597000.0,64.30559241268705,80.8532237412113,96.57960635777432,160.8851987704614,80.03197502925009,-1105515000.0,-79837954.26246956,363298000.0,-488518000.0,Consumer Cyclical
2002-06-29,MHK,2002,Q2,USD,4152351982.515,5173101982.514999,4.213491853382659,39.727999374217625,-8.36206896512344,37.19970072927378,7.3401983273768,1.9032795428866927,1.7242644137821446,26.402036983278055,-15.27815070015559,0.6304199014942816,0.8614081387572539,670751000.0,2936555000.0,0.020417857987765724,0.03760663004701133,0.0332024311576489,0.04041979466286151,0.02860839570890763,0.04704348908611892,0.018186801195562475,-0.14898520226729484,5.75097724497554,25.940557018151587,0.6099399957808898,0.0,0,0.0,0.38504930886478084,600097000.0,610023500.0,713438500.0,42.58463673704762,64.2371542302667,73.64482573509304,116.22946247214065,51.99230824187396,-1639389000.0,-721498917.2385007,444189000.0,-416959000.0,Consumer Cyclical
2002-09-28,MHK,2002,Q3,USD,3344541133.176,4290011133.176,3.5037574501009883,26.308595548867018,5.024179395736837,25.550685120939598,5.631082417124275,1.959472960554953,1.9993256498283472,27.9246414077201,-15.10176358793248,0.6495492338568379,0.8788196923249205,694337000.0,2962272000.0,0.022012586254872606,0.03859597086784612,0.03575624725997369,0.04298300811491367,0.030691394305081294,0.04792170889166752,0.02438600595787861,0.2553034828993585,4.236396528991507,27.60581841432225,0.5641998590333411,0.0,0,0.0,0.38437090182240785,575245500.0,657753000.0,734867500.0,41.86614211170669,69.38295618876917,75.63058842699147,117.49673053869816,48.11377434992899,-91597000.0,785052295.4349973,473341000.0,-389657000.0,Consumer Cyclical
2002-12-31,MHK,2002,Q4,USD,3777322716.327,4597749716.327,3.820391695660736,23.636142525405866,29.348587490916632,24.28239307257651,4.3329742005334175,2.105655818780302,2.310210092516716,29.221845213667674,-13.554257692945558,0.6492582197273457,0.7961056579682387,681869000.0,2961346000.0,0.023410346527399928,0.044619370092370526,0.03875604693016169,0.04246401318486907,0.03516791969577111,0.05466483089281226,0.022291185139160025,0.04147381935963717,0.19464122310072896,1.4318886619771576,0.03146053598077569,0.0,0,0.0,0.39595628600653426,535348000.0,655802500.0,710327500.0,37.476119174790355,65.90095260223049,70.88838289962825,108.36450207441861,42.46354947218812,-663767000.0,106814111.76824379,558726000.0,-315285000.0,Consumer Cyclical
2003-03-31,MHK,2003,Q1,USD,3181058633.645,3997913633.645,3.685681154630479,149.57773247699043,1936.9736597117248,38.72371354337382,7.912041610972278,1.9964892127551113,0.6418828049951969,20.65165030729844,-13.894864742671992,0.6349980937857416,0.8386300563989104,709591000.0,2985215000.0,0.011215681267792167,0.021395183901501108,0.01819527674386696,0.020775291572535902,0.016397783334314783,0.026059399420376408,0.01308998191972558,0.0006488406023610373,0.9227776114935649,0.9846301249550881,0.022737769828941243,0.0,0,0.0,0.3835938070261772,520923000.0,477507000.0,719827500.0,44.86388590551435,36.08227489415608,84.63590803524797,129.49979394076232,93.41751904660623,-814791000.0,22315405.9473885,580151000.0,-286673000.0,Consumer Cyclical
2003-06-30,MHK,2003,Q2,USD,3658649514.114,4503397514.114,3.610861225527009,184.53522021447304,-218.98358930775592,28.78361156173262,5.39923429440677,1.9296385573229524,0.3254517570180703,28.428053835176996,-13.375975169231703,0.6350033026777094,0.9078789556232125,721195000.0,3005882000.0,0.019746998250856008,0.034638868859891786,0.0316711923294767,0.0360620795823272,0.026367432607061123,0.043047407484876746,0.020495267368664256,-0.005620926497787297,1.84268972299623,1.7040812459737011,0.036056514651842834,0.0,0,0.0,0.3764996895150905,560417500.0,494792000.0,782400500.0,41.86290522386085,65.96879209946664,79.68869270338384,121.55159792724469,55.582805827778046,-865313000.0,52409609.57268432,649654000.0,-220980000.0,Consumer Cyclical
2003-09-30,MHK,2003,Q3,USD,4725663200.0,5498102200.0,4.219034413113909,54.2695482227991,60.67139184074332,29.653752224799096,4.1661129388921845,2.183766834080893,1.1086537830207261,32.02958429576717,-12.136783127075159,0.6349985060003196,0.9027941582394419,846385000.0,3143050000.0,0.023561565425229507,0.04153459981153562,0.03743881194803748,0.041715587903931164,0.031736386905060116,0.05038941760272513,0.019337391627909498,0.01917635602977377,0.10551667637275321,0.4110589863877567,0.008203099221434567,0.0,0,0.0,0.3706647139890188,591492500.0,486915000.0,816722500.0,41.6355475818123,29.63492774012022,79.64167412712622,121.27722170893853,91.64229396881831,-681818000.0,-8652698.149525061,752997000.0,-126461000.0,Consumer Cyclical
2003-12-31,MHK,2003,Q4,USD,4673980400.0,5686393400.0,4.150679384025151,36.23129718949709,46.366925692479555,27.938160021617904,4.974146952612573,1.7290599784603067,1.5365569501282528,34.681527189192735,-15.385473890733474,0.6349587228963597,0.9225757610515932,646483000.0,3259607000.0,0.024532282953951833,0.04336328853110106,0.04136080624052454,0.04445206525717414,0.031402553797855094,0.05321102037328646,0.021853322277517462,0.02623866373081068,0.21859608657699733,1.1760995509238628,0.025042500279198913,0.0,0,0.0,0.4068712584737875,588183500.0,473447000.0,831353000.0,37.67542998457654,57.97112277867529,75.64352786752828,113.31895785210482,55.34783507342953,-889774000.0,305478942.75910085,603762000.0,-332556000.0,Consumer Cyclical
2004-03-31,MHK,2004,Q1,USD,5486898150.0,6486591150.0,4.662382651421983,1989.1417203311867,-654.8143700787401,43.229819259042046,6.66244360175676,1.7828184087725027,0.04918032786885246,28.24415114755111,-14.733764576985998,0.6396399872664307,0.8708322482547737,743153000.0,3338772000.0,0.015412175216305522,0.028122251079428427,0.02541408512244808,0.027933003255978736,0.021215373962653904,0.03550310505655074,0.01208460557993044,-0.001805391630970952,4.03771849126035,0.42460496613995485,0.009464076115121461,0.0,0,0.0,0.3935577400465989,618770000.0,675591000.0,864942500.0,42.95642586114324,61.98930016513283,78.00092706150474,120.95735292264797,58.96805275751514,-1009599000.0,-2684895.555791363,680604000.0,-235978000.0,Consumer Cyclical
2004-06-30,MHK,2004,Q2,USD,4894190860.0,5878074860.0,3.9531990105695276,108.01115121001084,203.29511171059002,32.516331863718584,5.4426490681683655,1.7714861454847892,0.6243947773009936,32.87676732871136,-13.867324922837193,0.6386605114677218,0.9057362632986666,763411000.0,3363898000.0,0.01995343481217105,0.034756049316760934,0.032679662592363594,0.03549934832192897,0.026342458421628724,0.04459711407629989,0.01780845955811376,0.005907820276547205,0.4686977453556532,0.8474086378737542,0.017154297889053583,0.0,0,0.0,0.3894234753563931,681446000.0,714158000.0,911933000.0,42.3000895813886,58.84381806112541,76.23361732709388,118.53370690848249,59.689888847357075,-954970000.0,80563895.24437605,754171000.0,-159926000.0,Consumer Cyclical
2004-09-30,MHK,2004,Q3,USD,5292851910.0,6200175910.0,4.049358919766189,44.81320586024459,58.13682310029255,27.55364324377172,4.032156855774102,1.8694954860882305,1.227790250871884,38.207417612799574,-12.917045403410881,0.6378280778613596,0.9151291321778947,857666000.0,3458018000.0,0.025270846368270327,0.04374141860876106,0.04086353486058016,0.04403387443544561,0.03346054391489294,0.05559185377687872,0.02129041241208655,0.020149439624128837,0.22917690595275955,0.9919909898635966,0.020708617705646082,0.0,0,0.0,0.3815795316168704,708429000.0,747077000.0,963599000.0,42.203925154295796,63.49240270206639,81.56200083307677,123.76592598737255,60.27352328530616,-800676000.0,29138813.055758357,857570000.0,-56011000.0,Consumer Cyclical
2004-12-31,MHK,2004,Q4,USD,6085280000.0,6976621000.0,4.742629219364465,149.07628368127524,659.4159735349716,34.39571768046777,4.394435844089255,2.189735536012927,0.456709280765102,37.17914976642764,-10.981016074856045,0.6381123780225803,0.9291922231223239,968923000.0,3574250000.0,0.023272144875517757,0.03900121503611709,0.03790800492615393,0.038431001032502646,0.029173787900516394,0.04815649942765045,0.016838995083217206,0.001738621723240344,0.7739267933075493,1.2067368561338043,0.02462127263272028,0.0,0,0.0,0.3860889033634802,689328000.0,701070500.0,1009392500.0,40.4192257884701,54.65580545334925,89.29893028582568,129.7181560742958,75.06235062094655,-880761000.0,-7183418.83013767,966342000.0,46544000.0,Consumer Cyclical
2005-03-31,MHK,2005,Q1,USD,5631577200.0,6550078200.0,4.386540112588751,129.19031577286444,404.8255995055624,42.01596074280766,5.891792552679688,2.0374032700564695,0.7240931162524993,31.124321372479972,-11.514456469672474,0.637995444191344,0.8877295154897679,1011879000.0,3650960000.0,0.015087174651822828,0.02733923136579175,0.023799869002149195,0.0255165535087812,0.020307074130925966,0.03372678981414392,0.012433461801784411,0.0028730850036114215,0.6808741444941915,1.0699209669920966,0.023118464635533097,0.0,0,0.0,0.36608160950548024,700219500.0,689978000.0,1081865000.0,44.58882202378481,61.45180059899686,93.0224353191643,137.6112573429491,76.15945674395223,-902321000.0,33663376.76537587,1045106000.0,90348000.0,Consumer Cyclical
2005-06-30,MHK,2005,Q2,USD,5511907500.0,6395742500.0,3.936587673232834,61.45084503117824,162.961309144648,32.1973323869071,4.449386333202445,2.1298542555179854,1.1094541151890502,36.56457197991953,-10.751605274580534,0.6379444006201888,0.8797870112776331,1063925000.0,3735546000.0,0.020001283513945634,0.034398078633824714,0.03135127186686964,0.03317975055856052,0.02603553087987534,0.04281303878433581,0.017019697808789428,0.007120402510383202,0.6229114422698143,2.0583547639457724,0.03990417876126675,0.0,0,0.0,0.36202640840603556,757890500.0,757354000.0,1135446000.0,42.986165993308276,57.16069538369219,84.86799594027069,127.85416193357896,70.69346654988678,-844588000.0,21248216.841661453,1129363000.0,142681000.0,Consumer Cyclical
2005-09-30,MHK,2005,Q3,USD,5365916250.0,6170820250.0,3.63495326436676,35.617393349610104,50.66146915151266,28.044084030176332,3.6579894564624613,2.3684709508355053,1.5945679785001656,40.106525457328914,-9.157346892993345,0.6488972234996208,0.886390826989656,1156191000.0,3849888000.0,0.023079272709352658,0.037841150207868185,0.03610563453529265,0.036934327114158116,0.02908017256258092,0.04603178547908098,0.02024854562349906,0.022699757939755396,0.2969530109146739,1.6522576915665745,0.030305707826304137,0.0,0,0.0,0.360784736055724,793810000.0,553335500.0,1107557500.0,43.02842662199273,25.203144089660498,78.74456358577775,121.77299020777048,96.56984611810998,-683099000.0,10001983.313525379,1243269000.0,235057000.0,Consumer Cyclical
2005-12-31,MHK,2005,Q4,USD,5849144060.0,9022929060.0,5.00009645612676,38.64027416267328,65.85791177028743,41.056983609839556,14.441656125151297,2.104917286768581,2.7243676498039946,35.92973199737275,-53.68064002855146,0.6455286267303318,0.8030749318059478,1228573000.0,6835361000.0,0.010725364864744805,0.026038764193010055,0.020429687974843302,0.028314701762731573,0.015261459640724019,0.024032906521286312,0.014653767990798981,0.02342325622255233,0.41327817533221134,1.7730437818074922,0.053478676967289925,0.0,0,0.0,0.47501083335429306,830147000.0,375200500.0,1128441500.0,42.3262850426505,26.77953102491597,77.8232540148322,120.1495390574827,93.37000803256673,-3036779000.0,-7728233.442287117,-768940000.0,-2623916000.0,Consumer Cyclical
2006-03-31,MHK,2006,Q1,USD,5453766080.0,8619748080.0,4.47754465468395,82.4651099248034,146.36037762760213,37.68129991169553,13.840116456979986,2.1096375107815453,1.4697131608548932,33.234131553288236,-52.14675344858208,0.6615506255522999,0.6559142409137223,1258198000.0,6896147000.0,0.00882301894877302,0.018759606126391205,0.016753007155361998,0.02257182311587007,0.014174981330961125,0.021736717016144855,0.013040529967137863,0.010798776320087421,0.4365612383521803,0.7036220375310317,0.02370362982609789,0.0,0,0.0,0.47334715093528096,898447500.0,399980500.0,1176769500.0,44.33034336810544,25.21462686063388,75.09784149593277,119.4281848640382,94.21355800340432,-3107088000.0,98024809.0786475,-664694000.0,-2517822000.0,Consumer Cyclical
2006-08-07,MHK,2006,Q2,USD,4708048150.0,7761688150.0,3.7712460091063558,32.58735226571389,38.58580068007596,34.79875428725145,13.690690219462441,1.5024881820295315,1.867881173831893,44.795947323244896,-51.29320609221042,0.6656029316759117,0.8050214082360062,842939000.0,6635962000.0,0.014316687332763044,0.027186446280669387,0.026799094356410712,0.03495005317971409,0.020616764790276243,0.033438621251488505,0.02538482959228019,0.04272556133479646,0.15545740424299168,0.5306172167208839,0.0179906643091788,0.0,0,0.0,0.46577719596191147,967927500.0,424812500.0,1235278500.0,43.18806018882253,27.705112417234922,78.83621639507554,122.02427658389807,94.31916416666314,-2852486000.0,596472405.8956537,-468683000.0,-2407805000.0,Consumer Cyclical
2006-11-03,MHK,2006,Q3,USD,4754851920.0,7633004920.0,3.771212088424071,37.50235793528354,47.07517912979124,34.268676124629614,12.921581215767262,1.5210611183355007,1.5937451060231151,47.04399037019562,-48.41487209027532,0.6834275194794075,0.8389332854449133,851479000.0,6574583000.0,0.015508629945130577,0.026864543313618518,0.02915168656024799,0.03617276981368933,0.021411220200445846,0.033745846536846515,0.026858459979128013,0.034100956818020105,0.20335177415075614,0.6083039388594944,0.02044891871074333,0.0,0,0.0,0.468002308783103,973021000.0,788090500.0,1279683000.0,42.61691219301795,69.56173377267592,78.865351478659,121.48226367167695,51.920529899001025,-2716008000.0,170337645.68884322,-323330000.0,-2218536000.0,Consumer Cyclical
2006-12-31,MHK,2006,Q4,USD,5068321440.0,7788510440.0,4.1022516873012345,33.029594239283476,40.129792099256505,25.81952196570883,9.017639531645738,1.4907671126602133,1.8210068653419929,48.594990862756575,-45.84937743707905,0.6849491145293358,0.8242084979117075,783148000.0,6550969000.0,0.015833304191507525,0.02795022370938708,0.030123566384974296,0.03485379096984521,0.021946455596188987,0.034845337677290436,0.025549089877772237,0.03829334865548701,0.1769308408678394,0.5772295857660699,0.021974682317546564,0.0,0,0.0,0.47438812559042765,934218500.0,748256000.0,1250654500.0,43.138180148046395,24.8702283944557,82.0582722704676,125.19645241851399,100.32622402405829,-2526106000.0,255997518.19605184,-164470000.0,-2084220000.0,Consumer Cyclical
2007-03-31,MHK,2007,Q1,USD,5571687300.0,8222723300.0,4.411656489774194,92.63265965955817,128.8605930012067,33.64136476518167,10.846098771392217,1.6988468638383019,0.9821748655646285,41.21841278768238,-45.282850558124466,0.6750016804463266,0.78494169788424,1046389000.0,6788835000.0,0.010868901170423042,0.020683925077232622,0.020365326621955695,0.0234589810457725,0.015702129903481347,0.025018715231617125,0.016220939032238944,0.011452724563347264,0.2811405139297261,0.3379465373886196,0.013389396109048787,0.0,0,0.0,0.4663036163286786,929394000.0,396291500.0,1235473500.0,45.81293260287907,28.27021768501436,83.59791647860415,129.4108490814832,101.14063139646885,-2587225000.0,-99211238.35450697,-24850000.0,-1918990000.0,Consumer Cyclical
2007-06-30,MHK,2007,Q2,USD,6870551930.0,9376570930.0,4.742324249826776,41.54716055564171,49.28371061248732,34.26733519716405,9.158421956656799,1.8275466173027433,1.9579154665648748,47.30208417155851,-42.57888347734241,0.7120011365531554,0.8166185787498487,1154718000.0,6886485000.0,0.0138713192892062,0.02384925148083391,0.025982778981602558,0.02875352659005246,0.019228295386443602,0.028671521133185152,0.016777109200890646,0.027691661738156747,0.1569798613111195,0.4699795707198005,0.01791817763414104,0.0,0,0.0,0.466134115252723,958435000.0,436213500.0,1237199500.0,44.06677591151168,28.598406771642903,77.8869449888491,121.95372090036076,93.35531412871786,-2315762000.0,72777801.31938997,135345000.0,-1750909000.0,Consumer Cyclical
2007-09-29,MHK,2007,Q3,USD,5551245300.0,7933868300.0,4.094525713005831,27.607106494771823,31.74347255508388,39.50854173513799,11.86482516159232,1.9179419845306793,2.354572566241172,50.020260447169285,-41.44287942473016,0.7438008470702947,0.8171492027448285,1247910000.0,7140733000.0,0.014313541303855792,0.023853924380016413,0.02670213708543857,0.028733922008262292,0.019901999838985097,0.028016499004911613,0.02198677835403887,0.04502359137327259,0.1303060354576613,0.4951081495584113,0.0193262344549685,0.0,0,0.0,0.46395521609162244,963525000.0,458566000.0,1263465500.0,44.540565842501096,30.106787790509763,83.879159143112,128.4197249856131,98.31293719510333,-2132686000.0,94361623.30357417,291507000.0,-1672063000.0,Consumer Cyclical
2007-12-31,MHK,2007,Q4,USD,5080106400.0,7272336400.0,4.023939116943364,26.615196896501246,34.96382815054135,27.75277209586323,8.366012822469852,2.022055303342963,0.7207330776494669,92.80360893487334,-38.50222243376635,2.628428408996367,0.7992375337319289,1238220000.0,7183149000.0,0.043676476517992405,0.020975729955216474,0.08047690837434157,0.0805364878848152,0.06137213931684304,0.024163592665242917,0.07462717710007018,0.04094323693692715,0.23877909530083444,0.7998234710014342,0.036100899257885385,0.0,0,0.0,0.45727939355188046,890030000.0,432445500.0,1287086500.0,40.89054307385512,27.25535183857421,87.17047355662535,128.06101663048048,100.80566479190627,-1984234000.0,500363589.68634737,738149000.0,-1522973000.0,Consumer Cyclical
2008-03-29,MHK,2008,Q1,USD,4888128750.0,7185637750.0,4.134198350264686,-89.61994724304368,-52.77736136614028,36.63636977780497,11.713976159156495,1.995842050189099,-1.2261660804404344,39.46457568844947,-38.47084826325411,0.744998404958301,0.7143019905922948,1295233000.0,7410474000.0,0.00725152064021867,0.014049240600449703,0.013268439254938279,0.013212823652550627,0.011455994802391432,0.016110091543387668,0.013377307215977075,-0.02785319433331211,-0.6980755559435763,0.7640466309926832,0.03220246050709483,0.0,0,-0.0020591485975753943,0.4534759890829072,888219000.0,384390500.0,1286496000.0,49.467463553530095,26.025731894500172,91.27903756518637,140.74650111871648,114.72076922421631,-2433659000.0,51815914.00446612,859797000.0,-1472565000.0,Consumer Cyclical
2008-06-28,MHK,2008,Q2,USD,4433198430.0,6556194430.0,3.5630620066357075,24.566904721756952,30.208422859301855,29.6522183326323,9.601841675599156,2.042985825568112,3.0060487958728515,46.39902313223803,-36.41161206379837,0.7949960150800118,0.76460277574272,1310131000.0,7395825000.0,0.009908776485200343,0.016250030386131663,0.018145173240437545,0.017604563408691473,0.014526215659511624,0.018960855840611617,0.020025722151128706,0.048956076166434985,0.18675315039850715,0.6640595853541544,0.027085750620229398,0.0,0,0.0,0.4539166777907596,968851500.0,667691500.0,1273362000.0,48.049922692108076,64.04353083255904,82.91401190580575,130.96393459791383,66.92040376535479,-1905964000.0,126424962.99845082,976016000.0,-1350369000.0,Consumer Cyclical
2008-09-27,MHK,2008,Q3,USD,4781928900.0,6776264900.0,3.843524798727648,36.66076002099147,50.07400628117495,-5.52683984943702,-1.6266152283932744,2.2506999490374184,-0.12448771906429298,,-32.83986858838491,1.1114953052047363,1.024593162787808,1391505000.0,5839591000.0,-0.21295023027833043,-0.16333202861869384,-0.3308125486683666,-0.4437288282486264,-0.24136913334457408,-0.222036362358019,-0.310498343043118,0.028299249702353375,0.2678684462526442,0.6371216800494132,0.02808340621905193,0.0,0,0.0,0.3562812803337487,958059500.0,973330500.0,1242498000.0,47.66594972076545,66.68057944217475,83.93183193185912,131.59778165262458,64.91720221044983,-1859011000.0,-1502316014.5339155,861998000.0,-1122201000.0,Consumer Cyclical
2008-12-31,MHK,2008,Q4,USD,2939148000.0,4800415000.0,3.2322283210294835,24.182841742021612,35.29639052079734,-93.46056499815042,-36.23750559741448,2.561532689562056,-1.5554989617208008,,-30.592163742690058,0.9001678799164833,1.1775044228676794,1369333000.0,5542359000.0,-0.019797011405988822,-0.013923203802004187,-0.03039254888969492,-0.04046384634677562,-0.01484613864270798,-0.016773326577198152,-0.04341904524712604,0.04627293351678786,0.3148636054507443,0.9053799577020019,0.042084014511450524,0.0,0,0.0,0.3486228654977564,815012500.0,647985500.0,1201484000.0,42.194143169949335,25.11027178292789,93.11330930473517,135.3074524746845,110.19718069175661,-1725264000.0,-79673512.23830484,906519000.0,-1046123000.0,Consumer Cyclical
2009-03-28,MHK,2009,Q1,USD,2229547140.0,4074108140.0,3.371659890146722,107.44239405047601,376.3262645483096,-51.02776944176551,-23.102929572525394,2.30523409304088,-0.3581081719191213,,-30.371644528224685,0.5958583044934019,1.2046081574826635,1260723000.0,5296274000.0,-0.016840510487566393,-0.022912857745414943,-0.025705987899951373,-0.03578092760687105,-0.015775700580532986,-0.027412848960245696,-0.047492604260432905,0.004855694596347489,0.7144966903135631,0.40031028368794325,0.02242168795346339,0.0,0,0.0020846798787426376,0.3448798562766674,740480500.0,301984500.0,1076867500.0,58.4446335010291,24.65504195704736,84.09583274071967,142.5404662417488,117.88542428470143,-1833735000.0,62107269.3283813,822943000.0,-1069593000.0,Consumer Cyclical
2009-06-27,MHK,2009,Q2,USD,2425832560.0,4058710560.0,2.886682731015098,17.79152994397833,20.06322695456163,25.80104355786101,10.38013324179317,2.423152241050568,4.9312812087935844,26.24620861269234,-28.441803386462915,0.9207268529575671,0.6261246666500511,1324848000.0,5400616000.0,0.007278675844585851,0.011813031777637607,0.011162770720294424,0.014919187866763503,0.012803434058297909,0.013766128812239573,0.019070153794951125,0.08339240033945294,0.11322690092317403,0.33518465651034235,0.018371109208171765,0.0,0,0.001501409660799481,0.3479507886556438,781566500.0,321977500.0,960899500.0,49.829617385911355,30.765233616785288,81.13642665680747,130.96604404271883,100.20081042593355,-1430582000.0,62502528.26208103,918856000.0,-969593000.0,Consumer Cyclical
2009-09-26,MHK,2009,Q3,USD,3254398240.0,4803554240.0,3.4743785934115214,32.777802919160145,37.47185247014221,32.8643654002723,10.598824599932952,2.5373824136158203,4.26659485268429,23.137193500141336,-26.91368543297885,0.9445865302642796,0.5214978201009638,1429369000.0,5513125000.0,0.005293710135926041,0.010599538591283311,0.008088585411251395,0.01058134881699177,0.011457656887219137,0.01224582021054154,0.010554332158193399,0.039390077841241704,0.12526868146490253,0.24017792895924642,0.013278218383945783,0.0,0,0.0015261488609938773,0.3455332586879311,805280500.0,354160500.0,937907000.0,54.167037354482424,31.384060503047063,83.4592036766143,137.62624103109673,106.24218052804966,-1420965000.0,19420129.5822677,1004112000.0,-883255000.0,Consumer Cyclical
2009-12-31,MHK,2009,Q4,USD,3259172000.0,4582193000.0,3.4015038140965683,17.650226685309946,20.643577648929796,35.60588847791627,10.28052248780033,2.6684856259233367,10.701636506038996,17.43106514411802,-24.44526434935008,1.6030961257902416,0.2632668302571215,1474978000.0,5462860000.0,0.003094604882838719,0.007277229848272902,0.004714925663460292,0.006179348248872243,0.014542466485669434,0.008509422917138756,0.006068719294348381,0.06810533472918888,0.14500156002634712,0.4600437508401872,0.02794430736065705,0.0,0,0.0021624101408350333,0.34365775757160427,753018000.0,344341500.0,916229500.0,45.02518729010592,30.023542540684733,79.9355190995948,124.96070638970072,94.93716384901599,-1101054000.0,79434927.2167288,1037812000.0,-798164000.0,Consumer Cyclical
2010-04-03,MHK,2010,Q1,USD,3750263790.0,5152791790.0,3.8247135542696307,-111.55160612227226,-74.13982230471504,38.18296991478325,10.392945535383475,1.7315784102795235,-2.1716972261401035,17.6113181652873,-24.190279176334954,0.8735113984348418,0.40431971385334986,1032342000.0,4865264000.0,0.0032502492522432703,0.008437378494653097,0.004884151809654583,0.006516919462514386,0.00857973126065395,0.010925704961750557,0.005476414767079625,-0.018532296364144562,-0.5046111880845168,0.3035105080861481,0.017301348835690258,0.0,0,0.0013791199166293061,0.33453148491034834,731027500.0,359203500.0,912883000.0,52.64939476082884,34.26529090746429,83.45077982882535,136.1001745896542,101.8348836821899,-1472029000.0,546921434.8417829,1037618000.0,-723953000.0,Consumer Cyclical
2010-07-03,MHK,2010,Q2,USD,3030771150.0,4342560150.0,3.1016381493708245,32.12689411033595,39.00304610244389,26.85914775573822,8.113539791809696,1.9693401918263496,1.959965199738998,31.664712633284243,-22.47678792738937,1.3575202887280413,0.5623444192774326,1124644000.0,4804964000.0,0.011339432463745329,0.014562580501080273,0.0171154245973296,0.022111845058263597,0.023750967946124923,0.018524268637611745,0.022463259886844313,0.036736195010962806,0.17629781976636655,0.3287032566864836,0.01702038303361365,0.0,0,0.0011613572309129583,0.3374729093478323,745791000.0,388164500.0,949281500.0,45.21952222934877,34.52456282367628,84.77272682941101,129.9922490587598,95.46768623508352,-1200450000.0,79003364.73848975,1083031000.0,-609866000.0,Consumer Cyclical
2010-10-02,MHK,2010,Q3,USD,3704022000.0,4992824000.0,3.8126198883282223,41.12129273495474,60.65435638272025,30.672408603075336,7.917495500033788,2.02791451687467,2.3231478646869737,28.4623614350337,-21.712437858090475,0.8718071220161414,0.6524720839873974,1162891000.0,4943423000.0,0.008251734925087736,0.013969041539293854,0.012486561928523023,0.015410646961242648,0.013721564659013847,0.01683239474220344,0.013794194526922356,0.022223410120134277,0.3220389237092005,0.5359531772575251,0.029858302686720344,0.0,0,0.0013286986694686428,0.3391507628502352,700474500.0,391292500.0,981024500.0,47.93562225860447,36.31852957641351,92.95306960253778,140.88869186114226,104.57016228472875,-1206486000.0,73916331.12085587,1215509000.0,-582208000.0,Consumer Cyclical
2010-12-31,MHK,2010,Q4,USD,3894360360.0,5193725360.0,4.114826168319075,47.510248632430155,131.89408705368479,31.83131916354098,7.963552009021598,2.14375344403831,2.3045366388397,26.74904036871684,-21.470401976359476,0.7825090635474382,0.6596872814241556,1199699000.0,4933344000.0,0.007502632430693535,0.01393558582996307,0.011291566366145535,0.013986616765844754,0.012863674715091776,0.016958375544454153,0.011749811463261711,0.010111544993232214,0.6397848478750069,0.9385148009983629,0.05541127461776996,0.0,0,0.0013183351581922962,0.3355543254664838,655982000.0,371324500.0,1001887000.0,43.814496616220275,34.55048819595625,98.50311558968075,142.317612205901,107.76712400994477,-1259987000.0,39680797.86579108,1260476000.0,-543316000.0,Consumer Cyclical
2011-04-02,MHK,2011,Q1,USD,4292125000.0,5665788000.0,4.216886785080326,-84.04592585999733,-47.12692973116849,43.465293973241685,10.538104517000123,2.95236815340314,-2.8757358587151267,19.53824323279981,-21.252424498354543,0.7945363340563991,0.5259273783846414,1547201000.0,5359530000.0,0.003741003566257431,0.009071294594756122,0.005621853715251023,0.006867776120225047,0.0084401432838826,0.010245975389124732,0.005461630311325975,-0.02801036782479541,-0.7833948941598802,0.7112305226724847,0.03930574317409636,0.0,0,0.0028736337958983177,0.3345604927234592,684649500.0,375081000.0,1041558000.0,50.56162013106628,35.63836635219655,96.6116568513268,147.17327698239308,111.53491063019652,-1493887000.0,-279403368.2890456,1350153000.0,-479971000.0,Consumer Cyclical
2011-07-02,MHK,2011,Q2,USD,4234630400.0,5557543400.0,3.760549688940856,57.88926804370697,153.12146025623363,31.64023159956276,7.531614365093824,1.998589607687169,1.5763262893453525,31.934451113776863,-20.431088531362736,0.8061924176638781,0.7457158651188502,1222755000.0,4964932000.0,0.009532477696040069,0.016072402617952588,0.013911982378109969,0.017316949102903958,0.014880305193519267,0.01969206032392568,0.014382128839390563,0.00857099594807613,0.6219388977427789,0.8031313892176908,0.04040182589078488,0.0,0,0.0014730819147222934,0.31480090781029896,776359500.0,406842000.0,1089191000.0,48.5909771871917,34.2475084587813,90.58833139985414,139.17930858704585,104.93180012826456,-1286618000.0,422349639.73313564,1537996000.0,-392504000.0,Consumer Cyclical
2011-10-01,MHK,2011,Q3,USD,2950448690.0,4285630690.0,2.9709497667957008,39.10318336101024,107.52516973179115,28.14716264498417,8.769207529325223,2.01163002508162,2.2978446829922845,27.54873302079631,-20.394664698439477,0.8814603450556511,0.6780054067212463,1227349000.0,4947125000.0,0.007430584583074209,0.014441796704521698,0.010965276233470163,0.013644228055113953,0.014981327143467785,0.018060438016566458,0.015809798746237478,0.01350879279313954,0.6363346046460702,0.9398169983963777,0.04834691149882982,0.0,0,0.0014495546657497477,0.3223531788106477,786657000.0,414927500.0,1117421000.0,48.37941729427554,34.257089895832664,93.91428063147474,142.29369792575028,108.03660802991762,-1295325000.0,70219521.60849601,1427899000.0,-385487000.0,Consumer Cyclical
2011-12-31,MHK,2011,Q4,USD,4115824650.0,5390318650.0,3.9108542280800145,33.10904855501981,77.5674703563,38.23815964019948,9.041080536579484,2.1774846415204667,3.708795589675832,26.4137045542033,-19.970280940540068,1.0244350585820985,0.6345987855293245,1296818000.0,4989247000.0,0.006917406192618125,0.010620807965782202,0.010158891970639522,0.01256841399561155,0.012646204879781383,0.012986392241779535,0.010430716478652704,0.01688410122136763,0.5731580725407697,1.2453356466034966,0.06770166371979335,0.0,0,0.0014728320528884559,0.31907867387405037,730793000.0,392781000.0,1122851500.0,44.80518349818653,32.15656643142068,96.10568809450751,140.91087159269404,108.75430516127335,-1205002000.0,-18679160.402796686,1469233000.0,-358556000.0,Consumer Cyclical
2012-03-31,MHK,2012,Q1,USD,4580011620.0,5974964620.0,4.2404657229948155,-134.359447267821,-68.11327527045975,40.62197624535139,9.483863291793293,3.267823478345739,-1.0843167853311226,25.966093141999938,-20.419483895326884,0.7870299982457166,0.6951531822062031,1765936000.0,5474669000.0,0.0063097008779543174,0.011419847744883114,0.009158155957428422,0.011473029982976713,0.010133861456414223,0.012805973558945447,0.008815916497609235,-0.019153008175119,-0.9725882617494941,0.5901672897961412,0.030695475981788956,0.0,0,0.003953769778607345,0.31102932650580684,734082500.0,385729000.0,1139310500.0,49.94907862473253,34.19919227064555,99.89356989126428,149.8426485159968,115.64345624535127,-1482674000.0,-380085931.36853594,1528960000.0,-335269000.0,Consumer Cyclical
2012-06-30,MHK,2012,Q2,USD,4817152720.0,6125377720.0,4.167510472563143,43.73832683546835,64.066287208451,34.19916207449095,7.30407182218649,3.2055215926756553,1.9135104115428758,34.683472645036396,-18.87202829641656,0.8276002442499492,0.8243442271481571,1743617000.0,5324365000.0,0.011682458928705683,0.01701172562697751,0.0168773102011704,0.02105330985255089,0.016116713865999104,0.019677367027339847,0.015193207326837668,0.019847824131263996,0.3172957456835611,0.618618702231627,0.03023282870445022,0.0,0,0.0019240804657526605,0.3078009001756966,782061000.0,390172500.0,1163032000.0,47.89176435049017,31.752843029272313,96.63716593192267,144.52893028241283,112.77608725314052,-1212615000.0,138497299.00264603,1548014000.0,-254273000.0,Consumer Cyclical
2012-09-29,MHK,2012,Q3,USD,5522180200.0,6666280200.0,4.524134284994907,32.843510649304584,42.825903893100346,38.108273023495116,6.540330417881438,3.17115522941068,2.887047678652708,34.55530816951485,-16.58053905231126,0.8207043881255618,0.8266076115485564,1777870000.0,5360847000.0,0.01115474028862954,0.016543452263632484,0.016062653120581166,0.01955640366237498,0.01539594753466069,0.018956725439676077,0.012731203519943083,0.02818814206751167,0.23309241221652355,0.6635670004768717,0.03210805887778225,0.0,0,0.0019077118113218047,0.30554808070050954,799668000.0,389684000.0,1150238000.0,49.91490288722105,32.533189298018634,93.16831962029916,143.0832225075202,110.55003320950155,-988440000.0,74785237.1502282,1669184000.0,-110948000.0,Consumer Cyclical
2012-12-31,MHK,2012,Q4,USD,6251024650.0,7156294650.0,4.984675783037615,24.758581422141344,33.169845467144384,45.18661537392973,5.716098805344379,3.077353620169698,4.353778487400021,34.11472017713179,-14.905886822490773,0.8393895716380924,0.8370055241602642,1721397000.0,5353819000.0,0.010531777925416312,0.015208273707042894,0.015212480700549985,0.017848342988001184,0.014549778660419486,0.017508563872194426,0.010620498832939333,0.0345138616594641,0.2535816470213774,1.1474373023576192,0.05105390625489758,0.17016227391044808,0,0.002000475043168329,0.30768832955459063,748343500.0,392868000.0,1136569500.0,42.59547009422154,32.73697892489091,95.68926663346866,138.2847367276902,105.54775780279928,-689523000.0,126372278.18236989,1780047000.0,-34021000.0,Consumer Cyclical
2013-03-30,MHK,2013,Q1,USD,7847700000.0,9034049000.0,6.076108325514607,-231.97537489728842,-88.37330033455285,64.16045708928723,8.425534785943581,3.927169847008595,-0.770146538256175,29.65181882226156,-17.048284684684685,0.8237491639341588,0.7619041700329376,2568975000.0,6262309000.0,0.006953467059679737,0.012803334097770902,0.00953018697813521,0.013557218739059181,0.011127874189714771,0.013602614198082959,0.006434369305656435,-0.013026236986633027,-1.6249486442070666,1.0486006396129182,0.04256212104397655,0.0,0,0.003701872795203169,0.2703745398035899,752566000.0,423634000.0,1181993000.0,49.978854127783215,37.25683014807853,99.77256118275395,149.75141531053717,112.49458516245863,-1288575000.0,-784141760.9422666,1761166000.0,-90655000.0,Consumer Cyclical
2013-06-29,MHK,2013,Q2,USD,8144950940.0,10509960940.0,5.318001446137452,68.75636826335553,150.0501254943392,48.897639970596174,11.003219533074654,2.4314404421834968,1.8115000829560808,38.59661182379641,-35.646044526696684,0.7760109374856629,0.8115194162105812,1925233000.0,7010640000.0,0.009939165331995764,0.01689171430584189,0.014053610506009409,0.020605741354235676,0.014460023248180758,0.0185926804598882,0.010383365182062105,0.00859956069913418,0.5417773358280233,1.0269335218183848,0.041904084351608736,0.0,0,0.0020209492591961036,0.29276783871691076,985604500.0,594215500.0,1410901000.0,52.16796648685245,44.871515883474906,97.95887550837993,150.12684199523238,105.25532611175748,-2294967000.0,747227361.1021903,1613142000.0,-1134476000.0,Consumer Cyclical
2013-09-28,MHK,2013,Q3,USD,9441281750.0,11724123750.0,5.977011765269666,55.02759212236986,113.1311816699314,39.856145954086365,7.760518899514212,2.301768740484384,1.782040666114638,46.94915809524151,-34.37574922493972,0.7985513564266792,0.8533207428391565,1803240000.0,7012223000.0,0.013903061328744908,0.020605840021868292,0.0197159935209511,0.027475330744435443,0.01949640826239969,0.02450266293017877,0.012611423231808541,0.010976581648990616,0.5135948258463618,1.3418270999386879,0.0557858739273712,0.0,0,0.002210512577898137,0.2948333385294081,1149959000.0,728402000.0,1602124000.0,52.96518646611635,45.33934264864887,100.4693468157597,153.43453328187604,108.09519063322716,-2179209000.0,234875326.8166728,1808634000.0,-1042061000.0,Consumer Cyclical
2013-12-31,MHK,2013,Q4,USD,10818180600.0,13024122600.0,6.768928602611917,65.7153367980221,149.42260592223764,53.679609441653234,9.091906506695462,2.336229786093544,1.8477358965514026,42.46811248487418,-32.84727957166846,0.7501030241552019,0.8506862983038049,1764907000.0,7014344000.0,0.011143045406282444,0.01770254938143432,0.015917139593268827,0.021173270912550505,0.01815428590933386,0.021048417158695095,0.008749253086050348,0.008057084940881833,0.5602048539280489,1.2860915798862491,0.05770322186326727,0.0,0,0.0023267973040958286,0.29993417843776976,1108621500.0,679751000.0,1592510500.0,49.71599767995909,40.28597604915161,100.26822654461432,149.9842242245734,109.69824817542181,-2118779000.0,143840459.07563558,1922612000.0,-938153000.0,Consumer Cyclical
2014-03-29,MHK,2014,Q1,USD,9800529660.0,12194544660.0,6.725816716719201,-171.73963693209024,-63.15570007302408,54.57539544583878,10.714161042587852,1.7701369394878805,-0.8760440699295523,39.36001329747142,-33.242277501305985,0.7815111470953937,0.8244189280464063,1419759000.0,6683504000.0,0.009339527970320295,0.015223282475525693,0.013156519763743752,0.01804428852345773,0.01363108277399658,0.01911896990526286,0.008273124291529363,-0.019701690285992154,-1.719305410810354,1.5074706114788106,0.06733293070688519,0.0,0,0.004199449008463429,0.2901216934239845,1118885000.0,664549000.0,1602280500.0,58.32046859100047,47.12852358568489,110.30774775857148,168.62821634957194,121.49969276388705,-2587102000.0,402366306.99091077,1974756000.0,-924770000.0,Consumer Cyclical
2014-06-28,MHK,2014,Q2,USD,9969244160.0,12326038160.0,6.017847534989676,72.9869621032686,298.71166537417605,38.86243748640323,7.430673043878539,1.804567641467114,1.104794551913176,55.02644589817851,-32.535108194200355,0.7520888621917174,0.9074990058220846,1506569000.0,6859744000.0,0.01719832090344159,0.0253084167213787,0.024022175574031707,0.032685682494169005,0.021927524651972854,0.03170821728877393,0.015322124480899462,0.0041391302427485135,0.7556608242539081,1.5237003605797932,0.062304985677996846,0.0,0,0.003213967846651307,0.28406480710126836,1218351500.0,704586500.0,1638502000.0,55.443860042270295,43.47842286901017,100.46532083193354,155.90918087420383,112.43075800519367,-2315530000.0,37770057.80867648,2150327000.0,-829292000.0,Consumer Cyclical
2014-09-27,MHK,2014,Q3,USD,9951765120.0,12236512120.0,6.1469685500975055,54.252123130672274,146.2542982812612,39.1101569007233,7.302474166834466,1.8395179093972394,1.4911344704482348,54.16471956269772,-31.455338027009223,0.8344283184669105,0.8390036423887035,1537457000.0,6725003000.0,0.017383979240265426,0.024306578671012193,0.024061517161165367,0.033052639583194036,0.023921925745480754,0.031104773829446226,0.015199916615395359,0.008407151795801225,0.6290562139490754,1.6659386851714866,0.07127442282903441,0.0,0,0.0036671291603077977,0.27751940478954107,1235682500.0,713453000.0,1642627500.0,54.685500975054474,44.87330536954867,102.94249342507091,157.62799440012537,112.75468903057671,-2201081000.0,92681272.146557,2161694000.0,-756128000.0,Consumer Cyclical
2014-12-31,MHK,2014,Q4,USD,11326520800.000002,13482083800.000002,6.908766012485102,39.79774711082904,79.99290261716735,46.163931271571805,7.380851777789952,1.6015173221993502,2.3032703290726135,52.43808508478075,-29.925591523215143,0.8356167501137916,0.8949858185280803,1176456000.0,6186027000.0,0.017725812571872168,0.02426796390935094,0.024563222099072732,0.03320692057294758,0.024019649600612092,0.032563790240657975,0.01296673555748911,0.014880209287215538,0.5024840228476968,1.7793759473161552,0.08722967481549579,0.14860570059330364,0,0.003312415511369518,0.27835963456352414,1145760000.0,668729500.0,1591900000.0,49.89975126137234,39.72953016754348,98.52031041754294,148.4200616789153,108.6905315113718,-1987022000.0,450779799.4993173,2116452000.0,-730461000.0,Consumer Cyclical
2015-04-04,MHK,2015,Q1,USD,13523216640.0,15828430640.0,8.414110229925202,-318.82590017322644,-101.829841996912,121.27857485461219,17.662715591550267,1.1078288923159911,-2.2060966939210807,19.966001930411593,-31.94808050638461,0.7866094058011828,0.6333013799407005,311839000.0,5145473000.0,0.00269728661126603,0.005283471511389808,0.003681613728435433,0.005290502971853511,0.004816972421567814,0.008117356946743358,0.001652417512406279,-0.011494306727308334,-2.130967248116666,1.2351032035117213,0.05623819555522952,0.0,0,0.004484426505320871,0.26736295270924854,1120410500.0,628312000.0,1524472500.0,55.44253411560953,41.690288146511115,98.96546536238509,154.40799947799462,112.71771133148351,-2460654000.0,880013424.3874965,2008794000.0,-857008000.0,Consumer Cyclical
2015-07-04,MHK,2015,Q2,USD,14180247200.0,17485032200.0,8.563819167344604,55.12913530812038,89.88023974873674,51.29094599866823,9.694322951959379,1.2022604464188442,1.6981217942540183,60.06355544115779,-48.35573064533741,0.7900529548824402,0.9334171649109487,607091000.0,6847352000.0,0.018345273848157574,0.027730292832221844,0.026871426595352268,0.04041100075798255,0.022840173848612776,0.03570784988956803,0.013151533775800467,0.013718872263383391,0.38663786987845444,1.3933258342707162,0.06006074251628396,0.0,0,0.0038006928427958015,0.3172943839412454,1273272500.0,680970000.0,1549017500.0,61.1695211861688,45.90681085991628,100.45974215689847,161.62926334306727,115.72245248315099,-3110248000.0,-129771972.62444401,1389372000.0,-1942166000.0,Consumer Cyclical
2015-10-03,MHK,2015,Q3,USD,13967717550.0,17047992550.0,7.926880240261576,43.77644562736081,64.14204168783039,44.92934996310352,8.117950137044065,1.0604312282258475,1.8054129984283946,64.87800976862451,-45.752803896367446,0.810454583166771,0.9320913229168497,199410000.0,6445278000.0,0.021352812792551072,0.028544916518669756,0.031303964032596734,0.04518719236785262,0.02702034727981054,0.04268246712565735,0.015385835175339726,0.01902852051872999,0.3175077612837125,1.3021747143383708,0.05749315557671706,0.0,0,0.003855567789548863,0.31788789527369615,1364168500.0,749341000.0,1606778500.0,56.10311458457327,46.5942231402073,97.971236567082,154.07435115165526,107.48012801144796,-2814490000.0,610406311.3785326,1556506000.0,-1809405000.0,Consumer Cyclical
2015-12-31,MHK,2015,Q4,USD,14000466359.999998,17118705359.999998,8.567933465365563,67.1529821395648,165.66382178179495,44.47953542392566,8.102120992446741,0.9972212573810351,1.3276789666935758,61.91755117780078,-44.00536023483578,0.8737530617550869,0.9222605030351216,-9056000.0,6367968000.0,0.019266946975588502,0.024915671365691523,0.028537832192022654,0.039408434263627674,0.02512945910055054,0.03729305245164989,0.013682329936329351,0.007380754136535778,0.5946430462770819,1.6121988832757246,0.07586948328751245,0.1366148197419716,0,0.004036042096159304,0.32486298027310206,1299077500.0,733990000.0,1614205000.0,56.64445442110273,45.594020004550124,105.14203143364489,161.7864858547476,116.1924658501975,-3014905000.0,359093550.9653936,1630957000.0,-1831529000.0,Consumer Cyclical
2016-04-02,MHK,2016,Q1,USD,14233722160.0,17385196160.0,8.00406444430735,126.19915911730546,-5657.4019394728275,49.26268647919571,8.930015754814287,1.0441930421450036,0.8003857840887303,60.307876906530204,-42.667530685627774,0.7460490036617929,0.9492204109097063,146883000.0,6661706000.0,0.016667581588787363,0.02428227302246801,0.024500490515393214,0.03326779891625803,0.020331101482273874,0.035253902228079566,0.012052223450173065,-0.00021589574149731753,1.0223069105691056,1.40560312992794,0.06483886621185739,0.0,0,0.004170721982867766,0.31970416762409626,1332115000.0,724122500.0,1629643000.0,58.28847547427633,44.12414911049377,97.02812707399728,155.3166025482736,111.19245343777985,-3154547000.0,-15253411.925616026,1866082000.0,-1665186000.0,Consumer Cyclical
2016-07-02,MHK,2016,Q2,USD,14036672510.0,16880907510.0,7.306689377648965,41.01090206987027,61.265038742247015,36.8638328245175,6.211123631329079,1.1244415659605578,1.6071749299140226,75.02132954409025,-39.1033822160463,0.7372222286420838,0.9709648554413898,389469000.0,6886365000.0,0.02474470880013451,0.03403926378391107,0.03614677129137155,0.04738354232030218,0.028899132703026017,0.048821838268368084,0.018180092170576687,0.01962993720938496,0.33059861036878674,1.3444879166913668,0.05890095639768415,0.0,0,0.006270949333776559,0.31543792388336434,1427811500.0,766661000.0,1656080500.0,56.44236163051608,45.270738409054076,96.10032622650102,152.5426878570171,107.27194944796304,-2568696000.0,-13680322.16855216,2132525000.0,-1408045000.0,Consumer Cyclical
2016-10-01,MHK,2016,Q3,USD,14856012360.0,17457732360.0,7.609709943468988,40.1049672755174,69.42686508520411,37.849644891260276,5.640719887086738,1.1987698269042544,1.6073028169274113,79.14707452656675,-35.998584027833964,0.7392743070964066,1.0209727625370917,592994000.0,7142423000.0,0.02589852612034651,0.036492477074698326,0.03742039199080096,0.047574976801121445,0.03123424824437134,0.05086635921526613,0.018166247675362058,0.016926143699034994,0.4223422413456436,1.7732060185185186,0.08013725410709639,0.0,0,0.002307619547028319,0.3079033985877771,1477607000.0,774649500.0,1666686500.0,59.09338536156702,44.050268566835506,96.06640809400477,155.1597934555718,111.10952488873627,-2350265000.0,-18427312.331191182,2464152000.0,-1171591000.0,Consumer Cyclical
2016-12-31,MHK,2016,Q4,USD,14809067520.0,17198887520.0,7.880122534667909,50.161248279241235,130.7830573277468,40.38577370763035,5.611684453993637,1.2770799611524766,1.4620908455148651,74.36472007548109,-33.10845221401219,0.7792197401800804,0.9330950647928681,753192000.0,7232572000.0,0.022847935740987133,0.029564593108900413,0.032822565380301295,0.0404164477243573,0.02682934322000382,0.04063641964166386,0.015784113326805873,0.008880167493489827,0.6164545369700646,2.0249762883338605,0.09684243225634413,0.12076564924038952,0,0.002848940192415716,0.30389549152366097,1441233500.0,748331500.0,1674496500.0,56.74677879156919,44.01233736064153,101.11352021062413,157.86029900219333,113.84796164155179,-2258313000.0,-15861268.963953853,2674455000.0,-975597000.0,Consumer Cyclical
2017-04-01,MHK,2017,Q1,USD,17030911880.0,19472729880.0,8.768952209830928,117.38904691286577,-550.2636453034927,50.73851021141991,6.362446780236903,1.3205622970752675,0.8250537163775267,70.49233369725395,-33.42297741605131,0.7444082341674895,0.9664660176064169,906655000.0,7541677000.0,0.018695286150560285,0.026222208077606987,0.026393375980388094,0.033068395719315184,0.021821819465368614,0.03478635151199047,0.01177588149202496,-0.0020778687746929965,1.2133323687922741,1.9164191042047531,0.09063582877947624,0.0,0,0.004263175789016254,0.29166749397833625,1437029500.0,754941000.0,1708315500.0,60.70836175975899,45.60306097804832,101.72045300501463,162.42881476477362,116.8257537867253,-2477206000.0,-41676853.667589664,2935956000.0,-927711000.0,Consumer Cyclical
2017-07-01,MHK,2017,Q2,USD,17964092630.0,20762371630.0,8.46394211178139,83.72059077565767,870.7952703099443,43.123414481664256,5.812021251848528,1.2452818999389892,0.9474609166068126,82.78095097554693,-38.237504540745626,0.7568475452196383,0.9266269037376615,789988000.0,7977598000.0,0.022492877383484745,0.03188823519711961,0.03142956972471622,0.04038752540284729,0.026712638450863076,0.042518266753147065,0.014511225552503735,0.0013272587984868346,0.9038573202793594,2.042191670994251,0.09137771204522718,0.0,0,0.005692125437926359,0.28434026999114975,1568761000.0,825952500.0,1803410500.0,60.156124772628885,46.8542483371189,100.32528188627529,160.48140665890418,113.62715832178529,-2774436000.0,284748991.3596377,3159134000.0,-1124275000.0,Consumer Cyclical
2017-09-30,MHK,2017,Q3,USD,18399398380.0,21032342380.0,8.58985357625658,45.68831651981996,90.9951344008099,41.445815837908356,5.18841459329295,1.4820479507367026,1.6985484573208078,86.44905303128806,-36.90099948882133,0.7267449684298918,0.9431477518777716,1300092000.0,8734849000.0,0.02283931920432134,0.032469935466411165,0.03184950027452907,0.03972356722267647,0.026921608903591476,0.04165094657506552,0.014675751588351663,0.0125622042213752,0.49790374154979755,2.0191780821917806,0.09361080820580679,0.0,0,0.002931170385254706,0.28289866379515605,1647839000.0,865675500.0,1888485000.0,60.87202421064239,46.47594986575258,103.28589984800706,164.15792405864946,117.68197419289687,-2401807000.0,-338436994.520312,3452944000.0,-1028101000.0,Consumer Cyclical
2017-12-31,MHK,2017,Q4,USD,20530822600.0,23209516600.0,9.796777675207052,72.67213133232929,341.29132563782076,47.33071748010172,5.462608770130249,1.5338691060140734,1.3259364127772288,83.08101430415161,-37.62745249549816,0.7230305090251731,0.8937141966198652,1417612000.0,9051628000.0,0.019874404426411797,0.028720695405647024,0.027529577248318098,0.034014106958120474,0.023380280147417606,0.036386045105364716,0.011708152404960141,0.003312336837394913,0.7870671597160687,2.123542729699591,0.10610287379537435,0.12266192561976146,0,0.0024123115262903966,0.27807084550758904,1607111500.0,834973500.0,1929846000.0,59.19314827548218,45.12799656818777,108.562427227196,167.75557550267817,122.6275789344904,-2610689000.0,18995216.125898242,3703783000.0,-954877000.0,Consumer Cyclical
2018-03-31,MHK,2018,Q1,USD,17289475660.0,20092200660.0,8.329402205951244,109.65682461195887,-296.7478091215218,48.63090946056826,6.783680295868157,1.5369017600709607,0.8756792406841871,78.89775946533285,-37.73662579076733,0.8127206829834198,0.9715280955820893,1501129000.0,9374526000.0,0.016621004537126765,0.02177218013625915,0.022821523239330076,0.028418968721655526,0.019702799628841316,0.027487331099245407,0.012074744434441688,-0.0039161395829166515,1.369528674656712,2.0458851729254652,0.10402777213516945,0.0,0,0.003294914770819359,0.27169609307749804,1624035500.0,853779500.0,1996812500.0,63.05113750838446,47.30704358978864,107.78653126482422,170.8376687732087,123.53062518342006,-2870433000.0,3574081.7991770506,3933405000.0,-917324000.0,Consumer Cyclical
2018-06-30,MHK,2018,Q2,USD,15983899190.0,18496207190.0,7.177379397240372,42.252128322040946,97.17456756330776,39.40418705275066,5.35220293269876,1.7447201681827087,2.215991293123086,76.5563269440602,-35.76988015603845,0.6214114567857527,0.9757477245178383,2037608000.0,9764259000.0,0.015246270001199779,0.025638542569301644,0.020502351732984054,0.02666139006601266,0.01802472258291581,0.03212325852210388,0.01229900149288917,0.011908233262574775,0.5651935544296164,1.9474371890938857,0.0960095676624186,0.0,0,0.0052948878042571755,0.2563648209843324,1713923500.0,924362500.0,2053083000.0,60.695886789904904,47.28524644855255,102.46482245662564,163.16070924653053,115.87546279797797,-2321968000.0,-454394005.7056335,4067856000.0,-746925000.0,Consumer Cyclical
2018-09-29,MHK,2018,Q3,USD,13081636050.0,15852689050.0,6.226997034331055,57.96251192874563,122.98058283683982,36.02024301019075,6.2963451903523024,1.5380633022810557,1.199420241551402,83.36029414860297,-39.05832205139203,0.818026542900693,0.9685033049717664,1591199000.0,9644235000.0,0.017461294680086635,0.022185316720837428,0.023810572673363034,0.02998146934332588,0.02074458986609891,0.028599548670279893,0.01735356335647329,0.009853813353873272,0.5286856624704295,1.0874175572117228,0.05679747034331055,0.0,0,0.002004870767538691,0.2666579288275312,1746822500.0,938219000.0,2137749500.0,62.06846570822531,45.61900154872965,109.17615471299744,171.24462042122275,125.6256188724931,-2642149000.0,670226633.3216822,4104977000.0,-880679000.0,Consumer Cyclical
2018-12-31,MHK,2018,Q4,USD,8638197760.0,11777121760.0,4.809701537765385,41.0554375494581,86.78920662058394,30.315746315144587,8.079972817273386,1.3805774776432465,1.2469799124511505,83.8943325592624,-43.213648857235704,1.1555872438413592,0.9323020406629335,1243057000.0,9425735000.0,0.01750796599131102,0.016350620644428677,0.02384886901439809,0.030824889963910234,0.021364499561957257,0.021700245828182252,0.02654940374970068,0.015709063831388828,0.5269522657472835,1.0867699076869985,0.061733189905489545,0.129117730899634,0,0.0019133241689802166,0.2658785630152492,1680934500.0,868558500.0,2250955000.0,59.035059776576006,40.543765827631134,114.23934707484291,173.27440685141892,132.73064102378777,-3003226000.0,582820287.8600833,3957283000.0,-1149768000.0,Consumer Cyclical
2019-03-30,MHK,2019,Q1,USD,9125943300.0,12608819300.0,5.162280828171252,74.10980151289843,379.9095875139353,41.157275009221266,11.368684247462927,1.3653546177662819,1.3994406744807733,62.934774523076825,-47.62950637250837,0.7666479605026704,0.9380537778145813,1254718000.0,9749514000.0,0.008936738680235133,0.012382322809320093,0.012031550300162862,0.01604649305896956,0.01053195677574207,0.01625531372667004,0.013323006291305797,0.0036367747320981054,0.8049277934840746,0.9975016570641921,0.05606901154150068,0.0,0,0.0023701222932335443,0.257224675350926,1674870000.0,863042000.0,2312870000.0,64.24685055005344,45.26855465257601,115.77659206310868,180.0234426131621,134.7548879605861,-3449687000.0,118285443.7207191,4077484000.0,-1339065000.0,Consumer Cyclical
2019-06-29,MHK,2019,Q2,USD,10677122940.0,13960216940.0,5.401546900059393,35.23616683914283,55.38032497748721,34.01695202124808,7.9999366456297665,1.2975143498378618,1.9550070563620752,82.43990528172174,-45.689262727548964,0.7804593136895835,0.9610200512767313,1102526000.0,9676874000.0,0.014663154016970178,0.01947088955720508,0.01967399484692378,0.025882330078368966,0.01724194611180621,0.026420968621659272,0.018960257471756715,0.023609262665285,0.3637421439208461,1.0258324909952876,0.05576004503798629,0.0,0,0.002239517737576345,0.25469361301256505,1781527500.0,945218000.0,2352878000.0,63.35988020824265,47.54713948568809,115.31500373132914,178.6748839395718,131.1277444538837,-3031015000.0,359436851.93552494,4305265000.0,-1176194000.0,Consumer Cyclical
2019-09-28,MHK,2019,Q3,USD,8910859480.0,11897537480.0,4.722772436323653,28.894419988391267,41.425389200707514,35.7899252467459,8.984462754228748,1.5178930612556782,2.645093114235975,72.29174669079279,-41.70021218761268,0.8727601281770684,0.95031652151653,1613081000.0,9983961000.0,0.011612093158976468,0.01766397302475574,0.015619596860171574,0.020027355102115455,0.018007529468437367,0.023372108149171688,0.01745263746432684,0.03223078544158571,0.3024949060008403,0.8594741926580182,0.049442577659044494,0.0,0,0.0022431857922304236,0.25656895866588236,1803316000.0,970164500.0,2352791500.0,63.84772059217565,47.47967435187202,115.13891700875625,178.98663760093189,131.50696324905988,-2699474000.0,-326382472.2180133,4329112000.0,-899703000.0,Consumer Cyclical
2019-12-31,MHK,2019,Q4,USD,9770263200.0,12535464200.0,5.170304044690231,28.446052533045897,41.670010338167785,39.407925934076296,8.693003662427891,1.6329295730305764,1.6649790496197194,97.10374050770146,-39.03990438302624,1.7256314629598237,0.9332952000778892,1716874000.0,10237700000.0,0.01977092154290683,0.011562152788695148,0.026767096416240903,0.032568595775177546,0.022587787962631937,0.014503709306745105,0.027089034817403896,0.030790061008796568,0.3173495206217734,0.9095272471855306,0.05768088588548953,0.13932123247894834,0,0.0026364068315603306,0.26137219982848625,1656888500.0,894527000.0,2310140000.0,56.669428734524715,41.208766140960925,114.0084087017575,170.67783743628223,129.4690712953213,-2464374000.0,193707800.9310574,4627542000.0,-830775000.0,Consumer Cyclical
2020-03-28,MHK,2020,Q1,USD,5583527880.0,8390469880.0,3.6707523395907624,43.03378850513402,105.75067278364548,27.09426234431359,9.064095815963084,1.6066096584697502,1.7650296473996288,61.74163115952479,-39.34383691838931,0.8058891732843299,0.9405297522701709,1741748000.0,9969992000.0,0.008336311647135516,0.011371051578497849,0.011239161430864014,0.014082444881858157,0.010426888248969814,0.014585786034376826,0.019792862572757496,0.014210012326471986,0.5930636905433545,0.7946342670221831,0.05058792184491568,0.0,0,0.0022053904976150197,0.2582799260945699,1585684500.0,862067000.0,2238881000.0,64.76065103862473,48.47834721021636,118.36478620374848,183.1254372423732,134.64709003215685,-2727600000.0,122459766.72281653,4423641000.0,-796268000.0,Consumer Cyclical
2020-06-27,MHK,2020,Q2,USD,6792172704.959999,9107816704.96,4.443270906898234,16.02019398572788,18.668072822854704,98.89159171065917,25.142987437431458,2.534943890440811,-11.700852062237589,,-36.01723587304465,0.6438473135782045,1.2089845955318976,2873768000.0,11079103000.0,-0.003609510192077373,-0.0045787732195773315,-0.004866255372272519,-0.006093969651003206,-0.003362901345972815,-0.005301998560689783,-0.007104795784235612,0.07183003454015872,0.14183996721317244,0.5233104468700923,0.03933993560347351,0.0,0,0.0022611962142648065,0.2582571369673622,1615574000.0,872217500.0,2058741000.0,69.65353693043224,45.28612665663789,102.97709355632375,172.630630486756,127.3445038301181,-1827762000.0,-1098754097.677149,4472120000.0,-698542000.0,Consumer Cyclical
2020-09-26,MHK,2020,Q3,USD,6709605280.0,8879710280.0,3.448605281043315,14.83663344466741,16.774553004027535,20.15550726348284,4.925787633920465,2.1582492499310884,2.9130701425630194,86.23101639391363,-31.23608789696195,0.8250353959519903,0.9436216647056591,2764873000.0,10966585000.0,0.014880572805964852,0.019352411895902786,0.01993208493610066,0.025115130042368934,0.018321495843132182,0.02305358380640689,0.030570650796912454,0.07889525209149115,0.11552734423950584,0.4568659063577857,0.026853006171185342,0.0,0,0.0018964064205183174,0.25343621333795313,1648679500.0,917568500.0,1882010500.0,59.803597851542015,47.67516593343611,88.71415567534359,148.5177535268856,100.84258759344948,-1640749000.0,408822150.68217653,4673650000.0,-465158000.0,Consumer Cyclical
2020-12-31,MHK,2020,Q4,USD,10000543450.0,12298828450.0,4.65553639537824,30.155643565570255,49.6517123398277,26.42596361893998,4.938226111768839,2.261954042765666,1.641907913541629,97.34446247636298,-31.114392327098983,0.9073171088318505,0.9450833405302703,2992406000.0,11509211000.0,0.017324561265756225,0.02011478030795784,0.023143566998930474,0.02906186725500219,0.02064949386140587,0.02364679706098012,0.024820851110846382,0.024768853936632813,0.39265652392453015,1.0229184631599118,0.060619722276478896,0.13225140474319433,0,0.0019449125659975683,0.2514308072495118,1710227000.0,1003388500.0,1877496500.0,58.239256042553386,48.07569024205749,90.44156580937972,148.6808218519331,100.60513160987561,-2050583000.0,31710847.0417943,4938720000.0,-422939000.0,Consumer Cyclical
2021-04-03,MHK,2021,Q1,USD,13915092120.0,16377862120.0,6.136269230798051,63.087622041177944,113.05213032373852,33.66365219531675,5.062066838126503,1.8508391771863781,1.0962539746886757,95.88840257910336,-29.82095071175138,0.7776887432225181,0.9524057838096516,2558721000.0,10845171000.0,0.016571433889805882,0.02219001696285504,0.021980507727293822,0.027862820142340917,0.020017710601485546,0.02814155232282251,0.01701799729084366,0.010410998270847236,0.44195990061824697,0.7587490741720453,0.042987591728218456,0.0,0,0.00223602167981878,0.24608502699741283,1761675500.0,1040841000.0,1954824000.0,61.16359301108344,51.04823154208507,95.72291913147747,156.88651214256092,105.83828060047585,-2317900000.0,734392067.0771327,4982459000.0,-225029000.0,Consumer Cyclical
2021-07-03,MHK,2021,Q2,USD,13544794560.0,15866244560.0,5.371408796638131,46.88731248762526,70.30198708831257,27.418372687809327,4.011685376171648,1.8718997787275165,1.005760091305472,117.34989660972396,-29.505357760110613,0.8392480122186784,0.9641619665441106,2771670000.0,11146266000.0,0.022733029523227966,0.027811839452136528,0.029863012968745006,0.03832769808599145,0.02679432484131024,0.034822390088021196,0.02482761909088712,0.016662268224170097,0.33305850332898923,0.7591284141043344,0.03815516990974101,0.0,0,0.0020373528225867883,0.23875633222204895,1915740000.0,1097976500.0,2039297500.0,61.47469406699702,49.62167568552943,91.33098820155331,152.80568226855033,103.1840065830209,-2095763000.0,186386004.47718734,5242069000.0,-68295000.0,Consumer Cyclical
2021-10-02,MHK,2021,Q3,USD,12284603430.0,13851390430.0,4.91704183183843,27.77282392193111,39.46276322724566,26.514049944775916,2.999111820633708,1.9457536384166345,1.839116614549531,106.57924357404843,-29.933207860988315,0.7854320951870263,0.9584723561131592,2744334000.0,11095751000.0,0.01875241344470357,0.02461942038757665,0.02479932877135066,0.030960248954321243,0.023116159749160467,0.031170474371819787,0.022058343319268224,0.028572269507929893,0.29622708470763265,0.9940922364720289,0.05244554789694205,0.0,0,0.002635766841307667,0.24383383043950643,1949049000.0,1139086000.0,2148798500.0,60.07874286878638,52.14439344911507,100.72561425911577,160.80435712790216,108.6599636787871,-1215788000.0,324993564.30196667,5228977000.0,-51774000.0,Consumer Cyclical
2021-12-31,MHK,2021,Q4,USD,12244135620.0,14701849620.0,5.325335089869118,69.22296227587765,-166.01566922998745,35.59692311789816,5.95075167853485,1.7779110120810289,1.1231306187202539,89.0973498995797,-39.11055439003705,0.7885641126156746,0.9517022678382905,2292002000.0,10826723000.0,0.013293175437872513,0.017652981011177855,0.017644449354778387,0.022435234218012447,0.01662313355685626,0.02244142263606428,0.015443229793300836,-0.007232605285370075,1.4169664381497664,2.0984366719660836,0.1090074860444874,0.12489672141895443,0,0.0022602660086781176,0.2466086546207509,1860230500.0,1187812500.0,2303651000.0,59.983493538138546,54.65141991228165,106.3861603899384,166.36965392807696,111.7182340157953,-2546271000.0,511138594.92303646,4920327000.0,-557944000.0,Consumer Cyclical
2022-04-02,MHK,2022,Q1,USD,8036588640.0,10838955640.0,3.594219791800344,197.23688248353167,-145.45809812657683,22.95814953041401,5.935734286767291,1.4373105612024693,0.22390540837862724,104.56103570551986,-42.797691927155796,0.7994245345116364,0.9639373922220861,1693106000.0,10093370000.0,0.017052463456052765,0.01236912659068626,0.022458196121553593,0.02960192470609415,0.011631825451137797,0.01682801262871269,0.03052650956637741,-0.009272093339345039,2.355970448011064,0.9155322985539016,0.04293251600062739,0.0,0,0.0018752095310384483,0.24070199744639484,1942341500.0,1262343500.0,2452458000.0,61.02234235058758,52.69667748646396,102.18585204209556,163.20819439268314,110.51151690621919,-2876883000.0,877797121.3169882,4824691000.0,-534377000.0,Consumer Cyclical
2022-07-02,MHK,2022,Q2,USD,8194753800.0,10939489800.0,3.469342709663997,74.06209455205237,-3819.6542597765365,20.843078593883966,5.229562732209202,1.513803082629421,0.5265658978289544,115.93695459920343,-40.937743940824674,0.7818286746625182,0.9674736004531417,2016357000.0,10395873000.0,0.01909059179534316,0.025307772272627316,0.024823993969250686,0.032605912737898604,0.023256152863568174,0.03417772786344032,0.034220796236733804,-0.0003494918907752909,1.0193897377917092,1.0635873672908618,0.04775198941515698,0.0,0,0.0017934230372562625,0.23096211596769853,2075253500.0,1327639000.0,2669644000.0,60.105141209468,53.65331705256732,111.55480876898199,171.65994997845,118.00663292588267,-2747600000.0,-29776272.037380874,5214223000.0,-141815000.0,Consumer Cyclical
2022-10-01,MHK,2022,Q3,USD,5793665460.0,8441945460.0,2.893515891304281,37.55748200414639,112.96443858639654,-25.023255178382993,-7.849918782087004,1.4992851009297146,-0.4211514428166449,,-40.71052113828816,1.0300476315464426,1.0273561654971677,1949582000.0,9525598000.0,-0.03867195747796868,0.002664675735484093,-0.047866782732790394,-0.06820563735190682,0.003386729442167715,0.0038356809983380634,-0.09212009282979898,0.012898742689917067,0.6675282728429445,0.9777017561007396,0.051427932925660974,0.0,0,0.002117880857805157,0.19209198383251574,2054535000.0,1288471500.0,2863080000.0,61.7964284282061,49.7286102043761,118.43234516611174,180.22877359431783,130.50016338994172,-2573549000.0,-435786432.8275537,5173989000.0,-121648000.0,Consumer Cyclical
2022-12-31,MHK,2022,Q4,USD,6494445480.0,9205358480.0,3.4728355909343844,38.08304917300325,101.09113200087855,40.51475938559042,11.931310241626688,1.9200494416642104,7.204279923700525,38.66809393662136,-41.071284666477794,0.9173818859853574,0.7140982964558449,2824814000.0,10659515000.0,0.002369332609653869,0.004374985181651995,0.0029516375562706637,0.00417265637920287,0.004684286915686988,0.005527347283253336,0.005151479075931823,0.014021212477712569,0.6232800205197793,0.9474511678217012,0.056837597970328314,0.1382530864779726,0,0.00185650824789912,0.19728199533838625,1954023500.0,1155884500.0,2846940500.0,64.67437162232261,46.971556147092286,119.9478350471202,184.6222066694428,137.6506505223505,-2619853000.0,-802764871.8089336,5232207000.0,-207419000.0,Consumer Cyclical
2023-04-01,MHK,2023,Q1,USD,6372188040.0,9531552040.0,3.396576836552191,37.047964209642565,74.0125019606625,30.810152571081314,10.21244876585511,1.8265393914427341,3.2048931187403458,60.15056100664101,-47.66574659494825,0.7343044708338293,0.8643752572097883,2742766000.0,11000303000.0,0.005432332007334055,-0.003015729633914602,0.006769111514444372,0.00989426460816615,-0.002538971661099439,-0.0038053892832940325,0.012585943712985595,0.020210169441264636,0.49943640292915004,0.7562459905007974,0.04578859199714349,0.0,0,0.0017817543367009679,0.19748226990467072,1978574000.0,1152845000.0,2761820500.0,65.82248809164489,50.420583498745366,113.59857516780478,179.42106325944968,129.0004797607043,-3030581000.0,229434700.4916727,5190185000.0,-596612000.0,Consumer Cyclical
2023-07-01,MHK,2023,Q2,USD,6569228800.0,9466368800.0,3.208473075770702,35.9122782125745,64.42160823170731,29.412910602652218,9.001690259877456,1.7796329070381738,2.6043531527259076,67.90526678146375,-45.97285254396985,0.7907856283307547,0.8484595341806392,2563387000.0,10839994000.0,0.006938558040112407,0.01042951934366931,0.008674632699593699,0.012323399114955882,0.00972910992022424,0.013547224264513878,0.015405156842763643,0.02236853129548479,0.4425429727955933,0.7447536598290271,0.039537653520099456,0.0,0,0.001824481058341366,0.2001323536802434,2069716500.0,1197878000.0,2674293500.0,63.66411585031053,48.03626202885799,106.23483053334229,169.89894638365283,121.86268435479484,-2750196000.0,353030487.59904355,5293057000.0,-521815000.0,Consumer Cyclical
2023-09-30,MHK,2023,Q3,USD,5464552420.0,7965749420.0,2.879686839568995,15.557071249174859,20.710969202969203,-13.838531638004868,-4.345214993893552,1.7262654089257454,-0.6734728504555505,,-41.32153905342169,1.020291546754144,1.0277775096491821,2315751000.0,9488914000.0,-0.057880221440888016,-0.0529325531284508,-0.06814982909198385,-0.10458234257824157,-0.0681722995702002,-0.07374350007402068,-0.13916217496912583,0.07038362347707153,0.24884870926540034,0.8519021194089724,0.04606306300444005,0.0,0,0.0019340709554599726,0.15069161269993253,2015109000.0,1133251000.0,2569210000.0,63.221789857948814,46.96596581105103,109.3318416587961,172.5536315167449,125.58766570569387,-2116582000.0,-469953841.6336278,5291529000.0,-362780000.0,Consumer Cyclical
2023-12-31,MHK,2023,Q4,USD,6591190500.0,9100729500.0,3.4838288650748503,31.303028583221547,180.69192510820793,21.363515683319484,5.891019591825237,1.7814272735999777,2.0842653131452167,76.80706165701109,-40.925592387293314,0.9079299369276133,0.5652865011645491,2458303000.0,9915108000.0,0.010286825042336323,0.012214681019406282,0.012103330203261464,0.018298137325495196,0.012840414639636815,0.015657451947891074,0.02116279297343932,0.007641411669105908,0.826760224263062,1.5586291865253057,0.09201317777051293,0.13279291101483073,0,0.0020009355818944234,0.15008308708587081,1908901500.0,1060211000.0,2535781000.0,64.58693906238156,47.491000963320126,116.75072376096445,181.33766282334602,133.8466618600259,-2459173000.0,17949149.46007693,5594029000.0,-326516000.0,Consumer Cyclical
2024-03-30,MHK,2024,Q1,USD,8337692999.999999,10736793000.0,4.0071631708591475,58.44743059335874,110.8028173374613,34.78067055393586,7.771622934888241,1.8338194288644594,1.7495238095238095,66.70327407353382,-38.55494505494506,0.7906626506024096,0.859546925566343,2601600000.0,9894300000.0,0.00775967187673207,0.011523965437110248,0.009100758396533045,0.013740038472107722,0.010777181655842209,0.014993180552087135,0.012593411630771247,0.011621919876397465,0.472509526401742,0.562905317769131,0.03239531238336941,0.0,0,0.0025378816152870046,0.14735986402098805,1940928000.0,1069962000.0,2539776500.0,67.42106441740688,49.02659679651968,112.46440577417441,179.8854701915813,130.85887339506164,-2302200000.0,46260379.51807225,5653800000.0,-162000000.0,Consumer Cyclical
2024-06-29,MHK,2024,Q2,USD,7224324000.0,9548524000.0,3.40860457644665,40.875530821917806,67.14855133614627,22.36712110564535,5.4443663621457015,1.9203118085577153,1.4841168996188057,81.8215785393263,-36.570361635220124,0.7877877877877878,0.7823022709475332,2703600000.0,9837100000.0,0.01185276664959788,0.019051810630671625,0.013927354775914702,0.020584581180932454,0.01802438976784086,0.02469565553718369,0.021787505654508297,0.01968350256716061,0.3912671232876712,0.5329446064139942,0.03262770856388106,0.0,0,0.0024274444008139076,0.14895779993373295,2012850000.0,1092350000.0,2553800000.0,64.85024809909685,47.71678989374724,113.69093668902707,178.54118478812393,130.8243948943767,-2182000000.0,179428828.8288288,5674400000.0,14200000.0,Consumer Cyclical
2024-09-28,MHK,2024,Q3,USD,10020911000.0,12188211000.0,4.4826079440970945,38.13582916145182,59.687615083251714,33.01248916576381,5.870260021668472,2.0286539155539516,1.9716224552745218,84.76965272295082,-34.78446909667195,0.8027750247770069,0.9474178403755869,2850400000.0,10012600000.0,0.012168374245110117,0.015966727836106014,0.014344026421342495,0.020638257213835276,0.015327601852682192,0.020138111589611277,0.016166194869907537,0.020377388842192094,0.36107634543178974,0.7387964148527529,0.04244207429201913,0.0,0,0.0025744759102611253,0.15167653156265962,2030950000.0,1072000000.0,2596000000.0,67.63736667892607,47.131859455191474,116.01312672720094,183.650493406127,136.5186339509355,-1963100000.0,64991080.27750248,5836400000.0,163900000.0,Consumer Cyclical
2024-12-31,MHK,2024,Q4,USD,7481364000.0,9443064000.0,3.5807159108145004,23.786055415617128,39.97910245554615,34.00455167446885,7.064097947425279,2.05699210417992,0.0,63.3655646607705,-30.973726114649683,0.8358744394618834,0.9192085737840066,2824600000.0,9682500000.0,0.007293443726229791,0.009336266566507484,0.008570430176742133,0.012342082262891648,0.009467305206202217,0.012051888426031287,0.01245762136423251,0.03157178289948197,0.4050377833753149,1.0281329923273657,0.06097376004853633,0.0,0,0.0026164113453662975,0.14899910788349272,1923800000.0,1019850000.0,2562850000.0,61.572121947520095,43.69604048824055,112.24769276570409,173.8198147132242,130.12377422498363,-1725500000.0,122791569.50672644,5652900000.0,275200000.0,Consumer Cyclical
2025-03-29,MHK,2025,Q1,USD,7120124000.0,7507724000.0,2.9724142845831025,2029.1145945945946,2029.1145945945946,78.20545833333334,4.0375,2.0111357825326337,0.0,57.24650718247434,-31.016373801916934,0.8057713651498335,0.933678756476684,3005500000.0,9987600000.0,0.00541447589215796,0.007331854233573019,0.0063359078413404895,0.009234408985105382,0.006885708657146521,0.009198838646620864,0.01019645163483108,0.0005196538711966253,0.0,0.0,0.0,0.0,0,0.0,0.14543013759928403,1966950000.0,1051550000.0,2562000000.0,75.88605590308022,52.10501930501931,120.94517374517375,196.83122964825395,144.72621034323464,-473000000.0,-192743063.26304108,5911900000.0,431300000.0,Consumer Cyclical
2025-06-28,MHK,2025,Q2,USD,6556250000.0,6896450000.0,2.461171978159238,33.42922927775085,33.42922927775085,37.057764642665234,1.8280494357872112,2.125648394784803,0.0,83.64847497952368,-30.2152,0.811529933481153,0.9714593430263866,3211700000.0,10444200000.0,0.010625018143815137,0.013888837802944757,0.012476351178606127,0.01764365599691477,0.01332250938570524,0.017280515486563668,0.022329837940896092,0.03146615824594852,0.0,0.0,0.0,0.0,0,0.0,0.14838737771068597,2192250000.0,562300000.0,2660150000.0,72.42139823703651,0.0,116.82281937059922,189.24421760763573,189.24421760763573,-133900000.0,-54998891.35254988,6253000000.0,583700000.0,Consumer Cyclical
