date,symbol,fiscalYear,period,reportedCurrency,marketCap,enterpriseValue,evToSales,evToOperatingCashFlow,evToFreeCashFlow,evToEBITDA,netDebtToEBITDA,currentRatio,incomeQuality,grahamNumber,grahamNetNet,taxBurden,interestBurden,workingCapital,investedCapital,returnOnAssets,operatingReturnOnAssets,returnOnTangibleAssets,returnOnEquity,returnOnInvestedCapital,returnOnCapitalEmployed,earningsYield,freeCashFlowYield,capexToOperatingCashFlow,capexToDepreciation,capexToRevenue,salesGeneralAndAdministrativeToRevenue,researchAndDevelopementToRevenue,stockBasedCompensationToRevenue,intangiblesToTotalAssets,averageReceivables,averagePayables,averageInventory,daysOfSalesOutstanding,daysOfPayablesOutstanding,daysOfInventoryOutstanding,operatingCycle,cashConversionCycle,freeCashFlowToEquity,freeCashFlowToFirm,tangibleAssetValue,netCurrentAssetValue,sector
1985-09-30,DD,1985,Q3,USD,3109526550.0,,,0.0,0.0,,,0.0,0.0,,,0.0,0.0,,,0.0,0.0,0.0,0.0,0.0,0.0,0.0,,0.0,0.0,,0.0,0.0,,0.0,,,,,0.0,0.0,,,,,,,Basic Materials
1985-12-31,DD,1985,Q4,USD,3698550720.0000005,7245550720.0,2.4907358954967345,0.0,0.0,-0.906713893129771,-0.4438743586534852,1.4534453781512604,0.0,0.0,-14.97028544196901,0.0,0.0,1349000000.0,6741000000.0,0.0,0.0,0.0,0.0,,-0.9024280067758329,0.0,,0.0,0.0,,0.0,0.0,,0.022400676246830092,,,,67.66242695084222,0.0,0.0,67.66242695084222,67.66242695084222,,,4527000000.0,-2714000000.0,Basic Materials
1986-03-31,DD,1986,Q1,USD,4725925920.0,,,0.0,0.0,,,0.0,0.0,,,0.0,0.0,,,0.0,0.0,0.0,0.0,0.0,0.0,0.0,,0.0,0.0,,0.0,0.0,,0.0,,,,,0.0,0.0,,,,,,,Basic Materials
1986-06-30,DD,1986,Q2,USD,5176829480.0,,,0.0,0.0,,,0.0,0.0,,,0.0,0.0,,,0.0,0.0,0.0,0.0,0.0,0.0,0.0,,0.0,0.0,,0.0,0.0,,0.0,,,,,0.0,0.0,,,,,,,Basic Materials
1986-09-30,DD,1986,Q3,USD,4891094400.0,,,0.0,0.0,,,0.0,0.0,,,0.0,0.0,,,0.0,0.0,0.0,0.0,0.0,0.0,0.0,,0.0,0.0,,0.0,0.0,,0.0,,,,,0.0,0.0,,,,,,,Basic Materials
1986-12-31,DD,1986,Q4,USD,5310055000.0,8732055000.0,3.1286474381941956,0.0,0.0,-1.2408775046184453,-0.48628676993036807,1.6271367521367521,0.0,0.0,-14.169250600982476,0.0,0.0,1761000000.0,7411000000.0,0.0,0.0,0.0,0.0,,-0.7459190163239348,0.0,,0.0,0.0,,0.0,0.0,,0.02475085770298971,,,,76.35972769616625,0.0,0.0,76.35972769616625,76.35972769616625,,,4865000000.0,-2505000000.0,Basic Materials
1987-03-31,DD,1987,Q1,USD,7155239100.0,,,0.0,0.0,,,0.0,0.0,,,0.0,0.0,,,0.0,0.0,0.0,0.0,0.0,0.0,0.0,,0.0,0.0,,0.0,0.0,,0.0,,,,,0.0,0.0,,,,,,,Basic Materials
1987-06-30,DD,1987,Q2,USD,7815826900.0,,,0.0,0.0,,,0.0,0.0,,,0.0,0.0,,,0.0,0.0,0.0,0.0,0.0,0.0,0.0,,0.0,0.0,,0.0,0.0,,0.0,,,,,0.0,0.0,,,,,,,Basic Materials
1987-09-30,DD,1987,Q3,USD,9638238000.0,,,0.0,0.0,,,0.0,0.0,,,0.0,0.0,,,0.0,0.0,0.0,0.0,0.0,0.0,0.0,,0.0,0.0,,0.0,0.0,,0.0,,,,,0.0,0.0,,,,,,,Basic Materials
1987-12-31,DD,1987,Q4,USD,8088673520.0,11628673520.0,3.232881156519322,0.0,0.0,-1.5571335725763256,-0.4740224959828602,1.6648335745296672,0.0,0.0,-16.518479163441373,0.0,0.0,2297000000.0,8333000000.0,0.0,0.0,0.0,0.0,,-0.6850747637831391,0.0,,0.0,0.0,,0.0,0.0,,0.033783783783783786,,,,80.79232693911594,0.0,0.0,80.79232693911594,80.79232693911594,,,5284000000.0,-2835000000.0,Basic Materials
1988-03-31,DD,1988,Q1,USD,7436448900.0,,,0.0,0.0,,,0.0,0.0,,,0.0,0.0,,,0.0,0.0,0.0,0.0,0.0,0.0,0.0,,0.0,0.0,,0.0,0.0,,0.0,,,,,0.0,0.0,,,,,,,Basic Materials
1988-06-30,DD,1988,Q2,USD,8165410760.0,,,0.0,0.0,,,0.0,0.0,,,0.0,0.0,,,0.0,0.0,0.0,0.0,0.0,0.0,0.0,,0.0,0.0,,0.0,0.0,,0.0,,,,,0.0,0.0,,,,,,,Basic Materials
1988-09-30,DD,1988,Q3,USD,7842413250.0,,,0.0,0.0,,,0.0,0.0,,,0.0,0.0,,,0.0,0.0,0.0,0.0,0.0,0.0,0.0,,0.0,0.0,,0.0,0.0,,0.0,,,,,0.0,0.0,,,,,,,Basic Materials
1988-12-31,DD,1988,Q4,USD,7643376750.0,11188376750.0,2.602553326354966,0.0,0.0,-1.3550171672520286,-0.4293326874167373,1.5240718562874251,0.0,0.0,-17.2380616983194,0.0,0.0,2188000000.0,9455000000.0,0.0,0.0,0.0,0.0,,-0.684433023872679,0.0,,0.0,0.0,,0.0,0.0,,0.04255188127347743,,,,78.88346127006281,0.0,0.0,78.88346127006281,78.88346127006281,,,6564000000.0,-2621000000.0,Basic Materials
1989-03-31,DD,1989,Q1,USD,8099621010.0,,,0.0,0.0,,,0.0,0.0,,,0.0,0.0,,,0.0,0.0,0.0,0.0,0.0,0.0,0.0,,0.0,0.0,,0.0,0.0,,0.0,,,,,0.0,0.0,,,,,,,Basic Materials
1989-06-30,DD,1989,Q2,USD,7218636160.0,,,0.0,0.0,,,0.0,0.0,,,0.0,0.0,,,0.0,0.0,0.0,0.0,0.0,0.0,0.0,,0.0,0.0,,0.0,0.0,,0.0,,,,,0.0,0.0,,,,,,,Basic Materials
1989-09-30,DD,1989,Q3,USD,8568845070.0,,,0.0,0.0,,,0.0,0.0,,,0.0,0.0,,,0.0,0.0,0.0,0.0,0.0,0.0,0.0,,0.0,0.0,,0.0,0.0,,0.0,,,,,0.0,0.0,,,,,,,Basic Materials
1989-12-31,DD,1989,Q4,USD,9397210200.0,15421210200.0,3.6166065196998125,0.0,0.0,-1.6617683405172414,-0.6491379310344828,1.1320172732880938,0.0,0.0,-33.077679266980745,0.0,0.0,856000000.0,12495000000.0,0.0,0.0,0.0,0.0,,-0.5917612549419717,0.0,,0.0,0.0,,0.0,0.0,,0.18032121266805018,,,,89.05018761726079,0.0,0.0,89.05018761726079,89.05018761726079,,,4555000000.0,-6274000000.0,Basic Materials
1990-03-31,DD,1990,Q1,USD,8411397420.0,15168397420.0,3.0955913102040817,103.89313301369863,-42.969964362606234,12.714499094719196,5.663872590108969,1.1938325991189427,0.31601731601731603,34.32165346405932,-32.919831411318576,0.5945945945945946,0.8662207357859532,1364000000.0,13223000000.0,0.019743589743589744,0.03937146117719352,0.023958927552766685,0.056020371044016005,0.027154999814233045,0.054818798508830896,0.05492547515368736,-0.041966867379332556,3.4178082191780823,1.6858108108108107,0.10183673469387755,0.0,0.0,0.0,0.17594017094017095,4488000000.0,2099000000.0,2868500000.0,87.3734693877551,61.931330472103,93.50858369098712,180.88205307874222,118.95072260663922,-7110000000.0,-177648648.64864862,4793000000.0,-6089000000.0,Basic Materials
1990-06-30,DD,1990,Q2,USD,7328979600.0,14027979600.0,2.9182399833576036,21.094706165413534,77.076810989011,13.632633236151603,6.510204081632653,1.3855588184487821,1.8269230769230769,30.857536083212665,-33.60697033458791,0.6056572379367721,0.8417366946778712,2232000000.0,14355000000.0,0.015482773287962569,0.030441270518013215,0.018778373916632275,0.04296506137865911,0.021779867433233707,0.04029117995598443,0.0496658497998821,0.02483292489994105,0.7263157894736842,1.5333333333333334,0.10047846889952153,0.0,0.0,0.0,0.17549978732454274,4654500000.0,1909500000.0,2915500000.0,85.22571250260037,60.47872340425532,93.38297872340426,178.60869122600462,118.1299678217493,-6517000000.0,-603560732.1131448,5059000000.0,-6304000000.0,Basic Materials
1990-09-30,DD,1990,Q3,USD,5409677760.0,12441677760.0,2.529310380158569,16.05377775483871,56.81131397260274,12.102799377431907,6.840466926070039,1.3524002493765586,2.7288732394366195,27.389667309245112,-36.10008001659603,0.5298507462686567,0.8072289156626506,2261000000.0,14770000000.0,0.011557400398811703,0.027618908969906205,0.013909976979967674,0.03319696084161309,0.017334494261055777,0.03656991793798535,0.05249850593688597,0.040483002817528264,0.7174193548387097,1.5274725274725274,0.11303110388290302,0.0,0.0,0.0,0.16912871851218816,4712000000.0,1995000000.0,3023000000.0,89.14006911973979,62.724550898203596,93.41317365269461,182.5532427724344,119.8286918742308,-6813000000.0,130820895.52238798,5125000000.0,-6615000000.0,Basic Materials
1990-12-31,DD,1990,Q4,USD,6088957800.0,12526957800.0,2.433836759277249,8.329094281914893,13.63107486398259,15.184191272727272,7.803636363636364,1.3936392075078206,5.489051094890511,27.142018165781803,-34.4131576999926,0.6116071428571429,0.9372384937238494,2265000000.0,14703000000.0,0.011439068175176387,0.01970077896385443,0.013863590366322606,0.03139321723189734,0.01489141270811503,0.026265179405461837,0.04499949071744264,0.15092894879317442,0.38896276595744683,1.685878962536023,0.11365844181076355,0.0,0.0,0.0,0.17488414812340833,4705000000.0,2281500000.0,3151000000.0,79.35107829803769,68.38669950738917,88.17118226600985,167.52226056404754,99.13556105665837,-5519000000.0,50348214.28571439,5265000000.0,-6480000000.0,Basic Materials
1991-03-31,DD,1991,Q1,USD,6199190900.0,12425190900.0,2.5111541835084883,46.01922555555556,-51.77162875,11.203959332732191,5.614066726780884,1.531848242255482,0.4671280276816609,40.194358546342606,-32.50411678724073,0.6666666666666666,1.1044585987261146,3056000000.0,15275000000.0,0.02348543334281419,0.03232847376657606,0.028306968999461286,0.06371252204585538,0.025532191702850825,0.04161144977471508,0.09323797400722085,-0.03871472969157959,1.8888888888888888,1.5740740740740742,0.103071948261924,0.0,0.0,0.0,0.17033034009182885,4643500000.0,2224000000.0,3148500000.0,86.38035569927244,61.875,97.34375,183.72410569927246,121.84910569927246,-6466000000.0,-453666666.66666675,5760000000.0,-5857000000.0,Basic Materials
1991-06-30,DD,1991,Q2,USD,6847439520.0,13215439520.0,2.7566623946599917,12.78088928433269,23.726103267504488,15.402610163170163,7.421911421911422,1.5843796159527326,4.437768240343348,25.464374196878225,-34.01174399858007,0.5669099756690997,0.7888675623800384,3165000000.0,15558000000.0,0.009418708060473764,0.021114916209041722,0.011409823221193868,0.02575724076940084,0.01423284971682734,0.026964082393127007,0.034027317703128834,0.0813442745091964,0.46131528046421666,1.4154302670623145,0.09949937421777222,0.0,0.0,0.0,0.17450885277710404,4575500000.0,1949000000.0,3004000000.0,82.64080100125157,58.77425944841676,88.65168539325843,171.29248639451,112.51822694609325,-5811000000.0,46360097.32360101,5682000000.0,-6158000000.0,Basic Materials
1991-09-30,DD,1991,Q3,USD,6713372820.0,13974372820.0,3.10403661039538,16.28714780885781,37.97383918478261,18.101519196891193,9.405440414507773,1.300734618916437,3.8475336322869955,25.68031614548319,-33.82560839217626,0.7012578616352201,0.775609756097561,1965000000.0,14719000000.0,0.008874209081141312,0.016443740349329217,0.010714972131462618,0.02311599460972323,0.0139327254928494,0.022048937886528636,0.03321728227809043,0.0548159635799878,0.5710955710955711,1.3535911602209945,0.10884051532652154,0.0,0.0,0.0,0.1717935453062199,4326000000.0,2080500000.0,2918000000.0,84.96223900488671,72.69355419517464,95.37990637378466,180.34214537867138,107.64859118349673,-6893000000.0,1359515723.27044,6257000000.0,-6056000000.0,Basic Materials
1991-12-31,DD,1991,Q4,USD,6907254710.0,14323254710.0,3.1389994981371903,24.82366500866551,107.69364443609022,35.19227201474202,18.22113022113022,1.2581907090464548,-6.271739130434782,,-34.69180268581698,0.6388888888888888,4.114285714285714,1584000000.0,14668000000.0,-0.0037206292716463786,-0.0014040436456996149,-0.004505828190812028,-0.009740603493912123,-0.0011089070722098244,-0.0018825301204819277,-0.013319329293996747,0.019255117348930078,0.7694974003466204,1.004524886877828,0.0973044049967127,0.0,0.0,0.0,0.17426295142961135,4232500000.0,2314500000.0,2955500000.0,83.13609467455622,81.68124762267021,101.60517306960821,184.74126774416442,103.0600201214942,-7283000000.0,356638888.88888884,6136000000.0,-6563000000.0,Basic Materials
1992-03-31,DD,1992,Q1,USD,7667091800.0,15628091800.0,3.368849277861608,49.612989841269844,-347.2909288888889,17.422621850613154,8.875139353400224,1.1919406150583245,1.8421052631578947,22.098473757164243,-36.693474180131766,0.5166163141993958,0.623352165725047,1267000000.0,14372000000.0,0.006793262354997617,0.0212829916431191,0.008272459000532147,0.01825168107588857,0.013124886983392143,0.028592967530019924,0.022303111070093095,-0.005869239755287657,1.1428571428571428,0.9836065573770492,0.0776029316663074,0.0,0.0,0.0,0.17880978865406005,4090000000.0,2184500000.0,2956000000.0,76.9239060142272,67.39803625377643,100.06042296072506,176.98432897495226,109.58629272117584,-8006000000.0,597323262.8398792,5947000000.0,-6856000000.0,Basic Materials
1992-06-30,DD,1992,Q2,USD,7443516810.0,15023516810.0,3.091894795225355,59.85464864541833,-106.54976460992908,16.050765822649574,8.098290598290598,1.3201809107922644,1.3494623655913978,23.06928352337348,-34.866003076843995,0.5068119891008175,0.6461267605633803,2053000000.0,15594000000.0,0.007072512262823682,0.022070680577412523,0.008585275790445419,0.01971801123714619,0.01310044642801785,0.0285613717503897,0.0249881883453421,-0.018942658906952882,1.5617529880478087,1.065217391304348,0.08067503601564108,0.0,0.0,0.0,0.1762044184189513,4058500000.0,2047500000.0,2972000000.0,76.90471290388969,68.4972972972973,97.2972972972973,174.202010201187,105.7047129038897,-7721000000.0,-522130790.1907357,6830000000.0,-6370000000.0,Basic Materials
1992-09-30,DD,1992,Q3,USD,7272184700.0,14943184700.0,3.143286642827093,36.53590391198044,1245.2653916666666,18.134932888349514,9.309466019417476,1.2845357489485603,2.820689655172414,20.200043698818597,-35.04767831323096,0.5087719298245614,0.6390134529147982,1759000000.0,15347000000.0,0.005608416492612362,0.017103522328533353,0.006777918010564203,0.015534604671094921,0.01063119755911518,0.022671817812118748,0.019938987523240435,0.0016501231053716223,0.9706601466992665,1.0502645502645502,0.08350862431636516,0.0,0.0,0.0,0.17254583430030168,4059000000.0,2175000000.0,3007000000.0,75.08203618005889,70.87262491203379,95.44686840253343,170.5289045825923,99.65627967055852,-7659000000.0,501912280.70175433,6955000000.0,-6497000000.0,Basic Materials
1992-12-31,DD,1992,Q4,USD,7408203300.0,14502203300.0,3.073151790633609,15.797607080610021,31.595214161220042,120.85169416666666,59.11666666666667,1.3194469065768482,-4.061946902654867,,-39.32940460745725,2.2886836027713624,1.6980392156862745,1802000000.0,14985000000.0,-0.03907728706624606,-0.009958214550708791,-0.04723996567832968,-0.12273965816200148,-0.006338747831676382,-0.012931690247984177,-0.13377062694810227,0.06195834285487279,0.5,1.224,0.09726636999364272,0.0,0.0,0.0,0.17279179810725553,3848000000.0,2160500000.0,2853000000.0,71.13795295613477,63.50609756097561,82.07317073170732,153.21112368784208,89.70502612686647,-6635000000.0,-260094688.221709,5728000000.0,-7807000000.0,Basic Materials
1993-03-31,DD,1993,Q1,USD,6644798160.0,13424798160.0,3.0769649690579874,28.322358987341772,95.89141542857143,17.85212521276596,9.01595744680851,1.3545046599930963,1.1791044776119404,31.695248869635773,-37.77585096730763,0.5784172661870504,1.791237113402062,2054000000.0,15167000000.0,0.015761615369535385,0.015256069989187064,0.019005295007564295,0.04844540853217643,0.01069000187103818,0.019684440160316573,0.060498451618882586,0.021069112504088463,0.7046413502109705,0.9175824175824175,0.07655283062113225,0.0,0.0,0.0,0.1706724171731033,3780000000.0,2022500000.0,2718000000.0,79.00527160210865,68.81527669524552,96.24318004676539,175.24845164887404,106.43317495362852,-6640000000.0,2425899.280575514,5997000000.0,-7307000000.0,Basic Materials
1993-06-30,DD,1993,Q2,USD,7359102800.0,14257102800.0,2.9566783077561176,46.7445993442623,-570.284112,15.08688126984127,7.2994708994709,1.3087169111448322,2.046979865771812,19.12876841530377,-37.07478648076502,0.5120274914089347,0.5123239436619719,1831000000.0,14794000000.0,0.0059054337917640995,0.02239041311888994,0.0071237330273474855,0.018186256560478457,0.013804424488336572,0.029430051813471504,0.020247033374774983,-0.003397153250801171,1.0819672131147542,0.8753315649867374,0.06843633347158855,0.0,0.0,0.0,0.17101977725813483,3853500000.0,1948000000.0,2700500000.0,72.36209041891331,61.37517630465444,84.3194640338505,156.6815544527638,95.30637814810936,-6923000000.0,560831615.1202749,5932000000.0,-7222000000.0,Basic Materials
1993-09-30,DD,1993,Q3,USD,7614794250.0,14296794250.0,3.2715776315789475,20.51189992826399,54.77698946360153,26.184604853479854,12.238095238095237,1.3373431861144527,5.014388489208633,18.384944201015532,-37.548240387453674,0.6096491228070176,0.6589595375722543,1963000000.0,15000000000.0,0.005460187767608124,0.013652146464646464,0.006566515495086924,0.01708036372573114,0.010003253022773656,0.017618902128526327,0.018253940347764484,0.034275384394003815,0.6255380200860832,1.1473684210526316,0.09977116704805492,0.0,0.0,0.0,0.16848018226813843,3779500000.0,1912500000.0,2620500000.0,75.83066361556065,74.54664914586071,101.86596583442838,177.69662944998902,103.1499803041283,-6421000000.0,22938596.491228104,6110000000.0,-7276000000.0,Basic Materials
1993-12-31,DD,1993,Q4,USD,7396539200.0,13933539200.0,3.0929054827968923,33.175093333333336,131.44848301886793,18.602856074766354,8.727636849132177,1.3540966200672446,-9.130434782608695,,-38.11326248362207,-1.2777777777777777,0.11320754716981132,2001000000.0,15015000000.0,-0.0018035679278572828,0.012479886974608532,-0.002183095249394903,-0.005714285714285714,-0.0194455079122001,0.016016923541855545,-0.006219124749585589,0.014331026596871143,0.7476190476190476,0.728538283062645,0.06970033296337402,0.0,0.0,0.0,0.1738482650460694,3757000000.0,2067500000.0,2555000000.0,76.55493895671476,69.25925925925925,77.96296296296296,154.51790191967774,85.25864266041849,-6431000000.0,-327333333.3333333,6055000000.0,-7364000000.0,Basic Materials
1994-03-31,DD,1994,Q1,USD,7860511280.0,14714511280.0,3.240368042281436,37.15785676767677,102.1841061111111,16.66422568516421,7.762174405436014,1.2846843960269145,2.2890173410404624,20.2506722580507,-38.77161537512608,0.5242424242424243,0.6261859582542695,1777000000.0,15000000000.0,0.00658821737309113,0.02036164129510857,0.007960244789030506,0.02161689366487567,0.012768081965789702,0.02632762152170655,0.022008746484490766,0.0183194190391137,0.6363636363636364,0.7078651685393258,0.055494384496806874,0.0,0.0,0.0,0.17235995277809513,3999000000.0,2216500000.0,2515500000.0,82.5677163620348,73.6761406133134,84.31189229618549,166.8796086582203,93.2034680449069,-6710000000.0,604275757.5757576,5965000000.0,-7749000000.0,Basic Materials
1994-06-30,DD,1994,Q2,USD,8545580750.0,15074580750.0,3.055245389136603,22.299675665680475,37.22118703703704,15.508827932098766,6.717078189300412,1.3202933985330074,2.693227091633466,24.467311092304023,-38.6219722398621,0.5480349344978166,0.760797342192691,1965000000.0,15296000000.0,0.009496065375302664,0.022850202121804483,0.011470090938171184,0.031180124223602484,0.015214066431528043,0.029659555599349657,0.029371906643091517,0.047392917093434524,0.40088757396449703,0.7324324324324324,0.05492501013376571,0.0,0.0,0.0,0.1721019975786925,4112500000.0,2200500000.0,2548000000.0,74.03931901094447,68.50653819683414,80.24432209222299,154.28364110316744,85.7771029063333,-6124000000.0,240917030.5676856,6068000000.0,-7715000000.0,Basic Materials
1994-09-30,DD,1994,Q3,USD,10293571800.0,16773571800.0,3.324132342449465,22.946062653898768,37.60890538116592,17.472470625,6.75,1.3412660637791527,2.5206896551724136,26.446189860464028,-38.82399596221789,0.5765407554671969,0.8763066202090593,2151000000.0,15507000000.0,0.01081685938082805,0.021561924796213515,0.013024927015495171,0.03516430217048624,0.015145738839275561,0.02799044228799922,0.028172922444665904,0.04332801175972756,0.3898768809849521,0.7383419689119171,0.05648038049940547,0.0,0.0,0.0,0.16952629615814993,4143500000.0,2198000000.0,2580500000.0,75.410225921522,65.38922155688623,76.94610778443113,152.35633370595315,86.96711214906692,-6034000000.0,245934393.63817096,6357000000.0,-7454000000.0,Basic Materials
1994-12-31,DD,1994,Q4,USD,8807590000.0,14816590000.0,2.6968674918092463,17.80840144230769,32.421422319474836,13.518786496350366,5.482664233576642,1.3135388334844365,3.7142857142857144,23.332124916832317,-38.16189786309308,0.5258215962441315,0.623718887262079,2075000000.0,15166000000.0,0.008438500659257863,0.02560209914722144,0.010099188458070334,0.02720427495749332,0.01693878644631364,0.03427510413007477,0.025432609828568313,0.05188706558774875,0.45072115384615385,0.9079903147699758,0.06825627957772115,0.0,0.0,0.0,0.16443774722169902,4343000000.0,2373000000.0,2641000000.0,73.0287586457954,70.1917808219178,74.3013698630137,147.3301285088091,77.13834768689131,-5552000000.0,473136150.2347418,6375000000.0,-7112000000.0,Basic Materials
1995-03-31,DD,1995,Q1,USD,9575525160.0,15882525160.0,2.663959268701778,29.798358649155723,48.12886412121212,9.914185493133584,3.9369538077403248,1.3252176278563657,0.9126712328767124,38.44782236599665,-39.59326498182372,0.5647969052224371,0.9062226117440841,2391000000.0,15593000000.0,0.020842999393268852,0.04182244703467488,0.02470493675705402,0.06832806832806833,0.029058631413572653,0.05520878695504911,0.06098882204806404,0.034462861773734824,0.3808630393996248,0.4403470715835141,0.0340489768534049,0.0,0.0,0.0,0.1563224954495164,4830500000.0,2577500000.0,2794500000.0,78.54243542435424,72.81435257410297,80.78939157566302,159.33182700001726,86.51747442591429,-5977000000.0,586433268.8588009,6753000000.0,-7143000000.0,Basic Materials
1995-06-30,DD,1995,Q2,USD,9169221390.0,11043221390.0,2.0016714500634403,13.4182519927096,43.1375835546875,7.798885162429379,1.323446327683616,1.8969919295671314,1.632936507936508,36.2299344210276,-23.05917738343539,0.6675496688741722,0.6302170283806344,6113000000.0,15178000000.0,0.01940775540067003,0.04438023264429133,0.01992803764184888,0.06018629090040602,0.025810289580348863,0.06254568236399707,0.0549664991783997,0.027919491646171277,0.6889428918590522,2.6009174311926606,0.10277324632952692,0.0,0.0,0.0,0.026108051908044206,4926000000.0,2445000000.0,2741500000.0,75.84013050570962,61.655234118699674,69.9492991351029,145.78942964081253,84.13419552211286,-1618000000.0,-3539437086.0927153,9548000000.0,-2815000000.0,Basic Materials
1995-09-30,DD,1995,Q3,USD,9248828720.0,11106828720.0,2.2741254545454543,10.878382683643487,15.362142074688796,8.5437144,1.4292307692307693,1.9988483053636064,1.7818499127399652,39.298013592738016,-23.51175014515784,0.6154672395273899,0.9841437632135307,6071000000.0,14935000000.0,0.02297514033680834,0.037164352079200144,0.023592868612838144,0.06980143744670483,0.029407142208844432,0.05015374827695897,0.06195379083633847,0.07817206068878309,0.29187071498530853,0.8418079096045198,0.061015561015561014,0.0,0.0,0.0,0.026182838813151563,4512500000.0,2208500000.0,2640000000.0,80.63882063882065,66.83012259194395,84.29422066549913,164.93304130431977,98.10291871237582,-1135000000.0,680232008.5929109,9408000000.0,-2730000000.0,Basic Materials
1995-12-31,DD,1995,Q4,USD,9046386000.0,11610386000.0,2.5272934262080975,12.04396887966805,18.87867642276423,11.484061325420376,2.536102868447082,1.8843063738618104,2.351219512195122,31.42868216724884,-25.39243102162565,0.6212121212121212,1.0963455149501662,4953000000.0,13724000000.0,0.017386141972691036,0.024813486665842297,0.01788518583144303,0.053232926512594134,0.020020862839000855,0.03347978421667316,0.04532196614205939,0.06798294921308908,0.3620331950207469,0.8533007334963325,0.0759686547670875,0.0,0.0,0.0,0.02790263760495293,4242500000.0,2183000000.0,2711000000.0,80.49847627340009,70.62893081761007,86.41509433962264,166.91357061302273,96.28463979541266,-1949000000.0,1551969696.969697,8819000000.0,-3551000000.0,Basic Materials
1996-03-31,DD,1996,Q1,USD,10300659200.0,13504659200.0,2.710690325170614,21.035294704049843,35.72661164021164,11.522746757679181,2.733788395904437,1.6772198498012074,1.3430962343096233,36.466917823319854,-28.88515135031358,0.5945273631840796,0.950354609929078,4599000000.0,13390000000.0,0.01907193871443961,0.034782608695652174,0.01963845521774856,0.06184499935308578,0.024519580229792393,0.04630035026269702,0.04640479708327793,0.03669668053865912,0.411214953271028,0.8098159509202454,0.05299076676033721,0.0,0.0,0.0,0.02884730479192435,4297000000.0,2182500000.0,2678500000.0,81.02167804094742,62.364290385873126,76.78548070634402,157.80715874729145,95.44286836141833,-2826000000.0,918970149.2537313,8921000000.0,-4029000000.0,Basic Materials
1996-06-30,DD,1996,Q2,USD,9103008780.0,12742008780.0,2.4617482187017004,15.008255335689046,25.0826944488189,10.521889991742361,3.004954582989265,1.5454277720512444,1.5521023765996345,39.670438950841614,-30.48536881670458,0.6139169472502806,1.010204081632653,3704000000.0,12656000000.0,0.022386838012605385,0.03563852354688163,0.023028670062728917,0.07109435924096699,0.027409503795228926,0.04999149804455025,0.060090022235483334,0.05580572448926057,0.4016489988221437,1.0364741641337385,0.06588098918083463,0.0,0.0,0.0,0.027870999427027913,4471500000.0,2081000000.0,2644000000.0,77.51545595054095,57.04933291964009,74.80918399007136,152.32463994061231,95.27530702097224,-3131000000.0,1424474747.4747474,9019000000.0,-4239000000.0,Basic Materials
1996-09-30,DD,1996,Q3,USD,9248313580.0,12621313580.0,2.528308008814103,11.473921436363636,15.99659515842839,11.8956772667295,3.1790763430725733,1.6037764124082121,2.335456475583864,37.628675154347675,-31.37847592317474,0.6246684350132626,1.030054644808743,4029000000.0,13042000000.0,0.018852065321805955,0.02962483305678093,0.019445935345361463,0.059703384459373815,0.022618584014132775,0.03997597072797772,0.05092820392882915,0.0853128511674017,0.2827272727272727,0.9452887537993921,0.06229967948717949,0.0,0.0,0.0,0.03053954530899776,4431500000.0,2076500000.0,2730000000.0,79.4170673076923,58.665430954587585,77.32159406858203,156.73866137627434,98.07323042168676,-2584000000.0,150257294.42970824,9190000000.0,-4329000000.0,Basic Materials
1996-12-31,DD,1996,Q4,USD,8963136630.0,12528136630.0,2.555198170507852,15.505119591584158,32.968780605263156,14.516960173812283,4.130938586326767,1.6372418387741505,1.9659367396593674,35.642137601846954,-33.119901799377125,0.6372093023255814,1.174863387978142,3826000000.0,13209000000.0,0.016657885137599804,0.022111686167106348,0.0172877933877345,0.0514521782674011,0.017543147634358568,0.029407038405913546,0.045854483420945016,0.042395872749292234,0.5297029702970297,1.3630573248407643,0.08729349377931879,0.0,0.0,0.0,0.0364365906051149,4400500000.0,2215000000.0,2798000000.0,80.69345298796655,62.85370258880192,76.26429861529199,156.95775160325854,94.10404901445662,-3185000000.0,438827906.9767442,9180000000.0,-4764000000.0,Basic Materials
1997-03-31,DD,1997,Q1,USD,8837517640.0,12740517640.0,2.5521870272435896,18.071656226950356,27.69677747826087,12.053469858088931,3.692526017029328,1.604260813428018,1.552863436123348,37.69926130605711,-33.40184223949113,0.6110363391655451,1.0081411126187245,3744000000.0,12848000000.0,0.01861723939965554,0.030045455471982715,0.019334781312550575,0.05994982173511158,0.022723472699818687,0.04051676745464541,0.0513718918019608,0.05205081548216293,0.3475177304964539,0.765625,0.04907852564102564,0.0,0.037459935897435896,0.0,0.03711145739358648,4544500000.0,2292500000.0,2796000000.0,84.609375,61.62333736396615,75.55320435308344,160.16257935308346,98.5392419891173,-3443000000.0,607333781.9650068,8899000000.0,-4642000000.0,Basic Materials
1997-06-30,DD,1997,Q2,USD,9392487600.0,13247487600.0,2.4687826313827803,10.530594276629571,13.103350741839762,11.744226595744681,3.4175531914893615,1.5457550452331246,2.199300699300699,43.24795748845803,-36.274032451211326,0.6072186836518046,1.171641791044776,3137000000.0,12394000000.0,0.024527250117919473,0.033705745488083506,0.026212079552744936,0.0757314974182444,0.02642796631061825,0.04575200591816992,0.06089973437920748,0.10763921583457826,0.19634340222575516,0.7623456790123457,0.04603056280283265,0.0,0.03708535221766679,0.0,0.06427683203979247,4626500000.0,2200000000.0,2713000000.0,76.4815505031681,54.54158387737723,67.67243826284417,144.15398876601228,89.61240488863504,-2844000000.0,1172203821.656051,7622000000.0,-5315000000.0,Basic Materials
1997-09-30,DD,1997,Q3,USD,9752775560.0,14720775560.0,3.0308370516779903,17.886726075334142,28.695468927875243,15.67707727369542,5.2907348242811505,1.3935834502103788,1.9410377358490567,37.90758443710002,-40.91953465398931,0.6424242424242425,1.0393700787401574,2245000000.0,11469000000.0,0.01864145966146406,0.02756913992966613,0.019964215086166307,0.05474499677211104,0.02270366172859494,0.03726307141599671,0.04347480339227657,0.052600410708108204,0.37667071688942894,1.019736842105263,0.06382540662960676,0.0,0.04056001647107268,0.0,0.06625632007034513,4584500000.0,2225000000.0,2667000000.0,85.40457072266831,64.24606845513414,74.51433857539315,159.91890929806146,95.67284084292733,-4455000000.0,1293939393.939394,6883000000.0,-6406000000.0,Basic Materials
1997-12-31,DD,1997,Q4,USD,11101084000.0,17124084000.0,3.5652891942535914,19.750961937716262,-14.02463882063882,22.067118556701033,7.76159793814433,1.1771117166212535,2.421787709497207,34.09672457640829,-44.55767562879445,0.7103174603174603,1.1533180778032037,1300000000.0,11114000000.0,0.014891846921797005,0.018681201239713584,0.01606966514049735,0.046644951140065144,0.016544543767121316,0.02616766467065868,0.03224910288040339,-0.10998925870662721,2.4083044982698962,6.15929203539823,0.43472829481574016,0.0,0.04205704767853425,0.0,0.0732945091514143,4783500000.0,2503000000.0,2803000000.0,92.90443472829482,71.67505179047055,77.80112459307487,170.7055593213697,99.03050753089914,-7244000000.0,-493591269.84126997,6589000000.0,-7049000000.0,Basic Materials
1998-03-31,DD,1998,Q1,USD,10382672760.0,15632672760.0,3.237248448954235,20.11926996138996,32.84174949579832,30.955787643564356,10.396039603960396,1.3135208711433757,1.8412322274881516,38.33019564270562,-44.08589970815954,0.6355421686746988,3.0458715596330275,2073000000.0,11345000000.0,0.017939125998979764,0.009166596585653015,0.01908465991316932,0.05381280285641418,0.007508573204589439,0.012890255439924314,0.04064464033055011,0.045845613263843246,0.38738738738738737,1.048780487804878,0.06233174570304411,0.0,0.10975357216815075,0.0,0.06002380547525931,4872500000.0,2569000000.0,2841500000.0,89.2172292400083,64.33829973707275,72.62050832602979,161.83773756603807,97.49943782896533,-4774000000.0,-648451807.2289157,6845000000.0,-6582000000.0,Basic Materials
1998-06-30,DD,1998,Q2,USD,10278097340.0,15615097340.0,3.2149675396335184,14.971330143815916,21.83929697902098,15.599497842157842,5.3316683316683315,1.3583138173302107,2.442622950819672,38.795941269262165,-44.693890299349896,0.6479514415781487,0.9347517730496454,2295000000.0,11743000000.0,0.018100122928235342,0.029926774912448266,0.019243769435305782,0.05426356589147287,0.024508061929963777,0.04102176189922029,0.04154465421710046,0.06956540460240475,0.336529242569511,1.1858108108108107,0.07226683137739345,0.0,0.03911879761169446,0.0,0.05942944343181722,4672000000.0,2394000000.0,2696500000.0,84.44101297096974,65.30998140111593,73.40049597024178,157.84150894121152,92.53152754009558,-4645000000.0,179805766.3125949,7065000000.0,-6424000000.0,Basic Materials
1998-09-30,DD,1998,Q3,USD,8968696800.0,14513696800.0,3.3643247102457114,188.48956883116884,216.62234029850745,19.936396703296705,7.616758241758242,1.2973427000610873,0.24758842443729903,33.11878059206322,-45.73958615704346,0.6652542372881356,1.087557603686636,1947000000.0,11595000000.0,0.013436604048097907,0.01848381601362862,0.014298073858203178,0.041283197475677096,0.015748668465774877,0.025801081980857263,0.035010660634664334,0.007470427587651308,0.12987012987012986,0.034013605442176874,0.0023180343069077423,0.0,0.0458970792767733,0.0,0.06025075955325431,4579500000.0,2360500000.0,2691000000.0,96.00834492350486,71.71074656846335,82.8891864747238,178.89753139822867,107.18678482976532,-5810000000.0,588720338.9830508,6784000000.0,-6682000000.0,Basic Materials
1998-12-31,DD,1998,Q4,USD,9639555000.0,15393555000.0,3.4662362080612477,14.67450428979981,30.9729476861167,18.195691489361703,6.801418439716312,1.1750950014615609,6.993333333333333,22.46869208985335,-48.74832214765101,0.7389162561576355,0.48564593301435405,1198000000.0,11286000000.0,0.00629458665547629,0.01771223966609462,0.006760106359006715,0.02007494646680942,0.016416870153815863,0.024605603955733458,0.015560884293932655,0.0515583966272302,0.5262154432793136,1.2897196261682242,0.124296329655483,0.0,0.05111461382571493,0.0,0.06886277801091062,4569500000.0,2521500000.0,2780500000.0,91.9455077685206,81.35437881873727,85.84521384928718,177.79072161780778,96.4363427990705,-5257000000.0,933866995.0738916,6363000000.0,-7786000000.0,Basic Materials
1999-03-31,DD,1999,Q1,USD,9732840000.0,15080840000.0,3.4142721304052523,15.248574317492416,20.518149659863944,17.910736342042757,6.351543942992874,1.1904309252217997,2.996969696969697,34.08520861451192,-47.759990917347864,0.6191369606003753,1.0018796992481203,1202000000.0,11070000000.0,0.014255475398505335,0.022648417377977393,0.015326026379342375,0.04349545274812179,0.017962636365785,0.03159707786422759,0.033905828103616205,0.07551752623078156,0.2568250758341759,0.8193548387096774,0.0575050939551732,0.0,0.043468417477926194,0.0,0.06985182945267614,4366000000.0,2578500000.0,2717000000.0,85.4765678062033,74.99498830604745,78.9041095890411,164.3806773952444,89.38568908919694,-4613000000.0,381380863.0393996,6402000000.0,-7616000000.0,Basic Materials
1999-06-30,DD,1999,Q2,USD,13288044900.0,18419044900.0,3.987669387313271,20.375049668141592,39.868062554112555,20.108127620087338,5.601528384279476,1.2431169697980977,2.1941747572815533,38.3793611680008,-47.049432757410386,0.64375,1.0666666666666667,1457000000.0,11343000000.0,0.017831638173555507,0.02594370216629913,0.01921193751457216,0.05318187685555699,0.020994129796717033,0.03506311360448808,0.03100531365603679,0.0347680944395364,0.4889380530973451,1.3987341772151898,0.09569170816193981,0.0,0.04827884823554882,0.0,0.07184592079636443,4130000000.0,2444000000.0,2608500000.0,79.2054557263477,69.36896329684481,75.13522215067611,154.3406778770238,84.971714580179,-4669000000.0,5250000.0,6493000000.0,-7502000000.0,Basic Materials
1999-09-30,DD,1999,Q3,USD,11899181450.0,16794181450.0,3.5785598657575113,20.606357607361964,36.50909010869565,20.91429819427148,6.095890410958904,1.3336054866100588,2.5389408099688473,33.815467209667524,-44.050180023097305,0.6381709741550696,1.0161616161616163,2043000000.0,12039000000.0,0.01344671581769437,0.021074142665559743,0.014431506541383806,0.041585697629226585,0.016729934975466553,0.027890466531440162,0.026976645523797773,0.038658121311361295,0.43558282208588955,1.1525974025974026,0.07564457702961858,0.0,0.04325591306200725,0.0,0.06823894101876675,4088500000.0,2485500000.0,2676000000.0,78.85787342851054,70.15426497277676,75.10889292196006,153.9667663504706,83.81250137769385,-4435000000.0,-317105367.79324055,7012000000.0,-7064000000.0,Basic Materials
1999-12-31,DD,1999,Q4,USD,13949938000.0,19500938000.0,3.7501803846153847,68.66527464788733,-37.64659845559846,23.050754137115838,6.561465721040189,1.4054011119936458,1.0597014925373134,33.233329559561774,-46.12676056338028,0.6365795724465558,0.8789144050104384,2552000000.0,12876000000.0,0.01051021608690537,0.019404103623584697,0.011324741178956264,0.030203989631466244,0.015066041563412236,0.024942720266611124,0.019211554918738705,-0.03713278152203974,2.823943661971831,2.1852861035422344,0.15423076923076923,0.0,0.043653846153846154,0.0,0.07192438919173301,4363000000.0,2723000000.0,2772500000.0,79.8576923076923,69.00320684126136,67.00694815606627,146.86464046375858,77.86143362249722,-6069000000.0,-639078384.7980998,7447000000.0,-7371000000.0,Basic Materials
2000-03-31,DD,2000,Q1,USD,12133308000.0,17806308000.0,3.309107600817692,37.80532484076433,-2543.7582857142856,16.17285013623978,5.15258855585831,1.3329748002458512,1.1376811594202898,45.95944808723789,-45.7653743315508,0.661498708010336,1.205607476635514,2167000000.0,12485000000.0,0.01993614204501207,0.025087434790254198,0.021560618183349475,0.05545326546084696,0.02094609965685009,0.03348284134765829,0.042197890303287446,-0.000576924281490258,0.5180467091295117,0.7721518987341772,0.045344731462553425,0.0,0.050176547110202564,0.0,0.07534459933027023,4762500000.0,2915000000.0,2795000000.0,82.1390076194016,49.131637168141594,46.52654867256637,128.66555629196796,79.53391912382637,-5446000000.0,983682170.5426357,7702000000.0,-7370000000.0,Basic Materials
2000-06-30,DD,2000,Q2,USD,12809211360.0,18951211360.0,2.498182356973372,28.584029200603318,65.57512581314879,14.477625179526356,4.692131398013751,1.1450340136054422,1.2533081285444234,39.87195071158115,-37.889967333632946,0.6643073811931244,1.1264236902050113,1066000000.0,11935000000.0,0.02454973469845303,0.03348333460453055,0.026407813818883397,0.06871666143708817,0.02836231055034843,0.04522975479085102,0.05129121391904333,0.02256188861887903,0.5188536953242836,1.0455927051671732,0.04534669127339837,0.0,0.03651463221724229,0.0,0.0703609595695389,4804500000.0,2963000000.0,2967000000.0,55.73688373319272,44.713471849865954,47.201742627345844,102.93862636053856,58.22515451067261,-5823000000.0,1789904954.4994946,8082000000.0,-8381000000.0,Basic Materials
2000-09-30,DD,2000,Q3,USD,10600863000.0,16706863000.0,3.029898984403337,-156.13890654205608,-19.115403890160184,17.58617157894737,6.427368421052631,1.2128260285022856,-0.29971988795518206,29.571056351222445,-36.88734516237027,0.649090909090909,1.080550098231827,1583000000.0,12277000000.0,0.013177321718588514,0.01890295985442121,0.014134695331987171,0.036754864614434266,0.016298137179157013,0.025898036023201385,0.03367650350730879,-0.08244611783021816,-7.168224299065421,1.7392290249433107,0.13910047152702212,0.0,0.04951033732317737,0.0,0.06773217185885132,5015500000.0,3069000000.0,3222000000.0,87.04570184983679,46.17884864165589,48.23091849935317,135.27662034918995,89.09777170753406,-6980000000.0,-497805454.5454545,8282000000.0,-7954000000.0,Basic Materials
2000-12-31,DD,2000,Q4,USD,11162996820.0,20334996820.0,3.1366646336572575,45.088684745011086,44.496710765864336,29.68612674452555,13.38978102189781,1.113044333038435,1.8559670781893005,35.70634922495029,-74.17577540795179,0.6657534246575343,1.0252808988764044,1150000000.0,12227000000.0,0.006751687921980495,0.011286717499167763,0.007125263898662914,0.020523648648648647,0.010593966528610861,0.013788829498799287,0.02176834804473231,0.04093882739276817,0.013303769401330377,0.0182370820668693,0.0009254974548819991,0.0,0.0368656486194663,0.0,0.05242977411019421,5876000000.0,3871000000.0,3388500000.0,89.11152244331329,79.83110075713454,60.506697728596386,149.61822017190968,69.78711941477515,-5852000000.0,1005008219.1780822,10403000000.0,-12378000000.0,Basic Materials
2001-03-31,DD,2001,Q1,USD,13447520720.0,23735520720.0,3.21358255077173,-40.64301493150685,-27.696056849474914,39.10299953871499,16.948929159802308,1.2037492317148126,0.8145048814504882,,-57.14660315466686,0.6480605487228004,-6.109826589595376,1989000000.0,17195000000.0,-0.019333897826700537,0.004844513518432954,-0.02063004457294302,-0.06474480151228733,0.004038124615507973,0.0067399096150849306,-0.05093875772812343,-0.06372921952263035,-0.4674657534246575,0.6290322580645161,0.036961819658813976,0.0,0.036826428378012456,0.0,0.06282811176968671,6308000000.0,4156000000.0,3920000000.0,75.51177904142973,52.17936802973978,61.01765799256506,136.52943703399478,84.350069004255,-11145000000.0,-560648060.5487227,8770000000.0,-12683000000.0,Basic Materials
2001-06-30,DD,2001,Q2,USD,14210196000.0,26124196000.0,3.5572162309368194,38.13751240875912,84.54432362459546,29.890384439359266,13.631578947368421,1.1779944838455476,2.4464285714285716,27.197056835603764,-61.84232434232434,0.7088607594936709,0.8876404494382022,1807000000.0,18637000000.0,0.007578423146669554,0.012296724097434267,0.008337303477846593,0.026445032111824706,0.010146730638400369,0.016607576040306028,0.019704161715996035,0.021744949893724195,0.5489051094890511,0.8764568764568764,0.05119825708061002,0.0,0.03690087145969499,0.0,0.09102227515089181,6301000000.0,3623000000.0,4476500000.0,78.49264705882354,51.37200586605833,67.10770734886752,145.60035440769104,94.22834854163271,-11605000000.0,544810126.5822785,7618000000.0,-14007000000.0,Basic Materials
2001-09-30,DD,2001,Q3,USD,13957272540.0,25531272540.0,3.794214971020954,78.31678693251534,-1110.055327826087,31.95403321652065,14.485607008760951,1.2070635146681856,5.719298245614035,12.098014835617834,-64.0906779914466,0.7125,0.23121387283236994,2181000000.0,19101000000.0,0.0014979501734468622,0.009226789690529208,0.0016402405686167304,0.0055152394775036286,0.008408398677985873,0.012573131291107962,0.004083892453675623,-0.0016478864286761288,1.0705521472392638,0.7704194260485652,0.05186506167335414,0.0,0.03878733838609006,0.0,0.08674971092189636,6639500000.0,3044000000.0,4644500000.0,91.93936691930449,41.25731512679553,75.22078382691967,167.16015074622416,125.90283561942863,-11597000000.0,-10500000.0,7404000000.0,-14633000000.0,Basic Materials
2001-12-31,DD,2001,Q4,USD,14449842000.0,25112842000.0,3.957271036873621,18.438209985315712,32.48750582147478,35.72239260312944,15.167852062588905,1.268676923076923,-36.810810810810814,,-62.73286759813706,0.7708333333333334,-0.23529411764705882,2183000000.0,18892000000.0,-0.0010418133183162045,0.005545964902741719,-0.0011425042457928053,-0.003702591814269989,0.002930327162409073,0.007447973713033954,-0.0025605816312732,0.05349539462092388,0.43245227606461084,1.1803607214428857,0.09281437125748503,0.0,0.04223132682004412,0.0,0.08813177530620864,5986000000.0,3112000000.0,4576500000.0,72.30066183422629,60.42619926199262,73.7269372693727,146.027599103599,85.60139984160637,-9890000000.0,-7000000.0,7220000000.0,-14857000000.0,Basic Materials
2002-03-31,DD,2002,Q1,USD,14017769550.0,25160769550.0,3.9906057969865185,168.86422516778524,-170.00519966216217,35.38786153305204,15.672292545710267,1.222989874925551,3.9210526315789473,15.946471144361395,-62.110450909788284,1.6935483870967742,0.21016949152542372,1872000000.0,18982000000.0,0.002970213006704195,0.00832557220669997,0.0033156498673740055,0.010665312341289994,0.006184800287778041,0.010943760201810357,0.00749049266543264,-0.01055802775699077,1.9932885906040267,0.7139423076923077,0.04710547184773989,0.0,0.03965107057890563,0.0,0.10418375717801477,5162500000.0,3551000000.0,4372500000.0,74.6122125297383,58.57357639541439,72.81526028941929,147.42747281915757,88.85389642374318,-11291000000.0,610806451.6129032,6514000000.0,-14887000000.0,Basic Materials
2002-06-30,DD,2002,Q2,USD,14917233240.0,26520233240.0,3.6746893778578356,67.82668347826088,0.0,27.396935165289257,11.986570247933884,1.1624203821656052,1.6428571428571428,24.167473217743584,-65.4651706712873,0.6819484240687679,0.6572504708097928,1530000000.0,19056000000.0,0.006414229888155235,0.014657171248757867,0.007143714731660464,0.02367923589692568,0.011970335300668268,0.01918006140509301,0.01595470126201499,0.0,1.0,0.8947368421052632,0.054177636136898986,0.0,0.037688790356103646,0.0,0.10211561784126129,5470500000.0,3626000000.0,4330000000.0,71.25675488430095,56.92988313856428,65.43405676126878,136.69081164556974,79.76092850700546,-11603000000.0,750114613.1805158,6617000000.0,-15749000000.0,Basic Materials
2002-09-30,DD,2002,Q3,USD,11809554000.0,23297554000.0,3.3088416418122426,29.013143212951434,57.52482469135803,28.481117359413204,14.0440097799511,1.2748489515460253,6.2734375,17.456504027288073,-65.65893385982231,0.6564102564102564,0.5327868852459017,2320000000.0,19798000000.0,0.003479395455039687,0.009906215744387154,0.0038790229710891568,0.013098649201801064,0.008014884198370438,0.012911419197798708,0.010838681968853354,0.034294267167075065,0.49564134495641343,0.8805309734513275,0.05652606163897174,0.0,0.03721062349098139,0.0,0.10302272480156573,5462500000.0,3807500000.0,4417500000.0,66.6084363016617,57.31358189081225,67.11051930758988,133.71895560925157,76.40537371843931,-11083000000.0,-495753846.15384614,6348000000.0,-15889000000.0,Basic Materials
2002-12-31,DD,2002,Q4,USD,12825910000.0,24377910000.0,3.438836225137537,31.86654901960784,106.92065789473685,55.78469107551487,26.434782608695652,1.318992773261066,-0.9456118665018541,,-78.3500823723229,0.6587947882736156,14.795180722891565,2825000000.0,20424000000.0,-0.02044891562610586,-0.002174197773411919,-0.02262304250559284,-0.1060844479412536,-0.0015716056510997891,-0.002703054777567902,-0.06307544649853306,0.0177765164421082,0.7019607843137254,1.0326923076923078,0.07575116377486246,0.0,0.03977994075327973,0.0,0.09610232040847277,5348000000.0,3330000000.0,4344000000.0,69.6360558611934,39.476861167002006,58.616313264200585,128.25236912539398,88.77550795839198,-11324000000.0,-572421824.1042345,4190000000.0,-19889000000.0,Basic Materials
2003-03-31,DD,2003,Q1,USD,11978185140.0,23483185140.0,2.905975144165326,28.43000622276029,38.94392228855721,30.068098770806657,14.73111395646607,1.2921224174124406,9.717647058823529,11.777305324916217,-78.39673823909521,0.5100671140939598,0.4790996784565916,2644000000.0,20130000000.0,0.0019053827061448593,0.007828921698196328,0.0021071893975101895,0.010080912587876377,0.006606241004718416,0.010085614217148786,0.006344867700049592,0.05034151609381453,0.26997578692493945,0.474468085106383,0.02759559460462814,0.0,0.029328053458730356,0.0,0.09577055180886003,5380500000.0,2866000000.0,4218500000.0,58.76005444870684,36.41211782772581,53.13555772720927,111.89561217591611,75.4834943481903,-10902000000.0,640899328.8590604,4059000000.0,-20313000000.0,Basic Materials
2003-06-30,DD,2003,Q2,USD,13472049960.0,24678049960.0,2.9941822324678475,29.51919851674641,43.75540773049645,21.994696934046345,9.98752228163993,1.2777719828935017,2.127226463104326,27.247908405303683,-77.4669191473218,0.6442622950819672,0.928462709284627,2663000000.0,20130000000.0,0.009704422549818506,0.016346536624203822,0.010713117435394177,0.050063694267515925,0.013941532924014422,0.021255257198317695,0.02917150702134124,0.041864452824520254,0.3253588516746411,0.5849462365591398,0.033001698616840575,0.0,0.02984712448434846,0.0,0.0941551226016742,5398500000.0,2738000000.0,4232000000.0,60.28755156515409,33.2883787661406,54.684361549497844,114.97191311465193,81.68353434851133,-10642000000.0,630668852.4590163,4392000000.0,-20042000000.0,Basic Materials
2003-09-30,DD,2003,Q3,USD,14195580000.0,24781580000.0,3.106629058543312,23.2037265917603,30.519187192118228,25.107983789260384,10.725430597771023,1.3373757238064024,3.216867469879518,25.15038770279278,-75.94422700587084,0.6887966804979253,0.9251439539347409,3088000000.0,20414000000.0,0.008237191415457139,0.012895720402960323,0.009098632464578366,0.04170854271356784,0.011767428206631346,0.016724447868515666,0.023387561480404464,0.05720090337978441,0.2397003745318352,0.5493562231759657,0.03209226526263006,0.0,0.030964021561990723,0.0,0.09467807964272423,5424500000.0,3583000000.0,4201000000.0,60.11282437006394,60.18364669873197,54.66112811543507,114.77395248549901,54.59030578676704,-9774000000.0,168724066.3900416,4512000000.0,-19736000000.0,Basic Materials
2003-12-31,DD,2003,Q4,USD,18115633900.0,28832633900.0,3.4604697431589053,27.459651333333333,41.13071883024251,27.938598740310077,10.38468992248062,1.3637507866582756,1.1302475780409043,45.21716878446258,-76.78292725931054,1.8215686274509804,0.9622641509433962,3468000000.0,21490000000.0,0.022176601179250913,0.012896004671760183,0.02439216510003676,0.1012534059945504,0.029354459049144983,0.016379763266062986,0.05128167223560419,0.03869585816701672,0.3323809523809524,0.6952191235059761,0.04188670187229957,0.0,0.030124819971195392,0.0,0.09083096607863264,5574000000.0,4736000000.0,4108500000.0,62.8660585693711,61.194486983154675,50.74481414450787,113.61087271387896,52.416385730724286,-10016000000.0,762333333.3333335,5746000000.0,-19338000000.0,Basic Materials
2004-03-31,DD,2004,Q1,USD,17801643120.0,28979643120.0,3.1130780019336126,305.0488749473684,-273.3928596226415,22.76484141398272,8.780832678711704,1.38598512621766,0.2025586353944563,32.203645224812625,-74.34651571646606,0.6671408250355618,0.9262187088274044,3685000000.0,21419000000.0,0.011198128074112985,0.01812039678655414,0.012314882890452683,0.04947779301614094,0.016015149951879408,0.0234730168548013,0.02634588261535714,-0.005954506518609503,2.1157894736842104,0.39105058365758755,0.02159200773445053,0.0,0.026963153937050167,0.0,0.09068334845518361,6100000000.0,5054000000.0,4187500000.0,61.68224299065421,59.46123687871506,49.228531680789175,110.91077467144339,51.44953779272833,-11284000000.0,634749644.3812233,6074000000.0,-18778000000.0,Basic Materials
2004-06-30,DD,2004,Q2,USD,18109614720.0,28400614720.0,2.885068541243397,45.51380564102564,96.27327023728813,20.639981627906977,7.4789244186046515,1.5256179775280898,0.910948905109489,39.50295753281165,-71.72989707867181,0.685,1.1441647597254005,4678000000.0,21938000000.0,0.016238384221505784,0.02079318630599767,0.017805156997296734,0.06920590018185492,0.018609016295943855,0.026258863117413773,0.03782521111525888,0.016289689458396164,0.5272435897435898,0.6553784860557769,0.033421373425436815,0.0,0.026615197074360015,0.0,0.0879954485112839,6481000000.0,5310000000.0,4342500000.0,60.17675741568468,58.19532654284002,47.022168963451165,107.19892637913586,49.003599836295834,-9996000000.0,-194216000.0,6591000000.0,-18303000000.0,Basic Materials
2004-09-30,DD,2004,Q3,USD,20163465570.000004,30204465570.000004,2.998854802422558,36.434819746682756,59.45760938976379,22.778631651583712,7.572398190045249,1.456451286206198,1.3435980551053484,38.51903700757025,-71.58127492961519,0.7174418604651163,1.121251629726206,4507000000.0,21677000000.0,0.014233315647419779,0.017934598342160334,0.015556844255061647,0.0586892418909921,0.01687932090543217,0.0229126213592233,0.03059989850742706,0.02519408175327868,0.38721351025331724,0.5742397137745975,0.03187053216838761,0.0,0.024622716441620333,0.0,0.08507693372396134,6741500000.0,5544500000.0,4531000000.0,61.66501191421764,58.91341842014488,48.65815798551225,110.32316989972989,51.40975147958501,-9533000000.0,985141860.4651163,7244000000.0,-18036000000.0,Basic Materials
2004-12-31,DD,2004,Q4,USD,22076634700.0,31562634700.0,2.8861224122165328,28.13069046345811,49.31661671875,21.168769081153588,6.362173038229376,1.5124690652960213,1.0935672514619883,53.707550660969986,-70.13444343036576,0.8321167883211679,1.2607361963190185,5384000000.0,22899000000.0,0.02236024844720497,0.02191989600376538,0.024313948528366273,0.08361858190709047,0.02309025462557567,0.027643517340795388,0.046474474662571645,0.0289899257154443,0.4295900178253119,0.9395711500974658,0.04407461594732992,0.0,0.02386613021214338,0.0,0.08035305655442955,7129000000.0,5794000000.0,4829500000.0,60.54590343818581,57.079074771382466,47.99677245831092,108.54267589649673,51.463601125114266,-8846000000.0,-6807785.888077736,9032000000.0,-17276000000.0,Basic Materials
2005-03-31,DD,2005,Q1,USD,22679518000.0,31775518000.0,2.7207396181179897,29.586143389199254,40.3242614213198,14.449985447930878,4.136425648021828,1.616065416065416,0.7937915742793792,63.13795119253819,-63.81607757272443,0.7192982456140351,1.1183115338882283,6404000000.0,23469000000.0,0.029430957974419213,0.03662214093645558,0.03197447713576746,0.10109085475194261,0.03304472609470584,0.04727773561570678,0.05965735250634515,0.034745006485587565,0.26629422718808193,0.5531914893617021,0.02448839797927905,0.0,0.021834061135371178,0.0,0.07954842077786478,7572500000.0,5609500000.0,5083500000.0,60.015412278448494,51.31841062439756,50.2195566027632,110.2349688812117,58.91655825681414,-8308000000.0,438743753.32270074,10066000000.0,-15450000000.0,Basic Materials
2005-06-30,DD,2005,Q2,USD,20364963420.0,28593963420.0,2.497289381659389,20.90202004385965,28.480043247011952,14.470629261133602,4.1644736842105265,1.6802216182312357,1.0814229249011857,62.21090834210057,-59.88343508647461,0.7891453524641298,1.080917060013486,6507000000.0,23548000000.0,0.028181878940450465,0.032643986836747046,0.03066369321762738,0.09008046713665172,0.03242744433760957,0.041986353727244415,0.06211648771034228,0.04930035862544162,0.26608187134502925,0.7383367139959433,0.03179039301310044,0.0,0.02366812227074236,0.0,0.0809365740637601,7536000000.0,5142000000.0,5206500000.0,57.25414847161572,48.0,50.351612903225806,107.60576137484153,59.605761374841535,-7225000000.0,1215730505.3025577,10744000000.0,-14437000000.0,Basic Materials
2005-09-30,DD,2005,Q3,USD,19078766900.0,26790766900.0,2.3790752952668504,24.533669322344323,38.714981069364164,17.95627808310992,5.168900804289544,1.7321134868421053,1.3632958801498127,50.52697820922335,-58.92541330855088,0.6977351916376306,1.1537688442211056,7122000000.0,24067000000.0,0.017513173142095023,0.021958862994350282,0.01901619106405204,0.054627293186933094,0.01924438238104264,0.027631980893665472,0.04198384540250345,0.03627068791327389,0.3663003663003663,0.8048289738430584,0.03552082408311873,0.0,0.02344374389485836,0.0,0.07903885257012921,7540500000.0,4984500000.0,5326500000.0,62.31506970961726,46.9105098855359,51.04058272632675,113.35565243594401,66.44514255040811,-7020000000.0,192714285.71428585,11381000000.0,-13891000000.0,Basic Materials
2005-12-31,DD,2005,Q4,USD,20021675760.0,26921675760.0,2.259098410673827,28.64008059574468,68.50299175572519,15.209986305084746,3.8983050847457625,1.632186063959486,0.8576642335766423,60.54639506918583,-55.53998243351834,0.6202603282399547,1.474958263772955,6741000000.0,23861000000.0,0.02386032133060478,0.026136946253449835,0.02587896389695639,0.07152179587575046,0.020971086821093787,0.03396558078874996,0.054740672715798695,0.019628726621632193,0.5819148936170213,0.9562937062937062,0.04590081396324578,0.0,0.023747587480070487,0.0,0.07800322201419428,7861500000.0,5384500000.0,5384500000.0,59.859024922379795,51.69009871373019,47.73257553096022,107.59160045334002,55.901501739609834,-6507000000.0,1177547255.2348614,12077000000.0,-12870000000.0,Basic Materials
2006-03-31,DD,2006,Q1,USD,18638508410.0,25892508410.0,2.1541188361064894,37.04221517882689,63.462030416666664,12.736108416133792,3.5681259222823414,1.7408976298537568,0.5757825370675453,64.79856355345207,-53.10833051795694,0.7479975354282193,1.0545808966861598,7346000000.0,24484000000.0,0.02664384162935651,0.03364007956458065,0.028921977367480645,0.0758702581088682,0.03165753144102141,0.04317091643524362,0.06513396744498397,0.021890163688264797,0.41630901287553645,0.5890688259109311,0.02420965058236273,0.0,0.02312811980033278,0.0,0.0787683258713019,7740000000.0,5376500000.0,5650500000.0,56.56073211314476,45.84004896460267,54.919922472712436,111.4806545858572,65.64060562125452,-6846000000.0,772874306.8391867,12760000000.0,-11954000000.0,Basic Materials
2006-06-30,DD,2006,Q2,USD,17837559640.0,24892559640.0,1.9899719913662164,20.139611359223302,34.14617234567901,14.677216768867925,4.159787735849057,1.8119141845448865,1.2082111436950147,61.250438723068136,-52.40125044369579,0.754424778761062,1.1452702702702702,7796000000.0,25032000000.0,0.022170209999349846,0.025821365871743704,0.02403495994173343,0.06084939329050678,0.024348747905180053,0.03240195944281766,0.05735089444107389,0.04086881920580925,0.41019417475728154,0.990234375,0.040530817811175956,0.0,0.02294348069390039,0.0,0.07758489911795939,7799000000.0,5129500000.0,5915500000.0,57.87512990646734,44.61031626506024,49.54913403614458,107.42426394261193,62.81394767755169,-6326000000.0,468321533.92330384,13578000000.0,-11587000000.0,Basic Materials
2006-09-30,DD,2006,Q3,USD,17733759000.0,24807759000.0,2.0072626426086253,25.601402476780187,55.87333108108108,15.770984742530198,4.497139224411952,1.7724028548770816,1.892578125,43.50456355095379,-53.04973412574289,0.764179104477612,0.6473429951690821,7792000000.0,24821000000.0,0.010992549971015737,0.02232528041415013,0.011933062974875308,0.03049070986183897,0.021957588981860128,0.02836471265312834,0.02887148742689015,0.0250369930030063,0.541795665634675,0.9758364312267658,0.042479164980985515,0.0,0.023545594303746257,0.0,0.07881572449921635,8184000000.0,5309000000.0,5983500000.0,60.61655473743831,45.44150943396227,51.945283018867926,112.56183775630623,67.12032832234397,-6630000000.0,840365671.6417911,13475000000.0,-11551000000.0,Basic Materials
2006-12-31,DD,2006,Q4,USD,18213093480.0,25002093480.0,2.0433224485125856,20.001674784,42.37642962711865,16.74621130609511,4.547220361687876,1.6233374209980191,1.2820512820512822,60.31959053334583,-50.42928489927237,0.7369614512471655,1.3738317757009346,6608000000.0,24029000000.0,0.021390491652223516,0.020898891034961696,0.023279690559190106,0.0571344857896279,0.01992774089630371,0.02753001715265866,0.053532915815243484,0.03239427726255759,0.528,1.2452830188679245,0.05393919581562602,0.0,0.02517162471395881,0.0,0.08115223448366644,8186000000.0,5513000000.0,6088000000.0,59.19581562602158,48.63891799218973,51.93066006286313,111.12647568888471,62.48755769669498,-6199000000.0,1781163265.3061223,13731000000.0,-10942000000.0,Basic Materials
2007-03-31,DD,2007,Q1,USD,20952767160.0,28224767160.0,2.270331978764479,52.65814768656716,137.68179102439024,17.59648825436409,4.533665835411472,1.63447959651536,0.5508735868448099,60.65826490584033,-50.23188378713411,0.7299324831207802,1.2162408759124088,6919000000.0,24270000000.0,0.021138388007820988,0.02392725764373274,0.02298986366750939,0.05616161616161616,0.022298463009458716,0.031202846975088967,0.04643778039291684,0.009783910565825235,0.6175373134328358,0.6515748031496063,0.026624839124839126,0.0,0.024292149292149293,0.0,0.08053443406474038,8411500000.0,5538000000.0,6082000000.0,63.52557915057915,45.844413012729845,51.81895332390382,115.34453247448297,69.50011946175313,-7067000000.0,686561140.2850714,13996000000.0,-10503000000.0,Basic Materials
2007-06-30,DD,2007,Q2,USD,20028479380.0,27696479380.0,2.0879366287222014,19.42249605890603,29.06241278069255,17.474119482649844,4.837854889589905,1.5959104186952289,1.372473532242541,64.14819762887242,-51.574783357317465,0.7747949291573453,1.2747148288973384,6732000000.0,24824000000.0,0.02214643504209741,0.022637043412770994,0.024322299733133573,0.05827257431295569,0.022380322156608512,0.02953562805323151,0.0518761299990414,0.04758224435908224,0.3316970546984572,0.8874296435272045,0.03565774594798341,0.0,0.02412363362231436,0.0,0.08945966108920388,9039500000.0,5729000000.0,6301500000.0,63.1255182811911,47.818915599227935,51.301105457097734,114.42662373828884,66.6077081390609,-6715000000.0,1081696495.1528711,14022000000.0,-10667000000.0,Basic Materials
2007-09-30,DD,2007,Q3,USD,19835173000.0,27587173000.0,2.0301106041651336,21.352301083591332,35.68845148771022,18.921243484224966,5.316872427983539,1.5825385815848796,3.205955334987593,40.46687157811941,-53.11018020866266,0.37142857142857144,1.2082405345211582,6719000000.0,25200000000.0,0.008454131615934885,0.01898841241647636,0.009286142218535416,0.022304626964799647,0.009324274769082538,0.024851252248512524,0.020317443160188218,0.03897117509385978,0.40170278637770895,0.9267857142857143,0.038192655824563986,0.0,0.024210758701891235,0.0,0.08959701273364241,9365500000.0,6147500000.0,6634500000.0,62.4350577673118,47.328894133513145,51.37221847606204,113.80727624337383,66.47838210986069,-6979000000.0,406578801.843318,14197000000.0,-10948000000.0,Basic Materials
2007-12-31,DD,2007,Q4,USD,17822970000.0,25801970000.0,1.8135917621424054,20.977211382113822,57.593683035714285,18.23460777385159,5.63886925795053,1.4989152269987946,2.6059322033898304,45.1671563408629,-52.110481586402265,1.004255319148936,0.5690072639225182,6209000000.0,24950000000.0,0.009671932952193603,0.017124494661552813,0.010619150467962564,0.024343700036102946,0.02269293488775753,0.022719771151941907,0.026482679373864174,0.02513610245654905,0.6357723577235772,1.3276740237691003,0.05496590988964645,0.0,0.02488226611372742,0.0,0.08919899182393803,9555500000.0,6387500000.0,6828500000.0,61.260982638644826,46.93529083220299,49.441474507300725,110.70245714594554,63.76716631374256,-7531000000.0,1190451063.8297873,15450000000.0,-10344000000.0,Basic Materials
2008-03-31,DD,2008,Q1,USD,16467890520.0,25127890520.0,1.695081659471128,56.214520178970915,285.54421045454546,12.671654321734746,4.367120524457892,1.5022381378692928,0.46321243523316064,65.82041297493961,-52.94029608353262,0.7444620253164557,0.8970901348474095,6732000000.0,25670000000.0,0.018575912509623548,0.021416075127189366,0.020339789036832093,0.046632637890876655,0.020228730057953104,0.02858830161329289,0.05714150205560147,0.005343732392022242,0.8031319910514542,0.6254355400696864,0.024217485159201295,0.0,0.022328656233135458,0.0,0.0867204927255858,10112000000.0,6749500000.0,7286500000.0,63.9908256880734,48.54896188410289,53.603966532383026,117.59479222045643,69.04583033635353,-8572000000.0,767700158.227848,16216000000.0,-9912000000.0,Basic Materials
2008-06-30,DD,2008,Q2,USD,15397471440.0,24678471440.0,1.5066221880341881,25.46797878224974,79.86560336569579,14.21570935483871,5.346198156682028,1.4826579550983527,1.2407170294494239,59.94530461814793,-55.84432764500715,0.75,0.8706083976006855,6944000000.0,25979000000.0,0.014610856518321095,0.016613169925104563,0.0159607892421767,0.03784830874683356,0.015892688381059235,0.022612932267118573,0.049488645130424086,0.020068230111943627,0.6811145510835913,1.1599297012302285,0.040293040293040296,0.0,0.020451770451770452,0.0,0.08457806837574061,10948000000.0,7400000000.0,7689000000.0,62.395604395604394,48.24088639627932,47.336023527802475,109.73162792340688,61.490741527127554,-8972000000.0,588330708.6614172,15959000000.0,-10452000000.0,Basic Materials
2008-09-30,DD,2008,Q3,USD,13945848000.0,24091848000.0,1.563289079229122,23.032359464627152,57.636,18.27909559939302,7.6980273141122915,1.3906283129549792,2.3348214285714284,44.00819494279411,-57.46838521400778,0.6903225806451613,0.7948717948717948,5527000000.0,24270000000.0,0.008531844911791089,0.011141734592153873,0.009361329833770778,0.022375575073191132,0.010071108127079073,0.015826299422478898,0.03069013802531047,0.029973078725653687,0.6003824091778203,1.1672862453531598,0.040750113555252744,0.0,0.021672831094672638,0.0,0.08860759493670886,10478500000.0,7141000000.0,7616000000.0,56.06969048082538,41.58362606638469,48.66155279948383,104.7312432803092,63.14761721392451,-9728000000.0,1880548387.096774,14753000000.0,-11291000000.0,Basic Materials
2008-12-31,DD,2008,Q4,USD,6658555510.0,15714555510.0,1.4418346187723645,6.987352383281459,10.092842331406551,1122.4682507142857,646.8571428571429,1.2252059810802562,-1.4490979381443299,,-67.72255774135613,0.97,2.957486136783734,2952000000.0,21469000000.0,-0.034129392619958655,-0.008072020828323173,-0.037623330343506824,-0.11486936570202058,-0.010215450525152018,-0.011926095285175803,-0.23308358662312934,0.23383450023982755,0.3076923076923077,1.2468468468468468,0.06349206349206349,0.0,0.02844297641985503,0.0,0.09286625324361174,8228500000.0,5989000000.0,6789000000.0,56.61436829066887,47.4573525207281,51.77165729533975,108.38602558600863,60.92867306528053,-7499000000.0,1919992500.0,9288000000.0,-15903000000.0,Basic Materials
2009-03-31,DD,2009,Q1,USD,3701592000.0,13709592000.0,1.5087038626609441,-178.04664935064935,-44.082289389067526,20.740683812405447,15.14069591527988,1.6002871205906481,-2.2,8.627605568431449,-65.37592473724818,-24.0,-0.006535947712418301,5854000000.0,23882000000.0,0.0005434905681740981,0.00325772873829951,0.0006006907944135756,0.0018298261665141812,-0.09606843230794539,0.004243322579707618,0.006483696744535864,-0.08401790364794391,-3.038961038961039,0.46062992125984253,0.02575107296137339,0.0,0.03213381754154286,0.0,0.09522407663217011,6694500000.0,4209000000.0,5976000000.0,64.70452294486628,31.905873679036617,65.42639469157041,130.1309176364367,98.22504395740008,-10319000000.0,-6300000000.0,8974000000.0,-15374000000.0,Basic Materials
2009-06-30,DD,2009,Q2,USD,7856498010.0,28976498010.0,2.55930913354531,206.9749857857143,-156.62971897297297,47.89503803305785,34.90909090909091,1.6521074862945988,-0.42168674698795183,,-97.95180581990627,0.5036603221083455,4.322784810126582,7256000000.0,43177000000.0,-0.005198887679845243,0.007287427374985271,-0.007223248782126658,-0.017445103707084537,0.004505546947428175,0.0073036463727039844,-0.043785411714245444,-0.02354738711376572,2.3214285714285716,0.4259501965923984,0.028705175763999294,0.0,0.03365129835718071,0.0,0.28025631725305283,7568000000.0,4158500000.0,6300000000.0,68.38632750397456,50.069643588693154,61.60999590331831,129.99632340729286,79.92667981859971,-21305000000.0,-1064629575.4026355,1679000000.0,-27562000000.0,Basic Materials
2009-09-30,DD,2009,Q3,USD,13707188600.0,34811188600.0,2.8898546073385356,57.255244407894736,-93.83069703504043,15.519923584485065,9.408827463218904,1.542646343440895,0.7647798742138365,52.15098192407225,-89.66657283755474,0.7936191425722832,0.6727028839704896,6693000000.0,43211000000.0,0.011875279725496046,0.007042147779996697,0.016429647670746558,0.03840030874620098,0.006469440164355418,0.00857466725171859,0.05807171866009051,-0.027066089978509525,1.6101973684210527,1.3018617021276595,0.08127179146604682,0.0,0.03320604349991699,0.0,0.27720423690884677,8695000000.0,5568500000.0,6827000000.0,65.65083845259836,49.436741767764296,60.39861351819757,126.04945197079593,76.61271020303164,-21475000000.0,1523745762.7118645,2664000000.0,-26758000000.0,Basic Materials
2009-12-31,DD,2009,Q4,USD,13672861560.0,33199861560.0,2.663232918337879,23.646625042735042,40.537071501831505,24.44761528718704,14.379234167893962,1.4924462078437357,7.887640449438202,25.648874685987174,-91.01020035486997,1.1466666666666667,0.27075812274368233,6454000000.0,43675000000.0,0.0026085505861655825,0.004993720246376921,0.0036707428986063983,0.008367793724154707,0.007028711434620234,0.00628418920709432,0.012579663682340392,0.059899677650213846,0.4166666666666667,0.7276119402985075,0.04692764318947537,0.0,0.03361142307075245,0.0,0.28936712316301927,8991000000.0,5936000000.0,6908500000.0,66.38456601957324,51.107734806629836,56.74309392265193,123.12765994222516,72.01992513559533,-18708000000.0,1115413333.3333335,2044000000.0,-25253000000.0,Basic Materials
2010-03-31,DD,2010,Q1,USD,15674800000.0,35953800000.0,2.6797197585153163,-2568.1285714285714,-116.73311688311688,20.108389261744968,11.3417225950783,1.429788661522979,-0.025362318840579712,42.71070555695094,-86.38859060402685,0.8412213740458016,0.635305528612997,6406000000.0,42651000000.0,0.008157403843306784,0.010173580156274582,0.011329755515802028,0.026987314492824606,0.010037643036038331,0.012898691134286962,0.03515196366141833,-0.019649373516727485,-21.0,0.38837516512549536,0.02191249906834613,0.0,0.030334650070805696,0.0,0.2800017765670802,9825000000.0,6450500000.0,6933500000.0,70.13117686517104,52.513646997660516,54.743956329607485,124.87513319477853,72.36148619711801,-20587000000.0,1379873282.442748,2179000000.0,-25143000000.0,Basic Materials
2010-06-30,DD,2010,Q2,USD,12660738750.0,31035738750.0,2.2790232596563373,23.928865651503468,36.299109649122805,16.41234201480698,9.717080909571655,1.5044579306211134,1.968133535660091,46.18143911322486,-79.97563530801077,0.8240506329113924,0.682800345721694,6733000000.0,42177000000.0,0.010078335449112921,0.012986226729226578,0.01411443314615268,0.03177159590043924,0.0131128220041939,0.01674244346010498,0.05141880050245883,0.06753160434654731,0.3407864302235929,0.6021798365122616,0.03245704215009546,0.0,0.02988691437802908,0.0,0.28595535189026844,9817500000.0,6551000000.0,6976500000.0,60.669701865178446,49.49222797927461,53.88341968911917,114.55312155429762,65.06089357502302,-17520000000.0,930143037.9746835,2696000000.0,-23347000000.0,Basic Materials
2010-09-30,DD,2010,Q3,USD,14694080000.0,32602080000.0,2.5335778675784892,33.13219512195122,66.9447227926078,18.22363331470095,10.01006148686417,1.5707120601869442,1.6482412060301508,45.6217690181001,-78.05319148936171,0.8396624472573839,0.6626281453867661,7510000000.0,43551000000.0,0.009045317495189466,0.013170488916114706,0.012601317122593719,0.027252807450013693,0.012907954608107362,0.016274932818591274,0.04062860689474945,0.0331425989241926,0.5050813008130082,0.6941340782122905,0.03862294062791421,0.0,0.0313179981349083,0.0,0.2821926940500902,9377000000.0,6185500000.0,7108000000.0,66.96145477152626,49.83580850475049,60.46213448943825,127.42358926096452,77.58778075621403,-17421000000.0,342957805.9071729,3979000000.0,-22728000000.0,Basic Materials
2010-12-31,DD,2010,Q4,USD,18232074000.0,35020074000.0,2.543030571490814,19.08450899182561,39.21620828667413,19.796537026568682,9.490107405313736,1.7113557858376511,3.576998050682261,42.222069750209805,-78.81827871036504,0.7910216718266254,0.6370808678500987,9885000000.0,46050000000.0,0.00734322009541875,0.010605580098680572,0.010001761562701847,0.023398507257658317,0.009691594327923655,0.012910292322057027,0.028027529945304084,0.04897961691028679,0.5133514986376022,1.247682119205298,0.06840461840098758,0.0,0.03216905090407378,0.0,0.2658073231016842,9309000000.0,5179500000.0,7185000000.0,59.106818676929784,33.17312574039601,53.97106109324759,113.07787977017738,79.90475402978137,-15895000000.0,-1756764705.8823528,4145000000.0,-23165000000.0,Basic Materials
2011-03-31,DD,2011,Q1,USD,20404628760.0,38236628760.0,2.5953050132355937,-218.4950214857143,-59.55861177570093,19.61858838378656,9.149307337095946,1.770101663585952,-0.24271844660194175,50.48819356182174,-76.90814120942625,0.8442330558858502,0.6904761904761905,9999000000.0,46285000000.0,0.010373747114344993,0.0201840179671086,0.014216775795438617,0.0308414056730811,0.020670831569006412,0.02511810739658841,0.03479602635024858,-0.031463449178675475,-2.6685714285714286,0.6388508891928865,0.031697549718319416,0.0,0.027149935518903143,0.0,0.27031647234154466,9698500000.0,5727500000.0,7609500000.0,63.24373854612095,52.72839811834612,60.40108937855904,123.64482792467999,70.91642980633387,-18474000000.0,1194206896.5517242,5336000000.0,-21622000000.0,Basic Materials
2011-06-30,DD,2011,Q2,USD,19631336000.0,37496336000.0,2.336802692259753,47.16520251572327,127.97384300341297,16.010391118701964,7.628095644748079,1.8262933462064526,0.7381615598885793,62.88122797456808,-75.92184237995825,0.8101746393318148,0.8006079027355623,10270000000.0,46787000000.0,0.015588703668531857,0.018467517477664386,0.0213489665659577,0.04411825511680794,0.01794701474695368,0.02256417580063551,0.054351879057034126,0.014925117679204309,0.6314465408805031,0.0,0.03128505546553658,0.0,0.02561386015206282,0.0,0.2698146010782065,10552000000.0,7148500000.0,8435500000.0,60.30100959740745,47.80606597299093,58.04073500110693,118.34174459851438,70.53567862552345,-17572000000.0,1269227790.4328017,6571000000.0,-20709000000.0,Basic Materials
2011-09-30,DD,2011,Q3,USD,12275836000.0,29672836000.0,1.9639179297107685,23.96836510500808,53.2725960502693,14.076297912713473,8.252846299810246,1.688057732598743,1.370985603543743,57.57643311152244,-72.40041655818797,0.8264462809917356,0.7812051649928264,8867000000.0,44866000000.0,0.013442667025137788,0.014224730055096826,0.01846343214688686,0.03726399470023187,0.014101910130808385,0.017812222551050607,0.07331476243247304,0.04537369186098609,0.5500807754442649,0.0,0.04507247336024886,0.0,0.026606658283142497,0.0,0.27193021762184283,10433500000.0,6943500000.0,8577500000.0,60.25812429677675,46.56636757425743,58.589108910891085,118.84723320766784,72.28086563341041,-16840000000.0,2591906336.0881543,6935000000.0,-20056000000.0,Basic Materials
2011-12-31,DD,2011,Q4,USD,15748472380.0,31904472380.0,2.2632100716464496,15.786478169223157,37.9363524137931,22.373402791023842,11.329593267882188,1.7179111045914626,24.349397590361445,14.83606024607594,-76.6153974103741,0.18361581920903955,0.5167883211678832,9788000000.0,45078000000.0,0.0009389807003351439,0.005962915366256655,0.001268713524486171,0.0029172837843902876,0.0016167134917710636,0.0073034718474545785,0.0041273844492084,0.053402004950527146,0.5838693715982187,0.0,0.08370575299709158,0.0,0.030715755125203945,0.0,0.2598954119958396,9871000000.0,5733500000.0,7996500000.0,61.455628857203656,34.58698624628006,54.84838735622939,116.30401621343304,81.71702996715298,-15315000000.0,-1199392655.3672316,5300000000.0,-22511000000.0,Basic Materials
2012-03-31,DD,2012,Q1,USD,19073554140.0,39196554140.0,2.6629902941775936,-768.5598850980392,-86.52660958057395,22.868467992998834,11.740373395565928,1.7757890828072782,-0.09807692307692308,41.46731304416138,-76.15526945519761,0.7039660056657224,0.6821256038647343,10446000000.0,45681000000.0,0.007141009799132159,0.01728832605782945,0.009623949498470237,0.021584296013202466,0.015112209609447223,0.021377799155576933,0.02605702095959762,-0.02375016196116242,-7.882352941176471,0.0,0.02731163801888715,0.0,0.027515456213057954,0.0,0.2579959194229719,10066000000.0,6045500000.0,8229500000.0,64.23941843875264,53.57509157509158,65.06959706959707,129.30901550834972,75.73392393325814,-20576000000.0,381322946.17563725,6242000000.0,-21489000000.0,Basic Materials
2012-06-30,DD,2012,Q2,USD,17479217000.0,34008217000.0,2.343293392131193,23.10340828804348,38.16859371492705,17.26305431472081,8.390355329949239,1.8368833636867528,1.9891891891891893,50.11749557214166,-73.7003077712234,0.7459349593495935,0.7592592592592593,10569000000.0,45716000000.0,0.010662095813602161,0.016050274487142444,0.014378624040119104,0.031746031746031744,0.014266095176062917,0.019764111504456266,0.041992727706281124,0.05097482341457286,0.39470108695652173,0.0,0.04003307379590712,0.0,0.027974919038103768,0.0,0.2584759303913309,10196500000.0,7080500000.0,8631000000.0,61.31261627506374,50.51803278688525,61.81967213114754,123.13228840621127,72.61425561932603,-18811000000.0,944634146.3414636,6577000000.0,-21273000000.0,Basic Materials
2012-09-30,DD,2012,Q3,USD,16308348000.0,32825348000.0,2.407079856273374,29.76006165004533,68.24396673596674,18.155612831858406,9.135508849557523,1.833919499804611,1.895189003436426,45.190703491545925,-76.29444870810948,0.7054545454545454,0.7217847769028871,10670000000.0,46009000000.0,0.008390035751355092,0.014166847550828449,0.011282130810685069,0.024422996223248006,0.01193553328000817,0.017305074859031693,0.03568724434872251,0.029494097133566197,0.5639165911151405,0.9569230769230769,0.04561120481044218,0.0,0.031825181491530394,0.0,0.2563429823549764,9926500000.0,6906500000.0,8505000000.0,65.77253061523795,55.14162561576355,68.32336382828994,134.0958944435279,78.95426882776434,-16036000000.0,760803636.3636363,7326000000.0,-20795000000.0,Basic Materials
2012-12-31,DD,2012,Q4,USD,18029754660.0,34698754660.0,2.4932639692462457,22.371859871050933,64.01984254612546,247.84824757142857,119.06428571428572,2.0607326198555644,-2.0652463382157125,,-81.4634339289451,0.7423529411764705,1.5740740740740742,12191000000.0,47161000000.0,-0.009065440701099058,0.009455074007181251,-0.012098552391908733,-0.030224649135412177,0.009808699282348966,0.011305754405286344,-0.03499770306913317,0.030061418484104874,0.6505480335267569,1.4838235294117648,0.07250125745491126,0.0,0.03326866422361141,0.0,0.25070038071977585,9822500000.0,5987500000.0,8553000000.0,62.5932312998491,37.766982159309826,63.89479855934333,126.48802985919244,88.7210476998826,-16127000000.0,-2327105882.352941,4417000000.0,-24054000000.0,Basic Materials
2013-03-31,DD,2013,Q1,USD,17574768000.0,34146768000.0,2.374106097476187,76.39097986577181,338.0868118811881,15.326197486535008,7.438061041292639,1.9491961414790997,0.6772727272727272,43.99483290914455,-79.55994411988824,0.502373417721519,0.8102564102564103,11808000000.0,46348000000.0,0.009162530301281311,0.01949477715626777,0.012204028290282902,0.030240975330983903,0.012148283775556747,0.023811198649409115,0.036131344664123016,0.00574687529303374,0.7740492170022372,0.5179640718562875,0.02405617743169019,0.0,0.030244038100535355,0.0,0.24922082419485167,10042000000.0,4974000000.0,8905500000.0,65.10811374539387,37.96190313487657,71.76475612881183,136.8728698742057,98.91096673932913,-16471000000.0,1519556962.0253165,4724000000.0,-23060000000.0,Basic Materials
2013-06-30,DD,2013,Q2,USD,19157860000.0,33100860000.0,2.2707594155175963,8.84813151563753,10.232105100463679,7.926451149425287,3.3388409961685825,2.008007611194799,1.5313139582480557,85.91298292810525,-69.48535092124068,0.7489190858554663,0.9206710264429911,12714000000.0,47091000000.0,0.03457272390293975,0.0175838675903217,0.04578322351652916,0.1044763258799707,0.015709750634449605,0.021310990978463035,0.12657989984267554,0.1688601962849713,0.13525795241913927,0.7678300455235205,0.03471221787747822,0.0,0.02860670919942375,0.0,0.24486042599298566,10441500000.0,4875000000.0,9085500000.0,64.69232352335872,35.782863752788565,65.70602330000825,130.39834682336698,94.61548307057842,-10708000000.0,1900499382.3347745,7025000000.0,-20615000000.0,Basic Materials
2013-09-30,DD,2013,Q3,USD,21626512000.0,34973512000.0,2.5464913353720693,24.94544365192582,41.83434449760765,18.955833062330623,7.234146341463415,2.0852997581922788,2.0648011782032403,48.38393783344736,-71.09146033350177,0.7412663755458515,0.7762711864406779,13016000000.0,47526000000.0,0.009671538045181324,0.011229230199219084,0.012797798552472858,0.0282857737971256,0.009929724087665898,0.013536495284558431,0.03139664870599568,0.03865625672785329,0.4037089871611983,0.8511278195488722,0.04121159167030727,0.0,0.030435415756516673,0.0,0.24428111557416746,10127000000.0,4838000000.0,8864000000.0,64.06290956749672,37.36428815295323,68.30658927961761,132.36949884711433,95.0052106941611,-12511000000.0,679423580.7860262,7868000000.0,-20179000000.0,Basic Materials
2013-12-31,DD,2013,Q4,USD,27504275760.0,39524275760.0,2.747412467676908,17.700078710255262,29.298944225352113,16.91239869918699,5.143346170303809,2.0864589424442403,2.172178988326848,57.85105760724476,-55.705185927062566,0.7561327561327561,0.8410194174757282,13006000000.0,47572000000.0,0.0150789197277737,0.018023434759890343,0.020004199354826394,0.03896200461000818,0.01591620507591191,0.021884234312532592,0.038103166545622215,0.049046919532485085,0.39587998208687863,1.2830188679245282,0.061448630613096064,0.0,0.03315723620186292,0.0,0.24621228471532783,9711500000.0,4727000000.0,8597500000.0,60.35242596969275,34.23102419622141,61.92161087172688,122.27403684141963,88.04301264519822,-10671000000.0,1037326118.3261185,10812000000.0,-16600000000.0,Basic Materials
2014-03-31,DD,2014,Q1,USD,27439315240.0,40867315240.0,2.8260365977456607,71.07359172173913,-421.3125282474227,16.964431398920713,5.574097135740971,2.049893669229511,0.5393996247654784,63.30294737902852,-62.791345189560204,0.7035546613011402,0.8583765112262521,12836000000.0,47430000000.0,0.015151733999682232,0.02081681491198985,0.020091166781582778,0.039228151527616766,0.017835620360728856,0.025330222604241583,0.03822981699159924,-0.003535073639833295,1.1686956521739131,1.0,0.04646981536546574,0.0,0.027038240785561163,0.0,0.24585096702439588,10049000000.0,4780500000.0,8702500000.0,65.04321969435031,38.13091281002301,69.8184607517259,134.8616804460762,96.7307676360532,-13525000000.0,1411879275.6539235,10702000000.0,-16448000000.0,Basic Materials
2014-06-30,DD,2014,Q2,USD,28776900180.0,42764900180.0,2.8668566186230477,30.655842422939067,80.53653517890773,19.151321173309448,6.264218540080609,2.0441956393635827,1.4426059979317476,61.395390312085205,-63.96164044726516,0.7359208523592086,0.8444730077120822,12404000000.0,47243000000.0,0.014064227121996625,0.01876961207052736,0.018661468987610483,0.03614547901169962,0.016576052934001616,0.0227684301211386,0.0336033413589163,0.01845230016709882,0.6193548387096774,1.276218611521418,0.0579204933967956,0.0,0.028088757793121942,0.0,0.24634940950607948,10405000000.0,4927000000.0,9014000000.0,62.49983240597975,35.60191186001296,65.07939079714842,127.57922320312818,91.97731134311522,-13457000000.0,1393645357.6864538,10797000000.0,-16738000000.0,Basic Materials
2014-09-30,DD,2014,Q3,USD,29032104920.0,43046104920.0,2.988275246095106,24.251326715492958,50.942136,18.871593564226217,6.143796580447172,2.1287333498800365,1.8412863070539418,59.86405164703021,-65.45547542062272,0.6982116244411326,0.8520634920634921,13643000000.0,48001000000.0,0.013467868282235925,0.019648808275921897,0.0177096524220832,0.03641521899654114,0.01675410823349636,0.0236405385659117,0.03227461469231973,0.0291057090875242,0.523943661971831,1.3172804532577904,0.06456091634849011,0.0,0.028392919125303714,0.0,0.2395182039009386,10077500000.0,4864500000.0,8972500000.0,61.20374869836862,37.03634510869565,68.92917798913044,130.13292668749907,93.09658157880341,-13169000000.0,-331628912.0715351,10047000000.0,-17132000000.0,Basic Materials
2014-12-31,DD,2014,Q4,USD,24811270000.000004,38831270000.0,2.6996155450500554,14.084610083424012,23.51984857662023,18.740960424710426,6.7664092664092665,2.0922108168722504,3.3663003663003663,53.17111534283031,-75.30604237509809,0.7325581395348837,0.8101449275362319,12662000000.0,47113000000.0,0.011923653675367974,0.020483147692752786,0.015663549256985484,0.036524996655220084,0.018312738444224947,0.024801205030300907,0.033009192999794046,0.06654234144402925,0.4011606819006166,1.5982658959537572,0.07689098998887653,0.0,0.029755283648498332,0.0,0.23876424942128788,9584000000.0,4663500000.0,8560000000.0,58.640155728587324,34.73344242528637,62.793041081732845,121.43319681032017,86.6997543850338,-12369000000.0,1602617173.5241504,6954000000.0,-21078000000.0,Basic Materials
2015-03-31,DD,2015,Q1,USD,28568215440.0,42069215440.0,3.4009066645109134,33.44134772655008,118.50483222535212,13.658836181818181,4.383441558441558,1.9693226770000807,0.8281764318630678,64.9945549459493,-66.76238892155317,0.6702947845804988,0.901471790678659,12007000000.0,45874000000.0,0.0218029473808435,0.023418036870951668,0.028429637608678927,0.06646580024283852,0.019203901410307103,0.028843724053283275,0.051735818189419254,0.012426397467688657,0.7178060413354531,1.4242902208201893,0.07299919159256266,0.0,0.030962004850444626,0.0,0.2330909144551476,9055500000.0,4449000000.0,8094000000.0,63.58205335489086,41.691662296801255,76.3324593602517,139.91451271514256,98.22285041834131,-13146000000.0,2071022222.2222223,7413000000.0,-20181000000.0,Basic Materials
2015-06-30,DD,2015,Q2,USD,30502113399.999996,44026113400.0,3.4102334159566228,31.31302517780939,124.36755197740113,18.436395896147403,5.663316582914573,1.9399921660791226,1.1746031746031746,60.779665401523644,-67.0106476949889,0.8058124174372523,0.8671248568155785,11999000000.0,46908000000.0,0.017595984653993712,0.021192651852716175,0.02301669653806245,0.0516686430628494,0.019642502681355246,0.025685446092382755,0.03999722851990971,0.011605753193481998,0.748221906116643,1.6386292834890965,0.0814872192099148,0.0,0.033230054221533696,0.0,0.23551215853693713,8884000000.0,4454500000.0,8074000000.0,62.944229279628196,39.84624482554702,71.5050266114725,134.4492558911007,94.60301106555369,-13170000000.0,978424042.2721267,8122000000.0,-20119000000.0,Basic Materials
2015-09-30,DD,2015,Q3,USD,25319448420.0,37434448420.0,3.110206748089066,14.908183361210673,23.588184259609324,12.728476171370282,4.1193471608296495,1.8820143884892087,1.748607242339833,65.38701347946605,-65.1022489770336,0.6665050896752303,0.8985191637630662,11647000000.0,46509000000.0,0.01967546219449373,0.02170696318004856,0.025519673348181143,0.05650762339210126,0.01784017181125149,0.026658903650381975,0.05430608033759054,0.06267909054236814,0.36798088410991636,1.4325581395348836,0.07676969092721835,0.0,0.03173811897640412,0.0,0.2290080705168565,8598000000.0,4192500000.0,7941500000.0,61.06929212362912,37.47673547973045,75.30003208899348,136.3693242126226,98.89258873289214,-10528000000.0,1671185167.2321863,9162000000.0,-19866000000.0,Basic Materials
2015-12-31,DD,2015,Q4,USD,26993819160.0,35626819160.0,3.108255030535683,15.218632703972661,25.557259081779055,7.142505846030473,1.7307538091419405,2.153936122357175,0.6481173864894795,123.24297629004967,-65.17833395754289,0.8707810993249759,0.9453053783044667,12826000000.0,46451000000.0,0.053166122052459595,0.0201999680747631,0.06923917419058025,0.14235043745566328,0.021074810182305514,0.024497122643999787,0.13380840919881157,0.051641451390681985,0.4045279794959419,1.5783333333333334,0.0826208340603734,0.0,0.035246902809282846,0.0,0.23213812593835556,8006500000.0,3735000000.0,7346500000.0,61.60704938056186,36.55802861685215,70.22371110606404,131.8307604866259,95.27273186977376,-7239000000.0,2315086788.8138866,10412000000.0,-17814000000.0,Basic Materials
2016-03-31,DD,2016,Q1,USD,26605600210.0,36971600210.0,3.4543212379706625,265.982735323741,-43.59858515330189,37.997533617677284,10.653648509763618,1.997431946584489,0.5054545454545455,32.90069932991184,-69.03147976378617,1.5393939393939393,0.45081967213114754,11652000000.0,45877000000.0,0.003711279953243717,0.022672278519995894,0.004825686330388525,0.009922262588382358,0.04480769788134365,0.027238450967264526,0.009546862239346563,-0.03187298889356648,7.100719424460432,1.6260296540362438,0.09221713538260301,0.0,0.033728861066990565,0.0,0.2309322033898305,8303500000.0,3653000000.0,7084500000.0,73.66999906568252,42.209784932712864,82.60847692114199,156.2784759868245,114.06869105411164,-11047000000.0,1571000000.0,10629000000.0,-18672000000.0,Basic Materials
2016-06-30,DD,2016,Q2,USD,26199690840.0,40236690840.0,3.3665236646586347,18.059556032315978,40.35776413239719,9.47860797173145,3.3067137809187277,2.04254328080118,0.6904245429191199,123.394719646917,-88.88572385154144,0.9556151325588322,0.9416549789621318,13429000000.0,58117000000.0,0.03935037534959031,0.01825771518497773,0.05380834968718026,0.11086535803151783,0.01903445916996973,0.019943767026499425,0.12244419293307966,0.03805388415033679,0.553411131059246,1.813235294117647,0.10316265060240964,0.0,0.033383534136546184,0.0,0.2686938815563515,9017000000.0,4085000000.0,7755000000.0,69.82680722891567,43.09326145552561,79.68517520215633,149.511982431072,106.41872097554639,-13042000000.0,1096945189.1569853,8329000000.0,-24980000000.0,Basic Materials
2016-09-30,DD,2016,Q3,USD,27346500000.0,41606500000.0,3.33305295201474,30.934200743494422,172.64107883817428,19.9169459071326,6.826232647199617,1.9579612801264323,1.6442542787286063,61.807399753417535,-87.39347357065803,0.7382920110192838,0.8319327731092437,12123000000.0,57251000000.0,0.009972216709664616,0.016577447763771368,0.0136718417875423,0.02769071809884622,0.014665485628933408,0.019773720372522768,0.029400471723986618,0.008812827967015888,0.820817843866171,1.4153846153846155,0.08844027877913962,0.0,0.0319634703196347,0.0,0.2706018059138718,9190500000.0,4557500000.0,8112500000.0,65.66690699351118,42.75,73.28963414634147,138.95654113985265,96.20654113985265,-14019000000.0,1965252525.2525253,8532000000.0,-25497000000.0,Basic Materials
2016-12-31,DD,2016,Q4,USD,30022240860.0,44778240860.0,3.4391890061443933,24.035556017176596,49.53345227876106,57.555579511568126,18.966580976863753,1.8771025071405902,22.178571428571427,14.95405581445484,-95.53118381050787,-0.26262626262626265,-6.387096774193548,11055000000.0,55839000000.0,0.0006539975600860259,0.011902457301651731,0.00089327126243279,0.002001000500250125,-0.005961940459241902,0.01424365163585275,0.001732049257831449,0.030111010174608266,0.5147611379495437,1.2062893081761006,0.07365591397849462,0.0,0.032642089093702,0.0,0.2678623083598496,9066000000.0,4596500000.0,7688000000.0,62.3778801843318,38.46321165121997,62.66975600529601,125.04763618962781,86.58442453840783,-13903000000.0,791848484.848485,5931000000.0,-28623000000.0,Basic Materials
2017-03-31,DD,2017,Q1,USD,36243319860.0,51865319860.0,3.9202811685563113,-682.4384192105263,-59.752672649769586,24.407209345882354,7.351529411764706,1.867657090881528,-0.08306010928961749,58.00937267020326,-87.96306691315336,0.7872340425531915,0.8374164810690423,11447000000.0,56477000000.0,0.010986291879051814,0.021242492469081133,0.0149078333277373,0.032815964523281595,0.020127383983746038,0.02517927108745472,0.024501066773964124,-0.02394924094572169,-10.421052631578947,1.0179948586118253,0.05986394557823129,0.0,0.03167044595616024,0.0,0.26305240758153114,9367000000.0,4664500000.0,7786500000.0,66.05442176870748,42.453662842012356,72.46248896734333,138.51691073605082,96.06324789403845,-16452000000.0,724646276.5957446,7072000000.0,-27854000000.0,Basic Materials
2017-06-30,DD,2017,Q2,USD,36252986750.0,51541986750.0,3.725747198930172,-2061.67947,-60.63763147058823,18.546954569989204,5.501619287513494,1.9312681510164569,-0.019011406844106463,71.95367995307059,-84.69350114994319,0.7282249173098125,0.8892156862745098,12506000000.0,57873000000.0,0.016061376098824274,0.02192856047830753,0.02165715784641616,0.04647971570317723,0.019067107446639035,0.025981574588043826,0.036438377039375934,-0.02344634404501858,-33.0,1.1163734776725305,0.05963568020818274,0.0,0.0294925545756831,0.0,0.2583802448721534,10287000000.0,4716500000.0,8186500000.0,70.6780396125488,38.65384615384615,68.25250836120401,138.93054797375282,100.27670181990666,-16144000000.0,378313120.1764059,8338000000.0,-26723000000.0,Basic Materials
2017-09-30,DD,2017,Q3,USD,51814919160.0,75567919160.0,4.921708946202944,-31.21351472945064,-23.59285643459257,31.368999236197592,9.86010792860108,2.008981596891268,-4.533707865168539,65.60654012960593,-107.80745836446847,0.4568888888888889,0.7990056818181818,27523000000.0,157860000000.0,0.0025890684894246123,0.009936817511592954,0.004922947255504794,0.004992908903697084,0.0038521625516595545,0.008146032969535588,0.009919922839458889,-0.06181617286923506,-0.32300702189178027,0.7812187812187812,0.050931353393252575,0.0,0.03438843298163345,0.0,0.4740816110654974,14560000000.0,6135500000.0,12709000000.0,107.010550996483,56.484490398818316,127.43722304283604,234.44777403931903,177.96328364050072,-26928000000.0,-14076638222.222221,10416000000.0,-39192000000.0,Basic Materials
2017-12-31,DD,2017,Q4,USD,78610404550.0,99243404550.0,4.945848926044055,23.48400486275438,33.50553833558406,-92.837609494855,-19.301216089803553,1.9095606246172687,-3.3460015835312746,,-70.49371287709522,0.4394572025052192,1.1404761904761904,23765000000.0,152813000000.0,-0.006572510980204409,2.559567535469207e-05,-0.012710968871712811,-0.012588458088308581,1.1857345821346725e-05,3.011395119130791e-05,-0.016066575502695336,0.03767949060885478,0.29910080454330334,0.8711233631977946,0.06299212598425197,0.0,0.0382238612578491,0.0,0.48292604233883557,17574500000.0,8391000000.0,17123500000.0,75.7684640685737,47.5619069659801,88.47951862994677,164.24798269852047,116.68607573254037,-17671000000.0,2928757828.810021,9126000000.0,-40344000000.0,Basic Materials
2018-03-31,DD,2018,Q1,USD,70019709780.0,94199709780.0,4.379344945606695,-44.080350856340665,-32.029823114586875,27.902757636255924,7.162322274881516,1.8684675207574106,-1.8614982578397212,64.93669268608366,-71.74301758438394,0.7159533073929961,0.8150105708245243,23116000000.0,152651000000.0,0.005736823234134099,0.01164311436408783,0.011153543068436685,0.01090262690104681,0.00979377779412624,0.013502267464299498,0.015766989087340373,-0.042002459153865974,-0.3762283575105288,0.5417789757412399,0.03737796373779637,0.0,0.03570432357043236,0.0,0.48565014731787925,18340500000.0,8944000000.0,17224500000.0,82.7949790794979,48.29053018694453,96.29972418020226,179.09470325970017,130.80417307275565,-27093000000.0,2771705577.1725035,9465000000.0,-39784000000.0,Basic Materials
2018-06-30,DD,2018,Q2,USD,72199271730.0,97205271730.0,16.59642679358033,46.509699392344494,77.02477950079239,59.78183993234932,15.378843788437884,1.7039131981501245,1.1868256672345259,81.25765674846072,-71.06211661921981,0.747043918918919,18.215384615384615,19787000000.0,146517000000.0,0.009441363740680055,0.0024644030668127055,0.018453802902118694,0.018002890232236265,0.0021381409040643275,0.0029386463389364363,0.02450163218564642,0.017479400688686142,0.39617224880382773,0.553475935828877,0.14136930169028514,0.0,0.04609868533378863,0.0,0.4883784230947819,20045500000.0,8368500000.0,16543500000.0,311.9805361106369,175.88004895960833,344.3574051407589,656.3379412513957,480.4578922917874,-23726000000.0,4113982263.5135136,8376000000.0,-39588000000.0,Basic Materials
2018-09-30,DD,2018,Q3,USD,70600403760.0,98829403760.0,4.911265902698405,-305.97338625387,-73.15277850481125,60.33541133089133,17.233821733821735,1.6403540462427746,-0.6447105788423154,43.44447953859009,-71.22886233193407,2.982142857142857,1.0,17725000000.0,143823000000.0,0.002716139070657566,0.0035608627830670753,0.005353536432899137,0.005107554286879396,0.003135187678880891,0.0042226658927238744,0.007096276696987548,-0.01913586789946143,-3.1826625386996903,0.6993197278911565,0.05108582219350991,0.0,0.03677384087859663,0.0011429707300104359,0.4926458230551956,19925500000.0,8307000000.0,16035500000.0,87.42831585747652,206.0450928381963,392.49071618037135,479.91903203784784,273.87393919965155,-29580000000.0,2635000000.0,8874000000.0,-39304000000.0,Basic Materials
2018-12-31,DD,2018,Q4,USD,57889193899.99999,84871193900.0,4.222657540176129,16.638148186630072,22.393454854881266,32.294974847793,10.267123287671232,2.0069997976937084,10.784355179704017,42.09988635474789,-96.94143149918693,0.6620879120879121,0.6275862068965518,24888000000.0,150733000000.0,0.002563420730734457,0.009331969512702593,0.004916711719523017,0.005096699833987163,0.007372617088961593,0.010642010837951198,0.008326251715175466,0.06546990456538385,0.2570084297196628,0.8930517711171662,0.06522712572764815,0.0,0.03726553559878601,0.0,0.4786310695101845,11469500000.0,5625000000.0,10274000000.0,15.18433752923031,15.141645789169397,23.744459433416846,38.928796962647155,23.78715117347776,-23186000000.0,-6182582417.5824175,6182000000.0,-42248000000.0,Basic Materials
2019-03-31,DD,2019,Q1,USD,58082555520.0,91819555520.0,4.6729887281795515,3531.521366153846,-80.68502242530755,60.96916037184595,22.40172642762284,1.7231630510846745,0.05009633911368015,43.890356985198544,-82.21438256716705,0.6679487179487179,-55.714285714285715,20668000000.0,148945000000.0,0.0027452116869088705,0.004346042375236558,0.005190794061970708,0.0056358444030980915,0.0035584230964310188,0.005092894141000589,0.008969990995327335,-0.019592801828565272,44.76923076923077,0.7662936142198815,0.05923965596213548,0.0,0.036490406636470046,0.0,0.4711383934452143,11068500000.0,5476000000.0,10355500000.0,85.86391164944781,207.11681855840928,412.69262634631315,498.55653799576095,291.43971943735164,-34875000000.0,4565751282.051282,4683000000.0,-46439000000.0,Basic Materials
2019-06-30,DD,2019,Q2,USD,56789179999.99999,72895180000.0,13.331232626188735,-946.6906493506493,-98.77395663956639,-264.11297101449276,-58.35507246376812,1.64519126529348,0.13485113835376533,,-28.361148197596794,0.6023206751054853,1.210727969348659,4166000000.0,61991000000.0,-0.008060076507206075,0.006492011602744141,-0.024440354406540257,-0.013593296195781555,0.014879938093303603,0.013139502376292984,-0.010054732257095455,-0.012995433285002533,-8.584415584415584,1.0263975155279503,0.12088514996342356,0.0,0.04242867593269934,0.0,0.6702144177971007,11480000000.0,5676500000.0,10497000000.0,69.35991221653256,77.74599542334096,113.01487414187642,182.37478635840898,104.62879093506803,-16844000000.0,15436977848.101265,-4904000000.0,-17644000000.0,Basic Materials
2019-09-30,DD,2019,Q3,USD,53161605000.0,69237605000.0,12.760340029487653,78.50068594104309,118.96495704467354,61.48988010657194,14.27708703374778,1.6154776299879081,2.370967741935484,24.952917297359175,-28.128101945003355,0.8266666666666667,0.7177033492822966,4072000000.0,61079000000.0,0.005305266760792367,0.011038435890523687,0.015887251761691222,0.008997678018575851,0.009798239867558413,0.012251389698124499,0.006997531395073568,0.010947750731002195,0.3401360544217687,0.6012024048096193,0.055289347585698485,0.0,0.041467010689273866,0.0,0.6660676849356094,4088000000.0,2982000000.0,4348000000.0,65.71691854036122,75.03823279524214,109.75361087510619,175.4705294154674,100.43229662022527,-15485000000.0,820320000.0,-4792000000.0,-17519000000.0,Basic Materials
2019-12-31,DD,2019,Q4,USD,47552940000.0,64013940000.0,12.300910837817064,110.75076124567474,2462.0746153846153,71.36448160535117,18.351170568561873,1.198058950395399,3.2290502793296088,17.199994743754864,-28.70932901309572,0.9312169312169312,0.5192307692307693,1653000000.0,58540000000.0,0.0025361692316560034,0.008887933197147261,0.0077697333568779794,0.004294044453119282,0.009636580792704389,0.010155610155610156,0.0037011381420370645,0.0005467590437100209,0.9550173010380623,1.0356472795497185,0.10607225211375865,0.0,0.04438893159108378,0.0,0.6735834918439103,3898000000.0,2939000000.0,4312500000.0,66.30668716372021,77.48239436619718,114.05809859154931,180.3647857552695,102.88239138907232,-15881000000.0,2767851851.851852,-5188000000.0,-17841000000.0,Basic Materials
2020-03-31,DD,2020,Q1,USD,25186260000.0,41568260000.0,7.96174296111856,57.89451253481894,253.465,106.85928020565552,42.113110539845756,1.2161497952018725,-1.1770491803278689,,-28.4108448415922,1.088339222614841,1.4778067885117494,1847000000.0,57499000000.0,-0.009060555694471001,0.007540962127774178,-0.02697495183044316,-0.015574827437991453,0.008790246437360245,0.008714377039803507,-0.024457779757693282,0.006511486818606653,0.7715877437325905,0.7176165803108808,0.10610994062440146,0.0,0.04520206856923961,0.0,0.6641122567549679,3851500000.0,2890000000.0,4364500000.0,66.69411990040221,66.51259413139445,103.06413918462736,169.75825908502958,103.24566495363513,-16218000000.0,-388773851.59010607,-5034000000.0,-17478000000.0,Basic Materials
2020-06-30,DD,2020,Q2,USD,39013359000.0,55022359000.0,11.396511806130903,68.60643266832918,97.55737411347518,-38.58510448807854,-11.226507713884994,1.4963795255930088,-0.3245649534601376,,-27.944981615143675,0.9884323893099322,1.1395454545454546,3976000000.0,56252000000.0,-0.0371219271043998,-0.03667804660828262,-0.10161568112851636,-0.06696392379408188,-0.03969391708021383,-0.042064586418807344,-0.06351670462417758,0.014456586524631217,0.2967581047381546,0.30749354005167956,0.04929577464788732,0.0,0.03169014084507042,0.004556752278376139,0.6346830854044013,3757500000.0,2739000000.0,4358500000.0,67.96603148301574,103.08093994778068,168.68146214099218,236.64749362400792,133.56655367622724,-14866000000.0,-3800020343.0394893,-4790000000.0,-17190000000.0,Basic Materials
2020-09-30,DD,2020,Q3,USD,40744512000.0,61556512000.0,12.079378335949764,48.31751334379906,57.47573482726424,53.38812836079792,18.050303555941024,1.8049828178694158,-16.126582278481013,,-34.51354847494554,-3.95,0.05361930294906166,5622000000.0,56526000000.0,-0.001095077695069378,0.006494161014874653,-0.0025547327232157296,-0.002103357384381906,-0.023978732831191844,0.006921742867228387,-0.0019389114293478348,0.026285748618120643,0.15934065934065933,0.2602564102564103,0.03983516483516483,0.0,0.039050235478806906,0.0,0.5713533219667041,3634500000.0,2658500000.0,4104500000.0,63.98547880690737,62.571206628689794,90.93215950284826,154.91763830975563,92.34643168106584,-19117000000.0,-2411800000.0,-3100000000.0,-21417000000.0,Basic Materials
2020-12-31,DD,2020,Q4,USD,52237406000.0,71504406000.0,13.614700304645849,54.96111145272867,69.28721511627907,63.95742933810376,17.23345259391771,2.3147478186848267,5.86036036036036,18.878598342868404,-35.72250204192758,1.4230769230769231,0.44571428571428573,6178000000.0,57551000000.0,0.0031309940200834933,0.006291726379810549,0.00752134435560374,0.005765634739247871,0.012155196150302703,0.006797069707726002,0.004249828178681001,0.019755958019814383,0.20676402767102228,0.3502604166666667,0.05121858339680122,0.0,0.04112718964204113,0.0,0.5837188310955659,3022000000.0,2453500000.0,3147500000.0,41.487052551408986,56.79636466912809,61.1672820221528,102.65433457356178,45.857969904433695,-18235000000.0,568961538.4615383,-2318000000.0,-20957000000.0,Basic Materials
2021-03-31,DD,2021,Q1,USD,46738944000.0,55394944000.0,13.932329979879276,146.5474708994709,659.4636190476191,73.08040105540897,11.419525065963061,2.212811011116993,0.0700259355316784,94.97812204570083,-17.373925264550266,14.01038961038961,0.7654075546719682,6873000000.0,39985000000.0,0.11283574596268095,0.01058058429086498,0.25163276730733347,0.19839635133146977,0.013017783446432389,0.014903766286161805,0.11540697196753098,0.0017972164711295147,0.7777777777777778,0.7519181585677749,0.07394366197183098,0.0,0.03495975855130785,0.0,0.5515856413689231,2515000000.0,2220500000.0,2446000000.0,59.05684104627767,107.31327243417519,120.8543793659323,179.91122041220996,72.59794797803477,-8143000000.0,-125807792.20779228,1337000000.0,-7559000000.0,Basic Materials
2021-06-30,DD,2021,Q2,USD,40996336000.0,48077336000.0,11.626925272067714,109.26667272727273,214.6309642857143,50.60772210526316,7.4536842105263155,2.662944162436548,0.9205020920502092,32.1031484172629,-20.718466767371602,0.9795081967213115,0.7909238249594813,6552000000.0,39680000000.0,0.010427801653613735,0.012366113857949874,0.024428885368222006,0.017784722997358338,0.011160113037225458,0.013818945559559894,0.011659578553556591,0.005463902920495139,0.4909090909090909,0.6486486486486487,0.052237001209189844,0.0,0.03216444981862152,0.0,0.5731364122253976,2717500000.0,2284000000.0,2570500000.0,61.50906892382103,107.91730474732006,121.3782542113323,182.88732313515334,74.97001838783328,-6441000000.0,937415983.6065574,1192000000.0,-7883000000.0,Basic Materials
2021-09-30,DD,2021,Q3,USD,35456785000.0,44846785000.0,10.500300866307656,53.26221496437055,-26.726331942789034,54.42570995145631,11.395631067961165,2.0130300876569533,2.153452685421995,29.351842579357527,-25.892617449664428,1.1533923303834808,0.7466960352422908,4276000000.0,39529000000.0,0.008497229164402912,0.014588368497833518,0.022111632641520104,0.014681034806443135,0.012218936471599546,0.01603100923577547,0.01102750855724793,-0.04732521575207679,2.992874109263658,6.8108108108108105,0.5900257550924842,0.0,0.032076797003043785,0.0,0.6157122677387808,2867000000.0,2443500000.0,2743000000.0,61.27838913603372,112.41141732283465,125.96456692913387,187.2429560651676,74.83153874233294,-10637000000.0,472861356.9321537,-1093000000.0,-10279000000.0,Basic Materials
2021-12-31,DD,2021,Q4,USD,41690558000.0,50463558000.0,15.546382624768947,81.26176811594203,121.89265217391305,59.438819787985864,10.333333333333334,1.8923040825903332,2.747787610619469,21.342520717979614,-27.095039720984307,0.5828571428571429,0.7216494845360825,3803000000.0,38789000000.0,0.004463211324304811,0.012886766533656047,0.011533894951094024,0.007717625695153785,0.01079841327082582,0.014259862468331524,0.004893194281544516,0.009930306041957989,0.3333333333333333,0.5686813186813187,0.06377079482439926,0.0,0.04990757855822551,0.0,0.6130352024853961,2533500000.0,2320000000.0,2465000000.0,59.861367837338264,89.27796130250118,88.59839546956111,148.4597633068994,59.18180200439821,-8334000000.0,1021600000.0,-970000000.0,-10592000000.0,Basic Materials
2022-03-31,DD,2022,Q1,USD,37672960000.0,47464960000.0,14.497544288332316,227.10507177033492,-1130.1180952380953,68.1967816091954,14.068965517241379,2.8197969543147208,0.41141732283464566,33.11180456517736,-27.47216796875,1.7491039426523298,0.6992481203007519,9321000000.0,37907000000.0,0.010750556253166788,0.010515916575192097,0.02171301446051168,0.018643031784841075,0.009769880147357024,0.011894415336097936,0.012953587931503125,-0.0011148579777113346,1.200956937799043,0.7339181286549707,0.07666463042150275,0.0,0.04367745876603543,0.0,0.5048796069878616,2243000000.0,2139000000.0,2162000000.0,63.967623701893714,92.81516587677726,95.45971563981043,159.42733934170414,66.61217346492688,-9409000000.0,-5140215053.763441,3873000000.0,-4159000000.0,Basic Materials
2022-06-30,DD,2022,Q2,USD,28090132000.0,37937132000.0,11.419967489464177,441.12944186046514,-774.2271836734694,43.0614438138479,11.177071509648128,2.5493265380415,0.10817610062893082,42.06799205676528,-27.672635536208944,1.6464435146443515,0.7966666666666666,8512000000.0,36491000000.0,0.01770927092709271,0.014538087339841707,0.03573212258796822,0.030828893763710435,0.01258943386555333,0.016766805320186925,0.028016956274893975,-0.0017443848252475282,1.569767441860465,0.4804270462633452,0.040638169777242626,0.0,0.042444310656231186,0.005719446116797111,0.5043879387938794,2297000000.0,2155500000.0,2297000000.0,61.417820590006016,89.41368078175897,98.66914844113542,160.08696903114145,70.67328824938248,-9896000000.0,1413158995.8158996,3722000000.0,-4297000000.0,Basic Materials
2022-09-30,DD,2022,Q3,USD,25169760000.0,35235760000.0,10.62277962013868,60.961522491349484,83.29966903073286,38.763212321232125,11.073707370737074,2.3860991020951112,1.5372340425531914,28.717980712414256,-27.910993191830197,0.7369477911646586,0.7955271565495208,8336000000.0,35665000000.0,0.008322184176511939,0.016806153220614645,0.016496606283993347,0.014733630414709542,0.01362230390626817,0.019535250098463963,0.014580989250592775,0.01680588134332628,0.2681660899653979,0.5477031802120141,0.04672897196261682,0.0,0.03889056376243594,0.006029544769369913,0.4955214403954738,2262000000.0,2098000000.0,2357500000.0,61.23907145010552,88.53937947494035,101.34128878281624,162.58036023292175,74.0409807579814,-9660000000.0,738273092.3694779,3651000000.0,-4246000000.0,Basic Materials
2022-12-31,DD,2022,Q4,USD,32757098999.999996,37169099000.0,11.974580863402062,-294.9928492063492,-119.51478778135048,63.10543123938879,7.490662139219015,3.0190195553174393,-0.030230326295585412,105.30577179314072,-13.243243243243244,21.89637305699482,0.6126984126984127,7537000000.0,35426000000.0,0.1021883690001209,0.010602195333161701,0.22013856331718498,0.15905754827054086,0.006483499347628973,0.01204082717558875,0.12901020325395726,-0.009494125227633864,-1.4682539682539681,0.6751824817518248,0.05960051546391753,0.0,0.03962628865979381,0.00547680412371134,0.5357997823721437,2387500000.0,2082000000.0,2344000000.0,73.0090206185567,92.4169921875,102.3486328125,175.3576534310567,82.94066124355669,-4723000000.0,1059373056.9948187,4859000000.0,-3068000000.0,Basic Materials
2023-03-31,DD,2023,Q1,USD,32928076000.0,37971076000.0,12.581536116633533,110.70284548104956,372.26545098039213,52.158071428571425,6.927197802197802,3.288314738696418,1.2943396226415094,27.101339053734367,-13.411072362685266,0.7219101123595506,0.7893569844789357,7794000000.0,35601000000.0,0.0062366530770724135,0.013710742099972143,0.013428078791995403,0.009612147959756142,0.01136496362605579,0.014972752764403999,0.007804889663155539,0.0030976604888788522,0.7026239067055393,0.8700361010830325,0.0798542080848244,0.11332007952286283,0.042080848243870116,0.0,0.5355513492525723,2478000000.0,2012000000.0,2386000000.0,72.7037773359841,87.18608169440243,110.87745839636915,183.58123573235326,96.39515403795083,-4480000000.0,124851123.59550571,5092000000.0,-2847000000.0,Basic Materials
2023-06-30,DD,2023,Q2,USD,32805248000.0,36448248000.0,11.780299935358759,91.12062,131.5821227436823,49.522076086956524,4.949728260869565,2.9759293928857984,-3.053435114503817,,-14.051067073170731,-0.36797752808988765,0.7841409691629956,7388000000.0,34922000000.0,-0.0032110204181680026,0.01056033168709225,-0.006907825353300991,-0.005014737970370937,0.00873651760399634,0.011684386637163365,-0.003993263516861693,0.008443770947867853,0.3075,0.43617021276595747,0.039754363283775046,0.11635423400129283,0.040400775694893344,0.0,0.5351618991592519,2376500000.0,1844500000.0,2392000000.0,67.34001292824823,78.38423645320196,103.78817733990148,171.1281902681497,92.74395381494773,-2904000000.0,917050561.7977529,4720000000.0,-3117000000.0,Basic Materials
2023-09-30,DD,2023,Q3,USD,33692303000.0,40569303000.0,13.266613145846959,54.82338243243243,-35.58710789473684,50.45933208955224,8.553482587064677,2.1515726681127982,2.542955326460481,29.172415928726426,-22.646114677883553,0.7818627450980392,0.8,4247000000.0,33292000000.0,0.008151687833797562,0.011535093206555736,0.020133804594799295,0.01318617724867725,0.00915371577361457,0.013006065735646777,0.009468037848288376,-0.03383562115062304,2.5405405405405403,6.394557823129252,0.6147809025506867,0.0,0.041857423152387184,0.007194244604316547,0.5951243196279355,2357000000.0,1726500000.0,2310000000.0,70.60497056899935,77.6100307062436,104.96929375639714,175.57426432539648,97.96423361915288,-8017000000.0,1918750000.0,1338000000.0,-6571000000.0,Basic Materials
2023-12-31,DD,2023,Q4,USD,33102979000.000004,38510979000.0,13.288812629399587,103.24659249329758,56.88475480059084,-174.25782352941175,-24.470588235294116,2.425435765009684,-1.2110389610389611,,-19.948872879386474,0.03571428571428571,1.196116504854369,4416000000.0,33318000000.0,-0.0005706578128242374,0.010297998326575271,-0.0013734548632788114,-0.0009061328720293257,0.005479598177412584,0.011282224854741355,-0.0006645927546279143,0.02045133158559536,0.38873994638069703,0.4931972789115646,0.05003450655624569,0.0,0.04416839199447895,0.0,0.5845092342809711,2384500000.0,1680000000.0,2213000000.0,73.6024844720497,74.62871287128714,95.65841584158416,169.26090031363384,94.6321874423467,-5256000000.0,-270811688.3116883,2191000000.0,-6313000000.0,Basic Materials
2024-03-31,DD,2024,Q1,USD,32640160000.0,38530160000.0,13.145738655748891,83.39861471861472,151.09866666666667,58.914617737003056,9.00611620795107,2.3308047493403694,2.64,23.686228555231473,-20.096381267738884,0.7078651685393258,0.7355371900826446,4035000000.0,32520000000.0,0.0050110029959965,0.009309155751353762,0.012221934816347646,0.008013907734056988,0.006996221943227702,0.010234971889865937,0.005790412792094156,0.0078124617036191,0.44805194805194803,0.711340206185567,0.07062436028659161,0.13101330603889458,0.042647560559535995,0.0,0.5899992046026991,2367500000.0,1649500000.0,2161000000.0,72.62026612077788,70.71117561683599,94.70246734397678,167.32273346475466,96.61155784791868,-5635000000.0,713797752.8089888,1759000000.0,-6638000000.0,Basic Materials
2024-06-30,DD,2024,Q2,USD,33119006000.0,39227006000.0,12.370547461368654,74.43454648956357,94.06955875299761,56.60462626262626,8.813852813852813,2.212132089016511,3.1183431952662723,23.138581285089668,-20.256701771182385,0.6013513513513513,0.7493670886075949,3377000000.0,31560000000.0,0.004869641342707849,0.01271038104214353,0.012260641961702713,0.007628026569530748,0.008288990745131095,0.01397814434210916,0.005374557436898921,0.012590957590937361,0.20872865275142316,0.3691275167785235,0.03468937243771681,0.13087354146956795,0.042257962787764114,0.00630715862503942,0.6028232976773452,2339000000.0,1639500000.0,2169500000.0,65.6480605487228,69.37587331159757,90.71262226362366,156.36068281234645,86.98480950074888,-5691000000.0,1080864864.8648648,1729000000.0,-6626000000.0,Basic Materials
2024-09-30,DD,2024,Q3,USD,37239069000.0,42758069000.0,13.395385025062657,58.01637584803257,138.3756278317152,43.675249233912155,5.637385086823289,2.27929203539823,1.474,37.63241999057734,-19.770878200526443,0.7747440273037542,0.8707280832095097,3614000000.0,31845000000.0,0.012119270708203197,0.014159483340989543,0.03023844411882243,0.018751032545845037,0.012392164714887586,0.015128767756091928,0.012191497053806582,0.008297736981555582,0.5807327001356852,1.3986928104575163,0.13408521303258145,0.0,0.041979949874686714,0.0,0.5992098449053682,2338000000.0,1678500000.0,2200500000.0,66.62593984962406,71.34606427573358,93.77270610153703,160.3986459511611,89.0525816754275,-4891000000.0,511262798.63481224,2210000000.0,-6365000000.0,Basic Materials
2024-12-31,DD,2024,Q4,USD,31964000000.0,37279000000.0,12.05659767141009,66.09751773049645,91.14669926650367,87.5093896713615,12.476525821596244,1.325557175588419,-5.320754716981132,,-19.73461354961832,-1.0,0.33858267716535434,1563000000.0,29268000000.0,-0.0011737089201877935,0.01290200682888646,-0.002925369072726036,-0.0018415417558886509,-0.020131610107645217,0.015014920684780901,-0.0013452634213490177,0.01279564510073833,0.274822695035461,0.5183946488294314,0.05012936610608021,0.25840879689521346,0.04139715394566624,0.0,0.5987826181897588,2281000000.0,1711000000.0,2183500000.0,64.00711513583441,78.69852567361464,97.4580579562786,161.465173092113,82.76664741849835,-4751000000.0,2175837209.3023257,1856000000.0,-6479000000.0,Basic Materials
2025-03-31,DD,2025,Q1,USD,31253580000.000004,36660580000.0,11.957136333985648,95.97010471204189,275.6434586466165,-66.89886861313869,-9.866788321167883,1.395509499136442,-0.6970802919708029,,-19.370967741935484,1.372960372960373,1.239884393063584,1832000000.0,28810000000.0,-0.01636975070175926,-0.015092884586253907,-0.03984306297774471,-0.025794867303144432,-0.021085888427294537,-0.017480621391431944,-0.018845841020452697,0.004255512488489318,0.6518324607329843,0.8498293515358362,0.0812133072407045,0.0,0.044683626875407695,0.003913894324853229,0.5891442705872544,2245000000.0,1688500000.0,2186000000.0,67.25048923679061,77.671875,105.09375,172.3442392367906,94.6723642367906,-5274000000.0,-1161976689.97669,2070000000.0,-6249000000.0,Basic Materials
