date,symbol,fiscalYear,period,reportedCurrency,marketCap,enterpriseValue,evToSales,evToOperatingCashFlow,evToFreeCashFlow,evToEBITDA,netDebtToEBITDA,currentRatio,incomeQuality,grahamNumber,grahamNetNet,taxBurden,interestBurden,workingCapital,investedCapital,returnOnAssets,operatingReturnOnAssets,returnOnTangibleAssets,returnOnEquity,returnOnInvestedCapital,returnOnCapitalEmployed,earningsYield,freeCashFlowYield,capexToOperatingCashFlow,capexToDepreciation,capexToRevenue,salesGeneralAndAdministrativeToRevenue,researchAndDevelopementToRevenue,stockBasedCompensationToRevenue,intangiblesToTotalAssets,averageReceivables,averagePayables,averageInventory,daysOfSalesOutstanding,daysOfPayablesOutstanding,daysOfInventoryOutstanding,operatingCycle,cashConversionCycle,freeCashFlowToEquity,freeCashFlowToFirm,tangibleAssetValue,netCurrentAssetValue,sector
1985-09-30,LRCX,1986,Q1,USD,58854249.99999999,,,0.0,0.0,,,0.0,0.0,,,0.0,0.0,,,0.0,0.0,0.0,0.0,0.0,0.0,0.010194675830547497,,0.0,0.0,,0.0,0.0,,0.0,,,,,0.0,0.0,,,,,,,Technology
1985-12-31,LRCX,1986,Q2,USD,76007250.0,,,0.0,0.0,,,0.0,0.0,,,0.0,0.0,,,0.0,0.0,0.0,0.0,0.0,0.0,0.007893983797598255,,0.0,0.0,,0.0,0.0,,0.0,,,,,0.0,0.0,,,,,,,Technology
1986-03-31,LRCX,1986,Q3,USD,78193338.0,,,0.0,0.0,,,0.0,0.0,,,0.0,0.0,,,0.0,0.0,0.0,0.0,0.0,0.0,0.008952169301174992,,0.0,0.0,,0.0,0.0,,0.0,,,,,0.0,0.0,,,,,,,Technology
1986-06-30,LRCX,1986,Q4,USD,65006797.2,42606797.2,5.32584965,0.0,0.0,-1.5722065387453876,0.8265682656826568,7.90566037735849,0.0,,0.08292546290836184,0.0,0.0,36600000.0,40600000.0,-0.004149377593360996,0.0,-0.004149377593360996,-0.004705882352941176,,-0.6317016317016317,-0.003076601349620098,,0.0,0.0,,0.0,0.0,,0.0,,,,109.125,0.0,0.0,109.125,109.125,,,42500000.0,36200000.0,Technology
1986-09-30,LRCX,1987,Q1,USD,39643299.3,,,0.0,0.0,,,0.0,0.0,,,0.0,0.0,,,0.0,0.0,0.0,0.0,0.0,0.0,-0.04792739336909832,,0.0,0.0,,0.0,0.0,,0.0,,,,,0.0,0.0,,,,,,,Technology
1986-12-31,LRCX,1987,Q2,USD,34086829.565000005,,,0.0,0.0,,,0.0,0.0,,,0.0,0.0,,,0.0,0.0,0.0,0.0,0.0,0.0,-0.029336843958840616,,0.0,0.0,,0.0,0.0,,0.0,,,,,0.0,0.0,,,,,,,Technology
1987-03-31,LRCX,1987,Q3,USD,56887804.400000006,,,0.0,0.0,,,0.0,0.0,,,0.0,0.0,,,0.0,0.0,0.0,0.0,0.0,0.0,0.0,,0.0,0.0,,0.0,0.0,,0.0,,,,,0.0,0.0,,,,,,,Technology
1987-06-30,LRCX,1987,Q4,USD,64471934.800000004,39571934.800000004,4.8258457073170735,0.0,0.0,-1.758752657777778,1.1066666666666667,8.479166666666666,0.0,0.03920902617460822,0.08584319699988281,0.0,0.0,35900000.0,39400000.0,0.004454342984409799,0.0,0.004454342984409799,0.005025125628140704,,-0.5610972568578554,0.0031021249884996475,,0.0,0.0,,0.0,0.0,,0.0,,,,79.02439024390245,0.0,0.0,79.02439024390245,79.02439024390245,,,39800000.0,35600000.0,Technology
1987-09-30,LRCX,1988,Q1,USD,82559305.4,,,0.0,0.0,,,0.0,0.0,,,0.0,0.0,,,0.0,0.0,0.0,0.0,0.0,0.0,0.007267503003967861,,0.0,0.0,,0.0,0.0,,0.0,,,,,0.0,0.0,,,,,,,Technology
1987-12-31,LRCX,1988,Q2,USD,54088694.6,,,0.0,0.0,,,0.0,0.0,,,0.0,0.0,,,0.0,0.0,0.0,0.0,0.0,0.0,0.014790521492822272,,0.0,0.0,,0.0,0.0,,0.0,,,,,0.0,0.0,,,,,,,Technology
1988-03-31,LRCX,1988,Q3,USD,69087401.6,,,0.0,0.0,,,0.0,0.0,,,0.0,0.0,,,0.0,0.0,0.0,0.0,0.0,0.0,0.004342325707035999,,0.0,0.0,,0.0,0.0,,0.0,,,,,0.0,0.0,,,,,,,Technology
1988-06-30,LRCX,1988,Q4,USD,86033102.39999999,78933102.39999999,3.234963213114754,0.0,0.0,-1.6478727014613777,0.14822546972860126,3.3395061728395063,0.0,0.06907448469455647,0.0381435390385271,0.0,0.0,37900000.0,47900000.0,0.015082956259426848,0.0,0.015082956259426848,0.021413276231263382,,-0.9560878243512974,0.011623432982233128,,0.0,0.0,,0.0,0.0,,0.0,,,,73.77049180327869,0.0,0.0,73.77049180327869,73.77049180327869,,,46700000.0,34500000.0,Technology
1988-09-30,LRCX,1989,Q1,USD,65178299.2,,,0.0,0.0,,,0.0,0.0,,,0.0,0.0,,,0.0,0.0,0.0,0.0,0.0,0.0,0.026082300717659716,,0.0,0.0,,0.0,0.0,,0.0,,,,,0.0,0.0,,,,,,,Technology
1988-12-31,LRCX,1989,Q2,USD,84281942.39999999,,,0.0,0.0,,,0.0,0.0,,,0.0,0.0,,,0.0,0.0,0.0,0.0,0.0,0.0,0.028475850599285667,,0.0,0.0,,0.0,0.0,,0.0,,,,,0.0,0.0,,,,,,,Technology
1989-03-31,LRCX,1989,Q3,USD,68824215.60000001,,,0.0,0.0,,,0.0,0.0,,,0.0,0.0,,,0.0,0.0,0.0,0.0,0.0,0.0,0.03632442416096349,,0.0,0.0,,0.0,0.0,,0.0,,,,,0.0,0.0,,,,,,,Technology
1989-06-30,LRCX,1989,Q4,USD,82061107.80000001,84161107.80000001,2.460851105263158,0.0,0.0,-1.0127690469314081,-0.02527075812274368,3.0113636363636362,0.0,0.12129480385787558,0.03153266595311549,0.0,0.0,53100000.0,66000000.0,0.027111574556830033,0.0,0.027111574556830033,0.04553415061295972,,-1.19568345323741,0.03168370583464143,,0.0,0.0,,0.0,0.0,,0.0,,,,83.94736842105263,0.0,0.0,83.94736842105263,83.94736842105263,,,57100000.0,40700000.0,Technology
1989-09-30,LRCX,1990,Q1,USD,83053000.0,75653000.0,2.022807486631016,12.822542372881356,17.593720930232557,20.446756756756756,-2.0,3.836448598130841,2.5652173913043477,0.10055498171560714,0.03952173913043478,0.696969696969697,1.2692307692307692,60700000.0,74500000.0,0.023255813953488372,0.026694045174537988,0.023255813953488372,0.03560371517027864,0.023172905525846704,0.03354838709677419,0.027693159789531983,0.051774168302168494,0.2711864406779661,1.4545454545454546,0.0427807486631016,0.0,0.0,0.0,0.0,29900000.0,5400000.0,30500000.0,67.13903743315508,49.340101522842644,138.88324873096448,206.02228616411958,156.68218464127693,11700000.0,-6287878.787878788,64600000.0,47800000.0,Technology
1989-12-31,LRCX,1990,Q2,USD,71875000.0,66575000.0,1.8648459383753502,-110.95833333333333,-28.945652173913043,17.993243243243242,-1.4324324324324325,4.092682926829268,-0.25,0.10255857287211644,0.042565217391304346,0.696969696969697,1.32,63400000.0,77500000.0,0.022727272727272728,0.02498750624687656,0.022727272727272728,0.03422619047619048,0.021327102110455843,0.030978934324659233,0.032,-0.032,-2.8333333333333335,1.4166666666666667,0.047619047619047616,0.0,0.0,0.0,0.0,29900000.0,9900000.0,29950000.0,80.42016806722688,44.26229508196721,145.08196721311475,225.50213528034163,181.23984019837442,3000000.0,-1457575.7575757578,67200000.0,49900000.0,Technology
1990-03-31,LRCX,1990,Q3,USD,98334000.0,94434000.0,2.7058452722063038,85.8490909090909,-62.956,41.05826086956522,-1.6956521739130435,3.3660377358490567,1.0,0.07167635593415725,0.034916666666666665,0.7058823529411765,1.4166666666666667,62700000.0,78400000.0,0.0110803324099723,0.011455847255369928,0.0110803324099723,0.017518248175182483,0.01024254925670389,0.014669926650366748,0.012203307096223076,-0.015254133870278845,2.3636363636363638,2.6,0.07449856733524356,0.0,0.0,0.0,0.0,32850000.0,12200000.0,32050000.0,87.16332378223497,76.15384615384616,171.0989010989011,258.2622248811361,182.10837872728993,2400000.0,-52941.17647058796,68500000.0,49400000.0,Technology
1990-06-30,LRCX,1990,Q4,USD,81666000.0,83566000.0,2.861849315068493,-34.81916666666667,-13.0571875,-4.886900584795321,-0.1111111111111111,2.450980392156863,0.1643835616438356,,0.005625,0.874251497005988,0.907608695652174,51800000.0,68200000.0,-0.1374764595103578,-0.17156177156177158,-0.1374764595103578,-0.26838235294117646,-0.2237305639069566,-0.26099290780141843,-0.17877696960791514,-0.07836798667744227,-1.6666666666666667,3.076923076923077,0.136986301369863,0.0,0.0,0.0,0.0,31050000.0,7700000.0,35650000.0,87.22602739726028,0.0,234.2553191489362,321.4813465461965,321.4813465461965,-8300000.0,-7886227.544910179,54400000.0,35700000.0,Technology
1990-09-30,LRCX,1991,Q1,USD,54999720.0,66499720.0,1.9910095808383232,-8.866629333333334,-6.785685714285714,27.708216666666665,4.791666666666667,3.0,-6.25,0.0646335826022355,0.0036666666666666666,0.75,1.4545454545454546,56600000.0,74000000.0,0.011483253588516746,0.01044138585666825,0.011483253588516746,0.02154398563734291,0.010631443298969073,0.014435695538057743,0.021818292893127457,-0.17818272529387422,-0.30666666666666664,1.7692307692307692,0.0688622754491018,0.0,0.0,0.0,0.0,27950000.0,7750000.0,38250000.0,74.37125748502994,77.5,199.0,273.37125748502996,195.87125748502996,-21300000.0,-4975000.0,55700000.0,36100000.0,Technology
1990-12-31,LRCX,1991,Q2,USD,70414500.0,85814500.0,2.592583081570997,171.629,-21.453625,61.29607142857143,11.0,3.2395437262357416,0.35714285714285715,0.06303844980522724,-0.00023076923076923076,0.7222222222222222,18.0,58900000.0,79600000.0,0.012037037037037037,0.0009411764705882353,0.012037037037037037,0.02264808362369338,0.0008691001470784864,0.0012239902080783353,0.018462106526354657,-0.05680648161955279,9.0,3.4615384615384617,0.13595166163141995,0.0,0.0,0.0,0.0,27500000.0,13450000.0,39500000.0,74.50151057401813,57.31843575418995,197.09497206703912,271.59648264105726,214.27804688686732,-19400000.0,-5427777.777777778,57400000.0,34600000.0,Technology
1991-03-31,LRCX,1991,Q3,USD,85925332.79630001,100925332.79630001,2.9001532412729887,25.878290460589746,168.20888799383334,50.462666398150006,7.5,3.266932270916335,2.4375,0.08648609046255963,0.0,0.8,2.857142857142857,56900000.0,79700000.0,0.014939309056956116,0.006508600650860065,0.014939309056956116,0.02707275803722504,0.0066746126340882,0.00853658536585366,0.018620818190987525,0.006982806821620321,0.8461538461538461,2.75,0.09482758620689655,0.0,0.0,0.0,0.0,25700000.0,12200000.0,39800000.0,62.068965517241374,68.02325581395348,211.3953488372093,273.46431435445066,205.44105854049718,-14400000.0,460000.0,59100000.0,34000000.0,Technology
1991-06-30,LRCX,1991,Q4,USD,103701332.6852,118401332.6852,3.226194351095368,43.85234543896296,-592.006663426,37.000416464125,4.59375,2.688427299703264,1.4210526315789473,0.0959841606700657,-4.6875000292968755e-05,0.76,1.6666666666666667,56900000.0,81000000.0,0.016253207869974338,0.013392857142857142,0.016253207869974338,0.03099510603588907,0.012939841089670829,0.018028846153846152,0.018321847471022553,-0.0019286155232655317,1.0740740740740742,1.7058823529411764,0.07901907356948229,0.0,0.0,0.0,0.0,26050000.0,14750000.0,42600000.0,68.91008174386921,83.89830508474577,227.79661016949154,296.70669191336077,212.808386828615,-14900000.0,-60000.0,61300000.0,35000000.0,Technology
1991-09-30,LRCX,1992,Q1,USD,113751750.0,134351750.0,3.4099428934010154,-30.534488636363637,-21.325674603174605,35.355723684210524,5.421052631578948,3.236162361623616,-2.0952380952380953,0.10466272361392912,4.761904761904762e-05,0.7241379310344828,1.45,60600000.0,89200000.0,0.01770657672849916,0.016985138004246284,0.01770657672849916,0.03286384976525822,0.015023608527686364,0.02185792349726776,0.01846125444223935,-0.05538376332671805,-0.4318181818181818,1.0555555555555556,0.048223350253807105,0.0,0.0,0.0,0.0,28000000.0,13650000.0,44300000.0,63.73096446700508,50.362694300518136,204.24870466321244,267.97966913021753,217.6169748296994,-26900000.0,-2351724.1379310344,63900000.0,33000000.0,Technology
1991-12-31,LRCX,1992,Q2,USD,159723500.00000003,183023500.00000003,4.389052757793766,34.53273584905661,48.16407894736843,44.639878048780496,5.682926829268292,3.0416666666666665,2.3043478260869565,0.1021763181955584,-0.007347826086956522,0.71875,1.6842105263157894,58800000.0,86600000.0,0.01823949246629659,0.015529219452390683,0.01823949246629659,0.034482758620689655,0.013310185185185185,0.019527235354573486,0.014399884800921591,0.02379111401891393,0.2830188679245283,0.6818181818181818,0.03597122302158273,0.0,0.0,0.0,0.0,28500000.0,10400000.0,42650000.0,62.805755395683455,43.90243902439024,182.1951219512195,245.00087734690297,201.09843832251272,-19500000.0,3865625.0,66700000.0,28200000.0,Technology
1992-03-31,LRCX,1992,Q3,USD,171666000.0,169266000.0,4.221097256857855,-24.180857142857143,-21.15825,33.18941176470588,-0.47058823529411764,4.03584229390681,-2.9166666666666665,0.12429802894656053,0.052583333333333336,0.7272727272727273,1.2222222222222223,84700000.0,111800000.0,0.01603206412825651,0.019579405366207395,0.01603206412825651,0.02330097087378641,0.01546170365068003,0.022167487684729065,0.013980636818007063,-0.046602122726690204,-0.14285714285714285,0.4166666666666667,0.02493765586034913,0.0,0.0,0.0,0.0,35950000.0,10350000.0,40600000.0,96.05985037406484,54.10112359550562,200.73033707865167,296.7901874527165,242.6890638572109,-5600000.0,-22536363.636363637,103000000.0,65900000.0,Technology
1992-06-30,LRCX,1992,Q4,USD,158334000.0,152334000.0,3.430945945945946,17.509655172413794,36.27,29.295,-1.1538461538461537,3.2451790633608817,2.806451612903226,0.1437141259584457,0.051375,0.7209302325581395,1.5357142857142858,81500000.0,110700000.0,0.01979565772669221,0.018282729350310153,0.01979565772669221,0.029080675422138838,0.015969973506034737,0.023275145469659187,0.019578864931095025,0.02652620410019326,0.5172413793103449,1.875,0.10135135135135136,0.0,0.0,0.0,0.0,43350000.0,13400000.0,41950000.0,88.98648648648648,75.07772020725389,206.1139896373057,295.1004761237922,220.0227559165383,10200000.0,3118604.65116279,106600000.0,67800000.0,Technology
1992-09-30,LRCX,1993,Q1,USD,286316000.0,284016000.0,5.784439918533605,-149.4821052631579,-78.89333333333333,40.00225352112676,-0.323943661971831,3.248,-0.6129032258064516,0.11297159220424084,0.03664516129032258,0.7045454545454546,1.0,84300000.0,115900000.0,0.01901840490797546,0.02753441802252816,0.01901840490797546,0.028207461328480437,0.023736600306278714,0.0350597609561753,0.010827197921178,-0.01257352016652929,-0.8947368421052632,0.6296296296296297,0.034623217922606926,0.0,0.0,0.0,0.0,45150000.0,17900000.0,45800000.0,85.05091649694502,76.75324675324676,184.67532467532467,269.7262411722697,192.97299441902294,-1300000.0,1300000.0,109900000.0,68700000.0,Technology
1992-12-31,LRCX,1993,Q2,USD,309260001.5463,309660001.5463,5.2131313391633,0.0,-88.47428615608571,41.28800020617333,0.05333333333333334,2.7695560253699787,0.0,0.1528013408531401,0.036787499816062504,0.7017543859649122,1.2391304347826086,83700000.0,119000000.0,0.022701475595913734,0.027122641509433963,0.022701475595913734,0.03469210754553339,0.02382339612869813,0.035686578743211794,0.01293410069197439,-0.011317338105477592,0.0,1.206896551724138,0.058922558922558925,0.0,0.0,0.0,0.0,49850000.0,22350000.0,49350000.0,80.75757575757575,73.52941176470588,150.88235294117646,231.63992869875221,158.11051693404633,-3900000.0,3228070.175438596,115300000.0,70100000.0,Technology
1993-03-31,LRCX,1993,Q3,USD,460240000.0,464440000.0,6.711560693641618,-1161.1,-94.78367346938775,46.913131313131316,0.42424242424242425,2.8607594936708862,-0.07272727272727272,0.1782092743224815,0.03607272727272727,0.7051282051282052,1.164179104477612,88200000.0,125200000.0,0.03031973539140022,0.03747203579418344,0.03031973539140022,0.04534212695795548,0.033817888148596806,0.05,0.011950286806883365,-0.010646619155223361,-11.25,1.40625,0.06502890173410404,0.0,0.0,0.0,0.0,53750000.0,23300000.0,55600000.0,70.4913294797688,58.90909090909091,163.36363636363635,233.85496584340513,174.94587493431422,-9100000.0,-1075641.025641025,121300000.0,75500000.0,Technology
1993-06-30,LRCX,1993,Q4,USD,605378125.0,624478125.0,7.54200634057971,-85.54494863013699,-52.921875,52.921875,1.61864406779661,3.6,-1.1587301587301588,0.1976792292729573,0.022872727272727274,0.7,1.139240506329114,154700000.0,198200000.0,0.0234375,0.03509551310528654,0.0234375,0.04834996162701458,0.025530932594644506,0.03774486383182035,0.010406718941157644,-0.019491949762803207,-0.6164383561643836,1.1538461538461537,0.05434782608695652,0.0,0.0,0.0,0.0,61450000.0,25650000.0,65350000.0,74.67391304347827,65.83743842364532,156.94581280788177,231.61972585136004,165.78228742771472,-30900000.0,-61570000.0,130300000.0,75700000.0,Technology
1993-09-30,LRCX,1994,Q1,USD,790593199.9999999,824193199.9999999,8.16841625371655,-1648.3863999999999,-108.44647368421052,47.641225433526,1.9421965317919074,3.3593984962406016,-0.0625,0.22826879516676288,0.011291521353839117,0.6611570247933884,0.9029850746268657,156900000.0,208700000.0,0.027777777777777776,0.048132183908045974,0.027777777777777776,0.056457304163726185,0.03878942264549652,0.06049661399548533,0.010118984074236916,-0.00961303487052507,-14.2,1.8205128205128205,0.07036669970267592,0.0,0.0,0.0,0.0,76850000.0,27500000.0,72850000.0,75.81764122893955,45.722891566265055,135.36144578313252,211.17908701207207,165.45619544580703,-41200000.0,3459504.132231405,141700000.0,77100000.0,Technology
1993-12-31,LRCX,1994,Q2,USD,764999996.4000001,805499996.4000001,7.071992944688324,1610.9999928000002,-97.0481923373494,52.6470585882353,2.6470588235294117,2.774193548387097,0.05813953488372093,0.2395937749835589,-0.0071294117982560554,0.6589147286821705,1.1217391304347826,159500000.0,215000000.0,0.02627511591962906,0.03761242845461979,0.02627511591962906,0.05644090305444887,0.031612513057342355,0.04922945205479452,0.011111111163398692,-0.010849673253671664,17.6,2.3783783783783785,0.07726075504828797,0.0,0.0,0.0,0.0,93400000.0,33700000.0,80450000.0,80.43898156277437,65.32758620689654,133.44827586206895,213.8872574248433,148.55967121794677,-48800000.0,-122480.62015504017,150600000.0,76500000.0,Technology
1994-03-31,LRCX,1994,Q3,USD,760615386.2,806115386.2,6.407912449920509,-1007.64423275,-1007.64423275,47.98305870238096,2.7083333333333335,2.7950377562028046,-0.08421052631578947,0.252999505401289,-0.009648437479899089,0.6620689655172414,1.1068702290076335,166400000.0,224600000.0,0.02863107664777811,0.03976927747419551,0.02863107664777811,0.0594059405940594,0.03507118256480332,0.05399835119538335,0.012621359197006472,-0.0010517799330838726,0.0,0.0,0.0,0.0,0.1573926868044515,0.0,0.0,101250000.0,42750000.0,93850000.0,72.0429252782194,59.45205479452055,139.31506849315068,211.35799377137008,151.90593897684954,-46300000.0,5173103.448275862,161600000.0,85400000.0,Technology
1994-06-30,LRCX,1994,Q4,USD,689220924.5128,750720924.5128,5.134890044547196,105.73534148067606,187.6802311282,32.9263563382807,2.6973684210526314,2.366454689984102,0.6068376068376068,0.2921443143818344,-0.04411197907476671,0.6647727272727273,1.1428571428571428,171900000.0,233600000.0,0.030668414154652688,0.04296875,0.030668414154652688,0.0661764705882353,0.039,0.06022682831443097,0.016975688903047386,0.005803654325828167,0.43661971830985913,0.4189189189189189,0.021203830369357045,0.0,0.1518467852257182,0.0,0.0,110500000.0,54750000.0,108650000.0,74.05608755129958,80.719131614654,141.16689280868385,215.22298035998344,134.50384874532944,-57500000.0,9037500.0,176800000.0,93000000.0,Technology
1994-09-30,LRCX,1995,Q1,USD,1011700000.0000001,983400000.0000001,6.089164086687307,756.4615384615386,-87.02654867256638,36.02197802197803,-1.0366300366300367,3.104704097116844,0.08609271523178808,0.4286664984430405,0.08771523178807947,0.6990740740740741,0.9642857142857143,277400000.0,348600000.0,0.02909441233140655,0.04975013881177124,0.02909441233140655,0.04897826792085631,0.039886039886039885,0.05785123966942149,0.014925373134328358,-0.011169318968073539,9.692307692307692,2.5714285714285716,0.07801857585139318,0.0,0.15665634674922602,0.0,0.0,127100000.0,62400000.0,121800000.0,74.61919504643963,66.203007518797,144.3609022556391,218.98009730207872,152.77708978328172,17000000.0,-97540740.74074075,308300000.0,198500000.0,Technology
1994-12-31,LRCX,1995,Q2,USD,1018956521.2,1008656521.2,5.84051257209033,-103.98520837113402,-45.23123413452915,31.718758528301887,-0.3238993710691824,3.0761904761904764,-0.5132275132275133,0.4543522340645011,0.08214285718631897,0.7,1.003717472118959,283400000.0,365900000.0,0.034697998898476225,0.05057817053680549,0.034697998898476225,0.05765710799267846,0.045538089480048366,0.06589906908378246,0.018548387106588158,-0.02188513399348761,-1.2989690721649485,2.5714285714285716,0.07295888824551244,0.0,0.15518239722061378,0.0,0.0,145650000.0,59750000.0,134250000.0,82.02663578459756,65.14285714285714,150.53571428571428,232.56235007031182,167.41949292745468,-12000000.0,5130000.0,327800000.0,203000000.0,Technology
1995-03-31,LRCX,1995,Q3,USD,1231733338.3,1237433338.3,5.650380540182648,140.61742480681818,-74.9959598969697,30.10786711192214,0.1386861313868613,2.674496644295302,0.3548387096774194,0.5399092643937586,0.05597782235492814,0.7005649717514124,0.9971830985915493,299400000.0,404500000.0,0.03957236317217169,0.06061123442035172,0.03957236317217169,0.06946778711484594,0.0547316384180791,0.07925876311676713,0.02013422810673306,-0.013395756603269979,2.875,4.517857142857143,0.11552511415525114,0.0,0.145662100456621,0.0,0.0,170850000.0,72350000.0,156300000.0,75.73972602739725,70.96804511278195,145.57330827067668,221.31303429807394,150.34498918529198,-22200000.0,-10829943.502824858,357000000.0,208500000.0,Technology
1995-06-30,LRCX,1995,Q4,USD,1816570500.0,1876395500.0,7.661602881070111,100.36347347026101,324.0192540148506,44.97161106317707,1.4338270539737321,2.787503907346872,0.6147775475979087,0.6097846500395817,0.05403529342791816,0.7000046036276586,1.2932841152655394,337386000.0,454957000.0,0.044548516148122975,0.051310995005915155,0.044548516148122975,0.07693884056651032,0.04689087499064819,0.06801349255520325,0.016740886191865388,0.003187875174676678,0.6902545999144202,1.5869404820462372,0.052693041088730914,0.0,0.17859694825424954,0.0,0.0,189991000.0,83221000.0,171750500.0,71.9098930623211,49.98573524068417,103.79691558223097,175.70680864455207,125.7210734038679,-54034000.0,-19244445.35493969,395262000.0,238746000.0,Technology
1995-09-30,LRCX,1996,Q1,USD,1697171500.0,1781598500.0,6.912198784078961,71.11034166201006,260.16333235981307,34.1806592099457,1.6197647871381156,2.77428665301893,0.8223323596021925,0.633891688282494,0.07860262648765902,0.680097325773472,0.9961752279297309,351016000.0,479702000.0,0.04238067351148787,0.06417235922251127,0.04238067351148787,0.0714605708495662,0.05814245280586033,0.08630583394427449,0.01795163305535121,0.004034948736765848,0.7266703919533807,2.545225779393262,0.07063515773219475,0.0,0.13960589260010786,0.0,0.0,201355500.0,83663000.0,178505000.0,72.29030793762877,56.64560861722108,124.00847765891898,196.29878559654776,139.65317697932667,-77579000.0,5900976.740033038,426347000.0,256309000.0,Technology
1995-12-31,LRCX,1996,Q2,USD,1291756800.0,1374374800.0,4.836027375569591,237.08380196653442,1084.74727703236,23.684683256358998,1.4237609429930378,2.721688471893318,0.17315331999163655,0.6928144535505201,0.08573996281653017,0.6800113744845937,0.9772718250029775,382418000.0,512661000.0,0.04300687128511915,0.06728972461942664,0.04300687128511915,0.07274769831836543,0.060813554279408336,0.09055270257882335,0.025917417272353433,0.0009808347825225306,0.7814386751768156,0.592156862745098,0.01593975967205616,0.0,0.13741972941114375,0.0,0.0,217813000.0,92250500.0,202880000.0,72.39300480304017,60.43169682237201,133.41855939450664,205.81156419754683,145.37986737517483,-81351000.0,5975613.023784861,460207000.0,286286000.0,Technology
1996-03-31,LRCX,1996,Q3,USD,999271200.0,1102007200.0,3.2190900725897147,42.021246901811246,-349.5106882334285,16.636833285526652,1.5509895982729207,2.327109357319759,0.6785427824782012,0.7806672273592768,0.06493345850455812,0.6800450442524589,0.984036014197905,416358000.0,578762000.0,0.042050461859842674,0.06804444242848735,0.042050461859842674,0.07689965976243061,0.06242004245058696,0.09540336022016033,0.03867718793456671,-0.0031552995823356062,1.1202287893231648,3.4627534181989628,0.08581652474914922,0.0,0.13688638322111382,0.0,0.0,239018000.0,125909500.0,255019500.0,65.57760673024961,76.61754417386341,146.02376461501436,211.60137134526397,134.98382717140055,-105889000.0,-15557998.469199233,502590000.0,313571000.0,Technology
1996-06-30,LRCX,1996,Q4,USD,788718831.1999999,816661831.1999999,2.2084296652451503,-26.806559369768586,-18.17267476356839,11.616646010725308,0.3974765650559736,2.5333031145953244,-0.7913809226932669,0.7908876770081831,0.13569119935575846,0.6617502965293177,0.9722723626153229,470192000.0,641031000.0,0.03971259535881737,0.06336541389216166,0.03971259535881737,0.06313034408792592,0.056513547864058274,0.09028356209031978,0.048808267886073016,-0.05697721193194709,-0.4751025767273921,1.3825580284649919,0.0391408166190274,0.0,0.1382259804809718,0.0,0.0,253119500.0,132501000.0,306127000.0,62.4998309865249,50.4774016632058,144.12930083756422,206.62913182408911,156.15173016088332,-72882000.0,-18245156.258057863,609786000.0,417266000.0,Technology
1996-09-30,LRCX,1997,Q1,USD,815523435.9,908953435.9,3.2145871073953436,39.14865345421656,-130.14797192153495,24.75228571156255,2.5442514024290617,2.8025839833920485,2.1883129123468428,0.4192907684405783,0.13370134180714108,0.6997296049594407,0.6139114943924855,458462000.0,666814000.0,0.011244361922203005,0.016391445877542998,0.011244361922203005,0.017062266821047216,0.014860960100994464,0.02274652955104694,0.013010049169575311,-0.0085638250141672,1.300801102592816,2.5120186309573316,0.1068118079353796,0.0,0.1468565103144374,0.0,0.0,243569000.0,85466000.0,302638000.0,73.31480165087584,31.152917036975182,151.87261784757806,225.1874194984539,194.03450246147872,-100414000.0,10833621.51289323,621840000.0,391054000.0,Technology
1996-12-31,LRCX,1997,Q2,USD,869915720.8000001,938906720.8000001,3.8901320903561545,13.848181722713866,15.470024398602783,63.719492419409576,4.6821174075330845,3.0275202110421517,27.196149217809868,0.20256105384217027,0.16186470816449694,0.81871921182266,0.84771714922049,464219000.0,663358000.0,0.0027078988529718457,0.0038536141579552674,0.0027078988529718457,0.003958166954307225,0.004108109396597382,0.005193145395059283,0.0028657948585034928,0.06976767811965262,0.10483775811209439,0.6378892578300278,0.029450272626327913,0.0,0.1609489716435473,0.0,0.0,216617000.0,63545000.0,269916500.0,75.65852930940187,40.56084890884411,150.90235720998226,226.56088651938413,186.00003761054,-8299000.0,1218839.408866994,629837000.0,402375000.0,Technology
1997-03-31,LRCX,1997,Q3,USD,1237600000.0,1314393000.0,6.096385933340136,115.89745172383388,257.2701115678215,-22.290692941695212,-1.3023267645761964,2.5126183590190565,-0.2532660398847674,,0.0912131221719457,0.5551987502169762,1.0006699751861041,419980000.0,611757000.0,-0.04854297363248961,-0.08735169694986873,-0.04854297363248961,-0.07621749875748064,-0.06634416263820744,-0.12484142615654224,-0.03618212669683258,0.004128151260504202,0.5495106251653293,0.31700493412686304,0.028905112197474978,0.0,0.20336082225582322,0.0,0.0,205440000.0,84987000.0,244999000.0,86.81997384068792,44.48687304075235,102.74662029780563,189.56659413849354,145.07972109774119,-71684000.0,12916980.732511722,587516000.0,362686000.0,Technology
1997-06-30,LRCX,1997,Q4,USD,1400108800.0,1375930800.0,5.2379097557168794,-61.9984139142973,-52.54251346087754,178.13707923355776,-3.1302433972035213,2.266862348301155,11.334525025536262,,0.07408977788011903,0.6913841807909604,1.10625,416932000.0,601432000.0,-0.0020280719126541122,-0.0027119936861396995,-0.0020280719126541122,-0.003315064921432284,-0.002557041917791886,-0.00402298760259797,-0.0013984627480378667,-0.018703546467245973,-0.179966656152841,0.3883702839362116,0.015204406765466125,0.0,0.17666652708356334,0.0,0.0,215553500.0,107288500.0,243418500.0,76.44485642608885,62.21787682314158,138.90897368837204,215.3538301144609,153.1359532913193,-2009000.0,7568056.497175142,590637000.0,371226000.0,Technology
1997-09-30,LRCX,1998,Q1,USD,1750136000.0,2109179000.0,7.274887385056877,110.74131051139346,354.18623005877413,101.63248686936828,17.300775791451837,3.4621440351127792,-1.564738744659875,,0.1015543077795097,0.9451778226432676,-2.2975914362176626,758429000.0,953364000.0,-0.009316187833083182,-0.010633840260000915,-0.009316187833083182,-0.018884698150472504,-0.011213791654911149,-0.01209806240717391,-0.006954888077269424,0.0034025927127948915,0.687335923553502,0.8642064959070505,0.045152901085104474,0.0,0.18686492415305975,0.0,0.0,228387500.0,113706500.0,256734000.0,72.53119761594338,57.859613428280774,132.09867751780266,204.62987513374605,146.7702617054653,-353088000.0,-334142278.3040845,644543000.0,404465000.0,Technology
1997-12-31,LRCX,1998,Q2,USD,1137488336.5833,1481328336.5833,5.0720695229110175,-132.67607134646664,-70.79227414973955,67.02843151960634,15.558371040723982,3.7667416282819812,-3.1673758865248227,0.19505750360126511,0.11091985682594327,0.7498404594767071,0.9217647058823529,765242000.0,958301000.0,0.0027628726350985935,0.004001720887132031,0.0027628726350985935,0.005398608767034334,0.0038065024248471724,0.005170826411544543,0.003098932873974008,-0.018395793017845708,-0.8741603224361845,0.5753699227730944,0.03341824855507163,0.0,0.18651902374887008,0.0,0.0,234517000.0,98600500.0,258905000.0,72.53533568904594,41.96697586052749,129.8019669199821,202.33730260902803,160.37032674850053,-364765000.0,4214186.343331207,652946000.0,418928000.0,Technology
1998-03-31,LRCX,1998,Q3,USD,1070510456.1,1235184456.1,5.146215934221599,-38.56697336934461,-31.17342089443,45.803554570400856,6.1065005376942185,3.094993759087926,0.45711064169901805,,-0.006884857560710752,0.6721283168012893,-9.740422350962437,651233000.0,837622000.0,-0.056766917293233084,-0.08433734939759036,-0.056766917293233084,-0.1199892450836503,-0.07546630609070887,-0.1146289533760456,-0.06544915054379916,-0.037013183546428324,-0.23717488369188497,0.4673311184939092,0.0316476264280179,0.0,0.2035514003116433,0.0,0.0,232193500.0,77497500.0,249504500.0,85.8704347173962,42.230514966289775,142.19582098166268,228.06625569905887,185.8357407327691,-204297000.0,129860117.24640739,583919000.0,311764000.0,Technology
1998-06-30,LRCX,1998,Q4,USD,732954127.5,1070983127.5,4.644614709913005,14.205715901102254,19.2515526864518,48.50906456653682,15.31067125645439,3.056427571215874,-1.1442296017484215,,0.010262883235485975,0.9877372350313315,-8.15676204450966,603580000.0,747832000.0,-0.057255477192701944,-0.05716029940310573,-0.057255477192701944,-0.12595944475987833,-0.07697923902266415,-0.07951352152140008,-0.08989375668670342,0.07589970219521003,0.26210025069305354,1.4215827338129496,0.0856947082650291,0.0,0.21228088435551162,0.0,0.0,202517000.0,69624500.0,230757500.0,68.70586245478911,44.110978390704744,143.73547616462156,212.44133861941066,168.3303602287059,-282398000.0,49870715.10808623,523089000.0,269406000.0,Technology
1998-09-30,LRCX,1999,Q1,USD,384379489.5,603046489.5,4.2408630827221,-12.207913063281914,-10.833300210182157,-51.18805614973262,-18.560988031576265,3.3924597939245977,1.8451367099955176,,-0.011764514590469583,1.0,0.9991789206538777,582107000.0,719637000.0,-0.025019672198557434,-0.02412993457342141,-0.025019672198557434,-0.05407567200717454,-0.031735699154817054,-0.03240965298181145,-0.06964991819627253,-0.14482042231860554,-0.1268877282481072,0.4175048291480717,0.0440790722860217,0.0,0.2469356324587374,0.0,0.0,164302000.0,61016500.0,217421500.0,96.56713478997742,53.12408330888824,209.4778527427398,306.0449875327172,252.92090422382896,-274333000.0,3446018.0785895735,495084000.0,250462000.0,Technology
1998-12-31,LRCX,1999,Q2,USD,684671281.0,990082281.0,6.977569900278374,-53.4341994171299,-33.678559119668,-92.53970286942705,-28.545751939433593,3.339481607540254,0.22387212140250828,,-0.046354116983913625,1.0,3.381240297409919,536139000.0,644051000.0,-0.08448389553174245,-0.08084094093586196,-0.08448389553174245,-0.20039708481634827,-0.10866699631830708,-0.11039365965974503,-0.12088428753593361,-0.042937393192631956,-0.5865939878029035,0.7888090572610494,0.0765988935480461,0.0,0.23955741921843618,0.0,0.0,146998000.0,42772000.0,202743500.0,89.69935515698228,29.632606563083446,181.5645074522958,271.2638626092781,241.63125604619464,-334809000.0,24400000.0,413010000.0,198653000.0,Technology
1999-03-31,LRCX,1999,Q3,USD,1122659590.8,1394645590.8,9.11676073893944,111.66991679077587,328.15190371764703,-315.6020798370672,-61.54921928038018,3.433467475920306,-0.8482070089649552,,-0.03427280476674301,1.0,1.0068380743982495,516411000.0,618861000.0,-0.015723193204983495,-0.015264203595083181,-0.015723193204983495,-0.03720681063542683,-0.019875724870680535,-0.020192229360749697,-0.013115284562355872,0.0037856533136384446,0.6597005364720955,0.8073493385595296,0.053858121535404244,0.0,0.23370332601192345,0.0,0.0,142928000.0,40178500.0,185402000.0,84.97509413241293,44.82305369195533,163.76654437845835,248.74163851087127,203.91858481891595,-267736000.0,6970679.16327085,395734000.0,187906000.0,Technology
1999-06-30,LRCX,1999,Q4,USD,1993680000.0,2302781000.0,10.919605472176778,126.36673434670472,221.08112519201228,100.14703835783247,13.442680699312865,3.0282177913481836,1.6056921314653274,0.2528584639616876,-0.030467723004694837,1.0,1.0254811602060179,494875000.0,598212000.0,0.011587103387509942,0.011552782971154058,0.011587103387509942,0.027751151713142734,0.014638462901873225,0.015047807074794414,0.005692488262910798,0.0052245094498615625,0.4284146408385008,0.65456527207177,0.037020176873651514,0.0,0.1784764207980653,0.0,0.0,157483000.0,50179500.0,181633000.0,72.7780069706238,35.71243734068846,128.10344694005624,200.88145391068005,165.16901656999158,-298685000.0,36723000.0,408956000.0,168375000.0,Technology
1999-09-26,LRCX,2000,Q1,USD,2323906200.0,2616188200.0,10.829400369232808,705.742702994335,-1426.4930207197383,68.12812687169605,7.611312205411317,2.973658185741257,0.15019042217000242,0.41948186285567923,-0.02148480433504588,0.8999817684594348,1.0139756719784079,526872000.0,624016000.0,0.023952502581381447,0.026913683070908256,0.023952502581381447,0.056547059928611684,0.030976432033822547,0.03542483078019237,0.010620910603018313,-0.0007891884792940438,1.4947396816833018,0.48802184252245906,0.022936311480159947,0.0,0.16252866521512363,0.0,0.0,190951500.0,49707000.0,187830500.0,78.74543633217706,30.814727465173934,122.71739207649303,201.46282840867008,170.64810094349613,-294116000.0,-1842193.108477667,436486000.0,199854000.0,Technology
1999-12-26,LRCX,2000,Q2,USD,4320216600.0,4622583600.0,16.016158270390132,130.92170612892264,231.33738364528077,78.50721964640546,5.135221888215214,3.0488731932864894,0.96186117467582,0.53055659018332,0.006516092271855073,0.8599943772842282,0.900658338960162,562764000.0,666530000.0,0.03392844599066108,0.03780759143714672,0.03394315990956628,0.07562173475946404,0.04189628495440114,0.04946646284812463,0.008496796202301524,0.004625231059016809,0.4340659340659341,1.3339716250326399,0.053100963204213154,0.0,0.1395745270598018,0.0,0.00043348701017816406,224062000.0,51405500.0,195333000.0,73.82606887949552,30.164780538098977,109.76096082089552,183.58702970039104,153.42224916229208,-282385000.0,1027853.5282541439,484947000.0,240926000.0,Technology
2000-03-26,LRCX,2000,Q3,USD,6500238000.0,6803643000.0,20.847751946535762,-11227.133663366336,-363.65615479181145,101.18596350332396,4.5123365903716595,3.2567418493535696,-0.009042751622771022,0.7609509195109323,0.04269482902010665,0.8600046198860428,1.3850693210095983,642359000.0,757844000.0,0.05653613959782275,0.06707708647220095,0.05654482156929915,0.11601295591975086,0.07199368890116892,0.08442358677840099,0.010309622509206588,-0.0028782023058232637,-29.872937293729372,1.6488751252390927,0.05547128993807243,0.0,0.1405887562088439,0.0,0.00015354140724917914,271716000.0,51037500.0,207933000.0,84.57571495546179,23.442912651197506,107.25446183566396,191.83017679112575,168.38726413992825,-322114000.0,-38335140.08521123,577469000.0,319302000.0,Technology
2000-06-25,LRCX,2000,Q4,USD,5895890000.0,6155123000.0,16.448048720525044,75.57769428174998,87.86631168719933,76.359658590445,3.2160110164129665,3.5493091369076577,1.0666657935063064,0.7141445147340272,0.08123359535201641,0.8600022527596305,1.2976876077995732,733579000.0,852437000.0,0.061334134509176706,0.07145299637681905,0.06131768247092166,0.12015756408319485,0.07739826828196224,0.09071541489173852,0.012949868467695292,0.011881327501021898,0.1398558465637701,0.9341425408020996,0.030436966885435148,0.0,0.13753019646407422,0.0,-0.0002683082202730157,315307500.0,62055000.0,222157000.0,77.90727814951792,33.61197462408762,99.61902024031104,177.52629838982898,143.91432376574136,-189182000.0,-31580805.879702643,635758000.0,411922000.0,Technology
2000-09-24,LRCX,2001,Q1,USD,2688703200.0,2944237200.0,6.814717121754648,224.49387723980175,-1036.3383315733897,79.65794215524471,6.913611644706583,3.5399744077424518,0.1984445217812344,0.8241577695212722,0.12578628983667667,0.6999989408238272,3.983502805788785,799937000.0,923053000.0,0.04919093128498273,0.06936755633013529,0.04920250386389558,0.09337743478740028,0.06055578460062912,0.08727946559386184,0.02458025117833757,-0.001056643217444008,1.2166221883339687,1.2033182503770739,0.03693168009517615,0.0,0.13084637800579113,0.0,0.00023520304870787185,355859500.0,80014500.0,241310500.0,80.78066664969296,32.23561502609592,98.75933761463949,179.54000426433245,147.30438923823652,-258375000.0,-52463325.103534475,707446000.0,479118000.0,Technology
2000-12-24,LRCX,2001,Q2,USD,1888326000.0,2082055000.0,4.211855595025206,21.737208064061473,27.61749061534176,33.15743793097957,3.0852005796824487,2.925516501846777,1.3037376817117656,0.8629574041318909,0.06308722249230271,0.699935215883541,2.1285259465049786,808043000.0,937912000.0,0.049935429495806316,0.07250158094060637,0.049921755184441,0.10706047106723848,0.06647133184511932,0.09703026787497267,0.038906417641869036,0.03992372079820963,0.21291878517064614,1.5129080118694362,0.04125567432413843,0.0,0.11879061035902996,0.0,-0.0002739148756847872,405994500.0,103262000.0,275276500.0,77.23240656077292,42.074438804757584,100.82756604697602,178.05997260774893,135.98553380299134,-118340000.0,19495905.30086506,686632000.0,442662000.0,Technology
2001-03-25,LRCX,2001,Q3,USD,3436777800.0,3578988800.0,8.490573038372576,55.81356122512632,77.9583262541114,34.519900847809105,1.3716471030777688,3.8150243465675633,1.443648971137827,0.7273636247463853,0.15393685765777468,0.6999921204002837,0.7160589954523399,918047000.0,1051272000.0,0.02972207073528969,0.03980571230112233,0.029724258616709104,0.05529716405646989,0.034746275964423604,0.050522073984803836,0.01292431532815418,0.013358151929403175,0.28405901066683303,1.209334749701235,0.04321214637328747,0.0,0.13947215467647234,0.0,7.360592059259457e-05,393252500.0,120961500.0,311765000.0,77.35484253602989,43.01181696380074,118.92850676548336,196.28334930151325,153.27153233771253,-96302000.0,-51125798.26648806,803150000.0,552986000.0,Technology
2001-06-24,LRCX,2001,Q4,USD,3804750000.0,4251772000.0,24.735279915760568,48.170531920919956,54.207585899152164,-159.70296360289976,-16.790819967697104,3.1552060902490373,-0.6693385101881413,,0.025631460674157305,2.1547926402823623,1.4052998989620649,1076922000.0,1203355000.0,-0.07045130958582095,-0.038206653159924185,-0.07044754590984975,-0.18511229370007004,-0.03259363466484001,-0.046867153854955684,-0.034659044615283525,0.020615020697811945,0.11136917237863253,0.5807976366322009,0.05718740364533338,0.0,0.30952173179514925,0.0,-5.3425224719851476e-05,305605000.0,87674000.0,306593000.0,130.3261950887481,43.30141017571912,217.97446714409648,348.3006622328446,304.9992520571255,-368587000.0,-182263173.04487073,712473000.0,417204000.0,Technology
2001-09-23,LRCX,2002,Q1,USD,2256120000.0,2830869000.0,8.336383179221391,-989.4683677036002,-582.0043174342105,51.5922908693275,10.474740295243302,2.186792106403449,0.32073991031390137,,0.07558839955321525,1.1275439261787386,-0.2032839962997225,807974000.0,921970000.0,-0.005130491048961104,0.005688012408597385,-0.005129077961985022,-0.01262452923385242,0.008412079724831625,0.009706755402620483,-0.00395369040653866,-0.002155913692534085,-0.7001048584411045,0.1255484517989219,0.005898462806996878,0.0,0.13908357382649156,0.0,-0.0002755050686605795,225462000.0,44835500.0,258154500.0,53.54043229872195,13.93034988708041,97.44133090817277,150.98176320689473,137.05141331981432,-579613000.0,326778499.4311718,707040000.0,456715000.0,Technology
2001-12-30,LRCX,2002,Q2,USD,2915636800.0,3485093800.0,13.446978659042415,139.54888283815168,157.4898910931357,-288.62060455486545,-47.16,2.3833880268470877,-0.483476914141903,,0.07876489966102773,0.6308237161873359,2.9423284225655766,819508000.0,905274000.0,-0.03164012277506938,-0.05955320413715693,-0.0316450849494861,-0.07571793146614718,-0.04681863067953236,-0.09650476308586821,-0.017716541374426336,0.0075897656388477465,0.1139184752142228,0.1805775944144716,0.010977223707716467,0.0,0.19189498906136057,0.0,0.00015680711316267085,151950000.0,28204000.0,208590500.0,35.38076883008647,10.825827763297118,86.22988980360785,121.61065863369431,110.7848308703972,-547328000.0,-16179824.021493558,681947000.0,461524000.0,Technology
2002-03-31,LRCX,2002,Q3,USD,3789735300.0000005,4326375300.0,26.363458151793058,-93.40793445171319,-86.5500090023406,-555.3042356565268,-68.87947631882942,2.4544919127220615,-29.520076481835563,0.1237274689250871,0.06830201109296473,-0.3156306578153289,0.2217810297135719,832253000.0,909564000.0,0.0009664722223933277,-0.013767775211923555,0.0009664722223933277,0.0022522716506610395,0.005189070758733259,-0.02132158841743283,0.00041401308423836354,-0.013190103277133892,-0.07923656540794957,0.2509744922382548,0.022363730538374822,0.0,0.24711008195972092,0.0,0.0,113921500.0,27653000.0,181260500.0,69.0785168032662,26.394270422844993,145.89966824905147,214.97818505231766,188.58391462947267,-586627000.0,5282545.564272784,696630000.0,477648000.0,Technology
2002-06-30,LRCX,2002,Q4,USD,2144610000.0,2647161000.0,14.685563864725724,57.54572726679855,60.29979498861048,-57.98311210408726,-11.007819687212512,2.268325010375805,-1.4817522950555646,,0.08388829787234042,0.9343023955700012,0.5219604147031103,757880000.0,825376000.0,-0.019019280263139354,-0.004489942473571906,-0.019019280263139354,-0.04598877722737077,-0.005058239997112036,-0.007063562397378297,-0.014475825441455557,0.020469922270249602,0.045672920153909696,0.11668332777962902,0.011655645304455885,0.0,0.2313432007811113,0.0,0.0,129035000.0,45903500.0,178845500.0,65.96268640156222,33.579382755329306,101.51354082835807,167.4762272299203,133.896844474591,-458651000.0,30800309.498013727,675056000.0,398189000.0,Technology
2002-09-29,LRCX,2003,Q1,USD,1129685900.0,1337699900.0,6.772478230052653,864.7058177117001,-676.9736336032389,87.63757206498951,13.627751572327044,3.602644999252722,-0.11280443342569636,,0.0606400327737117,1.0700686641697879,-3.0134023042558193,713981000.0,777115000.0,-0.010843481141720361,0.00293612664626405,-0.010843729787600795,-0.022177983410984845,0.0045701739082592546,0.00429425057098488,-0.012139657580925814,-0.0017491587705927816,2.277310924369748,0.31995277449822906,0.01783616848926691,0.0,0.2095078979343864,0.0,2.292992220430877e-05,134232500.0,49350000.0,171009500.0,62.128797083839615,29.53326696252299,122.41870981894269,184.5475069027823,155.0142399402593,-209990000.0,55938002.028714105,618332000.0,341948000.0,Technology
2002-12-29,LRCX,2003,Q2,USD,1366979900.0,1585738900.0,8.59157767555765,131.8482497713478,162.0415798078888,130.32042241946087,17.978221564760027,4.030693795444544,8.13184584178499,0.1147882092417139,0.08277842454011211,0.75,1.9034749034749034,723169000.0,780680000.0,0.0011983325433575188,-0.0008139457641606155,0.0011983325433575188,0.0023749421920764608,-0.0007620732789283117,-0.001021494576134994,0.0010819471449433893,0.0071588470320595055,0.18633075579945124,0.20131153431548687,0.012141800627407636,0.0,0.21530701255357076,0.0,0.0,128112500.0,30912500.0,153945500.0,58.45277375940705,18.413708187974553,117.77754976400574,176.23032352341278,157.81661533543823,-208973000.0,480000.0,622752000.0,350321000.0,Technology
2003-03-30,LRCX,2003,Q3,USD,1436263199.9999998,1666735199.9999998,8.91021121678187,69.53421777221526,82.4871424329407,101.7542857142857,14.07032967032967,3.566039742032577,30.075282308657467,0.08433906286914684,0.04984482649141188,0.7504708097928436,0.3545909849749583,627466000.0,680708000.0,0.0006664659742779255,-0.0008625248191928233,0.0006664659742779255,0.001265852941877179,-0.000822267814466912,-0.0011016121589390885,0.0005549122194316474,0.014068452077585782,0.15702962035878182,0.28121031004856184,0.020121993595603526,0.0,0.208388797117487,0.0,0.0,126491500.0,26776500.0,136680500.0,64.04343014770741,24.642608058084015,101.95193047085964,165.99536061856705,141.35275256048303,-210266000.0,107571660.07532957,629615000.0,305748000.0,Technology
2003-06-29,LRCX,2003,Q4,USD,2321721000.0,2491598000.0,13.38949732919188,78.60426525332828,86.02990124991368,213.48624796504154,14.555479393368177,4.022342867150271,8.569343065693431,0.18319977534863766,0.07482580594309135,-0.6309056796861675,-2.6267921146953404,655794000.0,704565000.0,0.0030869374726168867,-0.006326293212371065,0.0030869374726168867,0.0056988001552957706,0.00484419480430308,-0.007717368818487445,0.001593214688586613,0.012474367075113676,0.08631459398069279,0.2898612141116644,0.014702879313865632,0.0,0.21705555495846007,0.0,0.0,120356000.0,33070000.0,119353000.0,52.041421708242424,29.337016574585633,92.52253079055083,144.56395249879324,115.22693592420761,-140915000.0,-23033181.47705953,649084000.0,323585000.0,Technology
2003-09-28,LRCX,2004,Q1,USD,3003413400.0,3246992400.0,17.67186101949515,-2730.859882253995,-1090.3265278710544,188.4499361578642,14.136912362159025,4.379673998428908,-0.24843292937735062,0.2103930420352723,0.10297640844247415,0.7500391788120985,1.0636772795465912,688372000.0,731743000.0,0.003968155263816824,0.0041066771142794995,0.003968155263816824,0.007067513508165444,0.0036756626575509864,0.004925071476882989,0.0015935202260201678,-0.0009915384941680022,-1.5046257359125315,0.1592912474401211,0.009736690287256855,0.0,0.2096789994448617,0.015070371942657479,0.0,110788500.0,36530000.0,107145000.0,55.82813571498547,32.111575746055884,87.48013685611102,143.3082725710965,111.19669682504062,-246557000.0,-18636514.96630622,677183000.0,363133000.0,Technology
2003-12-28,LRCX,2004,Q2,USD,4284354000.0,4482698000.0,23.407366794076488,126.79106208457078,144.92105263157896,216.78585936744366,9.59203017699971,4.507434490872482,5.5319981223595684,0.2449470476397642,0.14492997252327888,0.7500293392794273,0.6088168048013718,733380000.0,773447000.0,0.005121387542631485,0.0065590711677151565,0.005121387542631485,0.008922787383281955,0.005782882267499414,0.007747318809677602,0.0014917068010719934,0.007219758217925036,0.12510253146655353,0.6619275665968273,0.02309564091317334,0.0,0.2040541387304969,0.0,0.0,114393000.0,38678000.0,100555000.0,53.955918290619714,34.35762706988964,85.29086324106125,139.24678153168097,104.88915446179132,-167412000.0,-32251589.367445134,716256000.0,410825000.0,Technology
2004-03-28,LRCX,2004,Q3,USD,3357925200.0,3375540200.0,14.604635526634592,83.1844106557579,94.34153717160424,93.64015201952951,0.48865401686640036,3.5687191945852454,2.1183441219461265,0.42602135423963855,0.15019361956007835,0.7500097881837047,0.9830645471690851,770793000.0,808270000.0,0.013975402241492267,0.01883756116822819,0.013975402241492267,0.025620552080365823,0.017217676710425033,0.02303701109165207,0.005704713136552297,0.010655389226656984,0.11826314103353952,0.47670606933545245,0.02076338652175418,0.0,0.18567200858398808,0.0,0.0,147208500.0,61027500.0,104791000.0,69.937610328476,59.20641523017238,79.72755269367676,149.66516302215274,90.45874779198036,18165000.0,-12658995.693199169,747681000.0,447849000.0,Technology
2004-06-27,LRCX,2004,Q4,USD,3564899999.9999995,3413550999.9999995,10.357527338487492,41.4245789039367,49.194411217916375,44.96010484168378,-1.9934276381644802,2.3801745059823793,1.5649795840850822,0.7017888987683472,0.20140736766809728,0.7499964391015141,1.0244560855671156,519782000.0,562226000.0,0.043929465905128036,0.053345632307380944,0.043929465905128036,0.06480886584792471,0.06233688202598586,0.08336901778545534,0.014770400291733288,0.019464501108025473,0.15794136206980244,1.7604490734478562,0.03949061206655905,0.0,0.15159358197905162,0.006590365686405399,0.0,212557000.0,87817500.0,109497500.0,67.04368089522168,49.33679249159178,57.18417082920014,124.22785172442182,74.89105923283005,220738000.0,296787005.96806586,812466000.0,510228000.0,Technology
2004-09-26,LRCX,2005,Q1,USD,2885681400.0,2694202400.0,6.421663262217286,66.71790401664107,76.44428555215072,22.215462251393514,-1.578869685675649,2.5351533302748037,0.44993871866295265,1.0031667187363955,0.2856461934779079,0.7399986807822961,1.0000659652363204,595618000.0,637568000.0,0.06846968909802342,0.09665640535182363,0.06846968909802342,0.09812228387132041,0.09711900596664268,0.13141990847549828,0.031101839586310537,0.012213406511196975,0.12723490664157297,0.7188024622271965,0.012246483724189546,0.0,0.12002888816324196,6.435481910337053e-05,0.0,289452500.0,80483500.0,110516500.0,71.5190120820214,29.696906068714966,49.56618551868274,121.08519760070413,91.38829153198917,226723000.0,15918080.010553747,914675000.0,587480000.0,Technology
2004-12-26,LRCX,2005,Q2,USD,3801963500.0,3483058500.0,9.170770142180094,23.164024207761116,24.611775720746184,32.081224095053884,-2.9373215437045226,3.077044959953335,1.7983232473030832,1.0142677287159083,0.39093111362063315,0.7610405213528962,1.0119554204660588,740641000.0,785795000.0,0.05998130560881951,0.08027950310559007,0.05998130560881951,0.08116689915730638,0.07964605303680578,0.10465415546496731,0.02199232054700157,0.03722287181347217,0.058823529411764705,1.1648887132885553,0.023288572933122698,0.0,0.12389942074776197,0.0,0.0,290947500.0,64973000.0,121043000.0,58.88578199052133,31.031686364691705,64.3300644562129,123.21584644673422,92.18416008204251,460425000.0,-63648830.59671606,1030149000.0,733373000.0,Technology
2005-03-27,LRCX,2005,Q3,USD,3905079300.0,3471617300.0,9.937731474192542,34.270992803482756,35.91613093452239,34.74709791714626,-4.3384812483109965,3.1540527291715508,1.7039074195556003,0.86835788320597,0.4293301278158423,0.75,0.8539417835520221,808528000.0,851695000.0,0.04008776679494087,0.05465721151941139,0.04008776679494087,0.05383342795904563,0.05323679727427598,0.0709823963657013,0.015224018626203059,0.02475212219121901,0.04580499313912279,0.6226516371443908,0.013282303334602404,0.0,0.1351875123448132,0.0,0.0,252997000.0,63307500.0,124827500.0,66.33892201513153,33.082790229276696,61.978348315185364,128.3172703303169,95.23448010104019,530121000.0,4544500.0,1104351000.0,805210000.0,Technology
2005-06-26,LRCX,2005,Q4,USD,3912630142.7999997,3433166142.7999997,9.704596931878891,25.64284113710376,26.47862949297382,38.1445951602151,-5.3271410159548465,3.2833754909227104,2.012506388479692,0.9172707647079862,0.476424185769323,0.7499943631485197,1.0747719038906594,865703000.0,906785000.0,0.045917525702039254,0.05629987489068283,0.045917525702039254,0.062354718735471874,0.05786559443368262,0.07715470579106688,0.017002884906568736,0.0331383226289855,0.031564638044874666,0.5655024755787502,0.011945715682921245,0.0,0.13984910972476233,0.002365964038477303,0.0,244750500.0,62230000.0,115202000.0,59.0231706179491,30.46304831710772,55.67253861546418,114.69570923341328,84.23266091630556,609122000.0,7969784.785010487,1066896000.0,862917000.0,Technology
2005-09-25,LRCX,2006,Q1,USD,3957137000.0,3443319000.0,10.729959147042601,72.67299128342584,80.59637665894249,57.694430481552224,-8.609262424181495,3.3537346873294593,0.95736598573478,0.7957007043320482,0.4729615691849941,0.7259938389320816,1.1422204349720184,858287000.0,898297000.0,0.034738473503412005,0.04153974488853098,0.034738473503412005,0.04674867592175399,0.04087522869285582,0.05630244569703545,0.01250676941435184,0.010796441973072956,0.0983094489352272,0.682190978324546,0.014515108738668835,0.0,0.1596786607958069,0.016347415294773876,0.0,226480000.0,58558000.0,111876500.0,61.96795333227384,31.067658407552113,62.08399058412405,124.05194391639789,92.98428550884577,556541000.0,52914764.29514449,1058661000.0,856923000.0,Technology
2005-12-25,LRCX,2006,Q2,USD,4984878000.0,4352096000.0,12.148378902706249,39.0655356581841,40.91507864133347,56.587603531446256,-8.227671663914496,3.1432634093139433,1.432345907583121,1.035030588737457,0.5258685894619688,0.9021190716448032,1.1210261477850447,941302000.0,982954000.0,0.04915592840922952,0.051154244590439796,0.04915592840922952,0.0681187001938166,0.06069660538293923,0.06728225496028274,0.015602789075279275,0.021338335662377295,0.045204434271352276,0.8685753708175232,0.014057418805566024,0.0,0.15559742634230764,0.0,0.0,250070000.0,65130500.0,113876500.0,70.13817359628187,36.53232633413561,56.793592829280435,126.9317664255623,90.3994400914267,739151000.0,-12871924.31886983,1141801000.0,940023000.0,Technology
2006-03-26,LRCX,2006,Q3,USD,6053270400.0,5297425400.0,12.11053236798248,48.318743102111554,51.33761096251502,48.04136648891791,-6.854617840171219,3.0351679154125,1.2698495430695993,1.10311363165255,0.5666140934328656,0.7310747188727814,1.0709906772590416,1032459000.0,1076362000.0,0.04965249521947292,0.06640458451065552,0.04965249521947292,0.07019776227710786,0.0654592771029072,0.08953842256211043,0.014262868547884461,0.017046652996039958,0.05880421398276098,1.0999829380651767,0.014738593992542688,0.0,0.13964286285814875,0.0,0.0,299167500.0,90252500.0,129155000.0,65.66527137347602,44.27985617787656,59.619642832542745,125.28491420601875,81.0050580281422,859033000.0,-11128852.899336144,1229911000.0,1030854000.0,Technology
2006-06-25,LRCX,2006,Q4,USD,6185217000.0,5624402000.0,10.700998485528809,60.95855461383392,84.79807619822998,33.9633700076086,-3.38652310962428,3.0135829156555864,0.7553561633742396,1.3933958384630005,0.3703652232411571,0.723614369327741,1.058956375544208,1140143000.0,1190036000.0,0.05280191791622863,0.07867687650737173,0.05280191791622863,0.08670650300547146,0.06602214169681606,0.09123940111658171,0.019748539137753776,0.010723471787651104,0.28113281165326337,4.186410587475791,0.04935159323891354,0.0,0.1157238639563467,0.03333739221759679,0.0,363248500.0,107823000.0,156486500.0,69.75172946521663,38.83696235757323,60.38799737517151,130.13972684038814,91.30276448281491,627142000.0,-12078527.842942119,1396149000.0,789174000.0,Technology
2006-09-24,LRCX,2007,Q1,USD,6386760000.0,5705412000.0,9.439997882151667,26.337492556329543,28.007932962539332,29.283601853895387,-3.497087249079981,3.2873251586665844,1.1804128205407645,1.810560119169697,0.4991652457584127,0.8149799494628766,1.155764167261193,1336356000.0,1393142000.0,0.07241194131380652,0.0803815413685445,0.07241194131380652,0.11475663037544562,0.08142331382870906,0.09990836447249063,0.028734131233990316,0.03189520194903206,0.0596416882475407,2.015600624024961,0.021377031603922653,0.0,0.10195950607805926,0.010342710878956695,0.0,393608000.0,117027000.0,178446500.0,56.566752759407464,38.800163448628716,58.15512511031066,114.72187786971813,75.9217144210894,885055000.0,-43938011.50629938,1599193000.0,985432000.0,Technology
2006-12-24,LRCX,2007,Q2,USD,7086838800.000001,6757721800.000001,10.668964003789077,41.70454955010554,45.63808012318332,34.74317781033907,-1.6920747538623686,3.0651149894339116,0.9683970213834072,1.7988213088634681,0.5011986493893441,0.806013574377279,1.067309323667772,1318293000.0,1535860000.0,0.0624419245991911,0.07460778697320153,0.0653828404722932,0.09613618996730844,0.07679927884939115,0.0952828603522289,0.02361080937808265,0.02089394216219508,0.08618965921573951,1.7852486258468618,0.022049257972844963,0.0,0.10903062835491001,0.0,0.04497993436593417,418148000.0,118489500.0,200239000.0,64.85385222608146,32.299925277953136,61.53911312660234,126.3929653526838,94.09304007473067,477189000.0,168693670.28425267,1619977000.0,1017460000.0,Technology
2007-03-25,LRCX,2007,Q3,USD,6754346299.999999,6509539299.999999,10.010517631137834,42.99535207825575,49.08266452527445,34.446927868002305,-1.2954601980177063,3.0245072495103993,0.9190244080101493,1.796118665390828,0.49866065388148667,0.8086479747108833,1.078058770300519,1301497000.0,1526392000.0,0.06312230111078329,0.07145109551313754,0.06609831713919682,0.09599295644158123,0.07768821119128162,0.0960717316073877,0.02439036920567724,0.019635356866437248,0.12402163790199536,1.6396262661543834,0.028875697787073062,0.0,0.11543512694726805,0.0,0.04502408165923973,458896000.0,127121500.0,220367000.0,63.854783397665585,39.66749479206851,63.44927088959185,127.30405428725743,87.63655949518892,377431000.0,162283633.72503975,1598671000.0,1050676000.0,Technology
2007-06-24,LRCX,2007,Q4,USD,6828139200.0,6504172200.0,9.585836505683702,22.161251546033466,23.296746994856512,33.13907035751953,-1.650627455176314,2.1051801580860823,1.7240866822141678,1.6289293391278017,0.13094456978850108,0.8059378565578234,1.1447362003089179,743563000.0,987938000.0,0.08100047344767451,0.08504725165685906,0.08636980550037926,0.1447148735038085,0.11300955526078985,0.14022117752782567,0.02493080398829596,0.04088786004831302,0.04874051510598208,1.217032499574613,0.02108268154613209,0.0,0.1173158010313639,0.02289397938746004,0.06216677253813157,435689000.0,130215500.0,231933000.0,54.38487352601769,31.524256231573304,63.10131332082552,117.48618684684321,85.9619306152699,603155000.0,704090623.6027668,1045670000.0,491076000.0,Technology
2007-09-23,LRCX,2008,Q1,USD,6637049500.0,6093881500.0,8.901102215678456,27.394756953341695,29.25489071208768,30.794909695481238,-2.7448530972378036,2.7486602339323833,1.4970724419199397,1.7383058771121578,0.3123078504235956,0.7229891153615967,1.0385727135825678,1004350000.0,1251568000.0,0.06491059001763998,0.09013823008192501,0.06881237203732099,0.10682060812146614,0.08343388599390059,0.11540130303645282,0.022387658853531226,0.03138487968185261,0.0635836851025188,1.1636363636363636,0.020659605825705026,0.0,0.11143099612778457,0.01577807283153745,0.05670175150429117,374586000.0,112521500.0,237653000.0,44.58570508354257,28.375037419218508,63.35954146049411,107.94524654403668,79.57020912481818,751471000.0,-119706575.91755506,1261208000.0,680591000.0,Technology
2007-12-23,LRCX,2008,Q2,USD,5598356500.0,5072301500.0,8.31088855026871,236.58122667910447,-1703.8298622774605,31.439755414233826,-3.26065801380986,2.9433057122739,0.1863391825063663,1.6061119462830507,0.3395819465051931,0.7133362678785098,0.999770662104702,1106699000.0,1366847000.0,0.046998076926219,0.06811247462152348,0.049551658246486545,0.07427517169746645,0.06125893966634472,0.08587666494026895,0.020552281727682045,-0.0005317632058622919,1.1388526119402984,2.0415551839464885,0.040006881635863155,0.0,0.13147693013501113,0.0,0.051533720780143816,390576000.0,91278500.0,241045500.0,65.17789028706252,22.341281772555913,72.02640595521692,137.20429624227944,114.86301446972352,523078000.0,279393.4419115037,1422928000.0,777119000.0,Technology
2008-03-30,LRCX,2008,Q3,USD,4766137600.0,4519644600.0,7.3632632247763965,30.959650649039286,35.67370672644324,44.20406474644237,-2.410807374443738,2.6076875546520064,1.410156099068815,1.5779479254857263,0.26020473999743526,0.7618332744613211,1.5379426644182124,1165641000.0,1789298000.0,0.03704875416209778,0.03291719027900812,0.04309271527313823,0.06221181125406161,0.031485186181283105,0.04169828080312311,0.021720732527739026,0.026582111267622655,0.13214371339521183,1.3890408986175116,0.03142829214251967,0.0,0.1312718919535361,0.0,0.1402548220211118,520856000.0,98292500.0,274009000.0,87.9339046284681,33.46844171193073,84.26825310316532,172.2021577316334,138.73371601970268,373187000.0,2968302.631578952,1281422000.0,769750000.0,Technology
2008-06-29,LRCX,2008,Q4,USD,4514702100.0,4088495100.0,7.221448177193726,20.39688845430463,22.52664025653458,46.99689752284614,-4.899212598425197,3.0073234338907193,2.7771204522153563,1.3589721658685745,0.3888510406921422,0.9718063334769496,1.0565908896918657,1280028000.0,1918950000.0,0.0257158177325773,0.02282727482267066,0.03002952277613947,0.04058142457228928,0.02824810576460733,0.029472457396605745,0.015987322840193597,0.040201102083789755,0.09454369484202807,1.1347224717082809,0.033472869860110215,0.0,0.15305214073760068,0.07509537939805003,0.14364880440223673,506037500.0,105306000.0,294010000.0,65.55044510385757,24.20506168743024,76.61796024252662,142.1684053463842,117.96334365895395,607703000.0,-48324845.59457131,1380757000.0,894896000.0,Technology
2008-09-28,LRCX,2009,Q1,USD,3828573500.0,3382516500.0,7.681235395505052,78.42243577854029,120.88619062935564,73.55695335435468,-9.700054365553985,3.3880034924548736,4.861039107404485,0.4723212212621108,0.406311192014467,0.3474702380952381,0.9091103278863613,1274530000.0,1879445000.0,0.0033051848154453042,0.006016398592325167,0.0038410723314655382,0.005039347003312236,0.0026317962917803152,0.007680226589698575,0.002317573372954705,0.007308466195046275,0.3512705184086061,0.8466137684398748,0.03440586246284299,0.0,0.18521849119245345,0.03498947454474851,0.13951508062743753,361994500.0,75695000.0,277216500.0,63.690858182264094,21.77204364608884,95.23519830826702,158.9260564905311,137.15401284444226,474038000.0,18003091.51785714,1390995000.0,889215000.0,Technology
2008-12-28,LRCX,2009,Q2,USD,2601747200.0,2235868200.0,7.8891926509038175,-57.34612839518839,-43.494304166828776,-89.56011215701983,14.65567794912878,3.71962671254357,1.6129819626013568,,0.38852790924498737,0.5416694677871149,1.0589198424374733,1214074000.0,1819311000.0,-0.0095224551010254,-0.014318232598907408,-0.011157505836780627,-0.014043755722778167,-0.009545232281275058,-0.017873728076695655,-0.009290679740137704,-0.019758260910206802,-0.3184744415091436,0.7228852535367061,0.043813005232720206,0.0,0.24269165763966563,0.0,0.14654267357542347,301099000.0,51020000.0,271087000.0,92.2724754683161,19.679111487061746,133.45441262901178,225.7268880973279,206.04777661026617,314473000.0,42388965.288515404,1349205000.0,843257000.0,Technology
2009-03-29,LRCX,2009,Q3,USD,2812678400.0000005,2483247400.0000005,14.237824232277598,-102.81746439218286,-70.91345593694673,-15.434346234407148,2.047541503253756,3.387777771771739,0.12175903286465449,,0.29537374767054775,1.0917622064319406,1.0063475886363762,883473000.0,1377586000.0,-0.09754647447088295,-0.0853841387273527,-0.11236986845362623,-0.13195273199943058,-0.1276964751630925,-0.11733446188842213,-0.07052317108134366,-0.012450054723639928,-0.44990062934746605,0.5529770992366412,0.062300759122078754,0.0,0.4038368919569754,0.0,0.13191609269223922,243703500.0,39492500.0,265313000.0,101.57431828085224,25.569301725200692,170.12719638570817,271.7015146665604,246.1322129413597,294413000.0,142277159.48857102,1235009000.0,723247000.0,Technology
2009-06-28,LRCX,2009,Q4,USD,3207410400.0,2879477400.0,13.22292665454345,-49.54365794907089,-45.014341545772886,-64.98775390448678,7.401214227678975,3.5092630361864403,0.6567973782348288,,0.30686729861573064,1.4199977534220196,1.0050804812747975,855064000.0,1331517000.0,-0.0453359878803466,-0.032712786044297705,-0.05232738290942378,-0.060897852781212986,-0.05726352808524808,-0.04046035399240771,-0.027589235228519558,-0.01994381511015865,-0.1006194081211287,0.3305075166723183,0.026854760199114636,0.0,0.30992726070424864,0.06134163589941404,0.13360872721609163,225213500.0,44391500.0,247038500.0,104.80451314266821,29.76221109681548,140.03946482497483,244.84397796764304,215.08176687082755,263965000.0,-47787700.70767206,1192302000.0,697045000.0,Technology
2009-09-27,LRCX,2010,Q1,USD,4335670800.0,4021663800.0,12.624985245551692,1487.301701183432,-1285.6981457800512,86.01753432861359,-6.716152628652094,3.65764549094568,0.16098112758230637,0.5946565280632086,0.3464491930522031,0.5815330286663897,0.9934991228975338,895390000.0,1361585000.0,0.008419105761350906,0.014822486886162976,0.009652017114703681,0.011170000531999787,0.01018889622886302,0.017640879173365723,0.0038741409979742925,-0.0007214569888470315,2.1568047337278107,0.32984559696849725,0.01830807288069616,0.16361427477177692,0.22351105641849894,0.04381757223401183,0.12773613418842616,289670500.0,61073000.0,226746500.0,92.03649057598855,35.915237267436105,108.96516630175269,201.00165687774125,165.08641961030514,310879000.0,-11570090.257582054,1248913000.0,740956000.0,Technology
2009-12-27,LRCX,2010,Q2,USD,4888166400.0,4504519400.0,9.246184951639654,61.44481516846269,67.82178357950525,41.05505336359245,-3.496632306163928,3.2229164748238603,1.0536982205996492,1.237328531251777,0.37839955693815985,0.7621207142074707,0.9973234281968646,989738000.0,1443665000.0,0.031843950271918976,0.04370773122242937,0.03593690922126194,0.04390125089602116,0.03975972388005071,0.05251095223669363,0.014233148855161724,0.013587303410947712,0.0940253717091802,0.379069511658601,0.014148890749954842,0.0,0.16866799678145064,0.027216036914790548,0.11389290392623357,373121000.0,92464500.0,230689500.0,77.67981181338982,38.31849590108042,82.26872547088328,159.9485372842731,121.63004138319269,450064000.0,-13296280.42501916,1335946000.0,834923000.0,Technology
2010-03-28,LRCX,2010,Q3,USD,4735820400.0,4300277400.0,6.796031689589941,39.3560430509033,43.68291701796979,25.443170132828445,-2.5769487915273794,3.0087220475437837,0.9082717516895121,1.6572333567201047,0.4168883093624074,0.7982336821291363,0.9971285471374791,1071374000.0,1517279000.0,0.051756634839970936,0.06612834513254122,0.05779558979596837,0.07315585533869116,0.06624569547048406,0.08324576576858266,0.025402356896811373,0.020786894705719837,0.09905185510588838,0.6055841539838854,0.01710435028596805,0.0,0.129345426328657,0.01725290511613353,0.10448816211265127,471148000.0,119655500.0,261382500.0,74.21878333594094,33.60767537923811,74.53017429065703,148.74895762659798,115.14128224735987,533986000.0,46060433.41804403,1401580000.0,924824000.0,Technology
2010-06-27,LRCX,2010,Q4,USD,5155120800.0,4631965800.0,6.661928780694071,27.999043721627487,30.197115867293387,26.162203470245355,-2.9548766436220686,3.1444356734096233,1.1816896076344494,1.8677969020135532,0.5075994649824694,0.8790578809227794,0.9992094564071676,1198004000.0,1635246000.0,0.05628264463341524,0.06472363179225192,0.06220745207923977,0.07917777771493692,0.07078870272857578,0.08073530059857886,0.027156880591430562,0.0297550738287258,0.07279079748296893,0.6817255434782609,0.01731941681804257,0.07496019640753701,0.12317755638302921,0.01773219481395506,0.0952427281264875,510850000.0,124010500.0,299974000.0,64.70704987422496,28.817923897207557,75.78843413123779,140.49548400546274,111.6775601082552,676546000.0,19099761.292996258,1531229000.0,1037404000.0,Technology
2010-09-26,LRCX,2011,Q1,USD,5107364500.0,4499386500.0,5.583238198527313,17.59332183746246,19.01572392166144,18.664696926957156,-2.5220605316430493,3.1342919707314048,1.3201461873593359,2.318885521281636,0.591881696518821,0.8686590588077036,0.9995473206762402,1307034000.0,1744960000.0,0.07304011316987244,0.08716248924059204,0.08003113267410501,0.10268266982150165,0.09514059884778325,0.10980641688632624,0.03793032590487717,0.046328003415460166,0.07480136386386387,1.0658569199910854,0.023738202249979527,0.0,0.10715446831638693,0.016142722063250584,0.08735374935527558,513397000.0,132276500.0,328407000.0,58.84463328014056,30.12698694195283,71.05423429814164,129.8988675782822,99.77188063632937,844592000.0,83599734.56493959,1654940000.0,1153763000.0,Technology
2010-12-26,LRCX,2011,Q2,USD,6475112600.0,5766689600.0,6.622943469382599,31.073372022221864,39.08083329944835,22.101794070865992,-2.71514861161681,3.159641440211286,0.8365020553872783,2.620567069417532,0.7048253060495041,0.9162227122927868,0.9995459273814045,1489874000.0,1945314000.0,0.07563572691689704,0.08633190899385607,0.08193988209249262,0.10641703509100965,0.09829098587544426,0.10747517324567855,0.034262879073330706,0.022788484018023098,0.2048948448941983,2.0374537855650217,0.043671056167696856,0.0,0.10391127281748083,0.014653491272679663,0.07693634668011265,608152000.0,156103500.0,336104500.0,71.25876005209518,32.78306254735247,64.86054899726084,136.11930904935602,103.33624650200355,855981000.0,19754784.4983522,1859108000.0,1331307000.0,Technology
2011-03-27,LRCX,2011,Q3,USD,6789702600.0,5867183600.0,7.251610271824909,24.28540396451884,28.505828280472638,27.04494104415005,-4.252376211153211,3.5552981685398812,1.325685908691835,2.495593764407055,0.878489617866326,0.9173508373645292,0.9994616785566948,1705383000.0,2178483000.0,0.057881622807087196,0.064783074239622,0.0622542785298234,0.07844501187178132,0.07271198680484037,0.07939852581753928,0.026840645420905473,0.030314140710669714,0.14805478635556493,1.967924735915493,0.04420908999897415,0.0,0.11973990436133568,0.015395130560743158,0.0702386378253737,663597500.0,176436000.0,344804000.0,70.94607872824554,38.087632278172606,73.58863442036647,144.534713148612,106.44708087043941,1132585000.0,-50763843.46040201,2102010000.0,1547435000.0,Technology
2011-06-26,LRCX,2011,Q4,USD,5354911000.0,4606049000.0,6.124918552481456,23.25019181456579,28.165179745256424,28.415912988759608,-4.619924241489506,4.788629315812394,1.5731846769582618,2.139059675919509,0.9508591412630387,0.9187800963081862,0.9643827134433797,2592506000.0,3079580000.0,0.031036670335688375,0.03946522073820454,0.032787107195469255,0.050986195490000386,0.03867570011875973,0.042154298053901626,0.023516357227972604,0.03053962988367127,0.174505825105498,1.730973362707791,0.045970974099024224,0.0,0.1324210324752865,0.019664422926046983,0.05338796281554121,614181500.0,173830000.0,376170500.0,70.67798909068665,35.58987242603321,86.30980936445144,156.9877984551381,121.39792602910488,912399000.0,-771143135.152488,2253229000.0,1689243000.0,Technology
2011-09-25,LRCX,2012,Q1,USD,4715879000.0,4124259000.0,6.061200465583831,47.45982738780207,57.95103136241007,34.96734946500941,-5.016024282298679,5.271881317335863,1.2096661933795485,1.5962199158938508,0.919283277836433,0.8226415958591943,0.904126892096163,2540035000.0,3018533000.0,0.0184154952865376,0.02497980736705658,0.019474272181675294,0.030059224681385943,0.024697838528384947,0.030062969549595326,0.015233215271214549,0.015091142075528231,0.1810356731875719,0.7365168539325843,0.02312046981641183,0.0,0.15072541723248034,0.026077397433410344,0.05436798280625713,556904000.0,138409000.0,396454000.0,69.20797841384054,25.708871197544845,89.94280714053356,159.1507855543741,133.44191435682924,662788000.0,137554661.17765614,2177795000.0,1623557000.0,Technology
2011-12-25,LRCX,2012,Q2,USD,4418369100.0,3660519100.0,6.268216089222081,21.65782588630662,25.717812328747875,51.211112354677596,-10.602414695225171,5.412439248321696,5.08900397446706,1.1329553164339763,1.0336049658006163,0.8352908629058625,0.8096809008898935,2619246000.0,3099223000.0,0.00834861054656854,0.01206888958524583,0.008808196300886416,0.01348577034397404,0.011724396312207279,0.014047986404068851,0.007516800712733574,0.0322141488813146,0.15786671084394377,1.192651528696585,0.04568984264899029,0.0,0.17812908296674035,0.031206494731849152,0.052177056302846525,492741500.0,110697500.0,384715500.0,71.23839645467918,27.869055290630236,96.17992009279547,167.41831654747466,139.54926125684443,900184000.0,-42502371.59528181,2255176000.0,1697448000.0,Technology
2012-03-25,LRCX,2012,Q3,USD,5332924500.0,4678084500.0,7.09918265269113,31.954783909506343,39.504509411496464,54.08878007607904,-7.571367457133277,5.254174371408184,3.2101789316726603,1.3653253729907784,1.1362864128303336,0.8360036663611365,0.8527168136059526,2772254000.0,3255485000.0,0.010875540122334324,0.01422471764358905,0.011429611174171746,0.01747854275466801,0.01370919314015728,0.016410060063112575,0.008551405518679292,0.02220526467232004,0.1911104735752782,1.2425278678331928,0.042457747878857775,0.0,0.17216193371079624,0.02491346225345658,0.04847680672545462,467009500.0,143781500.0,374628000.0,64.43452647425265,41.218664978790954,86.39645341922443,150.8309798934771,109.61231491468614,773259000.0,-104988173.45554537,2405866000.0,1839788000.0,Technology
2012-06-24,LRCX,2012,Q4,USD,4877490800.0,4776003800.0,6.438276710873615,49.38224473969912,79.81956714297652,69.9360647815964,-1.48609626451509,3.094135793817207,5.352537495157452,1.0977557920346774,0.7992305797890997,0.7931609674728941,0.6756933115823818,2988181000.0,6259507000.0,0.0022573123728551847,0.005356653165725454,0.003397755739929995,0.003395073094877158,0.0036553913945493732,0.004966763579621157,0.0037045687508011293,0.01226757823920447,0.3813265780902652,1.066635816751504,0.049715966536085864,0.0,0.16786957377455805,0.03932791777992866,0.33564607180924294,618797000.0,219111500.0,504489500.0,92.91226641718814,52.50218101401936,128.396396761955,221.30866317914314,168.80648216512378,161322000.0,-191489577.98165137,2635394000.0,1732581000.0,Technology
2012-09-23,LRCX,2013,Q1,USD,5847660000.0,5714986000.0,6.301755012746888,22.92762635299404,27.837649843884712,59.07939297454876,-1.3715343105836624,4.880751342979923,90.05130057803468,0.3105029586897059,0.43109229803032323,0.4086211987009153,0.30906104571584997,3315159000.0,6551131000.0,0.00035834748987163443,0.002124992323096487,0.0005447129000924123,0.0005523135512763671,0.000993781293276204,0.002432574017600063,0.00047335173385593555,0.03510754729242124,0.17638067575482824,0.5876416809238666,0.04847897425040358,0.0,0.18007846613914838,0.026920634080503877,0.34213511409250696,703017500.0,203449000.0,600386500.0,63.53544208325614,23.264840262337653,89.20178289081015,152.7372249740663,129.47238471172864,337971000.0,-287170840.5668733,2368876000.0,1456716000.0,Technology
2012-12-23,LRCX,2013,Q2,USD,6315863000.0,6412403000.0,7.44860875888329,33.18602569012452,41.55748467291416,76.32450157709933,1.1490805213354758,4.659590396883275,30.153870162297128,0.4820730555770753,0.3294938751838031,-0.6854942233632862,-1.6612759907588412,3020926000.0,6219694000.0,0.0008702780489474362,0.00053580743277055,0.0013476502241982712,0.00136439416683168,-0.00042372010822734396,0.0006182619466655,0.0010145881885025054,0.024430865584006492,0.2014428700071419,0.49655559524417003,0.045213884300592644,0.0,0.1927676835260418,0.027909618695158244,0.35422557476649985,615571000.0,152178500.0,549096000.0,61.777343341627116,25.77828009503696,87.4920802534319,149.269423595059,123.49114350002205,57762000.0,329839724.0051348,2088369000.0,1179834000.0,Technology
2013-03-31,LRCX,2013,Q3,USD,6651787200.0,6927277200.0,8.198659767459477,67.61155606742341,102.33675377819799,81.47724915020994,3.240258289128568,4.581597302415816,5.393609180880185,0.8546283238749818,0.2658319736987377,-3.7878364905284148,-0.4936023622047244,2868906000.0,6026808000.0,0.002658158023548403,0.0014913022987889423,0.004144597492295971,0.004182114393906037,-0.006456847370287802,0.0017050444826074904,0.0028557738587909123,0.010176362827722451,0.33932283787344936,0.4644073683226246,0.041146701257385246,0.0,0.2061785146189971,0.03035524920466596,0.35864507265436024,567497500.0,164762000.0,537654000.0,57.953222049689444,30.876962003262744,97.11666693064288,155.06988898033234,124.19292697706959,-207799000.0,153630581.2562313,1979214000.0,1065817000.0,Technology
2013-06-30,LRCX,2013,Q4,USD,7183384000.0,7511742000.0,7.6167464667911835,42.92718357830251,56.972741338511014,45.41231591420211,1.985091770850966,2.7012435251606473,2.0417002111846174,1.8476520324019805,0.40260983263598327,1.1543496706937655,0.830865813945681,2389354000.0,5519805000.0,0.011821141564194107,0.012016434138659103,0.01814375539557989,0.018329942820382087,0.01569829672308041,0.014796504864998016,0.011931284753815193,0.018354580515255764,0.24653119071022012,0.5672509237222391,0.04374304157109917,0.0,0.18273924320684962,0.025593836631806078,0.3484732732301976,573347000.0,186770500.0,552176500.0,54.994311579434076,31.49269509878785,87.96028915561598,142.95460073505006,111.46190563626222,-196510000.0,615616840.9228656,2149251000.0,1219306000.0,Technology
2013-09-29,LRCX,2014,Q1,USD,8340275200.0,8682044200.0,8.553240944615043,167.20354742416947,308.45362560841295,46.49193918915301,1.830156953674301,2.797262793233967,0.6072673262695015,1.8485973275270704,0.4430569197524801,0.9381212560068461,0.856249060574177,2521362000.0,5571107000.0,0.011728663046810542,0.014498379028187167,0.017793565424221898,0.018141375685982303,0.015443634774107927,0.017903831112084934,0.01025217968826736,0.0033748286867080835,0.45792970630717383,0.31989344957016586,0.023425239321064096,0.0,0.16803653777760702,0.0228902950468889,0.3408480668610333,658074000.0,203163000.0,587053500.0,63.26446048948878,31.801180039128877,94.87483732023779,158.13929780972657,126.33811777059769,-313622000.0,18406131.459416747,2228414000.0,1347221000.0,Technology
2013-12-29,LRCX,2014,Q2,USD,8829392000.0,9201748000.0,8.244843247815307,71.3186641141502,101.45256890848952,38.65858351608648,1.564350113012864,2.79069626920763,0.8659726696735395,2.484662436741926,0.5118831828963988,0.9275073613177537,0.9130526220059795,2726464000.0,5725723000.0,0.01971889666716871,0.022157135358321686,0.029198476424001887,0.030712122498888945,0.02329124734058733,0.027261368959160488,0.016874548100254242,0.010272508005081211,0.2970245615122885,0.5210327387426582,0.03433772885173839,0.0,0.15633285277417633,0.02064940894807721,0.32466008223089077,811622000.0,229329000.0,638181000.0,73.36050628057069,36.18295897318359,94.77022690809076,168.13073318866145,131.94777421547786,-281656000.0,-6692919.893922329,2398178000.0,1544482000.0,Technology
2014-03-30,LRCX,2014,Q3,USD,8923090000.0,9143134000.0,7.449237081551778,31.505234140794595,36.782638430716254,33.71449115574517,0.8113926244408963,2.882825297124207,1.7653105914985765,2.6485118731196096,0.6232346922422614,0.9028679386210609,0.9209875419189391,2904644000.0,5866148000.0,0.0213297225887907,0.025150353809318054,0.031027163772677842,0.032934873109504305,0.0259341708593754,0.031135040331489384,0.018423662654977142,0.02785716607139455,0.14347541435512215,0.568390302500819,0.0339239623526958,0.0,0.15152290384815936,0.019825776931901136,0.31254681397680945,864055000.0,252551500.0,689464000.0,60.00943463864846,32.62521641013273,92.68245204523726,152.6918866838857,120.06667027375298,28528000.0,31937700.069199592,2582635000.0,1731530000.0,Technology
2014-06-29,LRCX,2014,Q4,USD,10965734000.0,10848526000.0,8.687181343324816,44.11924795946171,53.14596305241345,40.18493508417758,-0.4341599837015909,3.0238046625760666,1.0535401358212473,3.2254727977966913,0.7743645778750424,0.8062059150667708,0.9492671410302653,3201661000.0,6105460000.0,0.029198807101842465,0.027495636652008482,0.04143349470966019,0.04477100311447121,0.025112596675113914,0.033667092736970085,0.021284028957842677,0.018614987377953907,0.1698476154068266,0.5872741334458271,0.03344338591460422,0.0,0.1485021184387855,0.02649349734184179,0.2952849546858334,809503000.0,238016000.0,728929500.0,57.6998823667898,29.079913438311788,96.3414676456175,154.0413500124073,124.9614365740955,321335000.0,-21797382.08208692,2852781000.0,2003440000.0,Technology
2014-09-28,LRCX,2015,Q1,USD,12158712000.0,12390834000.0,10.752497466087222,87.77802650873825,124.79438009870077,52.462852957240784,0.9828057057451214,2.932547315777135,1.00056705013432,2.48194822916977,0.6943941924111698,0.8673901014448202,0.911950390795833,3091351000.0,5969162000.0,0.017872317461186133,0.021186703655926866,0.02532111079702244,0.027809595898369933,0.021425737372710082,0.026738571984411687,0.011603284953208861,0.008166161021002883,0.2966187544718442,0.616793105988068,0.036334747233522625,0.0,0.1639528345111978,0.027803618288602252,0.2941732452239902,832509500.0,236647000.0,778057500.0,67.5099187065243,34.75433228875019,113.48452218437949,180.99444089090377,146.24010860215358,-132832000.0,291026494.15308946,2750952000.0,1870253000.0,Technology
2014-12-28,LRCX,2015,Q2,USD,12851313600.0,13402386600.0,10.876432938037283,83.12124610050918,134.19026192478674,51.89152189316122,2.1336510800419703,2.8764198293863714,0.9112637052108059,2.8521770030079985,0.7030753918416558,0.9888120173016955,0.918881169154612,3206156000.0,6073534000.0,0.021815655858583655,0.02358596638686441,0.03035677184708793,0.034145513070394484,0.02696178514947702,0.029481416293855405,0.013768242337499256,0.007771656898949225,0.3805716979142763,0.8824637597791072,0.04979788856238349,0.0,0.159683049013951,0.024858773567832917,0.2813578476501811,904208500.0,273101000.0,864501000.0,68.94857418313464,38.35348426645811,118.1814130284768,187.12998721161142,148.7765029451533,-451197000.0,85928263.4373149,2899934000.0,1986063000.0,Technology
2015-03-29,LRCX,2015,Q3,USD,11479222400.0,12375935400.0,8.882252412022108,64.78292372681732,77.7680857615041,39.88544605478154,2.8899470490223567,3.493360791609894,0.9260828465472526,3.1129277022439057,0.7756072632585287,0.9024788254234916,0.9284008383291904,4325971000.0,7148772000.0,0.02232874216827094,0.027662899160366194,0.02948797266381953,0.03908671781089369,0.02698867110664538,0.03198021735059895,0.017970293876351764,0.013863221257913776,0.16697289006841606,0.45359915815818663,0.02289330691227438,0.0,0.15636247759867886,0.02364689560930517,0.24278476439082752,995407000.0,289757500.0,916534500.0,67.61628411872826,32.139880993678815,104.41260654623069,172.02889066495896,139.88900967128015,-737574000.0,-859197103.2654347,3034647000.0,2100050000.0,Technology
2015-06-28,LRCX,2015,Q4,USD,12718918000.0,13578411000.0,9.166117175317442,46.4908993172776,59.31172439097902,38.74265929005327,2.4523520801650323,2.3831199899975717,2.2249087765005218,2.505369357995158,0.8504000882779494,0.7690969170738566,0.8742387379312111,3639488000.0,6376555000.0,0.014017718551727731,0.020537876597394134,0.018108845097095476,0.024559808956188943,0.018154648868909298,0.02837172988467594,0.0103209250975594,0.017999408440246254,0.21616004601699615,0.8996252333385583,0.04261798200314574,0.0,0.1496418855518878,0.026822468390746403,0.22591868909541502,1070191000.0,291647500.0,931512500.0,66.44010611798538,32.17104135112737,101.09300431514875,167.53311043313414,135.36206908200677,-630560000.0,843681636.6049144,3229303000.0,2251153000.0,Technology
2015-09-27,LRCX,2016,Q1,USD,9786153600.0,10411835600.0,6.50722236839885,23.189098368140545,26.059361820880355,25.643778354654227,1.5410203488515288,2.8554555091476947,1.5553504065068813,3.7870889405288297,0.9783494998484389,0.9363361843876395,0.9259358256649287,4234040000.0,6946973000.0,0.030088183447251848,0.03538441925369898,0.03839701356708933,0.052138050361037566,0.03792294718238887,0.045870558455464554,0.029498719496902234,0.040827378797733155,0.11014327489938686,0.700580818812863,0.030907919349667478,0.0,0.14637669112642598,0.022358149124742273,0.21639261359011286,1091262000.0,277267000.0,930014500.0,61.25134137020068,26.079881050041017,93.99948728465955,155.25082865486024,129.17094760481922,-226139000.0,-261646013.3568164,3460656000.0,2458370000.0,Technology
2015-12-27,LRCX,2016,Q2,USD,12673920000.0,13084427000.0,9.178614470086297,44.422505898928854,49.115348233121374,42.121954595791806,1.3215219294856937,3.000565457179102,1.320948067091219,3.384377273065428,1.0808400242387517,1.0674057798266148,0.8441182175241235,4447217000.0,7130176000.0,0.022868756128581524,0.024692254042574222,0.028916351368034682,0.038914804362269635,0.029988078304235236,0.03172844529767819,0.017593609554107964,0.021019700297934655,0.09554736967186678,0.3919747068163459,0.01974207560114315,0.0,0.15485705707475234,0.022847578521452312,0.20914102068003013,1089396000.0,242652500.0,898252000.0,68.80684711834303,26.016314904183105,99.10076543382928,167.9076125521723,141.8912976479892,-144105000.0,94635312.76837134,3690740000.0,2649729000.0,Technology
2016-03-27,LRCX,2016,Q3,USD,12579984900.0,12734195900.0,9.690763248113663,69.61962867186774,93.01551379068545,48.15952037879561,0.5832113668939591,2.9637121048456443,1.275076506960565,2.737160015388405,1.1195579386188292,0.8914484927199399,0.8435987900583477,4599379000.0,7263141000.0,0.014310380155666323,0.019292648079364913,0.017875683308651896,0.02443329459006855,0.019633452902844743,0.024830918100784215,0.011403113846344919,0.010882683968881394,0.25152669877700085,0.6245520199826238,0.03501147212255195,0.0,0.16855763267138743,0.026418985506694925,0.1994498946655624,1163233500.0,302069000.0,907376500.0,84.69624939595374,45.21434052693224,113.28084653805249,197.97709593400623,152.762755407074,-17307000.0,45541474.33180669,3871790000.0,2788431000.0,Technology
2016-06-26,LRCX,2016,Q4,USD,12788960000.0,12082713000.0,7.814148452298803,28.508798463513155,32.47185687641428,27.762502383868277,-1.6227468136584737,3.8081260367583796,1.6367715948543866,3.7297807859169954,1.3080277051456881,0.9182494538852166,0.8938761407546177,6795109000.0,9385914000.0,0.021100795271786855,0.02773985582031406,0.025090183638489888,0.04243462340396348,0.02627215489937825,0.03138952504363195,0.020247072475009696,0.029095250903904617,0.12204594359922986,0.6899007682458387,0.03345230850419172,0.0,0.15343787368367953,0.0254083883639308,0.15900195965816155,1249381000.0,360681500.0,953421500.0,73.46305054580048,36.97788848546922,103.21458871450197,176.67763926030244,139.6997507748332,1078345000.0,-1882798926.5333767,4150872000.0,3045452000.0,Technology
2016-09-25,LRCX,2017,Q1,USD,14679479800.0,13148956800.0,8.054890809283647,27.785904349737123,30.49068812392028,33.67132844569523,-3.919302756146465,3.860832288923247,1.793636174123979,3.77275616397832,1.3676397977672206,0.9010973623003282,0.9267155567231213,7112750000.0,9674768000.0,0.02087903148073789,0.025369230392457972,0.02460245221644936,0.04265804219740293,0.025641377413002233,0.031127445909453197,0.017973048336494865,0.029377403414526992,0.08870851858739202,0.5630079665245031,0.0257158241848447,0.0,0.14410515927589668,0.02364282699478504,0.15134348003009093,1276231000.0,348971000.0,951746000.0,71.13892327888857,34.355068968001206,91.5087064052162,162.64762968410477,128.29256071610357,1961768000.0,-358991.6732981801,4272452000.0,3147523000.0,Technology
2016-12-25,LRCX,2017,Q2,USD,17583437900.0,17806085900.0,9.459754215456737,44.06378131047419,48.440730443298825,34.4483014859942,0.43074291971452505,3.199328973693933,1.214269616666316,4.254444413585025,1.4061304631160896,0.8648302386923247,0.874898824085779,5845856000.0,8391990000.0,0.0288854522835097,0.03641348966845426,0.03449512919334981,0.05203358633681151,0.03870422342866763,0.04962495378279306,0.018926389815952887,0.020905183735428667,0.09035679463892422,0.4737948485045092,0.019398087126434215,0.0,0.13111838236114454,0.017135959802348086,0.16262229019051114,1358312000.0,397428000.0,975236000.0,68.1972577151664,38.68671426998692,88.55626546351431,156.75352317868072,118.0668089086938,144937000.0,1687822554.2235677,4522115000.0,3378511000.0,Technology
2017-03-26,LRCX,2017,Q3,USD,20883542400.0,21612665400.0,10.033758388482797,51.13148563479446,57.0899733736251,35.1619845117626,1.1862216509940455,3.219727366283134,0.7354766640044683,5.715770718764152,1.5594949451679232,1.0831787854800408,0.9854425372108659,6119209000.0,8630066000.0,0.04839612617436055,0.04602601827771935,0.05724212542664189,0.08518994393036491,0.058182200080168986,0.059047116246878445,0.027519900072125698,0.018127767442366483,0.10437012642894995,0.5786312006505601,0.020481013187124388,0.0,0.12348496630679273,0.01639883100935703,0.1545365268384007,1531198500.0,459264000.0,1076043500.0,68.36046508928759,36.02881300466518,86.24083897137726,154.60130406066486,118.57249105599968,-350551000.0,341975955.32059264,4911104000.0,3747016000.0,Technology
2017-06-25,LRCX,2017,Q4,USD,24169737000.0,24485616000.0,10.442041411450433,33.57542316172841,35.258446478635946,35.141352660471455,0.45334433640701804,3.099031054721596,1.3853319757457867,5.539677159866052,1.6073646995000401,0.8722922310872501,0.9769417181042479,6192383000.0,8674646000.0,0.04342441678940407,0.05066590893530869,0.05097995883633477,0.07721712998010546,0.05260029698112965,0.0662773571432465,0.021780294920048158,0.02873266680560074,0.04773390449653901,0.44044486056986687,0.014845364869480964,0.0,0.12184363814854918,0.018679632070696194,0.14820612294307445,1654744000.0,469029000.0,1183056000.0,64.22677743722885,32.774012379834254,86.96484020483625,151.1916176420651,118.41760526223084,378582000.0,509899930.5396068,5020783000.0,3837184000.0,Technology
2017-09-24,LRCX,2018,Q1,USD,27596398200.0,27623320200.0,11.146795661262075,32.18353384457291,34.60519516637812,35.76463972945399,0.03485662200724011,3.3094303262066584,1.4530565948297753,6.062902850934977,1.7683121480686563,0.8589106031524457,0.9920631486017466,6440149000.0,9090138000.0,0.047641569315825805,0.0565401856689125,0.0562870840443188,0.08123718055038674,0.05808989453153257,0.0721355214024565,0.021404604895141715,0.02892558638322591,0.06997970420805634,0.758939627504991,0.024237532988451015,0.0,0.11100179973689944,0.016860629342974973,0.15359677757841877,1602080000.0,468224000.0,1280606500.0,55.59354193064153,31.95555829822012,89.96613478206227,145.5596767127038,113.60411841448368,771320000.0,366727726.1385447,5366789000.0,4101332000.0,Technology
2017-12-24,LRCX,2018,Q2,USD,30083904500.000004,31530349500.000004,12.2172063863547,1098.4653532608697,-563.1525746128705,38.29552142910063,1.7567951631337122,2.471082740346576,-2.8833751883475642,,0.8648434542464393,-0.01355862487895301,0.9875902050588813,5754427000.0,8427926000.0,-0.0007709724049188891,0.05826511599295339,-0.0009012225665768552,-0.0016205091507897195,-0.0009611147595869771,0.08192492253268405,-0.0003309078447579834,-0.0018610948588804353,2.950564381270903,1.0600140178727877,0.03281637777213787,0.0,0.10900083888229106,0.016321975809967006,0.1445260765636393,1904903000.0,446796500.0,1417866000.0,79.47642895751923,27.60296324735611,98.65067973194652,178.12710868946576,150.52414544210964,-1502434000.0,670846908.1268668,4276972000.0,2896988000.0,Technology
2018-03-25,LRCX,2018,Q3,USD,34911270000.0,33417271000.0,11.554613492202074,31.814488865447615,33.373151693461246,36.73248826322043,-1.6422137143623448,2.6404984778721614,1.3487146892655366,6.724020573680083,1.2520569288943084,1.0091991587415332,0.9325567877647548,6477377000.0,9129768000.0,0.05699857701164248,0.062275613224139104,0.06579031844947053,0.11447798084831005,0.07497733999321307,0.08517800009655094,0.022307982493905264,0.028681912746227795,0.04670409442686878,0.5965392285617005,0.016962326878426342,0.0,0.10560160989448898,0.0142093243180164,0.13363275395270274,2180838000.0,526350000.0,1600281500.0,64.80962202402048,36.366109666895305,97.59281568283868,162.40243770685916,126.03632803996385,2495321000.0,145352405.04936492,4977164000.0,3565353000.0,Technology
2018-06-24,LRCX,2018,Q4,USD,27516636000.000004,25499163000.000004,8.1573097652921,35.49645580615794,39.923349350167456,24.44288803639522,-1.9339013855258844,2.9044496601602128,0.7034821661153253,7.595466580132555,0.9587306420741256,1.0657486466092434,1.0000563618430323,5999603000.0,8704890000.0,0.08182601868443536,0.07307469229690253,0.09564213339317683,0.1570546602805878,0.10242250669046968,0.10238799378722865,0.03711013221238235,0.023211521931677984,0.11088482344457777,0.9358075165356736,0.025482032855523223,0.0,0.104837027596285,0.015103994717728624,0.14445636267799022,2129784000.0,570947500.0,1784645000.0,62.67714419525977,27.930708403177608,102.5524014284673,165.22954562372706,137.29883722054944,2734368000.0,1504326449.573083,4699111000.0,3172284000.0,Technology
2018-09-23,LRCX,2019,Q1,USD,24080292600.0,23926479600.0,10.265830863035898,33.21802672827182,36.02365535059351,35.62842056358666,-0.22903972267390954,2.6605189798811666,1.350468726563672,5.134535111856479,0.19685897930077478,0.9018996438801841,0.9993629077094927,4690908000.0,7409846000.0,0.0486749944809879,0.050497044103877384,0.05803690200723285,0.1002024301005575,0.06146506783393201,0.07276272371041431,0.0221492325221995,0.027582222983453284,0.07788295204960252,0.7029384123801767,0.024069256713995978,0.0,0.12514400235809894,0.021600031921863515,0.16130956688691306,2011890500.0,447693000.0,1875178000.0,71.31621051439251,27.187788066417653,132.55668989927645,203.87290041366896,176.6851123472513,818001000.0,1866102016.1657429,3555263000.0,1881121000.0,Technology
2018-12-23,LRCX,2019,Q2,USD,19114212600.0,17811720600.0,7.060653758929517,27.726017754767526,33.20009953475888,23.067007781934876,-1.6867878053234184,3.394738505942071,1.1293194223484015,5.550428123695493,0.5835642682974029,0.8622542555287769,0.9556055442010838,5189008000.0,7938782000.0,0.05282604064574519,0.06355315178310263,0.0629822442230339,0.09834358597480829,0.06773250569823415,0.08026149954758527,0.02976083880117562,0.02806791005348554,0.16488148700458735,1.2949971880578037,0.04198839881348078,0.0,0.11319580460884149,0.015382889498559663,0.16125502834296238,1857843500.0,364172500.0,1788750500.0,66.67363546523866,22.46942597485555,111.2755364246102,177.94917188984886,155.47974591499332,1838988000.0,73053230.67770147,4047895000.0,2371750000.0,Technology
2019-03-31,LRCX,2019,Q3,USD,27926824700.0,27760834700.0,11.381832050865748,29.760087626672213,32.381741609403484,42.854616226529856,-0.25624005273305744,3.365464345237501,1.7041250296863297,5.3390249431822685,0.32386409481418776,0.9340345261232422,1.0363066008625736,6636613000.0,9384872000.0,0.042448924263811,0.04779611996761287,0.04892944984559321,0.10345298114074776,0.04778584943410901,0.05604930763593605,0.019600867835146328,0.030698047816370616,0.08096087030630743,0.9179327612611518,0.030963720271187774,0.0,0.13058947589387335,0.021828188703133352,0.1324463202065999,1695557500.0,380064500.0,1662774500.0,56.17132996152598,27.44671216103629,106.98366174230294,163.15499170382893,135.70827954279264,1023289000.0,-912640596.8903625,3583266000.0,1838175000.0,Technology
2019-06-30,LRCX,2019,Q4,USD,28337460300.0,29169140300.0,12.353801055165137,33.12841677389899,35.810612260431974,42.73910545602666,1.2185912529505798,3.6094739948980665,1.625039450006921,5.095806239644777,-0.02332631252067427,0.8890859803944091,0.98757545556933,6188759000.0,8949383000.0,0.04514706824650228,0.049571839040639894,0.05260546189988802,0.11592654045420653,0.05328265832632152,0.06408154868649363,0.019120450254322897,0.028744248474518376,0.074899459049367,1.0082558708414873,0.027930493103563648,0.0,0.1251840736726684,0.018992887778693998,0.14177983395677796,1488897500.0,396374000.0,1581191000.0,55.48023058284808,26.47165098230354,108.2694398620276,163.74967044487568,137.27801946257213,-17141000.0,995955622.211684,2972318000.0,1232941000.0,Technology
2019-09-29,LRCX,2020,Q1,USD,33433930300.0,33259995300.0,15.35729272961834,71.67376429542698,78.29731632732332,55.23824244044782,-0.2888714689288994,3.594694106072307,0.9962601091910714,4.971680939098693,0.10516665169036378,0.8876787357997588,0.9763180173223804,6376933000.0,9097749000.0,0.037735563213745986,0.04415351346599802,0.04372433903628079,0.09435816799837451,0.045303235364204476,0.0543662538868804,0.013931625621651787,0.01270538630033574,0.08459487939799201,0.6070765804775454,0.018125855940632003,0.0,0.13243796825666537,0.01981072572683962,0.13696664042343898,1545582500.0,396184500.0,1511762500.0,67.9709762825373,31.60606603177606,112.75387741588938,180.72485369842667,149.1187876666506,598726000.0,314321374.9492593,3245745000.0,1427506000.0,Technology
2019-12-29,LRCX,2020,Q2,USD,42116197500.0,43608337500.0,16.87955123686811,141.618617014367,177.3605078210791,57.9866489991902,1.9841205466191338,3.2956389414777076,0.5984878816738256,4.945083518376949,-0.3915363887017578,0.7649716690926229,0.979717732126652,5889464000.0,8614658000.0,0.043184885969776036,0.05660166881966676,0.05026385814554685,0.11748335228177006,0.05240572768381477,0.07343446696576961,0.01221644000505981,0.005837991428357225,0.20152113481073497,0.9469555928582328,0.024019344292880086,0.0,0.12342205402668704,0.017698851287458375,0.14083622779756663,1833066500.0,434293500.0,1506002500.0,70.73506067928753,29.02725135109915,97.99844286134557,168.73350354063308,139.70625218953393,-1174902000.0,1016106465.5204456,2701489000.0,920272000.0,Technology
2020-03-29,LRCX,2020,Q3,USD,37095345300.0,38220097300.0,15.265903360127815,70.59128323618283,77.99176272770497,50.19963867385028,1.4772893840249448,4.468328472626886,0.9419726817692303,5.278847664147765,-0.3549001727448538,0.9130827091557518,0.9069043413617935,7303124000.0,10018475000.0,0.044423619647667625,0.055858108619498435,0.05099236570790221,0.12634901486056854,0.05808962033740844,0.06407418682995085,0.015494693346337443,0.013210633194995491,0.0948879629424411,0.7639632405424697,0.020520245643816465,0.0,0.12298726846073194,0.018938139697438714,0.12881822541558674,2110780000.0,475819500.0,1601680000.0,78.76431174796545,33.59030029522272,112.76714813058031,191.53145987854577,157.94115958332304,-634699000.0,-764003508.4170644,2882421000.0,1019303000.0,Technology
2020-06-28,LRCX,2020,Q4,USD,44823507500.0,45892429500.0,16.437917283936468,56.44492022611211,60.187266391604396,55.505747425330036,1.2928344652003798,3.4320107688931527,1.1670439359642184,6.203919731774924,-0.09805550776007434,0.9311706312343869,0.9900055840639812,7691093000.0,10415560000.0,0.04785155237152541,0.05496623315376183,0.05398022125852476,0.13440233016796216,0.05727725120570235,0.06631115143501069,0.015542581088728942,0.017011029313134408,0.062178370772697306,0.71119676997313,0.018107615557204793,0.0,0.12135619786637171,0.019038534828344073,0.11353545324772975,2144084500.0,545623500.0,1787382000.0,67.60318912382552,35.272048491199655,113.13168361635745,180.73487274018296,145.4628242489833,-306428000.0,336266131.7777133,3530521000.0,1477977000.0,Technology
2020-09-27,LRCX,2021,Q1,USD,48896872199.99999,50595438199.99999,15.925138240145037,78.74641554774936,87.27790548641119,48.932894187099116,1.6427518627124809,3.3094569557728684,0.780266221062334,6.901805808725832,-0.11436974674220574,0.8928504822872211,0.9596364029866897,7868015000.0,10647887000.0,0.054688886397616314,0.064901554241441,0.06140269703254835,0.15177443815233715,0.0686723801912858,0.08249377260702447,0.016840565928877553,0.011855666301698538,0.09775085562737447,0.8613945578231292,0.019768466642325656,0.0,0.11185333702645196,0.01762247094816624,0.10934064722553113,2207510500.0,627530500.0,2019037000.0,65.6618593173606,35.6937125538856,115.16211912016331,180.82397843752392,145.13026588363832,-1118861000.0,691270455.9088858,3779149000.0,1643367000.0,Technology
2020-12-27,LRCX,2021,Q2,USD,68477463000.0,70615641000.0,20.431365383797466,204.89860635973503,279.59393027537465,65.01684539269856,1.9686515123196204,3.1934789043770726,0.3964858512543875,7.216513879963916,-0.3266668984217479,0.8871648109836566,0.9703473424420931,7876899000.0,10726352000.0,0.056552234838267434,0.06636943000879932,0.06331240131439501,0.1577963920800908,0.07095765144651132,0.08572005126611287,0.012693650756307955,0.0036882937675421766,0.26715645737399063,1.2053044286481038,0.02663937687143561,0.0,0.10854926904607526,0.015076801735529131,0.10677476032788792,2609142000.0,692582000.0,2243502500.0,75.52508117932884,35.10182774953278,114.1228443319683,189.64792551129713,154.54609776176434,-1885613000.0,871224601.6056617,3867380000.0,1606126000.0,Technology
2021-03-28,LRCX,2021,Q3,USD,81368122800.0,83511803800.0,21.704603324519304,71.67902959453428,77.65043812832177,65.51173419958722,1.681633655249886,3.134337282858474,1.087720248225924,7.9770458520543635,-0.51711289915613,0.9233897247212902,0.9704511305872628,7709937000.0,10623027000.0,0.07007700992475391,0.07798380749134726,0.07846086691734683,0.19928451730500277,0.088230611272883,0.10240306770225606,0.0131638897782216,0.013217510285244038,0.07690115700209428,1.1276603778334362,0.023285877576310135,0.0,0.09905256553733782,0.014488308979965454,0.10685399386964126,2854715000.0,741716000.0,2450493500.0,65.70656301216273,33.124071654825606,111.09084638961696,176.7974094017797,143.6733377469541,-1068197000.0,1260554125.077156,3741579000.0,1412190000.0,Technology
2021-06-27,LRCX,2021,Q4,USD,92302314000.0,93049428000.0,22.447626025317604,64.80058498469639,69.89297633238765,66.7344376199506,0.5358252457821855,3.3029552984848918,1.2544674955030197,8.733292463965178,-0.36545085586911724,0.8746111780531357,0.9945544091731532,8124520000.0,11224282000.0,0.07202655751090224,0.08441634900527038,0.08021617624479026,0.18991559579691225,0.09265998330738218,0.10642968841303804,0.012401173387700767,0.014423397879277437,0.07285984393443994,1.3345153513527304,0.02523944080581321,0.0,0.09209469603122085,0.013587109265968973,0.10209435449648355,2917749000.0,795326000.0,2620663000.0,65.70975583925326,33.48638417060617,108.53759992251045,174.2473557617637,140.76097159115756,584199000.0,710116463.7019286,4404689000.0,1787423000.0,Technology
2021-09-26,LRCX,2022,Q1,USD,87412908100.0,88366089100.0,20.52893660420052,193.13978960666543,275.2006063588261,60.853703687124984,0.6564123718155755,3.26898293451288,0.3878163398160957,8.768930418557423,-0.8112785111081323,0.878193446957516,0.9789707724562811,7735462000.0,10722954000.0,0.07579197962269504,0.08724304863444579,0.08456586755846149,0.20270365700047233,0.09908046965713642,0.1128821588617356,0.013496221846896774,0.003673336203763709,0.29818545038074507,1.7080276435385733,0.031694298826915775,0.0,0.088821026538722,0.013497380046068442,0.10375211878126776,3211805000.0,833709000.0,2780717500.0,71.03001185977816,32.38963943547975,111.05016473264936,182.0801765924275,149.69053715694776,-632084000.0,1537591028.2988532,4205084000.0,1399173000.0,Technology
2021-12-26,LRCX,2022,Q2,USD,101731742000.0,101639520000.0,24.047561588452574,70.55820663017023,78.06336803088756,71.58499102718326,-0.06495220601699905,3.1328990246562975,1.205615861670698,9.382367028821784,-0.5626783047713859,0.8810534031197415,1.0134507700620041,8239711000.0,11344851000.0,0.07160919096591349,0.082982842691912,0.0792134647840748,0.18450747485129593,0.09190271205962607,0.10436048137160038,0.011744908486871285,0.01279849311928621,0.09614191124507639,1.6950370234379781,0.0327669684692486,0.0,0.09550078502741208,0.014866308743378845,0.09599723782932029,3400010000.0,895187000.0,2973159000.0,72.45902384041656,38.128873369716025,123.03882530613406,195.4978491465506,157.3689757768346,1394235000.0,617934919.7972476,4874026000.0,1893215000.0,Technology
2022-03-27,LRCX,2022,Q3,USD,77592321700.0,78405948700.0,19.30983148032123,103.47751606815272,128.04274196445778,61.94509323846341,0.6428109245788803,2.834048872147291,0.7415602997911483,8.454190879036782,-1.2147928951583362,0.9004869149859653,0.9604623308687538,7693360000.0,10882270000.0,0.06159359157264822,0.07165237457354302,0.06829155682169678,0.16954777988514044,0.08655616574532374,0.09618114470453733,0.013168545258261038,0.007891786024492678,0.19185176386744268,1.7258868784727168,0.03580125780215623,0.0,0.10026558855053275,0.016880782658722653,0.09807896555259918,3552580000.0,979846000.0,3276754500.0,82.0627246075279,40.3925053625761,139.5583991557146,221.6211237632425,181.2286184006664,-201285000.0,1549150743.7989945,4399455000.0,1325560000.0,Technology
2022-06-26,LRCX,2022,Q4,USD,62069251399.99999,63771803399.99999,13.81164784737575,143.65154144534998,200.42177391982096,42.71200744776684,1.1403066845716696,2.691321710521848,0.36721111326176614,9.47019263803898,-1.479077561905314,0.8896383485232595,0.9671006232150267,7720476000.0,11211674000.0,0.07030471459263608,0.08685639397971796,0.07760187985250858,0.19255551524074896,0.10284007080334019,0.11616037941320445,0.019477180290271717,0.0051263386108761745,0.2832538170088347,1.4300368466542328,0.02723397140461158,0.0,0.08904654893997463,0.015071315207673488,0.0940333568431797,4008069000.0,1009117000.0,3722813000.0,84.0855028796374,35.96824347930562,141.07941027217842,225.16491315181582,189.1966696725102,-1384364000.0,1185130201.5755332,4661403000.0,1367969000.0,Technology
2022-09-25,LRCX,2023,Q1,USD,50841317400.0,51588291400.0,10.166941505730746,43.36651966899464,49.153942402515426,29.086915416237453,0.4211647442956127,2.693773001922277,0.834283975007697,11.265280641182986,-0.9673398908620727,0.8616910762685489,0.9746177496112708,8559282000.0,11903005000.0,0.07616353409985491,0.0945426436135354,0.08340253913847108,0.19235967782820715,0.10698446121295656,0.12422098493550582,0.028045673733859616,0.02064315115485186,0.11774076402922692,1.8489920925136303,0.02760340165321245,0.0,0.08540888165654702,0.014014249955805153,0.08679597903605106,4441776500.0,1078747000.0,4163309500.0,81.05367412405025,37.689061354933315,143.36435798086134,224.4180321049116,186.72897074997826,302551000.0,559895576.931793,5787635000.0,2303949000.0,Technology
2022-12-25,LRCX,2023,Q2,USD,56053017800.0,56571584800.0,10.71925062467208,49.61605841848749,57.914684242262304,31.71047627162062,0.290676080701658,3.0149600103102716,0.7764259891168377,12.178482027325757,-0.6259105412518932,0.888965499707009,0.9725295524697264,9161866000.0,12830239000.0,0.07645932880327637,0.08859823501384728,0.08439131338520305,0.17682980648758193,0.10183664897137476,0.11461282438867627,0.026198535915402575,0.01742651936217429,0.14329053041299367,1.9127777647692417,0.030957056174916897,0.0,0.08761325526961372,0.013848042536251066,0.09399053366690997,4319911500.0,1032847000.0,4590145500.0,69.40845681032309,28.521353085943158,149.52224926065588,218.93070607097897,190.4093529850358,621620000.0,992817019.1818287,6499417000.0,2807042000.0,Technology
2023-03-26,LRCX,2023,Q3,USD,66895319200.0,66595048200.0,17.209939453205255,38.57366913842258,41.44109245846715,61.78783134564605,-0.2785956975399934,3.091423085297216,2.1209103596033456,9.197015807481948,-0.42905895170614566,0.8669601947765629,0.9521193259773724,9288698000.0,12945634000.0,0.0423007186738325,0.04901218843028908,0.04667064414373454,0.09682055829943854,0.05515657480376244,0.0636570033087349,0.012168385019082174,0.02402232352304853,0.06919275409832268,1.303219401503333,0.030870879935207256,0.0,0.11098161061348176,0.01910057683426759,0.0936332795502823,3666114000.0,760669000.0,4850950500.0,75.87217077664205,23.92876719831693,194.0735402660033,269.94571104264537,246.01694384432844,2026709000.0,819774259.516765,6605569000.0,2894054000.0,Technology
2023-06-25,LRCX,2023,Q4,USD,83152454979.7,82826939979.7,25.824852819621253,73.77313231619497,79.3319700396052,86.51263789180454,-0.3400000208899756,3.160972807591451,1.3989697671260017,9.082943742327283,-0.5006616872606279,0.9292763557835378,0.9951854877833769,9043494000.0,12691109000.0,0.04272986127997428,0.04494963366736267,0.047233898544497874,0.09774910927566438,0.05437587859202103,0.05854772217740623,0.009651392736341016,0.012555913114710625,0.07007058718742346,0.8779741975804651,0.024528748397774174,0.0,0.12532547282615644,0.021356255516785837,0.09535603461315924,3042758000.0,536316000.0,4849062500.0,79.22777625865342,24.2195997091122,247.81325323246784,327.04102949112126,302.8214297820091,1369570000.0,1062557516.6144638,6419229000.0,2656941000.0,Technology
2023-09-24,LRCX,2024,Q1,USD,82281630400.0,82139801400.0,23.589413801362525,86.3572294128346,93.96308205145218,70.72238032098085,-0.12211478853836617,3.05934082803707,1.0718561457204097,9.560602676603402,-0.6428488731671996,0.8652223511402748,0.9576725949871191,8746385000.0,12640896000.0,0.04786795362742433,0.054824558347914394,0.05296489167031793,0.11027235120219998,0.06191947016574962,0.07158414081873701,0.01078488595432596,0.010624133184410016,0.08094511666244376,0.8509377866687298,0.022111036506529753,0.0,0.12137319783507589,0.019302068716754613,0.09623238870419475,2817164500.0,499432500.0,4781985500.0,72.65401075569591,26.012756107171,233.83476162332545,306.4887723790214,280.47601627185037,1016000000.0,1237215394.39954,6263330000.0,2502435000.0,Technology
2023-12-24,LRCX,2024,Q2,USD,102670619220.0,102031114220.0,27.148505257354536,70.18042853408903,76.22430770586988,83.33798703754375,-0.5223412466664761,3.0555809252119954,1.5235165037840601,10.094289726798394,-0.5149461783873324,0.8778484174155582,0.9591366939482814,8782229000.0,12707304000.0,0.050802465862699514,0.05665308649580068,0.05611263476582357,0.11605576810299766,0.0639377212895527,0.07285354776969857,0.009294440875585088,0.01303745911117726,0.07929070599240631,1.2675910755324882,0.03067271308337185,0.0,0.12498127457421108,0.01859930356050501,0.09463410380362877,2759205500.0,513933500.0,4588843500.0,64.8361967602552,22.47764398711718,199.26566520258856,264.10186196284377,241.6242179757266,1978069000.0,934742793.7557669,6444885000.0,2493238000.0,Technology
2024-03-31,LRCX,2024,Q3,USD,128456748400.00002,127767967400.00002,33.68024619631491,92.2621649061694,99.7266332183874,103.8544432884106,-0.5598662071432055,2.819003410540962,1.4338359083313144,10.091387225503547,-0.5893190433971782,0.8834973037500514,0.9586499792166884,8058347000.0,12009086000.0,0.05283613198283337,0.057043287490750334,0.05849714475236956,0.12039564198954862,0.06506303519846418,0.07632819552908572,0.007518686344079996,0.009973644950209559,0.07484929623435554,1.1527101265541246,0.027323689264801013,0.0,0.13503787209790913,0.020259081316273537,0.09677417237200932,2455582500.0,515676000.0,4376436500.0,52.28169175217566,24.007923645599497,195.2146188050107,247.49631055718635,223.48838691158684,1969963000.0,1717635548.3637261,6253103000.0,2230887000.0,Technology
2024-06-30,LRCX,2024,Q4,USD,139373446000.0,138796640000.0,35.85080435086389,160.9367021091567,182.22386770331977,107.66506975127837,-0.4474305590031276,2.9695526362252957,0.8452859111500546,10.654621049826888,-0.2732048550338635,0.8838538544435166,0.9613264545571892,8544782000.0,12464373000.0,0.05443034436135857,0.06085503988750331,0.06008850003136106,0.11947859898302632,0.06648935082383889,0.07819917549903549,0.007320490590438582,0.0054650438936553235,0.11681875630485952,1.1402378985253008,0.02602294145406427,0.0,0.12858791163234368,0.02042925403466919,0.09416370298891508,2361478500.0,572807000.0,4270445500.0,58.56440399048742,27.201287382304596,186.87185101572356,245.43625500621098,218.23496762390639,1626204000.0,562501289.1465025,6774381000.0,2677946000.0,Technology
2024-09-29,LRCX,2025,Q1,USD,106030649960.0,104946947960.0,25.179355149837715,66.91035279581197,71.98585068897847,73.2093177418646,-0.7559732378852321,2.525398920539326,1.4048810329940418,11.228244604726347,-0.5274447829339705,0.8625998433103244,0.9664387734986828,8149700000.0,12122313000.0,0.05715830685991939,0.06605480226004937,0.06281281040522624,0.13178214875521888,0.0742111614195718,0.08909182152473946,0.010529445970775222,0.01374963749208352,0.07050688218016145,1.172787528500981,0.026532782338477955,0.0,0.1188485730244128,0.019196607658009547,0.09002150212397406,2728233500.0,659106500.0,4213901000.0,63.42395685579763,29.271895304700102,174.98279447631336,238.40675133211099,209.13485602741088,2541585000.0,1534003412.5574257,6713547000.0,2431770000.0,Technology
2024-12-29,LRCX,2025,Q2,USD,92864914350.0,92181819350.0,21.065088960424784,124.24396967687501,108.12736132452817,61.8817364875524,-0.45856227490442353,2.544316613510729,0.6229477640136422,11.936428157667242,-0.5506336293196613,0.8834488252756008,0.967491361338266,8262551000.0,12337162000.0,0.060031403358764224,0.06775730362420075,0.06587891571912996,0.13521962809828217,0.0785939328913929,0.09205790075930217,0.012825274306625147,0.009180323978837546,0.14905208223823427,1.1495634095634095,0.02527120938143489,0.0,0.1131036755318213,0.018729003596167956,0.08876151491770429,3121081500.0,763262500.0,4284015000.0,67.97119409366489,32.13326061867093,170.30935283660997,238.28054693027485,206.14728631160392,1535625000.0,1324974348.3361595,7047005000.0,2580957000.0,Technology
2025-03-30,LRCX,2025,Q3,USD,93330733300.0,92364355300.0,19.567993834974338,70.57917531098533,90.499610819073,55.00330522357885,-0.5754815688661195,2.451858294724168,0.9834639319980131,13.144714968680882,-0.2755248372188671,0.8659115104599134,0.9714370241505828,7970477000.0,12137928000.0,0.06663893939947847,0.07846413452335203,0.07322194795791705,0.13990666699610613,0.08877866638081566,0.1078677194025748,0.014257543608092489,0.010935358203169716,0.2201162560567541,2.959206106242873,0.061026974635474324,0.0,0.1114162080855053,0.01845588352126775,0.08990485424154573,3266564000.0,837793000.0,4410713500.0,61.55203567664334,31.912765859307896,166.92149849843486,228.4735341750782,196.5607683157703,1986983000.0,1471151345.6886208,7715857000.0,3003117000.0,Technology
